run_id,run_type,country_id,policy_variant_id,scenario_id,regime_id,channel,channel_contribution_mfc,channel_share_mfc,v_baseline_recomputed,v_without_channel,delta_v,crossing_survives_without_channel,parameter_set_id,dataset_version,diagnostic_block,policy_id,gmi_version,informality_observed,q_bar_baseline,q_bar_no_informality,delta_q_bar,q_prod_baseline,q_prod_no_informality,delta_q_prod,v_no_informality_adoption,baseline_crosses_v1,variant_crosses_v1,crossing_changed,asymmetry_note
official_4c_diagnostics_6b_baseline_official_v3,diagnostic,CHL,GMI:GMI_ideal_aggregate,mid,r0,labor,0.0363528926279097,0.4069484871035852,-0.6119963968804701,-1.3797615179711673,-0.7677651210906972,False,baseline-official-v3,v1.0.1-official-4c,channel_ablation,,,,,,,,,,,,,,
official_4c_diagnostics_6b_baseline_official_v3,diagnostic,CHL,GMI:GMI_ideal_aggregate,mid,r0,capital,0.0206879916993501,0.2315894641296977,-0.6119963968804701,-1.0489222452510725,-0.4369258483706023,False,baseline-official-v3,v1.0.1-official-4c,channel_ablation,,,,,,,,,,,,,,
official_4c_diagnostics_6b_baseline_official_v3,diagnostic,CHL,GMI:GMI_ideal_aggregate,mid,r0,consumption,0.0322895684940488,0.3614620487667171,-0.6119963968804701,-1.2939450032416244,-0.6819486063611543,False,baseline-official-v3,v1.0.1-official-4c,channel_ablation,,,,,,,,,,,,,,
official_4c_diagnostics_6b_baseline_official_v3,diagnostic,CHL,GMI:GMI_ideal_aggregate,mid,r0,ai_rent,0.0,0.0,-0.6119963968804701,-0.6119963968804701,0.0,False,baseline-official-v3,v1.0.1-official-4c,channel_ablation,,,,,,,,,,,,,,
official_4c_diagnostics_6b_baseline_official_v3,diagnostic,PER,PEN,stress,r4,labor,0.043411226063383,0.4282269794228593,1.402956888234968,0.6709977280692482,-0.7319591601657197,False,baseline-official-v3,v1.0.1-official-4c,channel_ablation,,,,,,,,,,,,,,
official_4c_diagnostics_6b_baseline_official_v3,diagnostic,PER,PEN,stress,r4,capital,0.0169468443714733,0.1671709517107282,1.402956888234968,1.11721517811852,-0.2857417101164479,True,baseline-official-v3,v1.0.1-official-4c,channel_ablation,,,,,,,,,,,,,,
official_4c_diagnostics_6b_baseline_official_v3,diagnostic,PER,PEN,stress,r4,consumption,0.0333362664224109,0.3288432502335146,1.402956888234968,0.8408721975611322,-0.5620846906738357,False,baseline-official-v3,v1.0.1-official-4c,channel_ablation,,,,,,,,,,,,,,
official_4c_diagnostics_6b_baseline_official_v3,diagnostic,PER,PEN,stress,r4,ai_rent,0.00768,0.0757588186328977,1.402956888234968,1.2734639699316452,-0.1294929183033226,True,baseline-official-v3,v1.0.1-official-4c,channel_ablation,,,,,,,,,,,,,,
official_4c_diagnostics_6b_baseline_official_v3,diagnostic,CHL,GMI:GMI_ideal_aggregate,stress,r0,labor,0.0349708817584992,0.4217321049804531,3.901937871138183,1.2026103908922423,-2.69932748024594,True,baseline-official-v3,v1.0.1-official-4c,channel_ablation,,,,,,,,,,,,,,
official_4c_diagnostics_6b_baseline_official_v3,diagnostic,CHL,GMI:GMI_ideal_aggregate,stress,r0,capital,0.0161331807789729,0.1945584425617988,3.901937871138183,2.656652192578671,-1.2452856785595117,True,baseline-official-v3,v1.0.1-official-4c,channel_ablation,,,,,,,,,,,,,,
official_4c_diagnostics_6b_baseline_official_v3,diagnostic,CHL,GMI:GMI_ideal_aggregate,stress,r0,consumption,0.0318179662706502,0.383709452457748,3.901937871138183,1.4459771861025286,-2.455960685035654,True,baseline-official-v3,v1.0.1-official-4c,channel_ablation,,,,,,,,,,,,,,
official_4c_diagnostics_6b_baseline_official_v3,diagnostic,CHL,GMI:GMI_ideal_aggregate,stress,r0,ai_rent,0.0,0.0,3.901937871138183,3.901937871138183,0.0,True,baseline-official-v3,v1.0.1-official-4c,channel_ablation,,,,,,,,,,,,,,
official_4c_phase_b_closure_baseline_official_v3,diagnostic,PER,PEN,low,r0,,,,-0.2618923549364835,,0.0,,baseline-official-v3,v1.0.1-official-4c,informality_adoption_ablation,PEN,,0.6746800000000001,0.5301193837172034,0.8674593837172033,0.33734,0.1106241740078193,0.1106241740078193,0.0,-0.2618923549364835,False,False,False,Informality is removed only from adoption q_bar and logit; fiscal-side informality is embedded in observed effective tax rates and is not separately ablated.
official_4c_phase_b_closure_baseline_official_v3,diagnostic,PER,PEN,low,r1,,,,-0.2548554657748171,,0.0,,baseline-official-v3,v1.0.1-official-4c,informality_adoption_ablation,PEN,,0.6746800000000001,0.5301193837172034,0.8674593837172033,0.33734,0.1106241740078193,0.1106241740078193,0.0,-0.2548554657748171,False,False,False,Informality is removed only from adoption q_bar and logit; fiscal-side informality is embedded in observed effective tax rates and is not separately ablated.
official_4c_phase_b_closure_baseline_official_v3,diagnostic,PER,PEN,low,r2,,,,-0.25244264894528773,,0.0,,baseline-official-v3,v1.0.1-official-4c,informality_adoption_ablation,PEN,,0.6746800000000001,0.5301193837172034,0.8674593837172033,0.33734,0.1106241740078193,0.1106241740078193,0.0,-0.25244264894528773,False,False,False,Informality is removed only from adoption q_bar and logit; fiscal-side informality is embedded in observed effective tax rates and is not separately ablated.
official_4c_phase_b_closure_baseline_official_v3,diagnostic,PER,PEN,low,r3,,,,-0.2622964911801421,,0.0,,baseline-official-v3,v1.0.1-official-4c,informality_adoption_ablation,PEN,,0.6746800000000001,0.5301193837172034,0.8674593837172033,0.33734,0.1106241740078193,0.1106241740078193,0.0,-0.2622964911801421,False,False,False,Informality is removed only from adoption q_bar and logit; fiscal-side informality is embedded in observed effective tax rates and is not separately ablated.
official_4c_phase_b_closure_baseline_official_v3,diagnostic,PER,PEN,low,r4,,,,-0.2433430876856666,,0.0,,baseline-official-v3,v1.0.1-official-4c,informality_adoption_ablation,PEN,,0.6746800000000001,0.5301193837172034,0.8674593837172033,0.33734,0.1106241740078193,0.1106241740078193,0.0,-0.2433430876856666,False,False,False,Informality is removed only from adoption q_bar and logit; fiscal-side informality is embedded in observed effective tax rates and is not separately ablated.
official_4c_phase_b_closure_baseline_official_v3,diagnostic,PER,PEN,mid,r0,,,,0.07818985937018477,,0.0,,baseline-official-v3,v1.0.1-official-4c,informality_adoption_ablation,PEN,,0.6746800000000001,0.5301193837172034,0.8674593837172033,0.33734,0.1106241740078193,0.1106241740078193,0.0,0.07818985937018477,False,False,False,Informality is removed only from adoption q_bar and logit; fiscal-side informality is embedded in observed effective tax rates and is not separately ablated.
official_4c_phase_b_closure_baseline_official_v3,diagnostic,PER,PEN,mid,r1,,,,0.1029657343680464,,0.0,,baseline-official-v3,v1.0.1-official-4c,informality_adoption_ablation,PEN,,0.6746800000000001,0.5301193837172034,0.8674593837172033,0.33734,0.1106241740078193,0.1106241740078193,0.0,0.1029657343680464,False,False,False,Informality is removed only from adoption q_bar and logit; fiscal-side informality is embedded in observed effective tax rates and is not separately ablated.
official_4c_phase_b_closure_baseline_official_v3,diagnostic,PER,PEN,mid,r2,,,,0.12087002637210072,,0.0,,baseline-official-v3,v1.0.1-official-4c,informality_adoption_ablation,PEN,,0.6746800000000001,0.5301193837172034,0.8674593837172033,0.33734,0.1106241740078193,0.1106241740078193,0.0,0.12087002637210072,False,False,False,Informality is removed only from adoption q_bar and logit; fiscal-side informality is embedded in observed effective tax rates and is not separately ablated.
official_4c_phase_b_closure_baseline_official_v3,diagnostic,PER,PEN,mid,r3,,,,0.07112555861840597,,0.0,,baseline-official-v3,v1.0.1-official-4c,informality_adoption_ablation,PEN,,0.6746800000000001,0.5301193837172034,0.8674593837172033,0.33734,0.1106241740078193,0.1106241740078193,0.0,0.07112555861840597,False,False,False,Informality is removed only from adoption q_bar and logit; fiscal-side informality is embedded in observed effective tax rates and is not separately ablated.
official_4c_phase_b_closure_baseline_official_v3,diagnostic,PER,PEN,mid,r4,,,,0.17144060151484913,,0.0,,baseline-official-v3,v1.0.1-official-4c,informality_adoption_ablation,PEN,,0.6746800000000001,0.5301193837172034,0.8674593837172033,0.33734,0.1106241740078193,0.1106241740078193,0.0,0.17144060151484913,False,False,False,Informality is removed only from adoption q_bar and logit; fiscal-side informality is embedded in observed effective tax rates and is not separately ablated.
official_4c_phase_b_closure_baseline_official_v3,diagnostic,PER,PEN,high,r0,,,,0.02855624842159968,,0.0,,baseline-official-v3,v1.0.1-official-4c,informality_adoption_ablation,PEN,,0.6746800000000001,0.5301193837172034,0.8674593837172033,0.33734,0.1106241740078193,0.1106241740078193,0.0,0.02855624842159968,False,False,False,Informality is removed only from adoption q_bar and logit; fiscal-side informality is embedded in observed effective tax rates and is not separately ablated.
official_4c_phase_b_closure_baseline_official_v3,diagnostic,PER,PEN,high,r1,,,,0.05068530229110343,,0.0,,baseline-official-v3,v1.0.1-official-4c,informality_adoption_ablation,PEN,,0.6746800000000001,0.5301193837172034,0.8674593837172033,0.33734,0.1106241740078193,0.1106241740078193,0.0,0.05068530229110343,False,False,False,Informality is removed only from adoption q_bar and logit; fiscal-side informality is embedded in observed effective tax rates and is not separately ablated.
official_4c_phase_b_closure_baseline_official_v3,diagnostic,PER,PEN,high,r2,,,,0.06632329452973793,,0.0,,baseline-official-v3,v1.0.1-official-4c,informality_adoption_ablation,PEN,,0.6746800000000001,0.5301193837172034,0.8674593837172033,0.33734,0.1106241740078193,0.1106241740078193,0.0,0.06632329452973793,False,False,False,Informality is removed only from adoption q_bar and logit; fiscal-side informality is embedded in observed effective tax rates and is not separately ablated.
official_4c_phase_b_closure_baseline_official_v3,diagnostic,PER,PEN,high,r3,,,,0.028744404125143792,,0.0,,baseline-official-v3,v1.0.1-official-4c,informality_adoption_ablation,PEN,,0.6746800000000001,0.5301193837172034,0.8674593837172033,0.33734,0.1106241740078193,0.1106241740078193,0.0,0.028744404125143792,False,False,False,Informality is removed only from adoption q_bar and logit; fiscal-side informality is embedded in observed effective tax rates and is not separately ablated.
official_4c_phase_b_closure_baseline_official_v3,diagnostic,PER,PEN,high,r4,,,,0.12079932861002553,,0.0,,baseline-official-v3,v1.0.1-official-4c,informality_adoption_ablation,PEN,,0.6746800000000001,0.5301193837172034,0.8674593837172033,0.33734,0.1106241740078193,0.1106241740078193,0.0,0.12079932861002553,False,False,False,Informality is removed only from adoption q_bar and logit; fiscal-side informality is embedded in observed effective tax rates and is not separately ablated.
official_4c_phase_b_closure_baseline_official_v3,diagnostic,PER,PEN,stress,r0,,,,1.0152041145854496,,0.0,,baseline-official-v3,v1.0.1-official-4c,informality_adoption_ablation,PEN,,0.6746800000000001,0.5301193837172034,0.8674593837172033,0.33734,0.1106241740078193,0.1106241740078193,0.0,1.0152041145854496,True,True,False,Informality is removed only from adoption q_bar and logit; fiscal-side informality is embedded in observed effective tax rates and is not separately ablated.
official_4c_phase_b_closure_baseline_official_v3,diagnostic,PER,PEN,stress,r1,,,,1.0883366536209245,,0.0,,baseline-official-v3,v1.0.1-official-4c,informality_adoption_ablation,PEN,,0.6746800000000001,0.5301193837172034,0.8674593837172033,0.33734,0.1106241740078193,0.1106241740078193,0.0,1.0883366536209245,True,True,False,Informality is removed only from adoption q_bar and logit; fiscal-side informality is embedded in observed effective tax rates and is not separately ablated.
official_4c_phase_b_closure_baseline_official_v3,diagnostic,PER,PEN,stress,r2,,,,1.1488757198180228,,0.0,,baseline-official-v3,v1.0.1-official-4c,informality_adoption_ablation,PEN,,0.6746800000000001,0.5301193837172034,0.8674593837172033,0.33734,0.1106241740078193,0.1106241740078193,0.0,1.1488757198180228,True,True,False,Informality is removed only from adoption q_bar and logit; fiscal-side informality is embedded in observed effective tax rates and is not separately ablated.
official_4c_phase_b_closure_baseline_official_v3,diagnostic,PER,PEN,stress,r3,,,,1.0460769728192068,,0.0,,baseline-official-v3,v1.0.1-official-4c,informality_adoption_ablation,PEN,,0.6746800000000001,0.5301193837172034,0.8674593837172033,0.33734,0.1106241740078193,0.1106241740078193,0.0,1.0460769728192068,True,True,False,Informality is removed only from adoption q_bar and logit; fiscal-side informality is embedded in observed effective tax rates and is not separately ablated.
official_4c_phase_b_closure_baseline_official_v3,diagnostic,PER,PEN,stress,r4,,,,1.402956888234968,,0.0,,baseline-official-v3,v1.0.1-official-4c,informality_adoption_ablation,PEN,,0.6746800000000001,0.5301193837172034,0.8674593837172033,0.33734,0.1106241740078193,0.1106241740078193,0.0,1.402956888234968,True,True,False,Informality is removed only from adoption q_bar and logit; fiscal-side informality is embedded in observed effective tax rates and is not separately ablated.
official_4c_phase_b_closure_baseline_official_v3,diagnostic,PER,GMI:GMI_ideal_aggregate,low,r0,,,,-0.12060164834825654,,0.0,,baseline-official-v3,v1.0.1-official-4c,informality_adoption_ablation,GMI,GMI_ideal_aggregate,0.6746800000000001,0.5301193837172034,0.8674593837172033,0.33734,0.1106241740078193,0.1106241740078193,0.0,-0.12060164834825654,False,False,False,Informality is removed only from adoption q_bar and logit; fiscal-side informality is embedded in observed effective tax rates and is not separately ablated.
official_4c_phase_b_closure_baseline_official_v3,diagnostic,PER,GMI:GMI_ideal_aggregate,low,r1,,,,-0.1182615816403593,,0.0,,baseline-official-v3,v1.0.1-official-4c,informality_adoption_ablation,GMI,GMI_ideal_aggregate,0.6746800000000001,0.5301193837172034,0.8674593837172033,0.33734,0.1106241740078193,0.1106241740078193,0.0,-0.1182615816403593,False,False,False,Informality is removed only from adoption q_bar and logit; fiscal-side informality is embedded in observed effective tax rates and is not separately ablated.
official_4c_phase_b_closure_baseline_official_v3,diagnostic,PER,GMI:GMI_ideal_aggregate,low,r2,,,,-0.11777906771752111,,0.0,,baseline-official-v3,v1.0.1-official-4c,informality_adoption_ablation,GMI,GMI_ideal_aggregate,0.6746800000000001,0.5301193837172034,0.8674593837172033,0.33734,0.1106241740078193,0.1106241740078193,0.0,-0.11777906771752111,False,False,False,Informality is removed only from adoption q_bar and logit; fiscal-side informality is embedded in observed effective tax rates and is not separately ablated.
official_4c_phase_b_closure_baseline_official_v3,diagnostic,PER,GMI:GMI_ideal_aggregate,low,r3,,,,-0.12030933408572968,,0.0,,baseline-official-v3,v1.0.1-official-4c,informality_adoption_ablation,GMI,GMI_ideal_aggregate,0.6746800000000001,0.5301193837172034,0.8674593837172033,0.33734,0.1106241740078193,0.1106241740078193,0.0,-0.12030933408572968,False,False,False,Informality is removed only from adoption q_bar and logit; fiscal-side informality is embedded in observed effective tax rates and is not separately ablated.
official_4c_phase_b_closure_baseline_official_v3,diagnostic,PER,GMI:GMI_ideal_aggregate,low,r4,,,,-0.11502650885798917,,0.0,,baseline-official-v3,v1.0.1-official-4c,informality_adoption_ablation,GMI,GMI_ideal_aggregate,0.6746800000000001,0.5301193837172034,0.8674593837172033,0.33734,0.1106241740078193,0.1106241740078193,0.0,-0.11502650885798917,False,False,False,Informality is removed only from adoption q_bar and logit; fiscal-side informality is embedded in observed effective tax rates and is not separately ablated.
official_4c_phase_b_closure_baseline_official_v3,diagnostic,PER,GMI:GMI_ideal_aggregate,mid,r0,,,,-0.052592174398833395,,0.0,,baseline-official-v3,v1.0.1-official-4c,informality_adoption_ablation,GMI,GMI_ideal_aggregate,0.6746800000000001,0.5301193837172034,0.8674593837172033,0.33734,0.1106241740078193,0.1106241740078193,0.0,-0.052592174398833395,False,False,False,Informality is removed only from adoption q_bar and logit; fiscal-side informality is embedded in observed effective tax rates and is not separately ablated.
official_4c_phase_b_closure_baseline_official_v3,diagnostic,PER,GMI:GMI_ideal_aggregate,mid,r1,,,,-0.04670467402823946,,0.0,,baseline-official-v3,v1.0.1-official-4c,informality_adoption_ablation,GMI,GMI_ideal_aggregate,0.6746800000000001,0.5301193837172034,0.8674593837172033,0.33734,0.1106241740078193,0.1106241740078193,0.0,-0.04670467402823946,False,False,False,Informality is removed only from adoption q_bar and logit; fiscal-side informality is embedded in observed effective tax rates and is not separately ablated.
official_4c_phase_b_closure_baseline_official_v3,diagnostic,PER,GMI:GMI_ideal_aggregate,mid,r2,,,,-0.04312418251939927,,0.0,,baseline-official-v3,v1.0.1-official-4c,informality_adoption_ablation,GMI,GMI_ideal_aggregate,0.6746800000000001,0.5301193837172034,0.8674593837172033,0.33734,0.1106241740078193,0.1106241740078193,0.0,-0.04312418251939927,False,False,False,Informality is removed only from adoption q_bar and logit; fiscal-side informality is embedded in observed effective tax rates and is not separately ablated.
official_4c_phase_b_closure_baseline_official_v3,diagnostic,PER,GMI:GMI_ideal_aggregate,mid,r3,,,,-0.053631756558874005,,0.0,,baseline-official-v3,v1.0.1-official-4c,informality_adoption_ablation,GMI,GMI_ideal_aggregate,0.6746800000000001,0.5301193837172034,0.8674593837172033,0.33734,0.1106241740078193,0.1106241740078193,0.0,-0.053631756558874005,False,False,False,Informality is removed only from adoption q_bar and logit; fiscal-side informality is embedded in observed effective tax rates and is not separately ablated.
official_4c_phase_b_closure_baseline_official_v3,diagnostic,PER,GMI:GMI_ideal_aggregate,mid,r4,,,,-0.03207827070081667,,0.0,,baseline-official-v3,v1.0.1-official-4c,informality_adoption_ablation,GMI,GMI_ideal_aggregate,0.6746800000000001,0.5301193837172034,0.8674593837172033,0.33734,0.1106241740078193,0.1106241740078193,0.0,-0.03207827070081667,False,False,False,Informality is removed only from adoption q_bar and logit; fiscal-side informality is embedded in observed effective tax rates and is not separately ablated.
official_4c_phase_b_closure_baseline_official_v3,diagnostic,PER,GMI:GMI_ideal_aggregate,high,r0,,,,-0.06251787950430446,,0.0,,baseline-official-v3,v1.0.1-official-4c,informality_adoption_ablation,GMI,GMI_ideal_aggregate,0.6746800000000001,0.5301193837172034,0.8674593837172033,0.33734,0.1106241740078193,0.1106241740078193,0.0,-0.06251787950430446,False,False,False,Informality is removed only from adoption q_bar and logit; fiscal-side informality is embedded in observed effective tax rates and is not separately ablated.
official_4c_phase_b_closure_baseline_official_v3,diagnostic,PER,GMI:GMI_ideal_aggregate,high,r1,,,,-0.05715968912113467,,0.0,,baseline-official-v3,v1.0.1-official-4c,informality_adoption_ablation,GMI,GMI_ideal_aggregate,0.6746800000000001,0.5301193837172034,0.8674593837172033,0.33734,0.1106241740078193,0.1106241740078193,0.0,-0.05715968912113467,False,False,False,Informality is removed only from adoption q_bar and logit; fiscal-side informality is embedded in observed effective tax rates and is not separately ablated.
official_4c_phase_b_closure_baseline_official_v3,diagnostic,PER,GMI:GMI_ideal_aggregate,high,r2,,,,-0.05403241112471567,,0.0,,baseline-official-v3,v1.0.1-official-4c,informality_adoption_ablation,GMI,GMI_ideal_aggregate,0.6746800000000001,0.5301193837172034,0.8674593837172033,0.33734,0.1106241740078193,0.1106241740078193,0.0,-0.05403241112471567,False,False,False,Informality is removed only from adoption q_bar and logit; fiscal-side informality is embedded in observed effective tax rates and is not separately ablated.
official_4c_phase_b_closure_baseline_official_v3,diagnostic,PER,GMI:GMI_ideal_aggregate,high,r3,,,,-0.06210711898949164,,0.0,,baseline-official-v3,v1.0.1-official-4c,informality_adoption_ablation,GMI,GMI_ideal_aggregate,0.6746800000000001,0.5301193837172034,0.8674593837172033,0.33734,0.1106241740078193,0.1106241740078193,0.0,-0.06210711898949164,False,False,False,Informality is removed only from adoption q_bar and logit; fiscal-side informality is embedded in observed effective tax rates and is not separately ablated.
official_4c_phase_b_closure_baseline_official_v3,diagnostic,PER,GMI:GMI_ideal_aggregate,high,r4,,,,-0.04220548754868314,,0.0,,baseline-official-v3,v1.0.1-official-4c,informality_adoption_ablation,GMI,GMI_ideal_aggregate,0.6746800000000001,0.5301193837172034,0.8674593837172033,0.33734,0.1106241740078193,0.1106241740078193,0.0,-0.04220548754868314,False,False,False,Informality is removed only from adoption q_bar and logit; fiscal-side informality is embedded in observed effective tax rates and is not separately ablated.
official_4c_phase_b_closure_baseline_official_v3,diagnostic,PER,GMI:GMI_ideal_aggregate,stress,r0,,,,0.13479147549364834,,0.0,,baseline-official-v3,v1.0.1-official-4c,informality_adoption_ablation,GMI,GMI_ideal_aggregate,0.6746800000000001,0.5301193837172034,0.8674593837172033,0.33734,0.1106241740078193,0.1106241740078193,0.0,0.13479147549364834,False,False,False,Informality is removed only from adoption q_bar and logit; fiscal-side informality is embedded in observed effective tax rates and is not separately ablated.
official_4c_phase_b_closure_baseline_official_v3,diagnostic,PER,GMI:GMI_ideal_aggregate,stress,r1,,,,0.1503493177545167,,0.0,,baseline-official-v3,v1.0.1-official-4c,informality_adoption_ablation,GMI,GMI_ideal_aggregate,0.6746800000000001,0.5301193837172034,0.8674593837172033,0.33734,0.1106241740078193,0.1106241740078193,0.0,0.1503493177545167,False,False,False,Informality is removed only from adoption q_bar and logit; fiscal-side informality is embedded in observed effective tax rates and is not separately ablated.
official_4c_phase_b_closure_baseline_official_v3,diagnostic,PER,GMI:GMI_ideal_aggregate,stress,r2,,,,0.16245589043679542,,0.0,,baseline-official-v3,v1.0.1-official-4c,informality_adoption_ablation,GMI,GMI_ideal_aggregate,0.6746800000000001,0.5301193837172034,0.8674593837172033,0.33734,0.1106241740078193,0.1106241740078193,0.0,0.16245589043679542,False,False,False,Informality is removed only from adoption q_bar and logit; fiscal-side informality is embedded in observed effective tax rates and is not separately ablated.
official_4c_phase_b_closure_baseline_official_v3,diagnostic,PER,GMI:GMI_ideal_aggregate,stress,r3,,,,0.14133854772834584,,0.0,,baseline-official-v3,v1.0.1-official-4c,informality_adoption_ablation,GMI,GMI_ideal_aggregate,0.6746800000000001,0.5301193837172034,0.8674593837172033,0.33734,0.1106241740078193,0.1106241740078193,0.0,0.14133854772834584,False,False,False,Informality is removed only from adoption q_bar and logit; fiscal-side informality is embedded in observed effective tax rates and is not separately ablated.
official_4c_phase_b_closure_baseline_official_v3,diagnostic,PER,GMI:GMI_ideal_aggregate,stress,r4,,,,0.21419975060275132,,0.0,,baseline-official-v3,v1.0.1-official-4c,informality_adoption_ablation,GMI,GMI_ideal_aggregate,0.6746800000000001,0.5301193837172034,0.8674593837172033,0.33734,0.1106241740078193,0.1106241740078193,0.0,0.21419975060275132,False,False,False,Informality is removed only from adoption q_bar and logit; fiscal-side informality is embedded in observed effective tax rates and is not separately ablated.
official_4c_phase_b_closure_baseline_official_v3,diagnostic,PER,GMI:GMI_loaded_aggregate,low,r0,,,,-0.08040109889883769,,0.0,,baseline-official-v3,v1.0.1-official-4c,informality_adoption_ablation,GMI,GMI_loaded_aggregate,0.6746800000000001,0.5301193837172034,0.8674593837172033,0.33734,0.1106241740078193,0.1106241740078193,0.0,-0.08040109889883769,False,False,False,Informality is removed only from adoption q_bar and logit; fiscal-side informality is embedded in observed effective tax rates and is not separately ablated.
official_4c_phase_b_closure_baseline_official_v3,diagnostic,PER,GMI:GMI_loaded_aggregate,low,r1,,,,-0.0788410544269062,,0.0,,baseline-official-v3,v1.0.1-official-4c,informality_adoption_ablation,GMI,GMI_loaded_aggregate,0.6746800000000001,0.5301193837172034,0.8674593837172033,0.33734,0.1106241740078193,0.1106241740078193,0.0,-0.0788410544269062,False,False,False,Informality is removed only from adoption q_bar and logit; fiscal-side informality is embedded in observed effective tax rates and is not separately ablated.
official_4c_phase_b_closure_baseline_official_v3,diagnostic,PER,GMI:GMI_loaded_aggregate,low,r2,,,,-0.07851937847834742,,0.0,,baseline-official-v3,v1.0.1-official-4c,informality_adoption_ablation,GMI,GMI_loaded_aggregate,0.6746800000000001,0.5301193837172034,0.8674593837172033,0.33734,0.1106241740078193,0.1106241740078193,0.0,-0.07851937847834742,False,False,False,Informality is removed only from adoption q_bar and logit; fiscal-side informality is embedded in observed effective tax rates and is not separately ablated.
official_4c_phase_b_closure_baseline_official_v3,diagnostic,PER,GMI:GMI_loaded_aggregate,low,r3,,,,-0.08020622272381979,,0.0,,baseline-official-v3,v1.0.1-official-4c,informality_adoption_ablation,GMI,GMI_loaded_aggregate,0.6746800000000001,0.5301193837172034,0.8674593837172033,0.33734,0.1106241740078193,0.1106241740078193,0.0,-0.08020622272381979,False,False,False,Informality is removed only from adoption q_bar and logit; fiscal-side informality is embedded in observed effective tax rates and is not separately ablated.
official_4c_phase_b_closure_baseline_official_v3,diagnostic,PER,GMI:GMI_loaded_aggregate,low,r4,,,,-0.07668433923865944,,0.0,,baseline-official-v3,v1.0.1-official-4c,informality_adoption_ablation,GMI,GMI_loaded_aggregate,0.6746800000000001,0.5301193837172034,0.8674593837172033,0.33734,0.1106241740078193,0.1106241740078193,0.0,-0.07668433923865944,False,False,False,Informality is removed only from adoption q_bar and logit; fiscal-side informality is embedded in observed effective tax rates and is not separately ablated.
official_4c_phase_b_closure_baseline_official_v3,diagnostic,PER,GMI:GMI_loaded_aggregate,mid,r0,,,,-0.035061449599222264,,0.0,,baseline-official-v3,v1.0.1-official-4c,informality_adoption_ablation,GMI,GMI_loaded_aggregate,0.6746800000000001,0.5301193837172034,0.8674593837172033,0.33734,0.1106241740078193,0.1106241740078193,0.0,-0.035061449599222264,False,False,False,Informality is removed only from adoption q_bar and logit; fiscal-side informality is embedded in observed effective tax rates and is not separately ablated.
official_4c_phase_b_closure_baseline_official_v3,diagnostic,PER,GMI:GMI_loaded_aggregate,mid,r1,,,,-0.031136449352159645,,0.0,,baseline-official-v3,v1.0.1-official-4c,informality_adoption_ablation,GMI,GMI_loaded_aggregate,0.6746800000000001,0.5301193837172034,0.8674593837172033,0.33734,0.1106241740078193,0.1106241740078193,0.0,-0.031136449352159645,False,False,False,Informality is removed only from adoption q_bar and logit; fiscal-side informality is embedded in observed effective tax rates and is not separately ablated.
official_4c_phase_b_closure_baseline_official_v3,diagnostic,PER,GMI:GMI_loaded_aggregate,mid,r2,,,,-0.028749455012932846,,0.0,,baseline-official-v3,v1.0.1-official-4c,informality_adoption_ablation,GMI,GMI_loaded_aggregate,0.6746800000000001,0.5301193837172034,0.8674593837172033,0.33734,0.1106241740078193,0.1106241740078193,0.0,-0.028749455012932846,False,False,False,Informality is removed only from adoption q_bar and logit; fiscal-side informality is embedded in observed effective tax rates and is not separately ablated.
official_4c_phase_b_closure_baseline_official_v3,diagnostic,PER,GMI:GMI_loaded_aggregate,mid,r3,,,,-0.03575450437258267,,0.0,,baseline-official-v3,v1.0.1-official-4c,informality_adoption_ablation,GMI,GMI_loaded_aggregate,0.6746800000000001,0.5301193837172034,0.8674593837172033,0.33734,0.1106241740078193,0.1106241740078193,0.0,-0.03575450437258267,False,False,False,Informality is removed only from adoption q_bar and logit; fiscal-side informality is embedded in observed effective tax rates and is not separately ablated.
official_4c_phase_b_closure_baseline_official_v3,diagnostic,PER,GMI:GMI_loaded_aggregate,mid,r4,,,,-0.021385513800544445,,0.0,,baseline-official-v3,v1.0.1-official-4c,informality_adoption_ablation,GMI,GMI_loaded_aggregate,0.6746800000000001,0.5301193837172034,0.8674593837172033,0.33734,0.1106241740078193,0.1106241740078193,0.0,-0.021385513800544445,False,False,False,Informality is removed only from adoption q_bar and logit; fiscal-side informality is embedded in observed effective tax rates and is not separately ablated.
official_4c_phase_b_closure_baseline_official_v3,diagnostic,PER,GMI:GMI_loaded_aggregate,high,r0,,,,-0.04167858633620298,,0.0,,baseline-official-v3,v1.0.1-official-4c,informality_adoption_ablation,GMI,GMI_loaded_aggregate,0.6746800000000001,0.5301193837172034,0.8674593837172033,0.33734,0.1106241740078193,0.1106241740078193,0.0,-0.04167858633620298,False,False,False,Informality is removed only from adoption q_bar and logit; fiscal-side informality is embedded in observed effective tax rates and is not separately ablated.
official_4c_phase_b_closure_baseline_official_v3,diagnostic,PER,GMI:GMI_loaded_aggregate,high,r1,,,,-0.038106459414089786,,0.0,,baseline-official-v3,v1.0.1-official-4c,informality_adoption_ablation,GMI,GMI_loaded_aggregate,0.6746800000000001,0.5301193837172034,0.8674593837172033,0.33734,0.1106241740078193,0.1106241740078193,0.0,-0.038106459414089786,False,False,False,Informality is removed only from adoption q_bar and logit; fiscal-side informality is embedded in observed effective tax rates and is not separately ablated.
official_4c_phase_b_closure_baseline_official_v3,diagnostic,PER,GMI:GMI_loaded_aggregate,high,r2,,,,-0.036021607416477114,,0.0,,baseline-official-v3,v1.0.1-official-4c,informality_adoption_ablation,GMI,GMI_loaded_aggregate,0.6746800000000001,0.5301193837172034,0.8674593837172033,0.33734,0.1106241740078193,0.1106241740078193,0.0,-0.036021607416477114,False,False,False,Informality is removed only from adoption q_bar and logit; fiscal-side informality is embedded in observed effective tax rates and is not separately ablated.
official_4c_phase_b_closure_baseline_official_v3,diagnostic,PER,GMI:GMI_loaded_aggregate,high,r3,,,,-0.04140474599299443,,0.0,,baseline-official-v3,v1.0.1-official-4c,informality_adoption_ablation,GMI,GMI_loaded_aggregate,0.6746800000000001,0.5301193837172034,0.8674593837172033,0.33734,0.1106241740078193,0.1106241740078193,0.0,-0.04140474599299443,False,False,False,Informality is removed only from adoption q_bar and logit; fiscal-side informality is embedded in observed effective tax rates and is not separately ablated.
official_4c_phase_b_closure_baseline_official_v3,diagnostic,PER,GMI:GMI_loaded_aggregate,high,r4,,,,-0.028136991699122097,,0.0,,baseline-official-v3,v1.0.1-official-4c,informality_adoption_ablation,GMI,GMI_loaded_aggregate,0.6746800000000001,0.5301193837172034,0.8674593837172033,0.33734,0.1106241740078193,0.1106241740078193,0.0,-0.028136991699122097,False,False,False,Informality is removed only from adoption q_bar and logit; fiscal-side informality is embedded in observed effective tax rates and is not separately ablated.
official_4c_phase_b_closure_baseline_official_v3,diagnostic,PER,GMI:GMI_loaded_aggregate,stress,r0,,,,0.08986098366243224,,0.0,,baseline-official-v3,v1.0.1-official-4c,informality_adoption_ablation,GMI,GMI_loaded_aggregate,0.6746800000000001,0.5301193837172034,0.8674593837172033,0.33734,0.1106241740078193,0.1106241740078193,0.0,0.08986098366243224,False,False,False,Informality is removed only from adoption q_bar and logit; fiscal-side informality is embedded in observed effective tax rates and is not separately ablated.
official_4c_phase_b_closure_baseline_official_v3,diagnostic,PER,GMI:GMI_loaded_aggregate,stress,r1,,,,0.10023287850301114,,0.0,,baseline-official-v3,v1.0.1-official-4c,informality_adoption_ablation,GMI,GMI_loaded_aggregate,0.6746800000000001,0.5301193837172034,0.8674593837172033,0.33734,0.1106241740078193,0.1106241740078193,0.0,0.10023287850301114,False,False,False,Informality is removed only from adoption q_bar and logit; fiscal-side informality is embedded in observed effective tax rates and is not separately ablated.
official_4c_phase_b_closure_baseline_official_v3,diagnostic,PER,GMI:GMI_loaded_aggregate,stress,r2,,,,0.10830392695786362,,0.0,,baseline-official-v3,v1.0.1-official-4c,informality_adoption_ablation,GMI,GMI_loaded_aggregate,0.6746800000000001,0.5301193837172034,0.8674593837172033,0.33734,0.1106241740078193,0.1106241740078193,0.0,0.10830392695786362,False,False,False,Informality is removed only from adoption q_bar and logit; fiscal-side informality is embedded in observed effective tax rates and is not separately ablated.
official_4c_phase_b_closure_baseline_official_v3,diagnostic,PER,GMI:GMI_loaded_aggregate,stress,r3,,,,0.09422569848556389,,0.0,,baseline-official-v3,v1.0.1-official-4c,informality_adoption_ablation,GMI,GMI_loaded_aggregate,0.6746800000000001,0.5301193837172034,0.8674593837172033,0.33734,0.1106241740078193,0.1106241740078193,0.0,0.09422569848556389,False,False,False,Informality is removed only from adoption q_bar and logit; fiscal-side informality is embedded in observed effective tax rates and is not separately ablated.
official_4c_phase_b_closure_baseline_official_v3,diagnostic,PER,GMI:GMI_loaded_aggregate,stress,r4,,,,0.14279983373516755,,0.0,,baseline-official-v3,v1.0.1-official-4c,informality_adoption_ablation,GMI,GMI_loaded_aggregate,0.6746800000000001,0.5301193837172034,0.8674593837172033,0.33734,0.1106241740078193,0.1106241740078193,0.0,0.14279983373516755,False,False,False,Informality is removed only from adoption q_bar and logit; fiscal-side informality is embedded in observed effective tax rates and is not separately ablated.
official_4c_phase_b_closure_baseline_official_v3,diagnostic,PER,MUT,low,r0,,,,-0.01638020662091023,,0.0,,baseline-official-v3,v1.0.1-official-4c,informality_adoption_ablation,MUT,,0.6746800000000001,0.5301193837172034,0.8674593837172033,0.33734,0.1106241740078193,0.1106241740078193,0.0,-0.01638020662091023,False,False,False,Informality is removed only from adoption q_bar and logit; fiscal-side informality is embedded in observed effective tax rates and is not separately ablated.
official_4c_phase_b_closure_baseline_official_v3,diagnostic,PER,MUT,low,r1,,,,-0.01579545800725385,,0.0,,baseline-official-v3,v1.0.1-official-4c,informality_adoption_ablation,MUT,,0.6746800000000001,0.5301193837172034,0.8674593837172033,0.33734,0.1106241740078193,0.1106241740078193,0.0,-0.01579545800725385,False,False,False,Informality is removed only from adoption q_bar and logit; fiscal-side informality is embedded in observed effective tax rates and is not separately ablated.
official_4c_phase_b_closure_baseline_official_v3,diagnostic,PER,MUT,low,r2,,,,-0.015543585739532318,,0.0,,baseline-official-v3,v1.0.1-official-4c,informality_adoption_ablation,MUT,,0.6746800000000001,0.5301193837172034,0.8674593837172033,0.33734,0.1106241740078193,0.1106241740078193,0.0,-0.015543585739532318,False,False,False,Informality is removed only from adoption q_bar and logit; fiscal-side informality is embedded in observed effective tax rates and is not separately ablated.
official_4c_phase_b_closure_baseline_official_v3,diagnostic,PER,MUT,low,r3,,,,-0.016482325059017606,,0.0,,baseline-official-v3,v1.0.1-official-4c,informality_adoption_ablation,MUT,,0.6746800000000001,0.5301193837172034,0.8674593837172033,0.33734,0.1106241740078193,0.1106241740078193,0.0,-0.016482325059017606,False,False,False,Informality is removed only from adoption q_bar and logit; fiscal-side informality is embedded in observed effective tax rates and is not separately ablated.
official_4c_phase_b_closure_baseline_official_v3,diagnostic,PER,MUT,low,r4,,,,-0.014743516222722615,,0.0,,baseline-official-v3,v1.0.1-official-4c,informality_adoption_ablation,MUT,,0.6746800000000001,0.5301193837172034,0.8674593837172033,0.33734,0.1106241740078193,0.1106241740078193,0.0,-0.014743516222722615,False,False,False,Informality is removed only from adoption q_bar and logit; fiscal-side informality is embedded in observed effective tax rates and is not separately ablated.
official_4c_phase_b_closure_baseline_official_v3,diagnostic,PER,MUT,mid,r0,,,,0.019120738780688647,,0.0,,baseline-official-v3,v1.0.1-official-4c,informality_adoption_ablation,MUT,,0.6746800000000001,0.5301193837172034,0.8674593837172033,0.33734,0.1106241740078193,0.1106241740078193,0.0,0.019120738780688647,False,False,False,Informality is removed only from adoption q_bar and logit; fiscal-side informality is embedded in observed effective tax rates and is not separately ablated.
official_4c_phase_b_closure_baseline_official_v3,diagnostic,PER,MUT,mid,r1,,,,0.021557247766272703,,0.0,,baseline-official-v3,v1.0.1-official-4c,informality_adoption_ablation,MUT,,0.6746800000000001,0.5301193837172034,0.8674593837172033,0.33734,0.1106241740078193,0.1106241740078193,0.0,0.021557247766272703,False,False,False,Informality is removed only from adoption q_bar and logit; fiscal-side informality is embedded in observed effective tax rates and is not separately ablated.
official_4c_phase_b_closure_baseline_official_v3,diagnostic,PER,MUT,mid,r2,,,,0.023426264333887285,,0.0,,baseline-official-v3,v1.0.1-official-4c,informality_adoption_ablation,MUT,,0.6746800000000001,0.5301193837172034,0.8674593837172033,0.33734,0.1106241740078193,0.1106241740078193,0.0,0.023426264333887285,False,False,False,Informality is removed only from adoption q_bar and logit; fiscal-side informality is embedded in observed effective tax rates and is not separately ablated.
official_4c_phase_b_closure_baseline_official_v3,diagnostic,PER,MUT,mid,r3,,,,0.01832337041000106,,0.0,,baseline-official-v3,v1.0.1-official-4c,informality_adoption_ablation,MUT,,0.6746800000000001,0.5301193837172034,0.8674593837172033,0.33734,0.1106241740078193,0.1106241740078193,0.0,0.01832337041000106,False,False,False,Informality is removed only from adoption q_bar and logit; fiscal-side informality is embedded in observed effective tax rates and is not separately ablated.
official_4c_phase_b_closure_baseline_official_v3,diagnostic,PER,MUT,mid,r4,,,,0.028555464095321437,,0.0,,baseline-official-v3,v1.0.1-official-4c,informality_adoption_ablation,MUT,,0.6746800000000001,0.5301193837172034,0.8674593837172033,0.33734,0.1106241740078193,0.1106241740078193,0.0,0.028555464095321437,False,False,False,Informality is removed only from adoption q_bar and logit; fiscal-side informality is embedded in observed effective tax rates and is not separately ablated.
official_4c_phase_b_closure_baseline_official_v3,diagnostic,PER,MUT,high,r0,,,,0.013939520715632751,,0.0,,baseline-official-v3,v1.0.1-official-4c,informality_adoption_ablation,MUT,,0.6746800000000001,0.5301193837172034,0.8674593837172033,0.33734,0.1106241740078193,0.1106241740078193,0.0,0.013939520715632751,False,False,False,Informality is removed only from adoption q_bar and logit; fiscal-side informality is embedded in observed effective tax rates and is not separately ablated.
official_4c_phase_b_closure_baseline_official_v3,diagnostic,PER,MUT,high,r1,,,,0.016099729887781408,,0.0,,baseline-official-v3,v1.0.1-official-4c,informality_adoption_ablation,MUT,,0.6746800000000001,0.5301193837172034,0.8674593837172033,0.33734,0.1106241740078193,0.1106241740078193,0.0,0.016099729887781408,False,False,False,Informality is removed only from adoption q_bar and logit; fiscal-side informality is embedded in observed effective tax rates and is not separately ablated.
official_4c_phase_b_closure_baseline_official_v3,diagnostic,PER,MUT,high,r2,,,,0.017732169001912126,,0.0,,baseline-official-v3,v1.0.1-official-4c,informality_adoption_ablation,MUT,,0.6746800000000001,0.5301193837172034,0.8674593837172033,0.33734,0.1106241740078193,0.1106241740078193,0.0,0.017732169001912126,False,False,False,Informality is removed only from adoption q_bar and logit; fiscal-side informality is embedded in observed effective tax rates and is not separately ablated.
official_4c_phase_b_closure_baseline_official_v3,diagnostic,PER,MUT,high,r3,,,,0.013899231221218656,,0.0,,baseline-official-v3,v1.0.1-official-4c,informality_adoption_ablation,MUT,,0.6746800000000001,0.5301193837172034,0.8674593837172033,0.33734,0.1106241740078193,0.1106241740078193,0.0,0.013899231221218656,False,False,False,Informality is removed only from adoption q_bar and logit; fiscal-side informality is embedded in observed effective tax rates and is not separately ablated.
official_4c_phase_b_closure_baseline_official_v3,diagnostic,PER,MUT,high,r4,,,,0.023269056900735136,,0.0,,baseline-official-v3,v1.0.1-official-4c,informality_adoption_ablation,MUT,,0.6746800000000001,0.5301193837172034,0.8674593837172033,0.33734,0.1106241740078193,0.1106241740078193,0.0,0.023269056900735136,False,False,False,Informality is removed only from adoption q_bar and logit; fiscal-side informality is embedded in observed effective tax rates and is not separately ablated.
official_4c_phase_b_closure_baseline_official_v3,diagnostic,PER,MUT,stress,r0,,,,0.11693500402456411,,0.0,,baseline-official-v3,v1.0.1-official-4c,informality_adoption_ablation,MUT,,0.6746800000000001,0.5301193837172034,0.8674593837172033,0.33734,0.1106241740078193,0.1106241740078193,0.0,0.11693500402456411,False,False,False,Informality is removed only from adoption q_bar and logit; fiscal-side informality is embedded in observed effective tax rates and is not separately ablated.
official_4c_phase_b_closure_baseline_official_v3,diagnostic,PER,MUT,stress,r1,,,,0.12441943147687144,,0.0,,baseline-official-v3,v1.0.1-official-4c,informality_adoption_ablation,MUT,,0.6746800000000001,0.5301193837172034,0.8674593837172033,0.33734,0.1106241740078193,0.1106241740078193,0.0,0.12441943147687144,False,False,False,Informality is removed only from adoption q_bar and logit; fiscal-side informality is embedded in observed effective tax rates and is not separately ablated.
official_4c_phase_b_closure_baseline_official_v3,diagnostic,PER,MUT,stress,r2,,,,0.1307390624170209,,0.0,,baseline-official-v3,v1.0.1-official-4c,informality_adoption_ablation,MUT,,0.6746800000000001,0.5301193837172034,0.8674593837172033,0.33734,0.1106241740078193,0.1106241740078193,0.0,0.1307390624170209,False,False,False,Informality is removed only from adoption q_bar and logit; fiscal-side informality is embedded in observed effective tax rates and is not separately ablated.
official_4c_phase_b_closure_baseline_official_v3,diagnostic,PER,MUT,stress,r3,,,,0.1200978692479298,,0.0,,baseline-official-v3,v1.0.1-official-4c,informality_adoption_ablation,MUT,,0.6746800000000001,0.5301193837172034,0.8674593837172033,0.33734,0.1106241740078193,0.1106241740078193,0.0,0.1200978692479298,False,False,False,Informality is removed only from adoption q_bar and logit; fiscal-side informality is embedded in observed effective tax rates and is not separately ablated.
official_4c_phase_b_closure_baseline_official_v3,diagnostic,PER,MUT,stress,r4,,,,0.15711259121578391,,0.0,,baseline-official-v3,v1.0.1-official-4c,informality_adoption_ablation,MUT,,0.6746800000000001,0.5301193837172034,0.8674593837172033,0.33734,0.1106241740078193,0.1106241740078193,0.0,0.15711259121578391,False,False,False,Informality is removed only from adoption q_bar and logit; fiscal-side informality is embedded in observed effective tax rates and is not separately ablated.
official_4c_phase_b_closure_baseline_official_v3,diagnostic,PER,PBI,low,r0,,,,-0.007303550178985368,,0.0,,baseline-official-v3,v1.0.1-official-4c,informality_adoption_ablation,PBI,,0.6746800000000001,0.5301193837172034,0.8674593837172033,0.33734,0.1106241740078193,0.1106241740078193,0.0,-0.007303550178985368,False,False,False,Informality is removed only from adoption q_bar and logit; fiscal-side informality is embedded in observed effective tax rates and is not separately ablated.
official_4c_phase_b_closure_baseline_official_v3,diagnostic,PER,PBI,low,r1,,,,-0.006961964168894571,,0.0,,baseline-official-v3,v1.0.1-official-4c,informality_adoption_ablation,PBI,,0.6746800000000001,0.5301193837172034,0.8674593837172033,0.33734,0.1106241740078193,0.1106241740078193,0.0,-0.006961964168894571,False,False,False,Informality is removed only from adoption q_bar and logit; fiscal-side informality is embedded in observed effective tax rates and is not separately ablated.
official_4c_phase_b_closure_baseline_official_v3,diagnostic,PER,PBI,low,r2,,,,-0.006793211429778796,,0.0,,baseline-official-v3,v1.0.1-official-4c,informality_adoption_ablation,PBI,,0.6746800000000001,0.5301193837172034,0.8674593837172033,0.33734,0.1106241740078193,0.1106241740078193,0.0,-0.006793211429778796,False,False,False,Informality is removed only from adoption q_bar and logit; fiscal-side informality is embedded in observed effective tax rates and is not separately ablated.
official_4c_phase_b_closure_baseline_official_v3,diagnostic,PER,PBI,low,r3,,,,-0.007392045515341911,,0.0,,baseline-official-v3,v1.0.1-official-4c,informality_adoption_ablation,PBI,,0.6746800000000001,0.5301193837172034,0.8674593837172033,0.33734,0.1106241740078193,0.1106241740078193,0.0,-0.007392045515341911,False,False,False,Informality is removed only from adoption q_bar and logit; fiscal-side informality is embedded in observed effective tax rates and is not separately ablated.
official_4c_phase_b_closure_baseline_official_v3,diagnostic,PER,PBI,low,r4,,,,-0.006307361850996196,,0.0,,baseline-official-v3,v1.0.1-official-4c,informality_adoption_ablation,PBI,,0.6746800000000001,0.5301193837172034,0.8674593837172033,0.33734,0.1106241740078193,0.1106241740078193,0.0,-0.006307361850996196,False,False,False,Informality is removed only from adoption q_bar and logit; fiscal-side informality is embedded in observed effective tax rates and is not separately ablated.
official_4c_phase_b_closure_baseline_official_v3,diagnostic,PER,PBI,mid,r0,,,,0.016481846410776657,,0.0,,baseline-official-v3,v1.0.1-official-4c,informality_adoption_ablation,PBI,,0.6746800000000001,0.5301193837172034,0.8674593837172033,0.33734,0.1106241740078193,0.1106241740078193,0.0,0.016481846410776657,False,False,False,Informality is removed only from adoption q_bar and logit; fiscal-side informality is embedded in observed effective tax rates and is not separately ablated.
official_4c_phase_b_closure_baseline_official_v3,diagnostic,PER,PBI,mid,r1,,,,0.018064099516835026,,0.0,,baseline-official-v3,v1.0.1-official-4c,informality_adoption_ablation,PBI,,0.6746800000000001,0.5301193837172034,0.8674593837172033,0.33734,0.1106241740078193,0.1106241740078193,0.0,0.018064099516835026,False,False,False,Informality is removed only from adoption q_bar and logit; fiscal-side informality is embedded in observed effective tax rates and is not separately ablated.
official_4c_phase_b_closure_baseline_official_v3,diagnostic,PER,PBI,mid,r2,,,,0.019316328148795525,,0.0,,baseline-official-v3,v1.0.1-official-4c,informality_adoption_ablation,PBI,,0.6746800000000001,0.5301193837172034,0.8674593837172033,0.33734,0.1106241740078193,0.1106241740078193,0.0,0.019316328148795525,False,False,False,Informality is removed only from adoption q_bar and logit; fiscal-side informality is embedded in observed effective tax rates and is not separately ablated.
official_4c_phase_b_closure_baseline_official_v3,diagnostic,PER,PBI,mid,r3,,,,0.01592753825765268,,0.0,,baseline-official-v3,v1.0.1-official-4c,informality_adoption_ablation,PBI,,0.6746800000000001,0.5301193837172034,0.8674593837172033,0.33734,0.1106241740078193,0.1106241740078193,0.0,0.01592753825765268,False,False,False,Informality is removed only from adoption q_bar and logit; fiscal-side informality is embedded in observed effective tax rates and is not separately ablated.
official_4c_phase_b_closure_baseline_official_v3,diagnostic,PER,PBI,mid,r4,,,,0.022702666111543483,,0.0,,baseline-official-v3,v1.0.1-official-4c,informality_adoption_ablation,PBI,,0.6746800000000001,0.5301193837172034,0.8674593837172033,0.33734,0.1106241740078193,0.1106241740078193,0.0,0.022702666111543483,False,False,False,Informality is removed only from adoption q_bar and logit; fiscal-side informality is embedded in observed effective tax rates and is not separately ablated.
official_4c_phase_b_closure_baseline_official_v3,diagnostic,PER,PBI,high,r0,,,,0.01301046487146014,,0.0,,baseline-official-v3,v1.0.1-official-4c,informality_adoption_ablation,PBI,,0.6746800000000001,0.5301193837172034,0.8674593837172033,0.33734,0.1106241740078193,0.1106241740078193,0.0,0.01301046487146014,False,False,False,Informality is removed only from adoption q_bar and logit; fiscal-side informality is embedded in observed effective tax rates and is not separately ablated.
official_4c_phase_b_closure_baseline_official_v3,diagnostic,PER,PBI,high,r1,,,,0.014407598945732321,,0.0,,baseline-official-v3,v1.0.1-official-4c,informality_adoption_ablation,PBI,,0.6746800000000001,0.5301193837172034,0.8674593837172033,0.33734,0.1106241740078193,0.1106241740078193,0.0,0.014407598945732321,False,False,False,Informality is removed only from adoption q_bar and logit; fiscal-side informality is embedded in observed effective tax rates and is not separately ablated.
official_4c_phase_b_closure_baseline_official_v3,diagnostic,PER,PBI,high,r2,,,,0.015501322262083502,,0.0,,baseline-official-v3,v1.0.1-official-4c,informality_adoption_ablation,PBI,,0.6746800000000001,0.5301193837172034,0.8674593837172033,0.33734,0.1106241740078193,0.1106241740078193,0.0,0.015501322262083502,False,False,False,Informality is removed only from adoption q_bar and logit; fiscal-side informality is embedded in observed effective tax rates and is not separately ablated.
official_4c_phase_b_closure_baseline_official_v3,diagnostic,PER,PBI,high,r3,,,,0.01296339451491285,,0.0,,baseline-official-v3,v1.0.1-official-4c,informality_adoption_ablation,PBI,,0.6746800000000001,0.5301193837172034,0.8674593837172033,0.33734,0.1106241740078193,0.1106241740078193,0.0,0.01296339451491285,False,False,False,Informality is removed only from adoption q_bar and logit; fiscal-side informality is embedded in observed effective tax rates and is not separately ablated.
official_4c_phase_b_closure_baseline_official_v3,diagnostic,PER,PBI,high,r4,,,,0.019160808557165693,,0.0,,baseline-official-v3,v1.0.1-official-4c,informality_adoption_ablation,PBI,,0.6746800000000001,0.5301193837172034,0.8674593837172033,0.33734,0.1106241740078193,0.1106241740078193,0.0,0.019160808557165693,False,False,False,Informality is removed only from adoption q_bar and logit; fiscal-side informality is embedded in observed effective tax rates and is not separately ablated.
official_4c_phase_b_closure_baseline_official_v3,diagnostic,PER,PBI,stress,r0,,,,0.08201675159831488,,0.0,,baseline-official-v3,v1.0.1-official-4c,informality_adoption_ablation,PBI,,0.6746800000000001,0.5301193837172034,0.8674593837172033,0.33734,0.1106241740078193,0.1106241740078193,0.0,0.08201675159831488,False,False,False,Informality is removed only from adoption q_bar and logit; fiscal-side informality is embedded in observed effective tax rates and is not separately ablated.
official_4c_phase_b_closure_baseline_official_v3,diagnostic,PER,PBI,stress,r1,,,,0.08698107640205793,,0.0,,baseline-official-v3,v1.0.1-official-4c,informality_adoption_ablation,PBI,,0.6746800000000001,0.5301193837172034,0.8674593837172033,0.33734,0.1106241740078193,0.1106241740078193,0.0,0.08698107640205793,False,False,False,Informality is removed only from adoption q_bar and logit; fiscal-side informality is embedded in observed effective tax rates and is not separately ablated.
official_4c_phase_b_closure_baseline_official_v3,diagnostic,PER,PBI,stress,r2,,,,0.09121518697325462,,0.0,,baseline-official-v3,v1.0.1-official-4c,informality_adoption_ablation,PBI,,0.6746800000000001,0.5301193837172034,0.8674593837172033,0.33734,0.1106241740078193,0.1106241740078193,0.0,0.09121518697325462,False,False,False,Informality is removed only from adoption q_bar and logit; fiscal-side informality is embedded in observed effective tax rates and is not separately ablated.
official_4c_phase_b_closure_baseline_official_v3,diagnostic,PER,PBI,stress,r3,,,,0.08411577353420913,,0.0,,baseline-official-v3,v1.0.1-official-4c,informality_adoption_ablation,PBI,,0.6746800000000001,0.5301193837172034,0.8674593837172033,0.33734,0.1106241740078193,0.1106241740078193,0.0,0.08411577353420913,False,False,False,Informality is removed only from adoption q_bar and logit; fiscal-side informality is embedded in observed effective tax rates and is not separately ablated.
official_4c_phase_b_closure_baseline_official_v3,diagnostic,PER,PBI,stress,r4,,,,0.1088350836685964,,0.0,,baseline-official-v3,v1.0.1-official-4c,informality_adoption_ablation,PBI,,0.6746800000000001,0.5301193837172034,0.8674593837172033,0.33734,0.1106241740078193,0.1106241740078193,0.0,0.1088350836685964,False,False,False,Informality is removed only from adoption q_bar and logit; fiscal-side informality is embedded in observed effective tax rates and is not separately ablated.
official_4c_phase_b_closure_baseline_official_v3,diagnostic,PER,UBI,low,r0,,,,-0.0020403228103652196,,0.0,,baseline-official-v3,v1.0.1-official-4c,informality_adoption_ablation,UBI,,0.6746800000000001,0.5301193837172034,0.8674593837172033,0.33734,0.1106241740078193,0.1106241740078193,0.0,-0.0020403228103652196,False,False,False,Informality is removed only from adoption q_bar and logit; fiscal-side informality is embedded in observed effective tax rates and is not separately ablated.
official_4c_phase_b_closure_baseline_official_v3,diagnostic,PER,UBI,low,r1,,,,-0.0019222282837687407,,0.0,,baseline-official-v3,v1.0.1-official-4c,informality_adoption_ablation,UBI,,0.6746800000000001,0.5301193837172034,0.8674593837172033,0.33734,0.1106241740078193,0.1106241740078193,0.0,-0.0019222282837687407,False,False,False,Informality is removed only from adoption q_bar and logit; fiscal-side informality is embedded in observed effective tax rates and is not separately ablated.
official_4c_phase_b_closure_baseline_official_v3,diagnostic,PER,UBI,low,r2,,,,-0.0018592602168383573,,0.0,,baseline-official-v3,v1.0.1-official-4c,informality_adoption_ablation,UBI,,0.6746800000000001,0.5301193837172034,0.8674593837172033,0.33734,0.1106241740078193,0.1106241740078193,0.0,-0.0018592602168383573,False,False,False,Informality is removed only from adoption q_bar and logit; fiscal-side informality is embedded in observed effective tax rates and is not separately ablated.
official_4c_phase_b_closure_baseline_official_v3,diagnostic,PER,UBI,low,r3,,,,-0.0020770894706191086,,0.0,,baseline-official-v3,v1.0.1-official-4c,informality_adoption_ablation,UBI,,0.6746800000000001,0.5301193837172034,0.8674593837172033,0.33734,0.1106241740078193,0.1106241740078193,0.0,-0.0020770894706191086,False,False,False,Informality is removed only from adoption q_bar and logit; fiscal-side informality is embedded in observed effective tax rates and is not separately ablated.
official_4c_phase_b_closure_baseline_official_v3,diagnostic,PER,UBI,low,r4,,,,-0.0016873354644535478,,0.0,,baseline-official-v3,v1.0.1-official-4c,informality_adoption_ablation,UBI,,0.6746800000000001,0.5301193837172034,0.8674593837172033,0.33734,0.1106241740078193,0.1106241740078193,0.0,-0.0016873354644535478,False,False,False,Informality is removed only from adoption q_bar and logit; fiscal-side informality is embedded in observed effective tax rates and is not separately ablated.
official_4c_phase_b_closure_baseline_official_v3,diagnostic,PER,UBI,mid,r0,,,,0.0068349135400345,,0.0,,baseline-official-v3,v1.0.1-official-4c,informality_adoption_ablation,UBI,,0.6746800000000001,0.5301193837172034,0.8674593837172033,0.33734,0.1106241740078193,0.1106241740078193,0.0,0.0068349135400345,False,False,False,Informality is removed only from adoption q_bar and logit; fiscal-side informality is embedded in observed effective tax rates and is not separately ablated.
official_4c_phase_b_closure_baseline_official_v3,diagnostic,PER,UBI,mid,r1,,,,0.007415948159612898,,0.0,,baseline-official-v3,v1.0.1-official-4c,informality_adoption_ablation,UBI,,0.6746800000000001,0.5301193837172034,0.8674593837172033,0.33734,0.1106241740078193,0.1106241740078193,0.0,0.007415948159612898,False,False,False,Informality is removed only from adoption q_bar and logit; fiscal-side informality is embedded in observed effective tax rates and is not separately ablated.
official_4c_phase_b_closure_baseline_official_v3,diagnostic,PER,UBI,mid,r2,,,,0.007883202301516543,,0.0,,baseline-official-v3,v1.0.1-official-4c,informality_adoption_ablation,UBI,,0.6746800000000001,0.5301193837172034,0.8674593837172033,0.33734,0.1106241740078193,0.1106241740078193,0.0,0.007883202301516543,False,False,False,Informality is removed only from adoption q_bar and logit; fiscal-side informality is embedded in observed effective tax rates and is not separately ablated.
official_4c_phase_b_closure_baseline_official_v3,diagnostic,PER,UBI,mid,r3,,,,0.006624334396635557,,0.0,,baseline-official-v3,v1.0.1-official-4c,informality_adoption_ablation,UBI,,0.6746800000000001,0.5301193837172034,0.8674593837172033,0.33734,0.1106241740078193,0.1106241740078193,0.0,0.006624334396635557,False,False,False,Informality is removed only from adoption q_bar and logit; fiscal-side informality is embedded in observed effective tax rates and is not separately ablated.
official_4c_phase_b_closure_baseline_official_v3,diagnostic,PER,UBI,mid,r4,,,,0.009137409615057464,,0.0,,baseline-official-v3,v1.0.1-official-4c,informality_adoption_ablation,UBI,,0.6746800000000001,0.5301193837172034,0.8674593837172033,0.33734,0.1106241740078193,0.1106241740078193,0.0,0.009137409615057464,False,False,False,Informality is removed only from adoption q_bar and logit; fiscal-side informality is embedded in observed effective tax rates and is not separately ablated.
official_4c_phase_b_closure_baseline_official_v3,diagnostic,PER,UBI,high,r0,,,,0.005539609023770526,,0.0,,baseline-official-v3,v1.0.1-official-4c,informality_adoption_ablation,UBI,,0.6746800000000001,0.5301193837172034,0.8674593837172033,0.33734,0.1106241740078193,0.1106241740078193,0.0,0.005539609023770526,False,False,False,Informality is removed only from adoption q_bar and logit; fiscal-side informality is embedded in observed effective tax rates and is not separately ablated.
official_4c_phase_b_closure_baseline_official_v3,diagnostic,PER,UBI,high,r1,,,,0.006051568689990073,,0.0,,baseline-official-v3,v1.0.1-official-4c,informality_adoption_ablation,UBI,,0.6746800000000001,0.5301193837172034,0.8674593837172033,0.33734,0.1106241740078193,0.1106241740078193,0.0,0.006051568689990073,False,False,False,Informality is removed only from adoption q_bar and logit; fiscal-side informality is embedded in observed effective tax rates and is not separately ablated.
official_4c_phase_b_closure_baseline_official_v3,diagnostic,PER,UBI,high,r2,,,,0.006459678468522753,,0.0,,baseline-official-v3,v1.0.1-official-4c,informality_adoption_ablation,UBI,,0.6746800000000001,0.5301193837172034,0.8674593837172033,0.33734,0.1106241740078193,0.1106241740078193,0.0,0.006459678468522753,False,False,False,Informality is removed only from adoption q_bar and logit; fiscal-side informality is embedded in observed effective tax rates and is not separately ablated.
official_4c_phase_b_closure_baseline_official_v3,diagnostic,PER,UBI,high,r3,,,,0.005518299599439956,,0.0,,baseline-official-v3,v1.0.1-official-4c,informality_adoption_ablation,UBI,,0.6746800000000001,0.5301193837172034,0.8674593837172033,0.33734,0.1106241740078193,0.1106241740078193,0.0,0.005518299599439956,False,False,False,Informality is removed only from adoption q_bar and logit; fiscal-side informality is embedded in observed effective tax rates and is not separately ablated.
official_4c_phase_b_closure_baseline_official_v3,diagnostic,PER,UBI,high,r4,,,,0.00781580781641089,,0.0,,baseline-official-v3,v1.0.1-official-4c,informality_adoption_ablation,UBI,,0.6746800000000001,0.5301193837172034,0.8674593837172033,0.33734,0.1106241740078193,0.1106241740078193,0.0,0.00781580781641089,False,False,False,Informality is removed only from adoption q_bar and logit; fiscal-side informality is embedded in observed effective tax rates and is not separately ablated.
official_4c_phase_b_closure_baseline_official_v3,diagnostic,PER,UBI,stress,r0,,,,0.031288479851003366,,0.0,,baseline-official-v3,v1.0.1-official-4c,informality_adoption_ablation,UBI,,0.6746800000000001,0.5301193837172034,0.8674593837172033,0.33734,0.1106241740078193,0.1106241740078193,0.0,0.031288479851003366,False,False,False,Informality is removed only from adoption q_bar and logit; fiscal-side informality is embedded in observed effective tax rates and is not separately ablated.
official_4c_phase_b_closure_baseline_official_v3,diagnostic,PER,UBI,stress,r1,,,,0.033131494087262583,,0.0,,baseline-official-v3,v1.0.1-official-4c,informality_adoption_ablation,UBI,,0.6746800000000001,0.5301193837172034,0.8674593837172033,0.33734,0.1106241740078193,0.1106241740078193,0.0,0.033131494087262583,False,False,False,Informality is removed only from adoption q_bar and logit; fiscal-side informality is embedded in observed effective tax rates and is not separately ablated.
official_4c_phase_b_closure_baseline_official_v3,diagnostic,PER,UBI,stress,r2,,,,0.03471140182229995,,0.0,,baseline-official-v3,v1.0.1-official-4c,informality_adoption_ablation,UBI,,0.6746800000000001,0.5301193837172034,0.8674593837172033,0.33734,0.1106241740078193,0.1106241740078193,0.0,0.03471140182229995,False,False,False,Informality is removed only from adoption q_bar and logit; fiscal-side informality is embedded in observed effective tax rates and is not separately ablated.
official_4c_phase_b_closure_baseline_official_v3,diagnostic,PER,UBI,stress,r3,,,,0.03206795910611775,,0.0,,baseline-official-v3,v1.0.1-official-4c,informality_adoption_ablation,UBI,,0.6746800000000001,0.5301193837172034,0.8674593837172033,0.33734,0.1106241740078193,0.1106241740078193,0.0,0.03206795910611775,False,False,False,Informality is removed only from adoption q_bar and logit; fiscal-side informality is embedded in observed effective tax rates and is not separately ablated.
official_4c_phase_b_closure_baseline_official_v3,diagnostic,PER,UBI,stress,r4,,,,0.04127669139517309,,0.0,,baseline-official-v3,v1.0.1-official-4c,informality_adoption_ablation,UBI,,0.6746800000000001,0.5301193837172034,0.8674593837172033,0.33734,0.1106241740078193,0.1106241740078193,0.0,0.04127669139517309,False,False,False,Informality is removed only from adoption q_bar and logit; fiscal-side informality is embedded in observed effective tax rates and is not separately ablated.
official_4c_phase_b_closure_baseline_official_v3,diagnostic,CHL,PEN,low,r0,,,,-0.0446157845733166,,0.0,,baseline-official-v3,v1.0.1-official-4c,informality_adoption_ablation,PEN,,0.27458,0.8183844078399585,0.9556744078399586,0.13729000000000013,0.13193619762722963,0.13193619762722963,0.0,-0.0446157845733166,False,False,False,Informality is removed only from adoption q_bar and logit; fiscal-side informality is embedded in observed effective tax rates and is not separately ablated.
official_4c_phase_b_closure_baseline_official_v3,diagnostic,CHL,PEN,low,r1,,,,-0.043313252846544824,,0.0,,baseline-official-v3,v1.0.1-official-4c,informality_adoption_ablation,PEN,,0.27458,0.8183844078399585,0.9556744078399586,0.13729000000000013,0.13193619762722963,0.13193619762722963,0.0,-0.043313252846544824,False,False,False,Informality is removed only from adoption q_bar and logit; fiscal-side informality is embedded in observed effective tax rates and is not separately ablated.
official_4c_phase_b_closure_baseline_official_v3,diagnostic,CHL,PEN,low,r2,,,,-0.04277846945789988,,0.0,,baseline-official-v3,v1.0.1-official-4c,informality_adoption_ablation,PEN,,0.27458,0.8183844078399585,0.9556744078399586,0.13729000000000013,0.13193619762722963,0.13193619762722963,0.0,-0.04277846945789988,False,False,False,Informality is removed only from adoption q_bar and logit; fiscal-side informality is embedded in observed effective tax rates and is not separately ablated.
official_4c_phase_b_closure_baseline_official_v3,diagnostic,CHL,PEN,low,r3,,,,-0.04485490321097759,,0.0,,baseline-official-v3,v1.0.1-official-4c,informality_adoption_ablation,PEN,,0.27458,0.8183844078399585,0.9556744078399586,0.13729000000000013,0.13193619762722963,0.13193619762722963,0.0,-0.04485490321097759,False,False,False,Informality is removed only from adoption q_bar and logit; fiscal-side informality is embedded in observed effective tax rates and is not separately ablated.
official_4c_phase_b_closure_baseline_official_v3,diagnostic,CHL,PEN,low,r4,,,,-0.040944031000220295,,0.0,,baseline-official-v3,v1.0.1-official-4c,informality_adoption_ablation,PEN,,0.27458,0.8183844078399585,0.9556744078399586,0.13729000000000013,0.13193619762722963,0.13193619762722963,0.0,-0.040944031000220295,False,False,False,Informality is removed only from adoption q_bar and logit; fiscal-side informality is embedded in observed effective tax rates and is not separately ablated.
official_4c_phase_b_closure_baseline_official_v3,diagnostic,CHL,PEN,mid,r0,,,,0.03240370737564131,,0.0,,baseline-official-v3,v1.0.1-official-4c,informality_adoption_ablation,PEN,,0.27458,0.8183844078399585,0.9556744078399586,0.13729000000000013,0.13193619762722963,0.13193619762722963,0.0,0.03240370737564131,False,False,False,Informality is removed only from adoption q_bar and logit; fiscal-side informality is embedded in observed effective tax rates and is not separately ablated.
official_4c_phase_b_closure_baseline_official_v3,diagnostic,CHL,PEN,mid,r1,,,,0.03713451710825693,,0.0,,baseline-official-v3,v1.0.1-official-4c,informality_adoption_ablation,PEN,,0.27458,0.8183844078399585,0.9556744078399586,0.13729000000000013,0.13193619762722963,0.13193619762722963,0.0,0.03713451710825693,False,False,False,Informality is removed only from adoption q_bar and logit; fiscal-side informality is embedded in observed effective tax rates and is not separately ablated.
official_4c_phase_b_closure_baseline_official_v3,diagnostic,CHL,PEN,mid,r2,,,,0.041122929632557745,,0.0,,baseline-official-v3,v1.0.1-official-4c,informality_adoption_ablation,PEN,,0.27458,0.8183844078399585,0.9556744078399586,0.13729000000000013,0.13193619762722963,0.13193619762722963,0.0,0.041122929632557745,False,False,False,Informality is removed only from adoption q_bar and logit; fiscal-side informality is embedded in observed effective tax rates and is not separately ablated.
official_4c_phase_b_closure_baseline_official_v3,diagnostic,CHL,PEN,mid,r3,,,,0.0300888834201466,,0.0,,baseline-official-v3,v1.0.1-official-4c,informality_adoption_ablation,PEN,,0.27458,0.8183844078399585,0.9556744078399586,0.13729000000000013,0.13193619762722963,0.13193619762722963,0.0,0.0300888834201466,False,False,False,Informality is removed only from adoption q_bar and logit; fiscal-side informality is embedded in observed effective tax rates and is not separately ablated.
official_4c_phase_b_closure_baseline_official_v3,diagnostic,CHL,PEN,mid,r4,,,,0.052105807653967676,,0.0,,baseline-official-v3,v1.0.1-official-4c,informality_adoption_ablation,PEN,,0.27458,0.8183844078399585,0.9556744078399586,0.13729000000000013,0.13193619762722963,0.13193619762722963,0.0,0.052105807653967676,False,False,False,Informality is removed only from adoption q_bar and logit; fiscal-side informality is embedded in observed effective tax rates and is not separately ablated.
official_4c_phase_b_closure_baseline_official_v3,diagnostic,CHL,PEN,high,r0,,,,0.019725023163425302,,0.0,,baseline-official-v3,v1.0.1-official-4c,informality_adoption_ablation,PEN,,0.27458,0.8183844078399585,0.9556744078399586,0.13729000000000013,0.13193619762722963,0.13193619762722963,0.0,0.019725023163425302,False,False,False,Informality is removed only from adoption q_bar and logit; fiscal-side informality is embedded in observed effective tax rates and is not separately ablated.
official_4c_phase_b_closure_baseline_official_v3,diagnostic,CHL,PEN,high,r1,,,,0.023872085137357658,,0.0,,baseline-official-v3,v1.0.1-official-4c,informality_adoption_ablation,PEN,,0.27458,0.8183844078399585,0.9556744078399586,0.13729000000000013,0.13193619762722963,0.13193619762722963,0.0,0.023872085137357658,False,False,False,Informality is removed only from adoption q_bar and logit; fiscal-side informality is embedded in observed effective tax rates and is not separately ablated.
official_4c_phase_b_closure_baseline_official_v3,diagnostic,CHL,PEN,high,r2,,,,0.027290169710994423,,0.0,,baseline-official-v3,v1.0.1-official-4c,informality_adoption_ablation,PEN,,0.27458,0.8183844078399585,0.9556744078399586,0.13729000000000013,0.13193619762722963,0.13193619762722963,0.0,0.027290169710994423,False,False,False,Informality is removed only from adoption q_bar and logit; fiscal-side informality is embedded in observed effective tax rates and is not separately ablated.
official_4c_phase_b_closure_baseline_official_v3,diagnostic,CHL,PEN,high,r3,,,,0.019075845671155778,,0.0,,baseline-official-v3,v1.0.1-official-4c,informality_adoption_ablation,PEN,,0.27458,0.8183844078399585,0.9556744078399586,0.13729000000000013,0.13193619762722963,0.13193619762722963,0.0,0.019075845671155778,False,False,False,Informality is removed only from adoption q_bar and logit; fiscal-side informality is embedded in observed effective tax rates and is not separately ablated.
official_4c_phase_b_closure_baseline_official_v3,diagnostic,CHL,PEN,high,r4,,,,0.03887420138201719,,0.0,,baseline-official-v3,v1.0.1-official-4c,informality_adoption_ablation,PEN,,0.27458,0.8183844078399585,0.9556744078399586,0.13729000000000013,0.13193619762722963,0.13193619762722963,0.0,0.03887420138201719,False,False,False,Informality is removed only from adoption q_bar and logit; fiscal-side informality is embedded in observed effective tax rates and is not separately ablated.
official_4c_phase_b_closure_baseline_official_v3,diagnostic,CHL,PEN,stress,r0,,,,0.2452211325082953,,0.0,,baseline-official-v3,v1.0.1-official-4c,informality_adoption_ablation,PEN,,0.27458,0.8183844078399585,0.9556744078399586,0.13729000000000013,0.13193619762722963,0.13193619762722963,0.0,0.2452211325082953,False,False,False,Informality is removed only from adoption q_bar and logit; fiscal-side informality is embedded in observed effective tax rates and is not separately ablated.
official_4c_phase_b_closure_baseline_official_v3,diagnostic,CHL,PEN,stress,r1,,,,0.25924735745695365,,0.0,,baseline-official-v3,v1.0.1-official-4c,informality_adoption_ablation,PEN,,0.27458,0.8183844078399585,0.9556744078399586,0.13729000000000013,0.13193619762722963,0.13193619762722963,0.0,0.25924735745695365,False,False,False,Informality is removed only from adoption q_bar and logit; fiscal-side informality is embedded in observed effective tax rates and is not separately ablated.
official_4c_phase_b_closure_baseline_official_v3,diagnostic,CHL,PEN,stress,r2,,,,0.27276220998091394,,0.0,,baseline-official-v3,v1.0.1-official-4c,informality_adoption_ablation,PEN,,0.27458,0.8183844078399585,0.9556744078399586,0.13729000000000013,0.13193619762722963,0.13193619762722963,0.0,0.27276220998091394,False,False,False,Informality is removed only from adoption q_bar and logit; fiscal-side informality is embedded in observed effective tax rates and is not separately ablated.
official_4c_phase_b_closure_baseline_official_v3,diagnostic,CHL,PEN,stress,r3,,,,0.2492848952897782,,0.0,,baseline-official-v3,v1.0.1-official-4c,informality_adoption_ablation,PEN,,0.27458,0.8183844078399585,0.9556744078399586,0.13729000000000013,0.13193619762722963,0.13193619762722963,0.0,0.2492848952897782,False,False,False,Informality is removed only from adoption q_bar and logit; fiscal-side informality is embedded in observed effective tax rates and is not separately ablated.
official_4c_phase_b_closure_baseline_official_v3,diagnostic,CHL,PEN,stress,r4,,,,0.32830395219972675,,0.0,,baseline-official-v3,v1.0.1-official-4c,informality_adoption_ablation,PEN,,0.27458,0.8183844078399585,0.9556744078399586,0.13729000000000013,0.13193619762722963,0.13193619762722963,0.0,0.32830395219972675,False,False,False,Informality is removed only from adoption q_bar and logit; fiscal-side informality is embedded in observed effective tax rates and is not separately ablated.
official_4c_phase_b_closure_baseline_official_v3,diagnostic,CHL,GMI:GMI_ideal_aggregate,low,r0,,,,-2.245607572267461,,0.0,,baseline-official-v3,v1.0.1-official-4c,informality_adoption_ablation,GMI,GMI_ideal_aggregate,0.27458,0.8183844078399585,0.9556744078399586,0.13729000000000013,0.13193619762722963,0.13193619762722963,0.0,-2.245607572267461,False,False,False,Informality is removed only from adoption q_bar and logit; fiscal-side informality is embedded in observed effective tax rates and is not separately ablated.
official_4c_phase_b_closure_baseline_official_v3,diagnostic,CHL,GMI:GMI_ideal_aggregate,low,r1,,,,-2.2002162659654907,,0.0,,baseline-official-v3,v1.0.1-official-4c,informality_adoption_ablation,GMI,GMI_ideal_aggregate,0.27458,0.8183844078399585,0.9556744078399586,0.13729000000000013,0.13193619762722963,0.13193619762722963,0.0,-2.2002162659654907,False,False,False,Informality is removed only from adoption q_bar and logit; fiscal-side informality is embedded in observed effective tax rates and is not separately ablated.
official_4c_phase_b_closure_baseline_official_v3,diagnostic,CHL,GMI:GMI_ideal_aggregate,low,r2,,,,-2.1888733176027477,,0.0,,baseline-official-v3,v1.0.1-official-4c,informality_adoption_ablation,GMI,GMI_ideal_aggregate,0.27458,0.8183844078399585,0.9556744078399586,0.13729000000000013,0.13193619762722963,0.13193619762722963,0.0,-2.1888733176027477,False,False,False,Informality is removed only from adoption q_bar and logit; fiscal-side informality is embedded in observed effective tax rates and is not separately ablated.
official_4c_phase_b_closure_baseline_official_v3,diagnostic,CHL,GMI:GMI_ideal_aggregate,low,r3,,,,-2.2435737091068444,,0.0,,baseline-official-v3,v1.0.1-official-4c,informality_adoption_ablation,GMI,GMI_ideal_aggregate,0.27458,0.8183844078399585,0.9556744078399586,0.13729000000000013,0.13193619762722963,0.13193619762722963,0.0,-2.2435737091068444,False,False,False,Informality is removed only from adoption q_bar and logit; fiscal-side informality is embedded in observed effective tax rates and is not separately ablated.
official_4c_phase_b_closure_baseline_official_v3,diagnostic,CHL,GMI:GMI_ideal_aggregate,low,r4,,,,-2.132200077885137,,0.0,,baseline-official-v3,v1.0.1-official-4c,informality_adoption_ablation,GMI,GMI_ideal_aggregate,0.27458,0.8183844078399585,0.9556744078399586,0.13729000000000013,0.13193619762722963,0.13193619762722963,0.0,-2.132200077885137,False,False,False,Informality is removed only from adoption q_bar and logit; fiscal-side informality is embedded in observed effective tax rates and is not separately ablated.
official_4c_phase_b_closure_baseline_official_v3,diagnostic,CHL,GMI:GMI_ideal_aggregate,mid,r0,,,,-0.6119963968804701,,0.0,,baseline-official-v3,v1.0.1-official-4c,informality_adoption_ablation,GMI,GMI_ideal_aggregate,0.27458,0.8183844078399585,0.9556744078399586,0.13729000000000013,0.13193619762722963,0.13193619762722963,0.0,-0.6119963968804701,False,False,False,Informality is removed only from adoption q_bar and logit; fiscal-side informality is embedded in observed effective tax rates and is not separately ablated.
official_4c_phase_b_closure_baseline_official_v3,diagnostic,CHL,GMI:GMI_ideal_aggregate,mid,r1,,,,-0.49389007882028807,,0.0,,baseline-official-v3,v1.0.1-official-4c,informality_adoption_ablation,GMI,GMI_ideal_aggregate,0.27458,0.8183844078399585,0.9556744078399586,0.13729000000000013,0.13193619762722963,0.13193619762722963,0.0,-0.49389007882028807,False,False,False,Informality is removed only from adoption q_bar and logit; fiscal-side informality is embedded in observed effective tax rates and is not separately ablated.
official_4c_phase_b_closure_baseline_official_v3,diagnostic,CHL,GMI:GMI_ideal_aggregate,mid,r2,,,,-0.4092944121016711,,0.0,,baseline-official-v3,v1.0.1-official-4c,informality_adoption_ablation,GMI,GMI_ideal_aggregate,0.27458,0.8183844078399585,0.9556744078399586,0.13729000000000013,0.13193619762722963,0.13193619762722963,0.0,-0.4092944121016711,False,False,False,Informality is removed only from adoption q_bar and logit; fiscal-side informality is embedded in observed effective tax rates and is not separately ablated.
official_4c_phase_b_closure_baseline_official_v3,diagnostic,CHL,GMI:GMI_ideal_aggregate,mid,r3,,,,-0.6539889914154008,,0.0,,baseline-official-v3,v1.0.1-official-4c,informality_adoption_ablation,GMI,GMI_ideal_aggregate,0.27458,0.8183844078399585,0.9556744078399586,0.13729000000000013,0.13193619762722963,0.13193619762722963,0.0,-0.6539889914154008,False,False,False,Informality is removed only from adoption q_bar and logit; fiscal-side informality is embedded in observed effective tax rates and is not separately ablated.
official_4c_phase_b_closure_baseline_official_v3,diagnostic,CHL,GMI:GMI_ideal_aggregate,mid,r4,,,,-0.15857947293261945,,0.0,,baseline-official-v3,v1.0.1-official-4c,informality_adoption_ablation,GMI,GMI_ideal_aggregate,0.27458,0.8183844078399585,0.9556744078399586,0.13729000000000013,0.13193619762722963,0.13193619762722963,0.0,-0.15857947293261945,False,False,False,Informality is removed only from adoption q_bar and logit; fiscal-side informality is embedded in observed effective tax rates and is not separately ablated.
official_4c_phase_b_closure_baseline_official_v3,diagnostic,CHL,GMI:GMI_ideal_aggregate,high,r0,,,,-0.8809158573204959,,0.0,,baseline-official-v3,v1.0.1-official-4c,informality_adoption_ablation,GMI,GMI_ideal_aggregate,0.27458,0.8183844078399585,0.9556744078399586,0.13729000000000013,0.13193619762722963,0.13193619762722963,0.0,-0.8809158573204959,False,False,False,Informality is removed only from adoption q_bar and logit; fiscal-side informality is embedded in observed effective tax rates and is not separately ablated.
official_4c_phase_b_closure_baseline_official_v3,diagnostic,CHL,GMI:GMI_ideal_aggregate,high,r1,,,,-0.7751910395540845,,0.0,,baseline-official-v3,v1.0.1-official-4c,informality_adoption_ablation,GMI,GMI_ideal_aggregate,0.27458,0.8183844078399585,0.9556744078399586,0.13729000000000013,0.13193619762722963,0.13193619762722963,0.0,-0.7751910395540845,False,False,False,Informality is removed only from adoption q_bar and logit; fiscal-side informality is embedded in observed effective tax rates and is not separately ablated.
official_4c_phase_b_closure_baseline_official_v3,diagnostic,CHL,GMI:GMI_ideal_aggregate,high,r2,,,,-0.702692234165815,,0.0,,baseline-official-v3,v1.0.1-official-4c,informality_adoption_ablation,GMI,GMI_ideal_aggregate,0.27458,0.8183844078399585,0.9556744078399586,0.13729000000000013,0.13193619762722963,0.13193619762722963,0.0,-0.702692234165815,False,False,False,Informality is removed only from adoption q_bar and logit; fiscal-side informality is embedded in observed effective tax rates and is not separately ablated.
official_4c_phase_b_closure_baseline_official_v3,diagnostic,CHL,GMI:GMI_ideal_aggregate,high,r3,,,,-0.8875794902157972,,0.0,,baseline-official-v3,v1.0.1-official-4c,informality_adoption_ablation,GMI,GMI_ideal_aggregate,0.27458,0.8183844078399585,0.9556744078399586,0.13729000000000013,0.13193619762722963,0.13193619762722963,0.0,-0.8875794902157972,False,False,False,Informality is removed only from adoption q_bar and logit; fiscal-side informality is embedded in observed effective tax rates and is not separately ablated.
official_4c_phase_b_closure_baseline_official_v3,diagnostic,CHL,GMI:GMI_ideal_aggregate,high,r4,,,,-0.43922660948480174,,0.0,,baseline-official-v3,v1.0.1-official-4c,informality_adoption_ablation,GMI,GMI_ideal_aggregate,0.27458,0.8183844078399585,0.9556744078399586,0.13729000000000013,0.13193619762722963,0.13193619762722963,0.0,-0.43922660948480174,False,False,False,Informality is removed only from adoption q_bar and logit; fiscal-side informality is embedded in observed effective tax rates and is not separately ablated.
official_4c_phase_b_closure_baseline_official_v3,diagnostic,CHL,GMI:GMI_ideal_aggregate,stress,r0,,,,3.9019378711381827,,0.0,,baseline-official-v3,v1.0.1-official-4c,informality_adoption_ablation,GMI,GMI_ideal_aggregate,0.27458,0.8183844078399585,0.9556744078399586,0.13729000000000013,0.13193619762722963,0.13193619762722963,0.0,3.9019378711381827,True,True,False,Informality is removed only from adoption q_bar and logit; fiscal-side informality is embedded in observed effective tax rates and is not separately ablated.
official_4c_phase_b_closure_baseline_official_v3,diagnostic,CHL,GMI:GMI_ideal_aggregate,stress,r1,,,,4.217203295192638,,0.0,,baseline-official-v3,v1.0.1-official-4c,informality_adoption_ablation,GMI,GMI_ideal_aggregate,0.27458,0.8183844078399585,0.9556744078399586,0.13729000000000013,0.13193619762722963,0.13193619762722963,0.0,4.217203295192638,True,True,False,Informality is removed only from adoption q_bar and logit; fiscal-side informality is embedded in observed effective tax rates and is not separately ablated.
official_4c_phase_b_closure_baseline_official_v3,diagnostic,CHL,GMI:GMI_ideal_aggregate,stress,r2,,,,4.503858186807348,,0.0,,baseline-official-v3,v1.0.1-official-4c,informality_adoption_ablation,GMI,GMI_ideal_aggregate,0.27458,0.8183844078399585,0.9556744078399586,0.13729000000000013,0.13193619762722963,0.13193619762722963,0.0,4.503858186807348,True,True,False,Informality is removed only from adoption q_bar and logit; fiscal-side informality is embedded in observed effective tax rates and is not separately ablated.
official_4c_phase_b_closure_baseline_official_v3,diagnostic,CHL,GMI:GMI_ideal_aggregate,stress,r3,,,,3.9952373995843735,,0.0,,baseline-official-v3,v1.0.1-official-4c,informality_adoption_ablation,GMI,GMI_ideal_aggregate,0.27458,0.8183844078399585,0.9556744078399586,0.13729000000000013,0.13193619762722963,0.13193619762722963,0.0,3.9952373995843735,True,True,False,Informality is removed only from adoption q_bar and logit; fiscal-side informality is embedded in observed effective tax rates and is not separately ablated.
official_4c_phase_b_closure_baseline_official_v3,diagnostic,CHL,GMI:GMI_ideal_aggregate,stress,r4,,,,5.699682690756042,,0.0,,baseline-official-v3,v1.0.1-official-4c,informality_adoption_ablation,GMI,GMI_ideal_aggregate,0.27458,0.8183844078399585,0.9556744078399586,0.13729000000000013,0.13193619762722963,0.13193619762722963,0.0,5.699682690756042,True,True,False,Informality is removed only from adoption q_bar and logit; fiscal-side informality is embedded in observed effective tax rates and is not separately ablated.
official_4c_phase_b_closure_baseline_official_v3,diagnostic,CHL,GMI:GMI_loaded_aggregate,low,r0,,,,-1.4970717148449741,,0.0,,baseline-official-v3,v1.0.1-official-4c,informality_adoption_ablation,GMI,GMI_loaded_aggregate,0.27458,0.8183844078399585,0.9556744078399586,0.13729000000000013,0.13193619762722963,0.13193619762722963,0.0,-1.4970717148449741,False,False,False,Informality is removed only from adoption q_bar and logit; fiscal-side informality is embedded in observed effective tax rates and is not separately ablated.
official_4c_phase_b_closure_baseline_official_v3,diagnostic,CHL,GMI:GMI_loaded_aggregate,low,r1,,,,-1.4668108439769936,,0.0,,baseline-official-v3,v1.0.1-official-4c,informality_adoption_ablation,GMI,GMI_loaded_aggregate,0.27458,0.8183844078399585,0.9556744078399586,0.13729000000000013,0.13193619762722963,0.13193619762722963,0.0,-1.4668108439769936,False,False,False,Informality is removed only from adoption q_bar and logit; fiscal-side informality is embedded in observed effective tax rates and is not separately ablated.
official_4c_phase_b_closure_baseline_official_v3,diagnostic,CHL,GMI:GMI_loaded_aggregate,low,r2,,,,-1.4592488784018318,,0.0,,baseline-official-v3,v1.0.1-official-4c,informality_adoption_ablation,GMI,GMI_loaded_aggregate,0.27458,0.8183844078399585,0.9556744078399586,0.13729000000000013,0.13193619762722963,0.13193619762722963,0.0,-1.4592488784018318,False,False,False,Informality is removed only from adoption q_bar and logit; fiscal-side informality is embedded in observed effective tax rates and is not separately ablated.
official_4c_phase_b_closure_baseline_official_v3,diagnostic,CHL,GMI:GMI_loaded_aggregate,low,r3,,,,-1.4957158060712294,,0.0,,baseline-official-v3,v1.0.1-official-4c,informality_adoption_ablation,GMI,GMI_loaded_aggregate,0.27458,0.8183844078399585,0.9556744078399586,0.13729000000000013,0.13193619762722963,0.13193619762722963,0.0,-1.4957158060712294,False,False,False,Informality is removed only from adoption q_bar and logit; fiscal-side informality is embedded in observed effective tax rates and is not separately ablated.
official_4c_phase_b_closure_baseline_official_v3,diagnostic,CHL,GMI:GMI_loaded_aggregate,low,r4,,,,-1.4214667185900913,,0.0,,baseline-official-v3,v1.0.1-official-4c,informality_adoption_ablation,GMI,GMI_loaded_aggregate,0.27458,0.8183844078399585,0.9556744078399586,0.13729000000000013,0.13193619762722963,0.13193619762722963,0.0,-1.4214667185900913,False,False,False,Informality is removed only from adoption q_bar and logit; fiscal-side informality is embedded in observed effective tax rates and is not separately ablated.
official_4c_phase_b_closure_baseline_official_v3,diagnostic,CHL,GMI:GMI_loaded_aggregate,mid,r0,,,,-0.4079975979203134,,0.0,,baseline-official-v3,v1.0.1-official-4c,informality_adoption_ablation,GMI,GMI_loaded_aggregate,0.27458,0.8183844078399585,0.9556744078399586,0.13729000000000013,0.13193619762722963,0.13193619762722963,0.0,-0.4079975979203134,False,False,False,Informality is removed only from adoption q_bar and logit; fiscal-side informality is embedded in observed effective tax rates and is not separately ablated.
official_4c_phase_b_closure_baseline_official_v3,diagnostic,CHL,GMI:GMI_loaded_aggregate,mid,r1,,,,-0.3292600525468587,,0.0,,baseline-official-v3,v1.0.1-official-4c,informality_adoption_ablation,GMI,GMI_loaded_aggregate,0.27458,0.8183844078399585,0.9556744078399586,0.13729000000000013,0.13193619762722963,0.13193619762722963,0.0,-0.3292600525468587,False,False,False,Informality is removed only from adoption q_bar and logit; fiscal-side informality is embedded in observed effective tax rates and is not separately ablated.
official_4c_phase_b_closure_baseline_official_v3,diagnostic,CHL,GMI:GMI_loaded_aggregate,mid,r2,,,,-0.27286294140111406,,0.0,,baseline-official-v3,v1.0.1-official-4c,informality_adoption_ablation,GMI,GMI_loaded_aggregate,0.27458,0.8183844078399585,0.9556744078399586,0.13729000000000013,0.13193619762722963,0.13193619762722963,0.0,-0.27286294140111406,False,False,False,Informality is removed only from adoption q_bar and logit; fiscal-side informality is embedded in observed effective tax rates and is not separately ablated.
official_4c_phase_b_closure_baseline_official_v3,diagnostic,CHL,GMI:GMI_loaded_aggregate,mid,r3,,,,-0.4359926609436005,,0.0,,baseline-official-v3,v1.0.1-official-4c,informality_adoption_ablation,GMI,GMI_loaded_aggregate,0.27458,0.8183844078399585,0.9556744078399586,0.13729000000000013,0.13193619762722963,0.13193619762722963,0.0,-0.4359926609436005,False,False,False,Informality is removed only from adoption q_bar and logit; fiscal-side informality is embedded in observed effective tax rates and is not separately ablated.
official_4c_phase_b_closure_baseline_official_v3,diagnostic,CHL,GMI:GMI_loaded_aggregate,mid,r4,,,,-0.10571964862174629,,0.0,,baseline-official-v3,v1.0.1-official-4c,informality_adoption_ablation,GMI,GMI_loaded_aggregate,0.27458,0.8183844078399585,0.9556744078399586,0.13729000000000013,0.13193619762722963,0.13193619762722963,0.0,-0.10571964862174629,False,False,False,Informality is removed only from adoption q_bar and logit; fiscal-side informality is embedded in observed effective tax rates and is not separately ablated.
official_4c_phase_b_closure_baseline_official_v3,diagnostic,CHL,GMI:GMI_loaded_aggregate,high,r0,,,,-0.587277238213664,,0.0,,baseline-official-v3,v1.0.1-official-4c,informality_adoption_ablation,GMI,GMI_loaded_aggregate,0.27458,0.8183844078399585,0.9556744078399586,0.13729000000000013,0.13193619762722963,0.13193619762722963,0.0,-0.587277238213664,False,False,False,Informality is removed only from adoption q_bar and logit; fiscal-side informality is embedded in observed effective tax rates and is not separately ablated.
official_4c_phase_b_closure_baseline_official_v3,diagnostic,CHL,GMI:GMI_loaded_aggregate,high,r1,,,,-0.5167940263693896,,0.0,,baseline-official-v3,v1.0.1-official-4c,informality_adoption_ablation,GMI,GMI_loaded_aggregate,0.27458,0.8183844078399585,0.9556744078399586,0.13729000000000013,0.13193619762722963,0.13193619762722963,0.0,-0.5167940263693896,False,False,False,Informality is removed only from adoption q_bar and logit; fiscal-side informality is embedded in observed effective tax rates and is not separately ablated.
official_4c_phase_b_closure_baseline_official_v3,diagnostic,CHL,GMI:GMI_loaded_aggregate,high,r2,,,,-0.4684614894438767,,0.0,,baseline-official-v3,v1.0.1-official-4c,informality_adoption_ablation,GMI,GMI_loaded_aggregate,0.27458,0.8183844078399585,0.9556744078399586,0.13729000000000013,0.13193619762722963,0.13193619762722963,0.0,-0.4684614894438767,False,False,False,Informality is removed only from adoption q_bar and logit; fiscal-side informality is embedded in observed effective tax rates and is not separately ablated.
official_4c_phase_b_closure_baseline_official_v3,diagnostic,CHL,GMI:GMI_loaded_aggregate,high,r3,,,,-0.5917196601438648,,0.0,,baseline-official-v3,v1.0.1-official-4c,informality_adoption_ablation,GMI,GMI_loaded_aggregate,0.27458,0.8183844078399585,0.9556744078399586,0.13729000000000013,0.13193619762722963,0.13193619762722963,0.0,-0.5917196601438648,False,False,False,Informality is removed only from adoption q_bar and logit; fiscal-side informality is embedded in observed effective tax rates and is not separately ablated.
official_4c_phase_b_closure_baseline_official_v3,diagnostic,CHL,GMI:GMI_loaded_aggregate,high,r4,,,,-0.2928177396565345,,0.0,,baseline-official-v3,v1.0.1-official-4c,informality_adoption_ablation,GMI,GMI_loaded_aggregate,0.27458,0.8183844078399585,0.9556744078399586,0.13729000000000013,0.13193619762722963,0.13193619762722963,0.0,-0.2928177396565345,False,False,False,Informality is removed only from adoption q_bar and logit; fiscal-side informality is embedded in observed effective tax rates and is not separately ablated.
official_4c_phase_b_closure_baseline_official_v3,diagnostic,CHL,GMI:GMI_loaded_aggregate,stress,r0,,,,2.6012919140921213,,0.0,,baseline-official-v3,v1.0.1-official-4c,informality_adoption_ablation,GMI,GMI_loaded_aggregate,0.27458,0.8183844078399585,0.9556744078399586,0.13729000000000013,0.13193619762722963,0.13193619762722963,0.0,2.6012919140921213,True,True,False,Informality is removed only from adoption q_bar and logit; fiscal-side informality is embedded in observed effective tax rates and is not separately ablated.
official_4c_phase_b_closure_baseline_official_v3,diagnostic,CHL,GMI:GMI_loaded_aggregate,stress,r1,,,,2.811468863461758,,0.0,,baseline-official-v3,v1.0.1-official-4c,informality_adoption_ablation,GMI,GMI_loaded_aggregate,0.27458,0.8183844078399585,0.9556744078399586,0.13729000000000013,0.13193619762722963,0.13193619762722963,0.0,2.811468863461758,True,True,False,Informality is removed only from adoption q_bar and logit; fiscal-side informality is embedded in observed effective tax rates and is not separately ablated.
official_4c_phase_b_closure_baseline_official_v3,diagnostic,CHL,GMI:GMI_loaded_aggregate,stress,r2,,,,3.002572124538232,,0.0,,baseline-official-v3,v1.0.1-official-4c,informality_adoption_ablation,GMI,GMI_loaded_aggregate,0.27458,0.8183844078399585,0.9556744078399586,0.13729000000000013,0.13193619762722963,0.13193619762722963,0.0,3.002572124538232,True,True,False,Informality is removed only from adoption q_bar and logit; fiscal-side informality is embedded in observed effective tax rates and is not separately ablated.
official_4c_phase_b_closure_baseline_official_v3,diagnostic,CHL,GMI:GMI_loaded_aggregate,stress,r3,,,,2.663491599722916,,0.0,,baseline-official-v3,v1.0.1-official-4c,informality_adoption_ablation,GMI,GMI_loaded_aggregate,0.27458,0.8183844078399585,0.9556744078399586,0.13729000000000013,0.13193619762722963,0.13193619762722963,0.0,2.663491599722916,True,True,False,Informality is removed only from adoption q_bar and logit; fiscal-side informality is embedded in observed effective tax rates and is not separately ablated.
official_4c_phase_b_closure_baseline_official_v3,diagnostic,CHL,GMI:GMI_loaded_aggregate,stress,r4,,,,3.7997884605040277,,0.0,,baseline-official-v3,v1.0.1-official-4c,informality_adoption_ablation,GMI,GMI_loaded_aggregate,0.27458,0.8183844078399585,0.9556744078399586,0.13729000000000013,0.13193619762722963,0.13193619762722963,0.0,3.7997884605040277,True,True,False,Informality is removed only from adoption q_bar and logit; fiscal-side informality is embedded in observed effective tax rates and is not separately ablated.
official_4c_phase_b_closure_baseline_official_v3,diagnostic,CHL,MUT,low,r0,,,,-0.027545369585805446,,0.0,,baseline-official-v3,v1.0.1-official-4c,informality_adoption_ablation,MUT,,0.27458,0.8183844078399585,0.9556744078399586,0.13729000000000013,0.13193619762722963,0.13193619762722963,0.0,-0.027545369585805446,False,False,False,Informality is removed only from adoption q_bar and logit; fiscal-side informality is embedded in observed effective tax rates and is not separately ablated.
official_4c_phase_b_closure_baseline_official_v3,diagnostic,CHL,MUT,low,r1,,,,-0.026428441159305337,,0.0,,baseline-official-v3,v1.0.1-official-4c,informality_adoption_ablation,MUT,,0.27458,0.8183844078399585,0.9556744078399586,0.13729000000000013,0.13193619762722963,0.13193619762722963,0.0,-0.026428441159305337,False,False,False,Informality is removed only from adoption q_bar and logit; fiscal-side informality is embedded in observed effective tax rates and is not separately ablated.
official_4c_phase_b_closure_baseline_official_v3,diagnostic,CHL,MUT,low,r2,,,,-0.025856756561823104,,0.0,,baseline-official-v3,v1.0.1-official-4c,informality_adoption_ablation,MUT,,0.27458,0.8183844078399585,0.9556744078399586,0.13729000000000013,0.13193619762722963,0.13193619762722963,0.0,-0.025856756561823104,False,False,False,Informality is removed only from adoption q_bar and logit; fiscal-side informality is embedded in observed effective tax rates and is not separately ablated.
official_4c_phase_b_closure_baseline_official_v3,diagnostic,CHL,MUT,low,r3,,,,-0.027911180246958035,,0.0,,baseline-official-v3,v1.0.1-official-4c,informality_adoption_ablation,MUT,,0.27458,0.8183844078399585,0.9556744078399586,0.13729000000000013,0.13193619762722963,0.13193619762722963,0.0,-0.027911180246958035,False,False,False,Informality is removed only from adoption q_bar and logit; fiscal-side informality is embedded in observed effective tax rates and is not separately ablated.
official_4c_phase_b_closure_baseline_official_v3,diagnostic,CHL,MUT,low,r4,,,,-0.02417121869117475,,0.0,,baseline-official-v3,v1.0.1-official-4c,informality_adoption_ablation,MUT,,0.27458,0.8183844078399585,0.9556744078399586,0.13729000000000013,0.13193619762722963,0.13193619762722963,0.0,-0.02417121869117475,False,False,False,Informality is removed only from adoption q_bar and logit; fiscal-side informality is embedded in observed effective tax rates and is not separately ablated.
official_4c_phase_b_closure_baseline_official_v3,diagnostic,CHL,MUT,mid,r0,,,,0.05478863365369891,,0.0,,baseline-official-v3,v1.0.1-official-4c,informality_adoption_ablation,MUT,,0.27458,0.8183844078399585,0.9556744078399586,0.13729000000000013,0.13193619762722963,0.13193619762722963,0.0,0.05478863365369891,False,False,False,Informality is removed only from adoption q_bar and logit; fiscal-side informality is embedded in observed effective tax rates and is not separately ablated.
official_4c_phase_b_closure_baseline_official_v3,diagnostic,CHL,MUT,mid,r1,,,,0.05957039867281287,,0.0,,baseline-official-v3,v1.0.1-official-4c,informality_adoption_ablation,MUT,,0.27458,0.8183844078399585,0.9556744078399586,0.13729000000000013,0.13193619762722963,0.13193619762722963,0.0,0.05957039867281287,False,False,False,Informality is removed only from adoption q_bar and logit; fiscal-side informality is embedded in observed effective tax rates and is not separately ablated.
official_4c_phase_b_closure_baseline_official_v3,diagnostic,CHL,MUT,mid,r2,,,,0.06383402027543117,,0.0,,baseline-official-v3,v1.0.1-official-4c,informality_adoption_ablation,MUT,,0.27458,0.8183844078399585,0.9556744078399586,0.13729000000000013,0.13193619762722963,0.13193619762722963,0.0,0.06383402027543117,False,False,False,Informality is removed only from adoption q_bar and logit; fiscal-side informality is embedded in observed effective tax rates and is not separately ablated.
official_4c_phase_b_closure_baseline_official_v3,diagnostic,CHL,MUT,mid,r3,,,,0.05220388952469072,,0.0,,baseline-official-v3,v1.0.1-official-4c,informality_adoption_ablation,MUT,,0.27458,0.8183844078399585,0.9556744078399586,0.13729000000000013,0.13193619762722963,0.13193619762722963,0.0,0.05220388952469072,False,False,False,Informality is removed only from adoption q_bar and logit; fiscal-side informality is embedded in observed effective tax rates and is not separately ablated.
official_4c_phase_b_closure_baseline_official_v3,diagnostic,CHL,MUT,mid,r4,,,,0.07529925979843216,,0.0,,baseline-official-v3,v1.0.1-official-4c,informality_adoption_ablation,MUT,,0.27458,0.8183844078399585,0.9556744078399586,0.13729000000000013,0.13193619762722963,0.13193619762722963,0.0,0.07529925979843216,False,False,False,Informality is removed only from adoption q_bar and logit; fiscal-side informality is embedded in observed effective tax rates and is not separately ablated.
official_4c_phase_b_closure_baseline_official_v3,diagnostic,CHL,MUT,high,r0,,,,0.04123509284752161,,0.0,,baseline-official-v3,v1.0.1-official-4c,informality_adoption_ablation,MUT,,0.27458,0.8183844078399585,0.9556744078399586,0.13729000000000013,0.13193619762722963,0.13193619762722963,0.0,0.04123509284752161,False,False,False,Informality is removed only from adoption q_bar and logit; fiscal-side informality is embedded in observed effective tax rates and is not separately ablated.
official_4c_phase_b_closure_baseline_official_v3,diagnostic,CHL,MUT,high,r1,,,,0.045392830251829525,,0.0,,baseline-official-v3,v1.0.1-official-4c,informality_adoption_ablation,MUT,,0.27458,0.8183844078399585,0.9556744078399586,0.13729000000000013,0.13193619762722963,0.13193619762722963,0.0,0.045392830251829525,False,False,False,Informality is removed only from adoption q_bar and logit; fiscal-side informality is embedded in observed effective tax rates and is not separately ablated.
official_4c_phase_b_closure_baseline_official_v3,diagnostic,CHL,MUT,high,r2,,,,0.04904677004339831,,0.0,,baseline-official-v3,v1.0.1-official-4c,informality_adoption_ablation,MUT,,0.27458,0.8183844078399585,0.9556744078399586,0.13729000000000013,0.13193619762722963,0.13193619762722963,0.0,0.04904677004339831,False,False,False,Informality is removed only from adoption q_bar and logit; fiscal-side informality is embedded in observed effective tax rates and is not separately ablated.
official_4c_phase_b_closure_baseline_official_v3,diagnostic,CHL,MUT,high,r3,,,,0.040430928385150736,,0.0,,baseline-official-v3,v1.0.1-official-4c,informality_adoption_ablation,MUT,,0.27458,0.8183844078399585,0.9556744078399586,0.13729000000000013,0.13193619762722963,0.13193619762722963,0.0,0.040430928385150736,False,False,False,Informality is removed only from adoption q_bar and logit; fiscal-side informality is embedded in observed effective tax rates and is not separately ablated.
official_4c_phase_b_closure_baseline_official_v3,diagnostic,CHL,MUT,high,r4,,,,0.061154644116202174,,0.0,,baseline-official-v3,v1.0.1-official-4c,informality_adoption_ablation,MUT,,0.27458,0.8183844078399585,0.9556744078399586,0.13729000000000013,0.13193619762722963,0.13193619762722963,0.0,0.061154644116202174,False,False,False,Informality is removed only from adoption q_bar and logit; fiscal-side informality is embedded in observed effective tax rates and is not separately ablated.
official_4c_phase_b_closure_baseline_official_v3,diagnostic,CHL,MUT,stress,r0,,,,0.28229092076183904,,0.0,,baseline-official-v3,v1.0.1-official-4c,informality_adoption_ablation,MUT,,0.27458,0.8183844078399585,0.9556744078399586,0.13729000000000013,0.13193619762722963,0.13193619762722963,0.0,0.28229092076183904,False,False,False,Informality is removed only from adoption q_bar and logit; fiscal-side informality is embedded in observed effective tax rates and is not separately ablated.
official_4c_phase_b_closure_baseline_official_v3,diagnostic,CHL,MUT,stress,r1,,,,0.29700950472306437,,0.0,,baseline-official-v3,v1.0.1-official-4c,informality_adoption_ablation,MUT,,0.27458,0.8183844078399585,0.9556744078399586,0.13729000000000013,0.13193619762722963,0.13193619762722963,0.0,0.29700950472306437,False,False,False,Informality is removed only from adoption q_bar and logit; fiscal-side informality is embedded in observed effective tax rates and is not separately ablated.
official_4c_phase_b_closure_baseline_official_v3,diagnostic,CHL,MUT,stress,r2,,,,0.3114569112604458,,0.0,,baseline-official-v3,v1.0.1-official-4c,informality_adoption_ablation,MUT,,0.27458,0.8183844078399585,0.9556744078399586,0.13729000000000013,0.13193619762722963,0.13193619762722963,0.0,0.3114569112604458,False,False,False,Informality is removed only from adoption q_bar and logit; fiscal-side informality is embedded in observed effective tax rates and is not separately ablated.
official_4c_phase_b_closure_baseline_official_v3,diagnostic,CHL,MUT,stress,r3,,,,0.28652489963107936,,0.0,,baseline-official-v3,v1.0.1-official-4c,informality_adoption_ablation,MUT,,0.27458,0.8183844078399585,0.9556744078399586,0.13729000000000013,0.13193619762722963,0.13193619762722963,0.0,0.28652489963107936,False,False,False,Informality is removed only from adoption q_bar and logit; fiscal-side informality is embedded in observed effective tax rates and is not separately ablated.
official_4c_phase_b_closure_baseline_official_v3,diagnostic,CHL,MUT,stress,r4,,,,0.3705556728483406,,0.0,,baseline-official-v3,v1.0.1-official-4c,informality_adoption_ablation,MUT,,0.27458,0.8183844078399585,0.9556744078399586,0.13729000000000013,0.13193619762722963,0.13193619762722963,0.0,0.3705556728483406,False,False,False,Informality is removed only from adoption q_bar and logit; fiscal-side informality is embedded in observed effective tax rates and is not separately ablated.
official_4c_phase_b_closure_baseline_official_v3,diagnostic,CHL,PBI,low,r0,,,,-0.010457185197683641,,0.0,,baseline-official-v3,v1.0.1-official-4c,informality_adoption_ablation,PBI,,0.27458,0.8183844078399585,0.9556744078399586,0.13729000000000013,0.13193619762722963,0.13193619762722963,0.0,-0.010457185197683641,False,False,False,Informality is removed only from adoption q_bar and logit; fiscal-side informality is embedded in observed effective tax rates and is not separately ablated.
official_4c_phase_b_closure_baseline_official_v3,diagnostic,CHL,PBI,low,r1,,,,-0.009871092409669012,,0.0,,baseline-official-v3,v1.0.1-official-4c,informality_adoption_ablation,PBI,,0.27458,0.8183844078399585,0.9556744078399586,0.13729000000000013,0.13193619762722963,0.13193619762722963,0.0,-0.009871092409669012,False,False,False,Informality is removed only from adoption q_bar and logit; fiscal-side informality is embedded in observed effective tax rates and is not separately ablated.
official_4c_phase_b_closure_baseline_official_v3,diagnostic,CHL,PBI,low,r2,,,,-0.009528910713219348,,0.0,,baseline-official-v3,v1.0.1-official-4c,informality_adoption_ablation,PBI,,0.27458,0.8183844078399585,0.9556744078399586,0.13729000000000013,0.13193619762722963,0.13193619762722963,0.0,-0.009528910713219348,False,False,False,Informality is removed only from adoption q_bar and logit; fiscal-side informality is embedded in observed effective tax rates and is not separately ablated.
official_4c_phase_b_closure_baseline_official_v3,diagnostic,CHL,PBI,low,r3,,,,-0.010709118887908268,,0.0,,baseline-official-v3,v1.0.1-official-4c,informality_adoption_ablation,PBI,,0.27458,0.8183844078399585,0.9556744078399586,0.13729000000000013,0.13193619762722963,0.13193619762722963,0.0,-0.010709118887908268,False,False,False,Informality is removed only from adoption q_bar and logit; fiscal-side informality is embedded in observed effective tax rates and is not separately ablated.
official_4c_phase_b_closure_baseline_official_v3,diagnostic,CHL,PBI,low,r4,,,,-0.008602476861140986,,0.0,,baseline-official-v3,v1.0.1-official-4c,informality_adoption_ablation,PBI,,0.27458,0.8183844078399585,0.9556744078399586,0.13729000000000013,0.13193619762722963,0.13193619762722963,0.0,-0.008602476861140986,False,False,False,Informality is removed only from adoption q_bar and logit; fiscal-side informality is embedded in observed effective tax rates and is not separately ablated.
official_4c_phase_b_closure_baseline_official_v3,diagnostic,CHL,PBI,mid,r0,,,,0.03882381524917792,,0.0,,baseline-official-v3,v1.0.1-official-4c,informality_adoption_ablation,PBI,,0.27458,0.8183844078399585,0.9556744078399586,0.13729000000000013,0.13193619762722963,0.13193619762722963,0.0,0.03882381524917792,False,False,False,Informality is removed only from adoption q_bar and logit; fiscal-side informality is embedded in observed effective tax rates and is not separately ablated.
official_4c_phase_b_closure_baseline_official_v3,diagnostic,CHL,PBI,mid,r1,,,,0.041603495214447915,,0.0,,baseline-official-v3,v1.0.1-official-4c,informality_adoption_ablation,PBI,,0.27458,0.8183844078399585,0.9556744078399586,0.13729000000000013,0.13193619762722963,0.13193619762722963,0.0,0.041603495214447915,False,False,False,Informality is removed only from adoption q_bar and logit; fiscal-side informality is embedded in observed effective tax rates and is not separately ablated.
official_4c_phase_b_closure_baseline_official_v3,diagnostic,CHL,PBI,mid,r2,,,,0.044155485034409275,,0.0,,baseline-official-v3,v1.0.1-official-4c,informality_adoption_ablation,PBI,,0.27458,0.8183844078399585,0.9556744078399586,0.13729000000000013,0.13193619762722963,0.13193619762722963,0.0,0.044155485034409275,False,False,False,Informality is removed only from adoption q_bar and logit; fiscal-side informality is embedded in observed effective tax rates and is not separately ablated.
official_4c_phase_b_closure_baseline_official_v3,diagnostic,CHL,PBI,mid,r3,,,,0.0372437393951033,,0.0,,baseline-official-v3,v1.0.1-official-4c,informality_adoption_ablation,PBI,,0.27458,0.8183844078399585,0.9556744078399586,0.13729000000000013,0.13193619762722963,0.13193619762722963,0.0,0.0372437393951033,False,False,False,Informality is removed only from adoption q_bar and logit; fiscal-side informality is embedded in observed effective tax rates and is not separately ablated.
official_4c_phase_b_closure_baseline_official_v3,diagnostic,CHL,PBI,mid,r4,,,,0.0509355572684061,,0.0,,baseline-official-v3,v1.0.1-official-4c,informality_adoption_ablation,PBI,,0.27458,0.8183844078399585,0.9556744078399586,0.13729000000000013,0.13193619762722963,0.13193619762722963,0.0,0.0509355572684061,False,False,False,Informality is removed only from adoption q_bar and logit; fiscal-side informality is embedded in observed effective tax rates and is not separately ablated.
official_4c_phase_b_closure_baseline_official_v3,diagnostic,CHL,PBI,high,r0,,,,0.030711346229752152,,0.0,,baseline-official-v3,v1.0.1-official-4c,informality_adoption_ablation,PBI,,0.27458,0.8183844078399585,0.9556744078399586,0.13729000000000013,0.13193619762722963,0.13193619762722963,0.0,0.030711346229752152,False,False,False,Informality is removed only from adoption q_bar and logit; fiscal-side informality is embedded in observed effective tax rates and is not separately ablated.
official_4c_phase_b_closure_baseline_official_v3,diagnostic,CHL,PBI,high,r1,,,,0.033117514596483044,,0.0,,baseline-official-v3,v1.0.1-official-4c,informality_adoption_ablation,PBI,,0.27458,0.8183844078399585,0.9556744078399586,0.13729000000000013,0.13193619762722963,0.13193619762722963,0.0,0.033117514596483044,False,False,False,Informality is removed only from adoption q_bar and logit; fiscal-side informality is embedded in observed effective tax rates and is not separately ablated.
official_4c_phase_b_closure_baseline_official_v3,diagnostic,CHL,PBI,high,r2,,,,0.03530457949574824,,0.0,,baseline-official-v3,v1.0.1-official-4c,informality_adoption_ablation,PBI,,0.27458,0.8183844078399585,0.9556744078399586,0.13729000000000013,0.13193619762722963,0.13193619762722963,0.0,0.03530457949574824,False,False,False,Informality is removed only from adoption q_bar and logit; fiscal-side informality is embedded in observed effective tax rates and is not separately ablated.
official_4c_phase_b_closure_baseline_official_v3,diagnostic,CHL,PBI,high,r3,,,,0.03019703596334088,,0.0,,baseline-official-v3,v1.0.1-official-4c,informality_adoption_ablation,PBI,,0.27458,0.8183844078399585,0.9556744078399586,0.13729000000000013,0.13193619762722963,0.13193619762722963,0.0,0.03019703596334088,False,False,False,Informality is removed only from adoption q_bar and logit; fiscal-side informality is embedded in observed effective tax rates and is not separately ablated.
official_4c_phase_b_closure_baseline_official_v3,diagnostic,CHL,PBI,high,r4,,,,0.04246930050534121,,0.0,,baseline-official-v3,v1.0.1-official-4c,informality_adoption_ablation,PBI,,0.27458,0.8183844078399585,0.9556744078399586,0.13729000000000013,0.13193619762722963,0.13193619762722963,0.0,0.04246930050534121,False,False,False,Informality is removed only from adoption q_bar and logit; fiscal-side informality is embedded in observed effective tax rates and is not separately ablated.
official_4c_phase_b_closure_baseline_official_v3,diagnostic,CHL,PBI,stress,r0,,,,0.17499526169305635,,0.0,,baseline-official-v3,v1.0.1-official-4c,informality_adoption_ablation,PBI,,0.27458,0.8183844078399585,0.9556744078399586,0.13729000000000013,0.13193619762722963,0.13193619762722963,0.0,0.17499526169305635,False,False,False,Informality is removed only from adoption q_bar and logit; fiscal-side informality is embedded in observed effective tax rates and is not separately ablated.
official_4c_phase_b_closure_baseline_official_v3,diagnostic,CHL,PBI,stress,r1,,,,0.18372262256122232,,0.0,,baseline-official-v3,v1.0.1-official-4c,informality_adoption_ablation,PBI,,0.27458,0.8183844078399585,0.9556744078399586,0.13729000000000013,0.13193619762722963,0.13193619762722963,0.0,0.18372262256122232,False,False,False,Informality is removed only from adoption q_bar and logit; fiscal-side informality is embedded in observed effective tax rates and is not separately ablated.
official_4c_phase_b_closure_baseline_official_v3,diagnostic,CHL,PBI,stress,r2,,,,0.19237011472741242,,0.0,,baseline-official-v3,v1.0.1-official-4c,informality_adoption_ablation,PBI,,0.27458,0.8183844078399585,0.9556744078399586,0.13729000000000013,0.13193619762722963,0.13193619762722963,0.0,0.19237011472741242,False,False,False,Informality is removed only from adoption q_bar and logit; fiscal-side informality is embedded in observed effective tax rates and is not separately ablated.
official_4c_phase_b_closure_baseline_official_v3,diagnostic,CHL,PBI,stress,r3,,,,0.17749653106576743,,0.0,,baseline-official-v3,v1.0.1-official-4c,informality_adoption_ablation,PBI,,0.27458,0.8183844078399585,0.9556744078399586,0.13729000000000013,0.13193619762722963,0.13193619762722963,0.0,0.17749653106576743,False,False,False,Informality is removed only from adoption q_bar and logit; fiscal-side informality is embedded in observed effective tax rates and is not separately ablated.
official_4c_phase_b_closure_baseline_official_v3,diagnostic,CHL,PBI,stress,r4,,,,0.22766122164700697,,0.0,,baseline-official-v3,v1.0.1-official-4c,informality_adoption_ablation,PBI,,0.27458,0.8183844078399585,0.9556744078399586,0.13729000000000013,0.13193619762722963,0.13193619762722963,0.0,0.22766122164700697,False,False,False,Informality is removed only from adoption q_bar and logit; fiscal-side informality is embedded in observed effective tax rates and is not separately ablated.
official_4c_phase_b_closure_baseline_official_v3,diagnostic,CHL,UBI,low,r0,,,,-0.0031084048057245395,,0.0,,baseline-official-v3,v1.0.1-official-4c,informality_adoption_ablation,UBI,,0.27458,0.8183844078399585,0.9556744078399586,0.13729000000000013,0.13193619762722963,0.13193619762722963,0.0,-0.0031084048057245395,False,False,False,Informality is removed only from adoption q_bar and logit; fiscal-side informality is embedded in observed effective tax rates and is not separately ablated.
official_4c_phase_b_closure_baseline_official_v3,diagnostic,CHL,UBI,low,r1,,,,-0.0028808253495900675,,0.0,,baseline-official-v3,v1.0.1-official-4c,informality_adoption_ablation,UBI,,0.27458,0.8183844078399585,0.9556744078399586,0.13729000000000013,0.13193619762722963,0.13193619762722963,0.0,-0.0028808253495900675,False,False,False,Informality is removed only from adoption q_bar and logit; fiscal-side informality is embedded in observed effective tax rates and is not separately ablated.
official_4c_phase_b_closure_baseline_official_v3,diagnostic,CHL,UBI,low,r2,,,,-0.002737904200219509,,0.0,,baseline-official-v3,v1.0.1-official-4c,informality_adoption_ablation,UBI,,0.27458,0.8183844078399585,0.9556744078399586,0.13729000000000013,0.13193619762722963,0.13193619762722963,0.0,-0.002737904200219509,False,False,False,Informality is removed only from adoption q_bar and logit; fiscal-side informality is embedded in observed effective tax rates and is not separately ablated.
official_4c_phase_b_closure_baseline_official_v3,diagnostic,CHL,UBI,low,r3,,,,-0.0032205185312089092,,0.0,,baseline-official-v3,v1.0.1-official-4c,informality_adoption_ablation,UBI,,0.27458,0.8183844078399585,0.9556744078399586,0.13729000000000013,0.13193619762722963,0.13193619762722963,0.0,-0.0032205185312089092,False,False,False,Informality is removed only from adoption q_bar and logit; fiscal-side informality is embedded in observed effective tax rates and is not separately ablated.
official_4c_phase_b_closure_baseline_official_v3,diagnostic,CHL,UBI,low,r4,,,,-0.0023681723830479727,,0.0,,baseline-official-v3,v1.0.1-official-4c,informality_adoption_ablation,UBI,,0.27458,0.8183844078399585,0.9556744078399586,0.13729000000000013,0.13193619762722963,0.13193619762722963,0.0,-0.0023681723830479727,False,False,False,Informality is removed only from adoption q_bar and logit; fiscal-side informality is embedded in observed effective tax rates and is not separately ablated.
official_4c_phase_b_closure_baseline_official_v3,diagnostic,CHL,UBI,mid,r0,,,,0.017475096004151546,,0.0,,baseline-official-v3,v1.0.1-official-4c,informality_adoption_ablation,UBI,,0.27458,0.8183844078399585,0.9556744078399586,0.13729000000000013,0.13193619762722963,0.13193619762722963,0.0,0.017475096004151546,False,False,False,Informality is removed only from adoption q_bar and logit; fiscal-side informality is embedded in observed effective tax rates and is not separately ablated.
official_4c_phase_b_closure_baseline_official_v3,diagnostic,CHL,UBI,mid,r1,,,,0.018618884608439485,,0.0,,baseline-official-v3,v1.0.1-official-4c,informality_adoption_ablation,UBI,,0.27458,0.8183844078399585,0.9556744078399586,0.13729000000000013,0.13193619762722963,0.13193619762722963,0.0,0.018618884608439485,False,False,False,Informality is removed only from adoption q_bar and logit; fiscal-side informality is embedded in observed effective tax rates and is not separately ablated.
official_4c_phase_b_closure_baseline_official_v3,diagnostic,CHL,UBI,mid,r2,,,,0.01968479000909406,,0.0,,baseline-official-v3,v1.0.1-official-4c,informality_adoption_ablation,UBI,,0.27458,0.8183844078399585,0.9556744078399586,0.13729000000000013,0.13193619762722963,0.13193619762722963,0.0,0.01968479000909406,False,False,False,Informality is removed only from adoption q_bar and logit; fiscal-side informality is embedded in observed effective tax rates and is not separately ablated.
official_4c_phase_b_closure_baseline_official_v3,diagnostic,CHL,UBI,mid,r3,,,,0.01680824891170328,,0.0,,baseline-official-v3,v1.0.1-official-4c,informality_adoption_ablation,UBI,,0.27458,0.8183844078399585,0.9556744078399586,0.13729000000000013,0.13193619762722963,0.13193619762722963,0.0,0.01680824891170328,False,False,False,Informality is removed only from adoption q_bar and logit; fiscal-side informality is embedded in observed effective tax rates and is not separately ablated.
official_4c_phase_b_closure_baseline_official_v3,diagnostic,CHL,UBI,mid,r4,,,,0.02249944723935375,,0.0,,baseline-official-v3,v1.0.1-official-4c,informality_adoption_ablation,UBI,,0.27458,0.8183844078399585,0.9556744078399586,0.13729000000000013,0.13193619762722963,0.13193619762722963,0.0,0.02249944723935375,False,False,False,Informality is removed only from adoption q_bar and logit; fiscal-side informality is embedded in observed effective tax rates and is not separately ablated.
official_4c_phase_b_closure_baseline_official_v3,diagnostic,CHL,UBI,high,r0,,,,0.014086710802607223,,0.0,,baseline-official-v3,v1.0.1-official-4c,informality_adoption_ablation,UBI,,0.27458,0.8183844078399585,0.9556744078399586,0.13729000000000013,0.13193619762722963,0.13193619762722963,0.0,0.014086710802607223,False,False,False,Informality is removed only from adoption q_bar and logit; fiscal-side informality is embedded in observed effective tax rates and is not separately ablated.
official_4c_phase_b_closure_baseline_official_v3,diagnostic,CHL,UBI,high,r1,,,,0.015074492503193647,,0.0,,baseline-official-v3,v1.0.1-official-4c,informality_adoption_ablation,UBI,,0.27458,0.8183844078399585,0.9556744078399586,0.13729000000000013,0.13193619762722963,0.13193619762722963,0.0,0.015074492503193647,False,False,False,Informality is removed only from adoption q_bar and logit; fiscal-side informality is embedded in observed effective tax rates and is not separately ablated.
official_4c_phase_b_closure_baseline_official_v3,diagnostic,CHL,UBI,high,r2,,,,0.015987977451085843,,0.0,,baseline-official-v3,v1.0.1-official-4c,informality_adoption_ablation,UBI,,0.27458,0.8183844078399585,0.9556744078399586,0.13729000000000013,0.13193619762722963,0.13193619762722963,0.0,0.015987977451085843,False,False,False,Informality is removed only from adoption q_bar and logit; fiscal-side informality is embedded in observed effective tax rates and is not separately ablated.
official_4c_phase_b_closure_baseline_official_v3,diagnostic,CHL,UBI,high,r3,,,,0.013865008626818283,,0.0,,baseline-official-v3,v1.0.1-official-4c,informality_adoption_ablation,UBI,,0.27458,0.8183844078399585,0.9556744078399586,0.13729000000000013,0.13193619762722963,0.13193619762722963,0.0,0.013865008626818283,False,False,False,Informality is removed only from adoption q_bar and logit; fiscal-side informality is embedded in observed effective tax rates and is not separately ablated.
official_4c_phase_b_closure_baseline_official_v3,diagnostic,CHL,UBI,high,r4,,,,0.018963293318796256,,0.0,,baseline-official-v3,v1.0.1-official-4c,informality_adoption_ablation,UBI,,0.27458,0.8183844078399585,0.9556744078399586,0.13729000000000013,0.13193619762722963,0.13193619762722963,0.0,0.018963293318796256,False,False,False,Informality is removed only from adoption q_bar and logit; fiscal-side informality is embedded in observed effective tax rates and is not separately ablated.
official_4c_phase_b_closure_baseline_official_v3,diagnostic,CHL,UBI,stress,r0,,,,0.07435066778118657,,0.0,,baseline-official-v3,v1.0.1-official-4c,informality_adoption_ablation,UBI,,0.27458,0.8183844078399585,0.9556744078399586,0.13729000000000013,0.13193619762722963,0.13193619762722963,0.0,0.07435066778118657,False,False,False,Informality is removed only from adoption q_bar and logit; fiscal-side informality is embedded in observed effective tax rates and is not separately ablated.
official_4c_phase_b_closure_baseline_official_v3,diagnostic,CHL,UBI,stress,r1,,,,0.07797866112100235,,0.0,,baseline-official-v3,v1.0.1-official-4c,informality_adoption_ablation,UBI,,0.27458,0.8183844078399585,0.9556744078399586,0.13729000000000013,0.13193619762722963,0.13193619762722963,0.0,0.07797866112100235,False,False,False,Informality is removed only from adoption q_bar and logit; fiscal-side informality is embedded in observed effective tax rates and is not separately ablated.
official_4c_phase_b_closure_baseline_official_v3,diagnostic,CHL,UBI,stress,r2,,,,0.0815905127553477,,0.0,,baseline-official-v3,v1.0.1-official-4c,informality_adoption_ablation,UBI,,0.27458,0.8183844078399585,0.9556744078399586,0.13729000000000013,0.13193619762722963,0.13193619762722963,0.0,0.0815905127553477,False,False,False,Informality is removed only from adoption q_bar and logit; fiscal-side informality is embedded in observed effective tax rates and is not separately ablated.
official_4c_phase_b_closure_baseline_official_v3,diagnostic,CHL,UBI,stress,r3,,,,0.07538850143830045,,0.0,,baseline-official-v3,v1.0.1-official-4c,informality_adoption_ablation,UBI,,0.27458,0.8183844078399585,0.9556744078399586,0.13729000000000013,0.13193619762722963,0.13193619762722963,0.0,0.07538850143830045,False,False,False,Informality is removed only from adoption q_bar and logit; fiscal-side informality is embedded in observed effective tax rates and is not separately ablated.
official_4c_phase_b_closure_baseline_official_v3,diagnostic,CHL,UBI,stress,r4,,,,0.09631355050183088,,0.0,,baseline-official-v3,v1.0.1-official-4c,informality_adoption_ablation,UBI,,0.27458,0.8183844078399585,0.9556744078399586,0.13729000000000013,0.13193619762722963,0.13193619762722963,0.0,0.09631355050183088,False,False,False,Informality is removed only from adoption q_bar and logit; fiscal-side informality is embedded in observed effective tax rates and is not separately ablated.
official_4c_phase_b_closure_baseline_official_v3,diagnostic,COL,PEN,low,r0,,,,-0.1616526824314932,,0.0,,baseline-official-v3,v1.0.1-official-4c,informality_adoption_ablation,PEN,,0.56143,0.600030777893946,0.880745777893946,0.28071500000000005,0.11025500105222721,0.11025500105222721,0.0,-0.1616526824314932,False,False,False,Informality is removed only from adoption q_bar and logit; fiscal-side informality is embedded in observed effective tax rates and is not separately ablated.
official_4c_phase_b_closure_baseline_official_v3,diagnostic,COL,PEN,low,r1,,,,-0.15716114096146283,,0.0,,baseline-official-v3,v1.0.1-official-4c,informality_adoption_ablation,PEN,,0.56143,0.600030777893946,0.880745777893946,0.28071500000000005,0.11025500105222721,0.11025500105222721,0.0,-0.15716114096146283,False,False,False,Informality is removed only from adoption q_bar and logit; fiscal-side informality is embedded in observed effective tax rates and is not separately ablated.
official_4c_phase_b_closure_baseline_official_v3,diagnostic,COL,PEN,low,r2,,,,-0.1556718790505419,,0.0,,baseline-official-v3,v1.0.1-official-4c,informality_adoption_ablation,PEN,,0.56143,0.600030777893946,0.880745777893946,0.28071500000000005,0.11025500105222721,0.11025500105222721,0.0,-0.1556718790505419,False,False,False,Informality is removed only from adoption q_bar and logit; fiscal-side informality is embedded in observed effective tax rates and is not separately ablated.
official_4c_phase_b_closure_baseline_official_v3,diagnostic,COL,PEN,low,r3,,,,-0.16174881015221895,,0.0,,baseline-official-v3,v1.0.1-official-4c,informality_adoption_ablation,PEN,,0.56143,0.600030777893946,0.880745777893946,0.28071500000000005,0.11025500105222721,0.11025500105222721,0.0,-0.16174881015221895,False,False,False,Informality is removed only from adoption q_bar and logit; fiscal-side informality is embedded in observed effective tax rates and is not separately ablated.
official_4c_phase_b_closure_baseline_official_v3,diagnostic,COL,PEN,low,r4,,,,-0.15005773900526218,,0.0,,baseline-official-v3,v1.0.1-official-4c,informality_adoption_ablation,PEN,,0.56143,0.600030777893946,0.880745777893946,0.28071500000000005,0.11025500105222721,0.11025500105222721,0.0,-0.15005773900526218,False,False,False,Informality is removed only from adoption q_bar and logit; fiscal-side informality is embedded in observed effective tax rates and is not separately ablated.
official_4c_phase_b_closure_baseline_official_v3,diagnostic,COL,PEN,mid,r0,,,,0.059840611829065055,,0.0,,baseline-official-v3,v1.0.1-official-4c,informality_adoption_ablation,PEN,,0.56143,0.600030777893946,0.880745777893946,0.28071500000000005,0.11025500105222721,0.11025500105222721,0.0,0.059840611829065055,False,False,False,Informality is removed only from adoption q_bar and logit; fiscal-side informality is embedded in observed effective tax rates and is not separately ablated.
official_4c_phase_b_closure_baseline_official_v3,diagnostic,COL,PEN,mid,r1,,,,0.07615162499251082,,0.0,,baseline-official-v3,v1.0.1-official-4c,informality_adoption_ablation,PEN,,0.56143,0.600030777893946,0.880745777893946,0.28071500000000005,0.11025500105222721,0.11025500105222721,0.0,0.07615162499251082,False,False,False,Informality is removed only from adoption q_bar and logit; fiscal-side informality is embedded in observed effective tax rates and is not separately ablated.
official_4c_phase_b_closure_baseline_official_v3,diagnostic,COL,PEN,mid,r2,,,,0.08775513095949919,,0.0,,baseline-official-v3,v1.0.1-official-4c,informality_adoption_ablation,PEN,,0.56143,0.600030777893946,0.880745777893946,0.28071500000000005,0.11025500105222721,0.11025500105222721,0.0,0.08775513095949919,False,False,False,Informality is removed only from adoption q_bar and logit; fiscal-side informality is embedded in observed effective tax rates and is not separately ablated.
official_4c_phase_b_closure_baseline_official_v3,diagnostic,COL,PEN,mid,r3,,,,0.05537408455376597,,0.0,,baseline-official-v3,v1.0.1-official-4c,informality_adoption_ablation,PEN,,0.56143,0.600030777893946,0.880745777893946,0.28071500000000005,0.11025500105222721,0.11025500105222721,0.0,0.05537408455376597,False,False,False,Informality is removed only from adoption q_bar and logit; fiscal-side informality is embedded in observed effective tax rates and is not separately ablated.
official_4c_phase_b_closure_baseline_official_v3,diagnostic,COL,PEN,mid,r4,,,,0.12003381549483144,,0.0,,baseline-official-v3,v1.0.1-official-4c,informality_adoption_ablation,PEN,,0.56143,0.600030777893946,0.880745777893946,0.28071500000000005,0.11025500105222721,0.11025500105222721,0.0,0.12003381549483144,False,False,False,Informality is removed only from adoption q_bar and logit; fiscal-side informality is embedded in observed effective tax rates and is not separately ablated.
official_4c_phase_b_closure_baseline_official_v3,diagnostic,COL,PEN,high,r0,,,,0.048386054414874265,,0.0,,baseline-official-v3,v1.0.1-official-4c,informality_adoption_ablation,PEN,,0.56143,0.600030777893946,0.880745777893946,0.28071500000000005,0.11025500105222721,0.11025500105222721,0.0,0.048386054414874265,False,False,False,Informality is removed only from adoption q_bar and logit; fiscal-side informality is embedded in observed effective tax rates and is not separately ablated.
official_4c_phase_b_closure_baseline_official_v3,diagnostic,COL,PEN,high,r1,,,,0.06424646550143735,,0.0,,baseline-official-v3,v1.0.1-official-4c,informality_adoption_ablation,PEN,,0.56143,0.600030777893946,0.880745777893946,0.28071500000000005,0.11025500105222721,0.11025500105222721,0.0,0.06424646550143735,False,False,False,Informality is removed only from adoption q_bar and logit; fiscal-side informality is embedded in observed effective tax rates and is not separately ablated.
official_4c_phase_b_closure_baseline_official_v3,diagnostic,COL,PEN,high,r2,,,,0.07534184776074135,,0.0,,baseline-official-v3,v1.0.1-official-4c,informality_adoption_ablation,PEN,,0.56143,0.600030777893946,0.880745777893946,0.28071500000000005,0.11025500105222721,0.11025500105222721,0.0,0.07534184776074135,False,False,False,Informality is removed only from adoption q_bar and logit; fiscal-side informality is embedded in observed effective tax rates and is not separately ablated.
official_4c_phase_b_closure_baseline_official_v3,diagnostic,COL,PEN,high,r3,,,,0.04857974040432897,,0.0,,baseline-official-v3,v1.0.1-official-4c,informality_adoption_ablation,PEN,,0.56143,0.600030777893946,0.880745777893946,0.28071500000000005,0.11025500105222721,0.11025500105222721,0.0,0.04857974040432897,False,False,False,Informality is removed only from adoption q_bar and logit; fiscal-side informality is embedded in observed effective tax rates and is not separately ablated.
official_4c_phase_b_closure_baseline_official_v3,diagnostic,COL,PEN,high,r4,,,,0.11304984789952785,,0.0,,baseline-official-v3,v1.0.1-official-4c,informality_adoption_ablation,PEN,,0.56143,0.600030777893946,0.880745777893946,0.28071500000000005,0.11025500105222721,0.11025500105222721,0.0,0.11304984789952785,False,False,False,Informality is removed only from adoption q_bar and logit; fiscal-side informality is embedded in observed effective tax rates and is not separately ablated.
official_4c_phase_b_closure_baseline_official_v3,diagnostic,COL,PEN,stress,r0,,,,0.6460758689243442,,0.0,,baseline-official-v3,v1.0.1-official-4c,informality_adoption_ablation,PEN,,0.56143,0.600030777893946,0.880745777893946,0.28071500000000005,0.11025500105222721,0.11025500105222721,0.0,0.6460758689243442,False,False,False,Informality is removed only from adoption q_bar and logit; fiscal-side informality is embedded in observed effective tax rates and is not separately ablated.
official_4c_phase_b_closure_baseline_official_v3,diagnostic,COL,PEN,stress,r1,,,,0.6949873281957988,,0.0,,baseline-official-v3,v1.0.1-official-4c,informality_adoption_ablation,PEN,,0.56143,0.600030777893946,0.880745777893946,0.28071500000000005,0.11025500105222721,0.11025500105222721,0.0,0.6949873281957988,False,False,False,Informality is removed only from adoption q_bar and logit; fiscal-side informality is embedded in observed effective tax rates and is not separately ablated.
official_4c_phase_b_closure_baseline_official_v3,diagnostic,COL,PEN,stress,r2,,,,0.7334830958149307,,0.0,,baseline-official-v3,v1.0.1-official-4c,informality_adoption_ablation,PEN,,0.56143,0.600030777893946,0.880745777893946,0.28071500000000005,0.11025500105222721,0.11025500105222721,0.0,0.7334830958149307,False,False,False,Informality is removed only from adoption q_bar and logit; fiscal-side informality is embedded in observed effective tax rates and is not separately ablated.
official_4c_phase_b_closure_baseline_official_v3,diagnostic,COL,PEN,stress,r3,,,,0.666405070677217,,0.0,,baseline-official-v3,v1.0.1-official-4c,informality_adoption_ablation,PEN,,0.56143,0.600030777893946,0.880745777893946,0.28071500000000005,0.11025500105222721,0.11025500105222721,0.0,0.666405070677217,False,False,False,Informality is removed only from adoption q_bar and logit; fiscal-side informality is embedded in observed effective tax rates and is not separately ablated.
official_4c_phase_b_closure_baseline_official_v3,diagnostic,COL,PEN,stress,r4,,,,0.8921678021680992,,0.0,,baseline-official-v3,v1.0.1-official-4c,informality_adoption_ablation,PEN,,0.56143,0.600030777893946,0.880745777893946,0.28071500000000005,0.11025500105222721,0.11025500105222721,0.0,0.8921678021680992,False,False,False,Informality is removed only from adoption q_bar and logit; fiscal-side informality is embedded in observed effective tax rates and is not separately ablated.
official_4c_phase_b_closure_baseline_official_v3,diagnostic,COL,GMI:GMI_ideal_aggregate,low,r0,,,,-0.11266323854020902,,0.0,,baseline-official-v3,v1.0.1-official-4c,informality_adoption_ablation,GMI,GMI_ideal_aggregate,0.56143,0.600030777893946,0.880745777893946,0.28071500000000005,0.11025500105222721,0.11025500105222721,0.0,-0.11266323854020902,False,False,False,Informality is removed only from adoption q_bar and logit; fiscal-side informality is embedded in observed effective tax rates and is not separately ablated.
official_4c_phase_b_closure_baseline_official_v3,diagnostic,COL,GMI:GMI_ideal_aggregate,low,r1,,,,-0.11043169530349052,,0.0,,baseline-official-v3,v1.0.1-official-4c,informality_adoption_ablation,GMI,GMI_ideal_aggregate,0.56143,0.600030777893946,0.880745777893946,0.28071500000000005,0.11025500105222721,0.11025500105222721,0.0,-0.11043169530349052,False,False,False,Informality is removed only from adoption q_bar and logit; fiscal-side informality is embedded in observed effective tax rates and is not separately ablated.
official_4c_phase_b_closure_baseline_official_v3,diagnostic,COL,GMI:GMI_ideal_aggregate,low,r2,,,,-0.1099804960953777,,0.0,,baseline-official-v3,v1.0.1-official-4c,informality_adoption_ablation,GMI,GMI_ideal_aggregate,0.56143,0.600030777893946,0.880745777893946,0.28071500000000005,0.11025500105222721,0.11025500105222721,0.0,-0.1099804960953777,False,False,False,Informality is removed only from adoption q_bar and logit; fiscal-side informality is embedded in observed effective tax rates and is not separately ablated.
official_4c_phase_b_closure_baseline_official_v3,diagnostic,COL,GMI:GMI_ideal_aggregate,low,r3,,,,-0.11234406284568617,,0.0,,baseline-official-v3,v1.0.1-official-4c,informality_adoption_ablation,GMI,GMI_ideal_aggregate,0.56143,0.600030777893946,0.880745777893946,0.28071500000000005,0.11025500105222721,0.11025500105222721,0.0,-0.11234406284568617,False,False,False,Informality is removed only from adoption q_bar and logit; fiscal-side informality is embedded in observed effective tax rates and is not separately ablated.
official_4c_phase_b_closure_baseline_official_v3,diagnostic,COL,GMI:GMI_ideal_aggregate,low,r4,,,,-0.10740884103248091,,0.0,,baseline-official-v3,v1.0.1-official-4c,informality_adoption_ablation,GMI,GMI_ideal_aggregate,0.56143,0.600030777893946,0.880745777893946,0.28071500000000005,0.11025500105222721,0.11025500105222721,0.0,-0.10740884103248091,False,False,False,Informality is removed only from adoption q_bar and logit; fiscal-side informality is embedded in observed effective tax rates and is not separately ablated.
official_4c_phase_b_closure_baseline_official_v3,diagnostic,COL,GMI:GMI_ideal_aggregate,mid,r0,,,,-0.045557782985473055,,0.0,,baseline-official-v3,v1.0.1-official-4c,informality_adoption_ablation,GMI,GMI_ideal_aggregate,0.56143,0.600030777893946,0.880745777893946,0.28071500000000005,0.11025500105222721,0.11025500105222721,0.0,-0.045557782985473055,False,False,False,Informality is removed only from adoption q_bar and logit; fiscal-side informality is embedded in observed effective tax rates and is not separately ablated.
official_4c_phase_b_closure_baseline_official_v3,diagnostic,COL,GMI:GMI_ideal_aggregate,mid,r1,,,,-0.03974531403698152,,0.0,,baseline-official-v3,v1.0.1-official-4c,informality_adoption_ablation,GMI,GMI_ideal_aggregate,0.56143,0.600030777893946,0.880745777893946,0.28071500000000005,0.11025500105222721,0.11025500105222721,0.0,-0.03974531403698152,False,False,False,Informality is removed only from adoption q_bar and logit; fiscal-side informality is embedded in observed effective tax rates and is not separately ablated.
official_4c_phase_b_closure_baseline_official_v3,diagnostic,COL,GMI:GMI_ideal_aggregate,mid,r2,,,,-0.03622981910271566,,0.0,,baseline-official-v3,v1.0.1-official-4c,informality_adoption_ablation,GMI,GMI_ideal_aggregate,0.56143,0.600030777893946,0.880745777893946,0.28071500000000005,0.11025500105222721,0.11025500105222721,0.0,-0.03622981910271566,False,False,False,Informality is removed only from adoption q_bar and logit; fiscal-side informality is embedded in observed effective tax rates and is not separately ablated.
official_4c_phase_b_closure_baseline_official_v3,diagnostic,COL,GMI:GMI_ideal_aggregate,mid,r3,,,,-0.046562699986600196,,0.0,,baseline-official-v3,v1.0.1-official-4c,informality_adoption_ablation,GMI,GMI_ideal_aggregate,0.56143,0.600030777893946,0.880745777893946,0.28071500000000005,0.11025500105222721,0.11025500105222721,0.0,-0.046562699986600196,False,False,False,Informality is removed only from adoption q_bar and logit; fiscal-side informality is embedded in observed effective tax rates and is not separately ablated.
official_4c_phase_b_closure_baseline_official_v3,diagnostic,COL,GMI:GMI_ideal_aggregate,mid,r4,,,,-0.025579651274283063,,0.0,,baseline-official-v3,v1.0.1-official-4c,informality_adoption_ablation,GMI,GMI_ideal_aggregate,0.56143,0.600030777893946,0.880745777893946,0.28071500000000005,0.11025500105222721,0.11025500105222721,0.0,-0.025579651274283063,False,False,False,Informality is removed only from adoption q_bar and logit; fiscal-side informality is embedded in observed effective tax rates and is not separately ablated.
official_4c_phase_b_closure_baseline_official_v3,diagnostic,COL,GMI:GMI_ideal_aggregate,high,r0,,,,-0.04902815122403886,,0.0,,baseline-official-v3,v1.0.1-official-4c,informality_adoption_ablation,GMI,GMI_ideal_aggregate,0.56143,0.600030777893946,0.880745777893946,0.28071500000000005,0.11025500105222721,0.11025500105222721,0.0,-0.04902815122403886,False,False,False,Informality is removed only from adoption q_bar and logit; fiscal-side informality is embedded in observed effective tax rates and is not separately ablated.
official_4c_phase_b_closure_baseline_official_v3,diagnostic,COL,GMI:GMI_ideal_aggregate,high,r1,,,,-0.043352200438519575,,0.0,,baseline-official-v3,v1.0.1-official-4c,informality_adoption_ablation,GMI,GMI_ideal_aggregate,0.56143,0.600030777893946,0.880745777893946,0.28071500000000005,0.11025500105222721,0.11025500105222721,0.0,-0.043352200438519575,False,False,False,Informality is removed only from adoption q_bar and logit; fiscal-side informality is embedded in observed effective tax rates and is not separately ablated.
official_4c_phase_b_closure_baseline_official_v3,diagnostic,COL,GMI:GMI_ideal_aggregate,high,r2,,,,-0.039990650900190654,,0.0,,baseline-official-v3,v1.0.1-official-4c,informality_adoption_ablation,GMI,GMI_ideal_aggregate,0.56143,0.600030777893946,0.880745777893946,0.28071500000000005,0.11025500105222721,0.11025500105222721,0.0,-0.039990650900190654,False,False,False,Informality is removed only from adoption q_bar and logit; fiscal-side informality is embedded in observed effective tax rates and is not separately ablated.
official_4c_phase_b_closure_baseline_official_v3,diagnostic,COL,GMI:GMI_ideal_aggregate,high,r3,,,,-0.048621171151001556,,0.0,,baseline-official-v3,v1.0.1-official-4c,informality_adoption_ablation,GMI,GMI_ideal_aggregate,0.56143,0.600030777893946,0.880745777893946,0.28071500000000005,0.11025500105222721,0.11025500105222721,0.0,-0.048621171151001556,False,False,False,Informality is removed only from adoption q_bar and logit; fiscal-side informality is embedded in observed effective tax rates and is not separately ablated.
official_4c_phase_b_closure_baseline_official_v3,diagnostic,COL,GMI:GMI_ideal_aggregate,high,r4,,,,-0.02769557233919368,,0.0,,baseline-official-v3,v1.0.1-official-4c,informality_adoption_ablation,GMI,GMI_ideal_aggregate,0.56143,0.600030777893946,0.880745777893946,0.28071500000000005,0.11025500105222721,0.11025500105222721,0.0,-0.02769557233919368,False,False,False,Informality is removed only from adoption q_bar and logit; fiscal-side informality is embedded in observed effective tax rates and is not separately ablated.
official_4c_phase_b_closure_baseline_official_v3,diagnostic,COL,GMI:GMI_ideal_aggregate,stress,r0,,,,0.132052939366006,,0.0,,baseline-official-v3,v1.0.1-official-4c,informality_adoption_ablation,GMI,GMI_ideal_aggregate,0.56143,0.600030777893946,0.880745777893946,0.28071500000000005,0.11025500105222721,0.11025500105222721,0.0,0.132052939366006,False,False,False,Informality is removed only from adoption q_bar and logit; fiscal-side informality is embedded in observed effective tax rates and is not separately ablated.
official_4c_phase_b_closure_baseline_official_v3,diagnostic,COL,GMI:GMI_ideal_aggregate,stress,r1,,,,0.14774231133618468,,0.0,,baseline-official-v3,v1.0.1-official-4c,informality_adoption_ablation,GMI,GMI_ideal_aggregate,0.56143,0.600030777893946,0.880745777893946,0.28071500000000005,0.11025500105222721,0.11025500105222721,0.0,0.14774231133618468,False,False,False,Informality is removed only from adoption q_bar and logit; fiscal-side informality is embedded in observed effective tax rates and is not separately ablated.
official_4c_phase_b_closure_baseline_official_v3,diagnostic,COL,GMI:GMI_ideal_aggregate,stress,r2,,,,0.15940531012644243,,0.0,,baseline-official-v3,v1.0.1-official-4c,informality_adoption_ablation,GMI,GMI_ideal_aggregate,0.56143,0.600030777893946,0.880745777893946,0.28071500000000005,0.11025500105222721,0.11025500105222721,0.0,0.15940531012644243,False,False,False,Informality is removed only from adoption q_bar and logit; fiscal-side informality is embedded in observed effective tax rates and is not separately ablated.
official_4c_phase_b_closure_baseline_official_v3,diagnostic,COL,GMI:GMI_ideal_aggregate,stress,r3,,,,0.13856034321324673,,0.0,,baseline-official-v3,v1.0.1-official-4c,informality_adoption_ablation,GMI,GMI_ideal_aggregate,0.56143,0.600030777893946,0.880745777893946,0.28071500000000005,0.11025500105222721,0.11025500105222721,0.0,0.13856034321324673,False,False,False,Informality is removed only from adoption q_bar and logit; fiscal-side informality is embedded in observed effective tax rates and is not separately ablated.
official_4c_phase_b_closure_baseline_official_v3,diagnostic,COL,GMI:GMI_ideal_aggregate,stress,r4,,,,0.2083525004776842,,0.0,,baseline-official-v3,v1.0.1-official-4c,informality_adoption_ablation,GMI,GMI_ideal_aggregate,0.56143,0.600030777893946,0.880745777893946,0.28071500000000005,0.11025500105222721,0.11025500105222721,0.0,0.2083525004776842,False,False,False,Informality is removed only from adoption q_bar and logit; fiscal-side informality is embedded in observed effective tax rates and is not separately ablated.
official_4c_phase_b_closure_baseline_official_v3,diagnostic,COL,GMI:GMI_loaded_aggregate,low,r0,,,,-0.07510882569347269,,0.0,,baseline-official-v3,v1.0.1-official-4c,informality_adoption_ablation,GMI,GMI_loaded_aggregate,0.56143,0.600030777893946,0.880745777893946,0.28071500000000005,0.11025500105222721,0.11025500105222721,0.0,-0.07510882569347269,False,False,False,Informality is removed only from adoption q_bar and logit; fiscal-side informality is embedded in observed effective tax rates and is not separately ablated.
official_4c_phase_b_closure_baseline_official_v3,diagnostic,COL,GMI:GMI_loaded_aggregate,low,r1,,,,-0.07362113020232702,,0.0,,baseline-official-v3,v1.0.1-official-4c,informality_adoption_ablation,GMI,GMI_loaded_aggregate,0.56143,0.600030777893946,0.880745777893946,0.28071500000000005,0.11025500105222721,0.11025500105222721,0.0,-0.07362113020232702,False,False,False,Informality is removed only from adoption q_bar and logit; fiscal-side informality is embedded in observed effective tax rates and is not separately ablated.
official_4c_phase_b_closure_baseline_official_v3,diagnostic,COL,GMI:GMI_loaded_aggregate,low,r2,,,,-0.0733203307302518,,0.0,,baseline-official-v3,v1.0.1-official-4c,informality_adoption_ablation,GMI,GMI_loaded_aggregate,0.56143,0.600030777893946,0.880745777893946,0.28071500000000005,0.11025500105222721,0.11025500105222721,0.0,-0.0733203307302518,False,False,False,Informality is removed only from adoption q_bar and logit; fiscal-side informality is embedded in observed effective tax rates and is not separately ablated.
official_4c_phase_b_closure_baseline_official_v3,diagnostic,COL,GMI:GMI_loaded_aggregate,low,r3,,,,-0.07489604189712412,,0.0,,baseline-official-v3,v1.0.1-official-4c,informality_adoption_ablation,GMI,GMI_loaded_aggregate,0.56143,0.600030777893946,0.880745777893946,0.28071500000000005,0.11025500105222721,0.11025500105222721,0.0,-0.07489604189712412,False,False,False,Informality is removed only from adoption q_bar and logit; fiscal-side informality is embedded in observed effective tax rates and is not separately ablated.
official_4c_phase_b_closure_baseline_official_v3,diagnostic,COL,GMI:GMI_loaded_aggregate,low,r4,,,,-0.07160589402165395,,0.0,,baseline-official-v3,v1.0.1-official-4c,informality_adoption_ablation,GMI,GMI_loaded_aggregate,0.56143,0.600030777893946,0.880745777893946,0.28071500000000005,0.11025500105222721,0.11025500105222721,0.0,-0.07160589402165395,False,False,False,Informality is removed only from adoption q_bar and logit; fiscal-side informality is embedded in observed effective tax rates and is not separately ablated.
official_4c_phase_b_closure_baseline_official_v3,diagnostic,COL,GMI:GMI_loaded_aggregate,mid,r0,,,,-0.030371855323648708,,0.0,,baseline-official-v3,v1.0.1-official-4c,informality_adoption_ablation,GMI,GMI_loaded_aggregate,0.56143,0.600030777893946,0.880745777893946,0.28071500000000005,0.11025500105222721,0.11025500105222721,0.0,-0.030371855323648708,False,False,False,Informality is removed only from adoption q_bar and logit; fiscal-side informality is embedded in observed effective tax rates and is not separately ablated.
official_4c_phase_b_closure_baseline_official_v3,diagnostic,COL,GMI:GMI_loaded_aggregate,mid,r1,,,,-0.026496876024654347,,0.0,,baseline-official-v3,v1.0.1-official-4c,informality_adoption_ablation,GMI,GMI_loaded_aggregate,0.56143,0.600030777893946,0.880745777893946,0.28071500000000005,0.11025500105222721,0.11025500105222721,0.0,-0.026496876024654347,False,False,False,Informality is removed only from adoption q_bar and logit; fiscal-side informality is embedded in observed effective tax rates and is not separately ablated.
official_4c_phase_b_closure_baseline_official_v3,diagnostic,COL,GMI:GMI_loaded_aggregate,mid,r2,,,,-0.024153212735143776,,0.0,,baseline-official-v3,v1.0.1-official-4c,informality_adoption_ablation,GMI,GMI_loaded_aggregate,0.56143,0.600030777893946,0.880745777893946,0.28071500000000005,0.11025500105222721,0.11025500105222721,0.0,-0.024153212735143776,False,False,False,Informality is removed only from adoption q_bar and logit; fiscal-side informality is embedded in observed effective tax rates and is not separately ablated.
official_4c_phase_b_closure_baseline_official_v3,diagnostic,COL,GMI:GMI_loaded_aggregate,mid,r3,,,,-0.0310417999910668,,0.0,,baseline-official-v3,v1.0.1-official-4c,informality_adoption_ablation,GMI,GMI_loaded_aggregate,0.56143,0.600030777893946,0.880745777893946,0.28071500000000005,0.11025500105222721,0.11025500105222721,0.0,-0.0310417999910668,False,False,False,Informality is removed only from adoption q_bar and logit; fiscal-side informality is embedded in observed effective tax rates and is not separately ablated.
official_4c_phase_b_closure_baseline_official_v3,diagnostic,COL,GMI:GMI_loaded_aggregate,mid,r4,,,,-0.017053100849522045,,0.0,,baseline-official-v3,v1.0.1-official-4c,informality_adoption_ablation,GMI,GMI_loaded_aggregate,0.56143,0.600030777893946,0.880745777893946,0.28071500000000005,0.11025500105222721,0.11025500105222721,0.0,-0.017053100849522045,False,False,False,Informality is removed only from adoption q_bar and logit; fiscal-side informality is embedded in observed effective tax rates and is not separately ablated.
official_4c_phase_b_closure_baseline_official_v3,diagnostic,COL,GMI:GMI_loaded_aggregate,high,r0,,,,-0.032685434149359247,,0.0,,baseline-official-v3,v1.0.1-official-4c,informality_adoption_ablation,GMI,GMI_loaded_aggregate,0.56143,0.600030777893946,0.880745777893946,0.28071500000000005,0.11025500105222721,0.11025500105222721,0.0,-0.032685434149359247,False,False,False,Informality is removed only from adoption q_bar and logit; fiscal-side informality is embedded in observed effective tax rates and is not separately ablated.
official_4c_phase_b_closure_baseline_official_v3,diagnostic,COL,GMI:GMI_loaded_aggregate,high,r1,,,,-0.02890146695901305,,0.0,,baseline-official-v3,v1.0.1-official-4c,informality_adoption_ablation,GMI,GMI_loaded_aggregate,0.56143,0.600030777893946,0.880745777893946,0.28071500000000005,0.11025500105222721,0.11025500105222721,0.0,-0.02890146695901305,False,False,False,Informality is removed only from adoption q_bar and logit; fiscal-side informality is embedded in observed effective tax rates and is not separately ablated.
official_4c_phase_b_closure_baseline_official_v3,diagnostic,COL,GMI:GMI_loaded_aggregate,high,r2,,,,-0.02666043393346044,,0.0,,baseline-official-v3,v1.0.1-official-4c,informality_adoption_ablation,GMI,GMI_loaded_aggregate,0.56143,0.600030777893946,0.880745777893946,0.28071500000000005,0.11025500105222721,0.11025500105222721,0.0,-0.02666043393346044,False,False,False,Informality is removed only from adoption q_bar and logit; fiscal-side informality is embedded in observed effective tax rates and is not separately ablated.
official_4c_phase_b_closure_baseline_official_v3,diagnostic,COL,GMI:GMI_loaded_aggregate,high,r3,,,,-0.032414114100667704,,0.0,,baseline-official-v3,v1.0.1-official-4c,informality_adoption_ablation,GMI,GMI_loaded_aggregate,0.56143,0.600030777893946,0.880745777893946,0.28071500000000005,0.11025500105222721,0.11025500105222721,0.0,-0.032414114100667704,False,False,False,Informality is removed only from adoption q_bar and logit; fiscal-side informality is embedded in observed effective tax rates and is not separately ablated.
official_4c_phase_b_closure_baseline_official_v3,diagnostic,COL,GMI:GMI_loaded_aggregate,high,r4,,,,-0.018463714892795788,,0.0,,baseline-official-v3,v1.0.1-official-4c,informality_adoption_ablation,GMI,GMI_loaded_aggregate,0.56143,0.600030777893946,0.880745777893946,0.28071500000000005,0.11025500105222721,0.11025500105222721,0.0,-0.018463714892795788,False,False,False,Informality is removed only from adoption q_bar and logit; fiscal-side informality is embedded in observed effective tax rates and is not separately ablated.
official_4c_phase_b_closure_baseline_official_v3,diagnostic,COL,GMI:GMI_loaded_aggregate,stress,r0,,,,0.08803529291067068,,0.0,,baseline-official-v3,v1.0.1-official-4c,informality_adoption_ablation,GMI,GMI_loaded_aggregate,0.56143,0.600030777893946,0.880745777893946,0.28071500000000005,0.11025500105222721,0.11025500105222721,0.0,0.08803529291067068,False,False,False,Informality is removed only from adoption q_bar and logit; fiscal-side informality is embedded in observed effective tax rates and is not separately ablated.
official_4c_phase_b_closure_baseline_official_v3,diagnostic,COL,GMI:GMI_loaded_aggregate,stress,r1,,,,0.09849487422412313,,0.0,,baseline-official-v3,v1.0.1-official-4c,informality_adoption_ablation,GMI,GMI_loaded_aggregate,0.56143,0.600030777893946,0.880745777893946,0.28071500000000005,0.11025500105222721,0.11025500105222721,0.0,0.09849487422412313,False,False,False,Informality is removed only from adoption q_bar and logit; fiscal-side informality is embedded in observed effective tax rates and is not separately ablated.
official_4c_phase_b_closure_baseline_official_v3,diagnostic,COL,GMI:GMI_loaded_aggregate,stress,r2,,,,0.10627020675096163,,0.0,,baseline-official-v3,v1.0.1-official-4c,informality_adoption_ablation,GMI,GMI_loaded_aggregate,0.56143,0.600030777893946,0.880745777893946,0.28071500000000005,0.11025500105222721,0.11025500105222721,0.0,0.10627020675096163,False,False,False,Informality is removed only from adoption q_bar and logit; fiscal-side informality is embedded in observed effective tax rates and is not separately ablated.
official_4c_phase_b_closure_baseline_official_v3,diagnostic,COL,GMI:GMI_loaded_aggregate,stress,r3,,,,0.0923735621421645,,0.0,,baseline-official-v3,v1.0.1-official-4c,informality_adoption_ablation,GMI,GMI_loaded_aggregate,0.56143,0.600030777893946,0.880745777893946,0.28071500000000005,0.11025500105222721,0.11025500105222721,0.0,0.0923735621421645,False,False,False,Informality is removed only from adoption q_bar and logit; fiscal-side informality is embedded in observed effective tax rates and is not separately ablated.
official_4c_phase_b_closure_baseline_official_v3,diagnostic,COL,GMI:GMI_loaded_aggregate,stress,r4,,,,0.1389016669851228,,0.0,,baseline-official-v3,v1.0.1-official-4c,informality_adoption_ablation,GMI,GMI_loaded_aggregate,0.56143,0.600030777893946,0.880745777893946,0.28071500000000005,0.11025500105222721,0.11025500105222721,0.0,0.1389016669851228,False,False,False,Informality is removed only from adoption q_bar and logit; fiscal-side informality is embedded in observed effective tax rates and is not separately ablated.
official_4c_phase_b_closure_baseline_official_v3,diagnostic,COL,MUT,low,r0,,,,-0.018485557526338046,,0.0,,baseline-official-v3,v1.0.1-official-4c,informality_adoption_ablation,MUT,,0.56143,0.600030777893946,0.880745777893946,0.28071500000000005,0.11025500105222721,0.11025500105222721,0.0,-0.018485557526338046,False,False,False,Informality is removed only from adoption q_bar and logit; fiscal-side informality is embedded in observed effective tax rates and is not separately ablated.
official_4c_phase_b_closure_baseline_official_v3,diagnostic,COL,MUT,low,r1,,,,-0.017797922285656725,,0.0,,baseline-official-v3,v1.0.1-official-4c,informality_adoption_ablation,MUT,,0.56143,0.600030777893946,0.880745777893946,0.28071500000000005,0.11025500105222721,0.11025500105222721,0.0,-0.017797922285656725,False,False,False,Informality is removed only from adoption q_bar and logit; fiscal-side informality is embedded in observed effective tax rates and is not separately ablated.
official_4c_phase_b_closure_baseline_official_v3,diagnostic,COL,MUT,low,r2,,,,-0.017514027743912128,,0.0,,baseline-official-v3,v1.0.1-official-4c,informality_adoption_ablation,MUT,,0.56143,0.600030777893946,0.880745777893946,0.28071500000000005,0.11025500105222721,0.11025500105222721,0.0,-0.017514027743912128,False,False,False,Informality is removed only from adoption q_bar and logit; fiscal-side informality is embedded in observed effective tax rates and is not separately ablated.
official_4c_phase_b_closure_baseline_official_v3,diagnostic,COL,MUT,low,r3,,,,-0.01857131288488905,,0.0,,baseline-official-v3,v1.0.1-official-4c,informality_adoption_ablation,MUT,,0.56143,0.600030777893946,0.880745777893946,0.28071500000000005,0.11025500105222721,0.11025500105222721,0.0,-0.01857131288488905,False,False,False,Informality is removed only from adoption q_bar and logit; fiscal-side informality is embedded in observed effective tax rates and is not separately ablated.
official_4c_phase_b_closure_baseline_official_v3,diagnostic,COL,MUT,low,r4,,,,-0.01661239414219942,,0.0,,baseline-official-v3,v1.0.1-official-4c,informality_adoption_ablation,MUT,,0.56143,0.600030777893946,0.880745777893946,0.28071500000000005,0.11025500105222721,0.11025500105222721,0.0,-0.01661239414219942,False,False,False,Informality is removed only from adoption q_bar and logit; fiscal-side informality is embedded in observed effective tax rates and is not separately ablated.
official_4c_phase_b_closure_baseline_official_v3,diagnostic,COL,MUT,mid,r0,,,,0.023737195108701818,,0.0,,baseline-official-v3,v1.0.1-official-4c,informality_adoption_ablation,MUT,,0.56143,0.600030777893946,0.880745777893946,0.28071500000000005,0.11025500105222721,0.11025500105222721,0.0,0.023737195108701818,False,False,False,Informality is removed only from adoption q_bar and logit; fiscal-side informality is embedded in observed effective tax rates and is not separately ablated.
official_4c_phase_b_closure_baseline_official_v3,diagnostic,COL,MUT,mid,r1,,,,0.02667794880723074,,0.0,,baseline-official-v3,v1.0.1-official-4c,informality_adoption_ablation,MUT,,0.56143,0.600030777893946,0.880745777893946,0.28071500000000005,0.11025500105222721,0.11025500105222721,0.0,0.02667794880723074,False,False,False,Informality is removed only from adoption q_bar and logit; fiscal-side informality is embedded in observed effective tax rates and is not separately ablated.
official_4c_phase_b_closure_baseline_official_v3,diagnostic,COL,MUT,mid,r2,,,,0.028889898219870824,,0.0,,baseline-official-v3,v1.0.1-official-4c,informality_adoption_ablation,MUT,,0.56143,0.600030777893946,0.880745777893946,0.28071500000000005,0.11025500105222721,0.11025500105222721,0.0,0.028889898219870824,False,False,False,Informality is removed only from adoption q_bar and logit; fiscal-side informality is embedded in observed effective tax rates and is not separately ablated.
official_4c_phase_b_closure_baseline_official_v3,diagnostic,COL,MUT,mid,r3,,,,0.02281832062604784,,0.0,,baseline-official-v3,v1.0.1-official-4c,informality_adoption_ablation,MUT,,0.56143,0.600030777893946,0.880745777893946,0.28071500000000005,0.11025500105222721,0.11025500105222721,0.0,0.02281832062604784,False,False,False,Informality is removed only from adoption q_bar and logit; fiscal-side informality is embedded in observed effective tax rates and is not separately ablated.
official_4c_phase_b_closure_baseline_official_v3,diagnostic,COL,MUT,mid,r4,,,,0.03487453205365867,,0.0,,baseline-official-v3,v1.0.1-official-4c,informality_adoption_ablation,MUT,,0.56143,0.600030777893946,0.880745777893946,0.28071500000000005,0.11025500105222721,0.11025500105222721,0.0,0.03487453205365867,False,False,False,Informality is removed only from adoption q_bar and logit; fiscal-side informality is embedded in observed effective tax rates and is not separately ablated.
official_4c_phase_b_closure_baseline_official_v3,diagnostic,COL,MUT,high,r0,,,,0.021553639412996213,,0.0,,baseline-official-v3,v1.0.1-official-4c,informality_adoption_ablation,MUT,,0.56143,0.600030777893946,0.880745777893946,0.28071500000000005,0.11025500105222721,0.11025500105222721,0.0,0.021553639412996213,False,False,False,Informality is removed only from adoption q_bar and logit; fiscal-side informality is embedded in observed effective tax rates and is not separately ablated.
official_4c_phase_b_closure_baseline_official_v3,diagnostic,COL,MUT,high,r1,,,,0.024408495883382997,,0.0,,baseline-official-v3,v1.0.1-official-4c,informality_adoption_ablation,MUT,,0.56143,0.600030777893946,0.880745777893946,0.28071500000000005,0.11025500105222721,0.11025500105222721,0.0,0.024408495883382997,False,False,False,Informality is removed only from adoption q_bar and logit; fiscal-side informality is embedded in observed effective tax rates and is not separately ablated.
official_4c_phase_b_closure_baseline_official_v3,diagnostic,COL,MUT,high,r2,,,,0.026523582852899553,,0.0,,baseline-official-v3,v1.0.1-official-4c,informality_adoption_ablation,MUT,,0.56143,0.600030777893946,0.880745777893946,0.28071500000000005,0.11025500105222721,0.11025500105222721,0.0,0.026523582852899553,False,False,False,Informality is removed only from adoption q_bar and logit; fiscal-side informality is embedded in observed effective tax rates and is not separately ablated.
official_4c_phase_b_closure_baseline_official_v3,diagnostic,COL,MUT,high,r3,,,,0.021523130569406506,,0.0,,baseline-official-v3,v1.0.1-official-4c,informality_adoption_ablation,MUT,,0.56143,0.600030777893946,0.880745777893946,0.28071500000000005,0.11025500105222721,0.11025500105222721,0.0,0.021523130569406506,False,False,False,Informality is removed only from adoption q_bar and logit; fiscal-side informality is embedded in observed effective tax rates and is not separately ablated.
official_4c_phase_b_closure_baseline_official_v3,diagnostic,COL,MUT,high,r4,,,,0.03354319451961691,,0.0,,baseline-official-v3,v1.0.1-official-4c,informality_adoption_ablation,MUT,,0.56143,0.600030777893946,0.880745777893946,0.28071500000000005,0.11025500105222721,0.11025500105222721,0.0,0.03354319451961691,False,False,False,Informality is removed only from adoption q_bar and logit; fiscal-side informality is embedded in observed effective tax rates and is not separately ablated.
official_4c_phase_b_closure_baseline_official_v3,diagnostic,COL,MUT,stress,r0,,,,0.13548986161225243,,0.0,,baseline-official-v3,v1.0.1-official-4c,informality_adoption_ablation,MUT,,0.56143,0.600030777893946,0.880745777893946,0.28071500000000005,0.11025500105222721,0.11025500105222721,0.0,0.13548986161225243,False,False,False,Informality is removed only from adoption q_bar and logit; fiscal-side informality is embedded in observed effective tax rates and is not separately ablated.
official_4c_phase_b_closure_baseline_official_v3,diagnostic,COL,MUT,stress,r1,,,,0.1446451626920269,,0.0,,baseline-official-v3,v1.0.1-official-4c,informality_adoption_ablation,MUT,,0.56143,0.600030777893946,0.880745777893946,0.28071500000000005,0.11025500105222721,0.11025500105222721,0.0,0.1446451626920269,False,False,False,Informality is removed only from adoption q_bar and logit; fiscal-side informality is embedded in observed effective tax rates and is not separately ablated.
official_4c_phase_b_closure_baseline_official_v3,diagnostic,COL,MUT,stress,r2,,,,0.15198352153085706,,0.0,,baseline-official-v3,v1.0.1-official-4c,informality_adoption_ablation,MUT,,0.56143,0.600030777893946,0.880745777893946,0.28071500000000005,0.11025500105222721,0.11025500105222721,0.0,0.15198352153085706,False,False,False,Informality is removed only from adoption q_bar and logit; fiscal-side informality is embedded in observed effective tax rates and is not separately ablated.
official_4c_phase_b_closure_baseline_official_v3,diagnostic,COL,MUT,stress,r3,,,,0.1392977394073915,,0.0,,baseline-official-v3,v1.0.1-official-4c,informality_adoption_ablation,MUT,,0.56143,0.600030777893946,0.880745777893946,0.28071500000000005,0.11025500105222721,0.11025500105222721,0.0,0.1392977394073915,False,False,False,Informality is removed only from adoption q_bar and logit; fiscal-side informality is embedded in observed effective tax rates and is not separately ablated.
official_4c_phase_b_closure_baseline_official_v3,diagnostic,COL,MUT,stress,r4,,,,0.18206464193599642,,0.0,,baseline-official-v3,v1.0.1-official-4c,informality_adoption_ablation,MUT,,0.56143,0.600030777893946,0.880745777893946,0.28071500000000005,0.11025500105222721,0.11025500105222721,0.0,0.18206464193599642,False,False,False,Informality is removed only from adoption q_bar and logit; fiscal-side informality is embedded in observed effective tax rates and is not separately ablated.
official_4c_phase_b_closure_baseline_official_v3,diagnostic,COL,PBI,low,r0,,,,-0.007867016156199162,,0.0,,baseline-official-v3,v1.0.1-official-4c,informality_adoption_ablation,PBI,,0.56143,0.600030777893946,0.880745777893946,0.28071500000000005,0.11025500105222721,0.11025500105222721,0.0,-0.007867016156199162,False,False,False,Informality is removed only from adoption q_bar and logit; fiscal-side informality is embedded in observed effective tax rates and is not separately ablated.
official_4c_phase_b_closure_baseline_official_v3,diagnostic,COL,PBI,low,r1,,,,-0.007481763846696809,,0.0,,baseline-official-v3,v1.0.1-official-4c,informality_adoption_ablation,PBI,,0.56143,0.600030777893946,0.880745777893946,0.28071500000000005,0.11025500105222721,0.11025500105222721,0.0,-0.007481763846696809,False,False,False,Informality is removed only from adoption q_bar and logit; fiscal-side informality is embedded in observed effective tax rates and is not separately ablated.
official_4c_phase_b_closure_baseline_official_v3,diagnostic,COL,PBI,low,r2,,,,-0.007300489945438693,,0.0,,baseline-official-v3,v1.0.1-official-4c,informality_adoption_ablation,PBI,,0.56143,0.600030777893946,0.880745777893946,0.28071500000000005,0.11025500105222721,0.11025500105222721,0.0,-0.007300489945438693,False,False,False,Informality is removed only from adoption q_bar and logit; fiscal-side informality is embedded in observed effective tax rates and is not separately ablated.
official_4c_phase_b_closure_baseline_official_v3,diagnostic,COL,PBI,low,r3,,,,-0.007943301266186491,,0.0,,baseline-official-v3,v1.0.1-official-4c,informality_adoption_ablation,PBI,,0.56143,0.600030777893946,0.880745777893946,0.28071500000000005,0.11025500105222721,0.11025500105222721,0.0,-0.007943301266186491,False,False,False,Informality is removed only from adoption q_bar and logit; fiscal-side informality is embedded in observed effective tax rates and is not separately ablated.
official_4c_phase_b_closure_baseline_official_v3,diagnostic,COL,PBI,low,r4,,,,-0.006778594227688279,,0.0,,baseline-official-v3,v1.0.1-official-4c,informality_adoption_ablation,PBI,,0.56143,0.600030777893946,0.880745777893946,0.28071500000000005,0.11025500105222721,0.11025500105222721,0.0,-0.006778594227688279,False,False,False,Informality is removed only from adoption q_bar and logit; fiscal-side informality is embedded in observed effective tax rates and is not separately ablated.
official_4c_phase_b_closure_baseline_official_v3,diagnostic,COL,PBI,mid,r0,,,,0.019093287641736754,,0.0,,baseline-official-v3,v1.0.1-official-4c,informality_adoption_ablation,PBI,,0.56143,0.600030777893946,0.880745777893946,0.28071500000000005,0.11025500105222721,0.11025500105222721,0.0,0.019093287641736754,False,False,False,Informality is removed only from adoption q_bar and logit; fiscal-side informality is embedded in observed effective tax rates and is not separately ablated.
official_4c_phase_b_closure_baseline_official_v3,diagnostic,COL,PBI,mid,r1,,,,0.020917213517630363,,0.0,,baseline-official-v3,v1.0.1-official-4c,informality_adoption_ablation,PBI,,0.56143,0.600030777893946,0.880745777893946,0.28071500000000005,0.11025500105222721,0.11025500105222721,0.0,0.020917213517630363,False,False,False,Informality is removed only from adoption q_bar and logit; fiscal-side informality is embedded in observed effective tax rates and is not separately ablated.
official_4c_phase_b_closure_baseline_official_v3,diagnostic,COL,PBI,mid,r2,,,,0.02232959959927471,,0.0,,baseline-official-v3,v1.0.1-official-4c,informality_adoption_ablation,PBI,,0.56143,0.600030777893946,0.880745777893946,0.28071500000000005,0.11025500105222721,0.11025500105222721,0.0,0.02232959959927471,False,False,False,Informality is removed only from adoption q_bar and logit; fiscal-side informality is embedded in observed effective tax rates and is not separately ablated.
official_4c_phase_b_closure_baseline_official_v3,diagnostic,COL,PBI,mid,r3,,,,0.018485034735148544,,0.0,,baseline-official-v3,v1.0.1-official-4c,informality_adoption_ablation,PBI,,0.56143,0.600030777893946,0.880745777893946,0.28071500000000005,0.11025500105222721,0.11025500105222721,0.0,0.018485034735148544,False,False,False,Informality is removed only from adoption q_bar and logit; fiscal-side informality is embedded in observed effective tax rates and is not separately ablated.
official_4c_phase_b_closure_baseline_official_v3,diagnostic,COL,PBI,mid,r4,,,,0.026097120528774064,,0.0,,baseline-official-v3,v1.0.1-official-4c,informality_adoption_ablation,PBI,,0.56143,0.600030777893946,0.880745777893946,0.28071500000000005,0.11025500105222721,0.11025500105222721,0.0,0.026097120528774064,False,False,False,Informality is removed only from adoption q_bar and logit; fiscal-side informality is embedded in observed effective tax rates and is not separately ablated.
official_4c_phase_b_closure_baseline_official_v3,diagnostic,COL,PBI,high,r0,,,,0.017699031672099148,,0.0,,baseline-official-v3,v1.0.1-official-4c,informality_adoption_ablation,PBI,,0.56143,0.600030777893946,0.880745777893946,0.28071500000000005,0.11025500105222721,0.11025500105222721,0.0,0.017699031672099148,False,False,False,Informality is removed only from adoption q_bar and logit; fiscal-side informality is embedded in observed effective tax rates and is not separately ablated.
official_4c_phase_b_closure_baseline_official_v3,diagnostic,COL,PBI,high,r1,,,,0.019468109978339258,,0.0,,baseline-official-v3,v1.0.1-official-4c,informality_adoption_ablation,PBI,,0.56143,0.600030777893946,0.880745777893946,0.28071500000000005,0.11025500105222721,0.11025500105222721,0.0,0.019468109978339258,False,False,False,Informality is removed only from adoption q_bar and logit; fiscal-side informality is embedded in observed effective tax rates and is not separately ablated.
official_4c_phase_b_closure_baseline_official_v3,diagnostic,COL,PBI,high,r2,,,,0.020818646921065706,,0.0,,baseline-official-v3,v1.0.1-official-4c,informality_adoption_ablation,PBI,,0.56143,0.600030777893946,0.880745777893946,0.28071500000000005,0.11025500105222721,0.11025500105222721,0.0,0.020818646921065706,False,False,False,Informality is removed only from adoption q_bar and logit; fiscal-side informality is embedded in observed effective tax rates and is not separately ablated.
official_4c_phase_b_closure_baseline_official_v3,diagnostic,COL,PBI,high,r3,,,,0.017658022870125377,,0.0,,baseline-official-v3,v1.0.1-official-4c,informality_adoption_ablation,PBI,,0.56143,0.600030777893946,0.880745777893946,0.28071500000000005,0.11025500105222721,0.11025500105222721,0.0,0.017658022870125377,False,False,False,Informality is removed only from adoption q_bar and logit; fiscal-side informality is embedded in observed effective tax rates and is not separately ablated.
official_4c_phase_b_closure_baseline_official_v3,diagnostic,COL,PBI,high,r4,,,,0.025247027578046508,,0.0,,baseline-official-v3,v1.0.1-official-4c,informality_adoption_ablation,PBI,,0.56143,0.600030777893946,0.880745777893946,0.28071500000000005,0.11025500105222721,0.11025500105222721,0.0,0.025247027578046508,False,False,False,Informality is removed only from adoption q_bar and logit; fiscal-side informality is embedded in observed effective tax rates and is not separately ablated.
official_4c_phase_b_closure_baseline_official_v3,diagnostic,COL,PBI,stress,r0,,,,0.09045021373340054,,0.0,,baseline-official-v3,v1.0.1-official-4c,informality_adoption_ablation,PBI,,0.56143,0.600030777893946,0.880745777893946,0.28071500000000005,0.11025500105222721,0.11025500105222721,0.0,0.09045021373340054,False,False,False,Informality is removed only from adoption q_bar and logit; fiscal-side informality is embedded in observed effective tax rates and is not separately ablated.
official_4c_phase_b_closure_baseline_official_v3,diagnostic,COL,PBI,stress,r1,,,,0.09624228651845622,,0.0,,baseline-official-v3,v1.0.1-official-4c,informality_adoption_ablation,PBI,,0.56143,0.600030777893946,0.880745777893946,0.28071500000000005,0.11025500105222721,0.11025500105222721,0.0,0.09624228651845622,False,False,False,Informality is removed only from adoption q_bar and logit; fiscal-side informality is embedded in observed effective tax rates and is not separately ablated.
official_4c_phase_b_closure_baseline_official_v3,diagnostic,COL,PBI,stress,r2,,,,0.10092801568877427,,0.0,,baseline-official-v3,v1.0.1-official-4c,informality_adoption_ablation,PBI,,0.56143,0.600030777893946,0.880745777893946,0.28071500000000005,0.11025500105222721,0.11025500105222721,0.0,0.10092801568877427,False,False,False,Informality is removed only from adoption q_bar and logit; fiscal-side informality is embedded in observed effective tax rates and is not separately ablated.
official_4c_phase_b_closure_baseline_official_v3,diagnostic,COL,PBI,stress,r3,,,,0.09286011263913949,,0.0,,baseline-official-v3,v1.0.1-official-4c,informality_adoption_ablation,PBI,,0.56143,0.600030777893946,0.880745777893946,0.28071500000000005,0.11025500105222721,0.11025500105222721,0.0,0.09286011263913949,False,False,False,Informality is removed only from adoption q_bar and logit; fiscal-side informality is embedded in observed effective tax rates and is not separately ablated.
official_4c_phase_b_closure_baseline_official_v3,diagnostic,COL,PBI,stress,r4,,,,0.12008175750353607,,0.0,,baseline-official-v3,v1.0.1-official-4c,informality_adoption_ablation,PBI,,0.56143,0.600030777893946,0.880745777893946,0.28071500000000005,0.11025500105222721,0.11025500105222721,0.0,0.12008175750353607,False,False,False,Informality is removed only from adoption q_bar and logit; fiscal-side informality is embedded in observed effective tax rates and is not separately ablated.
official_4c_phase_b_closure_baseline_official_v3,diagnostic,COL,UBI,low,r0,,,,-0.0023095297273273874,,0.0,,baseline-official-v3,v1.0.1-official-4c,informality_adoption_ablation,UBI,,0.56143,0.600030777893946,0.880745777893946,0.28071500000000005,0.11025500105222721,0.11025500105222721,0.0,-0.0023095297273273874,False,False,False,Informality is removed only from adoption q_bar and logit; fiscal-side informality is embedded in observed effective tax rates and is not separately ablated.
official_4c_phase_b_closure_baseline_official_v3,diagnostic,COL,UBI,low,r1,,,,-0.0021692290832097906,,0.0,,baseline-official-v3,v1.0.1-official-4c,informality_adoption_ablation,UBI,,0.56143,0.600030777893946,0.880745777893946,0.28071500000000005,0.11025500105222721,0.11025500105222721,0.0,-0.0021692290832097906,False,False,False,Informality is removed only from adoption q_bar and logit; fiscal-side informality is embedded in observed effective tax rates and is not separately ablated.
official_4c_phase_b_closure_baseline_official_v3,diagnostic,COL,UBI,low,r2,,,,-0.0020982554477736418,,0.0,,baseline-official-v3,v1.0.1-official-4c,informality_adoption_ablation,UBI,,0.56143,0.600030777893946,0.880745777893946,0.28071500000000005,0.11025500105222721,0.11025500105222721,0.0,-0.0020982554477736418,False,False,False,Informality is removed only from adoption q_bar and logit; fiscal-side informality is embedded in observed effective tax rates and is not separately ablated.
official_4c_phase_b_closure_baseline_official_v3,diagnostic,COL,UBI,low,r3,,,,-0.0023436118333862318,,0.0,,baseline-official-v3,v1.0.1-official-4c,informality_adoption_ablation,UBI,,0.56143,0.600030777893946,0.880745777893946,0.28071500000000005,0.11025500105222721,0.11025500105222721,0.0,-0.0023436118333862318,False,False,False,Informality is removed only from adoption q_bar and logit; fiscal-side informality is embedded in observed effective tax rates and is not separately ablated.
official_4c_phase_b_closure_baseline_official_v3,diagnostic,COL,UBI,low,r4,,,,-0.0019044552133981984,,0.0,,baseline-official-v3,v1.0.1-official-4c,informality_adoption_ablation,UBI,,0.56143,0.600030777893946,0.880745777893946,0.28071500000000005,0.11025500105222721,0.11025500105222721,0.0,-0.0019044552133981984,False,False,False,Informality is removed only from adoption q_bar and logit; fiscal-side informality is embedded in observed effective tax rates and is not separately ablated.
official_4c_phase_b_closure_baseline_official_v3,diagnostic,COL,UBI,mid,r0,,,,0.008246158431432577,,0.0,,baseline-official-v3,v1.0.1-official-4c,informality_adoption_ablation,UBI,,0.56143,0.600030777893946,0.880745777893946,0.28071500000000005,0.11025500105222721,0.11025500105222721,0.0,0.008246158431432577,False,False,False,Informality is removed only from adoption q_bar and logit; fiscal-side informality is embedded in observed effective tax rates and is not separately ablated.
official_4c_phase_b_closure_baseline_official_v3,diagnostic,COL,UBI,mid,r1,,,,0.008949738690012076,,0.0,,baseline-official-v3,v1.0.1-official-4c,informality_adoption_ablation,UBI,,0.56143,0.600030777893946,0.880745777893946,0.28071500000000005,0.11025500105222721,0.11025500105222721,0.0,0.008949738690012076,False,False,False,Informality is removed only from adoption q_bar and logit; fiscal-side informality is embedded in observed effective tax rates and is not separately ablated.
official_4c_phase_b_closure_baseline_official_v3,diagnostic,COL,UBI,mid,r2,,,,0.009502726043172096,,0.0,,baseline-official-v3,v1.0.1-official-4c,informality_adoption_ablation,UBI,,0.56143,0.600030777893946,0.880745777893946,0.28071500000000005,0.11025500105222721,0.11025500105222721,0.0,0.009502726043172096,False,False,False,Informality is removed only from adoption q_bar and logit; fiscal-side informality is embedded in observed effective tax rates and is not separately ablated.
official_4c_phase_b_closure_baseline_official_v3,diagnostic,COL,UBI,mid,r3,,,,0.00800379654434799,,0.0,,baseline-official-v3,v1.0.1-official-4c,informality_adoption_ablation,UBI,,0.56143,0.600030777893946,0.880745777893946,0.28071500000000005,0.11025500105222721,0.11025500105222721,0.0,0.00800379654434799,False,False,False,Informality is removed only from adoption q_bar and logit; fiscal-side informality is embedded in observed effective tax rates and is not separately ablated.
official_4c_phase_b_closure_baseline_official_v3,diagnostic,COL,UBI,mid,r4,,,,0.010967276335566323,,0.0,,baseline-official-v3,v1.0.1-official-4c,informality_adoption_ablation,UBI,,0.56143,0.600030777893946,0.880745777893946,0.28071500000000005,0.11025500105222721,0.11025500105222721,0.0,0.010967276335566323,False,False,False,Informality is removed only from adoption q_bar and logit; fiscal-side informality is embedded in observed effective tax rates and is not separately ablated.
official_4c_phase_b_closure_baseline_official_v3,diagnostic,COL,UBI,high,r0,,,,0.007700269507506176,,0.0,,baseline-official-v3,v1.0.1-official-4c,informality_adoption_ablation,UBI,,0.56143,0.600030777893946,0.880745777893946,0.28071500000000005,0.11025500105222721,0.11025500105222721,0.0,0.007700269507506176,False,False,False,Informality is removed only from adoption q_bar and logit; fiscal-side informality is embedded in observed effective tax rates and is not separately ablated.
official_4c_phase_b_closure_baseline_official_v3,diagnostic,COL,UBI,high,r1,,,,0.008382375459050139,,0.0,,baseline-official-v3,v1.0.1-official-4c,informality_adoption_ablation,UBI,,0.56143,0.600030777893946,0.880745777893946,0.28071500000000005,0.11025500105222721,0.11025500105222721,0.0,0.008382375459050139,False,False,False,Informality is removed only from adoption q_bar and logit; fiscal-side informality is embedded in observed effective tax rates and is not separately ablated.
official_4c_phase_b_closure_baseline_official_v3,diagnostic,COL,UBI,high,r2,,,,0.008911147201429277,,0.0,,baseline-official-v3,v1.0.1-official-4c,informality_adoption_ablation,UBI,,0.56143,0.600030777893946,0.880745777893946,0.28071500000000005,0.11025500105222721,0.11025500105222721,0.0,0.008911147201429277,False,False,False,Informality is removed only from adoption q_bar and logit; fiscal-side informality is embedded in observed effective tax rates and is not separately ablated.
official_4c_phase_b_closure_baseline_official_v3,diagnostic,COL,UBI,high,r3,,,,0.007679999030187656,,0.0,,baseline-official-v3,v1.0.1-official-4c,informality_adoption_ablation,UBI,,0.56143,0.600030777893946,0.880745777893946,0.28071500000000005,0.11025500105222721,0.11025500105222721,0.0,0.007679999030187656,False,False,False,Informality is removed only from adoption q_bar and logit; fiscal-side informality is embedded in observed effective tax rates and is not separately ablated.
official_4c_phase_b_closure_baseline_official_v3,diagnostic,COL,UBI,high,r4,,,,0.010634441952055883,,0.0,,baseline-official-v3,v1.0.1-official-4c,informality_adoption_ablation,UBI,,0.56143,0.600030777893946,0.880745777893946,0.28071500000000005,0.11025500105222721,0.11025500105222721,0.0,0.010634441952055883,False,False,False,Informality is removed only from adoption q_bar and logit; fiscal-side informality is embedded in observed effective tax rates and is not separately ablated.
official_4c_phase_b_closure_baseline_official_v3,diagnostic,COL,UBI,stress,r0,,,,0.03618432505732022,,0.0,,baseline-official-v3,v1.0.1-official-4c,informality_adoption_ablation,UBI,,0.56143,0.600030777893946,0.880745777893946,0.28071500000000005,0.11025500105222721,0.11025500105222721,0.0,0.03618432505732022,False,False,False,Informality is removed only from adoption q_bar and logit; fiscal-side informality is embedded in observed effective tax rates and is not separately ablated.
official_4c_phase_b_closure_baseline_official_v3,diagnostic,COL,UBI,stress,r1,,,,0.038441542161211116,,0.0,,baseline-official-v3,v1.0.1-official-4c,informality_adoption_ablation,UBI,,0.56143,0.600030777893946,0.880745777893946,0.28071500000000005,0.11025500105222721,0.11025500105222721,0.0,0.038441542161211116,False,False,False,Informality is removed only from adoption q_bar and logit; fiscal-side informality is embedded in observed effective tax rates and is not separately ablated.
official_4c_phase_b_closure_baseline_official_v3,diagnostic,COL,UBI,stress,r2,,,,0.040276131870918656,,0.0,,baseline-official-v3,v1.0.1-official-4c,informality_adoption_ablation,UBI,,0.56143,0.600030777893946,0.880745777893946,0.28071500000000005,0.11025500105222721,0.11025500105222721,0.0,0.040276131870918656,False,False,False,Informality is removed only from adoption q_bar and logit; fiscal-side informality is embedded in observed effective tax rates and is not separately ablated.
official_4c_phase_b_closure_baseline_official_v3,diagnostic,COL,UBI,stress,r3,,,,0.037123651239683905,,0.0,,baseline-official-v3,v1.0.1-official-4c,informality_adoption_ablation,UBI,,0.56143,0.600030777893946,0.880745777893946,0.28071500000000005,0.11025500105222721,0.11025500105222721,0.0,0.037123651239683905,False,False,False,Informality is removed only from adoption q_bar and logit; fiscal-side informality is embedded in observed effective tax rates and is not separately ablated.
official_4c_phase_b_closure_baseline_official_v3,diagnostic,COL,UBI,stress,r4,,,,0.04776480380615077,,0.0,,baseline-official-v3,v1.0.1-official-4c,informality_adoption_ablation,UBI,,0.56143,0.600030777893946,0.880745777893946,0.28071500000000005,0.11025500105222721,0.11025500105222721,0.0,0.04776480380615077,False,False,False,Informality is removed only from adoption q_bar and logit; fiscal-side informality is embedded in observed effective tax rates and is not separately ablated.
official_4c_phase_b_closure_baseline_official_v3,diagnostic,MEX,PEN,low,r0,,,,-0.08336245702513377,,0.0,,baseline-official-v3,v1.0.1-official-4c,informality_adoption_ablation,PEN,,0.50592,0.5714239342683678,0.8243839342683679,0.2529600000000001,0.11983908235817226,0.11983908235817226,0.0,-0.08336245702513377,False,False,False,Informality is removed only from adoption q_bar and logit; fiscal-side informality is embedded in observed effective tax rates and is not separately ablated.
official_4c_phase_b_closure_baseline_official_v3,diagnostic,MEX,PEN,low,r1,,,,-0.08163976977599978,,0.0,,baseline-official-v3,v1.0.1-official-4c,informality_adoption_ablation,PEN,,0.50592,0.5714239342683678,0.8243839342683679,0.2529600000000001,0.11983908235817226,0.11983908235817226,0.0,-0.08163976977599978,False,False,False,Informality is removed only from adoption q_bar and logit; fiscal-side informality is embedded in observed effective tax rates and is not separately ablated.
official_4c_phase_b_closure_baseline_official_v3,diagnostic,MEX,PEN,low,r2,,,,-0.08054553299234103,,0.0,,baseline-official-v3,v1.0.1-official-4c,informality_adoption_ablation,PEN,,0.50592,0.5714239342683678,0.8243839342683679,0.2529600000000001,0.11983908235817226,0.11983908235817226,0.0,-0.08054553299234103,False,False,False,Informality is removed only from adoption q_bar and logit; fiscal-side informality is embedded in observed effective tax rates and is not separately ablated.
official_4c_phase_b_closure_baseline_official_v3,diagnostic,MEX,PEN,low,r3,,,,-0.08475840271764462,,0.0,,baseline-official-v3,v1.0.1-official-4c,informality_adoption_ablation,PEN,,0.50592,0.5714239342683678,0.8243839342683679,0.2529600000000001,0.11983908235817226,0.11983908235817226,0.0,-0.08475840271764462,False,False,False,Informality is removed only from adoption q_bar and logit; fiscal-side informality is embedded in observed effective tax rates and is not separately ablated.
official_4c_phase_b_closure_baseline_official_v3,diagnostic,MEX,PEN,low,r4,,,,-0.0768866374424144,,0.0,,baseline-official-v3,v1.0.1-official-4c,informality_adoption_ablation,PEN,,0.50592,0.5714239342683678,0.8243839342683679,0.2529600000000001,0.11983908235817226,0.11983908235817226,0.0,-0.0768866374424144,False,False,False,Informality is removed only from adoption q_bar and logit; fiscal-side informality is embedded in observed effective tax rates and is not separately ablated.
official_4c_phase_b_closure_baseline_official_v3,diagnostic,MEX,PEN,mid,r0,,,,0.06502948711589118,,0.0,,baseline-official-v3,v1.0.1-official-4c,informality_adoption_ablation,PEN,,0.50592,0.5714239342683678,0.8243839342683679,0.2529600000000001,0.11983908235817226,0.11983908235817226,0.0,0.06502948711589118,False,False,False,Informality is removed only from adoption q_bar and logit; fiscal-side informality is embedded in observed effective tax rates and is not separately ablated.
official_4c_phase_b_closure_baseline_official_v3,diagnostic,MEX,PEN,mid,r1,,,,0.06915966719341325,,0.0,,baseline-official-v3,v1.0.1-official-4c,informality_adoption_ablation,PEN,,0.50592,0.5714239342683678,0.8243839342683679,0.2529600000000001,0.11983908235817226,0.11983908235817226,0.0,0.06915966719341325,False,False,False,Informality is removed only from adoption q_bar and logit; fiscal-side informality is embedded in observed effective tax rates and is not separately ablated.
official_4c_phase_b_closure_baseline_official_v3,diagnostic,MEX,PEN,mid,r2,,,,0.07651766116065806,,0.0,,baseline-official-v3,v1.0.1-official-4c,informality_adoption_ablation,PEN,,0.50592,0.5714239342683678,0.8243839342683679,0.2529600000000001,0.11983908235817226,0.11983908235817226,0.0,0.07651766116065806,False,False,False,Informality is removed only from adoption q_bar and logit; fiscal-side informality is embedded in observed effective tax rates and is not separately ablated.
official_4c_phase_b_closure_baseline_official_v3,diagnostic,MEX,PEN,mid,r3,,,,0.0559232219014407,,0.0,,baseline-official-v3,v1.0.1-official-4c,informality_adoption_ablation,PEN,,0.50592,0.5714239342683678,0.8243839342683679,0.2529600000000001,0.11983908235817226,0.11983908235817226,0.0,0.0559232219014407,False,False,False,Informality is removed only from adoption q_bar and logit; fiscal-side informality is embedded in observed effective tax rates and is not separately ablated.
official_4c_phase_b_closure_baseline_official_v3,diagnostic,MEX,PEN,mid,r4,,,,0.09658895223840117,,0.0,,baseline-official-v3,v1.0.1-official-4c,informality_adoption_ablation,PEN,,0.50592,0.5714239342683678,0.8243839342683679,0.2529600000000001,0.11983908235817226,0.11983908235817226,0.0,0.09658895223840117,False,False,False,Informality is removed only from adoption q_bar and logit; fiscal-side informality is embedded in observed effective tax rates and is not separately ablated.
official_4c_phase_b_closure_baseline_official_v3,diagnostic,MEX,PEN,high,r0,,,,0.01534881458217233,,0.0,,baseline-official-v3,v1.0.1-official-4c,informality_adoption_ablation,PEN,,0.50592,0.5714239342683678,0.8243839342683679,0.2529600000000001,0.11983908235817226,0.11983908235817226,0.0,0.01534881458217233,False,False,False,Informality is removed only from adoption q_bar and logit; fiscal-side informality is embedded in observed effective tax rates and is not separately ablated.
official_4c_phase_b_closure_baseline_official_v3,diagnostic,MEX,PEN,high,r1,,,,0.018560529419281754,,0.0,,baseline-official-v3,v1.0.1-official-4c,informality_adoption_ablation,PEN,,0.50592,0.5714239342683678,0.8243839342683679,0.2529600000000001,0.11983908235817226,0.11983908235817226,0.0,0.018560529419281754,False,False,False,Informality is removed only from adoption q_bar and logit; fiscal-side informality is embedded in observed effective tax rates and is not separately ablated.
official_4c_phase_b_closure_baseline_official_v3,diagnostic,MEX,PEN,high,r2,,,,0.023811002343690144,,0.0,,baseline-official-v3,v1.0.1-official-4c,informality_adoption_ablation,PEN,,0.50592,0.5714239342683678,0.8243839342683679,0.2529600000000001,0.11983908235817226,0.11983908235817226,0.0,0.023811002343690144,False,False,False,Informality is removed only from adoption q_bar and logit; fiscal-side informality is embedded in observed effective tax rates and is not separately ablated.
official_4c_phase_b_closure_baseline_official_v3,diagnostic,MEX,PEN,high,r3,,,,0.010707239330280232,,0.0,,baseline-official-v3,v1.0.1-official-4c,informality_adoption_ablation,PEN,,0.50592,0.5714239342683678,0.8243839342683679,0.2529600000000001,0.11983908235817226,0.11983908235817226,0.0,0.010707239330280232,False,False,False,Informality is removed only from adoption q_bar and logit; fiscal-side informality is embedded in observed effective tax rates and is not separately ablated.
official_4c_phase_b_closure_baseline_official_v3,diagnostic,MEX,PEN,high,r4,,,,0.04147859349668145,,0.0,,baseline-official-v3,v1.0.1-official-4c,informality_adoption_ablation,PEN,,0.50592,0.5714239342683678,0.8243839342683679,0.2529600000000001,0.11983908235817226,0.11983908235817226,0.0,0.04147859349668145,False,False,False,Informality is removed only from adoption q_bar and logit; fiscal-side informality is embedded in observed effective tax rates and is not separately ablated.
official_4c_phase_b_closure_baseline_official_v3,diagnostic,MEX,PEN,stress,r0,,,,0.48376206449266185,,0.0,,baseline-official-v3,v1.0.1-official-4c,informality_adoption_ablation,PEN,,0.50592,0.5714239342683678,0.8243839342683679,0.2529600000000001,0.11983908235817226,0.11983908235817226,0.0,0.48376206449266185,False,False,False,Informality is removed only from adoption q_bar and logit; fiscal-side informality is embedded in observed effective tax rates and is not separately ablated.
official_4c_phase_b_closure_baseline_official_v3,diagnostic,MEX,PEN,stress,r1,,,,0.4934717114414441,,0.0,,baseline-official-v3,v1.0.1-official-4c,informality_adoption_ablation,PEN,,0.50592,0.5714239342683678,0.8243839342683679,0.2529600000000001,0.11983908235817226,0.11983908235817226,0.0,0.4934717114414441,False,False,False,Informality is removed only from adoption q_bar and logit; fiscal-side informality is embedded in observed effective tax rates and is not separately ablated.
official_4c_phase_b_closure_baseline_official_v3,diagnostic,MEX,PEN,stress,r2,,,,0.5183919115730051,,0.0,,baseline-official-v3,v1.0.1-official-4c,informality_adoption_ablation,PEN,,0.50592,0.5714239342683678,0.8243839342683679,0.2529600000000001,0.11983908235817226,0.11983908235817226,0.0,0.5183919115730051,False,False,False,Informality is removed only from adoption q_bar and logit; fiscal-side informality is embedded in observed effective tax rates and is not separately ablated.
official_4c_phase_b_closure_baseline_official_v3,diagnostic,MEX,PEN,stress,r3,,,,0.4732306274011665,,0.0,,baseline-official-v3,v1.0.1-official-4c,informality_adoption_ablation,PEN,,0.50592,0.5714239342683678,0.8243839342683679,0.2529600000000001,0.11983908235817226,0.11983908235817226,0.0,0.4732306274011665,False,False,False,Informality is removed only from adoption q_bar and logit; fiscal-side informality is embedded in observed effective tax rates and is not separately ablated.
official_4c_phase_b_closure_baseline_official_v3,diagnostic,MEX,PEN,stress,r4,,,,0.6181459524539258,,0.0,,baseline-official-v3,v1.0.1-official-4c,informality_adoption_ablation,PEN,,0.50592,0.5714239342683678,0.8243839342683679,0.2529600000000001,0.11983908235817226,0.11983908235817226,0.0,0.6181459524539258,False,False,False,Informality is removed only from adoption q_bar and logit; fiscal-side informality is embedded in observed effective tax rates and is not separately ablated.
official_4c_phase_b_closure_baseline_official_v3,diagnostic,MEX,GMI:GMI_ideal_aggregate,low,r0,,,,-0.3196776473367327,,0.0,,baseline-official-v3,v1.0.1-official-4c,informality_adoption_ablation,GMI,GMI_ideal_aggregate,0.50592,0.5714239342683678,0.8243839342683679,0.2529600000000001,0.11983908235817226,0.11983908235817226,0.0,-0.3196776473367327,False,False,False,Informality is removed only from adoption q_bar and logit; fiscal-side informality is embedded in observed effective tax rates and is not separately ablated.
official_4c_phase_b_closure_baseline_official_v3,diagnostic,MEX,GMI:GMI_ideal_aggregate,low,r1,,,,-0.3143855372624754,,0.0,,baseline-official-v3,v1.0.1-official-4c,informality_adoption_ablation,GMI,GMI_ideal_aggregate,0.50592,0.5714239342683678,0.8243839342683679,0.2529600000000001,0.11983908235817226,0.11983908235817226,0.0,-0.3143855372624754,False,False,False,Informality is removed only from adoption q_bar and logit; fiscal-side informality is embedded in observed effective tax rates and is not separately ablated.
official_4c_phase_b_closure_baseline_official_v3,diagnostic,MEX,GMI:GMI_ideal_aggregate,low,r2,,,,-0.31265594299026356,,0.0,,baseline-official-v3,v1.0.1-official-4c,informality_adoption_ablation,GMI,GMI_ideal_aggregate,0.50592,0.5714239342683678,0.8243839342683679,0.2529600000000001,0.11983908235817226,0.11983908235817226,0.0,-0.31265594299026356,False,False,False,Informality is removed only from adoption q_bar and logit; fiscal-side informality is embedded in observed effective tax rates and is not separately ablated.
official_4c_phase_b_closure_baseline_official_v3,diagnostic,MEX,GMI:GMI_ideal_aggregate,low,r3,,,,-0.32085646995569916,,0.0,,baseline-official-v3,v1.0.1-official-4c,informality_adoption_ablation,GMI,GMI_ideal_aggregate,0.50592,0.5714239342683678,0.8243839342683679,0.2529600000000001,0.11983908235817226,0.11983908235817226,0.0,-0.32085646995569916,False,False,False,Informality is removed only from adoption q_bar and logit; fiscal-side informality is embedded in observed effective tax rates and is not separately ablated.
official_4c_phase_b_closure_baseline_official_v3,diagnostic,MEX,GMI:GMI_ideal_aggregate,low,r4,,,,-0.30430338490614994,,0.0,,baseline-official-v3,v1.0.1-official-4c,informality_adoption_ablation,GMI,GMI_ideal_aggregate,0.50592,0.5714239342683678,0.8243839342683679,0.2529600000000001,0.11983908235817226,0.11983908235817226,0.0,-0.30430338490614994,False,False,False,Informality is removed only from adoption q_bar and logit; fiscal-side informality is embedded in observed effective tax rates and is not separately ablated.
official_4c_phase_b_closure_baseline_official_v3,diagnostic,MEX,GMI:GMI_ideal_aggregate,mid,r0,,,,-0.08512342611002031,,0.0,,baseline-official-v3,v1.0.1-official-4c,informality_adoption_ablation,GMI,GMI_ideal_aggregate,0.50592,0.5714239342683678,0.8243839342683679,0.2529600000000001,0.11983908235817226,0.11983908235817226,0.0,-0.08512342611002031,False,False,False,Informality is removed only from adoption q_bar and logit; fiscal-side informality is embedded in observed effective tax rates and is not separately ablated.
official_4c_phase_b_closure_baseline_official_v3,diagnostic,MEX,GMI:GMI_ideal_aggregate,mid,r1,,,,-0.07602593691804756,,0.0,,baseline-official-v3,v1.0.1-official-4c,informality_adoption_ablation,GMI,GMI_ideal_aggregate,0.50592,0.5714239342683678,0.8243839342683679,0.2529600000000001,0.11983908235817226,0.11983908235817226,0.0,-0.07602593691804756,False,False,False,Informality is removed only from adoption q_bar and logit; fiscal-side informality is embedded in observed effective tax rates and is not separately ablated.
official_4c_phase_b_closure_baseline_official_v3,diagnostic,MEX,GMI:GMI_ideal_aggregate,mid,r2,,,,-0.06439559839281207,,0.0,,baseline-official-v3,v1.0.1-official-4c,informality_adoption_ablation,GMI,GMI_ideal_aggregate,0.50592,0.5714239342683678,0.8243839342683679,0.2529600000000001,0.11983908235817226,0.11983908235817226,0.0,-0.06439559839281207,False,False,False,Informality is removed only from adoption q_bar and logit; fiscal-side informality is embedded in observed effective tax rates and is not separately ablated.
official_4c_phase_b_closure_baseline_official_v3,diagnostic,MEX,GMI:GMI_ideal_aggregate,mid,r3,,,,-0.09848948706827942,,0.0,,baseline-official-v3,v1.0.1-official-4c,informality_adoption_ablation,GMI,GMI_ideal_aggregate,0.50592,0.5714239342683678,0.8243839342683679,0.2529600000000001,0.11983908235817226,0.11983908235817226,0.0,-0.09848948706827942,False,False,False,Informality is removed only from adoption q_bar and logit; fiscal-side informality is embedded in observed effective tax rates and is not separately ablated.
official_4c_phase_b_closure_baseline_official_v3,diagnostic,MEX,GMI:GMI_ideal_aggregate,mid,r4,,,,-0.03010095380410161,,0.0,,baseline-official-v3,v1.0.1-official-4c,informality_adoption_ablation,GMI,GMI_ideal_aggregate,0.50592,0.5714239342683678,0.8243839342683679,0.2529600000000001,0.11983908235817226,0.11983908235817226,0.0,-0.03010095380410161,False,False,False,Informality is removed only from adoption q_bar and logit; fiscal-side informality is embedded in observed effective tax rates and is not separately ablated.
official_4c_phase_b_closure_baseline_official_v3,diagnostic,MEX,GMI:GMI_ideal_aggregate,high,r0,,,,-0.16365067719240683,,0.0,,baseline-official-v3,v1.0.1-official-4c,informality_adoption_ablation,GMI,GMI_ideal_aggregate,0.50592,0.5714239342683678,0.8243839342683679,0.2529600000000001,0.11983908235817226,0.11983908235817226,0.0,-0.16365067719240683,False,False,False,Informality is removed only from adoption q_bar and logit; fiscal-side informality is embedded in observed effective tax rates and is not separately ablated.
official_4c_phase_b_closure_baseline_official_v3,diagnostic,MEX,GMI:GMI_ideal_aggregate,high,r1,,,,-0.15600495076583096,,0.0,,baseline-official-v3,v1.0.1-official-4c,informality_adoption_ablation,GMI,GMI_ideal_aggregate,0.50592,0.5714239342683678,0.8243839342683679,0.2529600000000001,0.11983908235817226,0.11983908235817226,0.0,-0.15600495076583096,False,False,False,Informality is removed only from adoption q_bar and logit; fiscal-side informality is embedded in observed effective tax rates and is not separately ablated.
official_4c_phase_b_closure_baseline_official_v3,diagnostic,MEX,GMI:GMI_ideal_aggregate,high,r2,,,,-0.1477058439983762,,0.0,,baseline-official-v3,v1.0.1-official-4c,informality_adoption_ablation,GMI,GMI_ideal_aggregate,0.50592,0.5714239342683678,0.8243839342683679,0.2529600000000001,0.11983908235817226,0.11983908235817226,0.0,-0.1477058439983762,False,False,False,Informality is removed only from adoption q_bar and logit; fiscal-side informality is embedded in observed effective tax rates and is not separately ablated.
official_4c_phase_b_closure_baseline_official_v3,diagnostic,MEX,GMI:GMI_ideal_aggregate,high,r3,,,,-0.16995967125091987,,0.0,,baseline-official-v3,v1.0.1-official-4c,informality_adoption_ablation,GMI,GMI_ideal_aggregate,0.50592,0.5714239342683678,0.8243839342683679,0.2529600000000001,0.11983908235817226,0.11983908235817226,0.0,-0.16995967125091987,False,False,False,Informality is removed only from adoption q_bar and logit; fiscal-side informality is embedded in observed effective tax rates and is not separately ablated.
official_4c_phase_b_closure_baseline_official_v3,diagnostic,MEX,GMI:GMI_ideal_aggregate,high,r4,,,,-0.1172105833127236,,0.0,,baseline-official-v3,v1.0.1-official-4c,informality_adoption_ablation,GMI,GMI_ideal_aggregate,0.50592,0.5714239342683678,0.8243839342683679,0.2529600000000001,0.11983908235817226,0.11983908235817226,0.0,-0.1172105833127236,False,False,False,Informality is removed only from adoption q_bar and logit; fiscal-side informality is embedded in observed effective tax rates and is not separately ablated.
official_4c_phase_b_closure_baseline_official_v3,diagnostic,MEX,GMI:GMI_ideal_aggregate,stress,r0,,,,0.5767419747201149,,0.0,,baseline-official-v3,v1.0.1-official-4c,informality_adoption_ablation,GMI,GMI_ideal_aggregate,0.50592,0.5714239342683678,0.8243839342683679,0.2529600000000001,0.11983908235817226,0.11983908235817226,0.0,0.5767419747201149,False,False,False,Informality is removed only from adoption q_bar and logit; fiscal-side informality is embedded in observed effective tax rates and is not separately ablated.
official_4c_phase_b_closure_baseline_official_v3,diagnostic,MEX,GMI:GMI_ideal_aggregate,stress,r1,,,,0.594658591624337,,0.0,,baseline-official-v3,v1.0.1-official-4c,informality_adoption_ablation,GMI,GMI_ideal_aggregate,0.50592,0.5714239342683678,0.8243839342683679,0.2529600000000001,0.11983908235817226,0.11983908235817226,0.0,0.594658591624337,False,False,False,Informality is removed only from adoption q_bar and logit; fiscal-side informality is embedded in observed effective tax rates and is not separately ablated.
official_4c_phase_b_closure_baseline_official_v3,diagnostic,MEX,GMI:GMI_ideal_aggregate,stress,r2,,,,0.6340484531731361,,0.0,,baseline-official-v3,v1.0.1-official-4c,informality_adoption_ablation,GMI,GMI_ideal_aggregate,0.50592,0.5714239342683678,0.8243839342683679,0.2529600000000001,0.11983908235817226,0.11983908235817226,0.0,0.6340484531731361,False,False,False,Informality is removed only from adoption q_bar and logit; fiscal-side informality is embedded in observed effective tax rates and is not separately ablated.
official_4c_phase_b_closure_baseline_official_v3,diagnostic,MEX,GMI:GMI_ideal_aggregate,stress,r3,,,,0.5611232302912708,,0.0,,baseline-official-v3,v1.0.1-official-4c,informality_adoption_ablation,GMI,GMI_ideal_aggregate,0.50592,0.5714239342683678,0.8243839342683679,0.2529600000000001,0.11983908235817226,0.11983908235817226,0.0,0.5611232302912708,False,False,False,Informality is removed only from adoption q_bar and logit; fiscal-side informality is embedded in observed effective tax rates and is not separately ablated.
official_4c_phase_b_closure_baseline_official_v3,diagnostic,MEX,GMI:GMI_ideal_aggregate,stress,r4,,,,0.7942928279407655,,0.0,,baseline-official-v3,v1.0.1-official-4c,informality_adoption_ablation,GMI,GMI_ideal_aggregate,0.50592,0.5714239342683678,0.8243839342683679,0.2529600000000001,0.11983908235817226,0.11983908235817226,0.0,0.7942928279407655,False,False,False,Informality is removed only from adoption q_bar and logit; fiscal-side informality is embedded in observed effective tax rates and is not separately ablated.
official_4c_phase_b_closure_baseline_official_v3,diagnostic,MEX,GMI:GMI_loaded_aggregate,low,r0,,,,-0.2131184315578218,,0.0,,baseline-official-v3,v1.0.1-official-4c,informality_adoption_ablation,GMI,GMI_loaded_aggregate,0.50592,0.5714239342683678,0.8243839342683679,0.2529600000000001,0.11983908235817226,0.11983908235817226,0.0,-0.2131184315578218,False,False,False,Informality is removed only from adoption q_bar and logit; fiscal-side informality is embedded in observed effective tax rates and is not separately ablated.
official_4c_phase_b_closure_baseline_official_v3,diagnostic,MEX,GMI:GMI_loaded_aggregate,low,r1,,,,-0.20959035817498364,,0.0,,baseline-official-v3,v1.0.1-official-4c,informality_adoption_ablation,GMI,GMI_loaded_aggregate,0.50592,0.5714239342683678,0.8243839342683679,0.2529600000000001,0.11983908235817226,0.11983908235817226,0.0,-0.20959035817498364,False,False,False,Informality is removed only from adoption q_bar and logit; fiscal-side informality is embedded in observed effective tax rates and is not separately ablated.
official_4c_phase_b_closure_baseline_official_v3,diagnostic,MEX,GMI:GMI_loaded_aggregate,low,r2,,,,-0.20843729532684244,,0.0,,baseline-official-v3,v1.0.1-official-4c,informality_adoption_ablation,GMI,GMI_loaded_aggregate,0.50592,0.5714239342683678,0.8243839342683679,0.2529600000000001,0.11983908235817226,0.11983908235817226,0.0,-0.20843729532684244,False,False,False,Informality is removed only from adoption q_bar and logit; fiscal-side informality is embedded in observed effective tax rates and is not separately ablated.
official_4c_phase_b_closure_baseline_official_v3,diagnostic,MEX,GMI:GMI_loaded_aggregate,low,r3,,,,-0.2139043133037995,,0.0,,baseline-official-v3,v1.0.1-official-4c,informality_adoption_ablation,GMI,GMI_loaded_aggregate,0.50592,0.5714239342683678,0.8243839342683679,0.2529600000000001,0.11983908235817226,0.11983908235817226,0.0,-0.2139043133037995,False,False,False,Informality is removed only from adoption q_bar and logit; fiscal-side informality is embedded in observed effective tax rates and is not separately ablated.
official_4c_phase_b_closure_baseline_official_v3,diagnostic,MEX,GMI:GMI_loaded_aggregate,low,r4,,,,-0.20286892327076667,,0.0,,baseline-official-v3,v1.0.1-official-4c,informality_adoption_ablation,GMI,GMI_loaded_aggregate,0.50592,0.5714239342683678,0.8243839342683679,0.2529600000000001,0.11983908235817226,0.11983908235817226,0.0,-0.20286892327076667,False,False,False,Informality is removed only from adoption q_bar and logit; fiscal-side informality is embedded in observed effective tax rates and is not separately ablated.
official_4c_phase_b_closure_baseline_official_v3,diagnostic,MEX,GMI:GMI_loaded_aggregate,mid,r0,,,,-0.05674895074001356,,0.0,,baseline-official-v3,v1.0.1-official-4c,informality_adoption_ablation,GMI,GMI_loaded_aggregate,0.50592,0.5714239342683678,0.8243839342683679,0.2529600000000001,0.11983908235817226,0.11983908235817226,0.0,-0.05674895074001356,False,False,False,Informality is removed only from adoption q_bar and logit; fiscal-side informality is embedded in observed effective tax rates and is not separately ablated.
official_4c_phase_b_closure_baseline_official_v3,diagnostic,MEX,GMI:GMI_loaded_aggregate,mid,r1,,,,-0.050683957945365045,,0.0,,baseline-official-v3,v1.0.1-official-4c,informality_adoption_ablation,GMI,GMI_loaded_aggregate,0.50592,0.5714239342683678,0.8243839342683679,0.2529600000000001,0.11983908235817226,0.11983908235817226,0.0,-0.050683957945365045,False,False,False,Informality is removed only from adoption q_bar and logit; fiscal-side informality is embedded in observed effective tax rates and is not separately ablated.
official_4c_phase_b_closure_baseline_official_v3,diagnostic,MEX,GMI:GMI_loaded_aggregate,mid,r2,,,,-0.04293039892854139,,0.0,,baseline-official-v3,v1.0.1-official-4c,informality_adoption_ablation,GMI,GMI_loaded_aggregate,0.50592,0.5714239342683678,0.8243839342683679,0.2529600000000001,0.11983908235817226,0.11983908235817226,0.0,-0.04293039892854139,False,False,False,Informality is removed only from adoption q_bar and logit; fiscal-side informality is embedded in observed effective tax rates and is not separately ablated.
official_4c_phase_b_closure_baseline_official_v3,diagnostic,MEX,GMI:GMI_loaded_aggregate,mid,r3,,,,-0.06565965804551963,,0.0,,baseline-official-v3,v1.0.1-official-4c,informality_adoption_ablation,GMI,GMI_loaded_aggregate,0.50592,0.5714239342683678,0.8243839342683679,0.2529600000000001,0.11983908235817226,0.11983908235817226,0.0,-0.06565965804551963,False,False,False,Informality is removed only from adoption q_bar and logit; fiscal-side informality is embedded in observed effective tax rates and is not separately ablated.
official_4c_phase_b_closure_baseline_official_v3,diagnostic,MEX,GMI:GMI_loaded_aggregate,mid,r4,,,,-0.020067302536067744,,0.0,,baseline-official-v3,v1.0.1-official-4c,informality_adoption_ablation,GMI,GMI_loaded_aggregate,0.50592,0.5714239342683678,0.8243839342683679,0.2529600000000001,0.11983908235817226,0.11983908235817226,0.0,-0.020067302536067744,False,False,False,Informality is removed only from adoption q_bar and logit; fiscal-side informality is embedded in observed effective tax rates and is not separately ablated.
official_4c_phase_b_closure_baseline_official_v3,diagnostic,MEX,GMI:GMI_loaded_aggregate,high,r0,,,,-0.10910045146160459,,0.0,,baseline-official-v3,v1.0.1-official-4c,informality_adoption_ablation,GMI,GMI_loaded_aggregate,0.50592,0.5714239342683678,0.8243839342683679,0.2529600000000001,0.11983908235817226,0.11983908235817226,0.0,-0.10910045146160459,False,False,False,Informality is removed only from adoption q_bar and logit; fiscal-side informality is embedded in observed effective tax rates and is not separately ablated.
official_4c_phase_b_closure_baseline_official_v3,diagnostic,MEX,GMI:GMI_loaded_aggregate,high,r1,,,,-0.104003300510554,,0.0,,baseline-official-v3,v1.0.1-official-4c,informality_adoption_ablation,GMI,GMI_loaded_aggregate,0.50592,0.5714239342683678,0.8243839342683679,0.2529600000000001,0.11983908235817226,0.11983908235817226,0.0,-0.104003300510554,False,False,False,Informality is removed only from adoption q_bar and logit; fiscal-side informality is embedded in observed effective tax rates and is not separately ablated.
official_4c_phase_b_closure_baseline_official_v3,diagnostic,MEX,GMI:GMI_loaded_aggregate,high,r2,,,,-0.09847056266558415,,0.0,,baseline-official-v3,v1.0.1-official-4c,informality_adoption_ablation,GMI,GMI_loaded_aggregate,0.50592,0.5714239342683678,0.8243839342683679,0.2529600000000001,0.11983908235817226,0.11983908235817226,0.0,-0.09847056266558415,False,False,False,Informality is removed only from adoption q_bar and logit; fiscal-side informality is embedded in observed effective tax rates and is not separately ablated.
official_4c_phase_b_closure_baseline_official_v3,diagnostic,MEX,GMI:GMI_loaded_aggregate,high,r3,,,,-0.11330644750061328,,0.0,,baseline-official-v3,v1.0.1-official-4c,informality_adoption_ablation,GMI,GMI_loaded_aggregate,0.50592,0.5714239342683678,0.8243839342683679,0.2529600000000001,0.11983908235817226,0.11983908235817226,0.0,-0.11330644750061328,False,False,False,Informality is removed only from adoption q_bar and logit; fiscal-side informality is embedded in observed effective tax rates and is not separately ablated.
official_4c_phase_b_closure_baseline_official_v3,diagnostic,MEX,GMI:GMI_loaded_aggregate,high,r4,,,,-0.07814038887514908,,0.0,,baseline-official-v3,v1.0.1-official-4c,informality_adoption_ablation,GMI,GMI_loaded_aggregate,0.50592,0.5714239342683678,0.8243839342683679,0.2529600000000001,0.11983908235817226,0.11983908235817226,0.0,-0.07814038887514908,False,False,False,Informality is removed only from adoption q_bar and logit; fiscal-side informality is embedded in observed effective tax rates and is not separately ablated.
official_4c_phase_b_closure_baseline_official_v3,diagnostic,MEX,GMI:GMI_loaded_aggregate,stress,r0,,,,0.38449464981341,,0.0,,baseline-official-v3,v1.0.1-official-4c,informality_adoption_ablation,GMI,GMI_loaded_aggregate,0.50592,0.5714239342683678,0.8243839342683679,0.2529600000000001,0.11983908235817226,0.11983908235817226,0.0,0.38449464981341,False,False,False,Informality is removed only from adoption q_bar and logit; fiscal-side informality is embedded in observed effective tax rates and is not separately ablated.
official_4c_phase_b_closure_baseline_official_v3,diagnostic,MEX,GMI:GMI_loaded_aggregate,stress,r1,,,,0.39643906108289134,,0.0,,baseline-official-v3,v1.0.1-official-4c,informality_adoption_ablation,GMI,GMI_loaded_aggregate,0.50592,0.5714239342683678,0.8243839342683679,0.2529600000000001,0.11983908235817226,0.11983908235817226,0.0,0.39643906108289134,False,False,False,Informality is removed only from adoption q_bar and logit; fiscal-side informality is embedded in observed effective tax rates and is not separately ablated.
official_4c_phase_b_closure_baseline_official_v3,diagnostic,MEX,GMI:GMI_loaded_aggregate,stress,r2,,,,0.42269896878209084,,0.0,,baseline-official-v3,v1.0.1-official-4c,informality_adoption_ablation,GMI,GMI_loaded_aggregate,0.50592,0.5714239342683678,0.8243839342683679,0.2529600000000001,0.11983908235817226,0.11983908235817226,0.0,0.42269896878209084,False,False,False,Informality is removed only from adoption q_bar and logit; fiscal-side informality is embedded in observed effective tax rates and is not separately ablated.
official_4c_phase_b_closure_baseline_official_v3,diagnostic,MEX,GMI:GMI_loaded_aggregate,stress,r3,,,,0.37408215352751395,,0.0,,baseline-official-v3,v1.0.1-official-4c,informality_adoption_ablation,GMI,GMI_loaded_aggregate,0.50592,0.5714239342683678,0.8243839342683679,0.2529600000000001,0.11983908235817226,0.11983908235817226,0.0,0.37408215352751395,False,False,False,Informality is removed only from adoption q_bar and logit; fiscal-side informality is embedded in observed effective tax rates and is not separately ablated.
official_4c_phase_b_closure_baseline_official_v3,diagnostic,MEX,GMI:GMI_loaded_aggregate,stress,r4,,,,0.5295285519605104,,0.0,,baseline-official-v3,v1.0.1-official-4c,informality_adoption_ablation,GMI,GMI_loaded_aggregate,0.50592,0.5714239342683678,0.8243839342683679,0.2529600000000001,0.11983908235817226,0.11983908235817226,0.0,0.5295285519605104,False,False,False,Informality is removed only from adoption q_bar and logit; fiscal-side informality is embedded in observed effective tax rates and is not separately ablated.
official_4c_phase_b_closure_baseline_official_v3,diagnostic,MEX,MUT,low,r0,,,,-0.018930447475918613,,0.0,,baseline-official-v3,v1.0.1-official-4c,informality_adoption_ablation,MUT,,0.50592,0.5714239342683678,0.8243839342683679,0.2529600000000001,0.11983908235817226,0.11983908235817226,0.0,-0.018930447475918613,False,False,False,Informality is removed only from adoption q_bar and logit; fiscal-side informality is embedded in observed effective tax rates and is not separately ablated.
official_4c_phase_b_closure_baseline_official_v3,diagnostic,MEX,MUT,low,r1,,,,-0.018435743666216458,,0.0,,baseline-official-v3,v1.0.1-official-4c,informality_adoption_ablation,MUT,,0.50592,0.5714239342683678,0.8243839342683679,0.2529600000000001,0.11983908235817226,0.11983908235817226,0.0,-0.018435743666216458,False,False,False,Informality is removed only from adoption q_bar and logit; fiscal-side informality is embedded in observed effective tax rates and is not separately ablated.
official_4c_phase_b_closure_baseline_official_v3,diagnostic,MEX,MUT,low,r2,,,,-0.017992967532530223,,0.0,,baseline-official-v3,v1.0.1-official-4c,informality_adoption_ablation,MUT,,0.50592,0.5714239342683678,0.8243839342683679,0.2529600000000001,0.11983908235817226,0.11983908235817226,0.0,-0.017992967532530223,False,False,False,Informality is removed only from adoption q_bar and logit; fiscal-side informality is embedded in observed effective tax rates and is not separately ablated.
official_4c_phase_b_closure_baseline_official_v3,diagnostic,MEX,MUT,low,r3,,,,-0.01957625661409712,,0.0,,baseline-official-v3,v1.0.1-official-4c,informality_adoption_ablation,MUT,,0.50592,0.5714239342683678,0.8243839342683679,0.2529600000000001,0.11983908235817226,0.11983908235817226,0.0,-0.01957625661409712,False,False,False,Informality is removed only from adoption q_bar and logit; fiscal-side informality is embedded in observed effective tax rates and is not separately ablated.
official_4c_phase_b_closure_baseline_official_v3,diagnostic,MEX,MUT,low,r4,,,,-0.016714789032304847,,0.0,,baseline-official-v3,v1.0.1-official-4c,informality_adoption_ablation,MUT,,0.50592,0.5714239342683678,0.8243839342683679,0.2529600000000001,0.11983908235817226,0.11983908235817226,0.0,-0.016714789032304847,False,False,False,Informality is removed only from adoption q_bar and logit; fiscal-side informality is embedded in observed effective tax rates and is not separately ablated.
official_4c_phase_b_closure_baseline_official_v3,diagnostic,MEX,MUT,mid,r0,,,,0.04111543315811977,,0.0,,baseline-official-v3,v1.0.1-official-4c,informality_adoption_ablation,MUT,,0.50592,0.5714239342683678,0.8243839342683679,0.2529600000000001,0.11983908235817226,0.11983908235817226,0.0,0.04111543315811977,False,False,False,Informality is removed only from adoption q_bar and logit; fiscal-side informality is embedded in observed effective tax rates and is not separately ablated.
official_4c_phase_b_closure_baseline_official_v3,diagnostic,MEX,MUT,mid,r1,,,,0.04258431402195709,,0.0,,baseline-official-v3,v1.0.1-official-4c,informality_adoption_ablation,MUT,,0.50592,0.5714239342683678,0.8243839342683679,0.2529600000000001,0.11983908235817226,0.11983908235817226,0.0,0.04258431402195709,False,False,False,Informality is removed only from adoption q_bar and logit; fiscal-side informality is embedded in observed effective tax rates and is not separately ablated.
official_4c_phase_b_closure_baseline_official_v3,diagnostic,MEX,MUT,mid,r2,,,,0.04556168068441737,,0.0,,baseline-official-v3,v1.0.1-official-4c,informality_adoption_ablation,MUT,,0.50592,0.5714239342683678,0.8243839342683679,0.2529600000000001,0.11983908235817226,0.11983908235817226,0.0,0.04556168068441737,False,False,False,Informality is removed only from adoption q_bar and logit; fiscal-side informality is embedded in observed effective tax rates and is not separately ablated.
official_4c_phase_b_closure_baseline_official_v3,diagnostic,MEX,MUT,mid,r3,,,,0.03734969100508235,,0.0,,baseline-official-v3,v1.0.1-official-4c,informality_adoption_ablation,MUT,,0.50592,0.5714239342683678,0.8243839342683679,0.2529600000000001,0.11983908235817226,0.11983908235817226,0.0,0.03734969100508235,False,False,False,Informality is removed only from adoption q_bar and logit; fiscal-side informality is embedded in observed effective tax rates and is not separately ablated.
official_4c_phase_b_closure_baseline_official_v3,diagnostic,MEX,MUT,mid,r4,,,,0.053481033329819544,,0.0,,baseline-official-v3,v1.0.1-official-4c,informality_adoption_ablation,MUT,,0.50592,0.5714239342683678,0.8243839342683679,0.2529600000000001,0.11983908235817226,0.11983908235817226,0.0,0.053481033329819544,False,False,False,Informality is removed only from adoption q_bar and logit; fiscal-side informality is embedded in observed effective tax rates and is not separately ablated.
official_4c_phase_b_closure_baseline_official_v3,diagnostic,MEX,MUT,high,r0,,,,0.021012456881028815,,0.0,,baseline-official-v3,v1.0.1-official-4c,informality_adoption_ablation,MUT,,0.50592,0.5714239342683678,0.8243839342683679,0.2529600000000001,0.11983908235817226,0.11983908235817226,0.0,0.021012456881028815,False,False,False,Informality is removed only from adoption q_bar and logit; fiscal-side informality is embedded in observed effective tax rates and is not separately ablated.
official_4c_phase_b_closure_baseline_official_v3,diagnostic,MEX,MUT,high,r1,,,,0.022109686476924535,,0.0,,baseline-official-v3,v1.0.1-official-4c,informality_adoption_ablation,MUT,,0.50592,0.5714239342683678,0.8243839342683679,0.2529600000000001,0.11983908235817226,0.11983908235817226,0.0,0.022109686476924535,False,False,False,Informality is removed only from adoption q_bar and logit; fiscal-side informality is embedded in observed effective tax rates and is not separately ablated.
official_4c_phase_b_closure_baseline_official_v3,diagnostic,MEX,MUT,high,r2,,,,0.02423425780939295,,0.0,,baseline-official-v3,v1.0.1-official-4c,informality_adoption_ablation,MUT,,0.50592,0.5714239342683678,0.8243839342683679,0.2529600000000001,0.11983908235817226,0.11983908235817226,0.0,0.02423425780939295,False,False,False,Informality is removed only from adoption q_bar and logit; fiscal-side informality is embedded in observed effective tax rates and is not separately ablated.
official_4c_phase_b_closure_baseline_official_v3,diagnostic,MEX,MUT,high,r3,,,,0.019053323854326395,,0.0,,baseline-official-v3,v1.0.1-official-4c,informality_adoption_ablation,MUT,,0.50592,0.5714239342683678,0.8243839342683679,0.2529600000000001,0.11983908235817226,0.11983908235817226,0.0,0.019053323854326395,False,False,False,Informality is removed only from adoption q_bar and logit; fiscal-side informality is embedded in observed effective tax rates and is not separately ablated.
official_4c_phase_b_closure_baseline_official_v3,diagnostic,MEX,MUT,high,r4,,,,0.031180968175612313,,0.0,,baseline-official-v3,v1.0.1-official-4c,informality_adoption_ablation,MUT,,0.50592,0.5714239342683678,0.8243839342683679,0.2529600000000001,0.11983908235817226,0.11983908235817226,0.0,0.031180968175612313,False,False,False,Informality is removed only from adoption q_bar and logit; fiscal-side informality is embedded in observed effective tax rates and is not separately ablated.
official_4c_phase_b_closure_baseline_official_v3,diagnostic,MEX,MUT,stress,r0,,,,0.21055297577063442,,0.0,,baseline-official-v3,v1.0.1-official-4c,informality_adoption_ablation,MUT,,0.50592,0.5714239342683678,0.8243839342683679,0.2529600000000001,0.11983908235817226,0.11983908235817226,0.0,0.21055297577063442,False,False,False,Informality is removed only from adoption q_bar and logit; fiscal-side informality is embedded in observed effective tax rates and is not separately ablated.
official_4c_phase_b_closure_baseline_official_v3,diagnostic,MEX,MUT,stress,r1,,,,0.21427955332880758,,0.0,,baseline-official-v3,v1.0.1-official-4c,informality_adoption_ablation,MUT,,0.50592,0.5714239342683678,0.8243839342683679,0.2529600000000001,0.11983908235817226,0.11983908235817226,0.0,0.21427955332880758,False,False,False,Informality is removed only from adoption q_bar and logit; fiscal-side informality is embedded in observed effective tax rates and is not separately ablated.
official_4c_phase_b_closure_baseline_official_v3,diagnostic,MEX,MUT,stress,r2,,,,0.22436335788530015,,0.0,,baseline-official-v3,v1.0.1-official-4c,informality_adoption_ablation,MUT,,0.50592,0.5714239342683678,0.8243839342683679,0.2529600000000001,0.11983908235817226,0.11983908235817226,0.0,0.22436335788530015,False,False,False,Informality is removed only from adoption q_bar and logit; fiscal-side informality is embedded in observed effective tax rates and is not separately ablated.
official_4c_phase_b_closure_baseline_official_v3,diagnostic,MEX,MUT,stress,r3,,,,0.20621054664912725,,0.0,,baseline-official-v3,v1.0.1-official-4c,informality_adoption_ablation,MUT,,0.50592,0.5714239342683678,0.8243839342683679,0.2529600000000001,0.11983908235817226,0.11983908235817226,0.0,0.20621054664912725,False,False,False,Informality is removed only from adoption q_bar and logit; fiscal-side informality is embedded in observed effective tax rates and is not separately ablated.
official_4c_phase_b_closure_baseline_official_v3,diagnostic,MEX,MUT,stress,r4,,,,0.2645258414565055,,0.0,,baseline-official-v3,v1.0.1-official-4c,informality_adoption_ablation,MUT,,0.50592,0.5714239342683678,0.8243839342683679,0.2529600000000001,0.11983908235817226,0.11983908235817226,0.0,0.2645258414565055,False,False,False,Informality is removed only from adoption q_bar and logit; fiscal-side informality is embedded in observed effective tax rates and is not separately ablated.
official_4c_phase_b_closure_baseline_official_v3,diagnostic,MEX,PBI,low,r0,,,,-0.007718023619665127,,0.0,,baseline-official-v3,v1.0.1-official-4c,informality_adoption_ablation,PBI,,0.50592,0.5714239342683678,0.8243839342683679,0.2529600000000001,0.11983908235817226,0.11983908235817226,0.0,-0.007718023619665127,False,False,False,Informality is removed only from adoption q_bar and logit; fiscal-side informality is embedded in observed effective tax rates and is not separately ablated.
official_4c_phase_b_closure_baseline_official_v3,diagnostic,MEX,PBI,low,r1,,,,-0.007454599165749281,,0.0,,baseline-official-v3,v1.0.1-official-4c,informality_adoption_ablation,PBI,,0.50592,0.5714239342683678,0.8243839342683679,0.2529600000000001,0.11983908235817226,0.11983908235817226,0.0,-0.007454599165749281,False,False,False,Informality is removed only from adoption q_bar and logit; fiscal-side informality is embedded in observed effective tax rates and is not separately ablated.
official_4c_phase_b_closure_baseline_official_v3,diagnostic,MEX,PBI,low,r2,,,,-0.00715820114544707,,0.0,,baseline-official-v3,v1.0.1-official-4c,informality_adoption_ablation,PBI,,0.50592,0.5714239342683678,0.8243839342683679,0.2529600000000001,0.11983908235817226,0.11983908235817226,0.0,-0.00715820114544707,False,False,False,Informality is removed only from adoption q_bar and logit; fiscal-side informality is embedded in observed effective tax rates and is not separately ablated.
official_4c_phase_b_closure_baseline_official_v3,diagnostic,MEX,PBI,low,r3,,,,-0.0081774273725257,,0.0,,baseline-official-v3,v1.0.1-official-4c,informality_adoption_ablation,PBI,,0.50592,0.5714239342683678,0.8243839342683679,0.2529600000000001,0.11983908235817226,0.11983908235817226,0.0,-0.0081774273725257,False,False,False,Informality is removed only from adoption q_bar and logit; fiscal-side informality is embedded in observed effective tax rates and is not separately ablated.
official_4c_phase_b_closure_baseline_official_v3,diagnostic,MEX,PBI,low,r4,,,,-0.006370312228429587,,0.0,,baseline-official-v3,v1.0.1-official-4c,informality_adoption_ablation,PBI,,0.50592,0.5714239342683678,0.8243839342683679,0.2529600000000001,0.11983908235817226,0.11983908235817226,0.0,-0.006370312228429587,False,False,False,Informality is removed only from adoption q_bar and logit; fiscal-side informality is embedded in observed effective tax rates and is not separately ablated.
official_4c_phase_b_closure_baseline_official_v3,diagnostic,MEX,PBI,mid,r0,,,,0.032477187443457955,,0.0,,baseline-official-v3,v1.0.1-official-4c,informality_adoption_ablation,PBI,,0.50592,0.5714239342683678,0.8243839342683679,0.2529600000000001,0.11983908235817226,0.11983908235817226,0.0,0.032477187443457955,False,False,False,Informality is removed only from adoption q_bar and logit; fiscal-side informality is embedded in observed effective tax rates and is not separately ablated.
official_4c_phase_b_closure_baseline_official_v3,diagnostic,MEX,PBI,mid,r1,,,,0.03339273410609726,,0.0,,baseline-official-v3,v1.0.1-official-4c,informality_adoption_ablation,PBI,,0.50592,0.5714239342683678,0.8243839342683679,0.2529600000000001,0.11983908235817226,0.11983908235817226,0.0,0.03339273410609726,False,False,False,Informality is removed only from adoption q_bar and logit; fiscal-side informality is embedded in observed effective tax rates and is not separately ablated.
official_4c_phase_b_closure_baseline_official_v3,diagnostic,MEX,PBI,mid,r2,,,,0.035385808071308734,,0.0,,baseline-official-v3,v1.0.1-official-4c,informality_adoption_ablation,PBI,,0.50592,0.5714239342683678,0.8243839342683679,0.2529600000000001,0.11983908235817226,0.11983908235817226,0.0,0.035385808071308734,False,False,False,Informality is removed only from adoption q_bar and logit; fiscal-side informality is embedded in observed effective tax rates and is not separately ablated.
official_4c_phase_b_closure_baseline_official_v3,diagnostic,MEX,PBI,mid,r3,,,,0.029929274625348196,,0.0,,baseline-official-v3,v1.0.1-official-4c,informality_adoption_ablation,PBI,,0.50592,0.5714239342683678,0.8243839342683679,0.2529600000000001,0.11983908235817226,0.11983908235817226,0.0,0.029929274625348196,False,False,False,Informality is removed only from adoption q_bar and logit; fiscal-side informality is embedded in observed effective tax rates and is not separately ablated.
official_4c_phase_b_closure_baseline_official_v3,diagnostic,MEX,PBI,mid,r4,,,,0.040619354103412546,,0.0,,baseline-official-v3,v1.0.1-official-4c,informality_adoption_ablation,PBI,,0.50592,0.5714239342683678,0.8243839342683679,0.2529600000000001,0.11983908235817226,0.11983908235817226,0.0,0.040619354103412546,False,False,False,Informality is removed only from adoption q_bar and logit; fiscal-side informality is embedded in observed effective tax rates and is not separately ablated.
official_4c_phase_b_closure_baseline_official_v3,diagnostic,MEX,PBI,high,r0,,,,0.019020088206635883,,0.0,,baseline-official-v3,v1.0.1-official-4c,informality_adoption_ablation,PBI,,0.50592,0.5714239342683678,0.8243839342683679,0.2529600000000001,0.11983908235817226,0.11983908235817226,0.0,0.019020088206635883,False,False,False,Informality is removed only from adoption q_bar and logit; fiscal-side informality is embedded in observed effective tax rates and is not separately ablated.
official_4c_phase_b_closure_baseline_official_v3,diagnostic,MEX,PBI,high,r1,,,,0.01968684842465901,,0.0,,baseline-official-v3,v1.0.1-official-4c,informality_adoption_ablation,PBI,,0.50592,0.5714239342683678,0.8243839342683679,0.2529600000000001,0.11983908235817226,0.11983908235817226,0.0,0.01968684842465901,False,False,False,Informality is removed only from adoption q_bar and logit; fiscal-side informality is embedded in observed effective tax rates and is not separately ablated.
official_4c_phase_b_closure_baseline_official_v3,diagnostic,MEX,PBI,high,r2,,,,0.021109054115132624,,0.0,,baseline-official-v3,v1.0.1-official-4c,informality_adoption_ablation,PBI,,0.50592,0.5714239342683678,0.8243839342683679,0.2529600000000001,0.11983908235817226,0.11983908235817226,0.0,0.021109054115132624,False,False,False,Informality is removed only from adoption q_bar and logit; fiscal-side informality is embedded in observed effective tax rates and is not separately ablated.
official_4c_phase_b_closure_baseline_official_v3,diagnostic,MEX,PBI,high,r3,,,,0.017681534538143372,,0.0,,baseline-official-v3,v1.0.1-official-4c,informality_adoption_ablation,PBI,,0.50592,0.5714239342683678,0.8243839342683679,0.2529600000000001,0.11983908235817226,0.11983908235817226,0.0,0.017681534538143372,False,False,False,Informality is removed only from adoption q_bar and logit; fiscal-side informality is embedded in observed effective tax rates and is not separately ablated.
official_4c_phase_b_closure_baseline_official_v3,diagnostic,MEX,PBI,high,r4,,,,0.025691505329609468,,0.0,,baseline-official-v3,v1.0.1-official-4c,informality_adoption_ablation,PBI,,0.50592,0.5714239342683678,0.8243839342683679,0.2529600000000001,0.11983908235817226,0.11983908235817226,0.0,0.025691505329609468,False,False,False,Informality is removed only from adoption q_bar and logit; fiscal-side informality is embedded in observed effective tax rates and is not separately ablated.
official_4c_phase_b_closure_baseline_official_v3,diagnostic,MEX,PBI,stress,r0,,,,0.14590008532441942,,0.0,,baseline-official-v3,v1.0.1-official-4c,informality_adoption_ablation,PBI,,0.50592,0.5714239342683678,0.8243839342683679,0.2529600000000001,0.11983908235817226,0.11983908235817226,0.0,0.14590008532441942,False,False,False,Informality is removed only from adoption q_bar and logit; fiscal-side informality is embedded in observed effective tax rates and is not separately ablated.
official_4c_phase_b_closure_baseline_official_v3,diagnostic,MEX,PBI,stress,r1,,,,0.14832695290011905,,0.0,,baseline-official-v3,v1.0.1-official-4c,informality_adoption_ablation,PBI,,0.50592,0.5714239342683678,0.8243839342683679,0.2529600000000001,0.11983908235817226,0.11983908235817226,0.0,0.14832695290011905,False,False,False,Informality is removed only from adoption q_bar and logit; fiscal-side informality is embedded in observed effective tax rates and is not separately ablated.
official_4c_phase_b_closure_baseline_official_v3,diagnostic,MEX,PBI,stress,r2,,,,0.15507713539703016,,0.0,,baseline-official-v3,v1.0.1-official-4c,informality_adoption_ablation,PBI,,0.50592,0.5714239342683678,0.8243839342683679,0.2529600000000001,0.11983908235817226,0.11983908235817226,0.0,0.15507713539703016,False,False,False,Informality is removed only from adoption q_bar and logit; fiscal-side informality is embedded in observed effective tax rates and is not separately ablated.
official_4c_phase_b_closure_baseline_official_v3,diagnostic,MEX,PBI,stress,r3,,,,0.1429661334613289,,0.0,,baseline-official-v3,v1.0.1-official-4c,informality_adoption_ablation,PBI,,0.50592,0.5714239342683678,0.8243839342683679,0.2529600000000001,0.11983908235817226,0.11983908235817226,0.0,0.1429661334613289,False,False,False,Informality is removed only from adoption q_bar and logit; fiscal-side informality is embedded in observed effective tax rates and is not separately ablated.
official_4c_phase_b_closure_baseline_official_v3,diagnostic,MEX,PBI,stress,r4,,,,0.18189450098867083,,0.0,,baseline-official-v3,v1.0.1-official-4c,informality_adoption_ablation,PBI,,0.50592,0.5714239342683678,0.8243839342683679,0.2529600000000001,0.11983908235817226,0.11983908235817226,0.0,0.18189450098867083,False,False,False,Informality is removed only from adoption q_bar and logit; fiscal-side informality is embedded in observed effective tax rates and is not separately ablated.
official_4c_phase_b_closure_baseline_official_v3,diagnostic,MEX,UBI,low,r0,,,,-0.0019573017112317864,,0.0,,baseline-official-v3,v1.0.1-official-4c,informality_adoption_ablation,UBI,,0.50592,0.5714239342683678,0.8243839342683679,0.2529600000000001,0.11983908235817226,0.11983908235817226,0.0,-0.0019573017112317864,False,False,False,Informality is removed only from adoption q_bar and logit; fiscal-side informality is embedded in observed effective tax rates and is not separately ablated.
official_4c_phase_b_closure_baseline_official_v3,diagnostic,MEX,UBI,low,r1,,,,-0.001871570304511,,0.0,,baseline-official-v3,v1.0.1-official-4c,informality_adoption_ablation,UBI,,0.50592,0.5714239342683678,0.8243839342683679,0.2529600000000001,0.11983908235817226,0.11983908235817226,0.0,-0.001871570304511,False,False,False,Informality is removed only from adoption q_bar and logit; fiscal-side informality is embedded in observed effective tax rates and is not separately ablated.
official_4c_phase_b_closure_baseline_official_v3,diagnostic,MEX,UBI,low,r2,,,,-0.001760876271089441,,0.0,,baseline-official-v3,v1.0.1-official-4c,informality_adoption_ablation,UBI,,0.50592,0.5714239342683678,0.8243839342683679,0.2529600000000001,0.11983908235817226,0.11983908235817226,0.0,-0.001760876271089441,False,False,False,Informality is removed only from adoption q_bar and logit; fiscal-side informality is embedded in observed effective tax rates and is not separately ablated.
official_4c_phase_b_closure_baseline_official_v3,diagnostic,MEX,UBI,low,r3,,,,-0.002133931814058314,,0.0,,baseline-official-v3,v1.0.1-official-4c,informality_adoption_ablation,UBI,,0.50592,0.5714239342683678,0.8243839342683679,0.2529600000000001,0.11983908235817226,0.11983908235817226,0.0,-0.002133931814058314,False,False,False,Informality is removed only from adoption q_bar and logit; fiscal-side informality is embedded in observed effective tax rates and is not separately ablated.
official_4c_phase_b_closure_baseline_official_v3,diagnostic,MEX,UBI,low,r4,,,,-0.0014792761917378492,,0.0,,baseline-official-v3,v1.0.1-official-4c,informality_adoption_ablation,UBI,,0.50592,0.5714239342683678,0.8243839342683679,0.2529600000000001,0.11983908235817226,0.11983908235817226,0.0,-0.0014792761917378492,False,False,False,Informality is removed only from adoption q_bar and logit; fiscal-side informality is embedded in observed effective tax rates and is not separately ablated.
official_4c_phase_b_closure_baseline_official_v3,diagnostic,MEX,UBI,mid,r0,,,,0.013054168447277808,,0.0,,baseline-official-v3,v1.0.1-official-4c,informality_adoption_ablation,UBI,,0.50592,0.5714239342683678,0.8243839342683679,0.2529600000000001,0.11983908235817226,0.11983908235817226,0.0,0.013054168447277808,False,False,False,Informality is removed only from adoption q_bar and logit; fiscal-side informality is embedded in observed effective tax rates and is not separately ablated.
official_4c_phase_b_closure_baseline_official_v3,diagnostic,MEX,UBI,mid,r1,,,,0.013383444117532386,,0.0,,baseline-official-v3,v1.0.1-official-4c,informality_adoption_ablation,UBI,,0.50592,0.5714239342683678,0.8243839342683679,0.2529600000000001,0.11983908235817226,0.11983908235817226,0.0,0.013383444117532386,False,False,False,Informality is removed only from adoption q_bar and logit; fiscal-side informality is embedded in observed effective tax rates and is not separately ablated.
official_4c_phase_b_closure_baseline_official_v3,diagnostic,MEX,UBI,mid,r2,,,,0.014127785783147457,,0.0,,baseline-official-v3,v1.0.1-official-4c,informality_adoption_ablation,UBI,,0.50592,0.5714239342683678,0.8243839342683679,0.2529600000000001,0.11983908235817226,0.11983908235817226,0.0,0.014127785783147457,False,False,False,Informality is removed only from adoption q_bar and logit; fiscal-side informality is embedded in observed effective tax rates and is not separately ablated.
official_4c_phase_b_closure_baseline_official_v3,diagnostic,MEX,UBI,mid,r3,,,,0.012097555090736553,,0.0,,baseline-official-v3,v1.0.1-official-4c,informality_adoption_ablation,UBI,,0.50592,0.5714239342683678,0.8243839342683679,0.2529600000000001,0.11983908235817226,0.11983908235817226,0.0,0.012097555090736553,False,False,False,Informality is removed only from adoption q_bar and logit; fiscal-side informality is embedded in observed effective tax rates and is not separately ablated.
official_4c_phase_b_closure_baseline_official_v3,diagnostic,MEX,UBI,mid,r4,,,,0.01606967939879325,,0.0,,baseline-official-v3,v1.0.1-official-4c,informality_adoption_ablation,UBI,,0.50592,0.5714239342683678,0.8243839342683679,0.2529600000000001,0.11983908235817226,0.11983908235817226,0.0,0.01606967939879325,False,False,False,Informality is removed only from adoption q_bar and logit; fiscal-side informality is embedded in observed effective tax rates and is not separately ablated.
official_4c_phase_b_closure_baseline_official_v3,diagnostic,MEX,UBI,high,r0,,,,0.00802842437800507,,0.0,,baseline-official-v3,v1.0.1-official-4c,informality_adoption_ablation,UBI,,0.50592,0.5714239342683678,0.8243839342683679,0.2529600000000001,0.11983908235817226,0.11983908235817226,0.0,0.00802842437800507,False,False,False,Informality is removed only from adoption q_bar and logit; fiscal-side informality is embedded in observed effective tax rates and is not separately ablated.
official_4c_phase_b_closure_baseline_official_v3,diagnostic,MEX,UBI,high,r1,,,,0.008264787231274247,,0.0,,baseline-official-v3,v1.0.1-official-4c,informality_adoption_ablation,UBI,,0.50592,0.5714239342683678,0.8243839342683679,0.2529600000000001,0.11983908235817226,0.11983908235817226,0.0,0.008264787231274247,False,False,False,Informality is removed only from adoption q_bar and logit; fiscal-side informality is embedded in observed effective tax rates and is not separately ablated.
official_4c_phase_b_closure_baseline_official_v3,diagnostic,MEX,UBI,high,r2,,,,0.00879593006439135,,0.0,,baseline-official-v3,v1.0.1-official-4c,informality_adoption_ablation,UBI,,0.50592,0.5714239342683678,0.8243839342683679,0.2529600000000001,0.11983908235817226,0.11983908235817226,0.0,0.00879593006439135,False,False,False,Informality is removed only from adoption q_bar and logit; fiscal-side informality is embedded in observed effective tax rates and is not separately ablated.
official_4c_phase_b_closure_baseline_official_v3,diagnostic,MEX,UBI,high,r3,,,,0.007523463303047565,,0.0,,baseline-official-v3,v1.0.1-official-4c,informality_adoption_ablation,UBI,,0.50592,0.5714239342683678,0.8243839342683679,0.2529600000000001,0.11983908235817226,0.11983908235817226,0.0,0.007523463303047565,False,False,False,Informality is removed only from adoption q_bar and logit; fiscal-side informality is embedded in observed effective tax rates and is not separately ablated.
official_4c_phase_b_closure_baseline_official_v3,diagnostic,MEX,UBI,high,r4,,,,0.010494663110241439,,0.0,,baseline-official-v3,v1.0.1-official-4c,informality_adoption_ablation,UBI,,0.50592,0.5714239342683678,0.8243839342683679,0.2529600000000001,0.11983908235817226,0.11983908235817226,0.0,0.010494663110241439,False,False,False,Informality is removed only from adoption q_bar and logit; fiscal-side informality is embedded in observed effective tax rates and is not separately ablated.
official_4c_phase_b_closure_baseline_official_v3,diagnostic,MEX,UBI,stress,r0,,,,0.05541355410040647,,0.0,,baseline-official-v3,v1.0.1-official-4c,informality_adoption_ablation,UBI,,0.50592,0.5714239342683678,0.8243839342683679,0.2529600000000001,0.11983908235817226,0.11983908235817226,0.0,0.05541355410040647,False,False,False,Informality is removed only from adoption q_bar and logit; fiscal-side informality is embedded in observed effective tax rates and is not separately ablated.
official_4c_phase_b_closure_baseline_official_v3,diagnostic,MEX,UBI,stress,r1,,,,0.056307253944245,,0.0,,baseline-official-v3,v1.0.1-official-4c,informality_adoption_ablation,UBI,,0.50592,0.5714239342683678,0.8243839342683679,0.2529600000000001,0.11983908235817226,0.11983908235817226,0.0,0.056307253944245,False,False,False,Informality is removed only from adoption q_bar and logit; fiscal-side informality is embedded in observed effective tax rates and is not separately ablated.
official_4c_phase_b_closure_baseline_official_v3,diagnostic,MEX,UBI,stress,r2,,,,0.05882820508336815,,0.0,,baseline-official-v3,v1.0.1-official-4c,informality_adoption_ablation,UBI,,0.50592,0.5714239342683678,0.8243839342683679,0.2529600000000001,0.11983908235817226,0.11983908235817226,0.0,0.05882820508336815,False,False,False,Informality is removed only from adoption q_bar and logit; fiscal-side informality is embedded in observed effective tax rates and is not separately ablated.
official_4c_phase_b_closure_baseline_official_v3,diagnostic,MEX,UBI,stress,r3,,,,0.05431276900174778,,0.0,,baseline-official-v3,v1.0.1-official-4c,informality_adoption_ablation,UBI,,0.50592,0.5714239342683678,0.8243839342683679,0.2529600000000001,0.11983908235817226,0.11983908235817226,0.0,0.05431276900174778,False,False,False,Informality is removed only from adoption q_bar and logit; fiscal-side informality is embedded in observed effective tax rates and is not separately ablated.
official_4c_phase_b_closure_baseline_official_v3,diagnostic,MEX,UBI,stress,r4,,,,0.06883088143046474,,0.0,,baseline-official-v3,v1.0.1-official-4c,informality_adoption_ablation,UBI,,0.50592,0.5714239342683678,0.8243839342683679,0.2529600000000001,0.11983908235817226,0.11983908235817226,0.0,0.06883088143046474,False,False,False,Informality is removed only from adoption q_bar and logit; fiscal-side informality is embedded in observed effective tax rates and is not separately ablated.
