run_id,run_type,country_id,policy_variant_id,scenario_id,regime_id,v_baseline,v_negative_control,collapse_ratio,baseline_crosses_v1,negative_control_crosses_v1,verdict,parameter_set_id,dataset_version,diagnostic_block,v_baseline_recomputed,v_no_rent_capture,delta_v,r4_crossing_depends_on_rents,v_high_leakage,crossing_survives_high_leakage
official_4c_diagnostics_6b_baseline_official_v3,diagnostic,PER,PEN,low,r0,-0.2618923549364835,-0.0833293856616084,0.3181818181818182,False,False,PASS,baseline-official-v3,v1.0.1-official-4c,sectorial_displacement,,,,,,
official_4c_diagnostics_6b_baseline_official_v3,diagnostic,PER,GMI:GMI_ideal_aggregate,low,r0,-0.1206016483482565,-0.0383732517471725,0.3181818181818182,False,False,PASS,baseline-official-v3,v1.0.1-official-4c,sectorial_displacement,,,,,,
official_4c_diagnostics_6b_baseline_official_v3,diagnostic,PER,GMI:GMI_loaded_aggregate,low,r0,-0.0804010988988376,-0.0255821678314483,0.3181818181818182,False,False,PASS,baseline-official-v3,v1.0.1-official-4c,sectorial_displacement,,,,,,
official_4c_diagnostics_6b_baseline_official_v3,diagnostic,PER,MUT,low,r0,-0.0163802066209102,-0.005211883924835,0.3181818181818182,False,False,PASS,baseline-official-v3,v1.0.1-official-4c,sectorial_displacement,,,,,,
official_4c_diagnostics_6b_baseline_official_v3,diagnostic,PER,PBI,low,r0,-0.0073035501789853,-0.0023238568751316,0.3181818181818182,False,False,PASS,baseline-official-v3,v1.0.1-official-4c,sectorial_displacement,,,,,,
official_4c_diagnostics_6b_baseline_official_v3,diagnostic,PER,UBI,low,r0,-0.0020403228103652,-0.0006491936214798,0.3181818181818182,False,False,PASS,baseline-official-v3,v1.0.1-official-4c,sectorial_displacement,,,,,,
official_4c_diagnostics_6b_baseline_official_v3,diagnostic,PER,PEN,low,r1,-0.2547674764290003,-0.0810623788637728,0.3181818181818182,False,False,PASS,baseline-official-v3,v1.0.1-official-4c,sectorial_displacement,,,,,,
official_4c_diagnostics_6b_baseline_official_v3,diagnostic,PER,GMI:GMI_ideal_aggregate,low,r1,-0.1182439855742599,-0.0376230863190827,0.3181818181818182,False,False,PASS,baseline-official-v3,v1.0.1-official-4c,sectorial_displacement,,,,,,
official_4c_diagnostics_6b_baseline_official_v3,diagnostic,PER,GMI:GMI_loaded_aggregate,low,r1,-0.0788293237161733,-0.0250820575460551,0.3181818181818182,False,False,PASS,baseline-official-v3,v1.0.1-official-4c,sectorial_displacement,,,,,,
official_4c_diagnostics_6b_baseline_official_v3,diagnostic,PER,MUT,low,r1,-0.0157862728607499,-0.0050229050011476,0.3181818181818182,False,False,PASS,baseline-official-v3,v1.0.1-official-4c,sectorial_displacement,,,,,,
official_4c_diagnostics_6b_baseline_official_v3,diagnostic,PER,PBI,low,r1,-0.0069558101820117,-0.00221321233064,0.3181818181818182,False,False,PASS,baseline-official-v3,v1.0.1-official-4c,sectorial_displacement,,,,,,
official_4c_diagnostics_6b_baseline_official_v3,diagnostic,PER,UBI,low,r1,-0.0019199319971427,-0.0006108874536363,0.3181818181818182,False,False,PASS,baseline-official-v3,v1.0.1-official-4c,sectorial_displacement,,,,,,
official_4c_diagnostics_6b_baseline_official_v3,diagnostic,PER,PEN,low,r2,-0.2522590150114426,-0.0802642320490953,0.3181818181818182,False,False,PASS,baseline-official-v3,v1.0.1-official-4c,sectorial_displacement,,,,,,
official_4c_diagnostics_6b_baseline_official_v3,diagnostic,PER,GMI:GMI_ideal_aggregate,low,r2,-0.1177423446937501,-0.0374634733116477,0.3181818181818182,False,False,PASS,baseline-official-v3,v1.0.1-official-4c,sectorial_displacement,,,,,,
official_4c_diagnostics_6b_baseline_official_v3,diagnostic,PER,GMI:GMI_loaded_aggregate,low,r2,-0.0784948964625001,-0.0249756488744318,0.3181818181818182,False,False,PASS,baseline-official-v3,v1.0.1-official-4c,sectorial_displacement,,,,,,
official_4c_diagnostics_6b_baseline_official_v3,diagnostic,PER,MUT,low,r2,-0.0155244163211238,-0.0049395870112666,0.3181818181818182,False,False,PASS,baseline-official-v3,v1.0.1-official-4c,sectorial_displacement,,,,,,
official_4c_diagnostics_6b_baseline_official_v3,diagnostic,PER,PBI,low,r2,-0.0067803680473256,-0.0021573898332399,0.3181818181818182,False,False,PASS,baseline-official-v3,v1.0.1-official-4c,sectorial_displacement,,,,,,
official_4c_diagnostics_6b_baseline_official_v3,diagnostic,PER,UBI,low,r2,-0.0018544678622362,-0.000590057956166,0.3181818181818182,False,False,PASS,baseline-official-v3,v1.0.1-official-4c,sectorial_displacement,,,,,,
official_4c_diagnostics_6b_baseline_official_v3,diagnostic,PER,PEN,low,r3,-0.2622162019186099,-0.083432427883194,0.3181818181818182,False,False,PASS,baseline-official-v3,v1.0.1-official-4c,sectorial_displacement,,,,,,
official_4c_diagnostics_6b_baseline_official_v3,diagnostic,PER,GMI:GMI_ideal_aggregate,low,r3,-0.1202932778786983,-0.0382751338704949,0.3181818181818182,False,False,PASS,baseline-official-v3,v1.0.1-official-4c,sectorial_displacement,,,,,,
official_4c_diagnostics_6b_baseline_official_v3,diagnostic,PER,GMI:GMI_loaded_aggregate,low,r3,-0.0801955185857988,-0.0255167559136632,0.3181818181818182,False,False,PASS,baseline-official-v3,v1.0.1-official-4c,sectorial_displacement,,,,,,
official_4c_diagnostics_6b_baseline_official_v3,diagnostic,PER,MUT,low,r3,-0.0164739437189472,-0.0052417093651195,0.3181818181818182,False,False,PASS,baseline-official-v3,v1.0.1-official-4c,sectorial_displacement,,,,,,
official_4c_diagnostics_6b_baseline_official_v3,diagnostic,PER,PBI,low,r3,-0.0073864300734072,-0.0023502277506295,0.3181818181818182,False,False,PASS,baseline-official-v3,v1.0.1-official-4c,sectorial_displacement,,,,,,
official_4c_diagnostics_6b_baseline_official_v3,diagnostic,PER,UBI,low,r3,-0.0020749941356015,-0.0006602254067822,0.3181818181818182,False,False,PASS,baseline-official-v3,v1.0.1-official-4c,sectorial_displacement,,,,,,
official_4c_diagnostics_6b_baseline_official_v3,diagnostic,PER,PEN,low,r4,-0.2429453782174216,-0.0773008021600887,0.3181818181818182,False,False,PASS,baseline-official-v3,v1.0.1-official-4c,sectorial_displacement,,,,,,
official_4c_diagnostics_6b_baseline_official_v3,diagnostic,PER,GMI:GMI_ideal_aggregate,low,r4,-0.1149469751141408,-0.0365740375363175,0.3181818181818182,False,False,PASS,baseline-official-v3,v1.0.1-official-4c,sectorial_displacement,,,,,,
official_4c_diagnostics_6b_baseline_official_v3,diagnostic,PER,GMI:GMI_loaded_aggregate,low,r4,-0.0766313167427605,-0.0243826916908783,0.3181818181818182,False,False,PASS,baseline-official-v3,v1.0.1-official-4c,sectorial_displacement,,,,,,
official_4c_diagnostics_6b_baseline_official_v3,diagnostic,PER,MUT,low,r4,-0.0147019996084337,-0.0046779089663198,0.3181818181818182,False,False,PASS,baseline-official-v3,v1.0.1-official-4c,sectorial_displacement,,,,,,
official_4c_diagnostics_6b_baseline_official_v3,diagnostic,PER,PBI,low,r4,-0.0062795459963829,-0.0019980373624854,0.3181818181818182,False,False,PASS,baseline-official-v3,v1.0.1-official-4c,sectorial_displacement,,,,,,
official_4c_diagnostics_6b_baseline_official_v3,diagnostic,PER,UBI,low,r4,-0.0016769563108813,-0.0005335770080076,0.3181818181818182,False,False,PASS,baseline-official-v3,v1.0.1-official-4c,sectorial_displacement,,,,,,
official_4c_diagnostics_6b_baseline_official_v3,diagnostic,PER,PEN,mid,r0,0.0781898593701847,0.024878591617786,0.3181818181818182,False,False,PASS,baseline-official-v3,v1.0.1-official-4c,sectorial_displacement,,,,,,
official_4c_diagnostics_6b_baseline_official_v3,diagnostic,PER,GMI:GMI_ideal_aggregate,mid,r0,-0.0525921743988333,-0.016733873672356,0.3181818181818182,False,False,PASS,baseline-official-v3,v1.0.1-official-4c,sectorial_displacement,,,,,,
official_4c_diagnostics_6b_baseline_official_v3,diagnostic,PER,GMI:GMI_loaded_aggregate,mid,r0,-0.0350614495992222,-0.0111559157815707,0.3181818181818182,False,False,PASS,baseline-official-v3,v1.0.1-official-4c,sectorial_displacement,,,,,,
official_4c_diagnostics_6b_baseline_official_v3,diagnostic,PER,MUT,mid,r0,0.0191207387806886,0.0060838714302191,0.3181818181818182,False,False,PASS,baseline-official-v3,v1.0.1-official-4c,sectorial_displacement,,,,,,
official_4c_diagnostics_6b_baseline_official_v3,diagnostic,PER,PBI,mid,r0,0.0164818464107766,0.0052442238579743,0.3181818181818182,False,False,PASS,baseline-official-v3,v1.0.1-official-4c,sectorial_displacement,,,,,,
official_4c_diagnostics_6b_baseline_official_v3,diagnostic,PER,UBI,mid,r0,0.0068349135400345,0.0021747452172837,0.3181818181818182,False,False,PASS,baseline-official-v3,v1.0.1-official-4c,sectorial_displacement,,,,,,
official_4c_diagnostics_6b_baseline_official_v3,diagnostic,PER,PEN,mid,r1,0.104105996516133,0.0331246352551332,0.3181818181818182,False,False,PASS,baseline-official-v3,v1.0.1-official-4c,sectorial_displacement,,,,,,
official_4c_diagnostics_6b_baseline_official_v3,diagnostic,PER,GMI:GMI_ideal_aggregate,mid,r1,-0.0464766449646969,-0.0147880233978581,0.3181818181818182,False,False,PASS,baseline-official-v3,v1.0.1-official-4c,sectorial_displacement,,,,,,
official_4c_diagnostics_6b_baseline_official_v3,diagnostic,PER,GMI:GMI_loaded_aggregate,mid,r1,-0.0309844299764646,-0.0098586822652387,0.3181818181818182,False,False,PASS,baseline-official-v3,v1.0.1-official-4c,sectorial_displacement,,,,,,
official_4c_diagnostics_6b_baseline_official_v3,diagnostic,PER,MUT,mid,r1,0.0216762789374418,0.0068969978437314,0.3181818181818182,False,False,PASS,baseline-official-v3,v1.0.1-official-4c,sectorial_displacement,,,,,,
official_4c_diagnostics_6b_baseline_official_v3,diagnostic,PER,PBI,mid,r1,0.018143849607453,0.0057730430569168,0.3181818181818182,False,False,PASS,baseline-official-v3,v1.0.1-official-4c,sectorial_displacement,,,,,,
official_4c_diagnostics_6b_baseline_official_v3,diagnostic,PER,UBI,mid,r1,0.0074457059524051,0.0023690882575834,0.3181818181818182,False,False,PASS,baseline-official-v3,v1.0.1-official-4c,sectorial_displacement,,,,,,
official_4c_diagnostics_6b_baseline_official_v3,diagnostic,PER,PEN,mid,r2,0.1232497556668719,0.0392158313485501,0.3181818181818182,False,False,PASS,baseline-official-v3,v1.0.1-official-4c,sectorial_displacement,,,,,,
official_4c_diagnostics_6b_baseline_official_v3,diagnostic,PER,GMI:GMI_ideal_aggregate,mid,r2,-0.042648285425488,-0.0135699089990189,0.3181818181818182,False,False,PASS,baseline-official-v3,v1.0.1-official-4c,sectorial_displacement,,,,,,
official_4c_diagnostics_6b_baseline_official_v3,diagnostic,PER,GMI:GMI_loaded_aggregate,mid,r2,-0.0284321902836587,-0.0090466059993459,0.3181818181818182,False,False,PASS,baseline-official-v3,v1.0.1-official-4c,sectorial_displacement,,,,,,
official_4c_diagnostics_6b_baseline_official_v3,diagnostic,PER,MUT,mid,r2,0.0236746826169089,0.0075328535599255,0.3181818181818182,False,False,PASS,baseline-official-v3,v1.0.1-official-4c,sectorial_displacement,,,,,,
official_4c_diagnostics_6b_baseline_official_v3,diagnostic,PER,PBI,mid,r2,0.0194827667412041,0.0061990621449285,0.3181818181818182,False,False,PASS,baseline-official-v3,v1.0.1-official-4c,sectorial_displacement,,,,,,
official_4c_diagnostics_6b_baseline_official_v3,diagnostic,PER,UBI,mid,r2,0.0079453068722719,0.0025280521866319,0.3181818181818182,False,False,PASS,baseline-official-v3,v1.0.1-official-4c,sectorial_displacement,,,,,,
official_4c_diagnostics_6b_baseline_official_v3,diagnostic,PER,PEN,mid,r3,0.0721660346552839,0.0229619201175903,0.3181818181818182,False,False,PASS,baseline-official-v3,v1.0.1-official-4c,sectorial_displacement,,,,,,
official_4c_diagnostics_6b_baseline_official_v3,diagnostic,PER,GMI:GMI_ideal_aggregate,mid,r3,-0.0534236826727717,-0.0169984444867909,0.3181818181818182,False,False,PASS,baseline-official-v3,v1.0.1-official-4c,sectorial_displacement,,,,,,
official_4c_diagnostics_6b_baseline_official_v3,diagnostic,PER,GMI:GMI_loaded_aggregate,mid,r3,-0.0356157884485144,-0.0113322963245273,0.3181818181818182,False,False,PASS,baseline-official-v3,v1.0.1-official-4c,sectorial_displacement,,,,,,
official_4c_diagnostics_6b_baseline_official_v3,diagnostic,PER,MUT,mid,r3,0.0184319849785464,0.0058647224931738,0.3181818181818182,False,False,PASS,baseline-official-v3,v1.0.1-official-4c,sectorial_displacement,,,,,,
official_4c_diagnostics_6b_baseline_official_v3,diagnostic,PER,PBI,mid,r3,0.0160003092940026,0.0050910075026371,0.3181818181818182,False,False,PASS,baseline-official-v3,v1.0.1-official-4c,sectorial_displacement,,,,,,
official_4c_diagnostics_6b_baseline_official_v3,diagnostic,PER,UBI,mid,r3,0.0066514880387719,0.002116382557791,0.3181818181818182,False,False,PASS,baseline-official-v3,v1.0.1-official-4c,sectorial_displacement,,,,,,
official_4c_diagnostics_6b_baseline_official_v3,diagnostic,PER,PEN,mid,r4,0.1765945556483395,0.0561891767971989,0.3181818181818182,False,False,PASS,baseline-official-v3,v1.0.1-official-4c,sectorial_displacement,,,,,,
official_4c_diagnostics_6b_baseline_official_v3,diagnostic,PER,GMI:GMI_ideal_aggregate,mid,r4,-0.0310475854881461,-0.0098787772007737,0.3181818181818182,False,False,PASS,baseline-official-v3,v1.0.1-official-4c,sectorial_displacement,,,,,,
official_4c_diagnostics_6b_baseline_official_v3,diagnostic,PER,GMI:GMI_loaded_aggregate,mid,r4,-0.0206983903254307,-0.0065858514671824,0.3181818181818182,False,False,PASS,baseline-official-v3,v1.0.1-official-4c,sectorial_displacement,,,,,,
official_4c_diagnostics_6b_baseline_official_v3,diagnostic,PER,MUT,mid,r4,0.0290934817763354,0.0092570169288339,0.3181818181818182,False,False,PASS,baseline-official-v3,v1.0.1-official-4c,sectorial_displacement,,,,,,
official_4c_diagnostics_6b_baseline_official_v3,diagnostic,PER,PBI,mid,r4,0.023063134368669,0.0073382700263946,0.3181818181818182,False,False,PASS,baseline-official-v3,v1.0.1-official-4c,sectorial_displacement,,,,,,
official_4c_diagnostics_6b_baseline_official_v3,diagnostic,PER,UBI,mid,r4,0.0092719140353109,0.0029501544657807,0.3181818181818182,False,False,PASS,baseline-official-v3,v1.0.1-official-4c,sectorial_displacement,,,,,,
official_4c_diagnostics_6b_baseline_official_v3,diagnostic,PER,PEN,high,r0,0.0285562484215996,0.0090860790432362,0.3181818181818182,False,False,PASS,baseline-official-v3,v1.0.1-official-4c,sectorial_displacement,,,,,,
official_4c_diagnostics_6b_baseline_official_v3,diagnostic,PER,GMI:GMI_ideal_aggregate,high,r0,-0.0625178795043044,-0.0198920525695514,0.3181818181818182,False,False,PASS,baseline-official-v3,v1.0.1-official-4c,sectorial_displacement,,,,,,
official_4c_diagnostics_6b_baseline_official_v3,diagnostic,PER,GMI:GMI_loaded_aggregate,high,r0,-0.0416785863362029,-0.0132613683797009,0.3181818181818182,False,False,PASS,baseline-official-v3,v1.0.1-official-4c,sectorial_displacement,,,,,,
official_4c_diagnostics_6b_baseline_official_v3,diagnostic,PER,MUT,high,r0,0.0139395207156327,0.0044353020458831,0.3181818181818182,False,False,PASS,baseline-official-v3,v1.0.1-official-4c,sectorial_displacement,,,,,,
official_4c_diagnostics_6b_baseline_official_v3,diagnostic,PER,PBI,high,r0,0.0130104648714601,0.0041396933681918,0.3181818181818182,False,False,PASS,baseline-official-v3,v1.0.1-official-4c,sectorial_displacement,,,,,,
official_4c_diagnostics_6b_baseline_official_v3,diagnostic,PER,UBI,high,r0,0.0055396090237705,0.0017626028711997,0.3181818181818182,False,False,PASS,baseline-official-v3,v1.0.1-official-4c,sectorial_displacement,,,,,,
official_4c_diagnostics_6b_baseline_official_v3,diagnostic,PER,PEN,high,r1,0.0516985316480314,0.0164495327971009,0.3181818181818182,False,False,PASS,baseline-official-v3,v1.0.1-official-4c,sectorial_displacement,,,,,,
official_4c_diagnostics_6b_baseline_official_v3,diagnostic,PER,GMI:GMI_ideal_aggregate,high,r1,-0.0569570640126876,-0.0181227021858551,0.3181818181818182,False,False,PASS,baseline-official-v3,v1.0.1-official-4c,sectorial_displacement,,,,,,
official_4c_diagnostics_6b_baseline_official_v3,diagnostic,PER,GMI:GMI_loaded_aggregate,high,r1,-0.0379713760084584,-0.0120818014572367,0.3181818181818182,False,False,PASS,baseline-official-v3,v1.0.1-official-4c,sectorial_displacement,,,,,,
official_4c_diagnostics_6b_baseline_official_v3,diagnostic,PER,MUT,high,r1,0.0162055001943907,0.005156295516397,0.3181818181818182,False,False,PASS,baseline-official-v3,v1.0.1-official-4c,sectorial_displacement,,,,,,
official_4c_diagnostics_6b_baseline_official_v3,diagnostic,PER,PBI,high,r1,0.0144784643455594,0.0046067841099507,0.3181818181818182,False,False,PASS,baseline-official-v3,v1.0.1-official-4c,sectorial_displacement,,,,,,
official_4c_diagnostics_6b_baseline_official_v3,diagnostic,PER,UBI,high,r1,0.0060780112666424,0.0019339126757498,0.3181818181818182,False,False,PASS,baseline-official-v3,v1.0.1-official-4c,sectorial_displacement,,,,,,
official_4c_diagnostics_6b_baseline_official_v3,diagnostic,PER,PEN,high,r2,0.0684379061451893,0.0217756974098329,0.3181818181818182,False,False,PASS,baseline-official-v3,v1.0.1-official-4c,sectorial_displacement,,,,,,
official_4c_diagnostics_6b_baseline_official_v3,diagnostic,PER,GMI:GMI_ideal_aggregate,high,r2,-0.0536095321339181,-0.0170575784062466,0.3181818181818182,False,False,PASS,baseline-official-v3,v1.0.1-official-4c,sectorial_displacement,,,,,,
official_4c_diagnostics_6b_baseline_official_v3,diagnostic,PER,GMI:GMI_loaded_aggregate,high,r2,-0.0357396880892787,-0.0113717189374977,0.3181818181818182,False,False,PASS,baseline-official-v3,v1.0.1-official-4c,sectorial_displacement,,,,,,
official_4c_diagnostics_6b_baseline_official_v3,diagnostic,PER,MUT,high,r2,0.0179529118351084,0.0057122901293526,0.3181818181818182,False,False,PASS,baseline-official-v3,v1.0.1-official-4c,sectorial_displacement,,,,,,
official_4c_diagnostics_6b_baseline_official_v3,diagnostic,PER,PBI,high,r2,0.015649218487734,0.0049792967915517,0.3181818181818182,False,False,PASS,baseline-official-v3,v1.0.1-official-4c,sectorial_displacement,,,,,,
official_4c_diagnostics_6b_baseline_official_v3,diagnostic,PER,UBI,high,r2,0.0065148641768218,0.0020729113289887,0.3181818181818182,False,False,PASS,baseline-official-v3,v1.0.1-official-4c,sectorial_displacement,,,,,,
official_4c_diagnostics_6b_baseline_official_v3,diagnostic,PER,PEN,high,r3,0.0296689642076774,0.00944012497517,0.3181818181818182,False,False,PASS,baseline-official-v3,v1.0.1-official-4c,sectorial_displacement,,,,,,
official_4c_diagnostics_6b_baseline_official_v3,diagnostic,PER,GMI:GMI_ideal_aggregate,high,r3,-0.0619222259189265,-0.0197025264287493,0.3181818181818182,False,False,PASS,baseline-official-v3,v1.0.1-official-4c,sectorial_displacement,,,,,,
official_4c_diagnostics_6b_baseline_official_v3,diagnostic,PER,GMI:GMI_loaded_aggregate,high,r3,-0.041281483945951,-0.0131350176191662,0.3181818181818182,False,False,PASS,baseline-official-v3,v1.0.1-official-4c,sectorial_displacement,,,,,,
official_4c_diagnostics_6b_baseline_official_v3,diagnostic,PER,MUT,high,r3,0.0139957454040536,0.0044531917194716,0.3181818181818182,False,False,PASS,baseline-official-v3,v1.0.1-official-4c,sectorial_displacement,,,,,,
official_4c_diagnostics_6b_baseline_official_v3,diagnostic,PER,PBI,high,r3,0.0130280583735593,0.0041452913006779,0.3181818181818182,False,False,PASS,baseline-official-v3,v1.0.1-official-4c,sectorial_displacement,,,,,,
official_4c_diagnostics_6b_baseline_official_v3,diagnostic,PER,UBI,high,r3,0.0055424281451487,0.0017634998643654,0.3181818181818182,False,False,PASS,baseline-official-v3,v1.0.1-official-4c,sectorial_displacement,,,,,,
official_4c_diagnostics_6b_baseline_official_v3,diagnostic,PER,PEN,high,r4,0.1253790979561144,0.0398933493496727,0.3181818181818182,False,False,PASS,baseline-official-v3,v1.0.1-official-4c,sectorial_displacement,,,,,,
official_4c_diagnostics_6b_baseline_official_v3,diagnostic,PER,GMI:GMI_ideal_aggregate,high,r4,-0.0412896275273874,-0.0131376087587141,0.3181818181818182,False,False,PASS,baseline-official-v3,v1.0.1-official-4c,sectorial_displacement,,,,,,
official_4c_diagnostics_6b_baseline_official_v3,diagnostic,PER,GMI:GMI_loaded_aggregate,high,r4,-0.0275264183515916,-0.0087584058391427,0.3181818181818182,False,False,PASS,baseline-official-v3,v1.0.1-official-4c,sectorial_displacement,,,,,,
official_4c_diagnostics_6b_baseline_official_v3,diagnostic,PER,MUT,high,r4,0.0237471358318515,0.0075559068555891,0.3181818181818182,False,False,PASS,baseline-official-v3,v1.0.1-official-4c,sectorial_displacement,,,,,,
official_4c_diagnostics_6b_baseline_official_v3,diagnostic,PER,PBI,high,r4,0.0194811182517154,0.0061985376255458,0.3181818181818182,False,False,PASS,baseline-official-v3,v1.0.1-official-4c,sectorial_displacement,,,,,,
official_4c_diagnostics_6b_baseline_official_v3,diagnostic,PER,UBI,high,r4,0.0079353275491899,0.0025248769474695,0.3181818181818182,False,False,PASS,baseline-official-v3,v1.0.1-official-4c,sectorial_displacement,,,,,,
official_4c_diagnostics_6b_baseline_official_v3,diagnostic,PER,PEN,stress,r0,1.0152041145854496,0.3230194910044612,0.3181818181818182,True,False,PASS,baseline-official-v3,v1.0.1-official-4c,sectorial_displacement,,,,,,
official_4c_diagnostics_6b_baseline_official_v3,diagnostic,PER,GMI:GMI_ideal_aggregate,stress,r0,0.1347914754936483,0.042888196747979,0.3181818181818182,False,False,PASS,baseline-official-v3,v1.0.1-official-4c,sectorial_displacement,,,,,,
official_4c_diagnostics_6b_baseline_official_v3,diagnostic,PER,GMI:GMI_loaded_aggregate,stress,r0,0.0898609836624322,0.0285921311653193,0.3181818181818182,False,False,PASS,baseline-official-v3,v1.0.1-official-4c,sectorial_displacement,,,,,,
official_4c_diagnostics_6b_baseline_official_v3,diagnostic,PER,MUT,stress,r0,0.1169350040245641,0.037206592189634,0.3181818181818182,False,False,PASS,baseline-official-v3,v1.0.1-official-4c,sectorial_displacement,,,,,,
official_4c_diagnostics_6b_baseline_official_v3,diagnostic,PER,PBI,stress,r0,0.0820167515983148,0.0260962391449183,0.3181818181818182,False,False,PASS,baseline-official-v3,v1.0.1-official-4c,sectorial_displacement,,,,,,
official_4c_diagnostics_6b_baseline_official_v3,diagnostic,PER,UBI,stress,r0,0.0312884798510033,0.0099554254071374,0.3181818181818182,False,False,PASS,baseline-official-v3,v1.0.1-official-4c,sectorial_displacement,,,,,,
official_4c_diagnostics_6b_baseline_official_v3,diagnostic,PER,PEN,stress,r1,1.0926140795425037,0.3476499343998875,0.3181818181818182,True,False,PASS,baseline-official-v3,v1.0.1-official-4c,sectorial_displacement,,,,,,
official_4c_diagnostics_6b_baseline_official_v3,diagnostic,PER,GMI:GMI_ideal_aggregate,stress,r1,0.1512047152864849,0.0481105912275179,0.3181818181818182,False,False,PASS,baseline-official-v3,v1.0.1-official-4c,sectorial_displacement,,,,,,
official_4c_diagnostics_6b_baseline_official_v3,diagnostic,PER,GMI:GMI_loaded_aggregate,stress,r1,0.1008031435243233,0.0320737274850119,0.3181818181818182,False,False,PASS,baseline-official-v3,v1.0.1-official-4c,sectorial_displacement,,,,,,
official_4c_diagnostics_6b_baseline_official_v3,diagnostic,PER,MUT,stress,r1,0.1248659489885588,0.0397300746781778,0.3181818181818182,False,False,PASS,baseline-official-v3,v1.0.1-official-4c,sectorial_displacement,,,,,,
official_4c_diagnostics_6b_baseline_official_v3,diagnostic,PER,PBI,stress,r1,0.0872802401561387,0.0277709855042259,0.3181818181818182,False,False,PASS,baseline-official-v3,v1.0.1-official-4c,sectorial_displacement,,,,,,
official_4c_diagnostics_6b_baseline_official_v3,diagnostic,PER,UBI,stress,r1,0.0332431234651844,0.010577357466195,0.3181818181818182,False,False,PASS,baseline-official-v3,v1.0.1-official-4c,sectorial_displacement,,,,,,
official_4c_diagnostics_6b_baseline_official_v3,diagnostic,PER,PEN,stress,r2,1.15780271593806,0.3683917732530191,0.3181818181818182,True,False,PASS,baseline-official-v3,v1.0.1-official-4c,sectorial_displacement,,,,,,
official_4c_diagnostics_6b_baseline_official_v3,diagnostic,PER,GMI:GMI_ideal_aggregate,stress,r2,0.1642411067301849,0.0522585339596042,0.3181818181818182,False,False,PASS,baseline-official-v3,v1.0.1-official-4c,sectorial_displacement,,,,,,
official_4c_diagnostics_6b_baseline_official_v3,diagnostic,PER,GMI:GMI_loaded_aggregate,stress,r2,0.1094940711534566,0.0348390226397362,0.3181818181818182,False,False,PASS,baseline-official-v3,v1.0.1-official-4c,sectorial_displacement,,,,,,
official_4c_diagnostics_6b_baseline_official_v3,diagnostic,PER,MUT,stress,r2,0.1316709453221702,0.0418953007843268,0.3181818181818182,False,False,PASS,baseline-official-v3,v1.0.1-official-4c,sectorial_displacement,,,,,,
official_4c_diagnostics_6b_baseline_official_v3,diagnostic,PER,PBI,stress,r2,0.0918395423030481,0.0292216725509698,0.3181818181818182,False,False,PASS,baseline-official-v3,v1.0.1-official-4c,sectorial_displacement,,,,,,
official_4c_diagnostics_6b_baseline_official_v3,diagnostic,PER,UBI,stress,r2,0.0349443725485872,0.0111186639927322,0.3181818181818182,False,False,PASS,baseline-official-v3,v1.0.1-official-4c,sectorial_displacement,,,,,,
official_4c_diagnostics_6b_baseline_official_v3,diagnostic,PER,PEN,stress,r3,1.0499800745562868,0.3340845691770004,0.3181818181818182,True,False,PASS,baseline-official-v3,v1.0.1-official-4c,sectorial_displacement,,,,,,
official_4c_diagnostics_6b_baseline_official_v3,diagnostic,PER,GMI:GMI_ideal_aggregate,stress,r3,0.1421190880940073,0.0452197098480932,0.3181818181818182,False,False,PASS,baseline-official-v3,v1.0.1-official-4c,sectorial_displacement,,,,,,
official_4c_diagnostics_6b_baseline_official_v3,diagnostic,PER,GMI:GMI_loaded_aggregate,stress,r3,0.0947460587293382,0.0301464732320621,0.3181818181818182,False,False,PASS,baseline-official-v3,v1.0.1-official-4c,sectorial_displacement,,,,,,
official_4c_diagnostics_6b_baseline_official_v3,diagnostic,PER,MUT,stress,r3,0.1205053113188051,0.0383425990559834,0.3181818181818182,False,False,PASS,baseline-official-v3,v1.0.1-official-4c,sectorial_displacement,,,,,,
official_4c_diagnostics_6b_baseline_official_v3,diagnostic,PER,PBI,stress,r3,0.0843887570036208,0.0268509681375157,0.3181818181818182,False,False,PASS,baseline-official-v3,v1.0.1-official-4c,sectorial_displacement,,,,,,
official_4c_diagnostics_6b_baseline_official_v3,diagnostic,PER,UBI,stress,r3,0.0321698196238365,0.0102358516984934,0.3181818181818182,False,False,PASS,baseline-official-v3,v1.0.1-official-4c,sectorial_displacement,,,,,,
official_4c_diagnostics_6b_baseline_official_v3,diagnostic,PER,PEN,stress,r4,1.4222907379520815,0.4525470529847533,0.3181818181818182,True,False,PASS,baseline-official-v3,v1.0.1-official-4c,sectorial_displacement,,,,,,
official_4c_diagnostics_6b_baseline_official_v3,diagnostic,PER,GMI:GMI_ideal_aggregate,stress,r4,0.2180661243599288,0.0693846759327046,0.3181818181818182,False,False,PASS,baseline-official-v3,v1.0.1-official-4c,sectorial_displacement,,,,,,
official_4c_diagnostics_6b_baseline_official_v3,diagnostic,PER,GMI:GMI_loaded_aggregate,stress,r4,0.1453774162399525,0.046256450621803,0.3181818181818182,False,False,PASS,baseline-official-v3,v1.0.1-official-4c,sectorial_displacement,,,,,,
official_4c_diagnostics_6b_baseline_official_v3,diagnostic,PER,MUT,stress,r4,0.1591308383170305,0.0506325394645097,0.3181818181818182,False,False,PASS,baseline-official-v3,v1.0.1-official-4c,sectorial_displacement,,,,,,
official_4c_diagnostics_6b_baseline_official_v3,diagnostic,PER,PBI,stress,r4,0.1101872957625629,0.03505959410627,0.3181818181818182,False,False,PASS,baseline-official-v3,v1.0.1-official-4c,sectorial_displacement,,,,,,
official_4c_diagnostics_6b_baseline_official_v3,diagnostic,PER,UBI,stress,r4,0.0417812531704847,0.0132940350996996,0.3181818181818182,False,False,PASS,baseline-official-v3,v1.0.1-official-4c,sectorial_displacement,,,,,,
official_4c_diagnostics_6b_baseline_official_v3,diagnostic,CHL,PEN,low,r0,-0.0446157845733166,-0.0141959314551461,0.3181818181818182,False,False,PASS,baseline-official-v3,v1.0.1-official-4c,sectorial_displacement,,,,,,
official_4c_diagnostics_6b_baseline_official_v3,diagnostic,CHL,GMI:GMI_ideal_aggregate,low,r0,-2.245607572267461,-0.7145115002669196,0.3181818181818182,False,False,PASS,baseline-official-v3,v1.0.1-official-4c,sectorial_displacement,,,,,,
official_4c_diagnostics_6b_baseline_official_v3,diagnostic,CHL,GMI:GMI_loaded_aggregate,low,r0,-1.497071714844974,-0.4763410001779463,0.3181818181818182,False,False,PASS,baseline-official-v3,v1.0.1-official-4c,sectorial_displacement,,,,,,
official_4c_diagnostics_6b_baseline_official_v3,diagnostic,CHL,MUT,low,r0,-0.0275453695858054,-0.0087644357773017,0.3181818181818182,False,False,PASS,baseline-official-v3,v1.0.1-official-4c,sectorial_displacement,,,,,,
official_4c_diagnostics_6b_baseline_official_v3,diagnostic,CHL,PBI,low,r0,-0.0104571851976836,-0.0033272861992629,0.3181818181818182,False,False,PASS,baseline-official-v3,v1.0.1-official-4c,sectorial_displacement,,,,,,
official_4c_diagnostics_6b_baseline_official_v3,diagnostic,CHL,UBI,low,r0,-0.0031084048057245,-0.0009890378927305,0.3181818181818182,False,False,PASS,baseline-official-v3,v1.0.1-official-4c,sectorial_displacement,,,,,,
official_4c_diagnostics_6b_baseline_official_v3,diagnostic,CHL,PEN,low,r1,-0.0432922126120482,-0.0137747949220153,0.3181818181818182,False,False,PASS,baseline-official-v3,v1.0.1-official-4c,sectorial_displacement,,,,,,
official_4c_diagnostics_6b_baseline_official_v3,diagnostic,CHL,GMI:GMI_ideal_aggregate,low,r1,-2.1997699950107408,-0.6999268165943268,0.3181818181818182,False,False,PASS,baseline-official-v3,v1.0.1-official-4c,sectorial_displacement,,,,,,
official_4c_diagnostics_6b_baseline_official_v3,diagnostic,CHL,GMI:GMI_loaded_aggregate,low,r1,-1.4665133300071609,-0.4666178777295512,0.3181818181818182,False,False,PASS,baseline-official-v3,v1.0.1-official-4c,sectorial_displacement,,,,,,
official_4c_diagnostics_6b_baseline_official_v3,diagnostic,CHL,MUT,low,r1,-0.0264059491031859,-0.0084018928964682,0.3181818181818182,False,False,PASS,baseline-official-v3,v1.0.1-official-4c,sectorial_displacement,,,,,,
official_4c_diagnostics_6b_baseline_official_v3,diagnostic,CHL,PBI,low,r1,-0.0098576297941753,-0.0031365185708739,0.3181818181818182,False,False,PASS,baseline-official-v3,v1.0.1-official-4c,sectorial_displacement,,,,,,
official_4c_diagnostics_6b_baseline_official_v3,diagnostic,CHL,UBI,low,r1,-0.0028752023355602,-0.0009148371067691,0.3181818181818182,False,False,PASS,baseline-official-v3,v1.0.1-official-4c,sectorial_displacement,,,,,,
official_4c_diagnostics_6b_baseline_official_v3,diagnostic,CHL,PEN,low,r2,-0.0427345750286296,-0.0135973647818366,0.3181818181818182,False,False,PASS,baseline-official-v3,v1.0.1-official-4c,sectorial_displacement,,,,,,
official_4c_diagnostics_6b_baseline_official_v3,diagnostic,CHL,GMI:GMI_ideal_aggregate,low,r2,-2.187942300942177,-0.6961634593906928,0.3181818181818182,False,False,PASS,baseline-official-v3,v1.0.1-official-4c,sectorial_displacement,,,,,,
official_4c_diagnostics_6b_baseline_official_v3,diagnostic,CHL,GMI:GMI_loaded_aggregate,low,r2,-1.4586282006281182,-0.4641089729271286,0.3181818181818182,False,False,PASS,baseline-official-v3,v1.0.1-official-4c,sectorial_displacement,,,,,,
official_4c_diagnostics_6b_baseline_official_v3,diagnostic,CHL,MUT,low,r2,-0.0258098333221303,-0.008212219693405,0.3181818181818182,False,False,PASS,baseline-official-v3,v1.0.1-official-4c,sectorial_displacement,,,,,,
official_4c_diagnostics_6b_baseline_official_v3,diagnostic,CHL,PBI,low,r2,-0.0095008248178992,-0.0030229897147861,0.3181818181818182,False,False,PASS,baseline-official-v3,v1.0.1-official-4c,sectorial_displacement,,,,,,
official_4c_diagnostics_6b_baseline_official_v3,diagnostic,CHL,UBI,low,r2,-0.0027261733902963,-0.0008674188060033,0.3181818181818182,False,False,PASS,baseline-official-v3,v1.0.1-official-4c,sectorial_displacement,,,,,,
official_4c_diagnostics_6b_baseline_official_v3,diagnostic,CHL,PEN,low,r3,-0.0448356898221902,-0.0142659013070605,0.3181818181818182,False,False,PASS,baseline-official-v3,v1.0.1-official-4c,sectorial_displacement,,,,,,
official_4c_diagnostics_6b_baseline_official_v3,diagnostic,CHL,GMI:GMI_ideal_aggregate,low,r3,-2.2431661862078256,-0.713734695611581,0.3181818181818182,False,False,PASS,baseline-official-v3,v1.0.1-official-4c,sectorial_displacement,,,,,,
official_4c_diagnostics_6b_baseline_official_v3,diagnostic,CHL,GMI:GMI_loaded_aggregate,low,r3,-1.4954441241385503,-0.4758231304077206,0.3181818181818182,False,False,PASS,baseline-official-v3,v1.0.1-official-4c,sectorial_displacement,,,,,,
official_4c_diagnostics_6b_baseline_official_v3,diagnostic,CHL,MUT,low,r3,-0.0278906410928474,-0.0088742948931787,0.3181818181818182,False,False,PASS,baseline-official-v3,v1.0.1-official-4c,sectorial_displacement,,,,,,
official_4c_diagnostics_6b_baseline_official_v3,diagnostic,CHL,PBI,low,r3,-0.0106968251815041,-0.003403535285024,0.3181818181818182,False,False,PASS,baseline-official-v3,v1.0.1-official-4c,sectorial_displacement,,,,,,
official_4c_diagnostics_6b_baseline_official_v3,diagnostic,CHL,UBI,low,r3,-0.0032153837426812,-0.0010230766453985,0.3181818181818182,False,False,PASS,baseline-official-v3,v1.0.1-official-4c,sectorial_displacement,,,,,,
official_4c_diagnostics_6b_baseline_official_v3,diagnostic,CHL,PEN,low,r4,-0.0408490378423001,-0.0129974211316409,0.3181818181818182,False,False,PASS,baseline-official-v3,v1.0.1-official-4c,sectorial_displacement,,,,,,
official_4c_diagnostics_6b_baseline_official_v3,diagnostic,CHL,GMI:GMI_ideal_aggregate,low,r4,-2.13018523877835,-0.6777862123385661,0.3181818181818182,False,False,PASS,baseline-official-v3,v1.0.1-official-4c,sectorial_displacement,,,,,,
official_4c_diagnostics_6b_baseline_official_v3,diagnostic,CHL,GMI:GMI_loaded_aggregate,low,r4,-1.4201234925189,-0.4518574748923773,0.3181818181818182,False,False,PASS,baseline-official-v3,v1.0.1-official-4c,sectorial_displacement,,,,,,
official_4c_diagnostics_6b_baseline_official_v3,diagnostic,CHL,MUT,low,r4,-0.0240696708001926,-0.0076585316182431,0.3181818181818182,False,False,PASS,baseline-official-v3,v1.0.1-official-4c,sectorial_displacement,,,,,,
official_4c_diagnostics_6b_baseline_official_v3,diagnostic,CHL,PBI,low,r4,-0.0085416953921978,-0.0027178121702447,0.3181818181818182,False,False,PASS,baseline-official-v3,v1.0.1-official-4c,sectorial_displacement,,,,,,
official_4c_diagnostics_6b_baseline_official_v3,diagnostic,CHL,UBI,low,r4,-0.0023427854103024,-0.0007454317214598,0.3181818181818182,False,False,PASS,baseline-official-v3,v1.0.1-official-4c,sectorial_displacement,,,,,,
official_4c_diagnostics_6b_baseline_official_v3,diagnostic,CHL,PEN,mid,r0,0.0324037073756413,0.0103102705286131,0.3181818181818182,False,False,PASS,baseline-official-v3,v1.0.1-official-4c,sectorial_displacement,,,,,,
official_4c_diagnostics_6b_baseline_official_v3,diagnostic,CHL,GMI:GMI_ideal_aggregate,mid,r0,-0.6119963968804701,-0.1947261262801496,0.3181818181818182,False,False,PASS,baseline-official-v3,v1.0.1-official-4c,sectorial_displacement,,,,,,
official_4c_diagnostics_6b_baseline_official_v3,diagnostic,CHL,GMI:GMI_loaded_aggregate,mid,r0,-0.4079975979203134,-0.1298174175200997,0.3181818181818182,False,False,PASS,baseline-official-v3,v1.0.1-official-4c,sectorial_displacement,,,,,,
official_4c_diagnostics_6b_baseline_official_v3,diagnostic,CHL,MUT,mid,r0,0.0547886336536989,0.0174327470716314,0.3181818181818182,False,False,PASS,baseline-official-v3,v1.0.1-official-4c,sectorial_displacement,,,,,,
official_4c_diagnostics_6b_baseline_official_v3,diagnostic,CHL,PBI,mid,r0,0.0388238152491779,0.0123530321247384,0.3181818181818182,False,False,PASS,baseline-official-v3,v1.0.1-official-4c,sectorial_displacement,,,,,,
official_4c_diagnostics_6b_baseline_official_v3,diagnostic,CHL,UBI,mid,r0,0.0174750960041515,0.0055602578195027,0.3181818181818182,False,False,PASS,baseline-official-v3,v1.0.1-official-4c,sectorial_displacement,,,,,,
official_4c_diagnostics_6b_baseline_official_v3,diagnostic,CHL,PEN,mid,r1,0.0374110771790924,0.0119035245569839,0.3181818181818182,False,False,PASS,baseline-official-v3,v1.0.1-official-4c,sectorial_displacement,,,,,,
official_4c_diagnostics_6b_baseline_official_v3,diagnostic,CHL,GMI:GMI_ideal_aggregate,mid,r1,-0.4880241400695869,-0.1552804082039595,0.3181818181818182,False,False,PASS,baseline-official-v3,v1.0.1-official-4c,sectorial_displacement,,,,,,
official_4c_diagnostics_6b_baseline_official_v3,diagnostic,CHL,GMI:GMI_loaded_aggregate,mid,r1,-0.3253494267130579,-0.1035202721359729,0.3181818181818182,False,False,PASS,baseline-official-v3,v1.0.1-official-4c,sectorial_displacement,,,,,,
official_4c_diagnostics_6b_baseline_official_v3,diagnostic,CHL,MUT,mid,r1,0.0598660419858482,0.0190482860864062,0.3181818181818182,False,False,PASS,baseline-official-v3,v1.0.1-official-4c,sectorial_displacement,,,,,,
official_4c_diagnostics_6b_baseline_official_v3,diagnostic,CHL,PBI,mid,r1,0.041780452457732,0.0132937803274601,0.3181818181818182,False,False,PASS,baseline-official-v3,v1.0.1-official-4c,sectorial_displacement,,,,,,
official_4c_diagnostics_6b_baseline_official_v3,diagnostic,CHL,UBI,mid,r1,0.0186927954366983,0.0059477076389494,0.3181818181818182,False,False,PASS,baseline-official-v3,v1.0.1-official-4c,sectorial_displacement,,,,,,
official_4c_diagnostics_6b_baseline_official_v3,diagnostic,CHL,PEN,mid,r2,0.0416998930913176,0.0132681478017828,0.3181818181818182,False,False,PASS,baseline-official-v3,v1.0.1-official-4c,sectorial_displacement,,,,,,
official_4c_diagnostics_6b_baseline_official_v3,diagnostic,CHL,GMI:GMI_ideal_aggregate,mid,r2,-0.3970568092537489,-0.1263362574898292,0.3181818181818182,False,False,PASS,baseline-official-v3,v1.0.1-official-4c,sectorial_displacement,,,,,,
official_4c_diagnostics_6b_baseline_official_v3,diagnostic,CHL,GMI:GMI_loaded_aggregate,mid,r2,-0.2647045395024993,-0.0842241716598861,0.3181818181818182,False,False,PASS,baseline-official-v3,v1.0.1-official-4c,sectorial_displacement,,,,,,
official_4c_diagnostics_6b_baseline_official_v3,diagnostic,CHL,MUT,mid,r2,0.0644507954589664,0.0205070712823984,0.3181818181818182,False,False,PASS,baseline-official-v3,v1.0.1-official-4c,sectorial_displacement,,,,,,
official_4c_diagnostics_6b_baseline_official_v3,diagnostic,CHL,PBI,mid,r2,0.0445246556917256,0.0141669359019126,0.3181818181818182,False,False,PASS,baseline-official-v3,v1.0.1-official-4c,sectorial_displacement,,,,,,
official_4c_diagnostics_6b_baseline_official_v3,diagnostic,CHL,UBI,mid,r2,0.0198389838049778,0.0063124039379474,0.3181818181818182,False,False,PASS,baseline-official-v3,v1.0.1-official-4c,sectorial_displacement,,,,,,
official_4c_diagnostics_6b_baseline_official_v3,diagnostic,CHL,PEN,mid,r3,0.0303414308033455,0.0096540916192462,0.3181818181818182,False,False,PASS,baseline-official-v3,v1.0.1-official-4c,sectorial_displacement,,,,,,
official_4c_diagnostics_6b_baseline_official_v3,diagnostic,CHL,GMI:GMI_ideal_aggregate,mid,r3,-0.6486323704215634,-0.2063830269523156,0.3181818181818182,False,False,PASS,baseline-official-v3,v1.0.1-official-4c,sectorial_displacement,,,,,,
official_4c_diagnostics_6b_baseline_official_v3,diagnostic,CHL,GMI:GMI_loaded_aggregate,mid,r3,-0.4324215802810423,-0.1375886846348771,0.3181818181818182,False,False,PASS,baseline-official-v3,v1.0.1-official-4c,sectorial_displacement,,,,,,
official_4c_diagnostics_6b_baseline_official_v3,diagnostic,CHL,MUT,mid,r3,0.0524738632227801,0.0166962292072482,0.3181818181818182,False,False,PASS,baseline-official-v3,v1.0.1-official-4c,sectorial_displacement,,,,,,
official_4c_diagnostics_6b_baseline_official_v3,diagnostic,CHL,PBI,mid,r3,0.0374053320957215,0.0119016965759113,0.3181818181818182,False,False,PASS,baseline-official-v3,v1.0.1-official-4c,sectorial_displacement,,,,,,
official_4c_diagnostics_6b_baseline_official_v3,diagnostic,CHL,UBI,mid,r3,0.0168757423362256,0.0053695543797081,0.3181818181818182,False,False,PASS,baseline-official-v3,v1.0.1-official-4c,sectorial_displacement,,,,,,
official_4c_diagnostics_6b_baseline_official_v3,diagnostic,CHL,PEN,mid,r4,0.0533544303576521,0.0169764096592529,0.3181818181818182,False,False,PASS,baseline-official-v3,v1.0.1-official-4c,sectorial_displacement,,,,,,
official_4c_diagnostics_6b_baseline_official_v3,diagnostic,CHL,GMI:GMI_ideal_aggregate,mid,r4,-0.1320957354920681,-0.0420304612929307,0.3181818181818182,False,False,PASS,baseline-official-v3,v1.0.1-official-4c,sectorial_displacement,,,,,,
official_4c_diagnostics_6b_baseline_official_v3,diagnostic,CHL,GMI:GMI_loaded_aggregate,mid,r4,-0.0880638236613787,-0.0280203075286205,0.3181818181818182,False,False,PASS,baseline-official-v3,v1.0.1-official-4c,sectorial_displacement,,,,,,
official_4c_diagnostics_6b_baseline_official_v3,diagnostic,CHL,MUT,mid,r4,0.0766340401654359,0.0243835582344568,0.3181818181818182,False,False,PASS,baseline-official-v3,v1.0.1-official-4c,sectorial_displacement,,,,,,
official_4c_diagnostics_6b_baseline_official_v3,diagnostic,CHL,PBI,mid,r4,0.051734489778361,0.0164609740203875,0.3181818181818182,False,False,PASS,baseline-official-v3,v1.0.1-official-4c,sectorial_displacement,,,,,,
official_4c_diagnostics_6b_baseline_official_v3,diagnostic,CHL,UBI,mid,r4,0.0228331423311046,0.0072650907417151,0.3181818181818182,False,False,PASS,baseline-official-v3,v1.0.1-official-4c,sectorial_displacement,,,,,,
official_4c_diagnostics_6b_baseline_official_v3,diagnostic,CHL,PEN,high,r0,0.0197250231634253,0.0062761437338171,0.3181818181818182,False,False,PASS,baseline-official-v3,v1.0.1-official-4c,sectorial_displacement,,,,,,
official_4c_diagnostics_6b_baseline_official_v3,diagnostic,CHL,GMI:GMI_ideal_aggregate,high,r0,-0.8809158573204959,-0.2802914091474305,0.3181818181818182,False,False,PASS,baseline-official-v3,v1.0.1-official-4c,sectorial_displacement,,,,,,
official_4c_diagnostics_6b_baseline_official_v3,diagnostic,CHL,GMI:GMI_loaded_aggregate,high,r0,-0.587277238213664,-0.1868609394316203,0.3181818181818182,False,False,PASS,baseline-official-v3,v1.0.1-official-4c,sectorial_displacement,,,,,,
official_4c_diagnostics_6b_baseline_official_v3,diagnostic,CHL,MUT,high,r0,0.0412350928475216,0.0131202568151205,0.3181818181818182,False,False,PASS,baseline-official-v3,v1.0.1-official-4c,sectorial_displacement,,,,,,
official_4c_diagnostics_6b_baseline_official_v3,diagnostic,CHL,PBI,high,r0,0.0307113462297521,0.0097717919821938,0.3181818181818182,False,False,PASS,baseline-official-v3,v1.0.1-official-4c,sectorial_displacement,,,,,,
official_4c_diagnostics_6b_baseline_official_v3,diagnostic,CHL,UBI,high,r0,0.0140867108026072,0.004482135255375,0.3181818181818182,False,False,PASS,baseline-official-v3,v1.0.1-official-4c,sectorial_displacement,,,,,,
official_4c_diagnostics_6b_baseline_official_v3,diagnostic,CHL,PEN,high,r1,0.0241133054149424,0.0076724153592998,0.3181818181818182,False,False,PASS,baseline-official-v3,v1.0.1-official-4c,sectorial_displacement,,,,,,
official_4c_diagnostics_6b_baseline_official_v3,diagnostic,CHL,GMI:GMI_ideal_aggregate,high,r1,-0.7700746705516304,-0.2450237588118824,0.3181818181818182,False,False,PASS,baseline-official-v3,v1.0.1-official-4c,sectorial_displacement,,,,,,
official_4c_diagnostics_6b_baseline_official_v3,diagnostic,CHL,GMI:GMI_loaded_aggregate,high,r1,-0.5133831137010869,-0.1633491725412549,0.3181818181818182,False,False,PASS,baseline-official-v3,v1.0.1-official-4c,sectorial_displacement,,,,,,
official_4c_diagnostics_6b_baseline_official_v3,diagnostic,CHL,MUT,high,r1,0.0456506952495532,0.0145252212157669,0.3181818181818182,False,False,PASS,baseline-official-v3,v1.0.1-official-4c,sectorial_displacement,,,,,,
official_4c_diagnostics_6b_baseline_official_v3,diagnostic,CHL,PBI,high,r1,0.0332718596370258,0.0105865007935991,0.3181818181818182,False,False,PASS,baseline-official-v3,v1.0.1-official-4c,sectorial_displacement,,,,,,
official_4c_diagnostics_6b_baseline_official_v3,diagnostic,CHL,UBI,high,r1,0.0151389587526245,0.0048169414212896,0.3181818181818182,False,False,PASS,baseline-official-v3,v1.0.1-official-4c,sectorial_displacement,,,,,,
official_4c_diagnostics_6b_baseline_official_v3,diagnostic,CHL,PEN,high,r2,0.0277934068025162,0.0088433567098915,0.3181818181818182,False,False,PASS,baseline-official-v3,v1.0.1-official-4c,sectorial_displacement,,,,,,
official_4c_diagnostics_6b_baseline_official_v3,diagnostic,CHL,GMI:GMI_ideal_aggregate,high,r2,-0.6920183941316054,-0.2201876708600562,0.3181818181818182,False,False,PASS,baseline-official-v3,v1.0.1-official-4c,sectorial_displacement,,,,,,
official_4c_diagnostics_6b_baseline_official_v3,diagnostic,CHL,GMI:GMI_loaded_aggregate,high,r2,-0.4613455960877369,-0.1467917805733708,0.3181818181818182,False,False,PASS,baseline-official-v3,v1.0.1-official-4c,sectorial_displacement,,,,,,
official_4c_diagnostics_6b_baseline_official_v3,diagnostic,CHL,MUT,high,r2,0.0495847315811224,0.0157769600485389,0.3181818181818182,False,False,PASS,baseline-official-v3,v1.0.1-official-4c,sectorial_displacement,,,,,,
official_4c_diagnostics_6b_baseline_official_v3,diagnostic,CHL,PBI,high,r2,0.0356265762618214,0.0113357288105795,0.3181818181818182,False,False,PASS,baseline-official-v3,v1.0.1-official-4c,sectorial_displacement,,,,,,
official_4c_diagnostics_6b_baseline_official_v3,diagnostic,CHL,UBI,high,r2,0.0161224678355168,0.0051298761294826,0.3181818181818182,False,False,PASS,baseline-official-v3,v1.0.1-official-4c,sectorial_displacement,,,,,,
official_4c_diagnostics_6b_baseline_official_v3,diagnostic,CHL,PEN,high,r3,0.0192961216845893,0.0061396750814602,0.3181818181818182,False,False,PASS,baseline-official-v3,v1.0.1-official-4c,sectorial_displacement,,,,,,
official_4c_diagnostics_6b_baseline_official_v3,diagnostic,CHL,GMI:GMI_ideal_aggregate,high,r3,-0.8829073566024875,-0.2809250680098824,0.3181818181818182,False,False,PASS,baseline-official-v3,v1.0.1-official-4c,sectorial_displacement,,,,,,
official_4c_diagnostics_6b_baseline_official_v3,diagnostic,CHL,GMI:GMI_loaded_aggregate,high,r3,-0.5886049044016584,-0.1872833786732549,0.3181818181818182,False,False,PASS,baseline-official-v3,v1.0.1-official-4c,sectorial_displacement,,,,,,
official_4c_diagnostics_6b_baseline_official_v3,diagnostic,CHL,MUT,high,r3,0.0406664039192615,0.0129393103379468,0.3181818181818182,False,False,PASS,baseline-official-v3,v1.0.1-official-4c,sectorial_displacement,,,,,,
official_4c_diagnostics_6b_baseline_official_v3,diagnostic,CHL,PBI,high,r3,0.0303379797951133,0.0096529935711724,0.3181818181818182,False,False,PASS,baseline-official-v3,v1.0.1-official-4c,sectorial_displacement,,,,,,
official_4c_diagnostics_6b_baseline_official_v3,diagnostic,CHL,UBI,high,r3,0.0139238775103459,0.0044303246623827,0.3181818181818182,False,False,PASS,baseline-official-v3,v1.0.1-official-4c,sectorial_displacement,,,,,,
official_4c_diagnostics_6b_baseline_official_v3,diagnostic,CHL,PEN,high,r4,0.0399632707992742,0.0127155861634054,0.3181818181818182,False,False,PASS,baseline-official-v3,v1.0.1-official-4c,sectorial_displacement,,,,,,
official_4c_diagnostics_6b_baseline_official_v3,diagnostic,CHL,GMI:GMI_ideal_aggregate,high,r4,-0.4161270547385515,-0.1324040628713573,0.3181818181818182,False,False,PASS,baseline-official-v3,v1.0.1-official-4c,sectorial_displacement,,,,,,
official_4c_diagnostics_6b_baseline_official_v3,diagnostic,CHL,GMI:GMI_loaded_aggregate,high,r4,-0.2774180364923677,-0.0882693752475715,0.3181818181818182,False,False,PASS,baseline-official-v3,v1.0.1-official-4c,sectorial_displacement,,,,,,
official_4c_diagnostics_6b_baseline_official_v3,diagnostic,CHL,MUT,high,r4,0.0623188616754131,0.0198287287149041,0.3181818181818182,False,False,PASS,baseline-official-v3,v1.0.1-official-4c,sectorial_displacement,,,,,,
official_4c_diagnostics_6b_baseline_official_v3,diagnostic,CHL,PBI,high,r4,0.0431661426823069,0.0137346817625521,0.3181818181818182,False,False,PASS,baseline-official-v3,v1.0.1-official-4c,sectorial_displacement,,,,,,
official_4c_diagnostics_6b_baseline_official_v3,diagnostic,CHL,UBI,high,r4,0.019254347708599,0.0061263833618269,0.3181818181818182,False,False,PASS,baseline-official-v3,v1.0.1-official-4c,sectorial_displacement,,,,,,
official_4c_diagnostics_6b_baseline_official_v3,diagnostic,CHL,PEN,stress,r0,0.2452211325082953,0.0780249057980939,0.3181818181818182,False,False,PASS,baseline-official-v3,v1.0.1-official-4c,sectorial_displacement,,,,,,
official_4c_diagnostics_6b_baseline_official_v3,diagnostic,CHL,GMI:GMI_ideal_aggregate,stress,r0,3.901937871138183,1.2415256862712405,0.3181818181818182,True,True,PASS,baseline-official-v3,v1.0.1-official-4c,sectorial_displacement,,,,,,
official_4c_diagnostics_6b_baseline_official_v3,diagnostic,CHL,GMI:GMI_loaded_aggregate,stress,r0,2.6012919140921213,0.8276837908474933,0.3181818181818182,True,False,PASS,baseline-official-v3,v1.0.1-official-4c,sectorial_displacement,,,,,,
official_4c_diagnostics_6b_baseline_official_v3,diagnostic,CHL,MUT,stress,r0,0.282290920761839,0.0898198384242215,0.3181818181818182,False,False,PASS,baseline-official-v3,v1.0.1-official-4c,sectorial_displacement,,,,,,
official_4c_diagnostics_6b_baseline_official_v3,diagnostic,CHL,PBI,stress,r0,0.1749952616930563,0.0556803105386997,0.3181818181818182,False,False,PASS,baseline-official-v3,v1.0.1-official-4c,sectorial_displacement,,,,,,
official_4c_diagnostics_6b_baseline_official_v3,diagnostic,CHL,UBI,stress,r0,0.0743506677811865,0.0236570306576502,0.3181818181818182,False,False,PASS,baseline-official-v3,v1.0.1-official-4c,sectorial_displacement,,,,,,
official_4c_diagnostics_6b_baseline_official_v3,diagnostic,CHL,PEN,stress,r1,0.2602914757602903,0.0828200150146378,0.3181818181818182,False,False,PASS,baseline-official-v3,v1.0.1-official-4c,sectorial_displacement,,,,,,
official_4c_diagnostics_6b_baseline_official_v3,diagnostic,CHL,GMI:GMI_ideal_aggregate,stress,r1,4.239349420616151,1.3488839065596845,0.3181818181818182,True,True,PASS,baseline-official-v3,v1.0.1-official-4c,sectorial_displacement,,,,,,
official_4c_diagnostics_6b_baseline_official_v3,diagnostic,CHL,GMI:GMI_loaded_aggregate,stress,r1,2.826232947077433,0.8992559377064561,0.3181818181818182,True,False,PASS,baseline-official-v3,v1.0.1-official-4c,sectorial_displacement,,,,,,
official_4c_diagnostics_6b_baseline_official_v3,diagnostic,CHL,MUT,stress,r1,0.2981256694444094,0.0948581675504939,0.3181818181818182,False,False,PASS,baseline-official-v3,v1.0.1-official-4c,sectorial_displacement,,,,,,
official_4c_diagnostics_6b_baseline_official_v3,diagnostic,CHL,PBI,stress,r1,0.1843907027221172,0.0586697690479463,0.3181818181818182,False,False,PASS,baseline-official-v3,v1.0.1-official-4c,sectorial_displacement,,,,,,
official_4c_diagnostics_6b_baseline_official_v3,diagnostic,CHL,UBI,stress,r1,0.0782577023013386,0.0249001780049713,0.3181818181818182,False,False,PASS,baseline-official-v3,v1.0.1-official-4c,sectorial_displacement,,,,,,
official_4c_diagnostics_6b_baseline_official_v3,diagnostic,CHL,PEN,stress,r2,0.2749404640789393,0.0874810567523897,0.3181818181818182,False,False,PASS,baseline-official-v3,v1.0.1-official-4c,sectorial_displacement,,,,,,
official_4c_diagnostics_6b_baseline_official_v3,diagnostic,CHL,GMI:GMI_ideal_aggregate,stress,r2,4.550059741080454,1.447746281252872,0.3181818181818182,True,True,PASS,baseline-official-v3,v1.0.1-official-4c,sectorial_displacement,,,,,,
official_4c_diagnostics_6b_baseline_official_v3,diagnostic,CHL,GMI:GMI_loaded_aggregate,stress,r2,3.033373160720303,0.9651641875019148,0.3181818181818182,True,False,PASS,baseline-official-v3,v1.0.1-official-4c,sectorial_displacement,,,,,,
official_4c_diagnostics_6b_baseline_official_v3,diagnostic,CHL,MUT,stress,r2,0.3137854695958103,0.0998408312350305,0.3181818181818182,False,False,PASS,baseline-official-v3,v1.0.1-official-4c,sectorial_displacement,,,,,,
official_4c_diagnostics_6b_baseline_official_v3,diagnostic,CHL,PBI,stress,r2,0.1937638728328191,0.0616521413558969,0.3181818181818182,False,False,PASS,baseline-official-v3,v1.0.1-official-4c,sectorial_displacement,,,,,,
official_4c_diagnostics_6b_baseline_official_v3,diagnostic,CHL,UBI,stress,r2,0.0821726523391888,0.0261458439261055,0.3181818181818182,False,False,PASS,baseline-official-v3,v1.0.1-official-4c,sectorial_displacement,,,,,,
official_4c_diagnostics_6b_baseline_official_v3,diagnostic,CHL,PEN,stress,r3,0.2502383566642316,0.0796212953022555,0.3181818181818182,False,False,PASS,baseline-official-v3,v1.0.1-official-4c,sectorial_displacement,,,,,,
official_4c_diagnostics_6b_baseline_official_v3,diagnostic,CHL,GMI:GMI_ideal_aggregate,stress,r3,4.015460658881374,1.2776465732804374,0.3181818181818182,True,True,PASS,baseline-official-v3,v1.0.1-official-4c,sectorial_displacement,,,,,,
official_4c_diagnostics_6b_baseline_official_v3,diagnostic,CHL,GMI:GMI_loaded_aggregate,stress,r3,2.676973772587582,0.851764382186958,0.3181818181818182,True,False,PASS,baseline-official-v3,v1.0.1-official-4c,sectorial_displacement,,,,,,
official_4c_diagnostics_6b_baseline_official_v3,diagnostic,CHL,MUT,stress,r3,0.2875441518996482,0.0914913210589789,0.3181818181818182,False,False,PASS,baseline-official-v3,v1.0.1-official-4c,sectorial_displacement,,,,,,
official_4c_diagnostics_6b_baseline_official_v3,diagnostic,CHL,PBI,stress,r3,0.1781066042982894,0.0566702831858193,0.3181818181818182,False,False,PASS,baseline-official-v3,v1.0.1-official-4c,sectorial_displacement,,,,,,
official_4c_diagnostics_6b_baseline_official_v3,diagnostic,CHL,UBI,stress,r3,0.0756433145054426,0.0240683273426408,0.3181818181818182,False,False,PASS,baseline-official-v3,v1.0.1-official-4c,sectorial_displacement,,,,,,
official_4c_diagnostics_6b_baseline_official_v3,diagnostic,CHL,PEN,stress,r4,0.3330179726110611,0.1059602640126103,0.3181818181818182,False,False,PASS,baseline-official-v3,v1.0.1-official-4c,sectorial_displacement,,,,,,
official_4c_diagnostics_6b_baseline_official_v3,diagnostic,CHL,GMI:GMI_ideal_aggregate,stress,r4,5.799668762204835,1.8453491516106293,0.3181818181818182,True,True,PASS,baseline-official-v3,v1.0.1-official-4c,sectorial_displacement,,,,,,
official_4c_diagnostics_6b_baseline_official_v3,diagnostic,CHL,GMI:GMI_loaded_aggregate,stress,r4,3.86644584146989,1.2302327677404197,0.3181818181818182,True,True,PASS,baseline-official-v3,v1.0.1-official-4c,sectorial_displacement,,,,,,
official_4c_diagnostics_6b_baseline_official_v3,diagnostic,CHL,MUT,stress,r4,0.3755949708493598,0.1195074907247963,0.3181818181818182,False,False,PASS,baseline-official-v3,v1.0.1-official-4c,sectorial_displacement,,,,,,
official_4c_diagnostics_6b_baseline_official_v3,diagnostic,CHL,PBI,stress,r4,0.2306774924132624,0.0733973839496744,0.3181818181818182,False,False,PASS,baseline-official-v3,v1.0.1-official-4c,sectorial_displacement,,,,,,
official_4c_diagnostics_6b_baseline_official_v3,diagnostic,CHL,UBI,stress,r4,0.0975733750020856,0.0310460738642999,0.3181818181818182,False,False,PASS,baseline-official-v3,v1.0.1-official-4c,sectorial_displacement,,,,,,
official_4c_diagnostics_6b_baseline_official_v3,diagnostic,COL,PEN,low,r0,-0.1616526824314932,-0.0514349444100205,0.3181818181818182,False,False,PASS,baseline-official-v3,v1.0.1-official-4c,sectorial_displacement,,,,,,
official_4c_diagnostics_6b_baseline_official_v3,diagnostic,COL,GMI:GMI_ideal_aggregate,low,r0,-0.112663238540209,-0.0358473940809756,0.3181818181818182,False,False,PASS,baseline-official-v3,v1.0.1-official-4c,sectorial_displacement,,,,,,
official_4c_diagnostics_6b_baseline_official_v3,diagnostic,COL,GMI:GMI_loaded_aggregate,low,r0,-0.0751088256934726,-0.0238982627206503,0.3181818181818182,False,False,PASS,baseline-official-v3,v1.0.1-official-4c,sectorial_displacement,,,,,,
official_4c_diagnostics_6b_baseline_official_v3,diagnostic,COL,MUT,low,r0,-0.018485557526338,-0.0058817683038348,0.3181818181818182,False,False,PASS,baseline-official-v3,v1.0.1-official-4c,sectorial_displacement,,,,,,
official_4c_diagnostics_6b_baseline_official_v3,diagnostic,COL,PBI,low,r0,-0.0078670161561991,-0.0025031415042451,0.3181818181818182,False,False,PASS,baseline-official-v3,v1.0.1-official-4c,sectorial_displacement,,,,,,
official_4c_diagnostics_6b_baseline_official_v3,diagnostic,COL,UBI,low,r0,-0.0023095297273273,-0.0007348503677859,0.3181818181818182,False,False,PASS,baseline-official-v3,v1.0.1-official-4c,sectorial_displacement,,,,,,
official_4c_diagnostics_6b_baseline_official_v3,diagnostic,COL,PEN,low,r1,-0.1571014719079275,-0.0499868319707042,0.3181818181818182,False,False,PASS,baseline-official-v3,v1.0.1-official-4c,sectorial_displacement,,,,,,
official_4c_diagnostics_6b_baseline_official_v3,diagnostic,COL,GMI:GMI_ideal_aggregate,low,r1,-0.1104136174694261,-0.0351316055584537,0.3181818181818182,False,False,PASS,baseline-official-v3,v1.0.1-official-4c,sectorial_displacement,,,,,,
official_4c_diagnostics_6b_baseline_official_v3,diagnostic,COL,GMI:GMI_loaded_aggregate,low,r1,-0.0736090783129508,-0.0234210703723025,0.3181818181818182,False,False,PASS,baseline-official-v3,v1.0.1-official-4c,sectorial_displacement,,,,,,
official_4c_diagnostics_6b_baseline_official_v3,diagnostic,COL,MUT,low,r1,-0.0177865477124634,-0.0056593560903292,0.3181818181818182,False,False,PASS,baseline-official-v3,v1.0.1-official-4c,sectorial_displacement,,,,,,
official_4c_diagnostics_6b_baseline_official_v3,diagnostic,COL,PBI,low,r1,-0.0074745008917797,-0.002378250283748,0.3181818181818182,False,False,PASS,baseline-official-v3,v1.0.1-official-4c,sectorial_displacement,,,,,,
official_4c_diagnostics_6b_baseline_official_v3,diagnostic,COL,UBI,low,r1,-0.0021663854399114,-0.0006893044581536,0.3181818181818182,False,False,PASS,baseline-official-v3,v1.0.1-official-4c,sectorial_displacement,,,,,,
official_4c_diagnostics_6b_baseline_official_v3,diagnostic,COL,PEN,low,r2,-0.1555474464865584,-0.0494923693366322,0.3181818181818182,False,False,PASS,baseline-official-v3,v1.0.1-official-4c,sectorial_displacement,,,,,,
official_4c_diagnostics_6b_baseline_official_v3,diagnostic,COL,GMI:GMI_ideal_aggregate,low,r2,-0.1099427969680978,-0.0349817990353038,0.3181818181818182,False,False,PASS,baseline-official-v3,v1.0.1-official-4c,sectorial_displacement,,,,,,
official_4c_diagnostics_6b_baseline_official_v3,diagnostic,COL,GMI:GMI_loaded_aggregate,low,r2,-0.0732951979787319,-0.0233211993568692,0.3181818181818182,False,False,PASS,baseline-official-v3,v1.0.1-official-4c,sectorial_displacement,,,,,,
official_4c_diagnostics_6b_baseline_official_v3,diagnostic,COL,MUT,low,r2,-0.0174903074530276,-0.0055650978259633,0.3181818181818182,False,False,PASS,baseline-official-v3,v1.0.1-official-4c,sectorial_displacement,,,,,,
official_4c_diagnostics_6b_baseline_official_v3,diagnostic,COL,PBI,low,r2,-0.0072853439350885,-0.0023180639793463,0.3181818181818182,False,False,PASS,baseline-official-v3,v1.0.1-official-4c,sectorial_displacement,,,,,,
official_4c_diagnostics_6b_baseline_official_v3,diagnostic,COL,UBI,low,r2,-0.0020923253750525,-0.0006657398920621,0.3181818181818182,False,False,PASS,baseline-official-v3,v1.0.1-official-4c,sectorial_displacement,,,,,,
official_4c_diagnostics_6b_baseline_official_v3,diagnostic,COL,PEN,low,r3,-0.1616942785994007,-0.0514481795543547,0.3181818181818182,False,False,PASS,baseline-official-v3,v1.0.1-official-4c,sectorial_displacement,,,,,,
official_4c_diagnostics_6b_baseline_official_v3,diagnostic,COL,GMI:GMI_ideal_aggregate,low,r3,-0.1123275415116828,-0.0357405813900809,0.3181818181818182,False,False,PASS,baseline-official-v3,v1.0.1-official-4c,sectorial_displacement,,,,,,
official_4c_diagnostics_6b_baseline_official_v3,diagnostic,COL,GMI:GMI_loaded_aggregate,low,r3,-0.0748850276744552,-0.0238270542600539,0.3181818181818182,False,False,PASS,baseline-official-v3,v1.0.1-official-4c,sectorial_displacement,,,,,,
official_4c_diagnostics_6b_baseline_official_v3,diagnostic,COL,MUT,low,r3,-0.0185609176615341,-0.0059057465286699,0.3181818181818182,False,False,PASS,baseline-official-v3,v1.0.1-official-4c,sectorial_displacement,,,,,,
official_4c_diagnostics_6b_baseline_official_v3,diagnostic,COL,PBI,low,r3,-0.0079366636511044,-0.0025253020708059,0.3181818181818182,False,False,PASS,baseline-official-v3,v1.0.1-official-4c,sectorial_displacement,,,,,,
official_4c_diagnostics_6b_baseline_official_v3,diagnostic,COL,UBI,low,r3,-0.0023410130275475,-0.0007448677814923,0.3181818181818182,False,False,PASS,baseline-official-v3,v1.0.1-official-4c,sectorial_displacement,,,,,,
official_4c_diagnostics_6b_baseline_official_v3,diagnostic,COL,PEN,low,r4,-0.1497886682248611,-0.0476600307988194,0.3181818181818182,False,False,PASS,baseline-official-v3,v1.0.1-official-4c,sectorial_displacement,,,,,,
official_4c_diagnostics_6b_baseline_official_v3,diagnostic,COL,GMI:GMI_ideal_aggregate,low,r4,-0.1073273211049564,-0.0341496021697588,0.3181818181818182,False,False,PASS,baseline-official-v3,v1.0.1-official-4c,sectorial_displacement,,,,,,
official_4c_diagnostics_6b_baseline_official_v3,diagnostic,COL,GMI:GMI_loaded_aggregate,low,r4,-0.0715515474033043,-0.0227664014465059,0.3181818181818182,False,False,PASS,baseline-official-v3,v1.0.1-official-4c,sectorial_displacement,,,,,,
official_4c_diagnostics_6b_baseline_official_v3,diagnostic,COL,MUT,low,r4,-0.016561101803801,-0.0052694414830275,0.3181818181818182,False,False,PASS,baseline-official-v3,v1.0.1-official-4c,sectorial_displacement,,,,,,
official_4c_diagnostics_6b_baseline_official_v3,diagnostic,COL,PBI,low,r4,-0.0067458427622004,-0.0021464045152455,0.3181818181818182,False,False,PASS,baseline-official-v3,v1.0.1-official-4c,sectorial_displacement,,,,,,
official_4c_diagnostics_6b_baseline_official_v3,diagnostic,COL,UBI,low,r4,-0.0018916321287985,-0.0006018829500722,0.3181818181818182,False,False,PASS,baseline-official-v3,v1.0.1-official-4c,sectorial_displacement,,,,,,
official_4c_diagnostics_6b_baseline_official_v3,diagnostic,COL,PEN,mid,r0,0.059840611829065,0.0190401946728843,0.3181818181818182,False,False,PASS,baseline-official-v3,v1.0.1-official-4c,sectorial_displacement,,,,,,
official_4c_diagnostics_6b_baseline_official_v3,diagnostic,COL,GMI:GMI_ideal_aggregate,mid,r0,-0.045557782985473,-0.0144956582226505,0.3181818181818182,False,False,PASS,baseline-official-v3,v1.0.1-official-4c,sectorial_displacement,,,,,,
official_4c_diagnostics_6b_baseline_official_v3,diagnostic,COL,GMI:GMI_loaded_aggregate,mid,r0,-0.0303718553236487,-0.0096637721484336,0.3181818181818182,False,False,PASS,baseline-official-v3,v1.0.1-official-4c,sectorial_displacement,,,,,,
official_4c_diagnostics_6b_baseline_official_v3,diagnostic,COL,MUT,mid,r0,0.0237371951087018,0.0075527438982233,0.3181818181818182,False,False,PASS,baseline-official-v3,v1.0.1-official-4c,sectorial_displacement,,,,,,
official_4c_diagnostics_6b_baseline_official_v3,diagnostic,COL,PBI,mid,r0,0.0190932876417367,0.0060751369769162,0.3181818181818182,False,False,PASS,baseline-official-v3,v1.0.1-official-4c,sectorial_displacement,,,,,,
official_4c_diagnostics_6b_baseline_official_v3,diagnostic,COL,UBI,mid,r0,0.0082461584314325,0.0026237776827285,0.3181818181818182,False,False,PASS,baseline-official-v3,v1.0.1-official-4c,sectorial_displacement,,,,,,
official_4c_diagnostics_6b_baseline_official_v3,diagnostic,COL,PEN,mid,r1,0.0770387250016668,0.0245123215914394,0.3181818181818182,False,False,PASS,baseline-official-v3,v1.0.1-official-4c,sectorial_displacement,,,,,,
official_4c_diagnostics_6b_baseline_official_v3,diagnostic,COL,GMI:GMI_ideal_aggregate,mid,r1,-0.0394765508203082,-0.0125607207155526,0.3181818181818182,False,False,PASS,baseline-official-v3,v1.0.1-official-4c,sectorial_displacement,,,,,,
official_4c_diagnostics_6b_baseline_official_v3,diagnostic,COL,GMI:GMI_loaded_aggregate,mid,r1,-0.0263177005468721,-0.0083738138103683,0.3181818181818182,False,False,PASS,baseline-official-v3,v1.0.1-official-4c,sectorial_displacement,,,,,,
official_4c_diagnostics_6b_baseline_official_v3,diagnostic,COL,MUT,mid,r1,0.0268470546231615,0.0085422446528241,0.3181818181818182,False,False,PASS,baseline-official-v3,v1.0.1-official-4c,sectorial_displacement,,,,,,
official_4c_diagnostics_6b_baseline_official_v3,diagnostic,COL,PBI,mid,r1,0.0210251918915393,0.0066898337836715,0.3181818181818182,False,False,PASS,baseline-official-v3,v1.0.1-official-4c,sectorial_displacement,,,,,,
official_4c_diagnostics_6b_baseline_official_v3,diagnostic,COL,UBI,mid,r1,0.0089920151439947,0.0028610957276346,0.3181818181818182,False,False,PASS,baseline-official-v3,v1.0.1-official-4c,sectorial_displacement,,,,,,
official_4c_diagnostics_6b_baseline_official_v3,diagnostic,COL,PEN,mid,r2,0.089605070284977,0.0285107041815835,0.3181818181818182,False,False,PASS,baseline-official-v3,v1.0.1-official-4c,sectorial_displacement,,,,,,
official_4c_diagnostics_6b_baseline_official_v3,diagnostic,COL,GMI:GMI_ideal_aggregate,mid,r2,-0.0356693460572483,-0.0113493373818517,0.3181818181818182,False,False,PASS,baseline-official-v3,v1.0.1-official-4c,sectorial_displacement,,,,,,
official_4c_diagnostics_6b_baseline_official_v3,diagnostic,COL,GMI:GMI_loaded_aggregate,mid,r2,-0.0237795640381655,-0.0075662249212344,0.3181818181818182,False,False,PASS,baseline-official-v3,v1.0.1-official-4c,sectorial_displacement,,,,,,
official_4c_diagnostics_6b_baseline_official_v3,diagnostic,COL,MUT,mid,r2,0.0292425478600788,0.0093044470463887,0.3181818181818182,False,False,PASS,baseline-official-v3,v1.0.1-official-4c,sectorial_displacement,,,,,,
official_4c_diagnostics_6b_baseline_official_v3,diagnostic,COL,PBI,mid,r2,0.0225547753834407,0.0071765194401856,0.3181818181818182,False,False,PASS,baseline-official-v3,v1.0.1-official-4c,sectorial_displacement,,,,,,
official_4c_diagnostics_6b_baseline_official_v3,diagnostic,COL,UBI,mid,r2,0.0095908884532241,0.0030516463260258,0.3181818181818182,False,False,PASS,baseline-official-v3,v1.0.1-official-4c,sectorial_displacement,,,,,,
official_4c_diagnostics_6b_baseline_official_v3,diagnostic,COL,PEN,mid,r3,0.0561848053233808,0.0178769835119848,0.3181818181818182,False,False,PASS,baseline-official-v3,v1.0.1-official-4c,sectorial_displacement,,,,,,
official_4c_diagnostics_6b_baseline_official_v3,diagnostic,COL,GMI:GMI_ideal_aggregate,mid,r3,-0.0463170772612968,-0.0147372518558671,0.3181818181818182,False,False,PASS,baseline-official-v3,v1.0.1-official-4c,sectorial_displacement,,,,,,
official_4c_diagnostics_6b_baseline_official_v3,diagnostic,COL,GMI:GMI_loaded_aggregate,mid,r3,-0.0308780515075312,-0.0098248345705781,0.3181818181818182,False,False,PASS,baseline-official-v3,v1.0.1-official-4c,sectorial_displacement,,,,,,
official_4c_diagnostics_6b_baseline_official_v3,diagnostic,COL,MUT,mid,r3,0.0229728664448087,0.0073095484142573,0.3181818181818182,False,False,PASS,baseline-official-v3,v1.0.1-official-4c,sectorial_displacement,,,,,,
official_4c_diagnostics_6b_baseline_official_v3,diagnostic,COL,PBI,mid,r3,0.0185837161797362,0.0059130006026433,0.3181818181818182,False,False,PASS,baseline-official-v3,v1.0.1-official-4c,sectorial_displacement,,,,,,
official_4c_diagnostics_6b_baseline_official_v3,diagnostic,COL,UBI,mid,r3,0.0080424329990382,0.0025589559542394,0.3181818181818182,False,False,PASS,baseline-official-v3,v1.0.1-official-4c,sectorial_displacement,,,,,,
official_4c_diagnostics_6b_baseline_official_v3,diagnostic,COL,PEN,mid,r4,0.1240340916449477,0.0394653927961197,0.3181818181818182,False,False,PASS,baseline-official-v3,v1.0.1-official-4c,sectorial_displacement,,,,,,
official_4c_diagnostics_6b_baseline_official_v3,diagnostic,COL,GMI:GMI_ideal_aggregate,mid,r4,-0.0243676942518618,-0.007753357261956,0.3181818181818182,False,False,PASS,baseline-official-v3,v1.0.1-official-4c,sectorial_displacement,,,,,,
official_4c_diagnostics_6b_baseline_official_v3,diagnostic,COL,GMI:GMI_loaded_aggregate,mid,r4,-0.0162451295012412,-0.005168904841304,0.3181818181818182,False,False,PASS,baseline-official-v3,v1.0.1-official-4c,sectorial_displacement,,,,,,
official_4c_diagnostics_6b_baseline_official_v3,diagnostic,COL,MUT,mid,r4,0.0356370954121661,0.0113390758129619,0.3181818181818182,False,False,PASS,baseline-official-v3,v1.0.1-official-4c,sectorial_displacement,,,,,,
official_4c_diagnostics_6b_baseline_official_v3,diagnostic,COL,PBI,mid,r4,0.0265840366706049,0.0084585571224651,0.3181818181818182,False,False,PASS,baseline-official-v3,v1.0.1-official-4c,sectorial_displacement,,,,,,
official_4c_diagnostics_6b_baseline_official_v3,diagnostic,COL,UBI,mid,r4,0.0111579171751931,0.003550246373925,0.3181818181818182,False,False,PASS,baseline-official-v3,v1.0.1-official-4c,sectorial_displacement,,,,,,
official_4c_diagnostics_6b_baseline_official_v3,diagnostic,COL,PEN,high,r0,0.0483860544148742,0.015395562768369,0.3181818181818182,False,False,PASS,baseline-official-v3,v1.0.1-official-4c,sectorial_displacement,,,,,,
official_4c_diagnostics_6b_baseline_official_v3,diagnostic,COL,GMI:GMI_ideal_aggregate,high,r0,-0.0490281512240388,-0.0155998662985578,0.3181818181818182,False,False,PASS,baseline-official-v3,v1.0.1-official-4c,sectorial_displacement,,,,,,
official_4c_diagnostics_6b_baseline_official_v3,diagnostic,COL,GMI:GMI_loaded_aggregate,high,r0,-0.0326854341493592,-0.0103999108657052,0.3181818181818182,False,False,PASS,baseline-official-v3,v1.0.1-official-4c,sectorial_displacement,,,,,,
official_4c_diagnostics_6b_baseline_official_v3,diagnostic,COL,MUT,high,r0,0.0215536394129962,0.0068579761768624,0.3181818181818182,False,False,PASS,baseline-official-v3,v1.0.1-official-4c,sectorial_displacement,,,,,,
official_4c_diagnostics_6b_baseline_official_v3,diagnostic,COL,PBI,high,r0,0.0176990316720991,0.005631510077486,0.3181818181818182,False,False,PASS,baseline-official-v3,v1.0.1-official-4c,sectorial_displacement,,,,,,
official_4c_diagnostics_6b_baseline_official_v3,diagnostic,COL,UBI,high,r0,0.0077002695075061,0.0024500857523883,0.3181818181818182,False,False,PASS,baseline-official-v3,v1.0.1-official-4c,sectorial_displacement,,,,,,
official_4c_diagnostics_6b_baseline_official_v3,diagnostic,COL,PEN,high,r1,0.0651244943643989,0.020721430025036,0.3181818181818182,False,False,PASS,baseline-official-v3,v1.0.1-official-4c,sectorial_displacement,,,,,,
official_4c_diagnostics_6b_baseline_official_v3,diagnostic,COL,GMI:GMI_ideal_aggregate,high,r1,-0.0430861854919454,-0.0137092408383462,0.3181818181818182,False,False,PASS,baseline-official-v3,v1.0.1-official-4c,sectorial_displacement,,,,,,
official_4c_diagnostics_6b_baseline_official_v3,diagnostic,COL,GMI:GMI_loaded_aggregate,high,r1,-0.0287241236612969,-0.0091394938922308,0.3181818181818182,False,False,PASS,baseline-official-v3,v1.0.1-official-4c,sectorial_displacement,,,,,,
official_4c_diagnostics_6b_baseline_official_v3,diagnostic,COL,MUT,high,r1,0.0245758724877674,0.0078195957915623,0.3181818181818182,False,False,PASS,baseline-official-v3,v1.0.1-official-4c,sectorial_displacement,,,,,,
official_4c_diagnostics_6b_baseline_official_v3,diagnostic,COL,PBI,high,r1,0.0195749842065989,0.006228404065736,0.3181818181818182,False,False,PASS,baseline-official-v3,v1.0.1-official-4c,sectorial_displacement,,,,,,
official_4c_diagnostics_6b_baseline_official_v3,diagnostic,COL,UBI,high,r1,0.0084242196101462,0.0026804335123192,0.3181818181818182,False,False,PASS,baseline-official-v3,v1.0.1-official-4c,sectorial_displacement,,,,,,
official_4c_diagnostics_6b_baseline_official_v3,diagnostic,COL,PEN,high,r2,0.0771728703125758,0.024555004190365,0.3181818181818182,False,False,PASS,baseline-official-v3,v1.0.1-official-4c,sectorial_displacement,,,,,,
official_4c_diagnostics_6b_baseline_official_v3,diagnostic,COL,GMI:GMI_ideal_aggregate,high,r2,-0.0394359090382211,-0.0125477892394339,0.3181818181818182,False,False,PASS,baseline-official-v3,v1.0.1-official-4c,sectorial_displacement,,,,,,
official_4c_diagnostics_6b_baseline_official_v3,diagnostic,COL,GMI:GMI_loaded_aggregate,high,r2,-0.0262906060254808,-0.0083651928262893,0.3181818181818182,False,False,PASS,baseline-official-v3,v1.0.1-official-4c,sectorial_displacement,,,,,,
official_4c_diagnostics_6b_baseline_official_v3,diagnostic,COL,MUT,high,r2,0.0268726264324507,0.0085503811375979,0.3181818181818182,False,False,PASS,baseline-official-v3,v1.0.1-official-4c,sectorial_displacement,,,,,,
official_4c_diagnostics_6b_baseline_official_v3,diagnostic,COL,PBI,high,r2,0.0210415201435853,0.0066950291365953,0.3181818181818182,False,False,PASS,baseline-official-v3,v1.0.1-official-4c,sectorial_displacement,,,,,,
official_4c_diagnostics_6b_baseline_official_v3,diagnostic,COL,UBI,high,r2,0.008998408096317,0.0028631298488281,0.3181818181818182,False,False,PASS,baseline-official-v3,v1.0.1-official-4c,sectorial_displacement,,,,,,
official_4c_diagnostics_6b_baseline_official_v3,diagnostic,COL,PEN,high,r3,0.0493821710527082,0.0157125089713162,0.3181818181818182,False,False,PASS,baseline-official-v3,v1.0.1-official-4c,sectorial_displacement,,,,,,
official_4c_diagnostics_6b_baseline_official_v3,diagnostic,COL,GMI:GMI_ideal_aggregate,high,r3,-0.0483780600699625,-0.0153930191131698,0.3181818181818182,False,False,PASS,baseline-official-v3,v1.0.1-official-4c,sectorial_displacement,,,,,,
official_4c_diagnostics_6b_baseline_official_v3,diagnostic,COL,GMI:GMI_loaded_aggregate,high,r3,-0.0322520400466417,-0.0102620127421132,0.3181818181818182,False,False,PASS,baseline-official-v3,v1.0.1-official-4c,sectorial_displacement,,,,,,
official_4c_diagnostics_6b_baseline_official_v3,diagnostic,COL,MUT,high,r3,0.0216760960615962,0.0068969396559624,0.3181818181818182,False,False,PASS,baseline-official-v3,v1.0.1-official-4c,sectorial_displacement,,,,,,
official_4c_diagnostics_6b_baseline_official_v3,diagnostic,COL,PBI,high,r3,0.0177556952359155,0.0056495393932458,0.3181818181818182,False,False,PASS,baseline-official-v3,v1.0.1-official-4c,sectorial_displacement,,,,,,
official_4c_diagnostics_6b_baseline_official_v3,diagnostic,COL,UBI,high,r3,0.007718240403235,0.0024558037646656,0.3181818181818182,False,False,PASS,baseline-official-v3,v1.0.1-official-4c,sectorial_displacement,,,,,,
official_4c_diagnostics_6b_baseline_official_v3,diagnostic,COL,PEN,high,r4,0.1170092187521569,0.0372302059665953,0.3181818181818182,False,False,PASS,baseline-official-v3,v1.0.1-official-4c,sectorial_displacement,,,,,,
official_4c_diagnostics_6b_baseline_official_v3,diagnostic,COL,GMI:GMI_ideal_aggregate,high,r4,-0.0264960083268255,-0.0084305481039899,0.3181818181818182,False,False,PASS,baseline-official-v3,v1.0.1-official-4c,sectorial_displacement,,,,,,
official_4c_diagnostics_6b_baseline_official_v3,diagnostic,COL,GMI:GMI_loaded_aggregate,high,r4,-0.017664005551217,-0.0056203654026599,0.3181818181818182,False,False,PASS,baseline-official-v3,v1.0.1-official-4c,sectorial_displacement,,,,,,
official_4c_diagnostics_6b_baseline_official_v3,diagnostic,COL,MUT,high,r4,0.0342979601961989,0.0109129873351541,0.3181818181818182,False,False,PASS,baseline-official-v3,v1.0.1-official-4c,sectorial_displacement,,,,,,
official_4c_diagnostics_6b_baseline_official_v3,diagnostic,COL,PBI,high,r4,0.0257289647012083,0.0081864887685662,0.3181818181818182,False,False,PASS,baseline-official-v3,v1.0.1-official-4c,sectorial_displacement,,,,,,
official_4c_diagnostics_6b_baseline_official_v3,diagnostic,COL,UBI,high,r4,0.0108231333712013,0.0034437242544731,0.3181818181818182,False,False,PASS,baseline-official-v3,v1.0.1-official-4c,sectorial_displacement,,,,,,
official_4c_diagnostics_6b_baseline_official_v3,diagnostic,COL,PEN,stress,r0,0.6460758689243442,0.2055695946577459,0.3181818181818182,False,False,PASS,baseline-official-v3,v1.0.1-official-4c,sectorial_displacement,,,,,,
official_4c_diagnostics_6b_baseline_official_v3,diagnostic,COL,GMI:GMI_ideal_aggregate,stress,r0,0.132052939366006,0.0420168443437291,0.3181818181818182,False,False,PASS,baseline-official-v3,v1.0.1-official-4c,sectorial_displacement,,,,,,
official_4c_diagnostics_6b_baseline_official_v3,diagnostic,COL,GMI:GMI_loaded_aggregate,stress,r0,0.0880352929106706,0.0280112295624861,0.3181818181818182,False,False,PASS,baseline-official-v3,v1.0.1-official-4c,sectorial_displacement,,,,,,
official_4c_diagnostics_6b_baseline_official_v3,diagnostic,COL,MUT,stress,r0,0.1354898616122524,0.0431104105129894,0.3181818181818182,False,False,PASS,baseline-official-v3,v1.0.1-official-4c,sectorial_displacement,,,,,,
official_4c_diagnostics_6b_baseline_official_v3,diagnostic,COL,PBI,stress,r0,0.0904502137334005,0.0287796134606274,0.3181818181818182,False,False,PASS,baseline-official-v3,v1.0.1-official-4c,sectorial_displacement,,,,,,
official_4c_diagnostics_6b_baseline_official_v3,diagnostic,COL,UBI,stress,r0,0.0361843250573202,0.01151319433642,0.3181818181818182,False,False,PASS,baseline-official-v3,v1.0.1-official-4c,sectorial_displacement,,,,,,
official_4c_diagnostics_6b_baseline_official_v3,diagnostic,COL,PEN,stress,r1,0.6983409435435907,0.2221993911275061,0.3181818181818182,False,False,PASS,baseline-official-v3,v1.0.1-official-4c,sectorial_displacement,,,,,,
official_4c_diagnostics_6b_baseline_official_v3,diagnostic,COL,GMI:GMI_ideal_aggregate,stress,r1,0.1487583506091578,0.0473322024665502,0.3181818181818182,False,False,PASS,baseline-official-v3,v1.0.1-official-4c,sectorial_displacement,,,,,,
official_4c_diagnostics_6b_baseline_official_v3,diagnostic,COL,GMI:GMI_loaded_aggregate,stress,r1,0.0991722337394385,0.0315548016443667,0.3181818181818182,False,False,PASS,baseline-official-v3,v1.0.1-official-4c,sectorial_displacement,,,,,,
official_4c_diagnostics_6b_baseline_official_v3,diagnostic,COL,MUT,stress,r1,0.1452844546025816,0.0462268719190032,0.3181818181818182,False,False,PASS,baseline-official-v3,v1.0.1-official-4c,sectorial_displacement,,,,,,
official_4c_diagnostics_6b_baseline_official_v3,diagnostic,COL,PBI,stress,r1,0.0966504906986312,0.0307524288586553,0.3181818181818182,False,False,PASS,baseline-official-v3,v1.0.1-official-4c,sectorial_displacement,,,,,,
official_4c_diagnostics_6b_baseline_official_v3,diagnostic,COL,UBI,stress,r1,0.0386013651388497,0.0122822525441794,0.3181818181818182,False,False,PASS,baseline-official-v3,v1.0.1-official-4c,sectorial_displacement,,,,,,
official_4c_diagnostics_6b_baseline_official_v3,diagnostic,COL,PEN,stress,r2,0.7404766533060511,0.2356062078701072,0.3181818181818182,False,False,PASS,baseline-official-v3,v1.0.1-official-4c,sectorial_displacement,,,,,,
official_4c_diagnostics_6b_baseline_official_v3,diagnostic,COL,GMI:GMI_ideal_aggregate,stress,r2,0.1615241366261638,0.0513940434719612,0.3181818181818182,False,False,PASS,baseline-official-v3,v1.0.1-official-4c,sectorial_displacement,,,,,,
official_4c_diagnostics_6b_baseline_official_v3,diagnostic,COL,GMI:GMI_loaded_aggregate,stress,r2,0.1076827577507759,0.0342626956479741,0.3181818181818182,False,False,PASS,baseline-official-v3,v1.0.1-official-4c,sectorial_displacement,,,,,,
official_4c_diagnostics_6b_baseline_official_v3,diagnostic,COL,MUT,stress,r2,0.1533166871644818,0.0487825822796078,0.3181818181818182,False,False,PASS,baseline-official-v3,v1.0.1-official-4c,sectorial_displacement,,,,,,
official_4c_diagnostics_6b_baseline_official_v3,diagnostic,COL,PBI,stress,r2,0.101779275927683,0.0323843150678991,0.3181818181818182,False,False,PASS,baseline-official-v3,v1.0.1-official-4c,sectorial_displacement,,,,,,
official_4c_diagnostics_6b_baseline_official_v3,diagnostic,COL,UBI,stress,r2,0.0406094232793248,0.0129211801343306,0.3181818181818182,False,False,PASS,baseline-official-v3,v1.0.1-official-4c,sectorial_displacement,,,,,,
official_4c_diagnostics_6b_baseline_official_v3,diagnostic,COL,PEN,stress,r3,0.6694699400129085,0.21301316273138,0.3181818181818182,False,False,PASS,baseline-official-v3,v1.0.1-official-4c,sectorial_displacement,,,,,,
official_4c_diagnostics_6b_baseline_official_v3,diagnostic,COL,GMI:GMI_ideal_aggregate,stress,r3,0.1394889015864197,0.0443828323229517,0.3181818181818182,False,False,PASS,baseline-official-v3,v1.0.1-official-4c,sectorial_displacement,,,,,,
official_4c_diagnostics_6b_baseline_official_v3,diagnostic,COL,GMI:GMI_loaded_aggregate,stress,r3,0.0929926010576132,0.0295885548819678,0.3181818181818182,False,False,PASS,baseline-official-v3,v1.0.1-official-4c,sectorial_displacement,,,,,,
official_4c_diagnostics_6b_baseline_official_v3,diagnostic,COL,MUT,stress,r3,0.1398819883357919,0.0445079053795701,0.3181818181818182,False,False,PASS,baseline-official-v3,v1.0.1-official-4c,sectorial_displacement,,,,,,
official_4c_diagnostics_6b_baseline_official_v3,diagnostic,COL,PBI,stress,r3,0.0932331704721861,0.0296650996956955,0.3181818181818182,False,False,PASS,baseline-official-v3,v1.0.1-official-4c,sectorial_displacement,,,,,,
official_4c_diagnostics_6b_baseline_official_v3,diagnostic,COL,UBI,stress,r3,0.037269713471784,0.0118585451955676,0.3181818181818182,False,False,PASS,baseline-official-v3,v1.0.1-official-4c,sectorial_displacement,,,,,,
official_4c_diagnostics_6b_baseline_official_v3,diagnostic,COL,PEN,stress,r4,0.90729054746623,0.2886833560119823,0.3181818181818182,False,False,PASS,baseline-official-v3,v1.0.1-official-4c,sectorial_displacement,,,,,,
official_4c_diagnostics_6b_baseline_official_v3,diagnostic,COL,GMI:GMI_ideal_aggregate,stress,r4,0.212934213508127,0.0677517952071313,0.3181818181818182,False,False,PASS,baseline-official-v3,v1.0.1-official-4c,sectorial_displacement,,,,,,
official_4c_diagnostics_6b_baseline_official_v3,diagnostic,COL,GMI:GMI_loaded_aggregate,stress,r4,0.1419561423387513,0.0451678634714208,0.3181818181818182,False,False,PASS,baseline-official-v3,v1.0.1-official-4c,sectorial_displacement,,,,,,
official_4c_diagnostics_6b_baseline_official_v3,diagnostic,COL,MUT,stress,r4,0.184947455774751,0.0588469177465116,0.3181818181818182,False,False,PASS,baseline-official-v3,v1.0.1-official-4c,sectorial_displacement,,,,,,
official_4c_diagnostics_6b_baseline_official_v3,diagnostic,COL,PBI,stress,r4,0.1219225076213106,0.0387935251522352,0.3181818181818182,False,False,PASS,baseline-official-v3,v1.0.1-official-4c,sectorial_displacement,,,,,,
official_4c_diagnostics_6b_baseline_official_v3,diagnostic,COL,UBI,stress,r4,0.0484855072658394,0.0154272068573125,0.3181818181818182,False,False,PASS,baseline-official-v3,v1.0.1-official-4c,sectorial_displacement,,,,,,
official_4c_diagnostics_6b_baseline_official_v3,diagnostic,MEX,PEN,low,r0,-0.0833624570251337,-0.0265244181443607,0.3181818181818182,False,False,PASS,baseline-official-v3,v1.0.1-official-4c,sectorial_displacement,,,,,,
official_4c_diagnostics_6b_baseline_official_v3,diagnostic,MEX,GMI:GMI_ideal_aggregate,low,r0,-0.3196776473367327,-0.1017156150616876,0.3181818181818182,False,False,PASS,baseline-official-v3,v1.0.1-official-4c,sectorial_displacement,,,,,,
official_4c_diagnostics_6b_baseline_official_v3,diagnostic,MEX,GMI:GMI_loaded_aggregate,low,r0,-0.2131184315578218,-0.0678104100411251,0.3181818181818182,False,False,PASS,baseline-official-v3,v1.0.1-official-4c,sectorial_displacement,,,,,,
official_4c_diagnostics_6b_baseline_official_v3,diagnostic,MEX,MUT,low,r0,-0.0189304474759186,-0.0060233241968831,0.3181818181818182,False,False,PASS,baseline-official-v3,v1.0.1-official-4c,sectorial_displacement,,,,,,
official_4c_diagnostics_6b_baseline_official_v3,diagnostic,MEX,PBI,low,r0,-0.0077180236196651,-0.0024557347880752,0.3181818181818182,False,False,PASS,baseline-official-v3,v1.0.1-official-4c,sectorial_displacement,,,,,,
official_4c_diagnostics_6b_baseline_official_v3,diagnostic,MEX,UBI,low,r0,-0.0019573017112317,-0.00062277781721,0.3181818181818182,False,False,PASS,baseline-official-v3,v1.0.1-official-4c,sectorial_displacement,,,,,,
official_4c_diagnostics_6b_baseline_official_v3,diagnostic,MEX,PEN,low,r1,-0.0816071237923369,-0.0259659030248344,0.3181818181818182,False,False,PASS,baseline-official-v3,v1.0.1-official-4c,sectorial_displacement,,,,,,
official_4c_diagnostics_6b_baseline_official_v3,diagnostic,MEX,GMI:GMI_ideal_aggregate,low,r1,-0.3143339357195579,-0.1000153431834957,0.3181818181818182,False,False,PASS,baseline-official-v3,v1.0.1-official-4c,sectorial_displacement,,,,,,
official_4c_diagnostics_6b_baseline_official_v3,diagnostic,MEX,GMI:GMI_loaded_aggregate,low,r1,-0.2095559571463719,-0.0666768954556638,0.3181818181818182,False,False,PASS,baseline-official-v3,v1.0.1-official-4c,sectorial_displacement,,,,,,
official_4c_diagnostics_6b_baseline_official_v3,diagnostic,MEX,MUT,low,r1,-0.0184225336712295,-0.0058617152590275,0.3181818181818182,False,False,PASS,baseline-official-v3,v1.0.1-official-4c,sectorial_displacement,,,,,,
official_4c_diagnostics_6b_baseline_official_v3,diagnostic,MEX,PBI,low,r1,-0.0074457562854212,-0.002369104272634,0.3181818181818182,False,False,PASS,baseline-official-v3,v1.0.1-official-4c,sectorial_displacement,,,,,,
official_4c_diagnostics_6b_baseline_official_v3,diagnostic,MEX,UBI,low,r1,-0.0018682678057642,-0.0005944488472886,0.3181818181818182,False,False,PASS,baseline-official-v3,v1.0.1-official-4c,sectorial_displacement,,,,,,
official_4c_diagnostics_6b_baseline_official_v3,diagnostic,MEX,PEN,low,r2,-0.0804773742617842,-0.0256064372651131,0.3181818181818182,False,False,PASS,baseline-official-v3,v1.0.1-official-4c,sectorial_displacement,,,,,,
official_4c_diagnostics_6b_baseline_official_v3,diagnostic,MEX,GMI:GMI_ideal_aggregate,low,r2,-0.3125482085842074,-0.0994471572767932,0.3181818181818182,False,False,PASS,baseline-official-v3,v1.0.1-official-4c,sectorial_displacement,,,,,,
official_4c_diagnostics_6b_baseline_official_v3,diagnostic,MEX,GMI:GMI_loaded_aggregate,low,r2,-0.2083654723894716,-0.0662981048511955,0.3181818181818182,False,False,PASS,baseline-official-v3,v1.0.1-official-4c,sectorial_displacement,,,,,,
official_4c_diagnostics_6b_baseline_official_v3,diagnostic,MEX,MUT,low,r2,-0.0179653875245798,-0.0057162596669117,0.3181818181818182,False,False,PASS,baseline-official-v3,v1.0.1-official-4c,sectorial_displacement,,,,,,
official_4c_diagnostics_6b_baseline_official_v3,diagnostic,MEX,PBI,low,r2,-0.0071397388591256,-0.0022717350915399,0.3181818181818182,False,False,PASS,baseline-official-v3,v1.0.1-official-4c,sectorial_displacement,,,,,,
official_4c_diagnostics_6b_baseline_official_v3,diagnostic,MEX,UBI,low,r2,-0.0017539812691018,-0.0005580849492596,0.3181818181818182,False,False,PASS,baseline-official-v3,v1.0.1-official-4c,sectorial_displacement,,,,,,
official_4c_diagnostics_6b_baseline_official_v3,diagnostic,MEX,PEN,low,r3,-0.0847286366780998,-0.0269591116703044,0.3181818181818182,False,False,PASS,baseline-official-v3,v1.0.1-official-4c,sectorial_displacement,,,,,,
official_4c_diagnostics_6b_baseline_official_v3,diagnostic,MEX,GMI:GMI_ideal_aggregate,low,r3,-0.3208094205672378,-0.1020757247259393,0.3181818181818182,False,False,PASS,baseline-official-v3,v1.0.1-official-4c,sectorial_displacement,,,,,,
official_4c_diagnostics_6b_baseline_official_v3,diagnostic,MEX,GMI:GMI_loaded_aggregate,low,r3,-0.2138729470448252,-0.0680504831506262,0.3181818181818182,False,False,PASS,baseline-official-v3,v1.0.1-official-4c,sectorial_displacement,,,,,,
official_4c_diagnostics_6b_baseline_official_v3,diagnostic,MEX,MUT,low,r3,-0.019564211970651,-0.0062249765361162,0.3181818181818182,False,False,PASS,baseline-official-v3,v1.0.1-official-4c,sectorial_displacement,,,,,,
official_4c_diagnostics_6b_baseline_official_v3,diagnostic,MEX,PBI,low,r3,-0.008169364588195,-0.002599343278062,0.3181818181818182,False,False,PASS,baseline-official-v3,v1.0.1-official-4c,sectorial_displacement,,,,,,
official_4c_diagnostics_6b_baseline_official_v3,diagnostic,MEX,UBI,low,r3,-0.0021309206531967,-0.0006780202078353,0.3181818181818182,False,False,PASS,baseline-official-v3,v1.0.1-official-4c,sectorial_displacement,,,,,,
official_4c_diagnostics_6b_baseline_official_v3,diagnostic,MEX,PEN,low,r4,-0.076738905651923,-0.0244169245256118,0.3181818181818182,False,False,PASS,baseline-official-v3,v1.0.1-official-4c,sectorial_displacement,,,,,,
official_4c_diagnostics_6b_baseline_official_v3,diagnostic,MEX,GMI:GMI_ideal_aggregate,low,r4,-0.304069874150093,-0.0967495054113932,0.3181818181818182,False,False,PASS,baseline-official-v3,v1.0.1-official-4c,sectorial_displacement,,,,,,
official_4c_diagnostics_6b_baseline_official_v3,diagnostic,MEX,GMI:GMI_loaded_aggregate,low,r4,-0.2027132494333954,-0.0644996702742621,0.3181818181818182,False,False,PASS,baseline-official-v3,v1.0.1-official-4c,sectorial_displacement,,,,,,
official_4c_diagnostics_6b_baseline_official_v3,diagnostic,MEX,MUT,low,r4,-0.0166550102787542,-0.0052993214523308,0.3181818181818182,False,False,PASS,baseline-official-v3,v1.0.1-official-4c,sectorial_displacement,,,,,,
official_4c_diagnostics_6b_baseline_official_v3,diagnostic,MEX,PBI,low,r4,-0.0063302958344541,-0.0020141850382353,0.3181818181818182,False,False,PASS,baseline-official-v3,v1.0.1-official-4c,sectorial_displacement,,,,,,
official_4c_diagnostics_6b_baseline_official_v3,diagnostic,MEX,UBI,low,r4,-0.0014643315033502,-0.0004659236601568,0.3181818181818182,False,False,PASS,baseline-official-v3,v1.0.1-official-4c,sectorial_displacement,,,,,,
official_4c_diagnostics_6b_baseline_official_v3,diagnostic,MEX,PEN,mid,r0,0.0650294871158911,0.0206912004459653,0.3181818181818182,False,False,PASS,baseline-official-v3,v1.0.1-official-4c,sectorial_displacement,,,,,,
official_4c_diagnostics_6b_baseline_official_v3,diagnostic,MEX,GMI:GMI_ideal_aggregate,mid,r0,-0.0851234261100203,-0.0270847264895519,0.3181818181818182,False,False,PASS,baseline-official-v3,v1.0.1-official-4c,sectorial_displacement,,,,,,
official_4c_diagnostics_6b_baseline_official_v3,diagnostic,MEX,GMI:GMI_loaded_aggregate,mid,r0,-0.0567489507400135,-0.0180564843263679,0.3181818181818182,False,False,PASS,baseline-official-v3,v1.0.1-official-4c,sectorial_displacement,,,,,,
official_4c_diagnostics_6b_baseline_official_v3,diagnostic,MEX,MUT,mid,r0,0.0411154331581197,0.0130821832775835,0.3181818181818182,False,False,PASS,baseline-official-v3,v1.0.1-official-4c,sectorial_displacement,,,,,,
official_4c_diagnostics_6b_baseline_official_v3,diagnostic,MEX,PBI,mid,r0,0.0324771874434579,0.0103336505501911,0.3181818181818182,False,False,PASS,baseline-official-v3,v1.0.1-official-4c,sectorial_displacement,,,,,,
official_4c_diagnostics_6b_baseline_official_v3,diagnostic,MEX,UBI,mid,r0,0.0130541684472778,0.0041535990514065,0.3181818181818182,False,False,PASS,baseline-official-v3,v1.0.1-official-4c,sectorial_displacement,,,,,,
official_4c_diagnostics_6b_baseline_official_v3,diagnostic,MEX,PEN,mid,r1,0.0695556132643393,0.0221313314931988,0.3181818181818182,False,False,PASS,baseline-official-v3,v1.0.1-official-4c,sectorial_displacement,,,,,,
official_4c_diagnostics_6b_baseline_official_v3,diagnostic,MEX,GMI:GMI_ideal_aggregate,mid,r1,-0.0754000887774936,-0.0239909373382934,0.3181818181818182,False,False,PASS,baseline-official-v3,v1.0.1-official-4c,sectorial_displacement,,,,,,
official_4c_diagnostics_6b_baseline_official_v3,diagnostic,MEX,GMI:GMI_loaded_aggregate,mid,r1,-0.0502667258516624,-0.0159939582255289,0.3181818181818182,False,False,PASS,baseline-official-v3,v1.0.1-official-4c,sectorial_displacement,,,,,,
official_4c_diagnostics_6b_baseline_official_v3,diagnostic,MEX,MUT,mid,r1,0.0427445311459388,0.0136005326373441,0.3181818181818182,False,False,PASS,baseline-official-v3,v1.0.1-official-4c,sectorial_displacement,,,,,,
official_4c_diagnostics_6b_baseline_official_v3,diagnostic,MEX,PBI,mid,r1,0.0334999847791888,0.0106590860661055,0.3181818181818182,False,False,PASS,baseline-official-v3,v1.0.1-official-4c,sectorial_displacement,,,,,,
official_4c_diagnostics_6b_baseline_official_v3,diagnostic,MEX,UBI,mid,r1,0.0134234983985278,0.0042711131268043,0.3181818181818182,False,False,PASS,baseline-official-v3,v1.0.1-official-4c,sectorial_displacement,,,,,,
official_4c_diagnostics_6b_baseline_official_v3,diagnostic,MEX,PEN,mid,r2,0.0773443227752085,0.0246095572466572,0.3181818181818182,False,False,PASS,baseline-official-v3,v1.0.1-official-4c,sectorial_displacement,,,,,,
official_4c_diagnostics_6b_baseline_official_v3,diagnostic,MEX,GMI:GMI_ideal_aggregate,mid,r2,-0.0630889440973832,-0.0200737549400764,0.3181818181818182,False,False,PASS,baseline-official-v3,v1.0.1-official-4c,sectorial_displacement,,,,,,
official_4c_diagnostics_6b_baseline_official_v3,diagnostic,MEX,GMI:GMI_loaded_aggregate,mid,r2,-0.0420592960649221,-0.0133825032933843,0.3181818181818182,False,False,PASS,baseline-official-v3,v1.0.1-official-4c,sectorial_displacement,,,,,,
official_4c_diagnostics_6b_baseline_official_v3,diagnostic,MEX,MUT,mid,r2,0.0458961841840471,0.0146033313312877,0.3181818181818182,False,False,PASS,baseline-official-v3,v1.0.1-official-4c,sectorial_displacement,,,,,,
official_4c_diagnostics_6b_baseline_official_v3,diagnostic,MEX,PBI,mid,r2,0.0356097274913755,0.0113303678381649,0.3181818181818182,False,False,PASS,baseline-official-v3,v1.0.1-official-4c,sectorial_displacement,,,,,,
official_4c_diagnostics_6b_baseline_official_v3,diagnostic,MEX,UBI,mid,r2,0.0142114116580549,0.0045218128002901,0.3181818181818182,False,False,PASS,baseline-official-v3,v1.0.1-official-4c,sectorial_displacement,,,,,,
official_4c_diagnostics_6b_baseline_official_v3,diagnostic,MEX,PEN,mid,r3,0.0562842386355823,0.0179086213840489,0.3181818181818182,False,False,PASS,baseline-official-v3,v1.0.1-official-4c,sectorial_displacement,,,,,,
official_4c_diagnostics_6b_baseline_official_v3,diagnostic,MEX,GMI:GMI_ideal_aggregate,mid,r3,-0.0979188496295925,-0.0311559976094158,0.3181818181818182,False,False,PASS,baseline-official-v3,v1.0.1-official-4c,sectorial_displacement,,,,,,
official_4c_diagnostics_6b_baseline_official_v3,diagnostic,MEX,GMI:GMI_loaded_aggregate,mid,r3,-0.065279233086395,-0.0207706650729438,0.3181818181818182,False,False,PASS,baseline-official-v3,v1.0.1-official-4c,sectorial_displacement,,,,,,
official_4c_diagnostics_6b_baseline_official_v3,diagnostic,MEX,MUT,mid,r3,0.0374957741893862,0.0119304736057137,0.3181818181818182,False,False,PASS,baseline-official-v3,v1.0.1-official-4c,sectorial_displacement,,,,,,
official_4c_diagnostics_6b_baseline_official_v3,diagnostic,MEX,PBI,mid,r3,0.0300270639218638,0.0095540657933203,0.3181818181818182,False,False,PASS,baseline-official-v3,v1.0.1-official-4c,sectorial_displacement,,,,,,
official_4c_diagnostics_6b_baseline_official_v3,diagnostic,MEX,UBI,mid,r3,0.0121340758868125,0.0038608423276221,0.3181818181818182,False,False,PASS,baseline-official-v3,v1.0.1-official-4c,sectorial_displacement,,,,,,
official_4c_diagnostics_6b_baseline_official_v3,diagnostic,MEX,PEN,mid,r4,0.0983807139019526,0.0313029544233485,0.3181818181818182,False,False,PASS,baseline-official-v3,v1.0.1-official-4c,sectorial_displacement,,,,,,
official_4c_diagnostics_6b_baseline_official_v3,diagnostic,MEX,GMI:GMI_ideal_aggregate,mid,r4,-0.0272688239061417,-0.0086764439701359,0.3181818181818182,False,False,PASS,baseline-official-v3,v1.0.1-official-4c,sectorial_displacement,,,,,,
official_4c_diagnostics_6b_baseline_official_v3,diagnostic,MEX,GMI:GMI_loaded_aggregate,mid,r4,-0.0181792159374278,-0.0057842959800906,0.3181818181818182,False,False,PASS,baseline-official-v3,v1.0.1-official-4c,sectorial_displacement,,,,,,
official_4c_diagnostics_6b_baseline_official_v3,diagnostic,MEX,MUT,mid,r4,0.0542060585836972,0.0172473822766309,0.3181818181818182,False,False,PASS,baseline-official-v3,v1.0.1-official-4c,sectorial_displacement,,,,,,
official_4c_diagnostics_6b_baseline_official_v3,diagnostic,MEX,PBI,mid,r4,0.0411046920283124,0.0130787656453721,0.3181818181818182,False,False,PASS,baseline-official-v3,v1.0.1-official-4c,sectorial_displacement,,,,,,
official_4c_diagnostics_6b_baseline_official_v3,diagnostic,MEX,UBI,mid,r4,0.0162509357122626,0.0051707522720835,0.3181818181818182,False,False,PASS,baseline-official-v3,v1.0.1-official-4c,sectorial_displacement,,,,,,
official_4c_diagnostics_6b_baseline_official_v3,diagnostic,MEX,PEN,high,r0,0.0153488145821723,0.0048837137306911,0.3181818181818182,False,False,PASS,baseline-official-v3,v1.0.1-official-4c,sectorial_displacement,,,,,,
official_4c_diagnostics_6b_baseline_official_v3,diagnostic,MEX,GMI:GMI_ideal_aggregate,high,r0,-0.1636506771924068,-0.0520706700157658,0.3181818181818182,False,False,PASS,baseline-official-v3,v1.0.1-official-4c,sectorial_displacement,,,,,,
official_4c_diagnostics_6b_baseline_official_v3,diagnostic,MEX,GMI:GMI_loaded_aggregate,high,r0,-0.1091004514616045,-0.0347137800105105,0.3181818181818182,False,False,PASS,baseline-official-v3,v1.0.1-official-4c,sectorial_displacement,,,,,,
official_4c_diagnostics_6b_baseline_official_v3,diagnostic,MEX,MUT,high,r0,0.0210124568810288,0.0066857817348728,0.3181818181818182,False,False,PASS,baseline-official-v3,v1.0.1-official-4c,sectorial_displacement,,,,,,
official_4c_diagnostics_6b_baseline_official_v3,diagnostic,MEX,PBI,high,r0,0.0190200882066358,0.0060518462475659,0.3181818181818182,False,False,PASS,baseline-official-v3,v1.0.1-official-4c,sectorial_displacement,,,,,,
official_4c_diagnostics_6b_baseline_official_v3,diagnostic,MEX,UBI,high,r0,0.008028424378005,0.0025544986657288,0.3181818181818182,False,False,PASS,baseline-official-v3,v1.0.1-official-4c,sectorial_displacement,,,,,,
official_4c_diagnostics_6b_baseline_official_v3,diagnostic,MEX,PEN,high,r1,0.0188405411536391,0.0059947176397942,0.3181818181818182,False,False,PASS,baseline-official-v3,v1.0.1-official-4c,sectorial_displacement,,,,,,
official_4c_diagnostics_6b_baseline_official_v3,diagnostic,MEX,GMI:GMI_ideal_aggregate,high,r1,-0.1555623530583428,-0.0494971123367454,0.3181818181818182,False,False,PASS,baseline-official-v3,v1.0.1-official-4c,sectorial_displacement,,,,,,
official_4c_diagnostics_6b_baseline_official_v3,diagnostic,MEX,GMI:GMI_loaded_aggregate,high,r1,-0.1037082353722285,-0.0329980748911636,0.3181818181818182,False,False,PASS,baseline-official-v3,v1.0.1-official-4c,sectorial_displacement,,,,,,
official_4c_diagnostics_6b_baseline_official_v3,diagnostic,MEX,MUT,high,r1,0.0222229914900415,0.0070709518377404,0.3181818181818182,False,False,PASS,baseline-official-v3,v1.0.1-official-4c,sectorial_displacement,,,,,,
official_4c_diagnostics_6b_baseline_official_v3,diagnostic,MEX,PBI,high,r1,0.0197626957412218,0.006288130463116,0.3181818181818182,False,False,PASS,baseline-official-v3,v1.0.1-official-4c,sectorial_displacement,,,,,,
official_4c_diagnostics_6b_baseline_official_v3,diagnostic,MEX,UBI,high,r1,0.0082931134845534,0.0026387179269033,0.3181818181818182,False,False,PASS,baseline-official-v3,v1.0.1-official-4c,sectorial_displacement,,,,,,
official_4c_diagnostics_6b_baseline_official_v3,diagnostic,MEX,PEN,high,r2,0.0243956146669683,0.007762241030399,0.3181818181818182,False,False,PASS,baseline-official-v3,v1.0.1-official-4c,sectorial_displacement,,,,,,
official_4c_diagnostics_6b_baseline_official_v3,diagnostic,MEX,GMI:GMI_ideal_aggregate,high,r2,-0.1467817824598621,-0.046703294419047,0.3181818181818182,False,False,PASS,baseline-official-v3,v1.0.1-official-4c,sectorial_displacement,,,,,,
official_4c_diagnostics_6b_baseline_official_v3,diagnostic,MEX,GMI:GMI_loaded_aggregate,high,r2,-0.0978545216399081,-0.031135529612698,0.3181818181818182,False,False,PASS,baseline-official-v3,v1.0.1-official-4c,sectorial_displacement,,,,,,
official_4c_diagnostics_6b_baseline_official_v3,diagnostic,MEX,MUT,high,r2,0.0244708175632525,0.0077861692246712,0.3181818181818182,False,False,PASS,baseline-official-v3,v1.0.1-official-4c,sectorial_displacement,,,,,,
official_4c_diagnostics_6b_baseline_official_v3,diagnostic,MEX,PBI,high,r2,0.0212674091785445,0.0067669029204459,0.3181818181818182,False,False,PASS,baseline-official-v3,v1.0.1-official-4c,sectorial_displacement,,,,,,
official_4c_diagnostics_6b_baseline_official_v3,diagnostic,MEX,UBI,high,r2,0.0088550700028562,0.002817522273636,0.3181818181818182,False,False,PASS,baseline-official-v3,v1.0.1-official-4c,sectorial_displacement,,,,,,
official_4c_diagnostics_6b_baseline_official_v3,diagnostic,MEX,PEN,high,r3,0.0109625491547282,0.0034880838219589,0.3181818181818182,False,False,PASS,baseline-official-v3,v1.0.1-official-4c,sectorial_displacement,,,,,,
official_4c_diagnostics_6b_baseline_official_v3,diagnostic,MEX,GMI:GMI_ideal_aggregate,high,r3,-0.169556118366755,-0.0539496740257856,0.3181818181818182,False,False,PASS,baseline-official-v3,v1.0.1-official-4c,sectorial_displacement,,,,,,
official_4c_diagnostics_6b_baseline_official_v3,diagnostic,MEX,GMI:GMI_loaded_aggregate,high,r3,-0.1130374122445033,-0.0359664493505237,0.3181818181818182,False,False,PASS,baseline-official-v3,v1.0.1-official-4c,sectorial_displacement,,,,,,
official_4c_diagnostics_6b_baseline_official_v3,diagnostic,MEX,MUT,high,r3,0.0191566333926725,0.006095292443123,0.3181818181818182,False,False,PASS,baseline-official-v3,v1.0.1-official-4c,sectorial_displacement,,,,,,
official_4c_diagnostics_6b_baseline_official_v3,diagnostic,MEX,PBI,high,r3,0.0177506908009013,0.005647947073014,0.3181818181818182,False,False,PASS,baseline-official-v3,v1.0.1-official-4c,sectorial_displacement,,,,,,
official_4c_diagnostics_6b_baseline_official_v3,diagnostic,MEX,UBI,high,r3,0.0075492906876341,0.0024020470369744,0.3181818181818182,False,False,PASS,baseline-official-v3,v1.0.1-official-4c,sectorial_displacement,,,,,,
official_4c_diagnostics_6b_baseline_official_v3,diagnostic,MEX,PEN,high,r4,0.0427457213401088,0.0136009113354891,0.3181818181818182,False,False,PASS,baseline-official-v3,v1.0.1-official-4c,sectorial_displacement,,,,,,
official_4c_diagnostics_6b_baseline_official_v3,diagnostic,MEX,GMI:GMI_ideal_aggregate,high,r4,-0.1152077105406859,-0.0366569988084,0.3181818181818182,False,False,PASS,baseline-official-v3,v1.0.1-official-4c,sectorial_displacement,,,,,,
official_4c_diagnostics_6b_baseline_official_v3,diagnostic,MEX,GMI:GMI_loaded_aggregate,high,r4,-0.0768051403604573,-0.0244379992056,0.3181818181818182,False,False,PASS,baseline-official-v3,v1.0.1-official-4c,sectorial_displacement,,,,,,
official_4c_diagnostics_6b_baseline_official_v3,diagnostic,MEX,MUT,high,r4,0.0316937036052539,0.0100843602380353,0.3181818181818182,False,False,PASS,baseline-official-v3,v1.0.1-official-4c,sectorial_displacement,,,,,,
official_4c_diagnostics_6b_baseline_official_v3,diagnostic,MEX,PBI,high,r4,0.0260347346835029,0.0082837792174781,0.3181818181818182,False,False,PASS,baseline-official-v3,v1.0.1-official-4c,sectorial_displacement,,,,,,
official_4c_diagnostics_6b_baseline_official_v3,diagnostic,MEX,UBI,high,r4,0.0106228469676518,0.0033799967624346,0.3181818181818182,False,False,PASS,baseline-official-v3,v1.0.1-official-4c,sectorial_displacement,,,,,,
official_4c_diagnostics_6b_baseline_official_v3,diagnostic,MEX,PEN,stress,r0,0.4837620644926618,0.1539242932476651,0.3181818181818182,False,False,PASS,baseline-official-v3,v1.0.1-official-4c,sectorial_displacement,,,,,,
official_4c_diagnostics_6b_baseline_official_v3,diagnostic,MEX,GMI:GMI_ideal_aggregate,stress,r0,0.5767419747201149,0.1835088101382184,0.3181818181818182,False,False,PASS,baseline-official-v3,v1.0.1-official-4c,sectorial_displacement,,,,,,
official_4c_diagnostics_6b_baseline_official_v3,diagnostic,MEX,GMI:GMI_loaded_aggregate,stress,r0,0.38449464981341,0.1223392067588123,0.3181818181818182,False,False,PASS,baseline-official-v3,v1.0.1-official-4c,sectorial_displacement,,,,,,
official_4c_diagnostics_6b_baseline_official_v3,diagnostic,MEX,MUT,stress,r0,0.2105529757706344,0.0669941286542927,0.3181818181818182,False,False,PASS,baseline-official-v3,v1.0.1-official-4c,sectorial_displacement,,,,,,
official_4c_diagnostics_6b_baseline_official_v3,diagnostic,MEX,PBI,stress,r0,0.1459000853244194,0.0464227544214061,0.3181818181818182,False,False,PASS,baseline-official-v3,v1.0.1-official-4c,sectorial_displacement,,,,,,
official_4c_diagnostics_6b_baseline_official_v3,diagnostic,MEX,UBI,stress,r0,0.0554135541004064,0.0176315853955838,0.3181818181818182,False,False,PASS,baseline-official-v3,v1.0.1-official-4c,sectorial_displacement,,,,,,
official_4c_diagnostics_6b_baseline_official_v3,diagnostic,MEX,PEN,stress,r1,0.4949543127310418,0.1574854631416951,0.3181818181818182,False,False,PASS,baseline-official-v3,v1.0.1-official-4c,sectorial_displacement,,,,,,
official_4c_diagnostics_6b_baseline_official_v3,diagnostic,MEX,GMI:GMI_ideal_aggregate,stress,r1,0.5970020503133129,0.1899551978269632,0.3181818181818182,False,False,PASS,baseline-official-v3,v1.0.1-official-4c,sectorial_displacement,,,,,,
official_4c_diagnostics_6b_baseline_official_v3,diagnostic,MEX,GMI:GMI_loaded_aggregate,stress,r1,0.398001366875542,0.1266367985513088,0.3181818181818182,False,False,PASS,baseline-official-v3,v1.0.1-official-4c,sectorial_displacement,,,,,,
official_4c_diagnostics_6b_baseline_official_v3,diagnostic,MEX,MUT,stress,r1,0.2148794787531854,0.0683707432396499,0.3181818181818182,False,False,PASS,baseline-official-v3,v1.0.1-official-4c,sectorial_displacement,,,,,,
official_4c_diagnostics_6b_baseline_official_v3,diagnostic,MEX,PBI,stress,r1,0.1487285479604358,0.0473227198055932,0.3181818181818182,False,False,PASS,baseline-official-v3,v1.0.1-official-4c,sectorial_displacement,,,,,,
official_4c_diagnostics_6b_baseline_official_v3,diagnostic,MEX,UBI,stress,r1,0.0564572353003394,0.0179636657773807,0.3181818181818182,False,False,PASS,baseline-official-v3,v1.0.1-official-4c,sectorial_displacement,,,,,,
official_4c_diagnostics_6b_baseline_official_v3,diagnostic,MEX,PEN,stress,r2,0.5214873067941956,0.1659277794345168,0.3181818181818182,False,False,PASS,baseline-official-v3,v1.0.1-official-4c,sectorial_displacement,,,,,,
official_4c_diagnostics_6b_baseline_official_v3,diagnostic,MEX,GMI:GMI_ideal_aggregate,stress,r2,0.6389411582299903,0.2032994594368151,0.3181818181818182,False,False,PASS,baseline-official-v3,v1.0.1-official-4c,sectorial_displacement,,,,,,
official_4c_diagnostics_6b_baseline_official_v3,diagnostic,MEX,GMI:GMI_loaded_aggregate,stress,r2,0.4259607721533269,0.1355329729578767,0.3181818181818182,False,False,PASS,baseline-official-v3,v1.0.1-official-4c,sectorial_displacement,,,,,,
official_4c_diagnostics_6b_baseline_official_v3,diagnostic,MEX,MUT,stress,r2,0.2256158903798548,0.0717868742117719,0.3181818181818182,False,False,PASS,baseline-official-v3,v1.0.1-official-4c,sectorial_displacement,,,,,,
official_4c_diagnostics_6b_baseline_official_v3,diagnostic,MEX,PBI,stress,r2,0.1559155910487823,0.0496095062427943,0.3181818181818182,False,False,PASS,baseline-official-v3,v1.0.1-official-4c,sectorial_displacement,,,,,,
official_4c_diagnostics_6b_baseline_official_v3,diagnostic,MEX,UBI,stress,r2,0.0591413382070068,0.0188176985204112,0.3181818181818182,False,False,PASS,baseline-official-v3,v1.0.1-official-4c,sectorial_displacement,,,,,,
official_4c_diagnostics_6b_baseline_official_v3,diagnostic,MEX,PEN,stress,r3,0.4745824374452791,0.1510035028234979,0.3181818181818182,False,False,PASS,baseline-official-v3,v1.0.1-official-4c,sectorial_displacement,,,,,,
official_4c_diagnostics_6b_baseline_official_v3,diagnostic,MEX,GMI:GMI_ideal_aggregate,stress,r3,0.56325995512481,0.1792190766306214,0.3181818181818182,False,False,PASS,baseline-official-v3,v1.0.1-official-4c,sectorial_displacement,,,,,,
official_4c_diagnostics_6b_baseline_official_v3,diagnostic,MEX,GMI:GMI_loaded_aggregate,stress,r3,0.3755066367498733,0.1194793844204142,0.3181818181818182,False,False,PASS,baseline-official-v3,v1.0.1-official-4c,sectorial_displacement,,,,,,
official_4c_diagnostics_6b_baseline_official_v3,diagnostic,MEX,MUT,stress,r3,0.2067575482065132,0.0657864926111633,0.3181818181818182,False,False,PASS,baseline-official-v3,v1.0.1-official-4c,sectorial_displacement,,,,,,
official_4c_diagnostics_6b_baseline_official_v3,diagnostic,MEX,PBI,stress,r3,0.1433323008456493,0.045605732087252,0.3181818181818182,False,False,PASS,baseline-official-v3,v1.0.1-official-4c,sectorial_displacement,,,,,,
official_4c_diagnostics_6b_baseline_official_v3,diagnostic,MEX,UBI,stress,r3,0.0544495193910942,0.0173248470789845,0.3181818181818182,False,False,PASS,baseline-official-v3,v1.0.1-official-4c,sectorial_displacement,,,,,,
official_4c_diagnostics_6b_baseline_official_v3,diagnostic,MEX,PEN,stress,r4,0.6248551190503272,0.1988175378796496,0.3181818181818182,False,False,PASS,baseline-official-v3,v1.0.1-official-4c,sectorial_displacement,,,,,,
official_4c_diagnostics_6b_baseline_official_v3,diagnostic,MEX,GMI:GMI_ideal_aggregate,stress,r4,0.804897604063947,0.2561037831112558,0.3181818181818182,False,False,PASS,baseline-official-v3,v1.0.1-official-4c,sectorial_displacement,,,,,,
official_4c_diagnostics_6b_baseline_official_v3,diagnostic,MEX,GMI:GMI_loaded_aggregate,stress,r4,0.536598402709298,0.1707358554075039,0.3181818181818182,False,False,PASS,baseline-official-v3,v1.0.1-official-4c,sectorial_displacement,,,,,,
official_4c_diagnostics_6b_baseline_official_v3,diagnostic,MEX,MUT,stress,r4,0.2672406641440399,0.0850311204094672,0.3181818181818182,False,False,PASS,baseline-official-v3,v1.0.1-official-4c,sectorial_displacement,,,,,,
official_4c_diagnostics_6b_baseline_official_v3,diagnostic,MEX,PBI,stress,r4,0.1837118258371391,0.0584537627663624,0.3181818181818182,False,False,PASS,baseline-official-v3,v1.0.1-official-4c,sectorial_displacement,,,,,,
official_4c_diagnostics_6b_baseline_official_v3,diagnostic,MEX,UBI,stress,r4,0.0695095871023483,0.0221166868052926,0.3181818181818182,False,False,PASS,baseline-official-v3,v1.0.1-official-4c,sectorial_displacement,,,,,,
official_4c_diagnostics_6b_baseline_official_v3,diagnostic,PER,PEN,stress,r4,,,,,,,baseline-official-v3,v1.0.1-official-4c,no_rent_capture,1.402956888234968,1.2734639699316452,-0.1294929183033226,False,,
official_4c_diagnostics_6b_baseline_official_v3,diagnostic,CHL,GMI:GMI_ideal_aggregate,mid,r0,,,,,,,baseline-official-v3,v1.0.1-official-4c,high_leakage,-0.6119963968804701,,0.0,,-0.6119963968804701,False
official_4c_diagnostics_6b_baseline_official_v3,diagnostic,PER,PEN,stress,r4,,,,,,,baseline-official-v3,v1.0.1-official-4c,high_leakage,1.402956888234968,,-0.0086116491835357,,1.3943452390514322,True
official_4c_diagnostics_6b_baseline_official_v3,diagnostic,CHL,GMI:GMI_ideal_aggregate,stress,r0,,,,,,,baseline-official-v3,v1.0.1-official-4c,high_leakage,3.901937871138183,,0.0,,3.901937871138183,True
