run_id,model_version,parameter_set_id,dataset_version,country_id,policy_id,policy_variant_id,gmi_version,requirement_basis,xi,scenario_id,regime_id,endpoint_year,required_revenue_gdp,g_ai_required,mfc_required_gross,historical_tax_class,historical_tax_borderline,historical_total_revenue_class,historical_total_revenue_borderline,realized_mfc_tax_class,realized_mfc_tax_borderline,realized_mfc_total_revenue_class,realized_mfc_total_revenue_borderline,t_required_H,tau_ai_required,q_prod_required,q_use_required,aipi_required,exposure_required,existence_condition_pass,impossibility_reason,flags,floor_driven_flag,epsilon_used
official_4c_tierA_baseline_official_v2,deterministic-engine-v1_official-runner,baseline-official-v2,v1.0.1-official-4c,PER,PEN,PEN,,debt_consistent,0.1,low,r0,2034,0.0149935903560728,0.1527380916651536,4.978497006668828,extreme_or_outside_historical_support,False,extreme_or_outside_historical_support,False,fiscally_ordinary,False,fiscally_ordinary,False,28.631010975097173,,,,,,False,frontier_exceeds_one;ai_rent_capture_impossible,frontier_exceeds_one;ai_rent_capture_impossible,False,1e-09
official_4c_tierA_baseline_official_v2,deterministic-engine-v1_official-runner,baseline-official-v2,v1.0.1-official-4c,PER,GMI,GMI:GMI_ideal_aggregate,GMI_ideal_aggregate,debt_consistent,0.1,low,r0,2034,0.0414233224139748,0.4219749283318471,13.754269774398924,extreme_or_outside_historical_support,False,extreme_or_outside_historical_support,False,fiscally_ordinary,False,fiscally_ordinary,False,71.66338154620878,,,,,,False,frontier_exceeds_one;ai_rent_capture_impossible,frontier_exceeds_one;ai_rent_capture_impossible,False,1e-09
official_4c_tierA_baseline_official_v2,deterministic-engine-v1_official-runner,baseline-official-v2,v1.0.1-official-4c,PER,GMI,GMI:GMI_loaded_aggregate,GMI_loaded_aggregate,debt_consistent,0.1,low,r0,2034,0.0567529675481189,0.5781363738621258,18.84435097584516,extreme_or_outside_historical_support,False,extreme_or_outside_historical_support,False,fiscally_ordinary,False,fiscally_ordinary,False,93.36254142667372,,,,,,False,frontier_exceeds_one;ai_rent_capture_impossible,frontier_exceeds_one;ai_rent_capture_impossible,False,1e-09
official_4c_tierA_baseline_official_v2,deterministic-engine-v1_official-runner,baseline-official-v2,v1.0.1-official-4c,PER,MUT,MUT,,debt_consistent,0.1,low,r0,2034,0.0670115033961786,0.6826389747402789,22.25061250490476,extreme_or_outside_historical_support,False,extreme_or_outside_historical_support,False,fiscally_ordinary,False,fiscally_ordinary,False,106.82804139900593,,,,,,False,frontier_exceeds_one;ai_rent_capture_impossible,frontier_exceeds_one;ai_rent_capture_impossible,False,1e-09
official_4c_tierA_baseline_official_v2,deterministic-engine-v1_official-runner,baseline-official-v2,v1.0.1-official-4c,PER,PBI,PBI,,debt_consistent,0.1,low,r0,2034,0.0956486321980771,0.9743623245248486,31.759333007068985,extreme_or_outside_historical_support,False,extreme_or_outside_historical_support,False,fiscally_ordinary,False,fiscally_ordinary,False,140.78316666498833,,,,,,False,frontier_exceeds_one;ai_rent_capture_impossible,frontier_exceeds_one;ai_rent_capture_impossible,False,1e-09
official_4c_tierA_baseline_official_v2,deterministic-engine-v1_official-runner,baseline-official-v2,v1.0.1-official-4c,PER,UBI,UBI,,debt_consistent,0.1,low,r0,2034,0.2427754737428212,2.473127628671224,80.61157738858073,extreme_or_outside_historical_support,False,extreme_or_outside_historical_support,False,fiscally_ordinary,False,fiscally_ordinary,False,265.17661757935406,,,,,,False,frontier_exceeds_one;ai_rent_capture_impossible,frontier_exceeds_one;ai_rent_capture_impossible,False,1e-09
official_4c_tierA_baseline_official_v2,deterministic-engine-v1_official-runner,baseline-official-v2,v1.0.1-official-4c,PER,PEN,PEN,,debt_consistent,0.1,low,r1,2034,0.0149695903560728,0.144797792323103,4.970528006227807,extreme_or_outside_historical_support,False,extreme_or_outside_historical_support,False,fiscally_ordinary,False,fiscally_ordinary,False,27.22929742193736,,,,,,False,frontier_exceeds_one;ai_rent_capture_impossible,frontier_exceeds_one;ai_rent_capture_impossible,False,1e-09
official_4c_tierA_baseline_official_v2,deterministic-engine-v1_official-runner,baseline-official-v2,v1.0.1-official-4c,PER,GMI,GMI:GMI_ideal_aggregate,GMI_ideal_aggregate,debt_consistent,0.1,low,r1,2034,0.0413733224139748,0.4001957036977432,13.737667690146791,extreme_or_outside_historical_support,False,extreme_or_outside_historical_support,False,fiscally_ordinary,False,fiscally_ordinary,False,68.46830081413734,,,,,,False,frontier_exceeds_one;ai_rent_capture_impossible,frontier_exceeds_one;ai_rent_capture_impossible,False,1e-09
official_4c_tierA_baseline_official_v2,deterministic-engine-v1_official-runner,baseline-official-v2,v1.0.1-official-4c,PER,GMI,GMI:GMI_loaded_aggregate,GMI_loaded_aggregate,debt_consistent,0.1,low,r1,2034,0.0567029675481189,0.5484762324044078,18.82774889159303,extreme_or_outside_historical_support,False,extreme_or_outside_historical_support,False,fiscally_ordinary,False,fiscally_ordinary,False,89.39451385161553,,,,,,False,frontier_exceeds_one;ai_rent_capture_impossible,frontier_exceeds_one;ai_rent_capture_impossible,False,1e-09
official_4c_tierA_baseline_official_v2,deterministic-engine-v1_official-runner,baseline-official-v2,v1.0.1-official-4c,PER,MUT,MUT,,debt_consistent,0.1,low,r1,2034,0.0669955033961786,0.6480338310263929,22.24529983794408,extreme_or_outside_historical_support,False,extreme_or_outside_historical_support,False,fiscally_ordinary,False,fiscally_ordinary,False,102.45451012129766,,,,,,False,frontier_exceeds_one;ai_rent_capture_impossible,frontier_exceeds_one;ai_rent_capture_impossible,False,1e-09
official_4c_tierA_baseline_official_v2,deterministic-engine-v1_official-runner,baseline-official-v2,v1.0.1-official-4c,PER,PBI,PBI,,debt_consistent,0.1,low,r1,2034,0.0956366321980771,0.9250736244683112,31.75534850684848,extreme_or_outside_historical_support,False,extreme_or_outside_historical_support,False,fiscally_ordinary,False,fiscally_ordinary,False,135.37783284034148,,,,,,False,frontier_exceeds_one;ai_rent_capture_impossible,frontier_exceeds_one;ai_rent_capture_impossible,False,1e-09
official_4c_tierA_baseline_official_v2,deterministic-engine-v1_official-runner,baseline-official-v2,v1.0.1-official-4c,PER,UBI,UBI,,debt_consistent,0.1,low,r1,2034,0.2427654737428212,2.348220880738557,80.6082569717303,extreme_or_outside_historical_support,False,extreme_or_outside_historical_support,False,fiscally_ordinary,False,fiscally_ordinary,False,256.89526671362626,,,,,,False,frontier_exceeds_one;ai_rent_capture_impossible,frontier_exceeds_one;ai_rent_capture_impossible,False,1e-09
official_4c_tierA_baseline_official_v2,deterministic-engine-v1_official-runner,baseline-official-v2,v1.0.1-official-4c,PER,PEN,PEN,,debt_consistent,0.1,low,r2,2034,0.0149695903560728,0.1385749102220488,4.970528006227807,extreme_or_outside_historical_support,False,extreme_or_outside_historical_support,False,fiscally_ordinary,False,fiscally_ordinary,False,26.124633018352878,,,,,,False,frontier_exceeds_one;ai_rent_capture_impossible,frontier_exceeds_one;ai_rent_capture_impossible,False,1e-09
official_4c_tierA_baseline_official_v2,deterministic-engine-v1_official-runner,baseline-official-v2,v1.0.1-official-4c,PER,GMI,GMI:GMI_ideal_aggregate,GMI_ideal_aggregate,debt_consistent,0.1,low,r2,2034,0.0413733224139748,0.3829967489243001,13.737667690146791,extreme_or_outside_historical_support,False,extreme_or_outside_historical_support,False,fiscally_ordinary,False,fiscally_ordinary,False,65.91339521160992,,,,,,False,frontier_exceeds_one;ai_rent_capture_impossible,frontier_exceeds_one;ai_rent_capture_impossible,False,1e-09
official_4c_tierA_baseline_official_v2,deterministic-engine-v1_official-runner,baseline-official-v2,v1.0.1-official-4c,PER,GMI,GMI:GMI_loaded_aggregate,GMI_loaded_aggregate,debt_consistent,0.1,low,r2,2034,0.0567029675481189,0.5249047201960795,18.82774889159303,extreme_or_outside_historical_support,False,extreme_or_outside_historical_support,False,fiscally_ordinary,False,fiscally_ordinary,False,86.19195616023062,,,,,,False,frontier_exceeds_one;ai_rent_capture_impossible,frontier_exceeds_one;ai_rent_capture_impossible,False,1e-09
official_4c_tierA_baseline_official_v2,deterministic-engine-v1_official-runner,baseline-official-v2,v1.0.1-official-4c,PER,MUT,MUT,,debt_consistent,0.1,low,r2,2034,0.0669955033961786,0.6201836955839047,22.24529983794408,extreme_or_outside_historical_support,False,extreme_or_outside_historical_support,False,fiscally_ordinary,False,fiscally_ordinary,False,98.87425947004826,,,,,,False,frontier_exceeds_one;ai_rent_capture_impossible,frontier_exceeds_one;ai_rent_capture_impossible,False,1e-09
official_4c_tierA_baseline_official_v2,deterministic-engine-v1_official-runner,baseline-official-v2,v1.0.1-official-4c,PER,PBI,PBI,,debt_consistent,0.1,low,r2,2034,0.0956366321980771,0.8853173270310148,31.75534850684848,extreme_or_outside_historical_support,False,extreme_or_outside_historical_support,False,fiscally_ordinary,False,fiscally_ordinary,False,130.92635911613937,,,,,,False,frontier_exceeds_one;ai_rent_capture_impossible,frontier_exceeds_one;ai_rent_capture_impossible,False,1e-09
official_4c_tierA_baseline_official_v2,deterministic-engine-v1_official-runner,baseline-official-v2,v1.0.1-official-4c,PER,UBI,UBI,,debt_consistent,0.1,low,r2,2034,0.2427654737428212,2.2473028939818067,80.6082569717303,extreme_or_outside_historical_support,False,extreme_or_outside_historical_support,False,fiscally_ordinary,False,fiscally_ordinary,False,249.9987437045448,,,,,,False,frontier_exceeds_one;ai_rent_capture_impossible,frontier_exceeds_one;ai_rent_capture_impossible,False,1e-09
official_4c_tierA_baseline_official_v2,deterministic-engine-v1_official-runner,baseline-official-v2,v1.0.1-official-4c,PER,PEN,PEN,,debt_consistent,0.1,low,r3,2034,0.0149839903560728,0.1587650317663828,4.97530940649242,extreme_or_outside_historical_support,False,extreme_or_outside_historical_support,False,fiscally_ordinary,False,fiscally_ordinary,False,29.689166910489,,,,,,False,frontier_exceeds_one;ai_rent_capture_impossible,frontier_exceeds_one;ai_rent_capture_impossible,False,1e-09
official_4c_tierA_baseline_official_v2,deterministic-engine-v1_official-runner,baseline-official-v2,v1.0.1-official-4c,PER,GMI,GMI:GMI_ideal_aggregate,GMI_ideal_aggregate,debt_consistent,0.1,low,r3,2034,0.0414033224139748,0.4386948764702315,13.747628940698071,extreme_or_outside_historical_support,False,extreme_or_outside_historical_support,False,fiscally_ordinary,False,fiscally_ordinary,False,74.08650302592673,,,,,,False,frontier_exceeds_one;ai_rent_capture_impossible,frontier_exceeds_one;ai_rent_capture_impossible,False,1e-09
official_4c_tierA_baseline_official_v2,deterministic-engine-v1_official-runner,baseline-official-v2,v1.0.1-official-4c,PER,GMI,GMI:GMI_loaded_aggregate,GMI_loaded_aggregate,debt_consistent,0.1,low,r3,2034,0.0567329675481189,0.6011223433100892,18.837710142144307,extreme_or_outside_historical_support,False,extreme_or_outside_historical_support,False,fiscally_ordinary,False,fiscally_ordinary,False,96.39177668671768,,,,,,False,frontier_exceeds_one;ai_rent_capture_impossible,frontier_exceeds_one;ai_rent_capture_impossible,False,1e-09
official_4c_tierA_baseline_official_v2,deterministic-engine-v1_official-runner,baseline-official-v2,v1.0.1-official-4c,PER,MUT,MUT,,debt_consistent,0.1,low,r3,2034,0.0670051033961786,0.7099622407920592,22.24848743812049,extreme_or_outside_historical_support,False,extreme_or_outside_historical_support,False,fiscally_ordinary,False,fiscally_ordinary,False,110.22443566737842,,,,,,False,frontier_exceeds_one;ai_rent_capture_impossible,frontier_exceeds_one;ai_rent_capture_impossible,False,1e-09
official_4c_tierA_baseline_official_v2,deterministic-engine-v1_official-runner,baseline-official-v2,v1.0.1-official-4c,PER,PBI,PBI,,debt_consistent,0.1,low,r3,2034,0.0956438321980771,1.0134080239201473,31.75773920698078,extreme_or_outside_historical_support,False,extreme_or_outside_historical_support,False,fiscally_ordinary,False,fiscally_ordinary,False,144.9796445536213,,,,,,False,frontier_exceeds_one;ai_rent_capture_impossible,frontier_exceeds_one;ai_rent_capture_impossible,False,1e-09
official_4c_tierA_baseline_official_v2,deterministic-engine-v1_official-runner,baseline-official-v2,v1.0.1-official-4c,PER,UBI,UBI,,debt_consistent,0.1,low,r3,2034,0.2427714737428212,2.5723201780578644,80.61024922184055,extreme_or_outside_historical_support,False,extreme_or_outside_historical_support,False,fiscally_ordinary,False,fiscally_ordinary,False,271.5642929775084,,,,,,False,frontier_exceeds_one;ai_rent_capture_impossible,frontier_exceeds_one;ai_rent_capture_impossible,False,1e-09
official_4c_tierA_baseline_official_v2,deterministic-engine-v1_official-runner,baseline-official-v2,v1.0.1-official-4c,PER,PEN,PEN,,debt_consistent,0.1,low,r4,2034,0.0149455903560728,0.1274204909531568,4.962559005786783,extreme_or_outside_historical_support,False,extreme_or_outside_historical_support,False,fiscally_ordinary,False,fiscally_ordinary,False,24.130868633271067,,,,,,False,frontier_exceeds_one;ai_rent_capture_impossible,frontier_exceeds_one;ai_rent_capture_impossible,False,1e-09
official_4c_tierA_baseline_official_v2,deterministic-engine-v1_official-runner,baseline-official-v2,v1.0.1-official-4c,PER,GMI,GMI:GMI_ideal_aggregate,GMI_ideal_aggregate,debt_consistent,0.1,low,r4,2034,0.0413233224139748,0.3523071290164705,13.721065605894662,extreme_or_outside_historical_support,False,extreme_or_outside_historical_support,False,fiscally_ordinary,False,fiscally_ordinary,False,61.282562841188245,,,,,,False,frontier_exceeds_one;ai_rent_capture_impossible,frontier_exceeds_one;ai_rent_capture_impossible,False,1e-09
official_4c_tierA_baseline_official_v2,deterministic-engine-v1_official-runner,baseline-official-v2,v1.0.1-official-4c,PER,GMI,GMI:GMI_loaded_aggregate,GMI_loaded_aggregate,debt_consistent,0.1,low,r4,2034,0.0566529675481189,0.4830019267858091,18.811146807340897,extreme_or_outside_historical_support,False,extreme_or_outside_historical_support,False,fiscally_ordinary,False,fiscally_ordinary,False,80.38717205085219,,,,,,False,frontier_exceeds_one;ai_rent_capture_impossible,frontier_exceeds_one;ai_rent_capture_impossible,False,1e-09
official_4c_tierA_baseline_official_v2,deterministic-engine-v1_official-runner,baseline-official-v2,v1.0.1-official-4c,PER,MUT,MUT,,debt_consistent,0.1,low,r4,2034,0.0669795033961786,0.5710420935678785,22.2399871709834,extreme_or_outside_historical_support,False,extreme_or_outside_historical_support,False,fiscally_ordinary,False,fiscally_ordinary,False,92.41959196406,,,,,,False,frontier_exceeds_one;ai_rent_capture_impossible,frontier_exceeds_one;ai_rent_capture_impossible,False,1e-09
official_4c_tierA_baseline_official_v2,deterministic-engine-v1_official-runner,baseline-official-v2,v1.0.1-official-4c,PER,PBI,PBI,,debt_consistent,0.1,low,r4,2034,0.0956246321980771,0.8152597048093929,31.751364006627963,extreme_or_outside_historical_support,False,extreme_or_outside_historical_support,False,fiscally_ordinary,False,fiscally_ordinary,False,122.87231046799828,,,,,,False,frontier_exceeds_one;ai_rent_capture_impossible,frontier_exceeds_one;ai_rent_capture_impossible,False,1e-09
official_4c_tierA_baseline_official_v2,deterministic-engine-v1_official-runner,baseline-official-v2,v1.0.1-official-4c,PER,UBI,UBI,,debt_consistent,0.1,low,r4,2034,0.2427554737428212,2.069642008708467,80.60493655487987,extreme_or_outside_historical_support,False,extreme_or_outside_historical_support,False,fiscally_ordinary,False,fiscally_ordinary,False,237.3749360139329,,,,,,False,frontier_exceeds_one;ai_rent_capture_impossible,frontier_exceeds_one;ai_rent_capture_impossible,False,1e-09
official_4c_tierA_baseline_official_v2,deterministic-engine-v1_official-runner,baseline-official-v2,v1.0.1-official-4c,PER,PEN,PEN,,debt_consistent,0.1,mid,r0,2034,0.0149935903560728,0.1769546915535554,0.5797833371671834,extreme_or_outside_historical_support,False,extreme_or_outside_historical_support,False,fiscally_ordinary,False,fiscally_ordinary,False,3.8650561285908656,16.501736587888924,,,,,False,frontier_exceeds_one;ai_rent_capture_impossible,frontier_exceeds_one;ai_rent_capture_impossible,False,1e-09
official_4c_tierA_baseline_official_v2,deterministic-engine-v1_official-runner,baseline-official-v2,v1.0.1-official-4c,PER,GMI,GMI:GMI_ideal_aggregate,GMI_ideal_aggregate,debt_consistent,0.1,mid,r0,2034,0.0414233224139748,0.4888789854072226,1.6017879330682898,extreme_or_outside_historical_support,False,extreme_or_outside_historical_support,False,fiscally_ordinary,False,fiscally_ordinary,False,9.554135525357156,50.568556451259134,,,,,False,frontier_exceeds_one;ai_rent_capture_impossible,frontier_exceeds_one;ai_rent_capture_impossible,False,1e-09
official_4c_tierA_baseline_official_v2,deterministic-engine-v1_official-runner,baseline-official-v2,v1.0.1-official-4c,PER,GMI,GMI:GMI_loaded_aggregate,GMI_loaded_aggregate,debt_consistent,0.1,mid,r0,2034,0.0567529675481189,0.6697998030310837,2.1945660870921464,extreme_or_outside_historical_support,False,extreme_or_outside_historical_support,False,fiscally_ordinary,False,fiscally_ordinary,False,12.378224137940215,70.32782825205436,,,,,False,frontier_exceeds_one;ai_rent_capture_impossible,frontier_exceeds_one;ai_rent_capture_impossible,False,1e-09
official_4c_tierA_baseline_official_v2,deterministic-engine-v1_official-runner,baseline-official-v2,v1.0.1-official-4c,PER,MUT,MUT,,debt_consistent,0.1,mid,r0,2034,0.0670115033961786,0.7908712744848335,2.591250804173818,extreme_or_outside_historical_support,False,extreme_or_outside_historical_support,False,fiscally_ordinary,False,fiscally_ordinary,False,14.117975427410268,83.55065215477674,,,,,False,frontier_exceeds_one;ai_rent_capture_impossible,frontier_exceeds_one;ai_rent_capture_impossible,False,1e-09
official_4c_tierA_baseline_official_v2,deterministic-engine-v1_official-runner,baseline-official-v2,v1.0.1-official-4c,PER,PBI,PBI,,debt_consistent,0.1,mid,r0,2034,0.0956486321980771,1.1288473144976194,3.698612664098607,extreme_or_outside_historical_support,False,extreme_or_outside_historical_support,False,fiscally_ordinary,False,fiscally_ordinary,False,18.467258810000214,120.46271415226973,,,,,False,frontier_exceeds_one;ai_rent_capture_impossible,frontier_exceeds_one;ai_rent_capture_impossible,False,1e-09
official_4c_tierA_baseline_official_v2,deterministic-engine-v1_official-runner,baseline-official-v2,v1.0.1-official-4c,PER,UBI,UBI,,debt_consistent,0.1,mid,r0,2034,0.2427754737428212,2.8652416167638664,9.387823130164833,extreme_or_outside_historical_support,False,extreme_or_outside_historical_support,False,fiscally_ordinary,False,fiscally_ordinary,False,34.06317276807177,310.10306302114384,,,,,False,frontier_exceeds_one;ai_rent_capture_impossible,frontier_exceeds_one;ai_rent_capture_impossible,False,1e-09
official_4c_tierA_baseline_official_v2,deterministic-engine-v1_official-runner,baseline-official-v2,v1.0.1-official-4c,PER,PEN,PEN,,debt_consistent,0.1,mid,r1,2034,0.0149695903560728,0.1674657099046527,0.5788552872630872,extreme_or_outside_historical_support,False,extreme_or_outside_historical_support,False,fiscally_ordinary,False,fiscally_ordinary,False,3.671535280929904,16.315543304192648,,,,,False,frontier_exceeds_one;ai_rent_capture_impossible,frontier_exceeds_one;ai_rent_capture_impossible,False,1e-09
official_4c_tierA_baseline_official_v2,deterministic-engine-v1_official-runner,baseline-official-v2,v1.0.1-official-4c,PER,GMI,GMI:GMI_ideal_aggregate,GMI_ideal_aggregate,debt_consistent,0.1,mid,r1,2034,0.0413733224139748,0.4628458524491019,1.5998544957680891,extreme_or_outside_historical_support,False,extreme_or_outside_historical_support,False,fiscally_ordinary,False,fiscally_ordinary,False,9.122610637973668,50.34885025435938,,,,,False,frontier_exceeds_one;ai_rent_capture_impossible,frontier_exceeds_one;ai_rent_capture_impossible,False,1e-09
official_4c_tierA_baseline_official_v2,deterministic-engine-v1_official-runner,baseline-official-v2,v1.0.1-official-4c,PER,GMI,GMI:GMI_loaded_aggregate,GMI_loaded_aggregate,debt_consistent,0.1,mid,r1,2034,0.0567029675481189,0.6343395168655366,2.192632649791946,extreme_or_outside_historical_support,False,extreme_or_outside_historical_support,False,fiscally_ordinary,False,fiscally_ordinary,False,11.847166031365948,70.10812205515462,,,,,False,frontier_exceeds_one;ai_rent_capture_impossible,frontier_exceeds_one;ai_rent_capture_impossible,False,1e-09
official_4c_tierA_baseline_official_v2,deterministic-engine-v1_official-runner,baseline-official-v2,v1.0.1-official-4c,PER,MUT,MUT,,debt_consistent,0.1,mid,r1,2034,0.0669955033961786,0.7494827359861023,2.5906321042377534,extreme_or_outside_historical_support,False,extreme_or_outside_historical_support,False,fiscally_ordinary,False,fiscally_ordinary,False,13.535479286578743,83.37477053668152,,,,,False,frontier_exceeds_one;ai_rent_capture_impossible,frontier_exceeds_one;ai_rent_capture_impossible,False,1e-09
official_4c_tierA_baseline_official_v2,deterministic-engine-v1_official-runner,baseline-official-v2,v1.0.1-official-4c,PER,PBI,PBI,,debt_consistent,0.1,mid,r1,2034,0.0956366321980771,1.0698927708094494,3.69814863914656,extreme_or_outside_historical_support,False,extreme_or_outside_historical_support,False,fiscally_ordinary,False,fiscally_ordinary,False,17.755598639802756,120.29198836697506,,,,,False,frontier_exceeds_one;ai_rent_capture_impossible,frontier_exceeds_one;ai_rent_capture_impossible,False,1e-09
official_4c_tierA_baseline_official_v2,deterministic-engine-v1_official-runner,baseline-official-v2,v1.0.1-official-4c,PER,UBI,UBI,,debt_consistent,0.1,mid,r1,2034,0.2427654737428212,2.715831992302189,9.38743644270479,extreme_or_outside_historical_support,False,extreme_or_outside_historical_support,False,fiscally_ordinary,False,fiscally_ordinary,False,33.003413845923646,309.9349151522494,,,,,False,frontier_exceeds_one;ai_rent_capture_impossible,frontier_exceeds_one;ai_rent_capture_impossible,False,1e-09
official_4c_tierA_baseline_official_v2,deterministic-engine-v1_official-runner,baseline-official-v2,v1.0.1-official-4c,PER,PEN,PEN,,debt_consistent,0.1,mid,r2,2034,0.0149695903560728,0.1600766988466565,0.5788552872630872,extreme_or_outside_historical_support,False,extreme_or_outside_historical_support,False,fiscally_ordinary,False,fiscally_ordinary,False,3.519858959427942,16.17800585567193,,,,,False,frontier_exceeds_one;ai_rent_capture_impossible,frontier_exceeds_one;ai_rent_capture_impossible,False,1e-09
official_4c_tierA_baseline_official_v2,deterministic-engine-v1_official-runner,baseline-official-v2,v1.0.1-official-4c,PER,GMI,GMI:GMI_ideal_aggregate,GMI_ideal_aggregate,debt_consistent,0.1,mid,r2,2034,0.0413733224139748,0.4424239217515205,1.5998544957680891,extreme_or_outside_historical_support,False,extreme_or_outside_historical_support,False,fiscally_ordinary,False,fiscally_ordinary,False,8.779232089255832,50.21131280583866,,,,,False,frontier_exceeds_one;ai_rent_capture_impossible,frontier_exceeds_one;ai_rent_capture_impossible,False,1e-09
official_4c_tierA_baseline_official_v2,deterministic-engine-v1_official-runner,baseline-official-v2,v1.0.1-official-4c,PER,GMI,GMI:GMI_loaded_aggregate,GMI_loaded_aggregate,debt_consistent,0.1,mid,r2,2034,0.0567029675481189,0.6063508515601911,2.192632649791946,extreme_or_outside_historical_support,False,extreme_or_outside_historical_support,False,fiscally_ordinary,False,fiscally_ordinary,False,11.420630020382037,69.9705846066339,,,,,False,frontier_exceeds_one;ai_rent_capture_impossible,frontier_exceeds_one;ai_rent_capture_impossible,False,1e-09
official_4c_tierA_baseline_official_v2,deterministic-engine-v1_official-runner,baseline-official-v2,v1.0.1-official-4c,PER,MUT,MUT,,debt_consistent,0.1,mid,r2,2034,0.0669955033961786,0.716413660369777,2.5906321042377534,extreme_or_outside_historical_support,False,extreme_or_outside_historical_support,False,fiscally_ordinary,False,fiscally_ordinary,False,13.06108727118558,83.2372330881608,,,,,False,frontier_exceeds_one;ai_rent_capture_impossible,frontier_exceeds_one;ai_rent_capture_impossible,False,1e-09
official_4c_tierA_baseline_official_v2,deterministic-engine-v1_official-runner,baseline-official-v2,v1.0.1-official-4c,PER,PBI,PBI,,debt_consistent,0.1,mid,r2,2034,0.0956366321980771,1.0226863933433867,3.69814863914656,extreme_or_outside_historical_support,False,extreme_or_outside_historical_support,False,fiscally_ordinary,False,fiscally_ordinary,False,17.17247878438626,120.15445091845434,,,,,False,frontier_exceeds_one;ai_rent_capture_impossible,frontier_exceeds_one;ai_rent_capture_impossible,False,1e-09
official_4c_tierA_baseline_official_v2,deterministic-engine-v1_official-runner,baseline-official-v2,v1.0.1-official-4c,PER,UBI,UBI,,debt_consistent,0.1,mid,r2,2034,0.2427654737428212,2.5960026097127256,9.38743644270479,extreme_or_outside_historical_support,False,extreme_or_outside_historical_support,False,fiscally_ordinary,False,fiscally_ordinary,False,32.12538069832355,309.7973777037287,,,,,False,frontier_exceeds_one;ai_rent_capture_impossible,frontier_exceeds_one;ai_rent_capture_impossible,False,1e-09
official_4c_tierA_baseline_official_v2,deterministic-engine-v1_official-runner,baseline-official-v2,v1.0.1-official-4c,PER,PEN,PEN,,debt_consistent,0.1,mid,r3,2034,0.0149839903560728,0.1803959398916242,0.579412117205545,extreme_or_outside_historical_support,False,extreme_or_outside_historical_support,False,fiscally_ordinary,False,fiscally_ordinary,False,3.934891038747333,16.59501447678733,,,,,False,frontier_exceeds_one;ai_rent_capture_impossible,frontier_exceeds_one;ai_rent_capture_impossible,False,1e-09
official_4c_tierA_baseline_official_v2,deterministic-engine-v1_official-runner,baseline-official-v2,v1.0.1-official-4c,PER,GMI,GMI:GMI_ideal_aggregate,GMI_ideal_aggregate,debt_consistent,0.1,mid,r3,2034,0.0414033224139748,0.4984647669956528,1.6010145581482096,extreme_or_outside_historical_support,False,extreme_or_outside_historical_support,False,fiscally_ordinary,False,fiscally_ordinary,False,9.711320196305284,50.64842917487616,,,,,False,frontier_exceeds_one;ai_rent_capture_impossible,frontier_exceeds_one;ai_rent_capture_impossible,False,1e-09
official_4c_tierA_baseline_official_v2,deterministic-engine-v1_official-runner,baseline-official-v2,v1.0.1-official-4c,PER,GMI,GMI:GMI_loaded_aggregate,GMI_loaded_aggregate,debt_consistent,0.1,mid,r3,2034,0.0567329675481189,0.683022129651603,2.1937927121720664,extreme_or_outside_historical_support,False,extreme_or_outside_historical_support,False,fiscally_ordinary,False,fiscally_ordinary,False,12.57364837813146,70.40770097567139,,,,,False,frontier_exceeds_one;ai_rent_capture_impossible,frontier_exceeds_one;ai_rent_capture_impossible,False,1e-09
official_4c_tierA_baseline_official_v2,deterministic-engine-v1_official-runner,baseline-official-v2,v1.0.1-official-4c,PER,MUT,MUT,,debt_consistent,0.1,mid,r3,2034,0.0670051033961786,0.8066908959127981,2.591003324199392,extreme_or_outside_historical_support,False,extreme_or_outside_historical_support,False,fiscally_ordinary,False,fiscally_ordinary,False,14.337422134667012,83.64805470991557,,,,,False,frontier_exceeds_one;ai_rent_capture_impossible,frontier_exceeds_one;ai_rent_capture_impossible,False,1e-09
official_4c_tierA_baseline_official_v2,deterministic-engine-v1_official-runner,baseline-official-v2,v1.0.1-official-4c,PER,PBI,PBI,,debt_consistent,0.1,mid,r3,2034,0.0956438321980771,1.151479585490803,3.698427054117788,extreme_or_outside_historical_support,False,extreme_or_outside_historical_support,False,fiscally_ordinary,False,fiscally_ordinary,False,18.7357564152122,120.56217904052876,,,,,False,frontier_exceeds_one;ai_rent_capture_impossible,frontier_exceeds_one;ai_rent_capture_impossible,False,1e-09
official_4c_tierA_baseline_official_v2,deterministic-engine-v1_official-runner,baseline-official-v2,v1.0.1-official-4c,PER,UBI,UBI,,debt_consistent,0.1,mid,r3,2034,0.2427714737428212,2.922785395878305,9.387668455180814,extreme_or_outside_historical_support,False,extreme_or_outside_historical_support,False,fiscally_ordinary,False,fiscally_ordinary,False,34.46151696928396,310.2035590759629,,,,,False,frontier_exceeds_one;ai_rent_capture_impossible,frontier_exceeds_one;ai_rent_capture_impossible,False,1e-09
official_4c_tierA_baseline_official_v2,deterministic-engine-v1_official-runner,baseline-official-v2,v1.0.1-official-4c,PER,PEN,PEN,,debt_consistent,0.1,mid,r4,2034,0.0149455903560728,0.1435907128332082,0.5779272373589909,extreme_or_outside_historical_support,False,extreme_or_outside_historical_support,False,fiscally_ordinary,False,fiscally_ordinary,False,3.1782875345612407,15.874752617709207,,,,,False,frontier_exceeds_one;ai_rent_capture_impossible,frontier_exceeds_one;ai_rent_capture_impossible,False,1e-09
official_4c_tierA_baseline_official_v2,deterministic-engine-v1_official-runner,baseline-official-v2,v1.0.1-official-4c,PER,GMI,GMI:GMI_ideal_aggregate,GMI_ideal_aggregate,debt_consistent,0.1,mid,r4,2034,0.0413233224139748,0.3970164564056937,1.597921058467889,extreme_or_outside_historical_support,False,extreme_or_outside_historical_support,False,fiscally_ordinary,False,fiscally_ordinary,False,7.999783447919889,49.874546654672464,,,,,False,frontier_exceeds_one;ai_rent_capture_impossible,frontier_exceeds_one;ai_rent_capture_impossible,False,1e-09
official_4c_tierA_baseline_official_v2,deterministic-engine-v1_official-runner,baseline-official-v2,v1.0.1-official-4c,PER,GMI,GMI:GMI_loaded_aggregate,GMI_loaded_aggregate,debt_consistent,0.1,mid,r4,2034,0.0566529675481189,0.5442970000208522,2.190699212491745,extreme_or_outside_historical_support,False,extreme_or_outside_historical_support,False,fiscally_ordinary,False,fiscally_ordinary,False,10.450578162238545,69.63381845546769,,,,,False,frontier_exceeds_one;ai_rent_capture_impossible,frontier_exceeds_one;ai_rent_capture_impossible,False,1e-09
official_4c_tierA_baseline_official_v2,deterministic-engine-v1_official-runner,baseline-official-v2,v1.0.1-official-4c,PER,MUT,MUT,,debt_consistent,0.1,mid,r4,2034,0.0669795033961786,0.6435098519854497,2.59001340430169,extreme_or_outside_historical_support,False,extreme_or_outside_historical_support,False,fiscally_ordinary,False,fiscally_ordinary,False,11.985488951513362,82.94429151579918,,,,,False,frontier_exceeds_one;ai_rent_capture_impossible,frontier_exceeds_one;ai_rent_capture_impossible,False,1e-09
official_4c_tierA_baseline_official_v2,deterministic-engine-v1_official-runner,baseline-official-v2,v1.0.1-official-4c,PER,PBI,PBI,,debt_consistent,0.1,mid,r4,2034,0.0956246321980771,0.9187197544295088,3.697684614194511,extreme_or_outside_historical_support,False,extreme_or_outside_historical_support,False,fiscally_ordinary,False,fiscally_ordinary,False,15.843762838613507,119.8666651788932,,,,,False,frontier_exceeds_one;ai_rent_capture_impossible,frontier_exceeds_one;ai_rent_capture_impossible,False,1e-09
official_4c_tierA_baseline_official_v2,deterministic-engine-v1_official-runner,baseline-official-v2,v1.0.1-official-4c,PER,UBI,UBI,,debt_consistent,0.1,mid,r4,2034,0.2427554737428212,2.332288701110511,9.38704975524475,extreme_or_outside_historical_support,False,extreme_or_outside_historical_support,False,fiscally_ordinary,False,fiscally_ordinary,False,30.09635750415469,309.51216988056785,,,,,False,frontier_exceeds_one;ai_rent_capture_impossible,frontier_exceeds_one;ai_rent_capture_impossible,False,1e-09
official_4c_tierA_baseline_official_v2,deterministic-engine-v1_official-runner,baseline-official-v2,v1.0.1-official-4c,PER,PEN,PEN,,debt_consistent,0.1,high,r0,2034,0.0149935903560728,0.1809224160641637,0.6490087384358459,extreme_or_outside_historical_support,False,extreme_or_outside_historical_support,False,fiscally_ordinary,False,fiscally_ordinary,False,4.411281951705173,9.435594998555434,,,,,False,frontier_exceeds_one;ai_rent_capture_impossible,frontier_exceeds_one;ai_rent_capture_impossible,False,1e-09
official_4c_tierA_baseline_official_v2,deterministic-engine-v1_official-runner,baseline-official-v2,v1.0.1-official-4c,PER,GMI,GMI:GMI_ideal_aggregate,GMI_ideal_aggregate,debt_consistent,0.1,high,r0,2034,0.0414233224139748,0.4998407582547908,1.793039397720127,extreme_or_outside_historical_support,False,extreme_or_outside_historical_support,False,fiscally_ordinary,False,fiscally_ordinary,False,10.88276129120202,28.50277265329345,,,,,False,frontier_exceeds_one;ai_rent_capture_impossible,frontier_exceeds_one;ai_rent_capture_impossible,False,1e-09
official_4c_tierA_baseline_official_v2,deterministic-engine-v1_official-runner,baseline-official-v2,v1.0.1-official-4c,PER,GMI,GMI:GMI_loaded_aggregate,GMI_loaded_aggregate,debt_consistent,0.1,high,r0,2034,0.0567529675481189,0.6848182299083543,2.4565945178018507,extreme_or_outside_historical_support,False,extreme_or_outside_historical_support,False,fiscally_ordinary,False,fiscally_ordinary,False,14.087367922214884,39.56202465465551,,,,,False,frontier_exceeds_one;ai_rent_capture_impossible,frontier_exceeds_one;ai_rent_capture_impossible,False,1e-09
official_4c_tierA_baseline_official_v2,deterministic-engine-v1_official-runner,baseline-official-v2,v1.0.1-official-4c,PER,MUT,MUT,,debt_consistent,0.1,high,r0,2034,0.0670115033961786,0.8086043976530306,2.900642891195718,extreme_or_outside_historical_support,False,extreme_or_outside_historical_support,False,fiscally_ordinary,False,fiscally_ordinary,False,16.05931812185276,46.96283087788664,,,,,False,frontier_exceeds_one;ai_rent_capture_impossible,frontier_exceeds_one;ai_rent_capture_impossible,False,1e-09
official_4c_tierA_baseline_official_v2,deterministic-engine-v1_official-runner,baseline-official-v2,v1.0.1-official-4c,PER,PBI,PBI,,debt_consistent,0.1,high,r0,2034,0.0956486321980771,1.154158625088732,4.140222364474927,extreme_or_outside_historical_support,False,extreme_or_outside_historical_support,False,fiscally_ordinary,False,fiscally_ordinary,False,20.982620106228712,67.62248876587346,,,,,False,frontier_exceeds_one;ai_rent_capture_impossible,frontier_exceeds_one;ai_rent_capture_impossible,False,1e-09
official_4c_tierA_baseline_official_v2,deterministic-engine-v1_official-runner,baseline-official-v2,v1.0.1-official-4c,PER,UBI,UBI,,debt_consistent,0.1,high,r0,2034,0.2427754737428212,2.929486815870149,10.50871740491267,extreme_or_outside_historical_support,False,extreme_or_outside_historical_support,False,fiscally_ordinary,False,fiscally_ordinary,False,38.580743902935446,173.76407277316918,,,,,False,frontier_exceeds_one;ai_rent_capture_impossible,frontier_exceeds_one;ai_rent_capture_impossible,False,1e-09
official_4c_tierA_baseline_official_v2,deterministic-engine-v1_official-runner,baseline-official-v2,v1.0.1-official-4c,PER,PEN,PEN,,debt_consistent,0.1,high,r1,2034,0.0149695903560728,0.1712421487352126,0.6479698805404018,extreme_or_outside_historical_support,False,extreme_or_outside_historical_support,False,fiscally_ordinary,False,fiscally_ordinary,False,4.191210926972939,9.342536773446646,,,,,False,frontier_exceeds_one;ai_rent_capture_impossible,frontier_exceeds_one;ai_rent_capture_impossible,False,1e-09
official_4c_tierA_baseline_official_v2,deterministic-engine-v1_official-runner,baseline-official-v2,v1.0.1-official-4c,PER,GMI,GMI:GMI_ideal_aggregate,GMI_ideal_aggregate,debt_consistent,0.1,high,r1,2034,0.0413733224139748,0.4732832670741471,1.790875110437952,extreme_or_outside_historical_support,False,extreme_or_outside_historical_support,False,fiscally_ordinary,False,fiscally_ordinary,False,10.393771773284213,28.390957271739147,,,,,False,frontier_exceeds_one;ai_rent_capture_impossible,frontier_exceeds_one;ai_rent_capture_impossible,False,1e-09
official_4c_tierA_baseline_official_v2,deterministic-engine-v1_official-runner,baseline-official-v2,v1.0.1-official-4c,PER,GMI,GMI:GMI_loaded_aggregate,GMI_loaded_aggregate,debt_consistent,0.1,high,r1,2034,0.0567029675481189,0.6486442027896792,2.454430230519676,extreme_or_outside_historical_support,False,extreme_or_outside_historical_support,False,fiscally_ordinary,False,fiscally_ordinary,False,13.486471277621783,39.450209273101216,,,,,False,frontier_exceeds_one;ai_rent_capture_impossible,frontier_exceeds_one;ai_rent_capture_impossible,False,1e-09
official_4c_tierA_baseline_official_v2,deterministic-engine-v1_official-runner,baseline-official-v2,v1.0.1-official-4c,PER,MUT,MUT,,debt_consistent,0.1,high,r1,2034,0.0669955033961786,0.7663839613690401,2.8999503192654217,extreme_or_outside_historical_support,False,extreme_or_outside_historical_support,False,fiscally_ordinary,False,fiscally_ordinary,False,15.400770533701726,46.87554408553032,,,,,False,frontier_exceeds_one;ai_rent_capture_impossible,frontier_exceeds_one;ai_rent_capture_impossible,False,1e-09
official_4c_tierA_baseline_official_v2,deterministic-engine-v1_official-runner,baseline-official-v2,v1.0.1-official-4c,PER,PBI,PBI,,debt_consistent,0.1,high,r1,2034,0.0956366321980771,1.0940194090718172,4.139702935527206,extreme_or_outside_historical_support,False,extreme_or_outside_historical_support,False,fiscally_ordinary,False,fiscally_ordinary,False,20.179474140063107,67.53808768989337,,,,,False,frontier_exceeds_one;ai_rent_capture_impossible,frontier_exceeds_one;ai_rent_capture_impossible,False,1e-09
official_4c_tierA_baseline_official_v2,deterministic-engine-v1_official-runner,baseline-official-v2,v1.0.1-official-4c,PER,UBI,UBI,,debt_consistent,0.1,high,r1,2034,0.2427654737428212,2.7770754157997293,10.508284547456231,extreme_or_outside_historical_support,False,extreme_or_outside_historical_support,False,fiscally_ordinary,False,fiscally_ordinary,False,37.38981564042521,173.68111455537718,,,,,False,frontier_exceeds_one;ai_rent_capture_impossible,frontier_exceeds_one;ai_rent_capture_impossible,False,1e-09
official_4c_tierA_baseline_official_v2,deterministic-engine-v1_official-runner,baseline-official-v2,v1.0.1-official-4c,PER,PEN,PEN,,debt_consistent,0.1,high,r2,2034,0.0149695903560728,0.1636801632598394,0.6479698805404018,extreme_or_outside_historical_support,False,extreme_or_outside_historical_support,False,fiscally_ordinary,False,fiscally_ordinary,False,4.018155072280778,9.275225503210454,,,,,False,frontier_exceeds_one;ai_rent_capture_impossible,frontier_exceeds_one;ai_rent_capture_impossible,False,1e-09
official_4c_tierA_baseline_official_v2,deterministic-engine-v1_official-runner,baseline-official-v2,v1.0.1-official-4c,PER,GMI,GMI:GMI_ideal_aggregate,GMI_ideal_aggregate,debt_consistent,0.1,high,r2,2034,0.0413733224139748,0.4523832654227666,1.790875110437952,extreme_or_outside_historical_support,False,extreme_or_outside_historical_support,False,fiscally_ordinary,False,fiscally_ordinary,False,10.003340455283777,28.32364600150296,,,,,False,frontier_exceeds_one;ai_rent_capture_impossible,frontier_exceeds_one;ai_rent_capture_impossible,False,1e-09
official_4c_tierA_baseline_official_v2,deterministic-engine-v1_official-runner,baseline-official-v2,v1.0.1-official-4c,PER,GMI,GMI:GMI_loaded_aggregate,GMI_loaded_aggregate,debt_consistent,0.1,high,r2,2034,0.0567029675481189,0.6200003316609354,2.454430230519676,extreme_or_outside_historical_support,False,extreme_or_outside_historical_support,False,fiscally_ordinary,False,fiscally_ordinary,False,13.002182234356413,39.38289800286502,,,,,False,frontier_exceeds_one;ai_rent_capture_impossible,frontier_exceeds_one;ai_rent_capture_impossible,False,1e-09
official_4c_tierA_baseline_official_v2,deterministic-engine-v1_official-runner,baseline-official-v2,v1.0.1-official-4c,PER,MUT,MUT,,debt_consistent,0.1,high,r2,2034,0.0669955033961786,0.7325407491269832,2.8999503192654217,extreme_or_outside_historical_support,False,extreme_or_outside_historical_support,False,fiscally_ordinary,False,fiscally_ordinary,False,14.862579607562786,46.80823281529412,,,,,False,frontier_exceeds_one;ai_rent_capture_impossible,frontier_exceeds_one;ai_rent_capture_impossible,False,1e-09
official_4c_tierA_baseline_official_v2,deterministic-engine-v1_official-runner,baseline-official-v2,v1.0.1-official-4c,PER,PBI,PBI,,debt_consistent,0.1,high,r2,2034,0.0956366321980771,1.045707945204532,4.139702935527206,extreme_or_outside_historical_support,False,extreme_or_outside_historical_support,False,fiscally_ordinary,False,fiscally_ordinary,False,19.51910489147397,67.47077641965718,,,,,False,frontier_exceeds_one;ai_rent_capture_impossible,frontier_exceeds_one;ai_rent_capture_impossible,False,1e-09
official_4c_tierA_baseline_official_v2,deterministic-engine-v1_official-runner,baseline-official-v2,v1.0.1-official-4c,PER,UBI,UBI,,debt_consistent,0.1,high,r2,2034,0.2427654737428212,2.6544408651741955,10.508284547456231,extreme_or_outside_historical_support,False,extreme_or_outside_historical_support,False,fiscally_ordinary,False,fiscally_ordinary,False,36.39973352799848,173.613803285141,,,,,False,frontier_exceeds_one;ai_rent_capture_impossible,frontier_exceeds_one;ai_rent_capture_impossible,False,1e-09
official_4c_tierA_baseline_official_v2,deterministic-engine-v1_official-runner,baseline-official-v2,v1.0.1-official-4c,PER,PEN,PEN,,debt_consistent,0.1,high,r3,2034,0.0149839903560728,0.1811280364074707,0.6485931952776683,extreme_or_outside_historical_support,False,extreme_or_outside_historical_support,False,fiscally_ordinary,False,fiscally_ordinary,False,4.415938886737773,9.48112061912235,,,,,False,frontier_exceeds_one;ai_rent_capture_impossible,frontier_exceeds_one;ai_rent_capture_impossible,False,1e-09
official_4c_tierA_baseline_official_v2,deterministic-engine-v1_official-runner,baseline-official-v2,v1.0.1-official-4c,PER,GMI,GMI:GMI_ideal_aggregate,GMI_ideal_aggregate,debt_consistent,0.1,high,r3,2034,0.0414033224139748,0.5004876746032685,1.7921736828072572,extreme_or_outside_historical_support,False,extreme_or_outside_historical_support,False,fiscally_ordinary,False,fiscally_ordinary,False,10.894575117079471,28.540795411282165,,,,,False,frontier_exceeds_one;ai_rent_capture_impossible,frontier_exceeds_one;ai_rent_capture_impossible,False,1e-09
official_4c_tierA_baseline_official_v2,deterministic-engine-v1_official-runner,baseline-official-v2,v1.0.1-official-4c,PER,GMI,GMI:GMI_loaded_aggregate,GMI_loaded_aggregate,debt_consistent,0.1,high,r3,2034,0.0567329675481189,0.6857940219772528,2.4557288028889808,extreme_or_outside_historical_support,False,extreme_or_outside_historical_support,False,fiscally_ordinary,False,fiscally_ordinary,False,14.1034156566886,39.60004741264422,,,,,False,frontier_exceeds_one;ai_rent_capture_impossible,frontier_exceeds_one;ai_rent_capture_impossible,False,1e-09
official_4c_tierA_baseline_official_v2,deterministic-engine-v1_official-runner,baseline-official-v2,v1.0.1-official-4c,PER,MUT,MUT,,debt_consistent,0.1,high,r3,2034,0.0670051033961786,0.8099646702262202,2.9003658624235995,extreme_or_outside_historical_support,False,extreme_or_outside_historical_support,False,fiscally_ordinary,False,fiscally_ordinary,False,16.080304482431,47.01066507155453,,,,,False,frontier_exceeds_one;ai_rent_capture_impossible,frontier_exceeds_one;ai_rent_capture_impossible,False,1e-09
official_4c_tierA_baseline_official_v2,deterministic-engine-v1_official-runner,baseline-official-v2,v1.0.1-official-4c,PER,PBI,PBI,,debt_consistent,0.1,high,r3,2034,0.0956438321980771,1.1561526074729642,4.140014592895838,extreme_or_outside_historical_support,False,extreme_or_outside_historical_support,False,fiscally_ordinary,False,fiscally_ordinary,False,21.008902076985283,67.67147724609185,,,,,False,frontier_exceeds_one;ai_rent_capture_impossible,frontier_exceeds_one;ai_rent_capture_impossible,False,1e-09
official_4c_tierA_baseline_official_v2,deterministic-engine-v1_official-runner,baseline-official-v2,v1.0.1-official-4c,PER,UBI,UBI,,debt_consistent,0.1,high,r3,2034,0.2427714737428212,2.934646865743841,10.508544261930094,extreme_or_outside_historical_support,False,extreme_or_outside_historical_support,False,fiscally_ordinary,False,fiscally_ordinary,False,38.62033180662625,173.81363839666278,,,,,False,frontier_exceeds_one;ai_rent_capture_impossible,frontier_exceeds_one;ai_rent_capture_impossible,False,1e-09
official_4c_tierA_baseline_official_v2,deterministic-engine-v1_official-runner,baseline-official-v2,v1.0.1-official-4c,PER,PEN,PEN,,debt_consistent,0.1,high,r4,2034,0.0149455903560728,0.1434929359850554,0.6469310226449577,extreme_or_outside_historical_support,False,extreme_or_outside_historical_support,False,fiscally_ordinary,False,fiscally_ordinary,False,3.551164257557206,9.126257332971672,,,,,False,frontier_exceeds_one;ai_rent_capture_impossible,frontier_exceeds_one;ai_rent_capture_impossible,False,1e-09
official_4c_tierA_baseline_official_v2,deterministic-engine-v1_official-runner,baseline-official-v2,v1.0.1-official-4c,PER,GMI,GMI:GMI_ideal_aggregate,GMI_ideal_aggregate,debt_consistent,0.1,high,r4,2034,0.0413233224139748,0.3967461114996325,1.788710823155777,extreme_or_outside_historical_support,False,extreme_or_outside_historical_support,False,fiscally_ordinary,False,fiscally_ordinary,False,8.938791813340412,28.15592067481866,,,,,False,frontier_exceeds_one;ai_rent_capture_impossible,frontier_exceeds_one;ai_rent_capture_impossible,False,1e-09
official_4c_tierA_baseline_official_v2,deterministic-engine-v1_official-runner,baseline-official-v2,v1.0.1-official-4c,PER,GMI,GMI:GMI_loaded_aggregate,GMI_loaded_aggregate,debt_consistent,0.1,high,r4,2034,0.0566529675481189,0.5439263657084306,2.4522659432375,extreme_or_outside_historical_support,False,extreme_or_outside_historical_support,False,fiscally_ordinary,False,fiscally_ordinary,False,11.677541179359617,39.21517267618072,,,,,False,frontier_exceeds_one;ai_rent_capture_impossible,frontier_exceeds_one;ai_rent_capture_impossible,False,1e-09
official_4c_tierA_baseline_official_v2,deterministic-engine-v1_official-runner,baseline-official-v2,v1.0.1-official-4c,PER,MUT,MUT,,debt_consistent,0.1,high,r4,2034,0.0669795033961786,0.6430716595436062,2.899257747335126,extreme_or_outside_historical_support,False,extreme_or_outside_historical_support,False,fiscally_ordinary,False,fiscally_ordinary,False,13.392851404723734,46.66503607780782,,,,,False,frontier_exceeds_one;ai_rent_capture_impossible,frontier_exceeds_one;ai_rent_capture_impossible,False,1e-09
official_4c_tierA_baseline_official_v2,deterministic-engine-v1_official-runner,baseline-official-v2,v1.0.1-official-4c,PER,PBI,PBI,,debt_consistent,0.1,high,r4,2034,0.0956246321980771,0.9180941601960698,4.139183506579483,extreme_or_outside_historical_support,False,extreme_or_outside_historical_support,False,fiscally_ordinary,False,fiscally_ordinary,False,17.704761354254092,67.3304653985471,,,,,False,frontier_exceeds_one;ai_rent_capture_impossible,frontier_exceeds_one;ai_rent_capture_impossible,False,1e-09
official_4c_tierA_baseline_official_v2,deterministic-engine-v1_official-runner,baseline-official-v2,v1.0.1-official-4c,PER,UBI,UBI,,debt_consistent,0.1,high,r4,2034,0.2427554737428212,2.3307005493862283,10.507851689999798,extreme_or_outside_historical_support,False,extreme_or_outside_historical_support,False,fiscally_ordinary,False,fiscally_ordinary,False,33.6347053064079,173.47493512221902,,,,,False,frontier_exceeds_one;ai_rent_capture_impossible,frontier_exceeds_one;ai_rent_capture_impossible,False,1e-09
official_4c_tierA_baseline_official_v2,deterministic-engine-v1_official-runner,baseline-official-v2,v1.0.1-official-4c,PER,PEN,PEN,,debt_consistent,0.1,stress,r0,2034,0.0149935903560728,0.1900614111603496,0.1595386581319568,fiscally_ordinary,False,fiscally_ordinary,False,fiscally_ordinary,False,fiscally_ordinary,False,1.1701841092670215,0.8065052263651348,,,,,False,frontier_exceeds_one,frontier_exceeds_one,False,1e-09
official_4c_tierA_baseline_official_v2,deterministic-engine-v1_official-runner,baseline-official-v2,v1.0.1-official-4c,PER,GMI,GMI:GMI_ideal_aggregate,GMI_ideal_aggregate,debt_consistent,0.1,stress,r0,2034,0.0414233224139748,0.5250893832617901,0.4407630938520527,extreme_or_outside_historical_support,False,extreme_or_outside_historical_support,False,fiscally_ordinary,False,fiscally_ordinary,False,2.8739072724008925,3.618749583566093,,,,,False,frontier_exceeds_one;ai_rent_capture_impossible,frontier_exceeds_one;ai_rent_capture_impossible,False,1e-09
official_4c_tierA_baseline_official_v2,deterministic-engine-v1_official-runner,baseline-official-v2,v1.0.1-official-4c,PER,GMI,GMI:GMI_loaded_aggregate,GMI_loaded_aggregate,debt_consistent,0.1,stress,r0,2034,0.0567529675481189,0.7194106844038304,0.6038775285044485,extreme_or_outside_historical_support,False,extreme_or_outside_historical_support,False,fiscally_ordinary,False,fiscally_ordinary,False,3.712918561526744,5.249893930090052,,,,,False,frontier_exceeds_one;ai_rent_capture_impossible,frontier_exceeds_one;ai_rent_capture_impossible,False,1e-09
official_4c_tierA_baseline_official_v2,deterministic-engine-v1_official-runner,baseline-official-v2,v1.0.1-official-4c,PER,MUT,MUT,,debt_consistent,0.1,stress,r0,2034,0.0670115033961786,0.8494497046396707,0.7130330412756196,extreme_or_outside_historical_support,False,extreme_or_outside_historical_support,False,fiscally_ordinary,False,fiscally_ordinary,False,4.227906722491631,6.341449057801762,,,,,False,frontier_exceeds_one;ai_rent_capture_impossible,frontier_exceeds_one;ai_rent_capture_impossible,False,1e-09
official_4c_tierA_baseline_official_v2,deterministic-engine-v1_official-runner,baseline-official-v2,v1.0.1-official-4c,PER,PBI,PBI,,debt_consistent,0.1,stress,r0,2034,0.0956486321980771,1.212459029451925,1.0177451878200554,extreme_or_outside_historical_support,False,extreme_or_outside_historical_support,False,fiscally_ordinary,False,fiscally_ordinary,False,5.50990751089401,9.38857052324612,,,,,False,frontier_exceeds_one;ai_rent_capture_impossible,frontier_exceeds_one;ai_rent_capture_impossible,False,1e-09
official_4c_tierA_baseline_official_v2,deterministic-engine-v1_official-runner,baseline-official-v2,v1.0.1-official-4c,PER,UBI,UBI,,debt_consistent,0.1,stress,r0,2034,0.2427754737428212,3.077464972623725,2.583242064672804,extreme_or_outside_historical_support,False,extreme_or_outside_historical_support,False,fiscally_ordinary,False,fiscally_ordinary,False,10.06025331464438,25.0435392917736,,,,,False,frontier_exceeds_one;ai_rent_capture_impossible,frontier_exceeds_one;ai_rent_capture_impossible,False,1e-09
official_4c_tierA_baseline_official_v2,deterministic-engine-v1_official-runner,baseline-official-v2,v1.0.1-official-4c,PER,PEN,PEN,,debt_consistent,0.1,stress,r1,2034,0.0149695903560728,0.1798714748603459,0.1592832871564775,fiscally_ordinary,False,fiscally_ordinary,False,fiscally_ordinary,False,fiscally_ordinary,False,1.1118735708251022,0.760594721091201,,,,,False,frontier_exceeds_one,frontier_exceeds_one,False,1e-09
official_4c_tierA_baseline_official_v2,deterministic-engine-v1_official-runner,baseline-official-v2,v1.0.1-official-4c,PER,GMI,GMI:GMI_ideal_aggregate,GMI_ideal_aggregate,debt_consistent,0.1,stress,r1,2034,0.0413733224139748,0.4971332110938668,0.4402310709864708,extreme_or_outside_historical_support,False,extreme_or_outside_historical_support,False,fiscally_ordinary,False,fiscally_ordinary,False,2.745369659154265,3.570072559391134,,,,,False,frontier_exceeds_one;ai_rent_capture_impossible,frontier_exceeds_one;ai_rent_capture_impossible,False,1e-09
official_4c_tierA_baseline_official_v2,deterministic-engine-v1_official-runner,baseline-official-v2,v1.0.1-official-4c,PER,GMI,GMI:GMI_loaded_aggregate,GMI_loaded_aggregate,debt_consistent,0.1,stress,r1,2034,0.0567029675481189,0.6813310290552398,0.6033455056388667,extreme_or_outside_historical_support,False,extreme_or_outside_historical_support,False,fiscally_ordinary,False,fiscally_ordinary,False,3.5554738844909792,5.201216905915092,,,,,False,frontier_exceeds_one;ai_rent_capture_impossible,frontier_exceeds_one;ai_rent_capture_impossible,False,1e-09
official_4c_tierA_baseline_official_v2,deterministic-engine-v1_official-runner,baseline-official-v2,v1.0.1-official-4c,PER,MUT,MUT,,debt_consistent,0.1,stress,r1,2034,0.0669955033961786,0.8050039926438814,0.7128627939586335,extreme_or_outside_historical_support,False,extreme_or_outside_historical_support,False,fiscally_ordinary,False,fiscally_ordinary,False,4.055662883400842,6.2963897891127605,,,,,False,frontier_exceeds_one;ai_rent_capture_impossible,frontier_exceeds_one;ai_rent_capture_impossible,False,1e-09
official_4c_tierA_baseline_official_v2,deterministic-engine-v1_official-runner,baseline-official-v2,v1.0.1-official-4c,PER,PBI,PBI,,debt_consistent,0.1,stress,r1,2034,0.0956366321980771,1.1491498214021605,1.017617502332316,extreme_or_outside_historical_support,False,extreme_or_outside_historical_support,False,fiscally_ordinary,False,fiscally_ordinary,False,5.300666574924263,9.343936872849584,,,,,False,frontier_exceeds_one;ai_rent_capture_impossible,frontier_exceeds_one;ai_rent_capture_impossible,False,1e-09
official_4c_tierA_baseline_official_v2,deterministic-engine-v1_official-runner,baseline-official-v2,v1.0.1-official-4c,PER,UBI,UBI,,debt_consistent,0.1,stress,r1,2034,0.2427654737428212,2.917019288345274,2.5831356600996878,extreme_or_outside_historical_support,False,extreme_or_outside_historical_support,False,fiscally_ordinary,False,fiscally_ordinary,False,9.752854468376428,24.999118450523294,,,,,False,frontier_exceeds_one;ai_rent_capture_impossible,frontier_exceeds_one;ai_rent_capture_impossible,False,1e-09
official_4c_tierA_baseline_official_v2,deterministic-engine-v1_official-runner,baseline-official-v2,v1.0.1-official-4c,PER,PEN,PEN,,debt_consistent,0.1,stress,r2,2034,0.0149695903560728,0.1718863648298174,0.1592832871564775,fiscally_ordinary,False,fiscally_ordinary,False,fiscally_ordinary,False,fiscally_ordinary,False,1.0658622470414671,0.7219324734503564,,,,,False,frontier_exceeds_one,frontier_exceeds_one,False,1e-09
official_4c_tierA_baseline_official_v2,deterministic-engine-v1_official-runner,baseline-official-v2,v1.0.1-official-4c,PER,GMI,GMI:GMI_ideal_aggregate,GMI_ideal_aggregate,debt_consistent,0.1,stress,r2,2034,0.0413733224139748,0.4750637673785888,0.4402310709864708,extreme_or_outside_historical_support,False,extreme_or_outside_historical_support,False,fiscally_ordinary,False,fiscally_ordinary,False,2.6423632806797515,3.5314103117502897,,,,,False,frontier_exceeds_one;ai_rent_capture_impossible,frontier_exceeds_one;ai_rent_capture_impossible,False,1e-09
official_4c_tierA_baseline_official_v2,deterministic-engine-v1_official-runner,baseline-official-v2,v1.0.1-official-4c,PER,GMI,GMI:GMI_loaded_aggregate,GMI_loaded_aggregate,debt_consistent,0.1,stress,r2,2034,0.0567029675481189,0.6510844141406553,0.6033455056388667,extreme_or_outside_historical_support,False,extreme_or_outside_historical_support,False,fiscally_ordinary,False,fiscally_ordinary,False,3.4281119969663174,5.162554658274248,,,,,False,frontier_exceeds_one;ai_rent_capture_impossible,frontier_exceeds_one;ai_rent_capture_impossible,False,1e-09
official_4c_tierA_baseline_official_v2,deterministic-engine-v1_official-runner,baseline-official-v2,v1.0.1-official-4c,PER,MUT,MUT,,debt_consistent,0.1,stress,r2,2034,0.0669955033961786,0.7692671118445946,0.7128627939586335,extreme_or_outside_historical_support,False,extreme_or_outside_historical_support,False,fiscally_ordinary,False,fiscally_ordinary,False,3.914377897268853,6.257727541471915,,,,,False,frontier_exceeds_one;ai_rent_capture_impossible,frontier_exceeds_one;ai_rent_capture_impossible,False,1e-09
official_4c_tierA_baseline_official_v2,deterministic-engine-v1_official-runner,baseline-official-v2,v1.0.1-official-4c,PER,PBI,PBI,,debt_consistent,0.1,stress,r2,2034,0.0956366321980771,1.0981351300922526,1.017617502332316,extreme_or_outside_historical_support,False,extreme_or_outside_historical_support,False,fiscally_ordinary,False,fiscally_ordinary,False,5.127983967082439,9.30527462520874,,,,,False,frontier_exceeds_one;ai_rent_capture_impossible,frontier_exceeds_one;ai_rent_capture_impossible,False,1e-09
official_4c_tierA_baseline_official_v2,deterministic-engine-v1_official-runner,baseline-official-v2,v1.0.1-official-4c,PER,UBI,UBI,,debt_consistent,0.1,stress,r2,2034,0.2427654737428212,2.7875228242911736,2.5831356600996878,extreme_or_outside_historical_support,False,extreme_or_outside_historical_support,False,fiscally_ordinary,False,fiscally_ordinary,False,9.49637271872308,24.96045620288245,,,,,False,frontier_exceeds_one;ai_rent_capture_impossible,frontier_exceeds_one;ai_rent_capture_impossible,False,1e-09
official_4c_tierA_baseline_official_v2,deterministic-engine-v1_official-runner,baseline-official-v2,v1.0.1-official-4c,PER,PEN,PEN,,debt_consistent,0.1,stress,r3,2034,0.0149839903560728,0.185334204329909,0.159436509741765,fiscally_ordinary,False,fiscally_ordinary,False,fiscally_ordinary,False,fiscally_ordinary,False,1.143189411077524,0.8358802087135571,,,,,False,frontier_exceeds_one,frontier_exceeds_one,False,1e-09
official_4c_tierA_baseline_official_v2,deterministic-engine-v1_official-runner,baseline-official-v2,v1.0.1-official-4c,PER,GMI,GMI:GMI_ideal_aggregate,GMI_ideal_aggregate,debt_consistent,0.1,stress,r3,2034,0.0414033224139748,0.512110034367365,0.4405502847058199,extreme_or_outside_historical_support,False,extreme_or_outside_historical_support,False,fiscally_ordinary,False,fiscally_ordinary,False,2.8144965371551938,3.647017958354106,,,,,False,frontier_exceeds_one;ai_rent_capture_impossible,frontier_exceeds_one;ai_rent_capture_impossible,False,1e-09
official_4c_tierA_baseline_official_v2,deterministic-engine-v1_official-runner,baseline-official-v2,v1.0.1-official-4c,PER,GMI,GMI:GMI_loaded_aggregate,GMI_loaded_aggregate,debt_consistent,0.1,stress,r3,2034,0.0567329675481189,0.7017195786931191,0.6036647193582158,extreme_or_outside_historical_support,False,extreme_or_outside_historical_support,False,fiscally_ordinary,False,fiscally_ordinary,False,3.640167158233633,5.278162304878063,,,,,False,frontier_exceeds_one;ai_rent_capture_impossible,frontier_exceeds_one;ai_rent_capture_impossible,False,1e-09
official_4c_tierA_baseline_official_v2,deterministic-engine-v1_official-runner,baseline-official-v2,v1.0.1-official-4c,PER,MUT,MUT,,debt_consistent,0.1,stress,r3,2034,0.0670051033961786,0.8287737264153442,0.7129649423488251,extreme_or_outside_historical_support,False,extreme_or_outside_historical_support,False,fiscally_ordinary,False,fiscally_ordinary,False,4.148248351985903,6.371164534784157,,,,,False,frontier_exceeds_one;ai_rent_capture_impossible,frontier_exceeds_one;ai_rent_capture_impossible,False,1e-09
official_4c_tierA_baseline_official_v2,deterministic-engine-v1_official-runner,baseline-official-v2,v1.0.1-official-4c,PER,PBI,PBI,,debt_consistent,0.1,stress,r3,2034,0.0956438321980771,1.1830008641396257,1.0176941136249595,extreme_or_outside_historical_support,False,extreme_or_outside_historical_support,False,fiscally_ordinary,False,fiscally_ordinary,False,5.413226072720306,9.4184562475455,,,,,False,frontier_exceeds_one;ai_rent_capture_impossible,frontier_exceeds_one;ai_rent_capture_impossible,False,1e-09
official_4c_tierA_baseline_official_v2,deterministic-engine-v1_official-runner,baseline-official-v2,v1.0.1-official-4c,PER,UBI,UBI,,debt_consistent,0.1,stress,r3,2034,0.2427714737428212,3.0027954403941357,2.583199502843557,extreme_or_outside_historical_support,False,extreme_or_outside_historical_support,False,fiscally_ordinary,False,fiscally_ordinary,False,9.918573847092462,25.07351013973148,,,,,False,frontier_exceeds_one;ai_rent_capture_impossible,frontier_exceeds_one;ai_rent_capture_impossible,False,1e-09
official_4c_tierA_baseline_official_v2,deterministic-engine-v1_official-runner,baseline-official-v2,v1.0.1-official-4c,PER,PEN,PEN,,debt_consistent,0.1,stress,r4,2034,0.0149455903560728,0.1457807790246047,0.1590279161809982,fiscally_ordinary,False,fiscally_ordinary,False,fiscally_ordinary,False,fiscally_ordinary,False,0.9134433106280652,0.6450692228817286,0.1679894898554811,0.3018418935000255,,0.1670416439278493,True,,,False,1e-09
official_4c_tierA_baseline_official_v2,deterministic-engine-v1_official-runner,baseline-official-v2,v1.0.1-official-4c,PER,GMI,GMI:GMI_ideal_aggregate,GMI_ideal_aggregate,debt_consistent,0.1,stress,r4,2034,0.0413233224139748,0.4030718084646539,0.439699048120889,extreme_or_outside_historical_support,False,extreme_or_outside_historical_support,False,fiscally_ordinary,False,fiscally_ordinary,False,2.2964262389684484,3.451780542280636,,,,,False,frontier_exceeds_one;ai_rent_capture_impossible,frontier_exceeds_one;ai_rent_capture_impossible,False,1e-09
official_4c_tierA_baseline_official_v2,deterministic-engine-v1_official-runner,baseline-official-v2,v1.0.1-official-4c,PER,GMI,GMI:GMI_loaded_aggregate,GMI_loaded_aggregate,debt_consistent,0.1,stress,r4,2034,0.0566529675481189,0.5525986961006596,0.6028134827732848,extreme_or_outside_historical_support,False,extreme_or_outside_historical_support,False,fiscally_ordinary,False,fiscally_ordinary,False,2.998336735187913,5.082924888804594,,,,,False,frontier_exceeds_one;ai_rent_capture_impossible,frontier_exceeds_one;ai_rent_capture_impossible,False,1e-09
official_4c_tierA_baseline_official_v2,deterministic-engine-v1_official-runner,baseline-official-v2,v1.0.1-official-4c,PER,MUT,MUT,,debt_consistent,0.1,stress,r4,2034,0.0669795033961786,0.6533247567439554,0.7126925466416474,extreme_or_outside_historical_support,False,extreme_or_outside_historical_support,False,fiscally_ordinary,False,fiscally_ordinary,False,3.437617296230022,6.181715527488221,,,,,False,frontier_exceeds_one;ai_rent_capture_impossible,frontier_exceeds_one;ai_rent_capture_impossible,False,1e-09
official_4c_tierA_baseline_official_v2,deterministic-engine-v1_official-runner,baseline-official-v2,v1.0.1-official-4c,PER,PBI,PBI,,debt_consistent,0.1,stress,r4,2034,0.0956246321980771,0.932732200177872,1.017489816844576,extreme_or_outside_historical_support,False,extreme_or_outside_historical_support,False,fiscally_ordinary,False,fiscally_ordinary,False,4.540861310066309,9.229688229517508,,,,,False,frontier_exceeds_one;ai_rent_capture_impossible,frontier_exceeds_one;ai_rent_capture_impossible,False,1e-09
official_4c_tierA_baseline_official_v2,deterministic-engine-v1_official-runner,baseline-official-v2,v1.0.1-official-4c,PER,UBI,UBI,,debt_consistent,0.1,stress,r4,2034,0.2427554737428212,2.367861103615479,2.583029255526571,extreme_or_outside_historical_support,False,extreme_or_outside_historical_support,False,fiscally_ordinary,False,fiscally_ordinary,False,8.607188338772694,24.885082616337453,,,,,False,frontier_exceeds_one;ai_rent_capture_impossible,frontier_exceeds_one;ai_rent_capture_impossible,False,1e-09
official_4c_tierA_baseline_official_v2,deterministic-engine-v1_official-runner,baseline-official-v2,v1.0.1-official-4c,CHL,PEN,PEN,,debt_consistent,0.1,low,r0,2034,0.0359037541775924,0.3483180573904323,9.993216125682856,extreme_or_outside_historical_support,False,extreme_or_outside_historical_support,False,fiscally_ordinary,False,fiscally_ordinary,False,60.67371157446912,,,,,,False,frontier_exceeds_one;ai_rent_capture_impossible,frontier_exceeds_one;ai_rent_capture_impossible,False,1e-09
official_4c_tierA_baseline_official_v2,deterministic-engine-v1_official-runner,baseline-official-v2,v1.0.1-official-4c,CHL,GMI,GMI:GMI_ideal_aggregate,GMI_ideal_aggregate,debt_consistent,0.1,low,r0,2034,0.0052670458718492,0.0510979207687922,1.4659951012622583,extreme_or_outside_historical_support,False,extreme_or_outside_historical_support,False,fiscally_ordinary,False,fiscally_ordinary,False,9.991928175190113,,,,,,False,frontier_exceeds_one;ai_rent_capture_impossible,frontier_exceeds_one;ai_rent_capture_impossible,False,1e-09
official_4c_tierA_baseline_official_v2,deterministic-engine-v1_official-runner,baseline-official-v2,v1.0.1-official-4c,CHL,GMI,GMI:GMI_loaded_aggregate,GMI_loaded_aggregate,debt_consistent,0.1,low,r0,2034,0.0060720384444492,0.0589075065774193,1.690051469233436,extreme_or_outside_historical_support,False,extreme_or_outside_historical_support,False,fiscally_ordinary,False,fiscally_ordinary,False,11.48036865735984,,,,,,False,frontier_exceeds_one;ai_rent_capture_impossible,frontier_exceeds_one;ai_rent_capture_impossible,False,1e-09
official_4c_tierA_baseline_official_v2,deterministic-engine-v1_official-runner,baseline-official-v2,v1.0.1-official-4c,CHL,MUT,MUT,,debt_consistent,0.1,low,r0,2034,0.0331144091388773,0.321257398483536,9.216848070044328,extreme_or_outside_historical_support,False,extreme_or_outside_historical_support,False,fiscally_ordinary,False,fiscally_ordinary,False,56.50011855965698,,,,,,False,frontier_exceeds_one;ai_rent_capture_impossible,frontier_exceeds_one;ai_rent_capture_impossible,False,1e-09
official_4c_tierA_baseline_official_v2,deterministic-engine-v1_official-runner,baseline-official-v2,v1.0.1-official-4c,CHL,PBI,PBI,,debt_consistent,0.1,low,r0,2034,0.054246938330755,0.5262733274432806,15.09873803765485,extreme_or_outside_historical_support,False,extreme_or_outside_historical_support,False,fiscally_ordinary,False,fiscally_ordinary,False,86.37911703056407,,,,,,False,frontier_exceeds_one;ai_rent_capture_impossible,frontier_exceeds_one;ai_rent_capture_impossible,False,1e-09
official_4c_tierA_baseline_official_v2,deterministic-engine-v1_official-runner,baseline-official-v2,v1.0.1-official-4c,CHL,UBI,UBI,,debt_consistent,0.1,low,r0,2034,0.1285080109707284,1.2467125448504832,35.76807932563182,extreme_or_outside_historical_support,False,extreme_or_outside_historical_support,False,fiscally_ordinary,False,fiscally_ordinary,False,168.62643141445713,,,,,,False,frontier_exceeds_one;ai_rent_capture_impossible,frontier_exceeds_one;ai_rent_capture_impossible,False,1e-09
official_4c_tierA_baseline_official_v2,deterministic-engine-v1_official-runner,baseline-official-v2,v1.0.1-official-4c,CHL,PEN,PEN,,debt_consistent,0.1,low,r1,2034,0.0358797541775924,0.3327316171675878,9.986536122643894,extreme_or_outside_historical_support,False,extreme_or_outside_historical_support,False,fiscally_ordinary,False,fiscally_ordinary,False,58.27910738089257,,,,,,False,frontier_exceeds_one;ai_rent_capture_impossible,frontier_exceeds_one;ai_rent_capture_impossible,False,1e-09
official_4c_tierA_baseline_official_v2,deterministic-engine-v1_official-runner,baseline-official-v2,v1.0.1-official-4c,CHL,GMI,GMI:GMI_ideal_aggregate,GMI_ideal_aggregate,debt_consistent,0.1,low,r1,2034,0.0052170458718492,0.048380379118148,1.4520784282644252,extreme_or_outside_historical_support,False,extreme_or_outside_historical_support,False,fiscally_ordinary,False,fiscally_ordinary,False,9.47165293658274,,,,,,False,frontier_exceeds_one;ai_rent_capture_impossible,frontier_exceeds_one;ai_rent_capture_impossible,False,1e-09
official_4c_tierA_baseline_official_v2,deterministic-engine-v1_official-runner,baseline-official-v2,v1.0.1-official-4c,CHL,GMI,GMI:GMI_loaded_aggregate,GMI_loaded_aggregate,debt_consistent,0.1,low,r1,2034,0.0060220384444492,0.055845493822205,1.6761347962356024,extreme_or_outside_historical_support,False,extreme_or_outside_historical_support,False,fiscally_ordinary,False,fiscally_ordinary,False,10.89795632569577,,,,,,False,frontier_exceeds_one;ai_rent_capture_impossible,frontier_exceeds_one;ai_rent_capture_impossible,False,1e-09
official_4c_tierA_baseline_official_v2,deterministic-engine-v1_official-runner,baseline-official-v2,v1.0.1-official-4c,CHL,MUT,MUT,,debt_consistent,0.1,low,r1,2034,0.0330984091388773,0.3069387583856658,9.21239473468502,extreme_or_outside_historical_support,False,extreme_or_outside_historical_support,False,fiscally_ordinary,False,fiscally_ordinary,False,54.26051865443625,,,,,,False,frontier_exceeds_one;ai_rent_capture_impossible,frontier_exceeds_one;ai_rent_capture_impossible,False,1e-09
official_4c_tierA_baseline_official_v2,deterministic-engine-v1_official-runner,baseline-official-v2,v1.0.1-official-4c,CHL,PBI,PBI,,debt_consistent,0.1,low,r1,2034,0.054234938330755,0.5029487841097409,15.095398036135371,extreme_or_outside_historical_support,False,extreme_or_outside_historical_support,False,fiscally_ordinary,False,fiscally_ordinary,False,83.1685667684619,,,,,,False,frontier_exceeds_one;ai_rent_capture_impossible,frontier_exceeds_one;ai_rent_capture_impossible,False,1e-09
official_4c_tierA_baseline_official_v2,deterministic-engine-v1_official-runner,baseline-official-v2,v1.0.1-official-4c,CHL,UBI,UBI,,debt_consistent,0.1,low,r1,2034,0.1284980109707284,1.1916288718558268,35.76529599103225,extreme_or_outside_historical_support,False,extreme_or_outside_historical_support,False,fiscally_ordinary,False,fiscally_ordinary,False,163.2499232087017,,,,,,False,frontier_exceeds_one;ai_rent_capture_impossible,frontier_exceeds_one;ai_rent_capture_impossible,False,1e-09
official_4c_tierA_baseline_official_v2,deterministic-engine-v1_official-runner,baseline-official-v2,v1.0.1-official-4c,CHL,PEN,PEN,,debt_consistent,0.1,low,r2,2034,0.0358797541775924,0.3185001731267274,9.986536122643894,extreme_or_outside_historical_support,False,extreme_or_outside_historical_support,False,fiscally_ordinary,False,fiscally_ordinary,False,56.07056061984213,,,,,,False,frontier_exceeds_one;ai_rent_capture_impossible,frontier_exceeds_one;ai_rent_capture_impossible,False,1e-09
official_4c_tierA_baseline_official_v2,deterministic-engine-v1_official-runner,baseline-official-v2,v1.0.1-official-4c,CHL,GMI,GMI:GMI_ideal_aggregate,GMI_ideal_aggregate,debt_consistent,0.1,low,r2,2034,0.0052170458718492,0.0463110757439852,1.4520784282644252,extreme_or_outside_historical_support,False,extreme_or_outside_historical_support,False,fiscally_ordinary,False,fiscally_ordinary,False,9.074668735334802,,,,,,False,frontier_exceeds_one;ai_rent_capture_impossible,frontier_exceeds_one;ai_rent_capture_impossible,False,1e-09
official_4c_tierA_baseline_official_v2,deterministic-engine-v1_official-runner,baseline-official-v2,v1.0.1-official-4c,CHL,GMI,GMI:GMI_loaded_aggregate,GMI_loaded_aggregate,debt_consistent,0.1,low,r2,2034,0.0060220384444492,0.0534568959876186,1.6761347962356024,extreme_or_outside_historical_support,False,extreme_or_outside_historical_support,False,fiscally_ordinary,False,fiscally_ordinary,False,10.442574992207282,,,,,,False,frontier_exceeds_one;ai_rent_capture_impossible,frontier_exceeds_one;ai_rent_capture_impossible,False,1e-09
official_4c_tierA_baseline_official_v2,deterministic-engine-v1_official-runner,baseline-official-v2,v1.0.1-official-4c,CHL,MUT,MUT,,debt_consistent,0.1,low,r2,2034,0.0330984091388773,0.2938105146644307,9.21239473468502,extreme_or_outside_historical_support,False,extreme_or_outside_historical_support,False,fiscally_ordinary,False,fiscally_ordinary,False,52.18761966827487,,,,,,False,frontier_exceeds_one;ai_rent_capture_impossible,frontier_exceeds_one;ai_rent_capture_impossible,False,1e-09
official_4c_tierA_baseline_official_v2,deterministic-engine-v1_official-runner,baseline-official-v2,v1.0.1-official-4c,CHL,PBI,PBI,,debt_consistent,0.1,low,r2,2034,0.054234938330755,0.4814368895161127,15.095398036135371,extreme_or_outside_historical_support,False,extreme_or_outside_historical_support,False,fiscally_ordinary,False,fiscally_ordinary,False,80.16752090743257,,,,,,False,frontier_exceeds_one;ai_rent_capture_impossible,frontier_exceeds_one;ai_rent_capture_impossible,False,1e-09
official_4c_tierA_baseline_official_v2,deterministic-engine-v1_official-runner,baseline-official-v2,v1.0.1-official-4c,CHL,UBI,UBI,,debt_consistent,0.1,low,r2,2034,0.1284980109707284,1.1406610685804677,35.76529599103225,extreme_or_outside_historical_support,False,extreme_or_outside_historical_support,False,fiscally_ordinary,False,fiscally_ordinary,False,158.16570388615557,,,,,,False,frontier_exceeds_one;ai_rent_capture_impossible,frontier_exceeds_one;ai_rent_capture_impossible,False,1e-09
official_4c_tierA_baseline_official_v2,deterministic-engine-v1_official-runner,baseline-official-v2,v1.0.1-official-4c,CHL,PEN,PEN,,debt_consistent,0.1,low,r3,2034,0.0358941541775924,0.3643877175114076,9.990544124467272,extreme_or_outside_historical_support,False,extreme_or_outside_historical_support,False,fiscally_ordinary,False,fiscally_ordinary,False,63.11661109312124,,,,,,False,frontier_exceeds_one;ai_rent_capture_impossible,frontier_exceeds_one;ai_rent_capture_impossible,False,1e-09
official_4c_tierA_baseline_official_v2,deterministic-engine-v1_official-runner,baseline-official-v2,v1.0.1-official-4c,CHL,GMI,GMI:GMI_ideal_aggregate,GMI_ideal_aggregate,debt_consistent,0.1,low,r3,2034,0.0052470458718492,0.0532665865160394,1.460428432063125,extreme_or_outside_historical_support,False,extreme_or_outside_historical_support,False,fiscally_ordinary,False,fiscally_ordinary,False,10.406252920319304,,,,,,False,frontier_exceeds_one;ai_rent_capture_impossible,frontier_exceeds_one;ai_rent_capture_impossible,False,1e-09
official_4c_tierA_baseline_official_v2,deterministic-engine-v1_official-runner,baseline-official-v2,v1.0.1-official-4c,CHL,GMI,GMI:GMI_loaded_aggregate,GMI_loaded_aggregate,debt_consistent,0.1,low,r3,2034,0.0060520384444492,0.061438652772067,1.6844848000343022,extreme_or_outside_historical_support,False,extreme_or_outside_historical_support,False,fiscally_ordinary,False,fiscally_ordinary,False,11.96066392439253,,,,,,False,frontier_exceeds_one;ai_rent_capture_impossible,frontier_exceeds_one;ai_rent_capture_impossible,False,1e-09
official_4c_tierA_baseline_official_v2,deterministic-engine-v1_official-runner,baseline-official-v2,v1.0.1-official-4c,CHL,MUT,MUT,,debt_consistent,0.1,low,r3,2034,0.0331080091388773,0.336103528774432,9.215066735900606,extreme_or_outside_historical_support,False,extreme_or_outside_historical_support,False,fiscally_ordinary,False,fiscally_ordinary,False,58.79927557935875,,,,,,False,frontier_exceeds_one;ai_rent_capture_impossible,frontier_exceeds_one;ai_rent_capture_impossible,False,1e-09
official_4c_tierA_baseline_official_v2,deterministic-engine-v1_official-runner,baseline-official-v2,v1.0.1-official-4c,CHL,PBI,PBI,,debt_consistent,0.1,low,r3,2034,0.054242138330755,0.5506514760451049,15.09740203704706,extreme_or_outside_historical_support,False,extreme_or_outside_historical_support,False,fiscally_ordinary,False,fiscally_ordinary,False,89.68783909165944,,,,,,False,frontier_exceeds_one;ai_rent_capture_impossible,frontier_exceeds_one;ai_rent_capture_impossible,False,1e-09
official_4c_tierA_baseline_official_v2,deterministic-engine-v1_official-runner,baseline-official-v2,v1.0.1-official-4c,CHL,UBI,UBI,,debt_consistent,0.1,low,r3,2034,0.1285040109707284,1.304537864773425,35.76696599179199,extreme_or_outside_historical_support,False,extreme_or_outside_historical_support,False,fiscally_ordinary,False,fiscally_ordinary,False,174.144376318588,,,,,,False,frontier_exceeds_one;ai_rent_capture_impossible,frontier_exceeds_one;ai_rent_capture_impossible,False,1e-09
official_4c_tierA_baseline_official_v2,deterministic-engine-v1_official-runner,baseline-official-v2,v1.0.1-official-4c,CHL,PEN,PEN,,debt_consistent,0.1,low,r4,2034,0.0358557541775924,0.2932641767830541,9.979856119604936,extreme_or_outside_historical_support,False,extreme_or_outside_historical_support,False,fiscally_ordinary,False,fiscally_ordinary,False,52.10094538864893,,,,,,False,frontier_exceeds_one;ai_rent_capture_impossible,frontier_exceeds_one;ai_rent_capture_impossible,False,1e-09
official_4c_tierA_baseline_official_v2,deterministic-engine-v1_official-runner,baseline-official-v2,v1.0.1-official-4c,CHL,GMI,GMI:GMI_ideal_aggregate,GMI_ideal_aggregate,debt_consistent,0.1,low,r4,2034,0.0051670458718492,0.0422612629064461,1.4381617552665915,extreme_or_outside_historical_support,False,extreme_or_outside_historical_support,False,fiscally_ordinary,False,fiscally_ordinary,False,8.295685986152737,,,,,,False,frontier_exceeds_one;ai_rent_capture_impossible,frontier_exceeds_one;ai_rent_capture_impossible,False,1e-09
official_4c_tierA_baseline_official_v2,deterministic-engine-v1_official-runner,baseline-official-v2,v1.0.1-official-4c,CHL,GMI,GMI:GMI_loaded_aggregate,GMI_loaded_aggregate,debt_consistent,0.1,low,r4,2034,0.0059720384444492,0.0488452963352436,1.662218123237769,extreme_or_outside_historical_support,False,extreme_or_outside_historical_support,False,fiscally_ordinary,False,fiscally_ordinary,False,9.560747658780398,,,,,,False,frontier_exceeds_one;ai_rent_capture_impossible,frontier_exceeds_one;ai_rent_capture_impossible,False,1e-09
official_4c_tierA_baseline_official_v2,deterministic-engine-v1_official-runner,baseline-official-v2,v1.0.1-official-4c,CHL,MUT,MUT,,debt_consistent,0.1,low,r4,2034,0.0330824091388773,0.2705809905450577,9.207941399325716,extreme_or_outside_historical_support,False,extreme_or_outside_historical_support,False,fiscally_ordinary,False,fiscally_ordinary,False,48.47293832270606,,,,,,False,frontier_exceeds_one;ai_rent_capture_impossible,frontier_exceeds_one;ai_rent_capture_impossible,False,1e-09
official_4c_tierA_baseline_official_v2,deterministic-engine-v1_official-runner,baseline-official-v2,v1.0.1-official-4c,CHL,PBI,PBI,,debt_consistent,0.1,low,r4,2034,0.054222938330755,0.4434893572051732,15.09205803461589,extreme_or_outside_historical_support,False,extreme_or_outside_historical_support,False,fiscally_ordinary,False,fiscally_ordinary,False,74.77666233116389,,,,,,False,frontier_exceeds_one;ai_rent_capture_impossible,frontier_exceeds_one;ai_rent_capture_impossible,False,1e-09
official_4c_tierA_baseline_official_v2,deterministic-engine-v1_official-runner,baseline-official-v2,v1.0.1-official-4c,CHL,UBI,UBI,,debt_consistent,0.1,low,r4,2034,0.1284880109707284,1.0509033104474717,35.76251265643268,extreme_or_outside_historical_support,False,extreme_or_outside_historical_support,False,fiscally_ordinary,False,fiscally_ordinary,False,148.94111054266187,,,,,,False,frontier_exceeds_one;ai_rent_capture_impossible,frontier_exceeds_one;ai_rent_capture_impossible,False,1e-09
official_4c_tierA_baseline_official_v2,deterministic-engine-v1_official-runner,baseline-official-v2,v1.0.1-official-4c,CHL,PEN,PEN,,debt_consistent,0.1,mid,r0,2034,0.0359037541775924,0.401920655763519,1.1615055065554287,extreme_or_outside_historical_support,False,extreme_or_outside_historical_support,False,fiscally_ordinary,False,fiscally_ordinary,False,8.085056682236859,35.739168457804006,,,,,False,frontier_exceeds_one;ai_rent_capture_impossible,frontier_exceeds_one;ai_rent_capture_impossible,False,1e-09
official_4c_tierA_baseline_official_v2,deterministic-engine-v1_official-runner,baseline-official-v2,v1.0.1-official-4c,CHL,GMI,GMI:GMI_ideal_aggregate,GMI_ideal_aggregate,debt_consistent,0.1,mid,r0,2034,0.0052670458718492,0.058961369896838,0.1703917298779569,fiscally_ordinary,False,fiscally_ordinary,False,fiscally_ordinary,False,fiscally_ordinary,False,1.3518353171646629,2.702042568554942,,,,,False,frontier_exceeds_one;ai_rent_capture_impossible,frontier_exceeds_one;ai_rent_capture_impossible,False,1e-09
official_4c_tierA_baseline_official_v2,deterministic-engine-v1_official-runner,baseline-official-v2,v1.0.1-official-4c,CHL,GMI,GMI:GMI_loaded_aggregate,GMI_loaded_aggregate,debt_consistent,0.1,mid,r0,2034,0.0060720384444492,0.0679727713526245,0.1964336669184759,fiscally_ordinary,True,fiscally_ordinary,True,fiscally_ordinary,False,fiscally_ordinary,False,1.552445968242654,3.5701071365722417,,,,,False,frontier_exceeds_one;ai_rent_capture_impossible,frontier_exceeds_one;ai_rent_capture_impossible,False,1e-09
official_4c_tierA_baseline_official_v2,deterministic-engine-v1_official-runner,baseline-official-v2,v1.0.1-official-4c,CHL,MUT,MUT,,debt_consistent,0.1,mid,r0,2034,0.0331144091388773,0.3706956372998297,1.0712687138756083,extreme_or_outside_historical_support,False,extreme_or_outside_historical_support,False,fiscally_ordinary,False,fiscally_ordinary,False,7.537466472048777,32.73127536847665,,,,,False,frontier_exceeds_one;ai_rent_capture_impossible,frontier_exceeds_one;ai_rent_capture_impossible,False,1e-09
official_4c_tierA_baseline_official_v2,deterministic-engine-v1_official-runner,baseline-official-v2,v1.0.1-official-4c,CHL,PBI,PBI,,debt_consistent,0.1,mid,r0,2034,0.054246938330755,0.607261427850001,1.754917251084236,extreme_or_outside_historical_support,False,extreme_or_outside_historical_support,False,fiscally_ordinary,False,fiscally_ordinary,False,11.434611730165187,55.51955994209759,,,,,False,frontier_exceeds_one;ai_rent_capture_impossible,frontier_exceeds_one;ai_rent_capture_impossible,False,1e-09
official_4c_tierA_baseline_official_v2,deterministic-engine-v1_official-runner,baseline-official-v2,v1.0.1-official-4c,CHL,UBI,UBI,,debt_consistent,0.1,mid,r0,2034,0.1285080109707284,1.4385688968552328,4.157302371241761,extreme_or_outside_historical_support,False,extreme_or_outside_historical_support,False,fiscally_ordinary,False,fiscally_ordinary,False,21.937632730141928,135.5990639473484,,,,,False,frontier_exceeds_one;ai_rent_capture_impossible,frontier_exceeds_one;ai_rent_capture_impossible,False,1e-09
official_4c_tierA_baseline_official_v2,deterministic-engine-v1_official-runner,baseline-official-v2,v1.0.1-official-4c,CHL,PEN,PEN,,debt_consistent,0.1,mid,r1,2034,0.0358797541775924,0.3834008097899107,1.160729093815428,extreme_or_outside_historical_support,False,extreme_or_outside_historical_support,False,fiscally_ordinary,False,fiscally_ordinary,False,7.761617138917312,35.57154026897229,,,,,False,frontier_exceeds_one;ai_rent_capture_impossible,frontier_exceeds_one;ai_rent_capture_impossible,False,1e-09
official_4c_tierA_baseline_official_v2,deterministic-engine-v1_official-runner,baseline-official-v2,v1.0.1-official-4c,CHL,GMI,GMI:GMI_ideal_aggregate,GMI_ideal_aggregate,debt_consistent,0.1,mid,r1,2034,0.0052170458718492,0.055747862766219,0.1687742033362891,fiscally_ordinary,False,fiscally_ordinary,False,fiscally_ordinary,False,fiscally_ordinary,False,1.2799248641748044,2.5063772530009985,,,,,False,frontier_exceeds_one;ai_rent_capture_impossible,frontier_exceeds_one;ai_rent_capture_impossible,False,1e-09
official_4c_tierA_baseline_official_v2,deterministic-engine-v1_official-runner,baseline-official-v2,v1.0.1-official-4c,CHL,GMI,GMI:GMI_loaded_aggregate,GMI_loaded_aggregate,debt_consistent,0.1,mid,r1,2034,0.0060220384444492,0.0643497835787773,0.1948161403768081,fiscally_ordinary,False,fiscally_ordinary,True,fiscally_ordinary,False,fiscally_ordinary,False,1.4719752864066635,3.3744418210182974,,,,,False,frontier_exceeds_one;ai_rent_capture_impossible,frontier_exceeds_one;ai_rent_capture_impossible,False,1e-09
official_4c_tierA_baseline_official_v2,deterministic-engine-v1_official-runner,baseline-official-v2,v1.0.1-official-4c,CHL,MUT,MUT,,debt_consistent,0.1,mid,r1,2034,0.0330984091388773,0.3536801507555609,1.0707511053822747,extreme_or_outside_historical_support,False,extreme_or_outside_historical_support,False,fiscally_ordinary,False,fiscally_ordinary,False,7.234323883021419,32.572273987867185,,,,,False,frontier_exceeds_one;ai_rent_capture_impossible,frontier_exceeds_one;ai_rent_capture_impossible,False,1e-09
official_4c_tierA_baseline_official_v2,deterministic-engine-v1_official-runner,baseline-official-v2,v1.0.1-official-4c,CHL,PBI,PBI,,debt_consistent,0.1,mid,r1,2034,0.054234938330755,0.5795390674081986,1.754529044714236,extreme_or_outside_historical_support,False,extreme_or_outside_historical_support,False,fiscally_ordinary,False,fiscally_ordinary,False,11.00570955341066,55.36487196559922,,,,,False,frontier_exceeds_one;ai_rent_capture_impossible,frontier_exceeds_one;ai_rent_capture_impossible,False,1e-09
official_4c_tierA_baseline_official_v2,deterministic-engine-v1_official-runner,baseline-official-v2,v1.0.1-official-4c,CHL,UBI,UBI,,debt_consistent,0.1,mid,r1,2034,0.1284980109707284,1.373093060189853,4.156978865933428,extreme_or_outside_historical_support,False,extreme_or_outside_historical_support,False,fiscally_ordinary,False,fiscally_ordinary,False,21.23847293538375,135.44653267290562,,,,,False,frontier_exceeds_one;ai_rent_capture_impossible,frontier_exceeds_one;ai_rent_capture_impossible,False,1e-09
official_4c_tierA_baseline_official_v2,deterministic-engine-v1_official-runner,baseline-official-v2,v1.0.1-official-4c,CHL,PEN,PEN,,debt_consistent,0.1,mid,r2,2034,0.0358797541775924,0.3665309948144641,1.160729093815428,extreme_or_outside_historical_support,False,extreme_or_outside_historical_support,False,fiscally_ordinary,False,fiscally_ordinary,False,7.463584854258959,35.42796660219349,,,,,False,frontier_exceeds_one;ai_rent_capture_impossible,frontier_exceeds_one;ai_rent_capture_impossible,False,1e-09
official_4c_tierA_baseline_official_v2,deterministic-engine-v1_official-runner,baseline-official-v2,v1.0.1-official-4c,CHL,GMI,GMI:GMI_ideal_aggregate,GMI_ideal_aggregate,debt_consistent,0.1,mid,r2,2034,0.0052170458718492,0.0532949307271395,0.1687742033362891,fiscally_ordinary,False,fiscally_ordinary,False,fiscally_ordinary,False,fiscally_ordinary,False,1.2249015308368694,2.362803586222204,,,,,False,frontier_exceeds_one;ai_rent_capture_impossible,frontier_exceeds_one;ai_rent_capture_impossible,False,1e-09
official_4c_tierA_baseline_official_v2,deterministic-engine-v1_official-runner,baseline-official-v2,v1.0.1-official-4c,CHL,GMI,GMI:GMI_loaded_aggregate,GMI_loaded_aggregate,debt_consistent,0.1,mid,r2,2034,0.0060220384444492,0.0615183630001957,0.1948161403768081,fiscally_ordinary,False,fiscally_ordinary,True,fiscally_ordinary,False,fiscally_ordinary,False,1.4089144135690943,3.2308681542395026,,,,,False,frontier_exceeds_one;ai_rent_capture_impossible,frontier_exceeds_one;ai_rent_capture_impossible,False,1e-09
official_4c_tierA_baseline_official_v2,deterministic-engine-v1_official-runner,baseline-official-v2,v1.0.1-official-4c,CHL,MUT,MUT,,debt_consistent,0.1,mid,r2,2034,0.0330984091388773,0.3381180586801586,1.0707511053822747,extreme_or_outside_historical_support,False,extreme_or_outside_historical_support,False,fiscally_ordinary,False,fiscally_ordinary,False,6.954056903109307,32.42870032108839,,,,,False,frontier_exceeds_one;ai_rent_capture_impossible,frontier_exceeds_one;ai_rent_capture_impossible,False,1e-09
official_4c_tierA_baseline_official_v2,deterministic-engine-v1_official-runner,baseline-official-v2,v1.0.1-official-4c,CHL,PBI,PBI,,debt_consistent,0.1,mid,r2,2034,0.054234938330755,0.5540390773492926,1.754529044714236,extreme_or_outside_historical_support,False,extreme_or_outside_historical_support,False,fiscally_ordinary,False,fiscally_ordinary,False,10.605165952990664,55.22129829882043,,,,,False,frontier_exceeds_one;ai_rent_capture_impossible,frontier_exceeds_one;ai_rent_capture_impossible,False,1e-09
official_4c_tierA_baseline_official_v2,deterministic-engine-v1_official-runner,baseline-official-v2,v1.0.1-official-4c,CHL,UBI,UBI,,debt_consistent,0.1,mid,r2,2034,0.1284980109707284,1.312676323245125,4.156978865933428,extreme_or_outside_historical_support,False,extreme_or_outside_historical_support,False,fiscally_ordinary,False,fiscally_ordinary,False,20.577759571942,135.30295900612683,,,,,False,frontier_exceeds_one;ai_rent_capture_impossible,frontier_exceeds_one;ai_rent_capture_impossible,False,1e-09
official_4c_tierA_baseline_official_v2,deterministic-engine-v1_official-runner,baseline-official-v2,v1.0.1-official-4c,CHL,PEN,PEN,,debt_consistent,0.1,mid,r3,2034,0.0358941541775924,0.4128195911411244,1.1611949414594285,extreme_or_outside_historical_support,False,extreme_or_outside_historical_support,False,fiscally_ordinary,False,fiscally_ordinary,False,8.273607972520656,35.85820583675807,,,,,False,frontier_exceeds_one;ai_rent_capture_impossible,frontier_exceeds_one;ai_rent_capture_impossible,False,1e-09
official_4c_tierA_baseline_official_v2,deterministic-engine-v1_official-runner,baseline-official-v2,v1.0.1-official-4c,CHL,GMI,GMI:GMI_ideal_aggregate,GMI_ideal_aggregate,debt_consistent,0.1,mid,r3,2034,0.0052470458718492,0.0603464096353531,0.1697447192612898,fiscally_ordinary,False,fiscally_ordinary,False,fiscally_ordinary,False,fiscally_ordinary,False,1.3827685794382027,2.80986509682011,,,,,False,frontier_exceeds_one;ai_rent_capture_impossible,frontier_exceeds_one;ai_rent_capture_impossible,False,1e-09
official_4c_tierA_baseline_official_v2,deterministic-engine-v1_official-runner,baseline-official-v2,v1.0.1-official-4c,CHL,GMI,GMI:GMI_loaded_aggregate,GMI_loaded_aggregate,debt_consistent,0.1,mid,r3,2034,0.0060520384444492,0.0696046499339874,0.1957866563018087,fiscally_ordinary,True,fiscally_ordinary,True,fiscally_ordinary,False,fiscally_ordinary,False,1.5886116213509982,3.677929664837409,,,,,False,frontier_exceeds_one;ai_rent_capture_impossible,frontier_exceeds_one;ai_rent_capture_impossible,False,1e-09
official_4c_tierA_baseline_official_v2,deterministic-engine-v1_official-runner,baseline-official-v2,v1.0.1-official-4c,CHL,MUT,MUT,,debt_consistent,0.1,mid,r3,2034,0.0331080091388773,0.3807760653332297,1.071061670478275,extreme_or_outside_historical_support,False,extreme_or_outside_historical_support,False,fiscally_ordinary,False,fiscally_ordinary,False,7.715462436160038,32.85376347071961,,,,,False,frontier_exceeds_one;ai_rent_capture_impossible,frontier_exceeds_one;ai_rent_capture_impossible,False,1e-09
official_4c_tierA_baseline_official_v2,deterministic-engine-v1_official-runner,baseline-official-v2,v1.0.1-official-4c,CHL,PBI,PBI,,debt_consistent,0.1,mid,r3,2034,0.054242138330755,0.6238402291786368,1.754761968536236,extreme_or_outside_historical_support,False,extreme_or_outside_historical_support,False,fiscally_ordinary,False,fiscally_ordinary,False,11.687937220602969,55.64377340598499,,,,,False,frontier_exceeds_one;ai_rent_capture_impossible,frontier_exceeds_one;ai_rent_capture_impossible,False,1e-09
official_4c_tierA_baseline_official_v2,deterministic-engine-v1_official-runner,baseline-official-v2,v1.0.1-official-4c,CHL,UBI,UBI,,debt_consistent,0.1,mid,r3,2034,0.1285040109707284,1.4779279379717871,4.157172969118427,extreme_or_outside_historical_support,False,extreme_or_outside_historical_support,False,fiscally_ordinary,False,fiscally_ordinary,False,22.349825453396907,135.72414009205804,,,,,False,frontier_exceeds_one;ai_rent_capture_impossible,frontier_exceeds_one;ai_rent_capture_impossible,False,1e-09
official_4c_tierA_baseline_official_v2,deterministic-engine-v1_official-runner,baseline-official-v2,v1.0.1-official-4c,CHL,PEN,PEN,,debt_consistent,0.1,mid,r4,2034,0.0358557541775924,0.3295014306497393,1.1599526810754277,extreme_or_outside_historical_support,False,extreme_or_outside_historical_support,False,fiscally_ordinary,False,fiscally_ordinary,False,6.797610634485301,35.117815874304235,,,,,False,frontier_exceeds_one;ai_rent_capture_impossible,frontier_exceeds_one;ai_rent_capture_impossible,False,1e-09
official_4c_tierA_baseline_official_v2,deterministic-engine-v1_official-runner,baseline-official-v2,v1.0.1-official-4c,CHL,GMI,GMI:GMI_ideal_aggregate,GMI_ideal_aggregate,debt_consistent,0.1,mid,r4,2034,0.0051670458718492,0.0474832853486911,0.1671566767946213,fiscally_ordinary,False,fiscally_ordinary,False,fiscally_ordinary,False,fiscally_ordinary,False,1.0940749670462937,2.0246157316106883,,,,,False,frontier_exceeds_one;ai_rent_capture_impossible,frontier_exceeds_one;ai_rent_capture_impossible,False,1e-09
official_4c_tierA_baseline_official_v2,deterministic-engine-v1_official-runner,baseline-official-v2,v1.0.1-official-4c,CHL,GMI,GMI:GMI_loaded_aggregate,GMI_loaded_aggregate,debt_consistent,0.1,mid,r4,2034,0.0059720384444492,0.0548808763467875,0.1931986138351403,fiscally_ordinary,False,fiscally_ordinary,True,fiscally_ordinary,False,fiscally_ordinary,False,1.2604900801391634,2.8926802996279872,,,,,False,frontier_exceeds_one;ai_rent_capture_impossible,frontier_exceeds_one;ai_rent_capture_impossible,False,1e-09
official_4c_tierA_baseline_official_v2,deterministic-engine-v1_official-runner,baseline-official-v2,v1.0.1-official-4c,CHL,MUT,MUT,,debt_consistent,0.1,mid,r4,2034,0.0330824091388773,0.3040153914099607,1.070233496888941,extreme_or_outside_historical_support,False,extreme_or_outside_historical_support,False,fiscally_ordinary,False,fiscally_ordinary,False,6.329477352024579,32.127176401421345,,,,,False,frontier_exceeds_one;ai_rent_capture_impossible,frontier_exceeds_one;ai_rent_capture_impossible,False,1e-09
official_4c_tierA_baseline_official_v2,deterministic-engine-v1_official-runner,baseline-official-v2,v1.0.1-official-4c,CHL,PBI,PBI,,debt_consistent,0.1,mid,r4,2034,0.054222938330755,0.4982892192289126,1.7541408383442356,extreme_or_outside_historical_support,False,extreme_or_outside_historical_support,False,fiscally_ordinary,False,fiscally_ordinary,False,9.708449763446923,54.9240877832645,,,,,False,frontier_exceeds_one;ai_rent_capture_impossible,frontier_exceeds_one;ai_rent_capture_impossible,False,1e-09
official_4c_tierA_baseline_official_v2,deterministic-engine-v1_official-runner,baseline-official-v2,v1.0.1-official-4c,CHL,UBI,UBI,,debt_consistent,0.1,mid,r4,2034,0.1284880109707284,1.1807584140191445,4.156655360625093,extreme_or_outside_historical_support,False,extreme_or_outside_historical_support,False,fiscally_ordinary,False,fiscally_ordinary,False,19.07935893431288,135.00790519262642,,,,,False,frontier_exceeds_one;ai_rent_capture_impossible,frontier_exceeds_one;ai_rent_capture_impossible,False,1e-09
official_4c_tierA_baseline_official_v2,deterministic-engine-v1_official-runner,baseline-official-v2,v1.0.1-official-4c,CHL,PEN,PEN,,debt_consistent,0.1,high,r0,2034,0.0359037541775924,0.4114399497679841,1.323246322567358,extreme_or_outside_historical_support,False,extreme_or_outside_historical_support,False,fiscally_ordinary,False,fiscally_ordinary,False,9.383009796696085,20.599711112033024,,,,,False,frontier_exceeds_one;ai_rent_capture_impossible,frontier_exceeds_one;ai_rent_capture_impossible,False,1e-09
official_4c_tierA_baseline_official_v2,deterministic-engine-v1_official-runner,baseline-official-v2,v1.0.1-official-4c,CHL,GMI,GMI:GMI_ideal_aggregate,GMI_ideal_aggregate,debt_consistent,0.1,high,r0,2034,0.0052670458718492,0.0603578410831416,0.1941189505209955,fiscally_ordinary,False,fiscally_ordinary,True,fiscally_ordinary,False,fiscally_ordinary,False,1.572996344697427,1.7809215779269791,,,,,False,frontier_exceeds_one;ai_rent_capture_impossible,frontier_exceeds_one;ai_rent_capture_impossible,False,1e-09
official_4c_tierA_baseline_official_v2,deterministic-engine-v1_official-runner,baseline-official-v2,v1.0.1-official-4c,CHL,GMI,GMI:GMI_loaded_aggregate,GMI_loaded_aggregate,debt_consistent,0.1,high,r0,2034,0.0060720384444492,0.0695826731716159,0.2237872536215051,fiscally_ordinary,True,fiscally_ordinary,True,fiscally_ordinary,False,fiscally_ordinary,False,1.806270276934476,2.2753932962688066,,,,,False,frontier_exceeds_one;ai_rent_capture_impossible,frontier_exceeds_one;ai_rent_capture_impossible,False,1e-09
official_4c_tierA_baseline_official_v2,deterministic-engine-v1_official-runner,baseline-official-v2,v1.0.1-official-4c,CHL,MUT,MUT,,debt_consistent,0.1,high,r0,2034,0.0331144091388773,0.3794753820256292,1.2204439652819798,extreme_or_outside_historical_support,False,extreme_or_outside_historical_support,False,fiscally_ordinary,False,fiscally_ordinary,False,8.749214192285622,18.88633849061005,,,,,False,frontier_exceeds_one;ai_rent_capture_impossible,frontier_exceeds_one;ai_rent_capture_impossible,False,1e-09
official_4c_tierA_baseline_official_v2,deterministic-engine-v1_official-runner,baseline-official-v2,v1.0.1-official-4c,CHL,PBI,PBI,,debt_consistent,0.1,high,r0,2034,0.054246938330755,0.6216441175336003,1.9992912524314528,extreme_or_outside_historical_support,False,extreme_or_outside_historical_support,False,fiscally_ordinary,False,fiscally_ordinary,False,13.2553826280229,31.867126609767944,,,,,False,frontier_exceeds_one;ai_rent_capture_impossible,frontier_exceeds_one;ai_rent_capture_impossible,False,1e-09
official_4c_tierA_baseline_official_v2,deterministic-engine-v1_official-runner,baseline-official-v2,v1.0.1-official-4c,CHL,UBI,UBI,,debt_consistent,0.1,high,r0,2034,0.1285080109707284,1.4726406970438284,4.736210929262345,extreme_or_outside_historical_support,False,extreme_or_outside_historical_support,False,fiscally_ordinary,False,fiscally_ordinary,False,25.357219240442056,77.48245455694946,,,,,False,frontier_exceeds_one;ai_rent_capture_impossible,frontier_exceeds_one;ai_rent_capture_impossible,False,1e-09
official_4c_tierA_baseline_official_v2,deterministic-engine-v1_official-runner,baseline-official-v2,v1.0.1-official-4c,CHL,PEN,PEN,,debt_consistent,0.1,high,r1,2034,0.0358797541775924,0.3925578148465961,1.3223617935683978,extreme_or_outside_historical_support,False,extreme_or_outside_historical_support,False,fiscally_ordinary,False,fiscally_ordinary,False,9.010195156651724,20.516031170723974,,,,,False,frontier_exceeds_one;ai_rent_capture_impossible,frontier_exceeds_one;ai_rent_capture_impossible,False,1e-09
official_4c_tierA_baseline_official_v2,deterministic-engine-v1_official-runner,baseline-official-v2,v1.0.1-official-4c,CHL,GMI,GMI:GMI_ideal_aggregate,GMI_ideal_aggregate,debt_consistent,0.1,high,r1,2034,0.0052170458718492,0.0570793243808395,0.1922761817731619,fiscally_ordinary,False,fiscally_ordinary,True,fiscally_ordinary,False,fiscally_ordinary,False,1.4896504209275911,1.6812709741367098,,,,,False,frontier_exceeds_one;ai_rent_capture_impossible,frontier_exceeds_one;ai_rent_capture_impossible,False,1e-09
official_4c_tierA_baseline_official_v2,deterministic-engine-v1_official-runner,baseline-official-v2,v1.0.1-official-4c,CHL,GMI,GMI:GMI_loaded_aggregate,GMI_loaded_aggregate,debt_consistent,0.1,high,r1,2034,0.0060220384444492,0.0658866903316617,0.2219444848736715,fiscally_ordinary,True,fiscally_ordinary,True,fiscally_ordinary,False,fiscally_ordinary,False,1.713025942808379,2.175742692478537,,,,,False,frontier_exceeds_one;ai_rent_capture_impossible,frontier_exceeds_one;ai_rent_capture_impossible,False,1e-09
official_4c_tierA_baseline_official_v2,deterministic-engine-v1_official-runner,baseline-official-v2,v1.0.1-official-4c,CHL,MUT,MUT,,debt_consistent,0.1,high,r1,2034,0.0330984091388773,0.362127318435495,1.219854279282673,extreme_or_outside_historical_support,False,extreme_or_outside_historical_support,False,fiscally_ordinary,False,fiscally_ordinary,False,8.399681308754639,18.807572599295227,,,,,False,frontier_exceeds_one;ai_rent_capture_impossible,frontier_exceeds_one;ai_rent_capture_impossible,False,1e-09
official_4c_tierA_baseline_official_v2,deterministic-engine-v1_official-runner,baseline-official-v2,v1.0.1-official-4c,CHL,PBI,PBI,,debt_consistent,0.1,high,r1,2034,0.054234938330755,0.5933805670485137,1.9988489879319733,extreme_or_outside_historical_support,False,extreme_or_outside_historical_support,False,fiscally_ordinary,False,fiscally_ordinary,False,12.76197421721355,31.790817743450237,,,,,False,frontier_exceeds_one;ai_rent_capture_impossible,frontier_exceeds_one;ai_rent_capture_impossible,False,1e-09
official_4c_tierA_baseline_official_v2,deterministic-engine-v1_official-runner,baseline-official-v2,v1.0.1-official-4c,CHL,UBI,UBI,,debt_consistent,0.1,high,r1,2034,0.1284980109707284,1.405887513864449,4.735842375512778,extreme_or_outside_historical_support,False,extreme_or_outside_historical_support,False,fiscally_ordinary,False,fiscally_ordinary,False,24.5565164117206,77.40737420313032,,,,,False,frontier_exceeds_one;ai_rent_capture_impossible,frontier_exceeds_one;ai_rent_capture_impossible,False,1e-09
official_4c_tierA_baseline_official_v2,deterministic-engine-v1_official-runner,baseline-official-v2,v1.0.1-official-4c,CHL,PEN,PEN,,debt_consistent,0.1,high,r2,2034,0.0358797541775924,0.3752701613104064,1.3223617935683978,extreme_or_outside_historical_support,False,extreme_or_outside_historical_support,False,fiscally_ordinary,False,fiscally_ordinary,False,8.66485121678459,20.445855495944382,,,,,False,frontier_exceeds_one;ai_rent_capture_impossible,frontier_exceeds_one;ai_rent_capture_impossible,False,1e-09
official_4c_tierA_baseline_official_v2,deterministic-engine-v1_official-runner,baseline-official-v2,v1.0.1-official-4c,CHL,GMI,GMI:GMI_ideal_aggregate,GMI_ideal_aggregate,debt_consistent,0.1,high,r2,2034,0.0052170458718492,0.0545656371055999,0.1922761817731619,fiscally_ordinary,False,fiscally_ordinary,True,fiscally_ordinary,False,fiscally_ordinary,False,1.425590152034466,1.61109529935712,,,,,False,frontier_exceeds_one;ai_rent_capture_impossible,frontier_exceeds_one;ai_rent_capture_impossible,False,1e-09
official_4c_tierA_baseline_official_v2,deterministic-engine-v1_official-runner,baseline-official-v2,v1.0.1-official-4c,CHL,GMI,GMI:GMI_loaded_aggregate,GMI_loaded_aggregate,debt_consistent,0.1,high,r2,2034,0.0060220384444492,0.0629851399560945,0.2219444848736715,fiscally_ordinary,True,fiscally_ordinary,True,fiscally_ordinary,False,fiscally_ordinary,False,1.6396198807014566,2.105567017698947,,,,,False,frontier_exceeds_one;ai_rent_capture_impossible,frontier_exceeds_one;ai_rent_capture_impossible,False,1e-09
official_4c_tierA_baseline_official_v2,deterministic-engine-v1_official-runner,baseline-official-v2,v1.0.1-official-4c,CHL,MUT,MUT,,debt_consistent,0.1,high,r2,2034,0.0330984091388773,0.3461797780214831,1.219854279282673,extreme_or_outside_historical_support,False,extreme_or_outside_historical_support,False,fiscally_ordinary,False,fiscally_ordinary,False,8.074813984190637,18.73739692451564,,,,,False,frontier_exceeds_one;ai_rent_capture_impossible,frontier_exceeds_one;ai_rent_capture_impossible,False,1e-09
official_4c_tierA_baseline_official_v2,deterministic-engine-v1_official-runner,baseline-official-v2,v1.0.1-official-4c,CHL,PBI,PBI,,debt_consistent,0.1,high,r2,2034,0.054234938330755,0.567248982679849,1.9988489879319733,extreme_or_outside_historical_support,False,extreme_or_outside_historical_support,False,fiscally_ordinary,False,fiscally_ordinary,False,12.298725620723982,31.72064206867064,,,,,False,frontier_exceeds_one;ai_rent_capture_impossible,frontier_exceeds_one;ai_rent_capture_impossible,False,1e-09
official_4c_tierA_baseline_official_v2,deterministic-engine-v1_official-runner,baseline-official-v2,v1.0.1-official-4c,CHL,UBI,UBI,,debt_consistent,0.1,high,r2,2034,0.1284980109707284,1.343974350168953,4.735842375512778,extreme_or_outside_historical_support,False,extreme_or_outside_historical_support,False,fiscally_ordinary,False,fiscally_ordinary,False,23.795792107260503,77.33719852835073,,,,,False,frontier_exceeds_one;ai_rent_capture_impossible,frontier_exceeds_one;ai_rent_capture_impossible,False,1e-09
official_4c_tierA_baseline_official_v2,deterministic-engine-v1_official-runner,baseline-official-v2,v1.0.1-official-4c,CHL,PEN,PEN,,debt_consistent,0.1,high,r3,2034,0.0358941541775924,0.4153496735660293,1.322892510967774,extreme_or_outside_historical_support,False,extreme_or_outside_historical_support,False,fiscally_ordinary,False,fiscally_ordinary,False,9.459643236628542,20.657889813520136,,,,,False,frontier_exceeds_one;ai_rent_capture_impossible,frontier_exceeds_one;ai_rent_capture_impossible,False,1e-09
official_4c_tierA_baseline_official_v2,deterministic-engine-v1_official-runner,baseline-official-v2,v1.0.1-official-4c,CHL,GMI,GMI:GMI_ideal_aggregate,GMI_ideal_aggregate,debt_consistent,0.1,high,r3,2034,0.0052470458718492,0.0607162597919372,0.1933818430218621,fiscally_ordinary,False,fiscally_ordinary,True,fiscally_ordinary,False,fiscally_ordinary,False,1.5820939389401978,1.8327120144216027,,,,,False,frontier_exceeds_one;ai_rent_capture_impossible,frontier_exceeds_one;ai_rent_capture_impossible,False,1e-09
official_4c_tierA_baseline_official_v2,deterministic-engine-v1_official-runner,baseline-official-v2,v1.0.1-official-4c,CHL,GMI,GMI:GMI_loaded_aggregate,GMI_loaded_aggregate,debt_consistent,0.1,high,r3,2034,0.0060520384444492,0.0700312418527547,0.2230501461223717,fiscally_ordinary,True,fiscally_ordinary,True,fiscally_ordinary,False,fiscally_ordinary,False,1.817567279486547,2.3271837327634293,,,,,False,frontier_exceeds_one;ai_rent_capture_impossible,frontier_exceeds_one;ai_rent_capture_impossible,False,1e-09
official_4c_tierA_baseline_official_v2,deterministic-engine-v1_official-runner,baseline-official-v2,v1.0.1-official-4c,CHL,MUT,MUT,,debt_consistent,0.1,high,r3,2034,0.0331080091388773,0.3831097598850339,1.2202080908822577,extreme_or_outside_historical_support,False,extreme_or_outside_historical_support,False,fiscally_ordinary,False,fiscally_ordinary,False,8.821938958440468,18.94648281209486,,,,,False,frontier_exceeds_one;ai_rent_capture_impossible,frontier_exceeds_one;ai_rent_capture_impossible,False,1e-09
official_4c_tierA_baseline_official_v2,deterministic-engine-v1_official-runner,baseline-official-v2,v1.0.1-official-4c,CHL,PBI,PBI,,debt_consistent,0.1,high,r3,2034,0.054242138330755,0.6276636116771045,1.9991143466316608,extreme_or_outside_historical_support,False,extreme_or_outside_historical_support,False,fiscally_ordinary,False,fiscally_ordinary,False,13.359466827763374,31.92825374125159,,,,,False,frontier_exceeds_one;ai_rent_capture_impossible,frontier_exceeds_one;ai_rent_capture_impossible,False,1e-09
official_4c_tierA_baseline_official_v2,deterministic-engine-v1_official-runner,baseline-official-v2,v1.0.1-official-4c,CHL,UBI,UBI,,debt_consistent,0.1,high,r3,2034,0.1285040109707284,1.486985840216209,4.736063507762519,extreme_or_outside_historical_support,False,extreme_or_outside_historical_support,False,fiscally_ordinary,False,fiscally_ordinary,False,25.52674589458675,77.54407309343256,,,,,False,frontier_exceeds_one;ai_rent_capture_impossible,frontier_exceeds_one;ai_rent_capture_impossible,False,1e-09
official_4c_tierA_baseline_official_v2,deterministic-engine-v1_official-runner,baseline-official-v2,v1.0.1-official-4c,CHL,PEN,PEN,,debt_consistent,0.1,high,r4,2034,0.0358557541775924,0.3300117632711078,1.321477264569438,extreme_or_outside_historical_support,False,extreme_or_outside_historical_support,False,fiscally_ordinary,False,fiscally_ordinary,False,7.741900116904087,20.29378894994323,,,,,False,frontier_exceeds_one;ai_rent_capture_impossible,frontier_exceeds_one;ai_rent_capture_impossible,False,1e-09
official_4c_tierA_baseline_official_v2,deterministic-engine-v1_official-runner,baseline-official-v2,v1.0.1-official-4c,CHL,GMI,GMI:GMI_ideal_aggregate,GMI_ideal_aggregate,debt_consistent,0.1,high,r4,2034,0.0051670458718492,0.0475568275771281,0.1904334130253283,fiscally_ordinary,False,fiscally_ordinary,True,fiscally_ordinary,False,fiscally_ordinary,False,1.2462450306536,1.4430580908747352,,,,,False,frontier_exceeds_one;ai_rent_capture_impossible,frontier_exceeds_one;ai_rent_capture_impossible,False,1e-09
official_4c_tierA_baseline_official_v2,deterministic-engine-v1_official-runner,baseline-official-v2,v1.0.1-official-4c,CHL,GMI,GMI:GMI_loaded_aggregate,GMI_loaded_aggregate,debt_consistent,0.1,high,r4,2034,0.0059720384444492,0.0549658759822484,0.2201017161258379,fiscally_ordinary,True,fiscally_ordinary,True,fiscally_ordinary,False,fiscally_ordinary,False,1.4357992649056512,1.937529809216562,,,,,False,frontier_exceeds_one;ai_rent_capture_impossible,frontier_exceeds_one;ai_rent_capture_impossible,False,1e-09
official_4c_tierA_baseline_official_v2,deterministic-engine-v1_official-runner,baseline-official-v2,v1.0.1-official-4c,CHL,MUT,MUT,,debt_consistent,0.1,high,r4,2034,0.0330824091388773,0.3044862511914454,1.2192645932833666,extreme_or_outside_historical_support,False,extreme_or_outside_historical_support,False,fiscally_ordinary,False,fiscally_ordinary,False,7.208817966566947,18.590244428508708,,,,,False,frontier_exceeds_one;ai_rent_capture_impossible,frontier_exceeds_one;ai_rent_capture_impossible,False,1e-09
official_4c_tierA_baseline_official_v2,deterministic-engine-v1_official-runner,baseline-official-v2,v1.0.1-official-4c,CHL,PBI,PBI,,debt_consistent,0.1,high,r4,2034,0.054222938330755,0.4990609707898917,1.998406723432493,extreme_or_outside_historical_support,False,extreme_or_outside_historical_support,False,fiscally_ordinary,False,fiscally_ordinary,False,11.05635564322778,31.575946597660813,,,,,False,frontier_exceeds_one;ai_rent_capture_impossible,frontier_exceeds_one;ai_rent_capture_impossible,False,1e-09
official_4c_tierA_baseline_official_v2,deterministic-engine-v1_official-runner,baseline-official-v2,v1.0.1-official-4c,CHL,UBI,UBI,,debt_consistent,0.1,high,r4,2034,0.1284880109707284,1.1825871755375426,4.735473821763211,extreme_or_outside_historical_support,False,extreme_or_outside_historical_support,False,fiscally_ordinary,False,fiscally_ordinary,False,21.724358582425225,77.19373156983944,,,,,False,frontier_exceeds_one;ai_rent_capture_impossible,frontier_exceeds_one;ai_rent_capture_impossible,False,1e-09
official_4c_tierA_baseline_official_v2,deterministic-engine-v1_official-runner,baseline-official-v2,v1.0.1-official-4c,CHL,PEN,PEN,,debt_consistent,0.1,stress,r0,2034,0.0359037541775924,0.4329821000963693,0.317805701836519,fiscally_moderate,True,fiscally_moderate,True,fiscally_ordinary,False,fiscally_ordinary,False,2.4420482816282183,2.3488367302839666,,,,,False,frontier_exceeds_one;ai_rent_capture_impossible,frontier_exceeds_one;ai_rent_capture_impossible,False,1e-09
official_4c_tierA_baseline_official_v2,deterministic-engine-v1_official-runner,baseline-official-v2,v1.0.1-official-4c,CHL,GMI,GMI:GMI_ideal_aggregate,GMI_ideal_aggregate,debt_consistent,0.1,stress,r0,2034,0.0052670458718492,0.0635180536168128,0.0466217878394694,fiscally_ordinary,False,fiscally_ordinary,False,fiscally_ordinary,False,fiscally_ordinary,False,0.4118156012778493,0.0,0.07573616388301,0.0,,0.0631439905622056,True,requirement_already_covered,requirement_already_covered,False,1e-09
official_4c_tierA_baseline_official_v2,deterministic-engine-v1_official-runner,baseline-official-v2,v1.0.1-official-4c,CHL,GMI,GMI:GMI_loaded_aggregate,GMI_loaded_aggregate,debt_consistent,0.1,stress,r0,2034,0.0060720384444492,0.073225878957926,0.0537472607981717,fiscally_ordinary,False,fiscally_ordinary,False,fiscally_ordinary,False,fiscally_ordinary,False,0.4727949826995826,0.0,0.0869507571900382,0.0,,0.0724940043402522,True,requirement_already_covered,requirement_already_covered,False,1e-09
official_4c_tierA_baseline_official_v2,deterministic-engine-v1_official-runner,baseline-official-v2,v1.0.1-official-4c,CHL,MUT,MUT,,debt_consistent,0.1,stress,r0,2034,0.0331144091388773,0.3993439332689572,0.2931155328556299,fiscally_moderate,True,fiscally_ordinary,True,fiscally_ordinary,False,fiscally_ordinary,False,2.2780812264295256,2.1019350404750754,,,,,False,frontier_exceeds_one;ai_rent_capture_impossible,frontier_exceeds_one;ai_rent_capture_impossible,False,1e-09
official_4c_tierA_baseline_official_v2,deterministic-engine-v1_official-runner,baseline-official-v2,v1.0.1-official-4c,CHL,PBI,PBI,,debt_consistent,0.1,stress,r0,2034,0.054246938330755,0.6541921261511807,0.4801722467074891,extreme_or_outside_historical_support,False,extreme_or_outside_historical_support,True,fiscally_ordinary,False,fiscally_ordinary,False,3.44129424842079,3.9725021789936674,,,,,False,frontier_exceeds_one;ai_rent_capture_impossible,frontier_exceeds_one;ai_rent_capture_impossible,False,1e-09
official_4c_tierA_baseline_official_v2,deterministic-engine-v1_official-runner,baseline-official-v2,v1.0.1-official-4c,CHL,UBI,UBI,,debt_consistent,0.1,stress,r0,2034,0.1285080109707284,1.5497451379064755,1.1375016221466898,extreme_or_outside_historical_support,False,extreme_or_outside_historical_support,False,fiscally_ordinary,False,fiscally_ordinary,False,6.54131240261922,10.545795933385673,,,,,False,frontier_exceeds_one;ai_rent_capture_impossible,frontier_exceeds_one;ai_rent_capture_impossible,False,1e-09
official_4c_tierA_baseline_official_v2,deterministic-engine-v1_official-runner,baseline-official-v2,v1.0.1-official-4c,CHL,PEN,PEN,,debt_consistent,0.1,stress,r1,2034,0.0358797541775924,0.413119671184108,0.3175932634155576,fiscally_moderate,True,fiscally_moderate,True,fiscally_ordinary,False,fiscally_ordinary,False,2.3456545621781903,2.307425112479065,,,,,False,frontier_exceeds_one;ai_rent_capture_impossible,frontier_exceeds_one;ai_rent_capture_impossible,False,1e-09
official_4c_tierA_baseline_official_v2,deterministic-engine-v1_official-runner,baseline-official-v2,v1.0.1-official-4c,CHL,GMI,GMI:GMI_ideal_aggregate,GMI_ideal_aggregate,debt_consistent,0.1,stress,r1,2034,0.0052170458718492,0.0600690925713408,0.0461792077957997,fiscally_ordinary,False,fiscally_ordinary,False,fiscally_ordinary,False,fiscally_ordinary,False,0.3900304152102284,0.0,0.071729694873811,0.0,,0.0598036518257262,True,requirement_already_covered,requirement_already_covered,False,1e-09
official_4c_tierA_baseline_official_v2,deterministic-engine-v1_official-runner,baseline-official-v2,v1.0.1-official-4c,CHL,GMI,GMI:GMI_loaded_aggregate,GMI_loaded_aggregate,debt_consistent,0.1,stress,r1,2034,0.0060220384444492,0.0693377811262322,0.053304680754502,fiscally_ordinary,False,fiscally_ordinary,False,fiscally_ordinary,False,fiscally_ordinary,False,0.4484318591525641,0.0,0.0824701849720439,0.0,,0.0687583885381593,True,requirement_already_covered,requirement_already_covered,False,1e-09
official_4c_tierA_baseline_official_v2,deterministic-engine-v1_official-runner,baseline-official-v2,v1.0.1-official-4c,CHL,MUT,MUT,,debt_consistent,0.1,stress,r1,2034,0.0330984091388773,0.3810952503322752,0.2929739072416556,fiscally_moderate,True,fiscally_ordinary,True,fiscally_ordinary,False,fiscally_ordinary,False,2.187639148002551,2.061231550740045,,,,,False,frontier_exceeds_one;ai_rent_capture_impossible,frontier_exceeds_one;ai_rent_capture_impossible,False,1e-09
official_4c_tierA_baseline_official_v2,deterministic-engine-v1_official-runner,baseline-official-v2,v1.0.1-official-4c,CHL,PBI,PBI,,debt_consistent,0.1,stress,r1,2034,0.054234938330755,0.6244613544170974,0.4800660274970084,extreme_or_outside_historical_support,False,extreme_or_outside_historical_support,True,fiscally_ordinary,False,fiscally_ordinary,False,3.314258447272888,3.932152753293573,,,,,False,frontier_exceeds_one;ai_rent_capture_impossible,frontier_exceeds_one;ai_rent_capture_impossible,False,1e-09
official_4c_tierA_baseline_official_v2,deterministic-engine-v1_official-runner,baseline-official-v2,v1.0.1-official-4c,CHL,UBI,UBI,,debt_consistent,0.1,stress,r1,2034,0.1284980109707284,1.4795267486306178,1.137413106137956,extreme_or_outside_historical_support,False,extreme_or_outside_historical_support,False,fiscally_ordinary,False,fiscally_ordinary,False,6.337159233043481,10.505623539703048,,,,,False,frontier_exceeds_one;ai_rent_capture_impossible,frontier_exceeds_one;ai_rent_capture_impossible,False,1e-09
official_4c_tierA_baseline_official_v2,deterministic-engine-v1_official-runner,baseline-official-v2,v1.0.1-official-4c,CHL,PEN,PEN,,debt_consistent,0.1,stress,r2,2034,0.0358797541775924,0.394820444591291,0.3175932634155576,fiscally_moderate,True,fiscally_moderate,True,fiscally_ordinary,False,fiscally_ordinary,False,2.255761811163411,2.267171330907099,,,,,False,frontier_exceeds_one;ai_rent_capture_impossible,frontier_exceeds_one;ai_rent_capture_impossible,False,1e-09
official_4c_tierA_baseline_official_v2,deterministic-engine-v1_official-runner,baseline-official-v2,v1.0.1-official-4c,CHL,GMI,GMI:GMI_ideal_aggregate,GMI_ideal_aggregate,debt_consistent,0.1,stress,r2,2034,0.0052170458718492,0.0574083189193934,0.0461792077957997,fiscally_ordinary,False,fiscally_ordinary,False,fiscally_ordinary,False,fiscally_ordinary,False,0.373180141635612,0.0,0.0686307955270862,0.0,,0.05721998688172,True,requirement_already_covered,requirement_already_covered,False,1e-09
official_4c_tierA_baseline_official_v2,deterministic-engine-v1_official-runner,baseline-official-v2,v1.0.1-official-4c,CHL,GMI,GMI:GMI_loaded_aggregate,GMI_loaded_aggregate,debt_consistent,0.1,stress,r2,2034,0.0060220384444492,0.0662664488785198,0.053304680754502,fiscally_ordinary,False,fiscally_ordinary,False,fiscally_ordinary,False,fiscally_ordinary,False,0.4291302242034361,0.0,0.0789204607690686,0.0,,0.0657988545365755,True,requirement_already_covered,requirement_already_covered,False,1e-09
official_4c_tierA_baseline_official_v2,deterministic-engine-v1_official-runner,baseline-official-v2,v1.0.1-official-4c,CHL,MUT,MUT,,debt_consistent,0.1,stress,r2,2034,0.0330984091388773,0.364214552496493,0.2929739072416556,fiscally_moderate,True,fiscally_ordinary,True,fiscally_ordinary,False,fiscally_ordinary,False,2.1030141662113246,2.020977769168079,,,,,False,frontier_exceeds_one;ai_rent_capture_impossible,frontier_exceeds_one;ai_rent_capture_impossible,False,1e-09
official_4c_tierA_baseline_official_v2,deterministic-engine-v1_official-runner,baseline-official-v2,v1.0.1-official-4c,CHL,PBI,PBI,,debt_consistent,0.1,stress,r2,2034,0.054234938330755,0.5968007015360989,0.4800660274970084,extreme_or_outside_historical_support,False,extreme_or_outside_historical_support,True,fiscally_ordinary,False,fiscally_ordinary,False,3.1941748085710104,3.891898971721607,,,,,False,frontier_exceeds_one;ai_rent_capture_impossible,frontier_exceeds_one;ai_rent_capture_impossible,False,1e-09
official_4c_tierA_baseline_official_v2,deterministic-engine-v1_official-runner,baseline-official-v2,v1.0.1-official-4c,CHL,UBI,UBI,,debt_consistent,0.1,stress,r2,2034,0.1284980109707284,1.4139907862647405,1.137413106137956,extreme_or_outside_historical_support,False,extreme_or_outside_historical_support,False,fiscally_ordinary,False,fiscally_ordinary,False,6.1418698714781295,10.465369758131082,,,,,False,frontier_exceeds_one;ai_rent_capture_impossible,frontier_exceeds_one;ai_rent_capture_impossible,False,1e-09
official_4c_tierA_baseline_official_v2,deterministic-engine-v1_official-runner,baseline-official-v2,v1.0.1-official-4c,CHL,PEN,PEN,,debt_consistent,0.1,stress,r3,2034,0.0358941541775924,0.4262167406675866,0.3177207264681345,fiscally_moderate,True,fiscally_moderate,True,fiscally_ordinary,False,fiscally_ordinary,False,2.409351321213235,2.3850499594246064,,,,,False,frontier_exceeds_one;ai_rent_capture_impossible,frontier_exceeds_one;ai_rent_capture_impossible,False,1e-09
official_4c_tierA_baseline_official_v2,deterministic-engine-v1_official-runner,baseline-official-v2,v1.0.1-official-4c,CHL,GMI,GMI:GMI_ideal_aggregate,GMI_ideal_aggregate,debt_consistent,0.1,stress,r3,2034,0.0052470458718492,0.0623048192908522,0.0464447558220015,fiscally_ordinary,False,fiscally_ordinary,False,fiscally_ordinary,False,fiscally_ordinary,False,0.4041595276981325,0.0,0.0743281510510759,0.0,,0.0619700791221893,True,requirement_already_covered,requirement_already_covered,False,1e-09
official_4c_tierA_baseline_official_v2,deterministic-engine-v1_official-runner,baseline-official-v2,v1.0.1-official-4c,CHL,GMI,GMI:GMI_loaded_aggregate,GMI_loaded_aggregate,debt_consistent,0.1,stress,r3,2034,0.0060520384444492,0.0718635153631329,0.0535702287807038,fiscally_ordinary,False,fiscally_ordinary,False,fiscally_ordinary,False,fiscally_ordinary,False,0.4642673603188404,0.0,0.0853824596008165,0.0,,0.0711864576762006,True,requirement_already_covered,requirement_already_covered,False,1e-09
official_4c_tierA_baseline_official_v2,deterministic-engine-v1_official-runner,baseline-official-v2,v1.0.1-official-4c,CHL,MUT,MUT,,debt_consistent,0.1,stress,r3,2034,0.0331080091388773,0.3931333128884294,0.2930588826100402,fiscally_moderate,True,fiscally_ordinary,True,fiscally_ordinary,False,fiscally_ordinary,False,2.247420626054171,2.1384315208436644,,,,,False,frontier_exceeds_one;ai_rent_capture_impossible,frontier_exceeds_one;ai_rent_capture_impossible,False,1e-09
official_4c_tierA_baseline_official_v2,deterministic-engine-v1_official-runner,baseline-official-v2,v1.0.1-official-4c,CHL,PBI,PBI,,debt_consistent,0.1,stress,r3,2034,0.054242138330755,0.644085588193276,0.4801297590232968,extreme_or_outside_historical_support,False,extreme_or_outside_historical_support,True,fiscally_ordinary,False,fiscally_ordinary,False,3.398342503449133,4.00914028497623,,,,,False,frontier_exceeds_one;ai_rent_capture_impossible,frontier_exceeds_one;ai_rent_capture_impossible,False,1e-09
official_4c_tierA_baseline_official_v2,deterministic-engine-v1_official-runner,baseline-official-v2,v1.0.1-official-4c,CHL,UBI,UBI,,debt_consistent,0.1,stress,r3,2034,0.1285040109707284,1.5258908302357237,1.1374662157431965,extreme_or_outside_historical_support,False,extreme_or_outside_historical_support,False,fiscally_ordinary,False,fiscally_ordinary,False,6.472532133982894,10.582504852175225,,,,,False,frontier_exceeds_one;ai_rent_capture_impossible,frontier_exceeds_one;ai_rent_capture_impossible,False,1e-09
official_4c_tierA_baseline_official_v2,deterministic-engine-v1_official-runner,baseline-official-v2,v1.0.1-official-4c,CHL,PEN,PEN,,debt_consistent,0.1,stress,r4,2034,0.0358557541775924,0.3362861768571635,0.3173808249945961,fiscally_moderate,True,fiscally_moderate,True,fiscally_ordinary,False,fiscally_ordinary,False,1.960913935166721,2.187580832789231,,,,,False,frontier_exceeds_one;ai_rent_capture_impossible,frontier_exceeds_one;ai_rent_capture_impossible,False,1e-09
official_4c_tierA_baseline_official_v2,deterministic-engine-v1_official-runner,baseline-official-v2,v1.0.1-official-4c,CHL,GMI,GMI:GMI_ideal_aggregate,GMI_ideal_aggregate,debt_consistent,0.1,stress,r4,2034,0.0051670458718492,0.04846101111926,0.0457366277521299,fiscally_ordinary,False,fiscally_ordinary,False,fiscally_ordinary,False,fiscally_ordinary,False,0.3162369150848685,0.0,0.058158483206631,0.0,,0.0484888397234098,True,requirement_already_covered,requirement_already_covered,False,1e-09
official_4c_tierA_baseline_official_v2,deterministic-engine-v1_official-runner,baseline-official-v2,v1.0.1-official-4c,CHL,GMI,GMI:GMI_loaded_aggregate,GMI_loaded_aggregate,debt_consistent,0.1,stress,r4,2034,0.0059720384444492,0.0560109255150711,0.0528621007108323,fiscally_ordinary,False,fiscally_ordinary,False,fiscally_ordinary,False,fiscally_ordinary,False,0.3643153733475739,0.0,0.0670004941236687,0.0,,0.0558607453856623,True,requirement_already_covered,requirement_already_covered,False,1e-09
official_4c_tierA_baseline_official_v2,deterministic-engine-v1_official-runner,baseline-official-v2,v1.0.1-official-4c,CHL,MUT,MUT,,debt_consistent,0.1,stress,r4,2034,0.0330824091388773,0.3102753559563966,0.2928322816276813,fiscally_moderate,True,fiscally_ordinary,True,fiscally_ordinary,False,fiscally_ordinary,False,1.826145571378269,1.942095399120083,,,,,False,frontier_exceeds_one;ai_rent_capture_impossible,frontier_exceeds_one;ai_rent_capture_impossible,False,1e-09
official_4c_tierA_baseline_official_v2,deterministic-engine-v1_official-runner,baseline-official-v2,v1.0.1-official-4c,CHL,PBI,PBI,,debt_consistent,0.1,stress,r4,2034,0.054222938330755,0.5085494656979408,0.4799598082865276,extreme_or_outside_historical_support,False,extreme_or_outside_historical_support,True,fiscally_ordinary,False,fiscally_ordinary,False,2.798118431079588,3.8133706657085455,,,,,False,frontier_exceeds_one;ai_rent_capture_impossible,frontier_exceeds_one;ai_rent_capture_impossible,False,1e-09
official_4c_tierA_baseline_official_v2,deterministic-engine-v1_official-runner,baseline-official-v2,v1.0.1-official-4c,CHL,UBI,UBI,,debt_consistent,0.1,stress,r4,2034,0.1284880109707284,1.2050713469117378,1.137324590129222,extreme_or_outside_historical_support,False,extreme_or_outside_historical_support,False,fiscally_ordinary,False,fiscally_ordinary,False,5.485770542707919,10.387018484135488,,,,,False,frontier_exceeds_one;ai_rent_capture_impossible,frontier_exceeds_one;ai_rent_capture_impossible,False,1e-09
official_4c_tierA_baseline_official_v2,deterministic-engine-v1_official-runner,baseline-official-v2,v1.0.1-official-4c,COL,PEN,PEN,,debt_consistent,0.1,low,r0,2034,0.0279729756868107,0.2865590689362585,9.31933626138071,extreme_or_outside_historical_support,False,extreme_or_outside_historical_support,False,fiscally_ordinary,False,fiscally_ordinary,False,51.03451468860361,,,,,,False,frontier_exceeds_one;ai_rent_capture_impossible,frontier_exceeds_one;ai_rent_capture_impossible,False,1e-09
official_4c_tierA_baseline_official_v2,deterministic-engine-v1_official-runner,baseline-official-v2,v1.0.1-official-4c,COL,GMI,GMI:GMI_ideal_aggregate,GMI_ideal_aggregate,debt_consistent,0.1,low,r0,2034,0.0527688679598488,0.5405716517504572,17.5802113495598,extreme_or_outside_historical_support,False,extreme_or_outside_historical_support,False,fiscally_ordinary,False,fiscally_ordinary,False,88.3254726072273,,,,,,False,frontier_exceeds_one;ai_rent_capture_impossible,frontier_exceeds_one;ai_rent_capture_impossible,False,1e-09
official_4c_tierA_baseline_official_v2,deterministic-engine-v1_official-runner,baseline-official-v2,v1.0.1-official-4c,COL,GMI,GMI:GMI_loaded_aggregate,GMI_loaded_aggregate,debt_consistent,0.1,low,r0,2034,0.0691915227615853,0.7088076207133909,23.05150064375253,extreme_or_outside_historical_support,False,extreme_or_outside_historical_support,False,fiscally_ordinary,False,fiscally_ordinary,False,110.08190338769866,,,,,,False,frontier_exceeds_one;ai_rent_capture_impossible,frontier_exceeds_one;ai_rent_capture_impossible,False,1e-09
official_4c_tierA_baseline_official_v2,deterministic-engine-v1_official-runner,baseline-official-v2,v1.0.1-official-4c,COL,MUT,MUT,,debt_consistent,0.1,low,r0,2034,0.0696384570042012,0.7133860775023179,23.200399014104587,extreme_or_outside_historical_support,False,extreme_or_outside_historical_support,False,fiscally_ordinary,False,fiscally_ordinary,False,110.64658312565996,,,,,,False,frontier_exceeds_one;ai_rent_capture_impossible,frontier_exceeds_one;ai_rent_capture_impossible,False,1e-09
official_4c_tierA_baseline_official_v2,deterministic-engine-v1_official-runner,baseline-official-v2,v1.0.1-official-4c,COL,PBI,PBI,,debt_consistent,0.1,low,r0,2034,0.0988977021162082,1.0131218700382472,32.94826234498076,extreme_or_outside_historical_support,False,extreme_or_outside_historical_support,False,fiscally_ordinary,False,fiscally_ordinary,False,144.9491572652093,,,,,,False,frontier_exceeds_one;ai_rent_capture_impossible,frontier_exceeds_one;ai_rent_capture_impossible,False,1e-09
official_4c_tierA_baseline_official_v2,deterministic-engine-v1_official-runner,baseline-official-v2,v1.0.1-official-4c,COL,UBI,UBI,,debt_consistent,0.1,low,r0,2034,0.2258047095428441,2.313174974749964,75.22796434650927,extreme_or_outside_historical_support,False,extreme_or_outside_historical_support,False,fiscally_ordinary,False,fiscally_ordinary,False,254.5217680525909,,,,,,False,frontier_exceeds_one;ai_rent_capture_impossible,frontier_exceeds_one;ai_rent_capture_impossible,False,1e-09
official_4c_tierA_baseline_official_v2,deterministic-engine-v1_official-runner,baseline-official-v2,v1.0.1-official-4c,COL,PEN,PEN,,debt_consistent,0.1,low,r1,2034,0.0279489756868107,0.2704622261371837,9.311340541769852,extreme_or_outside_historical_support,False,extreme_or_outside_historical_support,False,fiscally_ordinary,False,fiscally_ordinary,False,48.45378992435779,,,,,,False,frontier_exceeds_one;ai_rent_capture_impossible,frontier_exceeds_one;ai_rent_capture_impossible,False,1e-09
official_4c_tierA_baseline_official_v2,deterministic-engine-v1_official-runner,baseline-official-v2,v1.0.1-official-4c,COL,GMI,GMI:GMI_ideal_aggregate,GMI_ideal_aggregate,debt_consistent,0.1,low,r1,2034,0.0527188679598488,0.5101604633969329,17.563553600370508,extreme_or_outside_historical_support,False,extreme_or_outside_historical_support,False,fiscally_ordinary,False,fiscally_ordinary,False,84.16599283805797,,,,,,False,frontier_exceeds_one;ai_rent_capture_impossible,frontier_exceeds_one;ai_rent_capture_impossible,False,1e-09
official_4c_tierA_baseline_official_v2,deterministic-engine-v1_official-runner,baseline-official-v2,v1.0.1-official-4c,COL,GMI,GMI:GMI_loaded_aggregate,GMI_loaded_aggregate,debt_consistent,0.1,low,r1,2034,0.0691415227615853,0.6690824871065971,23.03484289456324,extreme_or_outside_historical_support,False,extreme_or_outside_historical_support,False,fiscally_ordinary,False,fiscally_ordinary,False,105.12445144423536,,,,,,False,frontier_exceeds_one;ai_rent_capture_impossible,frontier_exceeds_one;ai_rent_capture_impossible,False,1e-09
official_4c_tierA_baseline_official_v2,deterministic-engine-v1_official-runner,baseline-official-v2,v1.0.1-official-4c,COL,MUT,MUT,,debt_consistent,0.1,low,r1,2034,0.0696224570042012,0.6737364875730578,23.19506853436401,extreme_or_outside_historical_support,False,extreme_or_outside_historical_support,False,fiscally_ordinary,False,fiscally_ordinary,False,105.71070039892447,,,,,,False,frontier_exceeds_one;ai_rent_capture_impossible,frontier_exceeds_one;ai_rent_capture_impossible,False,1e-09
official_4c_tierA_baseline_official_v2,deterministic-engine-v1_official-runner,baseline-official-v2,v1.0.1-official-4c,COL,PBI,PBI,,debt_consistent,0.1,low,r1,2034,0.0988857021162082,0.956916898393137,32.944264485175324,extreme_or_outside_historical_support,False,extreme_or_outside_historical_support,False,fiscally_ordinary,False,fiscally_ordinary,False,138.88401123566638,,,,,,False,frontier_exceeds_one;ai_rent_capture_impossible,frontier_exceeds_one;ai_rent_capture_impossible,False,1e-09
official_4c_tierA_baseline_official_v2,deterministic-engine-v1_official-runner,baseline-official-v2,v1.0.1-official-4c,COL,UBI,UBI,,debt_consistent,0.1,low,r1,2034,0.225794709542844,2.185015310660391,75.2246327966714,extreme_or_outside_historical_support,False,extreme_or_outside_historical_support,False,fiscally_ordinary,False,fiscally_ordinary,False,245.64523606263708,,,,,,False,frontier_exceeds_one;ai_rent_capture_impossible,frontier_exceeds_one;ai_rent_capture_impossible,False,1e-09
official_4c_tierA_baseline_official_v2,deterministic-engine-v1_official-runner,baseline-official-v2,v1.0.1-official-4c,COL,PEN,PEN,,debt_consistent,0.1,low,r2,2034,0.0279489756868107,0.2587354402086277,9.311340541769852,extreme_or_outside_historical_support,False,extreme_or_outside_historical_support,False,fiscally_ordinary,False,fiscally_ordinary,False,46.55509952382377,,,,,,False,frontier_exceeds_one;ai_rent_capture_impossible,frontier_exceeds_one;ai_rent_capture_impossible,False,1e-09
official_4c_tierA_baseline_official_v2,deterministic-engine-v1_official-runner,baseline-official-v2,v1.0.1-official-4c,COL,GMI,GMI:GMI_ideal_aggregate,GMI_ideal_aggregate,debt_consistent,0.1,low,r2,2034,0.0527188679598488,0.4880407662070033,17.563553600370508,extreme_or_outside_historical_support,False,extreme_or_outside_historical_support,False,fiscally_ordinary,False,fiscally_ordinary,False,81.09295288858092,,,,,,False,frontier_exceeds_one;ai_rent_capture_impossible,frontier_exceeds_one;ai_rent_capture_impossible,False,1e-09
official_4c_tierA_baseline_official_v2,deterministic-engine-v1_official-runner,baseline-official-v2,v1.0.1-official-4c,COL,GMI,GMI:GMI_loaded_aggregate,GMI_loaded_aggregate,debt_consistent,0.1,low,r2,2034,0.0691415227615853,0.6400721990271625,23.03484289456324,extreme_or_outside_historical_support,False,extreme_or_outside_historical_support,False,fiscally_ordinary,False,fiscally_ordinary,False,101.43660198665268,,,,,,False,frontier_exceeds_one;ai_rent_capture_impossible,frontier_exceeds_one;ai_rent_capture_impossible,False,1e-09
official_4c_tierA_baseline_official_v2,deterministic-engine-v1_official-runner,baseline-official-v2,v1.0.1-official-4c,COL,MUT,MUT,,debt_consistent,0.1,low,r2,2034,0.0696224570042012,0.6445244098834397,23.19506853436401,extreme_or_outside_historical_support,False,extreme_or_outside_historical_support,False,fiscally_ordinary,False,fiscally_ordinary,False,102.0063713682561,,,,,,False,frontier_exceeds_one;ai_rent_capture_impossible,frontier_exceeds_one;ai_rent_capture_impossible,False,1e-09
official_4c_tierA_baseline_official_v2,deterministic-engine-v1_official-runner,baseline-official-v2,v1.0.1-official-4c,COL,PBI,PBI,,debt_consistent,0.1,low,r2,2034,0.0988857021162082,0.9154265957392564,32.944264485175324,extreme_or_outside_historical_support,False,extreme_or_outside_historical_support,False,fiscally_ordinary,False,fiscally_ordinary,False,134.3053204214383,,,,,,False,frontier_exceeds_one;ai_rent_capture_impossible,frontier_exceeds_one;ai_rent_capture_impossible,False,1e-09
official_4c_tierA_baseline_official_v2,deterministic-engine-v1_official-runner,baseline-official-v2,v1.0.1-official-4c,COL,UBI,UBI,,debt_consistent,0.1,low,r2,2034,0.225794709542844,2.0902767323210445,75.2246327966714,extreme_or_outside_historical_support,False,extreme_or_outside_historical_support,False,fiscally_ordinary,False,fiscally_ordinary,False,238.8744121278764,,,,,,False,frontier_exceeds_one;ai_rent_capture_impossible,frontier_exceeds_one;ai_rent_capture_impossible,False,1e-09
official_4c_tierA_baseline_official_v2,deterministic-engine-v1_official-runner,baseline-official-v2,v1.0.1-official-4c,COL,PEN,PEN,,debt_consistent,0.1,low,r3,2034,0.0279633756868107,0.2965579196170013,9.316137973536367,extreme_or_outside_historical_support,False,extreme_or_outside_historical_support,False,fiscally_ordinary,False,fiscally_ordinary,False,52.62298558084091,,,,,,False,frontier_exceeds_one;ai_rent_capture_impossible,frontier_exceeds_one;ai_rent_capture_impossible,False,1e-09
official_4c_tierA_baseline_official_v2,deterministic-engine-v1_official-runner,baseline-official-v2,v1.0.1-official-4c,COL,GMI,GMI:GMI_ideal_aggregate,GMI_ideal_aggregate,debt_consistent,0.1,low,r3,2034,0.0527488679598488,0.559413667345711,17.573548249884084,extreme_or_outside_historical_support,False,extreme_or_outside_historical_support,False,fiscally_ordinary,False,fiscally_ordinary,False,90.86565703879292,,,,,,False,frontier_exceeds_one;ai_rent_capture_impossible,frontier_exceeds_one;ai_rent_capture_impossible,False,1e-09
official_4c_tierA_baseline_official_v2,deterministic-engine-v1_official-runner,baseline-official-v2,v1.0.1-official-4c,COL,GMI,GMI:GMI_loaded_aggregate,GMI_loaded_aggregate,debt_consistent,0.1,low,r3,2034,0.0691715227615853,0.7335796334700461,23.044837544076813,extreme_or_outside_historical_support,False,extreme_or_outside_historical_support,False,fiscally_ordinary,False,fiscally_ordinary,False,113.1210450486604,,,,,,False,frontier_exceeds_one;ai_rent_capture_impossible,frontier_exceeds_one;ai_rent_capture_impossible,False,1e-09
official_4c_tierA_baseline_official_v2,deterministic-engine-v1_official-runner,baseline-official-v2,v1.0.1-official-4c,COL,MUT,MUT,,debt_consistent,0.1,low,r3,2034,0.0696320570042012,0.7384637032058399,23.198266822208357,extreme_or_outside_historical_support,False,extreme_or_outside_historical_support,False,fiscally_ordinary,False,fiscally_ordinary,False,113.71562802334589,,,,,,False,frontier_exceeds_one;ai_rent_capture_impossible,frontier_exceeds_one;ai_rent_capture_impossible,False,1e-09
official_4c_tierA_baseline_official_v2,deterministic-engine-v1_official-runner,baseline-official-v2,v1.0.1-official-4c,COL,PBI,PBI,,debt_consistent,0.1,low,r3,2034,0.0988929021162082,1.0487815793392623,32.94666320105859,extreme_or_outside_historical_support,False,extreme_or_outside_historical_support,False,fiscally_ordinary,False,fiscally_ordinary,False,148.7186915142335,,,,,,False,frontier_exceeds_one;ai_rent_capture_impossible,frontier_exceeds_one;ai_rent_capture_impossible,False,1e-09
official_4c_tierA_baseline_official_v2,deterministic-engine-v1_official-runner,baseline-official-v2,v1.0.1-official-4c,COL,UBI,UBI,,debt_consistent,0.1,low,r3,2034,0.2258007095428441,2.3946675616010342,75.22663172657413,extreme_or_outside_historical_support,False,extreme_or_outside_historical_support,False,fiscally_ordinary,False,fiscally_ordinary,False,260.0066690379916,,,,,,False,frontier_exceeds_one;ai_rent_capture_impossible,frontier_exceeds_one;ai_rent_capture_impossible,False,1e-09
official_4c_tierA_baseline_official_v2,deterministic-engine-v1_official-runner,baseline-official-v2,v1.0.1-official-4c,COL,PEN,PEN,,debt_consistent,0.1,low,r4,2034,0.0279249756868107,0.2378984371417363,9.303344822158992,extreme_or_outside_historical_support,False,extreme_or_outside_historical_support,False,fiscally_ordinary,False,fiscally_ordinary,False,43.14174423051962,,,,,,False,frontier_exceeds_one;ai_rent_capture_impossible,frontier_exceeds_one;ai_rent_capture_impossible,False,1e-09
official_4c_tierA_baseline_official_v2,deterministic-engine-v1_official-runner,baseline-official-v2,v1.0.1-official-4c,COL,GMI,GMI:GMI_ideal_aggregate,GMI_ideal_aggregate,debt_consistent,0.1,low,r4,2034,0.0526688679598488,0.4486965902566747,17.546895851181215,extreme_or_outside_historical_support,False,extreme_or_outside_historical_support,False,fiscally_ordinary,False,fiscally_ordinary,False,75.52390354564885,,,,,,False,frontier_exceeds_one;ai_rent_capture_impossible,frontier_exceeds_one;ai_rent_capture_impossible,False,1e-09
official_4c_tierA_baseline_official_v2,deterministic-engine-v1_official-runner,baseline-official-v2,v1.0.1-official-4c,COL,GMI,GMI:GMI_loaded_aggregate,GMI_loaded_aggregate,debt_consistent,0.1,low,r4,2034,0.0690915227615853,0.5886044617932157,23.018185145373945,extreme_or_outside_historical_support,False,extreme_or_outside_historical_support,False,fiscally_ordinary,False,fiscally_ordinary,False,94.74698237489652,,,,,,False,frontier_exceeds_one;ai_rent_capture_impossible,frontier_exceeds_one;ai_rent_capture_impossible,False,1e-09
official_4c_tierA_baseline_official_v2,deterministic-engine-v1_official-runner,baseline-official-v2,v1.0.1-official-4c,COL,MUT,MUT,,debt_consistent,0.1,low,r4,2034,0.0696064570042012,0.592991289302862,23.18973805462344,extreme_or_outside_historical_support,False,extreme_or_outside_historical_support,False,fiscally_ordinary,False,fiscally_ordinary,False,95.32471552396856,,,,,,False,frontier_exceeds_one;ai_rent_capture_impossible,frontier_exceeds_one;ai_rent_capture_impossible,False,1e-09
official_4c_tierA_baseline_official_v2,deterministic-engine-v1_official-runner,baseline-official-v2,v1.0.1-official-4c,COL,PBI,PBI,,debt_consistent,0.1,low,r4,2034,0.0988737021162082,0.8423247873756683,32.9402666253699,extreme_or_outside_historical_support,False,extreme_or_outside_historical_support,False,fiscally_ordinary,False,fiscally_ordinary,False,126.0164238204321,,,,,,False,frontier_exceeds_one;ai_rent_capture_impossible,frontier_exceeds_one;ai_rent_capture_impossible,False,1e-09
official_4c_tierA_baseline_official_v2,deterministic-engine-v1_official-runner,baseline-official-v2,v1.0.1-official-4c,COL,UBI,UBI,,debt_consistent,0.1,low,r4,2034,0.225784709542844,1.923504970359318,75.22130124683355,extreme_or_outside_historical_support,False,extreme_or_outside_historical_support,False,fiscally_ordinary,False,fiscally_ordinary,False,226.48810530631155,,,,,,False,frontier_exceeds_one;ai_rent_capture_impossible,frontier_exceeds_one;ai_rent_capture_impossible,False,1e-09
official_4c_tierA_baseline_official_v2,deterministic-engine-v1_official-runner,baseline-official-v2,v1.0.1-official-4c,COL,PEN,PEN,,debt_consistent,0.1,mid,r0,2034,0.0279729756868107,0.3139058745317165,1.0853434956487202,extreme_or_outside_historical_support,False,extreme_or_outside_historical_support,False,fiscally_ordinary,False,fiscally_ordinary,False,6.512117569652607,33.20769577277791,,,,,False,frontier_exceeds_one;ai_rent_capture_impossible,frontier_exceeds_one;ai_rent_capture_impossible,False,1e-09
official_4c_tierA_baseline_official_v2,deterministic-engine-v1_official-runner,baseline-official-v2,v1.0.1-official-4c,COL,GMI,GMI:GMI_ideal_aggregate,GMI_ideal_aggregate,debt_consistent,0.1,mid,r0,2034,0.0527688679598488,0.5921592979754092,2.0474170590285845,extreme_or_outside_historical_support,False,extreme_or_outside_historical_support,False,fiscally_ordinary,False,fiscally_ordinary,False,11.201794667212384,65.27681455210673,,,,,False,frontier_exceeds_one;ai_rent_capture_impossible,frontier_exceeds_one;ai_rent_capture_impossible,False,1e-09
official_4c_tierA_baseline_official_v2,deterministic-engine-v1_official-runner,baseline-official-v2,v1.0.1-official-4c,COL,GMI,GMI:GMI_loaded_aggregate,GMI_loaded_aggregate,debt_consistent,0.1,mid,r0,2034,0.0691915227615853,0.7764503035298255,2.684611391512599,extreme_or_outside_historical_support,False,extreme_or_outside_historical_support,False,fiscally_ordinary,False,fiscally_ordinary,False,13.916405120902958,86.51662563490721,,,,,False,frontier_exceeds_one;ai_rent_capture_impossible,frontier_exceeds_one;ai_rent_capture_impossible,False,1e-09
official_4c_tierA_baseline_official_v2,deterministic-engine-v1_official-runner,baseline-official-v2,v1.0.1-official-4c,COL,MUT,MUT,,debt_consistent,0.1,mid,r0,2034,0.0696384570042012,0.7814656900177452,2.7019523129303606,extreme_or_outside_historical_support,False,extreme_or_outside_historical_support,False,fiscally_ordinary,False,fiscally_ordinary,False,13.986674577785244,87.0946563488326,,,,,False,frontier_exceeds_one;ai_rent_capture_impossible,frontier_exceeds_one;ai_rent_capture_impossible,False,1e-09
official_4c_tierA_baseline_official_v2,deterministic-engine-v1_official-runner,baseline-official-v2,v1.0.1-official-4c,COL,PBI,PBI,,debt_consistent,0.1,mid,r0,2034,0.0988977021162082,1.1098057646617514,3.837202696209445,extreme_or_outside_historical_support,False,extreme_or_outside_historical_support,False,fiscally_ordinary,False,fiscally_ordinary,False,18.23936224850144,124.93633579146876,,,,,False,frontier_exceeds_one;ai_rent_capture_impossible,frontier_exceeds_one;ai_rent_capture_impossible,False,1e-09
official_4c_tierA_baseline_official_v2,deterministic-engine-v1_official-runner,baseline-official-v2,v1.0.1-official-4c,COL,UBI,UBI,,debt_consistent,0.1,mid,r0,2034,0.2258047095428441,2.5339250859838764,8.761158467124678,extreme_or_outside_historical_support,False,extreme_or_outside_historical_support,False,fiscally_ordinary,False,fiscally_ordinary,False,31.660110516407038,289.06819482197653,,,,,False,frontier_exceeds_one;ai_rent_capture_impossible,frontier_exceeds_one;ai_rent_capture_impossible,False,1e-09
official_4c_tierA_baseline_official_v2,deterministic-engine-v1_official-runner,baseline-official-v2,v1.0.1-official-4c,COL,PEN,PEN,,debt_consistent,0.1,mid,r1,2034,0.0279489756868107,0.2966417051027718,1.0844123024790264,extreme_or_outside_historical_support,False,extreme_or_outside_historical_support,False,fiscally_ordinary,False,fiscally_ordinary,False,6.192499946789881,33.00647815217872,,,,,False,frontier_exceeds_one;ai_rent_capture_impossible,frontier_exceeds_one;ai_rent_capture_impossible,False,1e-09
official_4c_tierA_baseline_official_v2,deterministic-engine-v1_official-runner,baseline-official-v2,v1.0.1-official-4c,COL,GMI,GMI:GMI_ideal_aggregate,GMI_ideal_aggregate,debt_consistent,0.1,mid,r1,2034,0.0527188679598488,0.5595416110393412,2.0454770732583887,extreme_or_outside_historical_support,False,extreme_or_outside_historical_support,False,fiscally_ordinary,False,fiscally_ordinary,False,10.692095426725402,65.0419705114908,,,,,False,frontier_exceeds_one;ai_rent_capture_impossible,frontier_exceeds_one;ai_rent_capture_impossible,False,1e-09
official_4c_tierA_baseline_official_v2,deterministic-engine-v1_official-runner,baseline-official-v2,v1.0.1-official-4c,COL,GMI,GMI:GMI_loaded_aggregate,GMI_loaded_aggregate,debt_consistent,0.1,mid,r1,2034,0.0691415227615853,0.7338465436168987,2.682671405742404,extreme_or_outside_historical_support,False,extreme_or_outside_historical_support,False,fiscally_ordinary,False,fiscally_ordinary,False,13.31218557754087,86.2817815942913,,,,,False,frontier_exceeds_one;ai_rent_capture_impossible,frontier_exceeds_one;ai_rent_capture_impossible,False,1e-09
official_4c_tierA_baseline_official_v2,deterministic-engine-v1_official-runner,baseline-official-v2,v1.0.1-official-4c,COL,MUT,MUT,,debt_consistent,0.1,mid,r1,2034,0.0696224570042012,0.7389510295691062,2.701331517483898,extreme_or_outside_historical_support,False,extreme_or_outside_historical_support,False,fiscally_ordinary,False,fiscally_ordinary,False,13.38527908863481,86.90378531900778,,,,,False,frontier_exceeds_one;ai_rent_capture_impossible,frontier_exceeds_one;ai_rent_capture_impossible,False,1e-09
official_4c_tierA_baseline_official_v2,deterministic-engine-v1_official-runner,baseline-official-v2,v1.0.1-official-4c,COL,PBI,PBI,,debt_consistent,0.1,mid,r1,2034,0.0988857021162082,1.0495419801692232,3.8367370996245977,extreme_or_outside_historical_support,False,extreme_or_outside_historical_support,False,fiscally_ordinary,False,fiscally_ordinary,False,17.505697344129153,124.7506380570311,,,,,False,frontier_exceeds_one;ai_rent_capture_impossible,frontier_exceeds_one;ai_rent_capture_impossible,False,1e-09
official_4c_tierA_baseline_official_v2,deterministic-engine-v1_official-runner,baseline-official-v2,v1.0.1-official-4c,COL,UBI,UBI,,debt_consistent,0.1,mid,r1,2034,0.225794709542844,2.3965145768681144,8.76077046997064,extreme_or_outside_historical_support,False,extreme_or_outside_historical_support,False,fiscally_ordinary,False,fiscally_ordinary,False,30.60348286463089,288.88508373523246,,,,,False,frontier_exceeds_one;ai_rent_capture_impossible,frontier_exceeds_one;ai_rent_capture_impossible,False,1e-09
official_4c_tierA_baseline_official_v2,deterministic-engine-v1_official-runner,baseline-official-v2,v1.0.1-official-4c,COL,PEN,PEN,,debt_consistent,0.1,mid,r2,2034,0.0279489756868107,0.2833755771865362,1.0844123024790264,extreme_or_outside_historical_support,False,extreme_or_outside_historical_support,False,fiscally_ordinary,False,fiscally_ordinary,False,5.944286579942898,32.85945213414067,,,,,False,frontier_exceeds_one;ai_rent_capture_impossible,frontier_exceeds_one;ai_rent_capture_impossible,False,1e-09
official_4c_tierA_baseline_official_v2,deterministic-engine-v1_official-runner,baseline-official-v2,v1.0.1-official-4c,COL,GMI,GMI:GMI_ideal_aggregate,GMI_ideal_aggregate,debt_consistent,0.1,mid,r2,2034,0.0527188679598488,0.534518323825115,2.0454770732583887,extreme_or_outside_historical_support,False,extreme_or_outside_historical_support,False,fiscally_ordinary,False,fiscally_ordinary,False,10.294524449868709,64.89494449345274,,,,,False,frontier_exceeds_one;ai_rent_capture_impossible,frontier_exceeds_one;ai_rent_capture_impossible,False,1e-09
official_4c_tierA_baseline_official_v2,deterministic-engine-v1_official-runner,baseline-official-v2,v1.0.1-official-4c,COL,GMI,GMI:GMI_loaded_aggregate,GMI_loaded_aggregate,debt_consistent,0.1,mid,r2,2034,0.0691415227615853,0.7010281571559109,2.682671405742404,extreme_or_outside_historical_support,False,extreme_or_outside_historical_support,False,fiscally_ordinary,False,fiscally_ordinary,False,12.837564762206464,86.13475557625326,,,,,False,frontier_exceeds_one;ai_rent_capture_impossible,frontier_exceeds_one;ai_rent_capture_impossible,False,1e-09
official_4c_tierA_baseline_official_v2,deterministic-engine-v1_official-runner,baseline-official-v2,v1.0.1-official-4c,COL,MUT,MUT,,debt_consistent,0.1,mid,r2,2034,0.0696224570042012,0.7059043651471177,2.701331517483898,extreme_or_outside_historical_support,False,extreme_or_outside_historical_support,False,fiscally_ordinary,False,fiscally_ordinary,False,12.908603193513486,86.75675930096973,,,,,False,frontier_exceeds_one;ai_rent_capture_impossible,frontier_exceeds_one;ai_rent_capture_impossible,False,1e-09
official_4c_tierA_baseline_official_v2,deterministic-engine-v1_official-runner,baseline-official-v2,v1.0.1-official-4c,COL,PBI,PBI,,debt_consistent,0.1,mid,r2,2034,0.0988857021162082,1.002605362954323,3.8367370996245977,extreme_or_outside_historical_support,False,extreme_or_outside_historical_support,False,fiscally_ordinary,False,fiscally_ordinary,False,16.92070557706339,124.60361203899303,,,,,False,frontier_exceeds_one;ai_rent_capture_impossible,frontier_exceeds_one;ai_rent_capture_impossible,False,1e-09
official_4c_tierA_baseline_official_v2,deterministic-engine-v1_official-runner,baseline-official-v2,v1.0.1-official-4c,COL,UBI,UBI,,debt_consistent,0.1,mid,r2,2034,0.225794709542844,2.2893399335763323,8.76077046997064,extreme_or_outside_historical_support,False,extreme_or_outside_historical_support,False,fiscally_ordinary,False,fiscally_ordinary,False,29.752304273031168,288.73805771719447,,,,,False,frontier_exceeds_one;ai_rent_capture_impossible,frontier_exceeds_one;ai_rent_capture_impossible,False,1e-09
official_4c_tierA_baseline_official_v2,deterministic-engine-v1_official-runner,baseline-official-v2,v1.0.1-official-4c,COL,PEN,PEN,,debt_consistent,0.1,mid,r3,2034,0.0279633756868107,0.3197387147997508,1.0849710183808428,extreme_or_outside_historical_support,False,extreme_or_outside_historical_support,False,fiscally_ordinary,False,fiscally_ordinary,False,6.619249099519564,33.30046864437506,,,,,False,frontier_exceeds_one;ai_rent_capture_impossible,frontier_exceeds_one;ai_rent_capture_impossible,False,1e-09
official_4c_tierA_baseline_official_v2,deterministic-engine-v1_official-runner,baseline-official-v2,v1.0.1-official-4c,COL,GMI,GMI:GMI_ideal_aggregate,GMI_ideal_aggregate,debt_consistent,0.1,mid,r3,2034,0.0527488679598488,0.6031408881932241,2.0466410647205064,extreme_or_outside_historical_support,False,extreme_or_outside_historical_support,False,fiscally_ordinary,False,fiscally_ordinary,False,11.37128473898342,65.35613685569717,,,,,False,frontier_exceeds_one;ai_rent_capture_impossible,frontier_exceeds_one;ai_rent_capture_impossible,False,1e-09
official_4c_tierA_baseline_official_v2,deterministic-engine-v1_official-runner,baseline-official-v2,v1.0.1-official-4c,COL,GMI,GMI:GMI_loaded_aggregate,GMI_loaded_aggregate,debt_consistent,0.1,mid,r3,2034,0.0691715227615853,0.7909207399077604,2.683835397204521,extreme_or_outside_historical_support,False,extreme_or_outside_historical_support,False,fiscally_ordinary,False,fiscally_ordinary,False,14.1186643167515,86.59594793849766,,,,,False,frontier_exceeds_one;ai_rent_capture_impossible,frontier_exceeds_one;ai_rent_capture_impossible,False,1e-09
official_4c_tierA_baseline_official_v2,deterministic-engine-v1_official-runner,baseline-official-v2,v1.0.1-official-4c,COL,MUT,MUT,,debt_consistent,0.1,mid,r3,2034,0.0696320570042012,0.796186578642844,2.701703994751776,extreme_or_outside_historical_support,False,extreme_or_outside_historical_support,False,fiscally_ordinary,False,fiscally_ordinary,False,14.191902228823515,87.19156785673947,,,,,False,frontier_exceeds_one;ai_rent_capture_impossible,frontier_exceeds_one;ai_rent_capture_impossible,False,1e-09
official_4c_tierA_baseline_official_v2,deterministic-engine-v1_official-runner,baseline-official-v2,v1.0.1-official-4c,COL,PBI,PBI,,debt_consistent,0.1,mid,r3,2034,0.0988929021162082,1.130760812986106,3.8370164575755066,extreme_or_outside_historical_support,False,extreme_or_outside_historical_support,False,fiscally_ordinary,False,fiscally_ordinary,False,18.49005874097547,125.03531661753053,,,,,False,frontier_exceeds_one;ai_rent_capture_impossible,frontier_exceeds_one;ai_rent_capture_impossible,False,1e-09
official_4c_tierA_baseline_official_v2,deterministic-engine-v1_official-runner,baseline-official-v2,v1.0.1-official-4c,COL,UBI,UBI,,debt_consistent,0.1,mid,r3,2034,0.2258007095428441,2.581849540581525,8.761003268263062,extreme_or_outside_historical_support,False,extreme_or_outside_historical_support,False,fiscally_ordinary,False,fiscally_ordinary,False,32.01994343680271,289.1682103071157,,,,,False,frontier_exceeds_one;ai_rent_capture_impossible,frontier_exceeds_one;ai_rent_capture_impossible,False,1e-09
official_4c_tierA_baseline_official_v2,deterministic-engine-v1_official-runner,baseline-official-v2,v1.0.1-official-4c,COL,PEN,PEN,,debt_consistent,0.1,mid,r4,2034,0.0279249756868107,0.254367262414787,1.0834811093093326,extreme_or_outside_historical_support,False,extreme_or_outside_historical_support,False,fiscally_ordinary,False,fiscally_ordinary,False,5.393385163636372,32.536633191848296,,,,,False,frontier_exceeds_one;ai_rent_capture_impossible,frontier_exceeds_one;ai_rent_capture_impossible,False,1e-09
official_4c_tierA_baseline_official_v2,deterministic-engine-v1_official-runner,baseline-official-v2,v1.0.1-official-4c,COL,GMI,GMI:GMI_ideal_aggregate,GMI_ideal_aggregate,debt_consistent,0.1,mid,r4,2034,0.0526688679598488,0.479758188787262,2.0435370874881933,extreme_or_outside_historical_support,False,extreme_or_outside_historical_support,False,fiscally_ordinary,False,fiscally_ordinary,False,9.403727642981895,64.53849913114365,,,,,False,frontier_exceeds_one;ai_rent_capture_impossible,frontier_exceeds_one;ai_rent_capture_impossible,False,1e-09
official_4c_tierA_baseline_official_v2,deterministic-engine-v1_official-runner,baseline-official-v2,v1.0.1-official-4c,COL,GMI,GMI:GMI_loaded_aggregate,GMI_loaded_aggregate,debt_consistent,0.1,mid,r4,2034,0.0690915227615853,0.6293513626668653,2.680731419972208,extreme_or_outside_historical_support,False,extreme_or_outside_historical_support,False,fiscally_ordinary,False,fiscally_ordinary,False,11.771632444337708,85.77831021394414,,,,,False,frontier_exceeds_one;ai_rent_capture_impossible,frontier_exceeds_one;ai_rent_capture_impossible,False,1e-09
official_4c_tierA_baseline_official_v2,deterministic-engine-v1_official-runner,baseline-official-v2,v1.0.1-official-4c,COL,MUT,MUT,,debt_consistent,0.1,mid,r4,2034,0.0696064570042012,0.6340418739527793,2.700710722037436,extreme_or_outside_historical_support,False,extreme_or_outside_historical_support,False,fiscally_ordinary,False,fiscally_ordinary,False,11.842664770768856,86.44428694945174,,,,,False,frontier_exceeds_one;ai_rent_capture_impossible,frontier_exceeds_one;ai_rent_capture_impossible,False,1e-09
official_4c_tierA_baseline_official_v2,deterministic-engine-v1_official-runner,baseline-official-v2,v1.0.1-official-4c,COL,PBI,PBI,,debt_consistent,0.1,mid,r4,2034,0.0988737021162082,0.9006358040982567,3.836271503039752,extreme_or_outside_historical_support,False,extreme_or_outside_historical_support,False,fiscally_ordinary,False,fiscally_ordinary,False,15.606055239792507,124.29631298286226,,,,,False,frontier_exceeds_one;ai_rent_capture_impossible,frontier_exceeds_one;ai_rent_capture_impossible,False,1e-09
official_4c_tierA_baseline_official_v2,deterministic-engine-v1_official-runner,baseline-official-v2,v1.0.1-official-4c,COL,UBI,UBI,,debt_consistent,0.1,mid,r4,2034,0.225784709542844,2.0566620757581187,8.760382472816598,extreme_or_outside_historical_support,False,extreme_or_outside_historical_support,False,fiscally_ordinary,False,fiscally_ordinary,False,27.814948294796228,288.4333453087572,,,,,False,frontier_exceeds_one;ai_rent_capture_impossible,frontier_exceeds_one;ai_rent_capture_impossible,False,1e-09
official_4c_tierA_baseline_official_v2,deterministic-engine-v1_official-runner,baseline-official-v2,v1.0.1-official-4c,COL,PEN,PEN,,debt_consistent,0.1,high,r0,2034,0.0279729756868107,0.3255534789496462,1.095959236341037,extreme_or_outside_historical_support,False,extreme_or_outside_historical_support,False,fiscally_ordinary,False,fiscally_ordinary,False,6.790661328522643,16.833914535941755,,,,,False,frontier_exceeds_one;ai_rent_capture_impossible,frontier_exceeds_one;ai_rent_capture_impossible,False,1e-09
official_4c_tierA_baseline_official_v2,deterministic-engine-v1_official-runner,baseline-official-v2,v1.0.1-official-4c,COL,GMI,GMI:GMI_ideal_aggregate,GMI_ideal_aggregate,debt_consistent,0.1,high,r0,2034,0.0527688679598488,0.6141316081958084,2.0674428376643905,extreme_or_outside_historical_support,False,extreme_or_outside_historical_support,False,fiscally_ordinary,False,fiscally_ordinary,False,11.651461960934526,33.02530789133098,,,,,False,frontier_exceeds_one;ai_rent_capture_impossible,frontier_exceeds_one;ai_rent_capture_impossible,False,1e-09
official_4c_tierA_baseline_official_v2,deterministic-engine-v1_official-runner,baseline-official-v2,v1.0.1-official-4c,COL,GMI,GMI:GMI_loaded_aggregate,GMI_loaded_aggregate,debt_consistent,0.1,high,r0,2034,0.0691915227615853,0.8052608060385422,2.710869565543396,extreme_or_outside_historical_support,False,extreme_or_outside_historical_support,False,fiscally_ordinary,False,fiscally_ordinary,False,14.456105545637689,43.7490866893144,,,,,False,frontier_exceeds_one;ai_rent_capture_impossible,frontier_exceeds_one;ai_rent_capture_impossible,False,1e-09
official_4c_tierA_baseline_official_v2,deterministic-engine-v1_official-runner,baseline-official-v2,v1.0.1-official-4c,COL,MUT,MUT,,debt_consistent,0.1,high,r0,2034,0.0696384570042012,0.8104622904703169,2.7283800984490183,extreme_or_outside_historical_support,False,extreme_or_outside_historical_support,False,fiscally_ordinary,False,fiscally_ordinary,False,14.52862748029811,44.04092890440811,,,,,False,frontier_exceeds_one;ai_rent_capture_impossible,frontier_exceeds_one;ai_rent_capture_impossible,False,1e-09
official_4c_tierA_baseline_official_v2,deterministic-engine-v1_official-runner,baseline-official-v2,v1.0.1-official-4c,COL,PBI,PBI,,debt_consistent,0.1,high,r0,2034,0.0988977021162082,1.150985556364605,3.8747343615026257,extreme_or_outside_historical_support,False,extreme_or_outside_historical_support,False,fiscally_ordinary,False,fiscally_ordinary,False,18.91103891041332,63.1468332886349,,,,,False,frontier_exceeds_one;ai_rent_capture_impossible,frontier_exceeds_one;ai_rent_capture_impossible,False,1e-09
official_4c_tierA_baseline_official_v2,deterministic-engine-v1_official-runner,baseline-official-v2,v1.0.1-official-4c,COL,UBI,UBI,,debt_consistent,0.1,high,r0,2034,0.2258047095428441,2.627947401017764,8.846851325490867,extreme_or_outside_historical_support,False,extreme_or_outside_historical_support,False,fiscally_ordinary,False,fiscally_ordinary,False,32.67493304582548,146.0154493551056,,,,,False,frontier_exceeds_one;ai_rent_capture_impossible,frontier_exceeds_one;ai_rent_capture_impossible,False,1e-09
official_4c_tierA_baseline_official_v2,deterministic-engine-v1_official-runner,baseline-official-v2,v1.0.1-official-4c,COL,PEN,PEN,,debt_consistent,0.1,high,r1,2034,0.0279489756868107,0.3074129624363008,1.0950189351744155,extreme_or_outside_historical_support,False,extreme_or_outside_historical_support,False,fiscally_ordinary,False,fiscally_ordinary,False,6.4541712977977,16.73503705746525,,,,,False,frontier_exceeds_one;ai_rent_capture_impossible,frontier_exceeds_one;ai_rent_capture_impossible,False,1e-09
official_4c_tierA_baseline_official_v2,deterministic-engine-v1_official-runner,baseline-official-v2,v1.0.1-official-4c,COL,GMI,GMI:GMI_ideal_aggregate,GMI_ideal_aggregate,debt_consistent,0.1,high,r1,2034,0.0527188679598488,0.5798589385683011,2.065483876900596,extreme_or_outside_historical_support,False,extreme_or_outside_historical_support,False,fiscally_ordinary,False,fiscally_ordinary,False,11.117169074436086,32.909452752901586,,,,,False,frontier_exceeds_one;ai_rent_capture_impossible,frontier_exceeds_one;ai_rent_capture_impossible,False,1e-09
official_4c_tierA_baseline_official_v2,deterministic-engine-v1_official-runner,baseline-official-v2,v1.0.1-official-4c,COL,GMI,GMI:GMI_loaded_aggregate,GMI_loaded_aggregate,debt_consistent,0.1,high,r1,2034,0.0691415227615853,0.7604929990162835,2.708910604779601,extreme_or_outside_historical_support,False,extreme_or_outside_historical_support,False,fiscally_ordinary,False,fiscally_ordinary,False,13.82403350152108,43.63323155088501,,,,,False,frontier_exceeds_one;ai_rent_capture_impossible,frontier_exceeds_one;ai_rent_capture_impossible,False,1e-09
official_4c_tierA_baseline_official_v2,deterministic-engine-v1_official-runner,baseline-official-v2,v1.0.1-official-4c,COL,MUT,MUT,,debt_consistent,0.1,high,r1,2034,0.0696224570042012,0.7657828322436745,2.727753231004604,extreme_or_outside_historical_support,False,extreme_or_outside_historical_support,False,fiscally_ordinary,False,fiscally_ordinary,False,13.89946888031726,43.94727532130173,,,,,False,frontier_exceeds_one;ai_rent_capture_impossible,frontier_exceeds_one;ai_rent_capture_impossible,False,1e-09
official_4c_tierA_baseline_official_v2,deterministic-engine-v1_official-runner,baseline-official-v2,v1.0.1-official-4c,COL,PBI,PBI,,debt_consistent,0.1,high,r1,2034,0.0988857021162082,1.0876515465460337,3.8742642109193146,extreme_or_outside_historical_support,False,extreme_or_outside_historical_support,False,fiscally_ordinary,False,fiscally_ordinary,False,18.145656496240058,63.055791653213575,,,,,False,frontier_exceeds_one;ai_rent_capture_impossible,frontier_exceeds_one;ai_rent_capture_impossible,False,1e-09
official_4c_tierA_baseline_official_v2,deterministic-engine-v1_official-runner,baseline-official-v2,v1.0.1-official-4c,COL,UBI,UBI,,debt_consistent,0.1,high,r1,2034,0.225794709542844,2.483533612853148,8.846459533338109,extreme_or_outside_historical_support,False,extreme_or_outside_historical_support,False,fiscally_ordinary,False,fiscally_ordinary,False,31.57943115678497,145.92571369352683,,,,,False,frontier_exceeds_one;ai_rent_capture_impossible,frontier_exceeds_one;ai_rent_capture_impossible,False,1e-09
official_4c_tierA_baseline_official_v2,deterministic-engine-v1_official-runner,baseline-official-v2,v1.0.1-official-4c,COL,PEN,PEN,,debt_consistent,0.1,high,r2,2034,0.0279489756868107,0.2936216220130871,1.0950189351744155,extreme_or_outside_historical_support,False,extreme_or_outside_historical_support,False,fiscally_ordinary,False,fiscally_ordinary,False,6.195531165632192,16.66386477157211,,,,,False,frontier_exceeds_one;ai_rent_capture_impossible,frontier_exceeds_one;ai_rent_capture_impossible,False,1e-09
official_4c_tierA_baseline_official_v2,deterministic-engine-v1_official-runner,baseline-official-v2,v1.0.1-official-4c,COL,GMI,GMI:GMI_ideal_aggregate,GMI_ideal_aggregate,debt_consistent,0.1,high,r2,2034,0.0527188679598488,0.5538449671473794,2.065483876900596,extreme_or_outside_historical_support,False,extreme_or_outside_historical_support,False,fiscally_ordinary,False,fiscally_ordinary,False,10.704615366523257,32.83828046700845,,,,,False,frontier_exceeds_one;ai_rent_capture_impossible,frontier_exceeds_one;ai_rent_capture_impossible,False,1e-09
official_4c_tierA_baseline_official_v2,deterministic-engine-v1_official-runner,baseline-official-v2,v1.0.1-official-4c,COL,GMI,GMI:GMI_loaded_aggregate,GMI_loaded_aggregate,debt_consistent,0.1,high,r2,2034,0.0691415227615853,0.7263753165484288,2.708910604779601,extreme_or_outside_historical_support,False,extreme_or_outside_historical_support,False,fiscally_ordinary,False,fiscally_ordinary,False,13.332541051398808,43.562059264991866,,,,,False,frontier_exceeds_one;ai_rent_capture_impossible,frontier_exceeds_one;ai_rent_capture_impossible,False,1e-09
official_4c_tierA_baseline_official_v2,deterministic-engine-v1_official-runner,baseline-official-v2,v1.0.1-official-4c,COL,MUT,MUT,,debt_consistent,0.1,high,r2,2034,0.0696224570042012,0.7314278341784461,2.727753231004604,extreme_or_outside_historical_support,False,extreme_or_outside_historical_support,False,fiscally_ordinary,False,fiscally_ordinary,False,13.405875044257588,43.87610303540858,,,,,False,frontier_exceeds_one;ai_rent_capture_impossible,frontier_exceeds_one;ai_rent_capture_impossible,False,1e-09
official_4c_tierA_baseline_official_v2,deterministic-engine-v1_official-runner,baseline-official-v2,v1.0.1-official-4c,COL,PBI,PBI,,debt_consistent,0.1,high,r2,2034,0.0988857021162082,1.0388566856482622,3.8742642109193146,extreme_or_outside_historical_support,False,extreme_or_outside_historical_support,False,fiscally_ordinary,False,fiscally_ordinary,False,17.541590461778206,62.98461936732043,,,,,False,frontier_exceeds_one;ai_rent_capture_impossible,frontier_exceeds_one;ai_rent_capture_impossible,False,1e-09
official_4c_tierA_baseline_official_v2,deterministic-engine-v1_official-runner,baseline-official-v2,v1.0.1-official-4c,COL,UBI,UBI,,debt_consistent,0.1,high,r2,2034,0.225794709542844,2.3721158728987093,8.846459533338109,extreme_or_outside_historical_support,False,extreme_or_outside_historical_support,False,fiscally_ordinary,False,fiscally_ordinary,False,30.705935469456456,145.8545414076337,,,,,False,frontier_exceeds_one;ai_rent_capture_impossible,frontier_exceeds_one;ai_rent_capture_impossible,False,1e-09
official_4c_tierA_baseline_official_v2,deterministic-engine-v1_official-runner,baseline-official-v2,v1.0.1-official-4c,COL,PEN,PEN,,debt_consistent,0.1,high,r3,2034,0.0279633756868107,0.3255291329925953,1.0955831158743885,extreme_or_outside_historical_support,False,extreme_or_outside_historical_support,False,fiscally_ordinary,False,fiscally_ordinary,False,6.790212517633236,16.878030265859568,,,,,False,frontier_exceeds_one;ai_rent_capture_impossible,frontier_exceeds_one;ai_rent_capture_impossible,False,1e-09
official_4c_tierA_baseline_official_v2,deterministic-engine-v1_official-runner,baseline-official-v2,v1.0.1-official-4c,COL,GMI,GMI:GMI_ideal_aggregate,GMI_ideal_aggregate,debt_consistent,0.1,high,r3,2034,0.0527488679598488,0.6140636754885621,2.066659253358873,extreme_or_outside_historical_support,False,extreme_or_outside_historical_support,False,fiscally_ordinary,False,fiscally_ordinary,False,11.650413064587744,33.062632557267634,,,,,False,frontier_exceeds_one;ai_rent_capture_impossible,frontier_exceeds_one;ai_rent_capture_impossible,False,1e-09
official_4c_tierA_baseline_official_v2,deterministic-engine-v1_official-runner,baseline-official-v2,v1.0.1-official-4c,COL,GMI,GMI:GMI_loaded_aggregate,GMI_loaded_aggregate,debt_consistent,0.1,high,r3,2034,0.0691715227615853,0.8052441909929008,2.7100859812378784,extreme_or_outside_historical_support,False,extreme_or_outside_historical_support,False,fiscally_ordinary,False,fiscally_ordinary,False,14.455873588440504,43.78641135525106,,,,,False,frontier_exceeds_one;ai_rent_capture_impossible,frontier_exceeds_one;ai_rent_capture_impossible,False,1e-09
official_4c_tierA_baseline_official_v2,deterministic-engine-v1_official-runner,baseline-official-v2,v1.0.1-official-4c,COL,MUT,MUT,,debt_consistent,0.1,high,r3,2034,0.0696320570042012,0.8106053932451341,2.728129351471252,extreme_or_outside_historical_support,False,extreme_or_outside_historical_support,False,fiscally_ordinary,False,fiscally_ordinary,False,14.53062004552063,44.08713419247396,,,,,False,frontier_exceeds_one;ai_rent_capture_impossible,frontier_exceeds_one;ai_rent_capture_impossible,False,1e-09
official_4c_tierA_baseline_official_v2,deterministic-engine-v1_official-runner,baseline-official-v2,v1.0.1-official-4c,COL,PBI,PBI,,debt_consistent,0.1,high,r3,2034,0.0988929021162082,1.1512387147233762,3.8745463012693016,extreme_or_outside_historical_support,False,extreme_or_outside_historical_support,False,fiscally_ordinary,False,fiscally_ordinary,False,18.91405737440707,63.19408335577479,,,,,False,frontier_exceeds_one;ai_rent_capture_impossible,frontier_exceeds_one;ai_rent_capture_impossible,False,1e-09
official_4c_tierA_baseline_official_v2,deterministic-engine-v1_official-runner,baseline-official-v2,v1.0.1-official-4c,COL,UBI,UBI,,debt_consistent,0.1,high,r3,2034,0.2258007095428441,2.6286064325654483,8.846694608629765,extreme_or_outside_historical_support,False,extreme_or_outside_historical_support,False,fiscally_ordinary,False,fiscally_ordinary,False,32.67984174362107,146.06322181178248,,,,,False,frontier_exceeds_one;ai_rent_capture_impossible,frontier_exceeds_one;ai_rent_capture_impossible,False,1e-09
official_4c_tierA_baseline_official_v2,deterministic-engine-v1_official-runner,baseline-official-v2,v1.0.1-official-4c,COL,PEN,PEN,,debt_consistent,0.1,high,r4,2034,0.0279249756868107,0.257691188194963,1.094078634007794,extreme_or_outside_historical_support,False,extreme_or_outside_historical_support,False,fiscally_ordinary,False,fiscally_ordinary,False,5.509858017921608,16.50854309898523,,,,,False,frontier_exceeds_one;ai_rent_capture_impossible,frontier_exceeds_one;ai_rent_capture_impossible,False,1e-09
official_4c_tierA_baseline_official_v2,deterministic-engine-v1_official-runner,baseline-official-v2,v1.0.1-official-4c,COL,GMI,GMI:GMI_ideal_aggregate,GMI_ideal_aggregate,debt_consistent,0.1,high,r4,2034,0.0526688679598488,0.4860273941748648,2.063524916136801,extreme_or_outside_historical_support,False,extreme_or_outside_historical_support,False,fiscally_ordinary,False,fiscally_ordinary,False,9.599133775790412,32.66598113446868,,,,,False,frontier_exceeds_one;ai_rent_capture_impossible,frontier_exceeds_one;ai_rent_capture_impossible,False,1e-09
official_4c_tierA_baseline_official_v2,deterministic-engine-v1_official-runner,baseline-official-v2,v1.0.1-official-4c,COL,GMI,GMI:GMI_loaded_aggregate,GMI_loaded_aggregate,debt_consistent,0.1,high,r4,2034,0.0690915227615853,0.6375753660205127,2.706951644015806,extreme_or_outside_historical_support,False,extreme_or_outside_historical_support,False,fiscally_ordinary,False,fiscally_ordinary,False,12.011087782662344,43.389759932452094,,,,,False,frontier_exceeds_one;ai_rent_capture_impossible,frontier_exceeds_one;ai_rent_capture_impossible,False,1e-09
official_4c_tierA_baseline_official_v2,deterministic-engine-v1_official-runner,baseline-official-v2,v1.0.1-official-4c,COL,MUT,MUT,,debt_consistent,0.1,high,r4,2034,0.0696064570042012,0.6423271702229658,2.7271263635601897,extreme_or_outside_historical_support,False,extreme_or_outside_historical_support,False,fiscally_ordinary,False,fiscally_ordinary,False,12.083414944171428,43.72600525819183,,,,,False,frontier_exceeds_one;ai_rent_capture_impossible,frontier_exceeds_one;ai_rent_capture_impossible,False,1e-09
official_4c_tierA_baseline_official_v2,deterministic-engine-v1_official-runner,baseline-official-v2,v1.0.1-official-4c,COL,PBI,PBI,,debt_consistent,0.1,high,r4,2034,0.0988737021162082,0.9124047972437274,3.873794060336005,extreme_or_outside_historical_support,False,extreme_or_outside_historical_support,False,fiscally_ordinary,False,fiscally_ordinary,False,15.913391710797162,62.83713353778874,,,,,False,frontier_exceeds_one;ai_rent_capture_impossible,frontier_exceeds_one;ai_rent_capture_impossible,False,1e-09
official_4c_tierA_baseline_official_v2,deterministic-engine-v1_official-runner,baseline-official-v2,v1.0.1-official-4c,COL,UBI,UBI,,debt_consistent,0.1,high,r4,2034,0.225784709542844,2.0835373584883907,8.84606774118535,extreme_or_outside_historical_support,False,extreme_or_outside_historical_support,False,fiscally_ordinary,False,fiscally_ordinary,False,28.31656865675168,145.70836155194448,,,,,False,frontier_exceeds_one;ai_rent_capture_impossible,frontier_exceeds_one;ai_rent_capture_impossible,False,1e-09
official_4c_tierA_baseline_official_v2,deterministic-engine-v1_official-runner,baseline-official-v2,v1.0.1-official-4c,COL,PEN,PEN,,debt_consistent,0.1,stress,r0,2034,0.0279729756868107,0.3447063365155782,0.2986826420002645,extreme_or_outside_historical_support,True,fiscally_ordinary,True,fiscally_ordinary,False,fiscally_ordinary,False,2.0040351753934686,2.1753247815479506,,,,,False,frontier_exceeds_one;ai_rent_capture_impossible,frontier_exceeds_one;ai_rent_capture_impossible,False,1e-09
official_4c_tierA_baseline_official_v2,deterministic-engine-v1_official-runner,baseline-official-v2,v1.0.1-official-4c,COL,GMI,GMI:GMI_ideal_aggregate,GMI_ideal_aggregate,debt_consistent,0.1,stress,r0,2034,0.0527688679598488,0.6502620014462837,0.5634418402273218,extreme_or_outside_historical_support,False,extreme_or_outside_historical_support,True,fiscally_ordinary,False,fiscally_ordinary,False,3.4246197611524107,4.822916763818523,,,,,False,frontier_exceeds_one;ai_rent_capture_impossible,frontier_exceeds_one;ai_rent_capture_impossible,False,1e-09
official_4c_tierA_baseline_official_v2,deterministic-engine-v1_official-runner,baseline-official-v2,v1.0.1-official-4c,COL,GMI,GMI:GMI_loaded_aggregate,GMI_loaded_aggregate,debt_consistent,0.1,stress,r0,2034,0.0691915227615853,0.8526356507836946,0.7387954379196037,extreme_or_outside_historical_support,False,extreme_or_outside_historical_support,True,fiscally_ordinary,False,fiscally_ordinary,False,4.240109887224687,6.576452740741342,,,,,False,frontier_exceeds_one;ai_rent_capture_impossible,frontier_exceeds_one;ai_rent_capture_impossible,False,1e-09
official_4c_tierA_baseline_official_v2,deterministic-engine-v1_official-runner,baseline-official-v2,v1.0.1-official-4c,COL,MUT,MUT,,debt_consistent,0.1,stress,r0,2034,0.0696384570042012,0.8581431472746082,0.7435675973737682,extreme_or_outside_historical_support,False,extreme_or_outside_historical_support,True,fiscally_ordinary,False,fiscally_ordinary,False,4.261160836216473,6.624174335282987,,,,,False,frontier_exceeds_one;ai_rent_capture_impossible,frontier_exceeds_one;ai_rent_capture_impossible,False,1e-09
official_4c_tierA_baseline_official_v2,deterministic-engine-v1_official-runner,baseline-official-v2,v1.0.1-official-4c,COL,PBI,PBI,,debt_consistent,0.1,stress,r0,2034,0.0988977021162082,1.218699968425629,1.0559844360695572,extreme_or_outside_historical_support,False,extreme_or_outside_historical_support,False,fiscally_ordinary,False,fiscally_ordinary,False,5.530241393797259,9.748342722240876,,,,,False,frontier_exceeds_one;ai_rent_capture_impossible,frontier_exceeds_one;ai_rent_capture_impossible,False,1e-09
official_4c_tierA_baseline_official_v2,deterministic-engine-v1_official-runner,baseline-official-v2,v1.0.1-official-4c,COL,UBI,UBI,,debt_consistent,0.1,stress,r0,2034,0.2258047095428441,2.782553957288782,2.41103942524638,extreme_or_outside_historical_support,False,extreme_or_outside_historical_support,False,fiscally_ordinary,False,fiscally_ordinary,False,9.486374954125871,23.2988926140091,,,,,False,frontier_exceeds_one;ai_rent_capture_impossible,frontier_exceeds_one;ai_rent_capture_impossible,False,1e-09
official_4c_tierA_baseline_official_v2,deterministic-engine-v1_official-runner,baseline-official-v2,v1.0.1-official-4c,COL,PEN,PEN,,debt_consistent,0.1,stress,r1,2034,0.0279489756868107,0.3252059591302208,0.2984263809757577,extreme_or_outside_historical_support,True,fiscally_ordinary,True,fiscally_ordinary,False,fiscally_ordinary,False,1.903795867300774,2.1248399615119427,,,,,False,frontier_exceeds_one;ai_rent_capture_impossible,frontier_exceeds_one;ai_rent_capture_impossible,False,1e-09
official_4c_tierA_baseline_official_v2,deterministic-engine-v1_official-runner,baseline-official-v2,v1.0.1-official-4c,COL,GMI,GMI:GMI_ideal_aggregate,GMI_ideal_aggregate,debt_consistent,0.1,stress,r1,2034,0.0527188679598488,0.6134210502473868,0.5629079630929327,extreme_or_outside_historical_support,False,extreme_or_outside_historical_support,True,fiscally_ordinary,False,fiscally_ordinary,False,3.266551321721148,4.769655782683691,,,,,False,frontier_exceeds_one;ai_rent_capture_impossible,frontier_exceeds_one;ai_rent_capture_impossible,False,1e-09
official_4c_tierA_baseline_official_v2,deterministic-engine-v1_official-runner,baseline-official-v2,v1.0.1-official-4c,COL,GMI,GMI:GMI_loaded_aggregate,GMI_loaded_aggregate,debt_consistent,0.1,stress,r1,2034,0.0691415227615853,0.8045101715844373,0.7382615607852145,extreme_or_outside_historical_support,False,extreme_or_outside_historical_support,True,fiscally_ordinary,False,fiscally_ordinary,False,4.053727792054081,6.52319175960651,,,,,False,frontier_exceeds_one;ai_rent_capture_impossible,frontier_exceeds_one;ai_rent_capture_impossible,False,1e-09
official_4c_tierA_baseline_official_v2,deterministic-engine-v1_official-runner,baseline-official-v2,v1.0.1-official-4c,COL,MUT,MUT,,debt_consistent,0.1,stress,r1,2034,0.0696224570042012,0.810106179230696,0.7433967566907635,extreme_or_outside_historical_support,False,extreme_or_outside_historical_support,True,fiscally_ordinary,False,fiscally_ordinary,False,4.075628509645117,6.574543718662,,,,,False,frontier_exceeds_one;ai_rent_capture_impossible,frontier_exceeds_one;ai_rent_capture_impossible,False,1e-09
official_4c_tierA_baseline_official_v2,deterministic-engine-v1_official-runner,baseline-official-v2,v1.0.1-official-4c,COL,PBI,PBI,,debt_consistent,0.1,stress,r1,2034,0.0988857021162082,1.1506045860615377,1.0558563055573036,extreme_or_outside_historical_support,False,extreme_or_outside_historical_support,False,fiscally_ordinary,False,fiscally_ordinary,False,5.30553657769265,9.6991392073274,,,,,False,frontier_exceeds_one;ai_rent_capture_impossible,frontier_exceeds_one;ai_rent_capture_impossible,False,1e-09
official_4c_tierA_baseline_official_v2,deterministic-engine-v1_official-runner,baseline-official-v2,v1.0.1-official-4c,COL,UBI,UBI,,debt_consistent,0.1,stress,r1,2034,0.225794709542844,2.6272800086216472,2.4109326498195016,extreme_or_outside_historical_support,False,extreme_or_outside_historical_support,False,fiscally_ordinary,False,fiscally_ordinary,False,9.16783708778392,23.24990264994938,,,,,False,frontier_exceeds_one;ai_rent_capture_impossible,frontier_exceeds_one;ai_rent_capture_impossible,False,1e-09
official_4c_tierA_baseline_official_v2,deterministic-engine-v1_official-runner,baseline-official-v2,v1.0.1-official-4c,COL,PEN,PEN,,debt_consistent,0.1,stress,r2,2034,0.0279489756868107,0.3105012802148273,0.2984263809757577,extreme_or_outside_historical_support,True,fiscally_ordinary,True,fiscally_ordinary,False,fiscally_ordinary,False,1.827326467226739,2.0841394795946364,,,,,False,frontier_exceeds_one;ai_rent_capture_impossible,frontier_exceeds_one;ai_rent_capture_impossible,False,1e-09
official_4c_tierA_baseline_official_v2,deterministic-engine-v1_official-runner,baseline-official-v2,v1.0.1-official-4c,COL,GMI,GMI:GMI_ideal_aggregate,GMI_ideal_aggregate,debt_consistent,0.1,stress,r2,2034,0.0527188679598488,0.5856842904169208,0.5629079630929327,extreme_or_outside_historical_support,False,extreme_or_outside_historical_support,True,fiscally_ordinary,False,fiscally_ordinary,False,3.145386909205981,4.728955300766386,,,,,False,frontier_exceeds_one;ai_rent_capture_impossible,frontier_exceeds_one;ai_rent_capture_impossible,False,1e-09
official_4c_tierA_baseline_official_v2,deterministic-engine-v1_official-runner,baseline-official-v2,v1.0.1-official-4c,COL,GMI,GMI:GMI_loaded_aggregate,GMI_loaded_aggregate,debt_consistent,0.1,stress,r2,2034,0.0691415227615853,0.7681330283458652,0.7382615607852145,extreme_or_outside_historical_support,False,extreme_or_outside_historical_support,True,fiscally_ordinary,False,fiscally_ordinary,False,3.9098524135029487,6.482491277689204,,,,,False,frontier_exceeds_one;ai_rent_capture_impossible,frontier_exceeds_one;ai_rent_capture_impossible,False,1e-09
official_4c_tierA_baseline_official_v2,deterministic-engine-v1_official-runner,baseline-official-v2,v1.0.1-official-4c,COL,MUT,MUT,,debt_consistent,0.1,stress,r2,2034,0.0696224570042012,0.7734760040493317,0.7433967566907635,extreme_or_outside_historical_support,False,extreme_or_outside_historical_support,True,fiscally_ordinary,False,fiscally_ordinary,False,3.931150405676586,6.533843236744694,,,,,False,frontier_exceeds_one;ai_rent_capture_impossible,frontier_exceeds_one;ai_rent_capture_impossible,False,1e-09
official_4c_tierA_baseline_official_v2,deterministic-engine-v1_official-runner,baseline-official-v2,v1.0.1-official-4c,COL,PBI,PBI,,debt_consistent,0.1,stress,r2,2034,0.0988857021162082,1.098578260831011,1.0558563055573036,extreme_or_outside_historical_support,False,extreme_or_outside_historical_support,False,fiscally_ordinary,False,fiscally_ordinary,False,5.1295001417486406,9.658438725410091,,,,,False,frontier_exceeds_one;ai_rent_capture_impossible,frontier_exceeds_one;ai_rent_capture_impossible,False,1e-09
official_4c_tierA_baseline_official_v2,deterministic-engine-v1_official-runner,baseline-official-v2,v1.0.1-official-4c,COL,UBI,UBI,,debt_consistent,0.1,stress,r2,2034,0.225794709542844,2.508483572507929,2.4109326498195016,extreme_or_outside_historical_support,False,extreme_or_outside_historical_support,False,fiscally_ordinary,False,fiscally_ordinary,False,8.915734646990995,23.209202168032075,,,,,False,frontier_exceeds_one;ai_rent_capture_impossible,frontier_exceeds_one;ai_rent_capture_impossible,False,1e-09
official_4c_tierA_baseline_official_v2,deterministic-engine-v1_official-runner,baseline-official-v2,v1.0.1-official-4c,COL,PEN,PEN,,debt_consistent,0.1,stress,r3,2034,0.0279633756868107,0.3356650413680053,0.2985801375904618,extreme_or_outside_historical_support,True,fiscally_ordinary,True,fiscally_ordinary,False,fiscally_ordinary,False,1.9577233053820475,2.2027275600301457,,,,,False,frontier_exceeds_one;ai_rent_capture_impossible,frontier_exceeds_one;ai_rent_capture_impossible,False,1e-09
official_4c_tierA_baseline_official_v2,deterministic-engine-v1_official-runner,baseline-official-v2,v1.0.1-official-4c,COL,GMI,GMI:GMI_ideal_aggregate,GMI_ideal_aggregate,debt_consistent,0.1,stress,r3,2034,0.0527488679598488,0.6331836021574946,0.5632282893735662,extreme_or_outside_historical_support,False,extreme_or_outside_historical_support,True,fiscally_ordinary,False,fiscally_ordinary,False,3.3517429425459357,4.849209077861188,,,,,False,frontier_exceeds_one;ai_rent_capture_impossible,frontier_exceeds_one;ai_rent_capture_impossible,False,1e-09
official_4c_tierA_baseline_official_v2,deterministic-engine-v1_official-runner,baseline-official-v2,v1.0.1-official-4c,COL,GMI,GMI:GMI_loaded_aggregate,GMI_loaded_aggregate,debt_consistent,0.1,stress,r3,2034,0.0691715227615853,0.8303168512021512,0.738581887065848,extreme_or_outside_historical_support,False,extreme_or_outside_historical_support,True,fiscally_ordinary,False,fiscally_ordinary,False,4.154221468167009,6.602745054784007,,,,,False,frontier_exceeds_one;ai_rent_capture_impossible,frontier_exceeds_one;ai_rent_capture_impossible,False,1e-09
official_4c_tierA_baseline_official_v2,deterministic-engine-v1_official-runner,baseline-official-v2,v1.0.1-official-4c,COL,MUT,MUT,,debt_consistent,0.1,stress,r3,2034,0.0696320570042012,0.8358449836898173,0.7434992611005663,extreme_or_outside_historical_support,False,extreme_or_outside_historical_support,True,fiscally_ordinary,False,fiscally_ordinary,False,4.175582586823857,6.6519187951311896,,,,,False,frontier_exceeds_one;ai_rent_capture_impossible,frontier_exceeds_one;ai_rent_capture_impossible,False,1e-09
official_4c_tierA_baseline_official_v2,deterministic-engine-v1_official-runner,baseline-official-v2,v1.0.1-official-4c,COL,PBI,PBI,,debt_consistent,0.1,stress,r3,2034,0.0988929021162082,1.18708450838058,1.0559331838646555,extreme_or_outside_historical_support,False,extreme_or_outside_historical_support,False,fiscally_ordinary,False,fiscally_ordinary,False,5.42669840594562,9.776258022772083,,,,,False,frontier_exceeds_one;ai_rent_capture_impossible,frontier_exceeds_one;ai_rent_capture_impossible,False,1e-09
official_4c_tierA_baseline_official_v2,deterministic-engine-v1_official-runner,baseline-official-v2,v1.0.1-official-4c,COL,UBI,UBI,,debt_consistent,0.1,stress,r3,2034,0.2258007095428441,2.7104526062414087,2.4109967150756284,extreme_or_outside_historical_support,False,extreme_or_outside_historical_support,False,fiscally_ordinary,False,fiscally_ordinary,False,9.3399550564696,23.326893334881813,,,,,False,frontier_exceeds_one;ai_rent_capture_impossible,frontier_exceeds_one;ai_rent_capture_impossible,False,1e-09
official_4c_tierA_baseline_official_v2,deterministic-engine-v1_official-runner,baseline-official-v2,v1.0.1-official-4c,COL,PEN,PEN,,debt_consistent,0.1,stress,r4,2034,0.0279249756868107,0.2637682502584664,0.2981701199512509,extreme_or_outside_historical_support,True,fiscally_ordinary,True,fiscally_ordinary,False,fiscally_ordinary,False,1.579063547260113,2.003007605440932,,,,,False,frontier_exceeds_one;ai_rent_capture_impossible,frontier_exceeds_one;ai_rent_capture_impossible,False,1e-09
official_4c_tierA_baseline_official_v2,deterministic-engine-v1_official-runner,baseline-official-v2,v1.0.1-official-4c,COL,GMI,GMI:GMI_ideal_aggregate,GMI_ideal_aggregate,debt_consistent,0.1,stress,r4,2034,0.0526688679598488,0.4974892476423913,0.5623740859585434,extreme_or_outside_historical_support,False,extreme_or_outside_historical_support,True,fiscally_ordinary,False,fiscally_ordinary,False,2.747020185463951,4.645047265513857,,,,,False,frontier_exceeds_one;ai_rent_capture_impossible,frontier_exceeds_one;ai_rent_capture_impossible,False,1e-09
official_4c_tierA_baseline_official_v2,deterministic-engine-v1_official-runner,baseline-official-v2,v1.0.1-official-4c,COL,GMI,GMI:GMI_loaded_aggregate,GMI_loaded_aggregate,debt_consistent,0.1,stress,r4,2034,0.0690915227615853,0.6526111345953237,0.7377276836508252,extreme_or_outside_historical_support,False,extreme_or_outside_historical_support,True,fiscally_ordinary,False,fiscally_ordinary,False,3.434590807376108,6.398583242436675,,,,,False,frontier_exceeds_one;ai_rent_capture_impossible,frontier_exceeds_one;ai_rent_capture_impossible,False,1e-09
official_4c_tierA_baseline_official_v2,deterministic-engine-v1_official-runner,baseline-official-v2,v1.0.1-official-4c,COL,MUT,MUT,,debt_consistent,0.1,stress,r4,2034,0.0696064570042012,0.6574749993197302,0.7432259160077592,extreme_or_outside_historical_support,False,extreme_or_outside_historical_support,True,fiscally_ordinary,False,fiscally_ordinary,False,3.4551953095735595,6.453565566006015,,,,,False,frontier_exceeds_one;ai_rent_capture_impossible,frontier_exceeds_one;ai_rent_capture_impossible,False,1e-09
official_4c_tierA_baseline_official_v2,deterministic-engine-v1_official-runner,baseline-official-v2,v1.0.1-official-4c,COL,PBI,PBI,,debt_consistent,0.1,stress,r4,2034,0.0988737021162082,0.9339217944632572,1.0557281750450505,extreme_or_outside_historical_support,False,extreme_or_outside_historical_support,False,fiscally_ordinary,False,fiscally_ordinary,False,4.545242911175921,9.578588156378927,,,,,False,frontier_exceeds_one;ai_rent_capture_impossible,frontier_exceeds_one;ai_rent_capture_impossible,False,1e-09
official_4c_tierA_baseline_official_v2,deterministic-engine-v1_official-runner,baseline-official-v2,v1.0.1-official-4c,COL,UBI,UBI,,debt_consistent,0.1,stress,r4,2034,0.225784709542844,2.132672860279714,2.410825874392624,extreme_or_outside_historical_support,False,extreme_or_outside_historical_support,False,fiscally_ordinary,False,fiscally_ordinary,False,8.064238980433137,23.12956514985466,,,,,False,frontier_exceeds_one;ai_rent_capture_impossible,frontier_exceeds_one;ai_rent_capture_impossible,False,1e-09
official_4c_tierA_baseline_official_v2,deterministic-engine-v1_official-runner,baseline-official-v2,v1.0.1-official-4c,MEX,PEN,PEN,,debt_consistent,0.1,low,r0,2034,0.0521039615572849,0.4029515159925912,15.968567034507997,extreme_or_outside_historical_support,False,extreme_or_outside_historical_support,False,fiscally_ordinary,False,fiscally_ordinary,False,68.87504881607634,,,,,,False,frontier_exceeds_one;ai_rent_capture_impossible,frontier_exceeds_one;ai_rent_capture_impossible,False,1e-09
official_4c_tierA_baseline_official_v2,deterministic-engine-v1_official-runner,baseline-official-v2,v1.0.1-official-4c,MEX,GMI,GMI:GMI_ideal_aggregate,GMI_ideal_aggregate,debt_consistent,0.1,low,r0,2034,0.0475419301010937,0.3676705616018762,14.5704179697458,extreme_or_outside_historical_support,False,extreme_or_outside_historical_support,False,fiscally_ordinary,False,fiscally_ordinary,False,63.6124795292602,,,,,,False,frontier_exceeds_one;ai_rent_capture_impossible,frontier_exceeds_one;ai_rent_capture_impossible,False,1e-09
official_4c_tierA_baseline_official_v2,deterministic-engine-v1_official-runner,baseline-official-v2,v1.0.1-official-4c,MEX,GMI,GMI:GMI_loaded_aggregate,GMI_loaded_aggregate,debt_consistent,0.1,low,r0,2034,0.0531079474581957,0.410715947500595,16.276263717854597,extreme_or_outside_historical_support,False,extreme_or_outside_historical_support,False,fiscally_ordinary,False,fiscally_ordinary,False,70.01719608575624,,,,,,False,frontier_exceeds_one;ai_rent_capture_impossible,frontier_exceeds_one;ai_rent_capture_impossible,False,1e-09
official_4c_tierA_baseline_official_v2,deterministic-engine-v1_official-runner,baseline-official-v2,v1.0.1-official-4c,MEX,MUT,MUT,,debt_consistent,0.1,low,r0,2034,0.0774076046951278,0.5986399254299298,23.723503695507787,extreme_or_outside_historical_support,False,extreme_or_outside_historical_support,False,fiscally_ordinary,False,fiscally_ordinary,False,96.06652016354592,,,,,,False,frontier_exceeds_one;ai_rent_capture_impossible,frontier_exceeds_one;ai_rent_capture_impossible,False,1e-09
official_4c_tierA_baseline_official_v2,deterministic-engine-v1_official-runner,baseline-official-v2,v1.0.1-official-4c,MEX,PBI,PBI,,debt_consistent,0.1,low,r0,2034,0.098590151637375,0.7624574001065617,30.215426971571876,extreme_or_outside_historical_support,False,extreme_or_outside_historical_support,False,fiscally_ordinary,False,fiscally_ordinary,False,116.6149462299004,,,,,,False,frontier_exceeds_one;ai_rent_capture_impossible,frontier_exceeds_one;ai_rent_capture_impossible,False,1e-09
official_4c_tierA_baseline_official_v2,deterministic-engine-v1_official-runner,baseline-official-v2,v1.0.1-official-4c,MEX,UBI,UBI,,debt_consistent,0.1,low,r0,2034,0.2074222892150088,1.60412228536499,63.56976764884535,extreme_or_outside_historical_support,False,extreme_or_outside_historical_support,False,fiscally_ordinary,False,fiscally_ordinary,False,200.87883035868472,,,,,,False,frontier_exceeds_one;ai_rent_capture_impossible,frontier_exceeds_one;ai_rent_capture_impossible,False,1e-09
official_4c_tierA_baseline_official_v2,deterministic-engine-v1_official-runner,baseline-official-v2,v1.0.1-official-4c,MEX,PEN,PEN,,debt_consistent,0.1,low,r1,2034,0.0520799615572849,0.3989097447095232,15.961211632013184,extreme_or_outside_historical_support,False,extreme_or_outside_historical_support,False,fiscally_ordinary,True,fiscally_ordinary,False,68.278251282984,,,,,,False,frontier_exceeds_one;ai_rent_capture_impossible,frontier_exceeds_one;ai_rent_capture_impossible,False,1e-09
official_4c_tierA_baseline_official_v2,deterministic-engine-v1_official-runner,baseline-official-v2,v1.0.1-official-4c,MEX,GMI,GMI:GMI_ideal_aggregate,GMI_ideal_aggregate,debt_consistent,0.1,low,r1,2034,0.0474919301010937,0.3637674288901197,14.555094214548268,extreme_or_outside_historical_support,False,extreme_or_outside_historical_support,False,fiscally_ordinary,True,fiscally_ordinary,False,63.02279687688623,,,,,,False,frontier_exceeds_one;ai_rent_capture_impossible,frontier_exceeds_one;ai_rent_capture_impossible,False,1e-09
official_4c_tierA_baseline_official_v2,deterministic-engine-v1_official-runner,baseline-official-v2,v1.0.1-official-4c,MEX,GMI,GMI:GMI_loaded_aggregate,GMI_loaded_aggregate,debt_consistent,0.1,low,r1,2034,0.0530579474581957,0.4064006892954313,16.260939962657066,extreme_or_outside_historical_support,False,extreme_or_outside_historical_support,False,fiscally_ordinary,True,fiscally_ordinary,False,69.38312240961473,,,,,,False,frontier_exceeds_one;ai_rent_capture_impossible,frontier_exceeds_one;ai_rent_capture_impossible,False,1e-09
official_4c_tierA_baseline_official_v2,deterministic-engine-v1_official-runner,baseline-official-v2,v1.0.1-official-4c,MEX,MUT,MUT,,debt_consistent,0.1,low,r1,2034,0.0773916046951278,0.5927858690455459,23.71860009384457,extreme_or_outside_historical_support,False,extreme_or_outside_historical_support,False,fiscally_ordinary,True,fiscally_ordinary,False,95.29769421355932,,,,,,False,frontier_exceeds_one;ai_rent_capture_impossible,frontier_exceeds_one;ai_rent_capture_impossible,False,1e-09
official_4c_tierA_baseline_official_v2,deterministic-engine-v1_official-runner,baseline-official-v2,v1.0.1-official-4c,MEX,PBI,PBI,,debt_consistent,0.1,low,r1,2034,0.098578151637375,0.7550655593389417,30.21174927032447,extreme_or_outside_historical_support,False,extreme_or_outside_historical_support,False,fiscally_ordinary,True,fiscally_ordinary,False,115.72554670216904,,,,,,False,frontier_exceeds_one;ai_rent_capture_impossible,frontier_exceeds_one;ai_rent_capture_impossible,False,1e-09
official_4c_tierA_baseline_official_v2,deterministic-engine-v1_official-runner,baseline-official-v2,v1.0.1-official-4c,MEX,UBI,UBI,,debt_consistent,0.1,low,r1,2034,0.2074122892150088,1.5886874887449578,63.56670289780584,extreme_or_outside_historical_support,False,extreme_or_outside_historical_support,False,fiscally_ordinary,True,fiscally_ordinary,False,199.57086324583017,,,,,,False,frontier_exceeds_one;ai_rent_capture_impossible,frontier_exceeds_one;ai_rent_capture_impossible,False,1e-09
official_4c_tierA_baseline_official_v2,deterministic-engine-v1_official-runner,baseline-official-v2,v1.0.1-official-4c,MEX,PEN,PEN,,debt_consistent,0.1,low,r2,2034,0.0520799615572849,0.3826756890969492,15.961211632013184,extreme_or_outside_historical_support,False,extreme_or_outside_historical_support,False,fiscally_ordinary,True,fiscally_ordinary,False,65.86543044962016,,,,,,False,frontier_exceeds_one;ai_rent_capture_impossible,frontier_exceeds_one;ai_rent_capture_impossible,False,1e-09
official_4c_tierA_baseline_official_v2,deterministic-engine-v1_official-runner,baseline-official-v2,v1.0.1-official-4c,MEX,GMI,GMI:GMI_ideal_aggregate,GMI_ideal_aggregate,debt_consistent,0.1,low,r2,2034,0.0474919301010937,0.3489635271329805,14.555094214548268,extreme_or_outside_historical_support,False,extreme_or_outside_historical_support,False,fiscally_ordinary,True,fiscally_ordinary,False,60.77233934796359,,,,,,False,frontier_exceeds_one;ai_rent_capture_impossible,frontier_exceeds_one;ai_rent_capture_impossible,False,1e-09
official_4c_tierA_baseline_official_v2,deterministic-engine-v1_official-runner,baseline-official-v2,v1.0.1-official-4c,MEX,GMI,GMI:GMI_loaded_aggregate,GMI_loaded_aggregate,debt_consistent,0.1,low,r2,2034,0.0530579474581957,0.3898617817392507,16.260939962657066,extreme_or_outside_historical_support,False,extreme_or_outside_historical_support,False,fiscally_ordinary,True,fiscally_ordinary,False,66.93660674437024,,,,,,False,frontier_exceeds_one;ai_rent_capture_impossible,frontier_exceeds_one;ai_rent_capture_impossible,False,1e-09
official_4c_tierA_baseline_official_v2,deterministic-engine-v1_official-runner,baseline-official-v2,v1.0.1-official-4c,MEX,MUT,MUT,,debt_consistent,0.1,low,r2,2034,0.0773916046951278,0.568661818700672,23.71860009384457,extreme_or_outside_historical_support,False,extreme_or_outside_historical_support,False,fiscally_ordinary,True,fiscally_ordinary,False,92.10235458792177,,,,,,False,frontier_exceeds_one;ai_rent_capture_impossible,frontier_exceeds_one;ai_rent_capture_impossible,False,1e-09
official_4c_tierA_baseline_official_v2,deterministic-engine-v1_official-runner,baseline-official-v2,v1.0.1-official-4c,MEX,PBI,PBI,,debt_consistent,0.1,low,r2,2034,0.098578151637375,0.724337364693375,30.21174927032447,extreme_or_outside_historical_support,False,extreme_or_outside_historical_support,False,fiscally_ordinary,True,fiscally_ordinary,False,111.99176056208138,,,,,,False,frontier_exceeds_one;ai_rent_capture_impossible,frontier_exceeds_one;ai_rent_capture_impossible,False,1e-09
official_4c_tierA_baseline_official_v2,deterministic-engine-v1_official-runner,baseline-official-v2,v1.0.1-official-4c,MEX,UBI,UBI,,debt_consistent,0.1,low,r2,2034,0.2074122892150088,1.5240341645649071,63.56670289780584,extreme_or_outside_historical_support,False,extreme_or_outside_historical_support,False,fiscally_ordinary,True,fiscally_ordinary,False,194.0146269065993,,,,,,False,frontier_exceeds_one;ai_rent_capture_impossible,frontier_exceeds_one;ai_rent_capture_impossible,False,1e-09
official_4c_tierA_baseline_official_v2,deterministic-engine-v1_official-runner,baseline-official-v2,v1.0.1-official-4c,MEX,PEN,PEN,,debt_consistent,0.1,low,r3,2034,0.0520943615572849,0.4353311910255308,15.965624873510071,extreme_or_outside_historical_support,False,extreme_or_outside_historical_support,False,fiscally_ordinary,False,fiscally_ordinary,False,73.60106822848923,,,,,,False,frontier_exceeds_one;ai_rent_capture_impossible,frontier_exceeds_one;ai_rent_capture_impossible,False,1e-09
official_4c_tierA_baseline_official_v2,deterministic-engine-v1_official-runner,baseline-official-v2,v1.0.1-official-4c,MEX,GMI,GMI:GMI_ideal_aggregate,GMI_ideal_aggregate,debt_consistent,0.1,low,r3,2034,0.0475219301010937,0.3971212586604423,14.564288467666788,extreme_or_outside_historical_support,False,extreme_or_outside_historical_support,False,fiscally_ordinary,False,fiscally_ordinary,False,68.0136726216331,,,,,,False,frontier_exceeds_one;ai_rent_capture_impossible,frontier_exceeds_one;ai_rent_capture_impossible,False,1e-09
official_4c_tierA_baseline_official_v2,deterministic-engine-v1_official-runner,baseline-official-v2,v1.0.1-official-4c,MEX,GMI,GMI:GMI_loaded_aggregate,GMI_loaded_aggregate,debt_consistent,0.1,low,r3,2034,0.0530879474581957,0.4436341804604632,16.270134215775588,extreme_or_outside_historical_support,False,extreme_or_outside_historical_support,False,fiscally_ordinary,False,fiscally_ordinary,False,74.79747733362687,,,,,,False,frontier_exceeds_one;ai_rent_capture_impossible,frontier_exceeds_one;ai_rent_capture_impossible,False,1e-09
official_4c_tierA_baseline_official_v2,deterministic-engine-v1_official-runner,baseline-official-v2,v1.0.1-official-4c,MEX,MUT,MUT,,debt_consistent,0.1,low,r3,2034,0.0774012046951278,0.6468100888363597,23.721542254842504,extreme_or_outside_historical_support,False,extreme_or_outside_historical_support,False,fiscally_ordinary,False,fiscally_ordinary,False,102.29834085131776,,,,,,False,frontier_exceeds_one;ai_rent_capture_impossible,frontier_exceeds_one;ai_rent_capture_impossible,False,1e-09
official_4c_tierA_baseline_official_v2,deterministic-engine-v1_official-runner,baseline-official-v2,v1.0.1-official-4c,MEX,PBI,PBI,,debt_consistent,0.1,low,r3,2034,0.098585351637375,0.823837307205997,30.21395589107291,extreme_or_outside_historical_support,False,extreme_or_outside_historical_support,False,fiscally_ordinary,False,fiscally_ordinary,False,123.873299504209,,,,,,False,frontier_exceeds_one;ai_rent_capture_impossible,frontier_exceeds_one;ai_rent_capture_impossible,False,1e-09
official_4c_tierA_baseline_official_v2,deterministic-engine-v1_official-runner,baseline-official-v2,v1.0.1-official-4c,MEX,UBI,UBI,,debt_consistent,0.1,low,r3,2034,0.2074182892150088,1.7333094827384588,63.568541748429546,extreme_or_outside_historical_support,False,extreme_or_outside_historical_support,False,fiscally_ordinary,False,fiscally_ordinary,False,211.56076446739445,,,,,,False,frontier_exceeds_one;ai_rent_capture_impossible,frontier_exceeds_one;ai_rent_capture_impossible,False,1e-09
official_4c_tierA_baseline_official_v2,deterministic-engine-v1_official-runner,baseline-official-v2,v1.0.1-official-4c,MEX,PEN,PEN,,debt_consistent,0.1,low,r4,2034,0.0520559615572849,0.3539623732111346,15.95385622951837,extreme_or_outside_historical_support,False,extreme_or_outside_historical_support,False,fiscally_ordinary,True,fiscally_ordinary,False,61.534728053236016,,,,,,False,frontier_exceeds_one;ai_rent_capture_impossible,frontier_exceeds_one;ai_rent_capture_impossible,False,1e-09
official_4c_tierA_baseline_official_v2,deterministic-engine-v1_official-runner,baseline-official-v2,v1.0.1-official-4c,MEX,GMI,GMI:GMI_ideal_aggregate,GMI_ideal_aggregate,debt_consistent,0.1,low,r4,2034,0.0474419301010937,0.322588569415252,14.539770459350738,extreme_or_outside_historical_support,False,extreme_or_outside_historical_support,False,fiscally_ordinary,True,fiscally_ordinary,False,56.70721770865053,,,,,,False,frontier_exceeds_one;ai_rent_capture_impossible,frontier_exceeds_one;ai_rent_capture_impossible,False,1e-09
official_4c_tierA_baseline_official_v2,deterministic-engine-v1_official-runner,baseline-official-v2,v1.0.1-official-4c,MEX,GMI,GMI:GMI_loaded_aggregate,GMI_loaded_aggregate,debt_consistent,0.1,low,r4,2034,0.0530079474581957,0.3604355451336073,16.245616207459538,extreme_or_outside_historical_support,False,extreme_or_outside_historical_support,False,fiscally_ordinary,True,fiscally_ordinary,False,62.51821516981449,,,,,,False,frontier_exceeds_one;ai_rent_capture_impossible,frontier_exceeds_one;ai_rent_capture_impossible,False,1e-09
official_4c_tierA_baseline_official_v2,deterministic-engine-v1_official-runner,baseline-official-v2,v1.0.1-official-4c,MEX,MUT,MUT,,debt_consistent,0.1,low,r4,2034,0.0773756046951278,0.5261271110398162,23.713696492181366,extreme_or_outside_historical_support,False,extreme_or_outside_historical_support,False,fiscally_ordinary,True,fiscally_ordinary,False,86.35912873637893,,,,,,False,frontier_exceeds_one;ai_rent_capture_impossible,frontier_exceeds_one;ai_rent_capture_impossible,False,1e-09
official_4c_tierA_baseline_official_v2,deterministic-engine-v1_official-runner,baseline-official-v2,v1.0.1-official-4c,MEX,PBI,PBI,,debt_consistent,0.1,low,r4,2034,0.098566151637375,0.6702154356223076,30.20807156907706,extreme_or_outside_historical_support,False,extreme_or_outside_historical_support,False,fiscally_ordinary,True,fiscally_ordinary,False,105.26730055136962,,,,,,False,frontier_exceeds_one;ai_rent_capture_impossible,frontier_exceeds_one;ai_rent_capture_impossible,False,1e-09
official_4c_tierA_baseline_official_v2,deterministic-engine-v1_official-runner,baseline-official-v2,v1.0.1-official-4c,MEX,UBI,UBI,,debt_consistent,0.1,low,r4,2034,0.2074022892150087,1.4102631918378798,63.56363814676633,extreme_or_outside_historical_support,False,extreme_or_outside_historical_support,False,fiscally_ordinary,True,fiscally_ordinary,False,183.91857687509045,,,,,,False,frontier_exceeds_one;ai_rent_capture_impossible,frontier_exceeds_one;ai_rent_capture_impossible,False,1e-09
official_4c_tierA_baseline_official_v2,deterministic-engine-v1_official-runner,baseline-official-v2,v1.0.1-official-4c,MEX,PEN,PEN,,debt_consistent,0.1,mid,r0,2034,0.0521039615572849,0.5226365260637582,1.8580838391929104,extreme_or_outside_historical_support,False,extreme_or_outside_historical_support,False,fiscally_ordinary,False,fiscally_ordinary,False,10.103698954511865,58.61297960523058,,,,,False,frontier_exceeds_one;ai_rent_capture_impossible,frontier_exceeds_one;ai_rent_capture_impossible,False,1e-09
official_4c_tierA_baseline_official_v2,deterministic-engine-v1_official-runner,baseline-official-v2,v1.0.1-official-4c,MEX,GMI,GMI:GMI_ideal_aggregate,GMI_ideal_aggregate,debt_consistent,0.1,mid,r0,2034,0.0475419301010937,0.4768763918859376,1.695396844398492,extreme_or_outside_historical_support,False,extreme_or_outside_historical_support,False,fiscally_ordinary,False,fiscally_ordinary,False,9.35603145538963,53.19007977874997,,,,,False,frontier_exceeds_one;ai_rent_capture_impossible,frontier_exceeds_one;ai_rent_capture_impossible,False,1e-09
official_4c_tierA_baseline_official_v2,deterministic-engine-v1_official-runner,baseline-official-v2,v1.0.1-official-4c,MEX,GMI,GMI:GMI_loaded_aggregate,GMI_loaded_aggregate,debt_consistent,0.1,mid,r0,2034,0.0531079474581957,0.5327071557776261,1.8938870664620877,extreme_or_outside_historical_support,False,extreme_or_outside_historical_support,False,fiscally_ordinary,False,fiscally_ordinary,False,10.265522598396446,59.80642051420314,,,,,False,frontier_exceeds_one;ai_rent_capture_impossible,frontier_exceeds_one;ai_rent_capture_impossible,False,1e-09
official_4c_tierA_baseline_official_v2,deterministic-engine-v1_official-runner,baseline-official-v2,v1.0.1-official-4c,MEX,MUT,MUT,,debt_consistent,0.1,mid,r0,2034,0.0774076046951278,0.7764484772294996,2.760439226036944,extreme_or_outside_historical_support,False,extreme_or_outside_historical_support,False,fiscally_ordinary,False,fiscally_ordinary,False,13.91637950051448,88.69149250003169,,,,,False,frontier_exceeds_one;ai_rent_capture_impossible,frontier_exceeds_one;ai_rent_capture_impossible,False,1e-09
official_4c_tierA_baseline_official_v2,deterministic-engine-v1_official-runner,baseline-official-v2,v1.0.1-official-4c,MEX,PBI,PBI,,debt_consistent,0.1,mid,r0,2034,0.098590151637375,0.9889231608465398,3.5158318482094835,extreme_or_outside_historical_support,False,extreme_or_outside_historical_support,False,fiscally_ordinary,False,fiscally_ordinary,False,16.74785524893166,113.87124657244968,,,,,False,frontier_exceeds_one;ai_rent_capture_impossible,frontier_exceeds_one;ai_rent_capture_impossible,False,1e-09
official_4c_tierA_baseline_official_v2,deterministic-engine-v1_official-runner,baseline-official-v2,v1.0.1-official-4c,MEX,UBI,UBI,,debt_consistent,0.1,mid,r0,2034,0.2074222892150088,2.0805800830391457,7.396904034927837,extreme_or_outside_historical_support,False,extreme_or_outside_historical_support,False,fiscally_ordinary,False,fiscally_ordinary,False,28.020106554293363,243.24031946306147,,,,,False,frontier_exceeds_one;ai_rent_capture_impossible,frontier_exceeds_one;ai_rent_capture_impossible,False,1e-09
official_4c_tierA_baseline_official_v2,deterministic-engine-v1_official-runner,baseline-official-v2,v1.0.1-official-4c,MEX,PEN,PEN,,debt_consistent,0.1,mid,r1,2034,0.0520799615572849,0.5135054517675575,1.857227973135747,extreme_or_outside_historical_support,False,extreme_or_outside_historical_support,False,fiscally_ordinary,False,fiscally_ordinary,False,9.956138089214068,58.52691694701204,,,,,False,frontier_exceeds_one;ai_rent_capture_impossible,frontier_exceeds_one;ai_rent_capture_impossible,False,1e-09
official_4c_tierA_baseline_official_v2,deterministic-engine-v1_official-runner,baseline-official-v2,v1.0.1-official-4c,MEX,GMI,GMI:GMI_ideal_aggregate,GMI_ideal_aggregate,debt_consistent,0.1,mid,r1,2034,0.0474919301010937,0.4682677231827583,1.6936137901127348,extreme_or_outside_historical_support,False,extreme_or_outside_historical_support,False,fiscally_ordinary,False,fiscally_ordinary,False,9.21305016165751,53.073110846244965,,,,,False,frontier_exceeds_one;ai_rent_capture_impossible,frontier_exceeds_one;ai_rent_capture_impossible,False,1e-09
official_4c_tierA_baseline_official_v2,deterministic-engine-v1_official-runner,baseline-official-v2,v1.0.1-official-4c,MEX,GMI,GMI:GMI_loaded_aggregate,GMI_loaded_aggregate,debt_consistent,0.1,mid,r1,2034,0.0530579474581957,0.5231483369935215,1.8921040121763304,extreme_or_outside_historical_support,False,extreme_or_outside_historical_support,False,fiscally_ordinary,False,fiscally_ordinary,False,10.111946378545774,59.689451581698144,,,,,False,frontier_exceeds_one;ai_rent_capture_impossible,frontier_exceeds_one;ai_rent_capture_impossible,False,1e-09
official_4c_tierA_baseline_official_v2,deterministic-engine-v1_official-runner,baseline-official-v2,v1.0.1-official-4c,MEX,MUT,MUT,,debt_consistent,0.1,mid,r1,2034,0.0773916046951278,0.7630768100371009,2.759868648665501,extreme_or_outside_historical_support,False,extreme_or_outside_historical_support,False,fiscally_ordinary,False,fiscally_ordinary,False,13.728155554473062,88.6149394646705,,,,,False,frontier_exceeds_one;ai_rent_capture_impossible,frontier_exceeds_one;ai_rent_capture_impossible,False,1e-09
official_4c_tierA_baseline_official_v2,deterministic-engine-v1_official-runner,baseline-official-v2,v1.0.1-official-4c,MEX,PBI,PBI,,debt_consistent,0.1,mid,r1,2034,0.098578151637375,0.971974954998412,3.5154039151809022,extreme_or_outside_historical_support,False,extreme_or_outside_historical_support,False,fiscally_ordinary,False,fiscally_ordinary,False,16.532254751694097,113.79944834851722,,,,,False,frontier_exceeds_one;ai_rent_capture_impossible,frontier_exceeds_one;ai_rent_capture_impossible,False,1e-09
official_4c_tierA_baseline_official_v2,deterministic-engine-v1_official-runner,baseline-official-v2,v1.0.1-official-4c,MEX,UBI,UBI,,debt_consistent,0.1,mid,r1,2034,0.2074122892150088,2.0450733466526176,7.396547424070684,extreme_or_outside_historical_support,False,extreme_or_outside_historical_support,False,fiscally_ordinary,False,fiscally_ordinary,False,27.715025105184782,243.17089864484328,,,,,False,frontier_exceeds_one;ai_rent_capture_impossible,frontier_exceeds_one;ai_rent_capture_impossible,False,1e-09
official_4c_tierA_baseline_official_v2,deterministic-engine-v1_official-runner,baseline-official-v2,v1.0.1-official-4c,MEX,PEN,PEN,,debt_consistent,0.1,mid,r2,2034,0.0520799615572849,0.4919541315781578,1.857227973135747,extreme_or_outside_historical_support,False,extreme_or_outside_historical_support,False,fiscally_ordinary,False,fiscally_ordinary,False,9.604659797457124,58.37881744147191,,,,,False,frontier_exceeds_one;ai_rent_capture_impossible,frontier_exceeds_one;ai_rent_capture_impossible,False,1e-09
official_4c_tierA_baseline_official_v2,deterministic-engine-v1_official-runner,baseline-official-v2,v1.0.1-official-4c,MEX,GMI,GMI:GMI_ideal_aggregate,GMI_ideal_aggregate,debt_consistent,0.1,mid,r2,2034,0.0474919301010937,0.4486149860950887,1.6936137901127348,extreme_or_outside_historical_support,False,extreme_or_outside_historical_support,False,fiscally_ordinary,False,fiscally_ordinary,False,8.883789641712072,52.92501134070484,,,,,False,frontier_exceeds_one;ai_rent_capture_impossible,frontier_exceeds_one;ai_rent_capture_impossible,False,1e-09
official_4c_tierA_baseline_official_v2,deterministic-engine-v1_official-runner,baseline-official-v2,v1.0.1-official-4c,MEX,GMI,GMI:GMI_loaded_aggregate,GMI_loaded_aggregate,debt_consistent,0.1,mid,r2,2034,0.0530579474581957,0.501192314368463,1.8921040121763304,extreme_or_outside_historical_support,False,extreme_or_outside_historical_support,False,fiscally_ordinary,False,fiscally_ordinary,False,9.755880282502348,59.54135207615801,,,,,False,frontier_exceeds_one;ai_rent_capture_impossible,frontier_exceeds_one;ai_rent_capture_impossible,False,1e-09
official_4c_tierA_baseline_official_v2,deterministic-engine-v1_official-runner,baseline-official-v2,v1.0.1-official-4c,MEX,MUT,MUT,,debt_consistent,0.1,mid,r2,2034,0.0773916046951278,0.7310512247086333,2.759868648665501,extreme_or_outside_historical_support,False,extreme_or_outside_historical_support,False,fiscally_ordinary,False,fiscally_ordinary,False,13.272075996462853,88.46683995913037,,,,,False,frontier_exceeds_one;ai_rent_capture_impossible,frontier_exceeds_one;ai_rent_capture_impossible,False,1e-09
official_4c_tierA_baseline_official_v2,deterministic-engine-v1_official-runner,baseline-official-v2,v1.0.1-official-4c,MEX,PBI,PBI,,debt_consistent,0.1,mid,r2,2034,0.098578151637375,0.9311821194031044,3.5154039151809022,extreme_or_outside_historical_support,False,extreme_or_outside_historical_support,False,fiscally_ordinary,False,fiscally_ordinary,False,16.006405748051005,113.65134884297709,,,,,False,frontier_exceeds_one;ai_rent_capture_impossible,frontier_exceeds_one;ai_rent_capture_impossible,False,1e-09
official_4c_tierA_baseline_official_v2,deterministic-engine-v1_official-runner,baseline-official-v2,v1.0.1-official-4c,MEX,UBI,UBI,,debt_consistent,0.1,mid,r2,2034,0.2074122892150088,1.95924362400253,7.396547424070684,extreme_or_outside_historical_support,False,extreme_or_outside_historical_support,False,fiscally_ordinary,False,fiscally_ordinary,False,26.964122139901946,243.02279913930315,,,,,False,frontier_exceeds_one;ai_rent_capture_impossible,frontier_exceeds_one;ai_rent_capture_impossible,False,1e-09
official_4c_tierA_baseline_official_v2,deterministic-engine-v1_official-runner,baseline-official-v2,v1.0.1-official-4c,MEX,PEN,PEN,,debt_consistent,0.1,mid,r3,2034,0.0520943615572849,0.5520606690466665,1.857741492770045,extreme_or_outside_historical_support,False,extreme_or_outside_historical_support,False,fiscally_ordinary,False,fiscally_ordinary,False,10.573843181379084,58.82926735469047,,,,,False,frontier_exceeds_one;ai_rent_capture_impossible,frontier_exceeds_one;ai_rent_capture_impossible,False,1e-09
official_4c_tierA_baseline_official_v2,deterministic-engine-v1_official-runner,baseline-official-v2,v1.0.1-official-4c,MEX,GMI,GMI:GMI_ideal_aggregate,GMI_ideal_aggregate,debt_consistent,0.1,mid,r3,2034,0.0475219301010937,0.5036051453889061,1.6946836226841893,extreme_or_outside_historical_support,False,extreme_or_outside_historical_support,False,fiscally_ordinary,False,fiscally_ordinary,False,9.79523813288829,53.39400501849528,,,,,False,frontier_exceeds_one;ai_rent_capture_impossible,frontier_exceeds_one;ai_rent_capture_impossible,False,1e-09
official_4c_tierA_baseline_official_v2,deterministic-engine-v1_official-runner,baseline-official-v2,v1.0.1-official-4c,MEX,GMI,GMI:GMI_loaded_aggregate,GMI_loaded_aggregate,debt_consistent,0.1,mid,r3,2034,0.0530879474581957,0.5625900177288456,1.8931738447477848,extreme_or_outside_historical_support,False,extreme_or_outside_historical_support,False,fiscally_ordinary,False,fiscally_ordinary,False,10.740135648319322,60.01034575394845,,,,,False,frontier_exceeds_one;ai_rent_capture_impossible,frontier_exceeds_one;ai_rent_capture_impossible,False,1e-09
official_4c_tierA_baseline_official_v2,deterministic-engine-v1_official-runner,baseline-official-v2,v1.0.1-official-4c,MEX,MUT,MUT,,debt_consistent,0.1,mid,r3,2034,0.0774012046951278,0.8202454079799509,2.760210995088366,extreme_or_outside_historical_support,False,extreme_or_outside_historical_support,False,fiscally_ordinary,False,fiscally_ordinary,False,14.524076326464192,88.91158409863452,,,,,False,frontier_exceeds_one;ai_rent_capture_impossible,frontier_exceeds_one;ai_rent_capture_impossible,False,1e-09
official_4c_tierA_baseline_official_v2,deterministic-engine-v1_official-runner,baseline-official-v2,v1.0.1-official-4c,MEX,PBI,PBI,,debt_consistent,0.1,mid,r3,2034,0.098585351637375,1.0447406121540086,3.515660674998051,extreme_or_outside_historical_support,False,extreme_or_outside_historical_support,False,fiscally_ordinary,False,fiscally_ordinary,False,17.44641256613216,114.093240095624,,,,,False,frontier_exceeds_one;ai_rent_capture_impossible,frontier_exceeds_one;ai_rent_capture_impossible,False,1e-09
official_4c_tierA_baseline_official_v2,deterministic-engine-v1_official-runner,baseline-official-v2,v1.0.1-official-4c,MEX,UBI,UBI,,debt_consistent,0.1,mid,r3,2034,0.2074182892150088,2.198078181467604,7.396761390584976,extreme_or_outside_historical_support,False,extreme_or_outside_historical_support,False,fiscally_ordinary,False,fiscally_ordinary,False,29.007595166708896,243.4632639485215,,,,,False,frontier_exceeds_one;ai_rent_capture_impossible,frontier_exceeds_one;ai_rent_capture_impossible,False,1e-09
official_4c_tierA_baseline_official_v2,deterministic-engine-v1_official-runner,baseline-official-v2,v1.0.1-official-4c,MEX,PEN,PEN,,debt_consistent,0.1,mid,r4,2034,0.0520559615572849,0.4448939792728926,1.856372107078584,extreme_or_outside_historical_support,False,extreme_or_outside_historical_support,False,fiscally_ordinary,False,fiscally_ordinary,False,8.820995896295287,58.058818042358126,,,,,False,frontier_exceeds_one;ai_rent_capture_impossible,frontier_exceeds_one;ai_rent_capture_impossible,False,1e-09
official_4c_tierA_baseline_official_v2,deterministic-engine-v1_official-runner,baseline-official-v2,v1.0.1-official-4c,MEX,GMI,GMI:GMI_ideal_aggregate,GMI_ideal_aggregate,debt_consistent,0.1,mid,r4,2034,0.0474419301010937,0.4054603629564164,1.6918307358269775,extreme_or_outside_historical_support,False,extreme_or_outside_historical_support,False,fiscally_ordinary,False,fiscally_ordinary,False,8.146437741361462,52.574105667304586,,,,,False,frontier_exceeds_one;ai_rent_capture_impossible,frontier_exceeds_one;ai_rent_capture_impossible,False,1e-09
official_4c_tierA_baseline_official_v2,deterministic-engine-v1_official-runner,baseline-official-v2,v1.0.1-official-4c,MEX,GMI,GMI:GMI_loaded_aggregate,GMI_loaded_aggregate,debt_consistent,0.1,mid,r4,2034,0.0530079474581957,0.4530300847831486,1.890320957890573,extreme_or_outside_historical_support,False,extreme_or_outside_historical_support,False,fiscally_ordinary,False,fiscally_ordinary,False,8.958108479342615,59.190446402757765,,,,,False,frontier_exceeds_one;ai_rent_capture_impossible,frontier_exceeds_one;ai_rent_capture_impossible,False,1e-09
official_4c_tierA_baseline_official_v2,deterministic-engine-v1_official-runner,baseline-official-v2,v1.0.1-official-4c,MEX,MUT,MUT,,debt_consistent,0.1,mid,r4,2034,0.0773756046951278,0.6612871925068552,2.759298071294059,extreme_or_outside_historical_support,False,extreme_or_outside_historical_support,False,fiscally_ordinary,False,fiscally_ordinary,False,12.251670608828046,88.15635018287395,,,,,False,frontier_exceeds_one;ai_rent_capture_impossible,frontier_exceeds_one;ai_rent_capture_impossible,False,1e-09
official_4c_tierA_baseline_official_v2,deterministic-engine-v1_official-runner,baseline-official-v2,v1.0.1-official-4c,MEX,PBI,PBI,,debt_consistent,0.1,mid,r4,2034,0.098566151637375,0.8423912672386386,3.51497598215232,extreme_or_outside_historical_support,False,extreme_or_outside_historical_support,False,fiscally_ordinary,False,fiscally_ordinary,False,14.826364161980807,113.34561387814932,,,,,False,frontier_exceeds_one;ai_rent_capture_impossible,frontier_exceeds_one;ai_rent_capture_impossible,False,1e-09
official_4c_tierA_baseline_official_v2,deterministic-engine-v1_official-runner,baseline-official-v2,v1.0.1-official-4c,MEX,UBI,UBI,,debt_consistent,0.1,mid,r4,2034,0.2074022892150087,1.7725545163089904,7.396190813213533,extreme_or_outside_historical_support,False,extreme_or_outside_historical_support,False,fiscally_ordinary,False,fiscally_ordinary,False,25.2606830357715,242.71944158018977,,,,,False,frontier_exceeds_one;ai_rent_capture_impossible,frontier_exceeds_one;ai_rent_capture_impossible,False,1e-09
official_4c_tierA_baseline_official_v2,deterministic-engine-v1_official-runner,baseline-official-v2,v1.0.1-official-4c,MEX,PEN,PEN,,debt_consistent,0.1,high,r0,2034,0.0521039615572849,0.5243042303069974,2.587798275405728,extreme_or_outside_historical_support,False,extreme_or_outside_historical_support,False,fiscally_ordinary,False,fiscally_ordinary,False,14.05992914661849,41.473682199587046,,,,,False,frontier_exceeds_one;ai_rent_capture_impossible,frontier_exceeds_one;ai_rent_capture_impossible,False,1e-09
official_4c_tierA_baseline_official_v2,deterministic-engine-v1_official-runner,baseline-official-v2,v1.0.1-official-4c,MEX,GMI,GMI:GMI_ideal_aggregate,GMI_ideal_aggregate,debt_consistent,0.1,high,r0,2034,0.0475419301010937,0.478398078072394,2.361220165376632,extreme_or_outside_historical_support,False,extreme_or_outside_historical_support,False,fiscally_ordinary,False,fiscally_ordinary,False,13.019945835335044,37.69738036576878,,,,,False,frontier_exceeds_one;ai_rent_capture_impossible,frontier_exceeds_one;ai_rent_capture_impossible,False,1e-09
official_4c_tierA_baseline_official_v2,deterministic-engine-v1_official-runner,baseline-official-v2,v1.0.1-official-4c,MEX,GMI,GMI:GMI_loaded_aggregate,GMI_loaded_aggregate,debt_consistent,0.1,high,r0,2034,0.0531079474581957,0.5344069948431909,2.637662295439064,extreme_or_outside_historical_support,False,extreme_or_outside_historical_support,False,fiscally_ordinary,False,fiscally_ordinary,False,14.28501310653412,42.30474920014266,,,,,False,frontier_exceeds_one;ai_rent_capture_impossible,frontier_exceeds_one;ai_rent_capture_impossible,False,1e-09
official_4c_tierA_baseline_official_v2,deterministic-engine-v1_official-runner,baseline-official-v2,v1.0.1-official-4c,MEX,MUT,MUT,,debt_consistent,0.1,high,r0,2034,0.0774076046951278,0.7789260813684309,3.844530433892372,extreme_or_outside_historical_support,False,extreme_or_outside_historical_support,False,fiscally_ordinary,False,fiscally_ordinary,False,19.362366961145263,62.41921817436445,,,,,False,frontier_exceeds_one;ai_rent_capture_impossible,frontier_exceeds_one;ai_rent_capture_impossible,False,1e-09
official_4c_tierA_baseline_official_v2,deterministic-engine-v1_official-runner,baseline-official-v2,v1.0.1-official-4c,MEX,PBI,PBI,,debt_consistent,0.1,high,r0,2034,0.098590151637375,0.992078759947128,4.896583997719399,extreme_or_outside_historical_support,False,extreme_or_outside_historical_support,False,fiscally_ordinary,False,fiscally_ordinary,False,23.299345057682785,79.95344423814824,,,,,False,frontier_exceeds_one;ai_rent_capture_impossible,frontier_exceeds_one;ai_rent_capture_impossible,False,1e-09
official_4c_tierA_baseline_official_v2,deterministic-engine-v1_official-runner,baseline-official-v2,v1.0.1-official-4c,MEX,UBI,UBI,,debt_consistent,0.1,high,r0,2034,0.2074222892150088,2.0872190989897077,10.301847043264976,extreme_or_outside_historical_support,False,extreme_or_outside_historical_support,False,fiscally_ordinary,False,fiscally_ordinary,False,38.967013400638464,170.04116166390787,,,,,False,frontier_exceeds_one;ai_rent_capture_impossible,frontier_exceeds_one;ai_rent_capture_impossible,False,1e-09
official_4c_tierA_baseline_official_v2,deterministic-engine-v1_official-runner,baseline-official-v2,v1.0.1-official-4c,MEX,PEN,PEN,,debt_consistent,0.1,high,r1,2034,0.0520799615572849,0.5158504906521624,2.5866062900604008,extreme_or_outside_historical_support,False,extreme_or_outside_historical_support,False,fiscally_ordinary,False,fiscally_ordinary,False,13.870550371548417,41.42744798896081,,,,,False,frontier_exceeds_one;ai_rent_capture_impossible,frontier_exceeds_one;ai_rent_capture_impossible,False,1e-09
official_4c_tierA_baseline_official_v2,deterministic-engine-v1_official-runner,baseline-official-v2,v1.0.1-official-4c,MEX,GMI,GMI:GMI_ideal_aggregate,GMI_ideal_aggregate,debt_consistent,0.1,high,r1,2034,0.0474919301010937,0.470406173739591,2.358736862573868,extreme_or_outside_historical_support,False,extreme_or_outside_historical_support,False,fiscally_ordinary,False,fiscally_ordinary,False,12.83592905364209,37.6296241975186,,,,,False,frontier_exceeds_one;ai_rent_capture_impossible,frontier_exceeds_one;ai_rent_capture_impossible,False,1e-09
official_4c_tierA_baseline_official_v2,deterministic-engine-v1_official-runner,baseline-official-v2,v1.0.1-official-4c,MEX,GMI,GMI:GMI_loaded_aggregate,GMI_loaded_aggregate,debt_consistent,0.1,high,r1,2034,0.0530579474581957,0.525537412296312,2.635178992636301,extreme_or_outside_historical_support,False,extreme_or_outside_historical_support,False,fiscally_ordinary,False,fiscally_ordinary,False,14.087475570584186,42.23699303189248,,,,,False,frontier_exceeds_one;ai_rent_capture_impossible,frontier_exceeds_one;ai_rent_capture_impossible,False,1e-09
official_4c_tierA_baseline_official_v2,deterministic-engine-v1_official-runner,baseline-official-v2,v1.0.1-official-4c,MEX,MUT,MUT,,debt_consistent,0.1,high,r1,2034,0.0773916046951278,0.7665615730231954,3.843735776995487,extreme_or_outside_historical_support,False,extreme_or_outside_historical_support,False,fiscally_ordinary,False,fiscally_ordinary,False,19.121177919103555,62.37960610454558,,,,,False,frontier_exceeds_one;ai_rent_capture_impossible,frontier_exceeds_one;ai_rent_capture_impossible,False,1e-09
official_4c_tierA_baseline_official_v2,deterministic-engine-v1_official-runner,baseline-official-v2,v1.0.1-official-4c,MEX,PBI,PBI,,debt_consistent,0.1,high,r1,2034,0.098578151637375,0.9764136986504756,4.895988005046737,extreme_or_outside_historical_support,False,extreme_or_outside_historical_support,False,fiscally_ordinary,False,fiscally_ordinary,False,23.02325000873755,79.91714323873309,,,,,False,frontier_exceeds_one;ai_rent_capture_impossible,frontier_exceeds_one;ai_rent_capture_impossible,False,1e-09
official_4c_tierA_baseline_official_v2,deterministic-engine-v1_official-runner,baseline-official-v2,v1.0.1-official-4c,MEX,UBI,UBI,,debt_consistent,0.1,high,r1,2034,0.2074122892150088,2.054412637020932,10.301350382704422,extreme_or_outside_historical_support,False,extreme_or_outside_historical_support,False,fiscally_ordinary,False,fiscally_ordinary,False,38.57671647688498,170.00651619969452,,,,,False,frontier_exceeds_one;ai_rent_capture_impossible,frontier_exceeds_one;ai_rent_capture_impossible,False,1e-09
official_4c_tierA_baseline_official_v2,deterministic-engine-v1_official-runner,baseline-official-v2,v1.0.1-official-4c,MEX,PEN,PEN,,debt_consistent,0.1,high,r2,2034,0.0520799615572849,0.4942452085646101,2.5866062900604008,extreme_or_outside_historical_support,False,extreme_or_outside_historical_support,False,fiscally_ordinary,False,fiscally_ordinary,False,13.382199868082026,41.3538928483727,,,,,False,frontier_exceeds_one;ai_rent_capture_impossible,frontier_exceeds_one;ai_rent_capture_impossible,False,1e-09
official_4c_tierA_baseline_official_v2,deterministic-engine-v1_official-runner,baseline-official-v2,v1.0.1-official-4c,MEX,GMI,GMI:GMI_ideal_aggregate,GMI_ideal_aggregate,debt_consistent,0.1,high,r2,2034,0.0474919301010937,0.4507042285761364,2.358736862573868,extreme_or_outside_historical_support,False,extreme_or_outside_historical_support,False,fiscally_ordinary,False,fiscally_ordinary,False,12.378410029281888,37.55606905693048,,,,,False,frontier_exceeds_one;ai_rent_capture_impossible,frontier_exceeds_one;ai_rent_capture_impossible,False,1e-09
official_4c_tierA_baseline_official_v2,deterministic-engine-v1_official-runner,baseline-official-v2,v1.0.1-official-4c,MEX,GMI,GMI:GMI_loaded_aggregate,GMI_loaded_aggregate,debt_consistent,0.1,high,r2,2034,0.0530579474581957,0.5035264144471691,2.635178992636301,extreme_or_outside_historical_support,False,extreme_or_outside_historical_support,False,fiscally_ordinary,False,fiscally_ordinary,False,13.592759202047509,42.16343789130437,,,,,False,frontier_exceeds_one;ai_rent_capture_impossible,frontier_exceeds_one;ai_rent_capture_impossible,False,1e-09
official_4c_tierA_baseline_official_v2,deterministic-engine-v1_official-runner,baseline-official-v2,v1.0.1-official-4c,MEX,MUT,MUT,,debt_consistent,0.1,high,r2,2034,0.0773916046951278,0.7344557995040003,3.843735776995487,extreme_or_outside_historical_support,False,extreme_or_outside_historical_support,False,fiscally_ordinary,False,fiscally_ordinary,False,18.487736725404982,62.30605096395747,,,,,False,frontier_exceeds_one;ai_rent_capture_impossible,frontier_exceeds_one;ai_rent_capture_impossible,False,1e-09
official_4c_tierA_baseline_official_v2,deterministic-engine-v1_official-runner,baseline-official-v2,v1.0.1-official-4c,MEX,PBI,PBI,,debt_consistent,0.1,high,r2,2034,0.098578151637375,0.935518722730566,4.895988005046737,extreme_or_outside_historical_support,False,extreme_or_outside_historical_support,False,fiscally_ordinary,False,fiscally_ordinary,False,22.29308860989557,79.84358809814498,,,,,False,frontier_exceeds_one;ai_rent_capture_impossible,frontier_exceeds_one;ai_rent_capture_impossible,False,1e-09
official_4c_tierA_baseline_official_v2,deterministic-engine-v1_official-runner,baseline-official-v2,v1.0.1-official-4c,MEX,UBI,UBI,,debt_consistent,0.1,high,r2,2034,0.2074122892150088,1.9683680071302936,10.301350382704422,extreme_or_outside_historical_support,False,extreme_or_outside_historical_support,False,fiscally_ordinary,False,fiscally_ordinary,False,37.53483266699807,169.9329610591064,,,,,False,frontier_exceeds_one;ai_rent_capture_impossible,frontier_exceeds_one;ai_rent_capture_impossible,False,1e-09
official_4c_tierA_baseline_official_v2,deterministic-engine-v1_official-runner,baseline-official-v2,v1.0.1-official-4c,MEX,PEN,PEN,,debt_consistent,0.1,high,r3,2034,0.0520943615572849,0.5459719678934422,2.5873214812675966,extreme_or_outside_historical_support,False,extreme_or_outside_historical_support,False,fiscally_ordinary,False,fiscally_ordinary,False,14.541042737852187,41.58176106558194,,,,,False,frontier_exceeds_one;ai_rent_capture_impossible,frontier_exceeds_one;ai_rent_capture_impossible,False,1e-09
official_4c_tierA_baseline_official_v2,deterministic-engine-v1_official-runner,baseline-official-v2,v1.0.1-official-4c,MEX,GMI,GMI:GMI_ideal_aggregate,GMI_ideal_aggregate,debt_consistent,0.1,high,r3,2034,0.0475219301010937,0.4980508623156449,2.360226844255526,extreme_or_outside_historical_support,False,extreme_or_outside_historical_support,False,fiscally_ordinary,False,fiscally_ordinary,False,13.46867932656843,37.79685044871409,,,,,False,frontier_exceeds_one;ai_rent_capture_impossible,frontier_exceeds_one;ai_rent_capture_impossible,False,1e-09
official_4c_tierA_baseline_official_v2,deterministic-engine-v1_official-runner,baseline-official-v2,v1.0.1-official-4c,MEX,GMI,GMI:GMI_loaded_aggregate,GMI_loaded_aggregate,debt_consistent,0.1,high,r3,2034,0.0530879474581957,0.5563851879306038,2.6366689743179594,extreme_or_outside_historical_support,False,extreme_or_outside_historical_support,False,fiscally_ordinary,False,fiscally_ordinary,False,14.770103879092703,42.40421928308798,,,,,False,frontier_exceeds_one;ai_rent_capture_impossible,frontier_exceeds_one;ai_rent_capture_impossible,False,1e-09
official_4c_tierA_baseline_official_v2,deterministic-engine-v1_official-runner,baseline-official-v2,v1.0.1-official-4c,MEX,MUT,MUT,,debt_consistent,0.1,high,r3,2034,0.0774012046951278,0.8111988856654402,3.844212571133618,extreme_or_outside_historical_support,False,extreme_or_outside_historical_support,False,fiscally_ordinary,False,fiscally_ordinary,False,19.98486171000292,62.52994589668229,,,,,False,frontier_exceeds_one;ai_rent_capture_impossible,frontier_exceeds_one;ai_rent_capture_impossible,False,1e-09
official_4c_tierA_baseline_official_v2,deterministic-engine-v1_official-runner,baseline-official-v2,v1.0.1-official-4c,MEX,PBI,PBI,,debt_consistent,0.1,high,r3,2034,0.098585351637375,1.033218122459122,4.896345600650334,extreme_or_outside_historical_support,False,extreme_or_outside_historical_support,False,fiscally_ordinary,False,fiscally_ordinary,False,24.015224607769856,80.06549638862757,,,,,False,frontier_exceeds_one;ai_rent_capture_impossible,frontier_exceeds_one;ai_rent_capture_impossible,False,1e-09
official_4c_tierA_baseline_official_v2,deterministic-engine-v1_official-runner,baseline-official-v2,v1.0.1-official-4c,MEX,UBI,UBI,,debt_consistent,0.1,high,r3,2034,0.2074182892150088,2.173835481509481,10.301648379040754,extreme_or_outside_historical_support,False,extreme_or_outside_historical_support,False,fiscally_ordinary,False,fiscally_ordinary,False,39.97982481257952,170.1538760284679,,,,,False,frontier_exceeds_one;ai_rent_capture_impossible,frontier_exceeds_one;ai_rent_capture_impossible,False,1e-09
official_4c_tierA_baseline_official_v2,deterministic-engine-v1_official-runner,baseline-official-v2,v1.0.1-official-4c,MEX,PEN,PEN,,debt_consistent,0.1,high,r4,2034,0.0520559615572849,0.4383318805862671,2.5854143047150746,extreme_or_outside_historical_support,False,extreme_or_outside_historical_support,False,fiscally_ordinary,False,fiscally_ordinary,False,12.08823213915254,41.190917724297215,,,,,False,frontier_exceeds_one;ai_rent_capture_impossible,frontier_exceeds_one;ai_rent_capture_impossible,False,1e-09
official_4c_tierA_baseline_official_v2,deterministic-engine-v1_official-runner,baseline-official-v2,v1.0.1-official-4c,MEX,GMI,GMI:GMI_ideal_aggregate,GMI_ideal_aggregate,debt_consistent,0.1,high,r4,2034,0.0474419301010937,0.3994799023541321,2.3562535597711043,extreme_or_outside_historical_support,False,extreme_or_outside_historical_support,False,fiscally_ordinary,False,fiscally_ordinary,False,11.162173037095608,37.37157197523104,,,,,False,frontier_exceeds_one;ai_rent_capture_impossible,frontier_exceeds_one;ai_rent_capture_impossible,False,1e-09
official_4c_tierA_baseline_official_v2,deterministic-engine-v1_official-runner,baseline-official-v2,v1.0.1-official-4c,MEX,GMI,GMI:GMI_loaded_aggregate,GMI_loaded_aggregate,debt_consistent,0.1,high,r4,2034,0.0530079474581957,0.446347980140564,2.6326956898335374,extreme_or_outside_historical_support,False,extreme_or_outside_historical_support,False,fiscally_ordinary,False,fiscally_ordinary,False,12.276494626631084,41.97894080960493,,,,,False,frontier_exceeds_one;ai_rent_capture_impossible,frontier_exceeds_one;ai_rent_capture_impossible,False,1e-09
official_4c_tierA_baseline_official_v2,deterministic-engine-v1_official-runner,baseline-official-v2,v1.0.1-official-4c,MEX,MUT,MUT,,debt_consistent,0.1,high,r4,2034,0.0773756046951278,0.6515333364881164,3.842941120098603,extreme_or_outside_historical_support,False,extreme_or_outside_historical_support,False,fiscally_ordinary,False,fiscally_ordinary,False,16.801505851457744,62.14969798068935,,,,,False,frontier_exceeds_one;ai_rent_capture_impossible,frontier_exceeds_one;ai_rent_capture_impossible,False,1e-09
official_4c_tierA_baseline_official_v2,deterministic-engine-v1_official-runner,baseline-official-v2,v1.0.1-official-4c,MEX,PBI,PBI,,debt_consistent,0.1,high,r4,2034,0.098566151637375,0.8299661617395578,4.8953920123740735,extreme_or_outside_historical_support,False,extreme_or_outside_historical_support,False,fiscally_ordinary,False,fiscally_ordinary,False,20.34227919717612,79.69054618528052,,,,,False,frontier_exceeds_one;ai_rent_capture_impossible,frontier_exceeds_one;ai_rent_capture_impossible,False,1e-09
official_4c_tierA_baseline_official_v2,deterministic-engine-v1_official-runner,baseline-official-v2,v1.0.1-official-4c,MEX,UBI,UBI,,debt_consistent,0.1,high,r4,2034,0.2074022892150087,1.746409685842969,10.30085372214387,extreme_or_outside_historical_support,False,extreme_or_outside_historical_support,False,fiscally_ordinary,False,fiscally_ordinary,False,34.71614826993431,169.78157468144383,,,,,False,frontier_exceeds_one;ai_rent_capture_impossible,frontier_exceeds_one;ai_rent_capture_impossible,False,1e-09
official_4c_tierA_baseline_official_v2,deterministic-engine-v1_official-runner,baseline-official-v2,v1.0.1-official-4c,MEX,PEN,PEN,,debt_consistent,0.1,stress,r0,2034,0.0521039615572849,0.5606646285499575,0.510037930318262,extreme_or_outside_historical_support,False,extreme_or_outside_historical_support,True,fiscally_ordinary,False,fiscally_ordinary,False,3.03444419016813,4.1710543751585165,,,,,False,frontier_exceeds_one;ai_rent_capture_impossible,frontier_exceeds_one;ai_rent_capture_impossible,False,1e-09
official_4c_tierA_baseline_official_v2,deterministic-engine-v1_official-runner,baseline-official-v2,v1.0.1-official-4c,MEX,GMI,GMI:GMI_ideal_aggregate,GMI_ideal_aggregate,debt_consistent,0.1,stress,r0,2034,0.0475419301010937,0.5115748934247969,0.4653808828996237,extreme_or_outside_historical_support,True,extreme_or_outside_historical_support,True,fiscally_ordinary,False,fiscally_ordinary,False,2.8120371831954074,3.7244839009721353,,,,,False,frontier_exceeds_one;ai_rent_capture_impossible,frontier_exceeds_one;ai_rent_capture_impossible,False,1e-09
official_4c_tierA_baseline_official_v2,deterministic-engine-v1_official-runner,baseline-official-v2,v1.0.1-official-4c,MEX,GMI,GMI:GMI_loaded_aggregate,GMI_loaded_aggregate,debt_consistent,0.1,stress,r0,2034,0.0531079474581957,0.5714680178773638,0.5198657989805379,extreme_or_outside_historical_support,False,extreme_or_outside_historical_support,True,fiscally_ordinary,False,fiscally_ordinary,False,3.0825437503518605,4.269333061781276,,,,,False,frontier_exceeds_one;ai_rent_capture_impossible,frontier_exceeds_one;ai_rent_capture_impossible,False,1e-09
official_4c_tierA_baseline_official_v2,deterministic-engine-v1_official-runner,baseline-official-v2,v1.0.1-official-4c,MEX,MUT,MUT,,debt_consistent,0.1,stress,r0,2034,0.0774076046951278,0.8329444563561761,0.757731529611056,extreme_or_outside_historical_support,False,extreme_or_outside_historical_support,True,fiscally_ordinary,False,fiscally_ordinary,False,4.1643819615378455,6.647990368086458,,,,,False,frontier_exceeds_one;ai_rent_capture_impossible,frontier_exceeds_one;ai_rent_capture_impossible,False,1e-09
official_4c_tierA_baseline_official_v2,deterministic-engine-v1_official-runner,baseline-official-v2,v1.0.1-official-4c,MEX,PBI,PBI,,debt_consistent,0.1,stress,r0,2034,0.098590151637375,1.0608792324875422,0.9650843311713556,extreme_or_outside_historical_support,False,extreme_or_outside_historical_support,False,fiscally_ordinary,False,fiscally_ordinary,False,4.999470298101996,8.721518383689451,,,,,False,frontier_exceeds_one;ai_rent_capture_impossible,frontier_exceeds_one;ai_rent_capture_impossible,False,1e-09
official_4c_tierA_baseline_official_v2,deterministic-engine-v1_official-runner,baseline-official-v2,v1.0.1-official-4c,MEX,UBI,UBI,,debt_consistent,0.1,stress,r0,2034,0.2074222892150088,2.2319673448986537,2.030425939432383,extreme_or_outside_historical_support,False,extreme_or_outside_historical_support,False,fiscally_ordinary,False,fiscally_ordinary,False,8.297796857646587,19.374934466299727,,,,,False,frontier_exceeds_one;ai_rent_capture_impossible,frontier_exceeds_one;ai_rent_capture_impossible,False,1e-09
official_4c_tierA_baseline_official_v2,deterministic-engine-v1_official-runner,baseline-official-v2,v1.0.1-official-4c,MEX,PEN,PEN,,debt_consistent,0.1,stress,r1,2034,0.0520799615572849,0.551401961776481,0.5098029978877561,extreme_or_outside_historical_support,False,extreme_or_outside_historical_support,True,fiscally_ordinary,False,fiscally_ordinary,False,2.992965132546511,4.153529139789209,,,,,False,frontier_exceeds_one;ai_rent_capture_impossible,frontier_exceeds_one;ai_rent_capture_impossible,False,1e-09
official_4c_tierA_baseline_official_v2,deterministic-engine-v1_official-runner,baseline-official-v2,v1.0.1-official-4c,MEX,GMI,GMI:GMI_ideal_aggregate,GMI_ideal_aggregate,debt_consistent,0.1,stress,r1,2034,0.0474919301010937,0.5028257057657435,0.4648914403360698,extreme_or_outside_historical_support,True,extreme_or_outside_historical_support,True,fiscally_ordinary,False,fiscally_ordinary,False,2.7717168937816354,3.704413564272347,,,,,False,frontier_exceeds_one;ai_rent_capture_impossible,frontier_exceeds_one;ai_rent_capture_impossible,False,1e-09
official_4c_tierA_baseline_official_v2,deterministic-engine-v1_official-runner,baseline-official-v2,v1.0.1-official-4c,MEX,GMI,GMI:GMI_loaded_aggregate,GMI_loaded_aggregate,debt_consistent,0.1,stress,r1,2034,0.0530579474581957,0.5617564883204149,0.519376356416984,extreme_or_outside_historical_support,False,extreme_or_outside_historical_support,True,fiscally_ordinary,False,fiscally_ordinary,False,3.039319029303764,4.249262725081488,,,,,False,frontier_exceeds_one;ai_rent_capture_impossible,frontier_exceeds_one;ai_rent_capture_impossible,False,1e-09
official_4c_tierA_baseline_official_v2,deterministic-engine-v1_official-runner,baseline-official-v2,v1.0.1-official-4c,MEX,MUT,MUT,,debt_consistent,0.1,stress,r1,2034,0.0773916046951278,0.8193915928103096,0.7575749079907187,extreme_or_outside_historical_support,False,extreme_or_outside_historical_support,True,fiscally_ordinary,False,fiscally_ordinary,False,4.111834123794098,6.631248240818835,,,,,False,frontier_exceeds_one;ai_rent_capture_impossible,frontier_exceeds_one;ai_rent_capture_impossible,False,1e-09
official_4c_tierA_baseline_official_v2,deterministic-engine-v1_official-runner,baseline-official-v2,v1.0.1-official-4c,MEX,PBI,PBI,,debt_consistent,0.1,stress,r1,2034,0.098578151637375,1.0437063426277562,0.9649668649561028,extreme_or_outside_historical_support,False,extreme_or_outside_historical_support,False,fiscally_ordinary,False,fiscally_ordinary,False,4.939527238674408,8.705167810472675,,,,,False,frontier_exceeds_one;ai_rent_capture_impossible,frontier_exceeds_one;ai_rent_capture_impossible,False,1e-09
official_4c_tierA_baseline_official_v2,deterministic-engine-v1_official-runner,baseline-official-v2,v1.0.1-official-4c,MEX,UBI,UBI,,debt_consistent,0.1,stress,r1,2034,0.2074122892150088,2.195998993661104,2.0303280509196724,extreme_or_outside_historical_support,False,extreme_or_outside_historical_support,False,fiscally_ordinary,False,fiscally_ordinary,False,8.213948625835075,19.358779670108373,,,,,False,frontier_exceeds_one;ai_rent_capture_impossible,frontier_exceeds_one;ai_rent_capture_impossible,False,1e-09
official_4c_tierA_baseline_official_v2,deterministic-engine-v1_official-runner,baseline-official-v2,v1.0.1-official-4c,MEX,PEN,PEN,,debt_consistent,0.1,stress,r2,2034,0.0520799615572849,0.5281690631991626,0.5098029978877561,extreme_or_outside_historical_support,False,extreme_or_outside_historical_support,True,fiscally_ordinary,False,fiscally_ordinary,False,2.8879371614419007,4.111982798419235,,,,,False,frontier_exceeds_one;ai_rent_capture_impossible,frontier_exceeds_one;ai_rent_capture_impossible,False,1e-09
official_4c_tierA_baseline_official_v2,deterministic-engine-v1_official-runner,baseline-official-v2,v1.0.1-official-4c,MEX,GMI,GMI:GMI_ideal_aggregate,GMI_ideal_aggregate,debt_consistent,0.1,stress,r2,2034,0.0474919301010937,0.4816395304636331,0.4648914403360698,extreme_or_outside_historical_support,True,extreme_or_outside_historical_support,True,fiscally_ordinary,False,fiscally_ordinary,False,2.6731991030999795,3.662867222902373,,,,,False,frontier_exceeds_one;ai_rent_capture_impossible,frontier_exceeds_one;ai_rent_capture_impossible,False,1e-09
official_4c_tierA_baseline_official_v2,deterministic-engine-v1_official-runner,baseline-official-v2,v1.0.1-official-4c,MEX,GMI,GMI:GMI_loaded_aggregate,GMI_loaded_aggregate,debt_consistent,0.1,stress,r2,2034,0.0530579474581957,0.5380873097120348,0.519376356416984,extreme_or_outside_historical_support,False,extreme_or_outside_historical_support,True,fiscally_ordinary,False,fiscally_ordinary,False,2.9329487471447857,4.207716383711515,,,,,False,frontier_exceeds_one;ai_rent_capture_impossible,frontier_exceeds_one;ai_rent_capture_impossible,False,1e-09
official_4c_tierA_baseline_official_v2,deterministic-engine-v1_official-runner,baseline-official-v2,v1.0.1-official-4c,MEX,MUT,MUT,,debt_consistent,0.1,stress,r2,2034,0.0773916046951278,0.784867156753649,0.7575749079907187,extreme_or_outside_historical_support,False,extreme_or_outside_historical_support,True,fiscally_ordinary,False,fiscally_ordinary,False,3.976365311827786,6.589701899448861,,,,,False,frontier_exceeds_one;ai_rent_capture_impossible,frontier_exceeds_one;ai_rent_capture_impossible,False,1e-09
official_4c_tierA_baseline_official_v2,deterministic-engine-v1_official-runner,baseline-official-v2,v1.0.1-official-4c,MEX,PBI,PBI,,debt_consistent,0.1,stress,r2,2034,0.098578151637375,0.99973057670075,0.9649668649561028,extreme_or_outside_historical_support,False,extreme_or_outside_historical_support,False,fiscally_ordinary,False,fiscally_ordinary,False,4.783934908257697,8.663621469102702,,,,,False,frontier_exceeds_one;ai_rent_capture_impossible,frontier_exceeds_one;ai_rent_capture_impossible,False,1e-09
official_4c_tierA_baseline_official_v2,deterministic-engine-v1_official-runner,baseline-official-v2,v1.0.1-official-4c,MEX,UBI,UBI,,debt_consistent,0.1,stress,r2,2034,0.2074122892150088,2.103472261019004,2.0303280509196724,extreme_or_outside_historical_support,False,extreme_or_outside_historical_support,False,fiscally_ordinary,False,fiscally_ordinary,False,7.994286096572822,19.3172333287384,,,,,False,frontier_exceeds_one;ai_rent_capture_impossible,frontier_exceeds_one;ai_rent_capture_impossible,False,1e-09
official_4c_tierA_baseline_official_v2,deterministic-engine-v1_official-runner,baseline-official-v2,v1.0.1-official-4c,MEX,PEN,PEN,,debt_consistent,0.1,stress,r3,2034,0.0520943615572849,0.5699530835965648,0.5099439573460596,extreme_or_outside_historical_support,False,extreme_or_outside_historical_support,True,fiscally_ordinary,False,fiscally_ordinary,False,3.075816834144357,4.23542817398619,,,,,False,frontier_exceeds_one;ai_rent_capture_impossible,frontier_exceeds_one;ai_rent_capture_impossible,False,1e-09
official_4c_tierA_baseline_official_v2,deterministic-engine-v1_official-runner,baseline-official-v2,v1.0.1-official-4c,MEX,GMI,GMI:GMI_ideal_aggregate,GMI_ideal_aggregate,debt_consistent,0.1,stress,r3,2034,0.0475219301010937,0.519927105158872,0.4651851058742022,extreme_or_outside_historical_support,True,extreme_or_outside_historical_support,True,fiscally_ordinary,False,fiscally_ordinary,False,2.850332538127043,3.787839659267616,,,,,False,frontier_exceeds_one;ai_rent_capture_impossible,frontier_exceeds_one;ai_rent_capture_impossible,False,1e-09
official_4c_tierA_baseline_official_v2,deterministic-engine-v1_official-runner,baseline-official-v2,v1.0.1-official-4c,MEX,GMI,GMI:GMI_loaded_aggregate,GMI_loaded_aggregate,debt_consistent,0.1,stress,r3,2034,0.0530879474581957,0.5808236909159284,0.5196700219551164,extreme_or_outside_historical_support,False,extreme_or_outside_historical_support,True,fiscally_ordinary,False,fiscally_ordinary,False,3.123957838474676,4.332688820076758,,,,,False,frontier_exceeds_one;ai_rent_capture_impossible,frontier_exceeds_one;ai_rent_capture_impossible,False,1e-09
official_4c_tierA_baseline_official_v2,deterministic-engine-v1_official-runner,baseline-official-v2,v1.0.1-official-4c,MEX,MUT,MUT,,debt_consistent,0.1,stress,r3,2034,0.0774012046951278,0.8468297522288749,0.7576688809629212,extreme_or_outside_historical_support,False,extreme_or_outside_historical_support,True,fiscally_ordinary,False,fiscally_ordinary,False,4.21785730512883,6.7126774101548055,,,,,False,frontier_exceeds_one;ai_rent_capture_impossible,frontier_exceeds_one;ai_rent_capture_impossible,False,1e-09
official_4c_tierA_baseline_official_v2,deterministic-engine-v1_official-runner,baseline-official-v2,v1.0.1-official-4c,MEX,PBI,PBI,,debt_consistent,0.1,stress,r3,2034,0.098585351637375,1.0786008981295598,0.9650373446852544,extreme_or_outside_historical_support,False,extreme_or_outside_historical_support,False,fiscally_ordinary,False,fiscally_ordinary,False,5.060859405942448,8.786362047378137,,,,,False,frontier_exceeds_one;ai_rent_capture_impossible,frontier_exceeds_one;ai_rent_capture_impossible,False,1e-09
official_4c_tierA_baseline_official_v2,deterministic-engine-v1_official-runner,baseline-official-v2,v1.0.1-official-4c,MEX,UBI,UBI,,debt_consistent,0.1,stress,r3,2034,0.2074182892150088,2.269318406031728,2.0303867840272987,extreme_or_outside_historical_support,False,extreme_or_outside_historical_support,False,fiscally_ordinary,False,fiscally_ordinary,False,8.38398418975631,19.43985644079858,,,,,False,frontier_exceeds_one;ai_rent_capture_impossible,frontier_exceeds_one;ai_rent_capture_impossible,False,1e-09
official_4c_tierA_baseline_official_v2,deterministic-engine-v1_official-runner,baseline-official-v2,v1.0.1-official-4c,MEX,PEN,PEN,,debt_consistent,0.1,stress,r4,2034,0.0520559615572849,0.4544169589209655,0.5095680654572502,extreme_or_outside_historical_support,False,extreme_or_outside_historical_support,True,fiscally_ordinary,False,fiscally_ordinary,False,2.5447332931744637,4.030125662943354,,,,,False,frontier_exceeds_one;ai_rent_capture_impossible,frontier_exceeds_one;ai_rent_capture_impossible,False,1e-09
official_4c_tierA_baseline_official_v2,deterministic-engine-v1_official-runner,baseline-official-v2,v1.0.1-official-4c,MEX,GMI,GMI:GMI_ideal_aggregate,GMI_ideal_aggregate,debt_consistent,0.1,stress,r4,2034,0.0474419301010937,0.4141392639180449,0.4644019977725159,extreme_or_outside_historical_support,True,extreme_or_outside_historical_support,True,fiscally_ordinary,False,fiscally_ordinary,False,2.350632316501604,3.5784649860960114,,,,,False,frontier_exceeds_one;ai_rent_capture_impossible,frontier_exceeds_one;ai_rent_capture_impossible,False,1e-09
official_4c_tierA_baseline_official_v2,deterministic-engine-v1_official-runner,baseline-official-v2,v1.0.1-official-4c,MEX,GMI,GMI:GMI_loaded_aggregate,GMI_loaded_aggregate,debt_consistent,0.1,stress,r4,2034,0.0530079474581957,0.4627272182089719,0.51888691385343,extreme_or_outside_historical_support,False,extreme_or_outside_historical_support,True,fiscally_ordinary,False,fiscally_ordinary,False,2.584178043468986,4.123314146905153,,,,,False,frontier_exceeds_one;ai_rent_capture_impossible,frontier_exceeds_one;ai_rent_capture_impossible,False,1e-09
official_4c_tierA_baseline_official_v2,deterministic-engine-v1_official-runner,baseline-official-v2,v1.0.1-official-4c,MEX,MUT,MUT,,debt_consistent,0.1,stress,r4,2034,0.0773756046951278,0.6754420805682,0.7574182863703816,extreme_or_outside_historical_support,False,extreme_or_outside_historical_support,True,fiscally_ordinary,False,fiscally_ordinary,False,3.5308393656193617,6.508627872074668,,,,,False,frontier_exceeds_one;ai_rent_capture_impossible,frontier_exceeds_one;ai_rent_capture_impossible,False,1e-09
official_4c_tierA_baseline_official_v2,deterministic-engine-v1_official-runner,baseline-official-v2,v1.0.1-official-4c,MEX,PBI,PBI,,debt_consistent,0.1,stress,r4,2034,0.098566151637375,0.8604226977982039,0.9648493987408496,extreme_or_outside_historical_support,False,extreme_or_outside_historical_support,False,fiscally_ordinary,False,fiscally_ordinary,False,4.269857387802461,8.58293899577935,,,,,False,frontier_exceeds_one;ai_rent_capture_impossible,frontier_exceeds_one;ai_rent_capture_impossible,False,1e-09
official_4c_tierA_baseline_official_v2,deterministic-engine-v1_official-runner,baseline-official-v2,v1.0.1-official-4c,MEX,UBI,UBI,,debt_consistent,0.1,stress,r4,2034,0.2074022892150087,1.8104961414384155,2.030230162406961,extreme_or_outside_historical_support,False,extreme_or_outside_historical_support,False,fiscally_ordinary,False,fiscally_ordinary,False,7.257602602835955,19.236746632440465,,,,,False,frontier_exceeds_one;ai_rent_capture_impossible,frontier_exceeds_one;ai_rent_capture_impossible,False,1e-09
