run_id,model_version,parameter_set_id,dataset_version,country_id,policy_id,policy_variant_id,gmi_version,scenario_id,regime_id,endpoint_year,prob_basis,mc_mode,mc_n_draws,v_p05,v_p25,v_p50,v_p75,v_p95,valid_support_share,valid_support_share_above_threshold,threshold_computability_share,requirement_already_covered_share,converged_flag,prob_v_ge_1_00,prob_debt_consistent_1_00,failure_severity_mean_1_00,failure_severity_median_1_00,prob_v_ge_1_05,prob_debt_consistent_1_05,failure_severity_mean_1_05,failure_severity_median_1_05,prob_v_ge_1_10,prob_debt_consistent_1_10,failure_severity_mean_1_10,failure_severity_median_1_10,prob_v_ge_1_25,prob_debt_consistent_1_25,failure_severity_mean_1_25,failure_severity_median_1_25,prob_v_ge_1_50,prob_debt_consistent_1_50,failure_severity_mean_1_50,failure_severity_median_1_50,prob_v_ge_1
official_4c_tierB_mc_baseline_official_v3,deterministic-engine-v1_official-runner,baseline-official-v3,v1.0.1-official-4c,PER,PEN,PEN,,low,r0,2034,all_draw,historical_reduced_form_positive_tax,5000,-0.2490806764445801,-0.2252068594347667,-0.2047008663281492,-0.1812444588777246,-0.1419182461174145,1.0,True,1.0,0.0,True,0.0,0.0,1.201290966701561,1.204700866328149,0.0,0.0,1.251290966701561,1.2547008663281494,0.0,0.0,1.301290966701561,1.3047008663281492,0.0,0.0,1.451290966701561,1.454700866328149,0.0,0.0,1.701290966701561,1.704700866328149,0.0
official_4c_tierB_mc_baseline_official_v3,deterministic-engine-v1_official-runner,baseline-official-v3,v1.0.1-official-4c,PER,PEN,PEN,,low,r0,2034,basic_valid,historical_reduced_form_positive_tax,5000,-0.2490806764445801,-0.2252068594347667,-0.2047008663281492,-0.1812444588777246,-0.1419182461174145,1.0,True,1.0,0.0,True,0.0,0.0,1.201290966701561,1.204700866328149,0.0,0.0,1.251290966701561,1.2547008663281494,0.0,0.0,1.301290966701561,1.3047008663281492,0.0,0.0,1.451290966701561,1.454700866328149,0.0,0.0,1.701290966701561,1.704700866328149,0.0
official_4c_tierB_mc_baseline_official_v3,deterministic-engine-v1_official-runner,baseline-official-v3,v1.0.1-official-4c,PER,PEN,PEN,,low,r0,2034,support_valid,historical_reduced_form_positive_tax,5000,-0.2490806764445801,-0.2252068594347667,-0.2047008663281492,-0.1812444588777246,-0.1419182461174145,1.0,True,1.0,0.0,True,0.0,0.0,1.201290966701561,1.204700866328149,0.0,0.0,1.251290966701561,1.2547008663281494,0.0,0.0,1.301290966701561,1.3047008663281492,0.0,0.0,1.451290966701561,1.454700866328149,0.0,0.0,1.701290966701561,1.704700866328149,0.0
official_4c_tierB_mc_baseline_official_v3,deterministic-engine-v1_official-runner,baseline-official-v3,v1.0.1-official-4c,PER,PEN,PEN,,low,r0,2034,all_draw,historical_reduced_form_mixture_tax,5000,-0.4186559578300577,-0.241622862749078,-0.2135028816088462,-0.1867064623393813,-0.1449029401865722,0.8292,False,0.8292,0.0,True,0.0,0.0,1.2356477451204106,1.2135028816088465,0.0,0.0,1.2856477451204107,1.2635028816088465,0.0,0.0,1.3356477451204103,1.3135028816088463,0.0,0.0,1.4856477451204109,1.4635028816088465,0.0,0.0,1.7356477451204104,1.7135028816088465,0.0
official_4c_tierB_mc_baseline_official_v3,deterministic-engine-v1_official-runner,baseline-official-v3,v1.0.1-official-4c,PER,PEN,PEN,,low,r0,2034,basic_valid,historical_reduced_form_mixture_tax,5000,-0.2497785576242993,-0.2257358198488759,-0.2049046838521442,-0.1809398088270961,-0.1416453935062028,0.8292,False,0.8292,0.0,True,0.0,0.0,1.201298058913165,1.2049046838521442,0.0,0.0,1.2512980589131648,1.2549046838521445,0.0,0.0,1.301298058913165,1.3049046838521443,0.0,0.0,1.4512980589131648,1.4549046838521442,0.0,0.0,1.701298058913165,1.7049046838521442,0.0
official_4c_tierB_mc_baseline_official_v3,deterministic-engine-v1_official-runner,baseline-official-v3,v1.0.1-official-4c,PER,PEN,PEN,,low,r0,2034,support_valid,historical_reduced_form_mixture_tax,5000,-0.2497785576242993,-0.2257358198488759,-0.2049046838521442,-0.1809398088270961,-0.1416453935062028,0.8292,False,0.8292,0.0,True,0.0,0.0,1.201298058913165,1.2049046838521442,0.0,0.0,1.2512980589131648,1.2549046838521445,0.0,0.0,1.301298058913165,1.3049046838521443,0.0,0.0,1.4512980589131648,1.4549046838521442,0.0,0.0,1.701298058913165,1.7049046838521442,0.0
official_4c_tierB_mc_baseline_official_v3,deterministic-engine-v1_official-runner,baseline-official-v3,v1.0.1-official-4c,PER,PEN,PEN,,low,r0,2034,all_draw,historical_reduced_form_positive_total_revenue,5000,-0.2373617797024209,-0.2066540464459502,-0.1821893803251598,-0.151973475385903,-0.1034336939331747,1.0,True,1.0,0.0,True,0.0,0.0,1.1775943994646627,1.18218938032516,0.0,0.0,1.2275943994646628,1.2321893803251598,0.0,0.0,1.2775943994646628,1.28218938032516,0.0,0.0,1.4275943994646627,1.43218938032516,0.0,0.0,1.677594399464663,1.68218938032516,0.0
official_4c_tierB_mc_baseline_official_v3,deterministic-engine-v1_official-runner,baseline-official-v3,v1.0.1-official-4c,PER,PEN,PEN,,low,r0,2034,basic_valid,historical_reduced_form_positive_total_revenue,5000,-0.2373617797024209,-0.2066540464459502,-0.1821893803251598,-0.151973475385903,-0.1034336939331747,1.0,True,1.0,0.0,True,0.0,0.0,1.1775943994646627,1.18218938032516,0.0,0.0,1.2275943994646628,1.2321893803251598,0.0,0.0,1.2775943994646628,1.28218938032516,0.0,0.0,1.4275943994646627,1.43218938032516,0.0,0.0,1.677594399464663,1.68218938032516,0.0
official_4c_tierB_mc_baseline_official_v3,deterministic-engine-v1_official-runner,baseline-official-v3,v1.0.1-official-4c,PER,PEN,PEN,,low,r0,2034,support_valid,historical_reduced_form_positive_total_revenue,5000,-0.2373617797024209,-0.2066540464459502,-0.1821893803251598,-0.151973475385903,-0.1034336939331747,1.0,True,1.0,0.0,True,0.0,0.0,1.1775943994646627,1.18218938032516,0.0,0.0,1.2275943994646628,1.2321893803251598,0.0,0.0,1.2775943994646628,1.28218938032516,0.0,0.0,1.4275943994646627,1.43218938032516,0.0,0.0,1.677594399464663,1.68218938032516,0.0
official_4c_tierB_mc_baseline_official_v3,deterministic-engine-v1_official-runner,baseline-official-v3,v1.0.1-official-4c,PER,PEN,PEN,,low,r0,2034,all_draw,historical_reduced_form_mixture_total_revenue,5000,-0.470990472459025,-0.2369250219326114,-0.1950933077444856,-0.160909544121986,-0.1092926693051606,0.7836,False,0.7836,0.0,True,0.0,0.0,1.2335901057187662,1.1950933077444856,0.0,0.0,1.283590105718766,1.2450933077444857,0.0,0.0,1.3335901057187662,1.2950933077444855,0.0,0.0,1.4835901057187662,1.4450933077444856,0.0,0.0,1.7335901057187662,1.6950933077444856,0.0
official_4c_tierB_mc_baseline_official_v3,deterministic-engine-v1_official-runner,baseline-official-v3,v1.0.1-official-4c,PER,PEN,PEN,,low,r0,2034,basic_valid,historical_reduced_form_mixture_total_revenue,5000,-0.2351837170222002,-0.2071674900548547,-0.1811936817499176,-0.1518666130635642,-0.1022717051091051,0.7836,False,0.7836,0.0,True,0.0,0.0,1.1769884498521974,1.1811936817499178,0.0,0.0,1.2269884498521977,1.2311936817499176,0.0,0.0,1.2769884498521975,1.281193681749918,0.0,0.0,1.4269884498521974,1.4311936817499178,0.0,0.0,1.6769884498521974,1.6811936817499178,0.0
official_4c_tierB_mc_baseline_official_v3,deterministic-engine-v1_official-runner,baseline-official-v3,v1.0.1-official-4c,PER,PEN,PEN,,low,r0,2034,support_valid,historical_reduced_form_mixture_total_revenue,5000,-0.2351837170222002,-0.2071674900548547,-0.1811936817499176,-0.1518666130635642,-0.1022717051091051,0.7836,False,0.7836,0.0,True,0.0,0.0,1.1769884498521974,1.1811936817499178,0.0,0.0,1.2269884498521977,1.2311936817499176,0.0,0.0,1.2769884498521975,1.281193681749918,0.0,0.0,1.4269884498521974,1.4311936817499178,0.0,0.0,1.6769884498521974,1.6811936817499178,0.0
official_4c_tierB_mc_baseline_official_v3,deterministic-engine-v1_official-runner,baseline-official-v3,v1.0.1-official-4c,PER,GMI,GMI:GMI_ideal_aggregate,GMI_ideal_aggregate,low,r0,2034,all_draw,historical_reduced_form_positive_tax,5000,-0.1180958288102142,-0.1133268588000725,-0.1093238156306922,-0.1042550975720483,-0.0962483807624714,1.0,True,1.0,0.0,True,0.0,0.0,1.1084526659732452,1.1093238156306922,0.0,0.0,1.1584526659732453,1.1593238156306922,0.0,0.0,1.208452665973245,1.2093238156306922,0.0,0.0,1.3584526659732452,1.3593238156306922,0.0,0.0,1.6084526659732452,1.6093238156306922,0.0
official_4c_tierB_mc_baseline_official_v3,deterministic-engine-v1_official-runner,baseline-official-v3,v1.0.1-official-4c,PER,GMI,GMI:GMI_ideal_aggregate,GMI_ideal_aggregate,low,r0,2034,basic_valid,historical_reduced_form_positive_tax,5000,-0.1180958288102142,-0.1133268588000725,-0.1093238156306922,-0.1042550975720483,-0.0962483807624714,1.0,True,1.0,0.0,True,0.0,0.0,1.1084526659732452,1.1093238156306922,0.0,0.0,1.1584526659732453,1.1593238156306922,0.0,0.0,1.208452665973245,1.2093238156306922,0.0,0.0,1.3584526659732452,1.3593238156306922,0.0,0.0,1.6084526659732452,1.6093238156306922,0.0
official_4c_tierB_mc_baseline_official_v3,deterministic-engine-v1_official-runner,baseline-official-v3,v1.0.1-official-4c,PER,GMI,GMI:GMI_ideal_aggregate,GMI_ideal_aggregate,low,r0,2034,support_valid,historical_reduced_form_positive_tax,5000,-0.1180958288102142,-0.1133268588000725,-0.1093238156306922,-0.1042550975720483,-0.0962483807624714,1.0,True,1.0,0.0,True,0.0,0.0,1.1084526659732452,1.1093238156306922,0.0,0.0,1.1584526659732453,1.1593238156306922,0.0,0.0,1.208452665973245,1.2093238156306922,0.0,0.0,1.3584526659732452,1.3593238156306922,0.0,0.0,1.6084526659732452,1.6093238156306922,0.0
official_4c_tierB_mc_baseline_official_v3,deterministic-engine-v1_official-runner,baseline-official-v3,v1.0.1-official-4c,PER,GMI,GMI:GMI_ideal_aggregate,GMI_ideal_aggregate,low,r0,2034,all_draw,historical_reduced_form_mixture_tax,5000,-0.1512434415691949,-0.1165861377061102,-0.1107823450902726,-0.105478105482737,-0.0973648088800869,0.8336,False,0.8336,0.0,True,0.0,0.0,1.1151826125029818,1.1107823450902727,0.0,0.0,1.1651826125029818,1.1607823450902726,0.0,0.0,1.215182612502982,1.2107823450902728,0.0,0.0,1.3651826125029818,1.3607823450902727,0.0,0.0,1.6151826125029818,1.6107823450902727,0.0
official_4c_tierB_mc_baseline_official_v3,deterministic-engine-v1_official-runner,baseline-official-v3,v1.0.1-official-4c,PER,GMI,GMI:GMI_ideal_aggregate,GMI_ideal_aggregate,low,r0,2034,basic_valid,historical_reduced_form_mixture_tax,5000,-0.1180239145775325,-0.1133516025635679,-0.1092272296882307,-0.1044622924027462,-0.0965186825230097,0.8336,False,0.8336,0.0,True,0.0,0.0,1.1085076837184649,1.1092272296882308,0.0,0.0,1.158507683718465,1.1592272296882309,0.0,0.0,1.2085076837184647,1.209227229688231,0.0,0.0,1.3585076837184649,1.3592272296882308,0.0,0.0,1.6085076837184646,1.6092272296882308,0.0
official_4c_tierB_mc_baseline_official_v3,deterministic-engine-v1_official-runner,baseline-official-v3,v1.0.1-official-4c,PER,GMI,GMI:GMI_ideal_aggregate,GMI_ideal_aggregate,low,r0,2034,support_valid,historical_reduced_form_mixture_tax,5000,-0.1180239145775325,-0.1133516025635679,-0.1092272296882307,-0.1044622924027462,-0.0965186825230097,0.8336,False,0.8336,0.0,True,0.0,0.0,1.1085076837184649,1.1092272296882308,0.0,0.0,1.158507683718465,1.1592272296882309,0.0,0.0,1.2085076837184647,1.209227229688231,0.0,0.0,1.3585076837184649,1.3592272296882308,0.0,0.0,1.6085076837184646,1.6092272296882308,0.0
official_4c_tierB_mc_baseline_official_v3,deterministic-engine-v1_official-runner,baseline-official-v3,v1.0.1-official-4c,PER,GMI,GMI:GMI_ideal_aggregate,GMI_ideal_aggregate,low,r0,2034,all_draw,historical_reduced_form_positive_total_revenue,5000,-0.1153845896143946,-0.1096565768293485,-0.1044611399612434,-0.0985120354728871,-0.0889260240602647,1.0,True,1.0,0.0,True,0.0,0.0,1.103639854077989,1.1044611399612436,0.0,0.0,1.153639854077989,1.1544611399612434,0.0,0.0,1.203639854077989,1.2044611399612437,0.0,0.0,1.353639854077989,1.3544611399612436,0.0,0.0,1.603639854077989,1.6044611399612436,0.0
official_4c_tierB_mc_baseline_official_v3,deterministic-engine-v1_official-runner,baseline-official-v3,v1.0.1-official-4c,PER,GMI,GMI:GMI_ideal_aggregate,GMI_ideal_aggregate,low,r0,2034,basic_valid,historical_reduced_form_positive_total_revenue,5000,-0.1153845896143946,-0.1096565768293485,-0.1044611399612434,-0.0985120354728871,-0.0889260240602647,1.0,True,1.0,0.0,True,0.0,0.0,1.103639854077989,1.1044611399612436,0.0,0.0,1.153639854077989,1.1544611399612434,0.0,0.0,1.203639854077989,1.2044611399612437,0.0,0.0,1.353639854077989,1.3544611399612436,0.0,0.0,1.603639854077989,1.6044611399612436,0.0
official_4c_tierB_mc_baseline_official_v3,deterministic-engine-v1_official-runner,baseline-official-v3,v1.0.1-official-4c,PER,GMI,GMI:GMI_ideal_aggregate,GMI_ideal_aggregate,low,r0,2034,support_valid,historical_reduced_form_positive_total_revenue,5000,-0.1153845896143946,-0.1096565768293485,-0.1044611399612434,-0.0985120354728871,-0.0889260240602647,1.0,True,1.0,0.0,True,0.0,0.0,1.103639854077989,1.1044611399612436,0.0,0.0,1.153639854077989,1.1544611399612434,0.0,0.0,1.203639854077989,1.2044611399612437,0.0,0.0,1.353639854077989,1.3544611399612436,0.0,0.0,1.603639854077989,1.6044611399612436,0.0
official_4c_tierB_mc_baseline_official_v3,deterministic-engine-v1_official-runner,baseline-official-v3,v1.0.1-official-4c,PER,GMI,GMI:GMI_ideal_aggregate,GMI_ideal_aggregate,low,r0,2034,all_draw,historical_reduced_form_mixture_total_revenue,5000,-0.1621867295004347,-0.1167357748402195,-0.1072698429731226,-0.1005705326497171,-0.0899830426543003,0.7708,False,0.7708,0.0,True,0.0,0.0,1.1153499481211553,1.1072698429731225,0.0,0.0,1.165349948121155,1.1572698429731227,0.0,0.0,1.2153499481211554,1.2072698429731226,0.0,0.0,1.3653499481211553,1.3572698429731225,0.0,0.0,1.6153499481211555,1.6072698429731225,0.0
official_4c_tierB_mc_baseline_official_v3,deterministic-engine-v1_official-runner,baseline-official-v3,v1.0.1-official-4c,PER,GMI,GMI:GMI_ideal_aggregate,GMI_ideal_aggregate,low,r0,2034,basic_valid,historical_reduced_form_mixture_total_revenue,5000,-0.1153041266910642,-0.1093047099421388,-0.104115504968947,-0.0986429830899789,-0.0884730377999917,0.7708,False,0.7708,0.0,True,0.0,0.0,1.1034770919555734,1.104115504968947,0.0,0.0,1.1534770919555732,1.154115504968947,0.0,0.0,1.2034770919555733,1.2041155049689471,0.0,0.0,1.3534770919555732,1.354115504968947,0.0,0.0,1.6034770919555734,1.604115504968947,0.0
official_4c_tierB_mc_baseline_official_v3,deterministic-engine-v1_official-runner,baseline-official-v3,v1.0.1-official-4c,PER,GMI,GMI:GMI_ideal_aggregate,GMI_ideal_aggregate,low,r0,2034,support_valid,historical_reduced_form_mixture_total_revenue,5000,-0.1153041266910642,-0.1093047099421388,-0.104115504968947,-0.0986429830899789,-0.0884730377999917,0.7708,False,0.7708,0.0,True,0.0,0.0,1.1034770919555734,1.104115504968947,0.0,0.0,1.1534770919555732,1.154115504968947,0.0,0.0,1.2034770919555733,1.2041155049689471,0.0,0.0,1.3534770919555732,1.354115504968947,0.0,0.0,1.6034770919555734,1.604115504968947,0.0
official_4c_tierB_mc_baseline_official_v3,deterministic-engine-v1_official-runner,baseline-official-v3,v1.0.1-official-4c,PER,GMI,GMI:GMI_loaded_aggregate,GMI_loaded_aggregate,low,r0,2034,all_draw,historical_reduced_form_positive_tax,5000,-0.0785860634573084,-0.0755622430313625,-0.0728039911982484,-0.0696914334181332,-0.0640734697587147,1.0,True,1.0,0.0,True,0.0,0.0,1.0723196162348445,1.0728039911982483,0.0,0.0,1.1223196162348443,1.1228039911982486,0.0,0.0,1.1723196162348446,1.1728039911982484,0.0,0.0,1.3223196162348445,1.3228039911982483,0.0,0.0,1.5723196162348445,1.5728039911982483,0.0
official_4c_tierB_mc_baseline_official_v3,deterministic-engine-v1_official-runner,baseline-official-v3,v1.0.1-official-4c,PER,GMI,GMI:GMI_loaded_aggregate,GMI_loaded_aggregate,low,r0,2034,basic_valid,historical_reduced_form_positive_tax,5000,-0.0785860634573084,-0.0755622430313625,-0.0728039911982484,-0.0696914334181332,-0.0640734697587147,1.0,True,1.0,0.0,True,0.0,0.0,1.0723196162348445,1.0728039911982483,0.0,0.0,1.1223196162348443,1.1228039911982486,0.0,0.0,1.1723196162348446,1.1728039911982484,0.0,0.0,1.3223196162348445,1.3228039911982483,0.0,0.0,1.5723196162348445,1.5728039911982483,0.0
official_4c_tierB_mc_baseline_official_v3,deterministic-engine-v1_official-runner,baseline-official-v3,v1.0.1-official-4c,PER,GMI,GMI:GMI_loaded_aggregate,GMI_loaded_aggregate,low,r0,2034,support_valid,historical_reduced_form_positive_tax,5000,-0.0785860634573084,-0.0755622430313625,-0.0728039911982484,-0.0696914334181332,-0.0640734697587147,1.0,True,1.0,0.0,True,0.0,0.0,1.0723196162348445,1.0728039911982483,0.0,0.0,1.1223196162348443,1.1228039911982486,0.0,0.0,1.1723196162348446,1.1728039911982484,0.0,0.0,1.3223196162348445,1.3228039911982483,0.0,0.0,1.5723196162348445,1.5728039911982483,0.0
official_4c_tierB_mc_baseline_official_v3,deterministic-engine-v1_official-runner,baseline-official-v3,v1.0.1-official-4c,PER,GMI,GMI:GMI_loaded_aggregate,GMI_loaded_aggregate,low,r0,2034,all_draw,historical_reduced_form_mixture_tax,5000,-0.1017937754202551,-0.0776907523852382,-0.0739111647971199,-0.0703753688574445,-0.06465015234189,0.8258,False,0.8258,0.0,True,0.0,0.0,1.0769719554325228,1.07391116479712,0.0,0.0,1.1269719554325228,1.12391116479712,0.0,0.0,1.1769719554325226,1.17391116479712,0.0,0.0,1.3269719554325228,1.32391116479712,0.0,0.0,1.5769719554325228,1.57391116479712,0.0
official_4c_tierB_mc_baseline_official_v3,deterministic-engine-v1_official-runner,baseline-official-v3,v1.0.1-official-4c,PER,GMI,GMI:GMI_loaded_aggregate,GMI_loaded_aggregate,low,r0,2034,basic_valid,historical_reduced_form_mixture_tax,5000,-0.078530704736526,-0.0755076682590851,-0.0727429064072118,-0.0695201136887724,-0.0640853492043888,0.8258,False,0.8258,0.0,True,0.0,0.0,1.0722471687237574,1.0727429064072118,0.0,0.0,1.1222471687237576,1.122742906407212,0.0,0.0,1.1722471687237572,1.172742906407212,0.0,0.0,1.3222471687237574,1.3227429064072118,0.0,0.0,1.5722471687237574,1.5727429064072118,0.0
official_4c_tierB_mc_baseline_official_v3,deterministic-engine-v1_official-runner,baseline-official-v3,v1.0.1-official-4c,PER,GMI,GMI:GMI_loaded_aggregate,GMI_loaded_aggregate,low,r0,2034,support_valid,historical_reduced_form_mixture_tax,5000,-0.078530704736526,-0.0755076682590851,-0.0727429064072118,-0.0695201136887724,-0.0640853492043888,0.8258,False,0.8258,0.0,True,0.0,0.0,1.0722471687237574,1.0727429064072118,0.0,0.0,1.1222471687237576,1.122742906407212,0.0,0.0,1.1722471687237572,1.172742906407212,0.0,0.0,1.3222471687237574,1.3227429064072118,0.0,0.0,1.5722471687237574,1.5727429064072118,0.0
official_4c_tierB_mc_baseline_official_v3,deterministic-engine-v1_official-runner,baseline-official-v3,v1.0.1-official-4c,PER,GMI,GMI:GMI_loaded_aggregate,GMI_loaded_aggregate,low,r0,2034,all_draw,historical_reduced_form_positive_total_revenue,5000,-0.0770159864205557,-0.0730728591979169,-0.0697432619229718,-0.0657258279297642,-0.0596016162485728,1.0,True,1.0,0.0,True,0.0,0.0,1.0691560718709134,1.069743261922972,0.0,0.0,1.1191560718709137,1.119743261922972,0.0,0.0,1.1691560718709135,1.169743261922972,0.0,0.0,1.3191560718709134,1.319743261922972,0.0,0.0,1.5691560718709134,1.569743261922972,0.0
official_4c_tierB_mc_baseline_official_v3,deterministic-engine-v1_official-runner,baseline-official-v3,v1.0.1-official-4c,PER,GMI,GMI:GMI_loaded_aggregate,GMI_loaded_aggregate,low,r0,2034,basic_valid,historical_reduced_form_positive_total_revenue,5000,-0.0770159864205557,-0.0730728591979169,-0.0697432619229718,-0.0657258279297642,-0.0596016162485728,1.0,True,1.0,0.0,True,0.0,0.0,1.0691560718709134,1.069743261922972,0.0,0.0,1.1191560718709137,1.119743261922972,0.0,0.0,1.1691560718709135,1.169743261922972,0.0,0.0,1.3191560718709134,1.319743261922972,0.0,0.0,1.5691560718709134,1.569743261922972,0.0
official_4c_tierB_mc_baseline_official_v3,deterministic-engine-v1_official-runner,baseline-official-v3,v1.0.1-official-4c,PER,GMI,GMI:GMI_loaded_aggregate,GMI_loaded_aggregate,low,r0,2034,support_valid,historical_reduced_form_positive_total_revenue,5000,-0.0770159864205557,-0.0730728591979169,-0.0697432619229718,-0.0657258279297642,-0.0596016162485728,1.0,True,1.0,0.0,True,0.0,0.0,1.0691560718709134,1.069743261922972,0.0,0.0,1.1191560718709137,1.119743261922972,0.0,0.0,1.1691560718709135,1.169743261922972,0.0,0.0,1.3191560718709134,1.319743261922972,0.0,0.0,1.5691560718709134,1.569743261922972,0.0
official_4c_tierB_mc_baseline_official_v3,deterministic-engine-v1_official-runner,baseline-official-v3,v1.0.1-official-4c,PER,GMI,GMI:GMI_loaded_aggregate,GMI_loaded_aggregate,low,r0,2034,all_draw,historical_reduced_form_mixture_total_revenue,5000,-0.1085761281768403,-0.0771144060941165,-0.071448673552185,-0.0670813348918837,-0.0601635468796575,0.7854,False,0.7854,0.0,True,0.0,0.0,1.076634871413907,1.071448673552185,0.0,0.0,1.126634871413907,1.1214486735521851,0.0,0.0,1.1766348714139068,1.1714486735521852,0.0,0.0,1.326634871413907,1.321448673552185,0.0,0.0,1.576634871413907,1.571448673552185,0.0
official_4c_tierB_mc_baseline_official_v3,deterministic-engine-v1_official-runner,baseline-official-v3,v1.0.1-official-4c,PER,GMI,GMI:GMI_loaded_aggregate,GMI_loaded_aggregate,low,r0,2034,basic_valid,historical_reduced_form_mixture_total_revenue,5000,-0.0769577510235289,-0.0730484110199238,-0.0696632031671298,-0.065800209132101,-0.0594072987565177,0.7854,False,0.7854,0.0,True,0.0,0.0,1.069107316489638,1.0696632031671298,0.0,0.0,1.119107316489638,1.11966320316713,0.0,0.0,1.1691073164896384,1.16966320316713,0.0,0.0,1.319107316489638,1.3196632031671298,0.0,0.0,1.569107316489638,1.5696632031671298,0.0
official_4c_tierB_mc_baseline_official_v3,deterministic-engine-v1_official-runner,baseline-official-v3,v1.0.1-official-4c,PER,GMI,GMI:GMI_loaded_aggregate,GMI_loaded_aggregate,low,r0,2034,support_valid,historical_reduced_form_mixture_total_revenue,5000,-0.0769577510235289,-0.0730484110199238,-0.0696632031671298,-0.065800209132101,-0.0594072987565177,0.7854,False,0.7854,0.0,True,0.0,0.0,1.069107316489638,1.0696632031671298,0.0,0.0,1.119107316489638,1.11966320316713,0.0,0.0,1.1691073164896384,1.16966320316713,0.0,0.0,1.319107316489638,1.3196632031671298,0.0,0.0,1.569107316489638,1.5696632031671298,0.0
official_4c_tierB_mc_baseline_official_v3,deterministic-engine-v1_official-runner,baseline-official-v3,v1.0.1-official-4c,PER,MUT,MUT,,low,r0,2034,all_draw,historical_reduced_form_positive_tax,5000,-0.015058303942115,-0.0125040871584536,-0.0103974061466985,-0.0079200669045621,-0.0038501751332435,1.0,True,1.0,0.0,True,0.0,0.0,1.0100329824915022,1.0103974061466985,0.0,0.0,1.0600329824915025,1.0603974061466983,0.0,0.0,1.1100329824915025,1.1103974061466986,0.0,0.0,1.2600329824915022,1.2603974061466985,0.0,0.0,1.5100329824915022,1.5103974061466985,0.0
official_4c_tierB_mc_baseline_official_v3,deterministic-engine-v1_official-runner,baseline-official-v3,v1.0.1-official-4c,PER,MUT,MUT,,low,r0,2034,basic_valid,historical_reduced_form_positive_tax,5000,-0.015058303942115,-0.0125040871584536,-0.0103974061466985,-0.0079200669045621,-0.0038501751332435,1.0,True,1.0,0.0,True,0.0,0.0,1.0100329824915022,1.0103974061466985,0.0,0.0,1.0600329824915025,1.0603974061466983,0.0,0.0,1.1100329824915025,1.1103974061466986,0.0,0.0,1.2600329824915022,1.2603974061466985,0.0,0.0,1.5100329824915022,1.5103974061466985,0.0
official_4c_tierB_mc_baseline_official_v3,deterministic-engine-v1_official-runner,baseline-official-v3,v1.0.1-official-4c,PER,MUT,MUT,,low,r0,2034,support_valid,historical_reduced_form_positive_tax,5000,-0.015058303942115,-0.0125040871584536,-0.0103974061466985,-0.0079200669045621,-0.0038501751332435,1.0,True,1.0,0.0,True,0.0,0.0,1.0100329824915022,1.0103974061466985,0.0,0.0,1.0600329824915025,1.0603974061466983,0.0,0.0,1.1100329824915025,1.1103974061466986,0.0,0.0,1.2600329824915022,1.2603974061466985,0.0,0.0,1.5100329824915022,1.5103974061466985,0.0
official_4c_tierB_mc_baseline_official_v3,deterministic-engine-v1_official-runner,baseline-official-v3,v1.0.1-official-4c,PER,MUT,MUT,,low,r0,2034,all_draw,historical_reduced_form_mixture_tax,5000,-0.0326964472912694,-0.014222009023086,-0.0112051744430045,-0.0084804038615723,-0.0041088827381933,0.83,False,0.83,0.0,True,0.0,0.0,1.0136224690106042,1.0112051744430044,0.0,0.0,1.0636224690106042,1.0612051744430049,0.0,0.0,1.1136224690106042,1.1112051744430045,0.0,0.0,1.2636224690106042,1.2612051744430044,0.0,0.0,1.5136224690106042,1.5112051744430044,0.0
official_4c_tierB_mc_baseline_official_v3,deterministic-engine-v1_official-runner,baseline-official-v3,v1.0.1-official-4c,PER,MUT,MUT,,low,r0,2034,basic_valid,historical_reduced_form_mixture_tax,5000,-0.0151727345549918,-0.0125923879589251,-0.0103650664206596,-0.007886062224222,-0.0036929257726959,0.83,False,0.83,0.0,True,0.0,0.0,1.010025194461014,1.0103650664206598,0.0,0.0,1.0600251944610135,1.0603650664206596,0.0,0.0,1.110025194461014,1.11036506642066,0.0,0.0,1.260025194461014,1.2603650664206598,0.0,0.0,1.510025194461014,1.5103650664206598,0.0
official_4c_tierB_mc_baseline_official_v3,deterministic-engine-v1_official-runner,baseline-official-v3,v1.0.1-official-4c,PER,MUT,MUT,,low,r0,2034,support_valid,historical_reduced_form_mixture_tax,5000,-0.0151727345549918,-0.0125923879589251,-0.0103650664206596,-0.007886062224222,-0.0036929257726959,0.83,False,0.83,0.0,True,0.0,0.0,1.010025194461014,1.0103650664206598,0.0,0.0,1.0600251944610135,1.0603650664206596,0.0,0.0,1.110025194461014,1.11036506642066,0.0,0.0,1.260025194461014,1.2603650664206598,0.0,0.0,1.510025194461014,1.5103650664206598,0.0
official_4c_tierB_mc_baseline_official_v3,deterministic-engine-v1_official-runner,baseline-official-v3,v1.0.1-official-4c,PER,MUT,MUT,,low,r0,2034,all_draw,historical_reduced_form_positive_total_revenue,5000,-0.0137405761329343,-0.0105847322156913,-0.0080038490632048,-0.0050359791851552,0.0002063399732539,1.0,True,1.0,0.0,True,0.0,0.0,1.007540092038441,1.0080038490632048,0.0,0.0,1.0575400920384408,1.0580038490632049,0.0,0.0,1.1075400920384406,1.108003849063205,0.0,0.0,1.257540092038441,1.2580038490632048,0.0,0.0,1.507540092038441,1.5080038490632048,0.0
official_4c_tierB_mc_baseline_official_v3,deterministic-engine-v1_official-runner,baseline-official-v3,v1.0.1-official-4c,PER,MUT,MUT,,low,r0,2034,basic_valid,historical_reduced_form_positive_total_revenue,5000,-0.0137405761329343,-0.0105847322156913,-0.0080038490632048,-0.0050359791851552,0.0002063399732539,1.0,True,1.0,0.0,True,0.0,0.0,1.007540092038441,1.0080038490632048,0.0,0.0,1.0575400920384408,1.0580038490632049,0.0,0.0,1.1075400920384406,1.108003849063205,0.0,0.0,1.257540092038441,1.2580038490632048,0.0,0.0,1.507540092038441,1.5080038490632048,0.0
official_4c_tierB_mc_baseline_official_v3,deterministic-engine-v1_official-runner,baseline-official-v3,v1.0.1-official-4c,PER,MUT,MUT,,low,r0,2034,support_valid,historical_reduced_form_positive_total_revenue,5000,-0.0137405761329343,-0.0105847322156913,-0.0080038490632048,-0.0050359791851552,0.0002063399732539,1.0,True,1.0,0.0,True,0.0,0.0,1.007540092038441,1.0080038490632048,0.0,0.0,1.0575400920384408,1.0580038490632049,0.0,0.0,1.1075400920384406,1.108003849063205,0.0,0.0,1.257540092038441,1.2580038490632048,0.0,0.0,1.507540092038441,1.5080038490632048,0.0
official_4c_tierB_mc_baseline_official_v3,deterministic-engine-v1_official-runner,baseline-official-v3,v1.0.1-official-4c,PER,MUT,MUT,,low,r0,2034,all_draw,historical_reduced_form_mixture_total_revenue,5000,-0.0387419329780377,-0.0141144156073226,-0.0095074353315114,-0.0059899514192263,-0.0005370287380212,0.7844,False,0.7844,0.0,True,0.0,0.0,1.013560931651576,1.0095074353315114,0.0,0.0,1.0635609316515755,1.0595074353315117,0.0,0.0,1.1135609316515758,1.1095074353315115,0.0,0.0,1.263560931651576,1.2595074353315114,0.0,0.0,1.513560931651576,1.5095074353315114,0.0
official_4c_tierB_mc_baseline_official_v3,deterministic-engine-v1_official-runner,baseline-official-v3,v1.0.1-official-4c,PER,MUT,MUT,,low,r0,2034,basic_valid,historical_reduced_form_mixture_total_revenue,5000,-0.0139248465235872,-0.0107304248085095,-0.0080419337395271,-0.0050461802464013,4.197433133165237e-05,0.7844,False,0.7844,0.0,True,0.0,0.0,1.0076289060170156,1.008041933739527,0.0,0.0,1.0576289060170156,1.0580419337395273,0.0,0.0,1.1076289060170157,1.108041933739527,0.0,0.0,1.2576289060170156,1.258041933739527,0.0,0.0,1.5076289060170156,1.508041933739527,0.0
official_4c_tierB_mc_baseline_official_v3,deterministic-engine-v1_official-runner,baseline-official-v3,v1.0.1-official-4c,PER,MUT,MUT,,low,r0,2034,support_valid,historical_reduced_form_mixture_total_revenue,5000,-0.0139248465235872,-0.0107304248085095,-0.0080419337395271,-0.0050461802464013,4.197433133165237e-05,0.7844,False,0.7844,0.0,True,0.0,0.0,1.0076289060170156,1.008041933739527,0.0,0.0,1.0576289060170156,1.0580419337395273,0.0,0.0,1.1076289060170157,1.108041933739527,0.0,0.0,1.2576289060170156,1.258041933739527,0.0,0.0,1.5076289060170156,1.508041933739527,0.0
official_4c_tierB_mc_baseline_official_v3,deterministic-engine-v1_official-runner,baseline-official-v3,v1.0.1-official-4c,PER,PBI,PBI,,low,r0,2034,all_draw,historical_reduced_form_positive_tax,5000,-0.0064664567023415,-0.0047208912198447,-0.0033640428135301,-0.0017025195425099,0.0011902812656866,1.0,True,1.0,0.0,True,0.0,0.0,1.0030733728072223,1.00336404281353,0.0,0.0,1.0530733728072228,1.0533640428135302,0.0,0.0,1.1030733728072228,1.10336404281353,0.0,0.0,1.2530733728072223,1.25336404281353,0.0,0.0,1.5030733728072228,1.50336404281353,0.0
official_4c_tierB_mc_baseline_official_v3,deterministic-engine-v1_official-runner,baseline-official-v3,v1.0.1-official-4c,PER,PBI,PBI,,low,r0,2034,basic_valid,historical_reduced_form_positive_tax,5000,-0.0064664567023415,-0.0047208912198447,-0.0033640428135301,-0.0017025195425099,0.0011902812656866,1.0,True,1.0,0.0,True,0.0,0.0,1.0030733728072223,1.00336404281353,0.0,0.0,1.0530733728072228,1.0533640428135302,0.0,0.0,1.1030733728072228,1.10336404281353,0.0,0.0,1.2530733728072223,1.25336404281353,0.0,0.0,1.5030733728072228,1.50336404281353,0.0
official_4c_tierB_mc_baseline_official_v3,deterministic-engine-v1_official-runner,baseline-official-v3,v1.0.1-official-4c,PER,PBI,PBI,,low,r0,2034,support_valid,historical_reduced_form_positive_tax,5000,-0.0064664567023415,-0.0047208912198447,-0.0033640428135301,-0.0017025195425099,0.0011902812656866,1.0,True,1.0,0.0,True,0.0,0.0,1.0030733728072223,1.00336404281353,0.0,0.0,1.0530733728072228,1.0533640428135302,0.0,0.0,1.1030733728072228,1.10336404281353,0.0,0.0,1.2530733728072223,1.25336404281353,0.0,0.0,1.5030733728072228,1.50336404281353,0.0
official_4c_tierB_mc_baseline_official_v3,deterministic-engine-v1_official-runner,baseline-official-v3,v1.0.1-official-4c,PER,PBI,PBI,,low,r0,2034,all_draw,historical_reduced_form_mixture_tax,5000,-0.0180343995302289,-0.0058850237669366,-0.0038450538630826,-0.0020523662642972,0.0008866143542756,0.8334,False,0.8334,0.0,True,0.0,0.0,1.0054155045450133,1.0038450538630823,0.0,0.0,1.055415504545013,1.0538450538630828,0.0,0.0,1.1054155045450134,1.1038450538630826,0.0,0.0,1.2554155045450133,1.2538450538630823,0.0,0.0,1.5054155045450133,1.5038450538630823,0.0
official_4c_tierB_mc_baseline_official_v3,deterministic-engine-v1_official-runner,baseline-official-v3,v1.0.1-official-4c,PER,PBI,PBI,,low,r0,2034,basic_valid,historical_reduced_form_mixture_tax,5000,-0.0064026232748671,-0.0047728662782269,-0.0033145969065522,-0.0016215554600842,0.0011739431245621,0.8334,False,0.8334,0.0,True,0.0,0.0,1.003069788865367,1.0033145969065522,0.0,0.0,1.053069788865367,1.0533145969065525,0.0,0.0,1.1030697888653669,1.1033145969065523,0.0,0.0,1.253069788865367,1.2533145969065522,0.0,0.0,1.503069788865367,1.5033145969065522,0.0
official_4c_tierB_mc_baseline_official_v3,deterministic-engine-v1_official-runner,baseline-official-v3,v1.0.1-official-4c,PER,PBI,PBI,,low,r0,2034,support_valid,historical_reduced_form_mixture_tax,5000,-0.0064026232748671,-0.0047728662782269,-0.0033145969065522,-0.0016215554600842,0.0011739431245621,0.8334,False,0.8334,0.0,True,0.0,0.0,1.003069788865367,1.0033145969065522,0.0,0.0,1.053069788865367,1.0533145969065525,0.0,0.0,1.1030697888653669,1.1033145969065523,0.0,0.0,1.253069788865367,1.2533145969065522,0.0,0.0,1.503069788865367,1.5033145969065522,0.0
official_4c_tierB_mc_baseline_official_v3,deterministic-engine-v1_official-runner,baseline-official-v3,v1.0.1-official-4c,PER,PBI,PBI,,low,r0,2034,all_draw,historical_reduced_form_positive_total_revenue,5000,-0.0054748749870888,-0.0034420127134072,-0.0016766266621128,0.0003072355894087,0.0037233051699575,1.0,True,1.0,0.0,True,0.0,0.0,1.0013747302392932,1.0016766266621129,0.0,0.0,1.051374730239293,1.051676626662113,0.0,0.0,1.101374730239293,1.101676626662113,0.0,0.0,1.2513747302392932,1.2516766266621129,0.0,0.0,1.501374730239293,1.5016766266621129,0.0
official_4c_tierB_mc_baseline_official_v3,deterministic-engine-v1_official-runner,baseline-official-v3,v1.0.1-official-4c,PER,PBI,PBI,,low,r0,2034,basic_valid,historical_reduced_form_positive_total_revenue,5000,-0.0054748749870888,-0.0034420127134072,-0.0016766266621128,0.0003072355894087,0.0037233051699575,1.0,True,1.0,0.0,True,0.0,0.0,1.0013747302392932,1.0016766266621129,0.0,0.0,1.051374730239293,1.051676626662113,0.0,0.0,1.101374730239293,1.101676626662113,0.0,0.0,1.2513747302392932,1.2516766266621129,0.0,0.0,1.501374730239293,1.5016766266621129,0.0
official_4c_tierB_mc_baseline_official_v3,deterministic-engine-v1_official-runner,baseline-official-v3,v1.0.1-official-4c,PER,PBI,PBI,,low,r0,2034,support_valid,historical_reduced_form_positive_total_revenue,5000,-0.0054748749870888,-0.0034420127134072,-0.0016766266621128,0.0003072355894087,0.0037233051699575,1.0,True,1.0,0.0,True,0.0,0.0,1.0013747302392932,1.0016766266621129,0.0,0.0,1.051374730239293,1.051676626662113,0.0,0.0,1.101374730239293,1.101676626662113,0.0,0.0,1.2513747302392932,1.2516766266621129,0.0,0.0,1.501374730239293,1.5016766266621129,0.0
official_4c_tierB_mc_baseline_official_v3,deterministic-engine-v1_official-runner,baseline-official-v3,v1.0.1-official-4c,PER,PBI,PBI,,low,r0,2034,all_draw,historical_reduced_form_mixture_total_revenue,5000,-0.0224974647665865,-0.0058813300456727,-0.0027607415406177,-0.0003076243753632,0.0033681718876503,0.7714,False,0.7714,0.0,True,0.0,0.0,1.005569159277611,1.0027607415406177,0.0,0.0,1.0555691592776109,1.052760741540618,0.0,0.0,1.105569159277611,1.1027607415406178,0.0,0.0,1.2555691592776108,1.2527607415406177,0.0,0.0,1.505569159277611,1.5027607415406177,0.0
official_4c_tierB_mc_baseline_official_v3,deterministic-engine-v1_official-runner,baseline-official-v3,v1.0.1-official-4c,PER,PBI,PBI,,low,r0,2034,basic_valid,historical_reduced_form_mixture_total_revenue,5000,-0.005417570785947,-0.0034462932091059,-0.0016727248932575,0.0003855438436782,0.0038733342024887,0.7714,False,0.7714,0.0,True,0.0,0.0,1.0013643642717605,1.0016727248932575,0.0,0.0,1.0513643642717605,1.0516727248932576,0.0,0.0,1.1013643642717603,1.1016727248932576,0.0,0.0,1.2513643642717605,1.2516727248932575,0.0,0.0,1.5013643642717605,1.5016727248932575,0.0
official_4c_tierB_mc_baseline_official_v3,deterministic-engine-v1_official-runner,baseline-official-v3,v1.0.1-official-4c,PER,PBI,PBI,,low,r0,2034,support_valid,historical_reduced_form_mixture_total_revenue,5000,-0.005417570785947,-0.0034462932091059,-0.0016727248932575,0.0003855438436782,0.0038733342024887,0.7714,False,0.7714,0.0,True,0.0,0.0,1.0013643642717605,1.0016727248932575,0.0,0.0,1.0513643642717605,1.0516727248932576,0.0,0.0,1.1013643642717603,1.1016727248932576,0.0,0.0,1.2513643642717605,1.2516727248932575,0.0,0.0,1.5013643642717605,1.5016727248932575,0.0
official_4c_tierB_mc_baseline_official_v3,deterministic-engine-v1_official-runner,baseline-official-v3,v1.0.1-official-4c,PER,UBI,UBI,,low,r0,2034,all_draw,historical_reduced_form_positive_tax,5000,-0.0017185900062628,-0.0010964293759018,-0.0005761075222593,4.58189356189346e-05,0.0011256032251364,1.0,True,1.0,0.0,True,0.0,0.0,1.0004705388000794,1.0005761075222592,0.0,0.0,1.0504705388000797,1.0505761075222595,0.0,0.0,1.10047053880008,1.100576107522259,0.0,0.0,1.2504705388000796,1.2505761075222592,0.0,0.0,1.5004705388000796,1.5005761075222592,0.0
official_4c_tierB_mc_baseline_official_v3,deterministic-engine-v1_official-runner,baseline-official-v3,v1.0.1-official-4c,PER,UBI,UBI,,low,r0,2034,basic_valid,historical_reduced_form_positive_tax,5000,-0.0017185900062628,-0.0010964293759018,-0.0005761075222593,4.58189356189346e-05,0.0011256032251364,1.0,True,1.0,0.0,True,0.0,0.0,1.0004705388000794,1.0005761075222592,0.0,0.0,1.0504705388000797,1.0505761075222595,0.0,0.0,1.10047053880008,1.100576107522259,0.0,0.0,1.2504705388000796,1.2505761075222592,0.0,0.0,1.5004705388000796,1.5005761075222592,0.0
official_4c_tierB_mc_baseline_official_v3,deterministic-engine-v1_official-runner,baseline-official-v3,v1.0.1-official-4c,PER,UBI,UBI,,low,r0,2034,support_valid,historical_reduced_form_positive_tax,5000,-0.0017185900062628,-0.0010964293759018,-0.0005761075222593,4.58189356189346e-05,0.0011256032251364,1.0,True,1.0,0.0,True,0.0,0.0,1.0004705388000794,1.0005761075222592,0.0,0.0,1.0504705388000797,1.0505761075222595,0.0,0.0,1.10047053880008,1.100576107522259,0.0,0.0,1.2504705388000796,1.2505761075222592,0.0,0.0,1.5004705388000796,1.5005761075222592,0.0
official_4c_tierB_mc_baseline_official_v3,deterministic-engine-v1_official-runner,baseline-official-v3,v1.0.1-official-4c,PER,UBI,UBI,,low,r0,2034,all_draw,historical_reduced_form_mixture_tax,5000,-0.0061058460983547,-0.0015161445748507,-0.0007870591345976,-8.215120225780441e-05,0.0010170773271123,0.8258,False,0.8258,0.0,True,0.0,0.0,1.0013743807939195,1.0007870591345975,0.0,0.0,1.0513743807939198,1.0507870591345978,0.0,0.0,1.10137438079392,1.1007870591345976,0.0,0.0,1.2513743807939195,1.2507870591345975,0.0,0.0,1.5013743807939195,1.5007870591345975,0.0
official_4c_tierB_mc_baseline_official_v3,deterministic-engine-v1_official-runner,baseline-official-v3,v1.0.1-official-4c,PER,UBI,UBI,,low,r0,2034,basic_valid,historical_reduced_form_mixture_tax,5000,-0.0017116886505528,-0.0010852681981149,-0.0005566466460611,7.359155739627144e-05,0.0011220117329828,0.8258,False,0.8258,0.0,True,0.0,0.0,1.0004565381881163,1.0005566466460611,0.0,0.0,1.050456538188117,1.0505566466460612,0.0,0.0,1.1004565381881168,1.1005566466460612,0.0,0.0,1.2504565381881168,1.2505566466460611,0.0,0.0,1.500456538188117,1.5005566466460611,0.0
official_4c_tierB_mc_baseline_official_v3,deterministic-engine-v1_official-runner,baseline-official-v3,v1.0.1-official-4c,PER,UBI,UBI,,low,r0,2034,support_valid,historical_reduced_form_mixture_tax,5000,-0.0017116886505528,-0.0010852681981149,-0.0005566466460611,7.359155739627144e-05,0.0011220117329828,0.8258,False,0.8258,0.0,True,0.0,0.0,1.0004565381881163,1.0005566466460611,0.0,0.0,1.050456538188117,1.0505566466460612,0.0,0.0,1.1004565381881168,1.1005566466460612,0.0,0.0,1.2504565381881168,1.2505566466460611,0.0,0.0,1.500456538188117,1.5005566466460611,0.0
official_4c_tierB_mc_baseline_official_v3,deterministic-engine-v1_official-runner,baseline-official-v3,v1.0.1-official-4c,PER,UBI,UBI,,low,r0,2034,all_draw,historical_reduced_form_positive_total_revenue,5000,-0.0014062898526314,-0.0006193130509724,5.95014623844996e-05,0.0008550618509163,0.002114840290465,1.0,True,1.0,0.0,True,0.0,0.0,0.9998365456799496,0.9999404985376156,0.0,0.0,1.0498365456799497,1.0499404985376155,0.0,0.0,1.0998365456799497,1.0999404985376158,0.0,0.0,1.2498365456799496,1.2499404985376157,0.0,0.0,1.4998365456799496,1.4999404985376157,0.0
official_4c_tierB_mc_baseline_official_v3,deterministic-engine-v1_official-runner,baseline-official-v3,v1.0.1-official-4c,PER,UBI,UBI,,low,r0,2034,basic_valid,historical_reduced_form_positive_total_revenue,5000,-0.0014062898526314,-0.0006193130509724,5.95014623844996e-05,0.0008550618509163,0.002114840290465,1.0,True,1.0,0.0,True,0.0,0.0,0.9998365456799496,0.9999404985376156,0.0,0.0,1.0498365456799497,1.0499404985376155,0.0,0.0,1.0998365456799497,1.0999404985376158,0.0,0.0,1.2498365456799496,1.2499404985376157,0.0,0.0,1.4998365456799496,1.4999404985376157,0.0
official_4c_tierB_mc_baseline_official_v3,deterministic-engine-v1_official-runner,baseline-official-v3,v1.0.1-official-4c,PER,UBI,UBI,,low,r0,2034,support_valid,historical_reduced_form_positive_total_revenue,5000,-0.0014062898526314,-0.0006193130509724,5.95014623844996e-05,0.0008550618509163,0.002114840290465,1.0,True,1.0,0.0,True,0.0,0.0,0.9998365456799496,0.9999404985376156,0.0,0.0,1.0498365456799497,1.0499404985376155,0.0,0.0,1.0998365456799497,1.0999404985376158,0.0,0.0,1.2498365456799496,1.2499404985376157,0.0,0.0,1.4998365456799496,1.4999404985376157,0.0
official_4c_tierB_mc_baseline_official_v3,deterministic-engine-v1_official-runner,baseline-official-v3,v1.0.1-official-4c,PER,UBI,UBI,,low,r0,2034,all_draw,historical_reduced_form_mixture_total_revenue,5000,-0.0075408030682692,-0.0014750257614611,-0.0003254710450118,0.0005760601878696,0.0019997139365358,0.7788,False,0.7788,0.0,True,0.0,0.0,1.001340815374397,1.0003254710450118,0.0,0.0,1.051340815374397,1.0503254710450118,0.0,0.0,1.101340815374397,1.100325471045012,0.0,0.0,1.251340815374397,1.2503254710450118,0.0,0.0,1.501340815374397,1.5003254710450118,0.0
official_4c_tierB_mc_baseline_official_v3,deterministic-engine-v1_official-runner,baseline-official-v3,v1.0.1-official-4c,PER,UBI,UBI,,low,r0,2034,basic_valid,historical_reduced_form_mixture_total_revenue,5000,-0.0013757960941129,-0.0006192823552041,5.275881312813985e-05,0.0008160912492856,0.0021699179858065,0.7788,False,0.7788,0.0,True,0.0,0.0,0.9998319304307324,0.9999472411868718,0.0,0.0,1.0498319304307324,1.0499472411868718,0.0,0.0,1.099831930430733,1.099947241186872,0.0,0.0,1.2498319304307324,1.249947241186872,0.0,0.0,1.4998319304307324,1.499947241186872,0.0
official_4c_tierB_mc_baseline_official_v3,deterministic-engine-v1_official-runner,baseline-official-v3,v1.0.1-official-4c,PER,UBI,UBI,,low,r0,2034,support_valid,historical_reduced_form_mixture_total_revenue,5000,-0.0013757960941129,-0.0006192823552041,5.275881312813985e-05,0.0008160912492856,0.0021699179858065,0.7788,False,0.7788,0.0,True,0.0,0.0,0.9998319304307324,0.9999472411868718,0.0,0.0,1.0498319304307324,1.0499472411868718,0.0,0.0,1.099831930430733,1.099947241186872,0.0,0.0,1.2498319304307324,1.249947241186872,0.0,0.0,1.4998319304307324,1.499947241186872,0.0
official_4c_tierB_mc_baseline_official_v3,deterministic-engine-v1_official-runner,baseline-official-v3,v1.0.1-official-4c,PER,PEN,PEN,,mid,r0,2034,all_draw,historical_reduced_form_positive_tax,5000,0.2465569470366129,0.4529266408758791,0.631118392705165,0.851106500440214,1.2107975376077609,1.0,True,1.0,0.0846,True,0.135,0.0,0.4141588033868371,0.4164484721226859,0.106,0.0,0.4499671795135224,0.4566139690775828,0.0846,0.0,0.4889081400929987,0.4986657211231534,0.0394,0.0,0.6126402791871675,0.6324482835451273,0.01,0.0,0.8414994203838865,0.8722843847024179,0.135
official_4c_tierB_mc_baseline_official_v3,deterministic-engine-v1_official-runner,baseline-official-v3,v1.0.1-official-4c,PER,PEN,PEN,,mid,r0,2034,basic_valid,historical_reduced_form_positive_tax,5000,0.2465569470366129,0.4529266408758791,0.631118392705165,0.851106500440214,1.2107975376077609,1.0,True,1.0,0.0846,True,0.135,0.0,0.4141588033868371,0.4164484721226859,0.106,0.0,0.4499671795135224,0.4566139690775828,0.0846,0.0,0.4889081400929987,0.4986657211231534,0.0394,0.0,0.6126402791871675,0.6324482835451273,0.01,0.0,0.8414994203838865,0.8722843847024179,0.135
official_4c_tierB_mc_baseline_official_v3,deterministic-engine-v1_official-runner,baseline-official-v3,v1.0.1-official-4c,PER,PEN,PEN,,mid,r0,2034,support_valid,historical_reduced_form_positive_tax,5000,0.2465569470366129,0.4529266408758791,0.631118392705165,0.851106500440214,1.2107975376077609,1.0,True,1.0,0.0846,True,0.135,0.0,0.4141588033868371,0.4164484721226859,0.106,0.0,0.4499671795135224,0.4566139690775828,0.0846,0.0,0.4889081400929987,0.4986657211231534,0.0394,0.0,0.6126402791871675,0.6324482835451273,0.01,0.0,0.8414994203838865,0.8722843847024179,0.135
official_4c_tierB_mc_baseline_official_v3,deterministic-engine-v1_official-runner,baseline-official-v3,v1.0.1-official-4c,PER,PEN,PEN,,mid,r0,2034,all_draw,historical_reduced_form_mixture_tax,5000,-1.1598333649295116,0.3153659063748349,0.5638585163104644,0.7966354821353043,1.1464818015489795,0.8366,False,0.8366,0.0654,True,0.1062,0.0,0.7115988815632216,0.479896714271021,0.0836,0.0,0.7434937440965793,0.5210003154915901,0.0654,0.0,0.7785555935266728,0.5627809508581687,0.0268,0.0,0.8951042099548467,0.6978243298103741,0.009,0.0,1.1272295042425151,0.940506284072551,0.1062
official_4c_tierB_mc_baseline_official_v3,deterministic-engine-v1_official-runner,baseline-official-v3,v1.0.1-official-4c,PER,PEN,PEN,,mid,r0,2034,basic_valid,historical_reduced_form_mixture_tax,5000,0.2455650100552351,0.4573363668307081,0.6383357639469973,0.8423526436263801,1.181547918130574,0.8366,False,0.8366,0.0654,True,0.1269423858474778,0.0,0.4113689311456622,0.410151558412186,0.0999282811379392,0.0,0.4483458885228278,0.4510666784749331,0.0781735596461869,0.0,0.4872080454844562,0.4946936349217328,0.0320344250537891,0.0,0.6108942999452223,0.6238993198522794,0.0107578293091082,0.0,0.8456032209665502,0.86618721630296,0.1269423858474778
official_4c_tierB_mc_baseline_official_v3,deterministic-engine-v1_official-runner,baseline-official-v3,v1.0.1-official-4c,PER,PEN,PEN,,mid,r0,2034,support_valid,historical_reduced_form_mixture_tax,5000,0.2455650100552351,0.4573363668307081,0.6383357639469973,0.8423526436263801,1.181547918130574,0.8366,False,0.8366,0.0654,True,0.1269423858474778,0.0,0.4113689311456622,0.410151558412186,0.0999282811379392,0.0,0.4483458885228278,0.4510666784749331,0.0781735596461869,0.0,0.4872080454844562,0.4946936349217328,0.0320344250537891,0.0,0.6108942999452223,0.6238993198522794,0.0107578293091082,0.0,0.8456032209665502,0.86618721630296,0.1269423858474778
official_4c_tierB_mc_baseline_official_v3,deterministic-engine-v1_official-runner,baseline-official-v3,v1.0.1-official-4c,PER,PEN,PEN,,mid,r0,2034,all_draw,historical_reduced_form_positive_total_revenue,5000,0.3476824226544142,0.6050003126965862,0.8279620556160867,1.083751563923718,1.5186666191027007,1.0,True,1.0,0.2376,True,0.3234,0.001,0.3321938709759633,0.3167718376283548,0.2792,0.0008,0.3603536795041283,0.3489398278513363,0.2376,0.0006,0.3893874411637041,0.3791533513854783,0.1402,0.0,0.4875823859218941,0.4856314458350178,0.0538,0.0,0.682655847195912,0.6961078406574837,0.3234
official_4c_tierB_mc_baseline_official_v3,deterministic-engine-v1_official-runner,baseline-official-v3,v1.0.1-official-4c,PER,PEN,PEN,,mid,r0,2034,basic_valid,historical_reduced_form_positive_total_revenue,5000,0.3476824226544142,0.6050003126965862,0.8279620556160867,1.083751563923718,1.5186666191027007,1.0,True,1.0,0.2376,True,0.3234,0.001,0.3321938709759633,0.3167718376283548,0.2792,0.0008,0.3603536795041283,0.3489398278513363,0.2376,0.0006,0.3893874411637041,0.3791533513854783,0.1402,0.0,0.4875823859218941,0.4856314458350178,0.0538,0.0,0.682655847195912,0.6961078406574837,0.3234
official_4c_tierB_mc_baseline_official_v3,deterministic-engine-v1_official-runner,baseline-official-v3,v1.0.1-official-4c,PER,PEN,PEN,,mid,r0,2034,support_valid,historical_reduced_form_positive_total_revenue,5000,0.3476824226544142,0.6050003126965862,0.8279620556160867,1.083751563923718,1.5186666191027007,1.0,True,1.0,0.2376,True,0.3234,0.001,0.3321938709759633,0.3167718376283548,0.2792,0.0008,0.3603536795041283,0.3489398278513363,0.2376,0.0006,0.3893874411637041,0.3791533513854783,0.1402,0.0,0.4875823859218941,0.4856314458350178,0.0538,0.0,0.682655847195912,0.6961078406574837,0.3234
official_4c_tierB_mc_baseline_official_v3,deterministic-engine-v1_official-runner,baseline-official-v3,v1.0.1-official-4c,PER,PEN,PEN,,mid,r0,2034,all_draw,historical_reduced_form_mixture_total_revenue,5000,-1.6681384890659567,0.3642662345834436,0.7164053622488644,1.0112355604938184,1.4657691457851365,0.7918,False,0.7918,0.1914,True,0.26,0.0006,0.909588683234828,0.4324521925756902,0.2204,0.0006,0.9121630957423992,0.4576067299349469,0.1914,0.0002,0.9284972846797294,0.4923989153897335,0.1148,0.0002,0.992001494681081,0.5995908121729261,0.045,0.0,1.1618452721901391,0.8110074443669619,0.26
official_4c_tierB_mc_baseline_official_v3,deterministic-engine-v1_official-runner,baseline-official-v3,v1.0.1-official-4c,PER,PEN,PEN,,mid,r0,2034,basic_valid,historical_reduced_form_mixture_total_revenue,5000,0.3568058967480504,0.6098602229209847,0.8291876506787842,1.0895804379451488,1.5224543655495382,0.7918,False,0.7918,0.1914,True,0.3283657489264966,0.0007577671129072,0.3306923082207597,0.3148454549768051,0.2783531194746148,0.0007577671129072,0.3561058686713362,0.342777841077882,0.2417277090174286,0.0002525890376357,0.3876239978515267,0.373487616878094,0.14498610760293,0.0002525890376357,0.4857256528947123,0.4862228734781086,0.0568325334680474,0.0,0.6805420177552357,0.6975649018612367,0.3283657489264966
official_4c_tierB_mc_baseline_official_v3,deterministic-engine-v1_official-runner,baseline-official-v3,v1.0.1-official-4c,PER,PEN,PEN,,mid,r0,2034,support_valid,historical_reduced_form_mixture_total_revenue,5000,0.3568058967480504,0.6098602229209847,0.8291876506787842,1.0895804379451488,1.5224543655495382,0.7918,False,0.7918,0.1914,True,0.3283657489264966,0.0007577671129072,0.3306923082207597,0.3148454549768051,0.2783531194746148,0.0007577671129072,0.3561058686713362,0.342777841077882,0.2417277090174286,0.0002525890376357,0.3876239978515267,0.373487616878094,0.14498610760293,0.0002525890376357,0.4857256528947123,0.4862228734781086,0.0568325334680474,0.0,0.6805420177552357,0.6975649018612367,0.3283657489264966
official_4c_tierB_mc_baseline_official_v3,deterministic-engine-v1_official-runner,baseline-official-v3,v1.0.1-official-4c,PER,GMI,GMI:GMI_ideal_aggregate,GMI_ideal_aggregate,mid,r0,2034,all_draw,historical_reduced_form_positive_tax,5000,-0.0185163612747306,0.0230084734293419,0.0575354201829575,0.0983593612361917,0.1720027153924568,1.0,True,1.0,0.0,True,0.0,0.0,0.9351590640458822,0.9424645798170423,0.0,0.0,0.985159064045882,0.9924645798170424,0.0,0.0,1.035159064045882,1.0424645798170429,0.0,0.0,1.1851590640458822,1.1924645798170426,0.0,0.0,1.4351590640458822,1.4424645798170426,0.0
official_4c_tierB_mc_baseline_official_v3,deterministic-engine-v1_official-runner,baseline-official-v3,v1.0.1-official-4c,PER,GMI,GMI:GMI_ideal_aggregate,GMI_ideal_aggregate,mid,r0,2034,basic_valid,historical_reduced_form_positive_tax,5000,-0.0185163612747306,0.0230084734293419,0.0575354201829575,0.0983593612361917,0.1720027153924568,1.0,True,1.0,0.0,True,0.0,0.0,0.9351590640458822,0.9424645798170423,0.0,0.0,0.985159064045882,0.9924645798170424,0.0,0.0,1.035159064045882,1.0424645798170429,0.0,0.0,1.1851590640458822,1.1924645798170426,0.0,0.0,1.4351590640458822,1.4424645798170426,0.0
official_4c_tierB_mc_baseline_official_v3,deterministic-engine-v1_official-runner,baseline-official-v3,v1.0.1-official-4c,PER,GMI,GMI:GMI_ideal_aggregate,GMI_ideal_aggregate,mid,r0,2034,support_valid,historical_reduced_form_positive_tax,5000,-0.0185163612747306,0.0230084734293419,0.0575354201829575,0.0983593612361917,0.1720027153924568,1.0,True,1.0,0.0,True,0.0,0.0,0.9351590640458822,0.9424645798170423,0.0,0.0,0.985159064045882,0.9924645798170424,0.0,0.0,1.035159064045882,1.0424645798170429,0.0,0.0,1.1851590640458822,1.1924645798170426,0.0,0.0,1.4351590640458822,1.4424645798170426,0.0
official_4c_tierB_mc_baseline_official_v3,deterministic-engine-v1_official-runner,baseline-official-v3,v1.0.1-official-4c,PER,GMI,GMI:GMI_ideal_aggregate,GMI_ideal_aggregate,mid,r0,2034,all_draw,historical_reduced_form_mixture_tax,5000,-0.3063146562356548,-0.0071054686825787,0.0419441904599085,0.0891316493458975,0.1647389580610366,0.834,False,0.834,0.0,True,0.0,0.0,0.9941574066358704,0.9580558095400916,0.0,0.0,1.0441574066358703,1.0080558095400916,0.0,0.0,1.09415740663587,1.0580558095400914,0.0,0.0,1.2441574066358705,1.2080558095400913,0.0,0.0,1.4941574066358705,1.4580558095400913,0.0
official_4c_tierB_mc_baseline_official_v3,deterministic-engine-v1_official-runner,baseline-official-v3,v1.0.1-official-4c,PER,GMI,GMI:GMI_ideal_aggregate,GMI_ideal_aggregate,mid,r0,2034,basic_valid,historical_reduced_form_mixture_tax,5000,-0.0202928878020759,0.0198135909982553,0.0570385780505024,0.0989469438921426,0.1708722398225167,0.834,False,0.834,0.0,True,0.0,0.0,0.9366035707250776,0.9429614219494976,0.0,0.0,0.9866035707250776,0.9929614219494975,0.0,0.0,1.0366035707250778,1.0429614219494976,0.0,0.0,1.1866035707250775,1.1929614219494975,0.0,0.0,1.4366035707250775,1.4429614219494975,0.0
official_4c_tierB_mc_baseline_official_v3,deterministic-engine-v1_official-runner,baseline-official-v3,v1.0.1-official-4c,PER,GMI,GMI:GMI_ideal_aggregate,GMI_ideal_aggregate,mid,r0,2034,support_valid,historical_reduced_form_mixture_tax,5000,-0.0202928878020759,0.0198135909982553,0.0570385780505024,0.0989469438921426,0.1708722398225167,0.834,False,0.834,0.0,True,0.0,0.0,0.9366035707250776,0.9429614219494976,0.0,0.0,0.9866035707250776,0.9929614219494975,0.0,0.0,1.0366035707250778,1.0429614219494976,0.0,0.0,1.1866035707250775,1.1929614219494975,0.0,0.0,1.4366035707250775,1.4429614219494975,0.0
official_4c_tierB_mc_baseline_official_v3,deterministic-engine-v1_official-runner,baseline-official-v3,v1.0.1-official-4c,PER,GMI,GMI:GMI_ideal_aggregate,GMI_ideal_aggregate,mid,r0,2034,all_draw,historical_reduced_form_positive_total_revenue,5000,0.0019078090558387,0.0532994619687617,0.099209687297541,0.1492142134667169,0.2344024968315152,1.0,True,1.0,0.0,True,0.0,0.0,0.8942691446029676,0.900790312702459,0.0,0.0,0.9442691446029676,0.9507903127024592,0.0,0.0,0.9942691446029676,1.000790312702459,0.0,0.0,1.1442691446029676,1.150790312702459,0.0,0.0,1.3942691446029676,1.400790312702459,0.0
official_4c_tierB_mc_baseline_official_v3,deterministic-engine-v1_official-runner,baseline-official-v3,v1.0.1-official-4c,PER,GMI,GMI:GMI_ideal_aggregate,GMI_ideal_aggregate,mid,r0,2034,basic_valid,historical_reduced_form_positive_total_revenue,5000,0.0019078090558387,0.0532994619687617,0.099209687297541,0.1492142134667169,0.2344024968315152,1.0,True,1.0,0.0,True,0.0,0.0,0.8942691446029676,0.900790312702459,0.0,0.0,0.9442691446029676,0.9507903127024592,0.0,0.0,0.9942691446029676,1.000790312702459,0.0,0.0,1.1442691446029676,1.150790312702459,0.0,0.0,1.3942691446029676,1.400790312702459,0.0
official_4c_tierB_mc_baseline_official_v3,deterministic-engine-v1_official-runner,baseline-official-v3,v1.0.1-official-4c,PER,GMI,GMI:GMI_ideal_aggregate,GMI_ideal_aggregate,mid,r0,2034,support_valid,historical_reduced_form_positive_total_revenue,5000,0.0019078090558387,0.0532994619687617,0.099209687297541,0.1492142134667169,0.2344024968315152,1.0,True,1.0,0.0,True,0.0,0.0,0.8942691446029676,0.900790312702459,0.0,0.0,0.9442691446029676,0.9507903127024592,0.0,0.0,0.9942691446029676,1.000790312702459,0.0,0.0,1.1442691446029676,1.150790312702459,0.0,0.0,1.3942691446029676,1.400790312702459,0.0
official_4c_tierB_mc_baseline_official_v3,deterministic-engine-v1_official-runner,baseline-official-v3,v1.0.1-official-4c,PER,GMI,GMI:GMI_ideal_aggregate,GMI_ideal_aggregate,mid,r0,2034,all_draw,historical_reduced_form_mixture_total_revenue,5000,-0.4056100430764702,-0.0079565015082708,0.0722706052450481,0.1324126394820433,0.2236974320124429,0.773,False,0.773,0.0,True,0.0,0.0,0.9963352666215848,0.927729394754952,0.0,0.0,1.0463352666215848,0.977729394754952,0.0,0.0,1.0963352666215846,1.027729394754952,0.0,0.0,1.2463352666215848,1.177729394754952,0.0,0.0,1.4963352666215848,1.427729394754952,0.0
official_4c_tierB_mc_baseline_official_v3,deterministic-engine-v1_official-runner,baseline-official-v3,v1.0.1-official-4c,PER,GMI,GMI:GMI_ideal_aggregate,GMI_ideal_aggregate,mid,r0,2034,basic_valid,historical_reduced_form_mixture_total_revenue,5000,0.0016811487386911,0.0538027220817897,0.0977634096511524,0.1491510648210355,0.2361638300282288,0.773,False,0.773,0.0,True,0.0,0.0,0.8943951413602873,0.9022365903488476,0.0,0.0,0.9443951413602872,0.9522365903488476,0.0,0.0,0.9943951413602874,1.0022365903488475,0.0,0.0,1.1443951413602875,1.1522365903488476,0.0,0.0,1.3943951413602875,1.4022365903488476,0.0
official_4c_tierB_mc_baseline_official_v3,deterministic-engine-v1_official-runner,baseline-official-v3,v1.0.1-official-4c,PER,GMI,GMI:GMI_ideal_aggregate,GMI_ideal_aggregate,mid,r0,2034,support_valid,historical_reduced_form_mixture_total_revenue,5000,0.0016811487386911,0.0538027220817897,0.0977634096511524,0.1491510648210355,0.2361638300282288,0.773,False,0.773,0.0,True,0.0,0.0,0.8943951413602873,0.9022365903488476,0.0,0.0,0.9443951413602872,0.9522365903488476,0.0,0.0,0.9943951413602874,1.0022365903488475,0.0,0.0,1.1443951413602875,1.1522365903488476,0.0,0.0,1.3943951413602875,1.4022365903488476,0.0
official_4c_tierB_mc_baseline_official_v3,deterministic-engine-v1_official-runner,baseline-official-v3,v1.0.1-official-4c,PER,GMI,GMI:GMI_loaded_aggregate,GMI_loaded_aggregate,mid,r0,2034,all_draw,historical_reduced_form_positive_tax,5000,-0.0141595315340807,0.0147920879715988,0.0385230453919253,0.0671744873133208,0.1139142604642638,1.0,True,1.0,0.0,True,0.0,0.0,0.9569048313711964,0.9614769546080746,0.0,0.0,1.0069048313711964,1.0114769546080746,0.0,0.0,1.0569048313711966,1.061476954608075,0.0,0.0,1.2069048313711963,1.2114769546080746,0.0,0.0,1.4569048313711963,1.4614769546080746,0.0
official_4c_tierB_mc_baseline_official_v3,deterministic-engine-v1_official-runner,baseline-official-v3,v1.0.1-official-4c,PER,GMI,GMI:GMI_loaded_aggregate,GMI_loaded_aggregate,mid,r0,2034,basic_valid,historical_reduced_form_positive_tax,5000,-0.0141595315340807,0.0147920879715988,0.0385230453919253,0.0671744873133208,0.1139142604642638,1.0,True,1.0,0.0,True,0.0,0.0,0.9569048313711964,0.9614769546080746,0.0,0.0,1.0069048313711964,1.0114769546080746,0.0,0.0,1.0569048313711966,1.061476954608075,0.0,0.0,1.2069048313711963,1.2114769546080746,0.0,0.0,1.4569048313711963,1.4614769546080746,0.0
official_4c_tierB_mc_baseline_official_v3,deterministic-engine-v1_official-runner,baseline-official-v3,v1.0.1-official-4c,PER,GMI,GMI:GMI_loaded_aggregate,GMI_loaded_aggregate,mid,r0,2034,support_valid,historical_reduced_form_positive_tax,5000,-0.0141595315340807,0.0147920879715988,0.0385230453919253,0.0671744873133208,0.1139142604642638,1.0,True,1.0,0.0,True,0.0,0.0,0.9569048313711964,0.9614769546080746,0.0,0.0,1.0069048313711964,1.0114769546080746,0.0,0.0,1.0569048313711966,1.061476954608075,0.0,0.0,1.2069048313711963,1.2114769546080746,0.0,0.0,1.4569048313711963,1.4614769546080746,0.0
official_4c_tierB_mc_baseline_official_v3,deterministic-engine-v1_official-runner,baseline-official-v3,v1.0.1-official-4c,PER,GMI,GMI:GMI_loaded_aggregate,GMI_loaded_aggregate,mid,r0,2034,all_draw,historical_reduced_form_mixture_tax,5000,-0.2060908391612036,-0.004561201372273,0.0292685137036355,0.0598250600452263,0.1095726499991807,0.8304,False,0.8304,0.0,True,0.0,0.0,0.9963180479587748,0.9707314862963644,0.0,0.0,1.0463180479587748,1.0207314862963646,0.0,0.0,1.0963180479587746,1.0707314862963646,0.0,0.0,1.2463180479587748,1.2207314862963643,0.0,0.0,1.4963180479587748,1.4707314862963643,0.0
official_4c_tierB_mc_baseline_official_v3,deterministic-engine-v1_official-runner,baseline-official-v3,v1.0.1-official-4c,PER,GMI,GMI:GMI_loaded_aggregate,GMI_loaded_aggregate,mid,r0,2034,basic_valid,historical_reduced_form_mixture_tax,5000,-0.0132946903395058,0.0147965265709687,0.0378914062771501,0.0667361964937469,0.1142854711777161,0.8304,False,0.8304,0.0,True,0.0,0.0,0.9570583799542534,0.9621085937228498,0.0,0.0,1.0070583799542536,1.01210859372285,0.0,0.0,1.0570583799542534,1.0621085937228498,0.0,0.0,1.2070583799542536,1.2121085937228495,0.0,0.0,1.4570583799542536,1.4621085937228495,0.0
official_4c_tierB_mc_baseline_official_v3,deterministic-engine-v1_official-runner,baseline-official-v3,v1.0.1-official-4c,PER,GMI,GMI:GMI_loaded_aggregate,GMI_loaded_aggregate,mid,r0,2034,support_valid,historical_reduced_form_mixture_tax,5000,-0.0132946903395058,0.0147965265709687,0.0378914062771501,0.0667361964937469,0.1142854711777161,0.8304,False,0.8304,0.0,True,0.0,0.0,0.9570583799542534,0.9621085937228498,0.0,0.0,1.0070583799542536,1.01210859372285,0.0,0.0,1.0570583799542534,1.0621085937228498,0.0,0.0,1.2070583799542536,1.2121085937228495,0.0,0.0,1.4570583799542536,1.4621085937228495,0.0
official_4c_tierB_mc_baseline_official_v3,deterministic-engine-v1_official-runner,baseline-official-v3,v1.0.1-official-4c,PER,GMI,GMI:GMI_loaded_aggregate,GMI_loaded_aggregate,mid,r0,2034,all_draw,historical_reduced_form_positive_total_revenue,5000,0.0009616832942637,0.0352716911056277,0.0658509229543773,0.0992502014376808,0.1596161909654526,1.0,True,1.0,0.0,True,0.0,0.0,0.9293297689306432,0.9341490770456228,0.0,0.0,0.9793297689306434,0.9841490770456228,0.0,0.0,1.029329768930643,1.0341490770456228,0.0,0.0,1.1793297689306432,1.1841490770456229,0.0,0.0,1.4293297689306432,1.4341490770456229,0.0
official_4c_tierB_mc_baseline_official_v3,deterministic-engine-v1_official-runner,baseline-official-v3,v1.0.1-official-4c,PER,GMI,GMI:GMI_loaded_aggregate,GMI_loaded_aggregate,mid,r0,2034,basic_valid,historical_reduced_form_positive_total_revenue,5000,0.0009616832942637,0.0352716911056277,0.0658509229543773,0.0992502014376808,0.1596161909654526,1.0,True,1.0,0.0,True,0.0,0.0,0.9293297689306432,0.9341490770456228,0.0,0.0,0.9793297689306434,0.9841490770456228,0.0,0.0,1.029329768930643,1.0341490770456228,0.0,0.0,1.1793297689306432,1.1841490770456229,0.0,0.0,1.4293297689306432,1.4341490770456229,0.0
official_4c_tierB_mc_baseline_official_v3,deterministic-engine-v1_official-runner,baseline-official-v3,v1.0.1-official-4c,PER,GMI,GMI:GMI_loaded_aggregate,GMI_loaded_aggregate,mid,r0,2034,support_valid,historical_reduced_form_positive_total_revenue,5000,0.0009616832942637,0.0352716911056277,0.0658509229543773,0.0992502014376808,0.1596161909654526,1.0,True,1.0,0.0,True,0.0,0.0,0.9293297689306432,0.9341490770456228,0.0,0.0,0.9793297689306434,0.9841490770456228,0.0,0.0,1.029329768930643,1.0341490770456228,0.0,0.0,1.1793297689306432,1.1841490770456229,0.0,0.0,1.4293297689306432,1.4341490770456229,0.0
official_4c_tierB_mc_baseline_official_v3,deterministic-engine-v1_official-runner,baseline-official-v3,v1.0.1-official-4c,PER,GMI,GMI:GMI_loaded_aggregate,GMI_loaded_aggregate,mid,r0,2034,all_draw,historical_reduced_form_mixture_total_revenue,5000,-0.2734601360319535,0.0012568202951264,0.0493838641966582,0.089950411900913,0.1492656002105857,0.7854,False,0.7854,0.0,True,0.0,0.0,0.9934912403588264,0.9506161358033418,0.0,0.0,1.0434912403588263,1.000616135803342,0.0,0.0,1.0934912403588264,1.050616135803342,0.0,0.0,1.2434912403588263,1.2006161358033418,0.0,0.0,1.4934912403588263,1.4506161358033418,0.0
official_4c_tierB_mc_baseline_official_v3,deterministic-engine-v1_official-runner,baseline-official-v3,v1.0.1-official-4c,PER,GMI,GMI:GMI_loaded_aggregate,GMI_loaded_aggregate,mid,r0,2034,basic_valid,historical_reduced_form_mixture_total_revenue,5000,0.002675202885579,0.0357569730791762,0.0657874497624265,0.1003544721619627,0.1598232312854997,0.7854,False,0.7854,0.0,True,0.0,0.0,0.9290284330821356,0.9342125502375734,0.0,0.0,0.9790284330821356,0.9842125502375736,0.0,0.0,1.0290284330821355,1.0342125502375734,0.0,0.0,1.1790284330821357,1.184212550237573,0.0,0.0,1.4290284330821357,1.434212550237573,0.0
official_4c_tierB_mc_baseline_official_v3,deterministic-engine-v1_official-runner,baseline-official-v3,v1.0.1-official-4c,PER,GMI,GMI:GMI_loaded_aggregate,GMI_loaded_aggregate,mid,r0,2034,support_valid,historical_reduced_form_mixture_total_revenue,5000,0.002675202885579,0.0357569730791762,0.0657874497624265,0.1003544721619627,0.1598232312854997,0.7854,False,0.7854,0.0,True,0.0,0.0,0.9290284330821356,0.9342125502375734,0.0,0.0,0.9790284330821356,0.9842125502375736,0.0,0.0,1.0290284330821355,1.0342125502375734,0.0,0.0,1.1790284330821357,1.184212550237573,0.0,0.0,1.4290284330821357,1.434212550237573,0.0
official_4c_tierB_mc_baseline_official_v3,deterministic-engine-v1_official-runner,baseline-official-v3,v1.0.1-official-4c,PER,MUT,MUT,,mid,r0,2034,all_draw,historical_reduced_form_positive_tax,5000,0.0365570074245254,0.0578185308567345,0.0767303535458367,0.0996875726165841,0.1385287462170404,1.0,True,1.0,0.0,True,0.0,0.0,0.9194518005399428,0.9232696464541632,0.0,0.0,0.9694518005399428,0.9732696464541633,0.0,0.0,1.0194518005399429,1.0232696464541633,0.0,0.0,1.169451800539943,1.1732696464541632,0.0,0.0,1.4194518005399428,1.4232696464541632,0.0
official_4c_tierB_mc_baseline_official_v3,deterministic-engine-v1_official-runner,baseline-official-v3,v1.0.1-official-4c,PER,MUT,MUT,,mid,r0,2034,basic_valid,historical_reduced_form_positive_tax,5000,0.0365570074245254,0.0578185308567345,0.0767303535458367,0.0996875726165841,0.1385287462170404,1.0,True,1.0,0.0,True,0.0,0.0,0.9194518005399428,0.9232696464541632,0.0,0.0,0.9694518005399428,0.9732696464541633,0.0,0.0,1.0194518005399429,1.0232696464541633,0.0,0.0,1.169451800539943,1.1732696464541632,0.0,0.0,1.4194518005399428,1.4232696464541632,0.0
official_4c_tierB_mc_baseline_official_v3,deterministic-engine-v1_official-runner,baseline-official-v3,v1.0.1-official-4c,PER,MUT,MUT,,mid,r0,2034,support_valid,historical_reduced_form_positive_tax,5000,0.0365570074245254,0.0578185308567345,0.0767303535458367,0.0996875726165841,0.1385287462170404,1.0,True,1.0,0.0,True,0.0,0.0,0.9194518005399428,0.9232696464541632,0.0,0.0,0.9694518005399428,0.9732696464541633,0.0,0.0,1.0194518005399429,1.0232696464541633,0.0,0.0,1.169451800539943,1.1732696464541632,0.0,0.0,1.4194518005399428,1.4232696464541632,0.0
official_4c_tierB_mc_baseline_official_v3,deterministic-engine-v1_official-runner,baseline-official-v3,v1.0.1-official-4c,PER,MUT,MUT,,mid,r0,2034,all_draw,historical_reduced_form_mixture_tax,5000,-0.121261694454448,0.0423301625355019,0.0694310111522231,0.0942251975852754,0.1316624256789308,0.8212,False,0.8212,0.0,True,0.0,0.0,0.9519343498382112,0.9305689888477768,0.0,0.0,1.0019343498382116,0.9805689888477768,0.0,0.0,1.0519343498382114,1.0305689888477767,0.0,0.0,1.2019343498382111,1.1805689888477766,0.0,0.0,1.4519343498382111,1.4305689888477766,0.0
official_4c_tierB_mc_baseline_official_v3,deterministic-engine-v1_official-runner,baseline-official-v3,v1.0.1-official-4c,PER,MUT,MUT,,mid,r0,2034,basic_valid,historical_reduced_form_mixture_tax,5000,0.0362517713062724,0.0584172011970288,0.0781642525266377,0.1002350194430031,0.1359460612925605,0.8212,False,0.8212,0.0,True,0.0,0.0,0.9189744313830506,0.9218357474733624,0.0,0.0,0.9689744313830506,0.9718357474733624,0.0,0.0,1.0189744313830509,1.0218357474733624,0.0,0.0,1.1689744313830506,1.1718357474733625,0.0,0.0,1.4189744313830506,1.4218357474733625,0.0
official_4c_tierB_mc_baseline_official_v3,deterministic-engine-v1_official-runner,baseline-official-v3,v1.0.1-official-4c,PER,MUT,MUT,,mid,r0,2034,support_valid,historical_reduced_form_mixture_tax,5000,0.0362517713062724,0.0584172011970288,0.0781642525266377,0.1002350194430031,0.1359460612925605,0.8212,False,0.8212,0.0,True,0.0,0.0,0.9189744313830506,0.9218357474733624,0.0,0.0,0.9689744313830506,0.9718357474733624,0.0,0.0,1.0189744313830509,1.0218357474733624,0.0,0.0,1.1689744313830506,1.1718357474733625,0.0,0.0,1.4189744313830506,1.4218357474733625,0.0
official_4c_tierB_mc_baseline_official_v3,deterministic-engine-v1_official-runner,baseline-official-v3,v1.0.1-official-4c,PER,MUT,MUT,,mid,r0,2034,all_draw,historical_reduced_form_positive_total_revenue,5000,0.0489580626053402,0.0751036220065,0.0982116330908327,0.1249476328509669,0.169869661719262,1.0,True,1.0,0.0,True,0.0,0.0,0.8978904427257421,0.9017883669091672,0.0,0.0,0.947890442725742,0.9517883669091672,0.0,0.0,0.997890442725742,1.0017883669091674,0.0,0.0,1.147890442725742,1.1517883669091673,0.0,0.0,1.397890442725742,1.4017883669091673,0.0
official_4c_tierB_mc_baseline_official_v3,deterministic-engine-v1_official-runner,baseline-official-v3,v1.0.1-official-4c,PER,MUT,MUT,,mid,r0,2034,basic_valid,historical_reduced_form_positive_total_revenue,5000,0.0489580626053402,0.0751036220065,0.0982116330908327,0.1249476328509669,0.169869661719262,1.0,True,1.0,0.0,True,0.0,0.0,0.8978904427257421,0.9017883669091672,0.0,0.0,0.947890442725742,0.9517883669091672,0.0,0.0,0.997890442725742,1.0017883669091674,0.0,0.0,1.147890442725742,1.1517883669091673,0.0,0.0,1.397890442725742,1.4017883669091673,0.0
official_4c_tierB_mc_baseline_official_v3,deterministic-engine-v1_official-runner,baseline-official-v3,v1.0.1-official-4c,PER,MUT,MUT,,mid,r0,2034,support_valid,historical_reduced_form_positive_total_revenue,5000,0.0489580626053402,0.0751036220065,0.0982116330908327,0.1249476328509669,0.169869661719262,1.0,True,1.0,0.0,True,0.0,0.0,0.8978904427257421,0.9017883669091672,0.0,0.0,0.947890442725742,0.9517883669091672,0.0,0.0,0.997890442725742,1.0017883669091674,0.0,0.0,1.147890442725742,1.1517883669091673,0.0,0.0,1.397890442725742,1.4017883669091673,0.0
official_4c_tierB_mc_baseline_official_v3,deterministic-engine-v1_official-runner,baseline-official-v3,v1.0.1-official-4c,PER,MUT,MUT,,mid,r0,2034,all_draw,historical_reduced_form_mixture_total_revenue,5000,-0.1615994518236105,0.0489720502900043,0.086329231339808,0.1165326431980002,0.1632007143930201,0.7912,False,0.7912,0.0,True,0.0,0.0,0.9469073279549892,0.913670768660192,0.0,0.0,0.9969073279549894,0.963670768660192,0.0,0.0,1.0469073279549894,1.0136707686601922,0.0,0.0,1.196907327954989,1.163670768660192,0.0,0.0,1.446907327954989,1.413670768660192,0.0
official_4c_tierB_mc_baseline_official_v3,deterministic-engine-v1_official-runner,baseline-official-v3,v1.0.1-official-4c,PER,MUT,MUT,,mid,r0,2034,basic_valid,historical_reduced_form_mixture_total_revenue,5000,0.0487156431389113,0.0755238170372271,0.0981887660461115,0.1248007177425431,0.1690784681796751,0.7912,False,0.7912,0.0,True,0.0,0.0,0.8977904714451326,0.9018112339538884,0.0,0.0,0.9477904714451326,0.9518112339538884,0.0,0.0,0.9977904714451328,1.0018112339538885,0.0,0.0,1.1477904714451326,1.1518112339538884,0.0,0.0,1.3977904714451326,1.4018112339538884,0.0
official_4c_tierB_mc_baseline_official_v3,deterministic-engine-v1_official-runner,baseline-official-v3,v1.0.1-official-4c,PER,MUT,MUT,,mid,r0,2034,support_valid,historical_reduced_form_mixture_total_revenue,5000,0.0487156431389113,0.0755238170372271,0.0981887660461115,0.1248007177425431,0.1690784681796751,0.7912,False,0.7912,0.0,True,0.0,0.0,0.8977904714451326,0.9018112339538884,0.0,0.0,0.9477904714451326,0.9518112339538884,0.0,0.0,0.9977904714451328,1.0018112339538885,0.0,0.0,1.1477904714451326,1.1518112339538884,0.0,0.0,1.3977904714451326,1.4018112339538884,0.0
official_4c_tierB_mc_baseline_official_v3,deterministic-engine-v1_official-runner,baseline-official-v3,v1.0.1-official-4c,PER,PBI,PBI,,mid,r0,2034,all_draw,historical_reduced_form_positive_tax,5000,0.0281275963498886,0.0428959370156658,0.0555224077966731,0.0706900201881131,0.094404871007625,1.0,True,1.0,0.0,True,0.0,0.0,0.9421871817069066,0.9444775922033268,0.0,0.0,0.9921871817069068,0.9944775922033268,0.0,0.0,1.0421871817069068,1.044477592203327,0.0,0.0,1.1921871817069067,1.1944775922033268,0.0,0.0,1.4421871817069067,1.4444775922033268,0.0
official_4c_tierB_mc_baseline_official_v3,deterministic-engine-v1_official-runner,baseline-official-v3,v1.0.1-official-4c,PER,PBI,PBI,,mid,r0,2034,basic_valid,historical_reduced_form_positive_tax,5000,0.0281275963498886,0.0428959370156658,0.0555224077966731,0.0706900201881131,0.094404871007625,1.0,True,1.0,0.0,True,0.0,0.0,0.9421871817069066,0.9444775922033268,0.0,0.0,0.9921871817069068,0.9944775922033268,0.0,0.0,1.0421871817069068,1.044477592203327,0.0,0.0,1.1921871817069067,1.1944775922033268,0.0,0.0,1.4421871817069067,1.4444775922033268,0.0
official_4c_tierB_mc_baseline_official_v3,deterministic-engine-v1_official-runner,baseline-official-v3,v1.0.1-official-4c,PER,PBI,PBI,,mid,r0,2034,support_valid,historical_reduced_form_positive_tax,5000,0.0281275963498886,0.0428959370156658,0.0555224077966731,0.0706900201881131,0.094404871007625,1.0,True,1.0,0.0,True,0.0,0.0,0.9421871817069066,0.9444775922033268,0.0,0.0,0.9921871817069068,0.9944775922033268,0.0,0.0,1.0421871817069068,1.044477592203327,0.0,0.0,1.1921871817069067,1.1944775922033268,0.0,0.0,1.4421871817069067,1.4444775922033268,0.0
official_4c_tierB_mc_baseline_official_v3,deterministic-engine-v1_official-runner,baseline-official-v3,v1.0.1-official-4c,PER,PBI,PBI,,mid,r0,2034,all_draw,historical_reduced_form_mixture_tax,5000,-0.0725214708886128,0.0333684020450242,0.050554598408395,0.0672509010456846,0.0930047911528555,0.8366,False,0.8366,0.0,True,0.0,0.0,0.9620297987988496,0.949445401591605,0.0,0.0,1.0120297987988496,0.999445401591605,0.0,0.0,1.0620297987988496,1.049445401591605,0.0,0.0,1.2120297987988495,1.199445401591605,0.0,0.0,1.4620297987988495,1.449445401591605,0.0
official_4c_tierB_mc_baseline_official_v3,deterministic-engine-v1_official-runner,baseline-official-v3,v1.0.1-official-4c,PER,PBI,PBI,,mid,r0,2034,basic_valid,historical_reduced_form_mixture_tax,5000,0.0278121937087436,0.0426096827449639,0.0552342327355669,0.0704891913306554,0.0955296742076892,0.8366,False,0.8366,0.0,True,0.0,0.0,0.9421688312723492,0.9447657672644332,0.0,0.0,0.9921688312723492,0.9947657672644332,0.0,0.0,1.0421688312723494,1.0447657672644333,0.0,0.0,1.1921688312723493,1.1947657672644332,0.0,0.0,1.4421688312723493,1.4447657672644332,0.0
official_4c_tierB_mc_baseline_official_v3,deterministic-engine-v1_official-runner,baseline-official-v3,v1.0.1-official-4c,PER,PBI,PBI,,mid,r0,2034,support_valid,historical_reduced_form_mixture_tax,5000,0.0278121937087436,0.0426096827449639,0.0552342327355669,0.0704891913306554,0.0955296742076892,0.8366,False,0.8366,0.0,True,0.0,0.0,0.9421688312723492,0.9447657672644332,0.0,0.0,0.9921688312723492,0.9947657672644332,0.0,0.0,1.0421688312723494,1.0447657672644333,0.0,0.0,1.1921688312723493,1.1947657672644332,0.0,0.0,1.4421688312723493,1.4447657672644332,0.0
official_4c_tierB_mc_baseline_official_v3,deterministic-engine-v1_official-runner,baseline-official-v3,v1.0.1-official-4c,PER,PBI,PBI,,mid,r0,2034,all_draw,historical_reduced_form_positive_total_revenue,5000,0.0359254393374655,0.053794984182685,0.0689146086272539,0.0869250627365159,0.1169975928716094,1.0,True,1.0,0.0,True,0.0,0.0,0.9281946175216658,0.931085391372746,0.0,0.0,0.9781946175216656,0.981085391372746,0.0,0.0,1.0281946175216656,1.0310853913727462,0.0,0.0,1.1781946175216658,1.1810853913727462,0.0,0.0,1.4281946175216658,1.4310853913727462,0.0
official_4c_tierB_mc_baseline_official_v3,deterministic-engine-v1_official-runner,baseline-official-v3,v1.0.1-official-4c,PER,PBI,PBI,,mid,r0,2034,basic_valid,historical_reduced_form_positive_total_revenue,5000,0.0359254393374655,0.053794984182685,0.0689146086272539,0.0869250627365159,0.1169975928716094,1.0,True,1.0,0.0,True,0.0,0.0,0.9281946175216658,0.931085391372746,0.0,0.0,0.9781946175216656,0.981085391372746,0.0,0.0,1.0281946175216656,1.0310853913727462,0.0,0.0,1.1781946175216658,1.1810853913727462,0.0,0.0,1.4281946175216658,1.4310853913727462,0.0
official_4c_tierB_mc_baseline_official_v3,deterministic-engine-v1_official-runner,baseline-official-v3,v1.0.1-official-4c,PER,PBI,PBI,,mid,r0,2034,support_valid,historical_reduced_form_positive_total_revenue,5000,0.0359254393374655,0.053794984182685,0.0689146086272539,0.0869250627365159,0.1169975928716094,1.0,True,1.0,0.0,True,0.0,0.0,0.9281946175216658,0.931085391372746,0.0,0.0,0.9781946175216656,0.981085391372746,0.0,0.0,1.0281946175216656,1.0310853913727462,0.0,0.0,1.1781946175216658,1.1810853913727462,0.0,0.0,1.4281946175216658,1.4310853913727462,0.0
official_4c_tierB_mc_baseline_official_v3,deterministic-engine-v1_official-runner,baseline-official-v3,v1.0.1-official-4c,PER,PBI,PBI,,mid,r0,2034,all_draw,historical_reduced_form_mixture_total_revenue,5000,-0.1089120207098154,0.0321593124702513,0.0609577458586713,0.081575438199995,0.1136550651520219,0.7746,False,0.7746,0.0,True,0.0,0.0,0.9633141961374329,0.9390422541413286,0.0,0.0,1.0133141961374328,0.9890422541413286,0.0,0.0,1.0633141961374328,1.039042254141329,0.0,0.0,1.2133141961374327,1.1890422541413286,0.0,0.0,1.4633141961374327,1.4390422541413286,0.0
official_4c_tierB_mc_baseline_official_v3,deterministic-engine-v1_official-runner,baseline-official-v3,v1.0.1-official-4c,PER,PBI,PBI,,mid,r0,2034,basic_valid,historical_reduced_form_mixture_total_revenue,5000,0.0353618967394362,0.0540537445888792,0.0693684523555153,0.087948904828358,0.1177514932918536,0.7746,False,0.7746,0.0,True,0.0,0.0,0.9276912142168336,0.9306315476444846,0.0,0.0,0.9776912142168336,0.9806315476444848,0.0,0.0,1.0276912142168335,1.0306315476444847,0.0,0.0,1.1776912142168336,1.1806315476444846,0.0,0.0,1.4276912142168336,1.4306315476444846,0.0
official_4c_tierB_mc_baseline_official_v3,deterministic-engine-v1_official-runner,baseline-official-v3,v1.0.1-official-4c,PER,PBI,PBI,,mid,r0,2034,support_valid,historical_reduced_form_mixture_total_revenue,5000,0.0353618967394362,0.0540537445888792,0.0693684523555153,0.087948904828358,0.1177514932918536,0.7746,False,0.7746,0.0,True,0.0,0.0,0.9276912142168336,0.9306315476444846,0.0,0.0,0.9776912142168336,0.9806315476444848,0.0,0.0,1.0276912142168335,1.0306315476444847,0.0,0.0,1.1776912142168336,1.1806315476444846,0.0,0.0,1.4276912142168336,1.4306315476444846,0.0
official_4c_tierB_mc_baseline_official_v3,deterministic-engine-v1_official-runner,baseline-official-v3,v1.0.1-official-4c,PER,UBI,UBI,,mid,r0,2034,all_draw,historical_reduced_form_positive_tax,5000,0.0113681116340477,0.0166527976063796,0.021340482787561,0.0269224850588747,0.0362315270002933,1.0,True,1.0,0.0,True,0.0,0.0,0.9777559833646746,0.9786595172124388,0.0,0.0,1.0277559833646746,1.0286595172124389,0.0,0.0,1.0777559833646748,1.0786595172124391,0.0,0.0,1.2277559833646747,1.228659517212439,0.0,0.0,1.4777559833646747,1.478659517212439,0.0
official_4c_tierB_mc_baseline_official_v3,deterministic-engine-v1_official-runner,baseline-official-v3,v1.0.1-official-4c,PER,UBI,UBI,,mid,r0,2034,basic_valid,historical_reduced_form_positive_tax,5000,0.0113681116340477,0.0166527976063796,0.021340482787561,0.0269224850588747,0.0362315270002933,1.0,True,1.0,0.0,True,0.0,0.0,0.9777559833646746,0.9786595172124388,0.0,0.0,1.0277559833646746,1.0286595172124389,0.0,0.0,1.0777559833646748,1.0786595172124391,0.0,0.0,1.2277559833646747,1.228659517212439,0.0,0.0,1.4777559833646747,1.478659517212439,0.0
official_4c_tierB_mc_baseline_official_v3,deterministic-engine-v1_official-runner,baseline-official-v3,v1.0.1-official-4c,PER,UBI,UBI,,mid,r0,2034,support_valid,historical_reduced_form_positive_tax,5000,0.0113681116340477,0.0166527976063796,0.021340482787561,0.0269224850588747,0.0362315270002933,1.0,True,1.0,0.0,True,0.0,0.0,0.9777559833646746,0.9786595172124388,0.0,0.0,1.0277559833646746,1.0286595172124389,0.0,0.0,1.0777559833646748,1.0786595172124391,0.0,0.0,1.2277559833646747,1.228659517212439,0.0,0.0,1.4777559833646747,1.478659517212439,0.0
official_4c_tierB_mc_baseline_official_v3,deterministic-engine-v1_official-runner,baseline-official-v3,v1.0.1-official-4c,PER,UBI,UBI,,mid,r0,2034,all_draw,historical_reduced_form_mixture_tax,5000,-0.0267140521255431,0.0126902121640927,0.0193767644934151,0.0253795808148652,0.0355983969339729,0.8242,False,0.8242,0.0,True,0.0,0.0,0.9857025891023276,0.9806232355065848,0.0,0.0,1.0357025891023277,1.0306232355065847,0.0,0.0,1.085702589102328,1.080623235506585,0.0,0.0,1.2357025891023277,1.230623235506585,0.0,0.0,1.4857025891023277,1.480623235506585,0.0
official_4c_tierB_mc_baseline_official_v3,deterministic-engine-v1_official-runner,baseline-official-v3,v1.0.1-official-4c,PER,UBI,UBI,,mid,r0,2034,basic_valid,historical_reduced_form_mixture_tax,5000,0.0112028210317441,0.0166607244276934,0.0213697343145605,0.0267012199722264,0.0366856654850283,0.8242,False,0.8242,0.0,True,0.0,0.0,0.9777625903178596,0.9786302656854394,0.0,0.0,1.0277625903178595,1.0286302656854396,0.0,0.0,1.0777625903178598,1.0786302656854396,0.0,0.0,1.2277625903178595,1.2286302656854395,0.0,0.0,1.4777625903178595,1.4786302656854395,0.0
official_4c_tierB_mc_baseline_official_v3,deterministic-engine-v1_official-runner,baseline-official-v3,v1.0.1-official-4c,PER,UBI,UBI,,mid,r0,2034,support_valid,historical_reduced_form_mixture_tax,5000,0.0112028210317441,0.0166607244276934,0.0213697343145605,0.0267012199722264,0.0366856654850283,0.8242,False,0.8242,0.0,True,0.0,0.0,0.9777625903178596,0.9786302656854394,0.0,0.0,1.0277625903178595,1.0286302656854396,0.0,0.0,1.0777625903178598,1.0786302656854396,0.0,0.0,1.2277625903178595,1.2286302656854395,0.0,0.0,1.4777625903178595,1.4786302656854395,0.0
official_4c_tierB_mc_baseline_official_v3,deterministic-engine-v1_official-runner,baseline-official-v3,v1.0.1-official-4c,PER,UBI,UBI,,mid,r0,2034,all_draw,historical_reduced_form_positive_total_revenue,5000,0.0139440203737087,0.0209075206146153,0.0264804224412079,0.0330706113055648,0.0447896638896604,1.0,True,1.0,0.0,True,0.0,0.0,0.9724237217343378,0.973519577558792,0.0,0.0,1.022423721734338,1.0235195775587922,0.0,0.0,1.072423721734338,1.073519577558792,0.0,0.0,1.222423721734338,1.223519577558792,0.0,0.0,1.472423721734338,1.473519577558792,0.0
official_4c_tierB_mc_baseline_official_v3,deterministic-engine-v1_official-runner,baseline-official-v3,v1.0.1-official-4c,PER,UBI,UBI,,mid,r0,2034,basic_valid,historical_reduced_form_positive_total_revenue,5000,0.0139440203737087,0.0209075206146153,0.0264804224412079,0.0330706113055648,0.0447896638896604,1.0,True,1.0,0.0,True,0.0,0.0,0.9724237217343378,0.973519577558792,0.0,0.0,1.022423721734338,1.0235195775587922,0.0,0.0,1.072423721734338,1.073519577558792,0.0,0.0,1.222423721734338,1.223519577558792,0.0,0.0,1.472423721734338,1.473519577558792,0.0
official_4c_tierB_mc_baseline_official_v3,deterministic-engine-v1_official-runner,baseline-official-v3,v1.0.1-official-4c,PER,UBI,UBI,,mid,r0,2034,support_valid,historical_reduced_form_positive_total_revenue,5000,0.0139440203737087,0.0209075206146153,0.0264804224412079,0.0330706113055648,0.0447896638896604,1.0,True,1.0,0.0,True,0.0,0.0,0.9724237217343378,0.973519577558792,0.0,0.0,1.022423721734338,1.0235195775587922,0.0,0.0,1.072423721734338,1.073519577558792,0.0,0.0,1.222423721734338,1.223519577558792,0.0,0.0,1.472423721734338,1.473519577558792,0.0
official_4c_tierB_mc_baseline_official_v3,deterministic-engine-v1_official-runner,baseline-official-v3,v1.0.1-official-4c,PER,UBI,UBI,,mid,r0,2034,all_draw,historical_reduced_form_mixture_total_revenue,5000,-0.0395858370676637,0.0126745820920987,0.0231100755538669,0.0308523499717959,0.0429892637813438,0.7774,False,0.7774,0.0,True,0.0,0.0,0.9856545686877628,0.9768899244461332,0.0,0.0,1.0356545686877632,1.0268899244461331,0.0,0.0,1.085654568687763,1.0768899244461332,0.0,0.0,1.235654568687763,1.226889924446133,0.0,0.0,1.485654568687763,1.476889924446133,0.0
official_4c_tierB_mc_baseline_official_v3,deterministic-engine-v1_official-runner,baseline-official-v3,v1.0.1-official-4c,PER,UBI,UBI,,mid,r0,2034,basic_valid,historical_reduced_form_mixture_total_revenue,5000,0.0138133625482494,0.0207502775370704,0.0261724815438359,0.0334196238230037,0.0447107003694263,0.7774,False,0.7774,0.0,True,0.0,0.0,0.9725529746256208,0.973827518456164,0.0,0.0,1.0225529746256208,1.023827518456164,0.0,0.0,1.0725529746256208,1.073827518456164,0.0,0.0,1.2225529746256203,1.223827518456164,0.0,0.0,1.4725529746256203,1.473827518456164,0.0
official_4c_tierB_mc_baseline_official_v3,deterministic-engine-v1_official-runner,baseline-official-v3,v1.0.1-official-4c,PER,UBI,UBI,,mid,r0,2034,support_valid,historical_reduced_form_mixture_total_revenue,5000,0.0138133625482494,0.0207502775370704,0.0261724815438359,0.0334196238230037,0.0447107003694263,0.7774,False,0.7774,0.0,True,0.0,0.0,0.9725529746256208,0.973827518456164,0.0,0.0,1.0225529746256208,1.023827518456164,0.0,0.0,1.0725529746256208,1.073827518456164,0.0,0.0,1.2225529746256203,1.223827518456164,0.0,0.0,1.4725529746256203,1.473827518456164,0.0
official_4c_tierB_mc_baseline_official_v3,deterministic-engine-v1_official-runner,baseline-official-v3,v1.0.1-official-4c,PER,PEN,PEN,,high,r0,2034,all_draw,historical_reduced_form_positive_tax,5000,0.1587818005046146,0.3607106972012088,0.5412462521173156,0.737400047440218,1.0728031332788968,1.0,True,1.0,0.0436,True,0.0744,0.0,0.481950001478368,0.4842765170678367,0.0568,0.0,0.5225382579670069,0.5280661847911297,0.0436,0.0,0.5649893729301115,0.5741081939822655,0.019,0.0,0.6992084901852684,0.715664314575078,0.0032,0.0,0.9367010239803952,0.9600399489373668,0.0744
official_4c_tierB_mc_baseline_official_v3,deterministic-engine-v1_official-runner,baseline-official-v3,v1.0.1-official-4c,PER,PEN,PEN,,high,r0,2034,basic_valid,historical_reduced_form_positive_tax,5000,0.1587818005046146,0.3607106972012088,0.5412462521173156,0.737400047440218,1.0728031332788968,1.0,True,1.0,0.0436,True,0.0744,0.0,0.481950001478368,0.4842765170678367,0.0568,0.0,0.5225382579670069,0.5280661847911297,0.0436,0.0,0.5649893729301115,0.5741081939822655,0.019,0.0,0.6992084901852684,0.715664314575078,0.0032,0.0,0.9367010239803952,0.9600399489373668,0.0744
official_4c_tierB_mc_baseline_official_v3,deterministic-engine-v1_official-runner,baseline-official-v3,v1.0.1-official-4c,PER,PEN,PEN,,high,r0,2034,support_valid,historical_reduced_form_positive_tax,5000,0.1587818005046146,0.3607106972012088,0.5412462521173156,0.737400047440218,1.0728031332788968,1.0,True,1.0,0.0436,True,0.0744,0.0,0.481950001478368,0.4842765170678367,0.0568,0.0,0.5225382579670069,0.5280661847911297,0.0436,0.0,0.5649893729301115,0.5741081939822655,0.019,0.0,0.6992084901852684,0.715664314575078,0.0032,0.0,0.9367010239803952,0.9600399489373668,0.0744
official_4c_tierB_mc_baseline_official_v3,deterministic-engine-v1_official-runner,baseline-official-v3,v1.0.1-official-4c,PER,PEN,PEN,,high,r0,2034,all_draw,historical_reduced_form_mixture_tax,5000,-1.1293367781797663,0.2129752467953116,0.4542241266853639,0.6830818186300053,1.0196466390797023,0.8192,False,0.8192,0.033,True,0.057,0.0,0.7731669303178051,0.5729913891864097,0.0434,0.0,0.8119123696993558,0.6151578408279126,0.033,0.0,0.8528944191148379,0.659403045098591,0.0154,0.0,0.9866221377193604,0.8014350886432104,0.0042,0.0,1.2245648730484546,1.0470145074160986,0.057
official_4c_tierB_mc_baseline_official_v3,deterministic-engine-v1_official-runner,baseline-official-v3,v1.0.1-official-4c,PER,PEN,PEN,,high,r0,2034,basic_valid,historical_reduced_form_mixture_tax,5000,0.1635200952734443,0.356442517831868,0.5324903783532362,0.734379851707139,1.0649240851557948,0.8192,False,0.8192,0.033,True,0.069580078125,0.0,0.4841280714375118,0.493407856527835,0.052978515625,0.0,0.5253175736199857,0.5387833081334777,0.040283203125,0.0,0.5680169219588266,0.5842474823948934,0.018798828125,0.0,0.7043221666564611,0.7253221019588191,0.005126953125,0.0,0.943469572198322,0.9691497740238568,0.069580078125
official_4c_tierB_mc_baseline_official_v3,deterministic-engine-v1_official-runner,baseline-official-v3,v1.0.1-official-4c,PER,PEN,PEN,,high,r0,2034,support_valid,historical_reduced_form_mixture_tax,5000,0.1635200952734443,0.356442517831868,0.5324903783532362,0.734379851707139,1.0649240851557948,0.8192,False,0.8192,0.033,True,0.069580078125,0.0,0.4841280714375118,0.493407856527835,0.052978515625,0.0,0.5253175736199857,0.5387833081334777,0.040283203125,0.0,0.5680169219588266,0.5842474823948934,0.018798828125,0.0,0.7043221666564611,0.7253221019588191,0.005126953125,0.0,0.943469572198322,0.9691497740238568,0.069580078125
official_4c_tierB_mc_baseline_official_v3,deterministic-engine-v1_official-runner,baseline-official-v3,v1.0.1-official-4c,PER,PEN,PEN,,high,r0,2034,all_draw,historical_reduced_form_positive_total_revenue,5000,0.2465986319340756,0.4940312293465855,0.7100372869127254,0.965069942292642,1.3727097503666297,1.0,True,1.0,0.1584,True,0.2224,0.0004,0.3932543874322411,0.3846008090332279,0.1852,0.0004,0.4241224752852042,0.4190126082965895,0.1584,0.0002,0.4598716637590959,0.4559546714283065,0.0886,0.0,0.5695739264427365,0.5802583495108357,0.0294,0.0,0.7787962393735934,0.8039081037909153,0.2224
official_4c_tierB_mc_baseline_official_v3,deterministic-engine-v1_official-runner,baseline-official-v3,v1.0.1-official-4c,PER,PEN,PEN,,high,r0,2034,basic_valid,historical_reduced_form_positive_total_revenue,5000,0.2465986319340756,0.4940312293465855,0.7100372869127254,0.965069942292642,1.3727097503666297,1.0,True,1.0,0.1584,True,0.2224,0.0004,0.3932543874322411,0.3846008090332279,0.1852,0.0004,0.4241224752852042,0.4190126082965895,0.1584,0.0002,0.4598716637590959,0.4559546714283065,0.0886,0.0,0.5695739264427365,0.5802583495108357,0.0294,0.0,0.7787962393735934,0.8039081037909153,0.2224
official_4c_tierB_mc_baseline_official_v3,deterministic-engine-v1_official-runner,baseline-official-v3,v1.0.1-official-4c,PER,PEN,PEN,,high,r0,2034,support_valid,historical_reduced_form_positive_total_revenue,5000,0.2465986319340756,0.4940312293465855,0.7100372869127254,0.965069942292642,1.3727097503666297,1.0,True,1.0,0.1584,True,0.2224,0.0004,0.3932543874322411,0.3846008090332279,0.1852,0.0004,0.4241224752852042,0.4190126082965895,0.1584,0.0002,0.4598716637590959,0.4559546714283065,0.0886,0.0,0.5695739264427365,0.5802583495108357,0.0294,0.0,0.7787962393735934,0.8039081037909153,0.2224
official_4c_tierB_mc_baseline_official_v3,deterministic-engine-v1_official-runner,baseline-official-v3,v1.0.1-official-4c,PER,PEN,PEN,,high,r0,2034,all_draw,historical_reduced_form_mixture_total_revenue,5000,-1.6131782373422836,0.236626537852086,0.5923285183230559,0.8740308073229484,1.3028235122614604,0.7824,False,0.7824,0.1158,True,0.1626,0.0004,0.8879985186151543,0.500857126241091,0.1376,0.0004,0.9115419577099116,0.5355829295777081,0.1158,0.0004,0.9384530473225208,0.5727091765671156,0.0612,0.0,1.02976023619263,0.6929030039930173,0.0214,0.0,1.233406323045696,0.9195253690677312,0.1626
official_4c_tierB_mc_baseline_official_v3,deterministic-engine-v1_official-runner,baseline-official-v3,v1.0.1-official-4c,PER,PEN,PEN,,high,r0,2034,basic_valid,historical_reduced_form_mixture_total_revenue,5000,0.2568053274515861,0.4913558598545479,0.7038972530795102,0.9522836121148464,1.363680967840986,0.7824,False,0.7824,0.1158,True,0.2078220858895705,0.0005112474437627,0.3893185023790603,0.3767660452838279,0.1758691206543967,0.0005112474437627,0.4232683508300852,0.4169854193485172,0.1480061349693251,0.0005112474437627,0.4586106101541916,0.454857412689393,0.0782208588957055,0.0,0.5685365474540379,0.576442027611994,0.0273517382413087,0.0,0.7830500341901832,0.8064855573758571,0.2078220858895705
official_4c_tierB_mc_baseline_official_v3,deterministic-engine-v1_official-runner,baseline-official-v3,v1.0.1-official-4c,PER,PEN,PEN,,high,r0,2034,support_valid,historical_reduced_form_mixture_total_revenue,5000,0.2568053274515861,0.4913558598545479,0.7038972530795102,0.9522836121148464,1.363680967840986,0.7824,False,0.7824,0.1158,True,0.2078220858895705,0.0005112474437627,0.3893185023790603,0.3767660452838279,0.1758691206543967,0.0005112474437627,0.4232683508300852,0.4169854193485172,0.1480061349693251,0.0005112474437627,0.4586106101541916,0.454857412689393,0.0782208588957055,0.0,0.5685365474540379,0.576442027611994,0.0273517382413087,0.0,0.7830500341901832,0.8064855573758571,0.2078220858895705
official_4c_tierB_mc_baseline_official_v3,deterministic-engine-v1_official-runner,baseline-official-v3,v1.0.1-official-4c,PER,GMI,GMI:GMI_ideal_aggregate,GMI_ideal_aggregate,high,r0,2034,all_draw,historical_reduced_form_positive_tax,5000,-0.0357597805387456,0.0036272723374524,0.037616495823496,0.0784524985278747,0.1520691577499408,1.0,True,1.0,0.0,True,0.0,0.0,0.954957419308335,0.962383504176504,0.0,0.0,1.0049574193083353,1.012383504176504,0.0,0.0,1.0549574193083353,1.0623835041765042,0.0,0.0,1.204957419308335,1.212383504176504,0.0,0.0,1.454957419308335,1.462383504176504,0.0
official_4c_tierB_mc_baseline_official_v3,deterministic-engine-v1_official-runner,baseline-official-v3,v1.0.1-official-4c,PER,GMI,GMI:GMI_ideal_aggregate,GMI_ideal_aggregate,high,r0,2034,basic_valid,historical_reduced_form_positive_tax,5000,-0.0357597805387456,0.0036272723374524,0.037616495823496,0.0784524985278747,0.1520691577499408,1.0,True,1.0,0.0,True,0.0,0.0,0.954957419308335,0.962383504176504,0.0,0.0,1.0049574193083353,1.012383504176504,0.0,0.0,1.0549574193083353,1.0623835041765042,0.0,0.0,1.204957419308335,1.212383504176504,0.0,0.0,1.454957419308335,1.462383504176504,0.0
official_4c_tierB_mc_baseline_official_v3,deterministic-engine-v1_official-runner,baseline-official-v3,v1.0.1-official-4c,PER,GMI,GMI:GMI_ideal_aggregate,GMI_ideal_aggregate,high,r0,2034,support_valid,historical_reduced_form_positive_tax,5000,-0.0357597805387456,0.0036272723374524,0.037616495823496,0.0784524985278747,0.1520691577499408,1.0,True,1.0,0.0,True,0.0,0.0,0.954957419308335,0.962383504176504,0.0,0.0,1.0049574193083353,1.012383504176504,0.0,0.0,1.0549574193083353,1.0623835041765042,0.0,0.0,1.204957419308335,1.212383504176504,0.0,0.0,1.454957419308335,1.462383504176504,0.0
official_4c_tierB_mc_baseline_official_v3,deterministic-engine-v1_official-runner,baseline-official-v3,v1.0.1-official-4c,PER,GMI,GMI:GMI_ideal_aggregate,GMI_ideal_aggregate,high,r0,2034,all_draw,historical_reduced_form_mixture_tax,5000,-0.2934971067416425,-0.0246885420282763,0.0230451570564,0.0680397709516577,0.1394386078132951,0.8282,False,0.8282,0.0,True,0.0,0.0,1.009832808300959,0.9769548429436,0.0,0.0,1.0598328083009587,1.0269548429436002,0.0,0.0,1.1098328083009588,1.0769548429436,0.0,0.0,1.259832808300959,1.2269548429436,0.0,0.0,1.509832808300959,1.4769548429436,0.0
official_4c_tierB_mc_baseline_official_v3,deterministic-engine-v1_official-runner,baseline-official-v3,v1.0.1-official-4c,PER,GMI,GMI:GMI_ideal_aggregate,GMI_ideal_aggregate,high,r0,2034,basic_valid,historical_reduced_form_mixture_tax,5000,-0.0372400620909637,0.0023964750701592,0.0381627104697656,0.0774046750718292,0.1472802964137056,0.8282,False,0.8282,0.0,True,0.0,0.0,0.9562050884887374,0.9618372895302344,0.0,0.0,1.0062050884887372,1.0118372895302343,0.0,0.0,1.0562050884887375,1.0618372895302344,0.0,0.0,1.2062050884887372,1.2118372895302345,0.0,0.0,1.4562050884887372,1.4618372895302345,0.0
official_4c_tierB_mc_baseline_official_v3,deterministic-engine-v1_official-runner,baseline-official-v3,v1.0.1-official-4c,PER,GMI,GMI:GMI_ideal_aggregate,GMI_ideal_aggregate,high,r0,2034,support_valid,historical_reduced_form_mixture_tax,5000,-0.0372400620909637,0.0023964750701592,0.0381627104697656,0.0774046750718292,0.1472802964137056,0.8282,False,0.8282,0.0,True,0.0,0.0,0.9562050884887374,0.9618372895302344,0.0,0.0,1.0062050884887372,1.0118372895302343,0.0,0.0,1.0562050884887375,1.0618372895302344,0.0,0.0,1.2062050884887372,1.2118372895302345,0.0,0.0,1.4562050884887372,1.4618372895302345,0.0
official_4c_tierB_mc_baseline_official_v3,deterministic-engine-v1_official-runner,baseline-official-v3,v1.0.1-official-4c,PER,GMI,GMI:GMI_ideal_aggregate,GMI_ideal_aggregate,high,r0,2034,all_draw,historical_reduced_form_positive_total_revenue,5000,-0.0162446592496391,0.0289428029242298,0.0735984671863145,0.1239012296292092,0.210684035989426,1.0,True,1.0,0.0,True,0.0,0.0,0.9180439274996374,0.9264015328136854,0.0,0.0,0.9680439274996372,0.9764015328136856,0.0,0.0,1.0180439274996376,1.0264015328136855,0.0,0.0,1.1680439274996373,1.1764015328136854,0.0,0.0,1.4180439274996373,1.4264015328136854,0.0
official_4c_tierB_mc_baseline_official_v3,deterministic-engine-v1_official-runner,baseline-official-v3,v1.0.1-official-4c,PER,GMI,GMI:GMI_ideal_aggregate,GMI_ideal_aggregate,high,r0,2034,basic_valid,historical_reduced_form_positive_total_revenue,5000,-0.0162446592496391,0.0289428029242298,0.0735984671863145,0.1239012296292092,0.210684035989426,1.0,True,1.0,0.0,True,0.0,0.0,0.9180439274996374,0.9264015328136854,0.0,0.0,0.9680439274996372,0.9764015328136856,0.0,0.0,1.0180439274996376,1.0264015328136855,0.0,0.0,1.1680439274996373,1.1764015328136854,0.0,0.0,1.4180439274996373,1.4264015328136854,0.0
official_4c_tierB_mc_baseline_official_v3,deterministic-engine-v1_official-runner,baseline-official-v3,v1.0.1-official-4c,PER,GMI,GMI:GMI_ideal_aggregate,GMI_ideal_aggregate,high,r0,2034,support_valid,historical_reduced_form_positive_total_revenue,5000,-0.0162446592496391,0.0289428029242298,0.0735984671863145,0.1239012296292092,0.210684035989426,1.0,True,1.0,0.0,True,0.0,0.0,0.9180439274996374,0.9264015328136854,0.0,0.0,0.9680439274996372,0.9764015328136856,0.0,0.0,1.0180439274996376,1.0264015328136855,0.0,0.0,1.1680439274996373,1.1764015328136854,0.0,0.0,1.4180439274996373,1.4264015328136854,0.0
official_4c_tierB_mc_baseline_official_v3,deterministic-engine-v1_official-runner,baseline-official-v3,v1.0.1-official-4c,PER,GMI,GMI:GMI_ideal_aggregate,GMI_ideal_aggregate,high,r0,2034,all_draw,historical_reduced_form_mixture_total_revenue,5000,-0.3777052148950104,-0.0200575511991256,0.0494114686628944,0.1082708140111689,0.1933919461336321,0.7848,False,0.7848,0.0,True,0.0,0.0,1.0060661879084647,0.9505885313371054,0.0,0.0,1.0560661879084647,1.0005885313371057,0.0,0.0,1.1060661879084648,1.0505885313371055,0.0,0.0,1.2560661879084647,1.2005885313371056,0.0,0.0,1.5060661879084647,1.4505885313371056,0.0
official_4c_tierB_mc_baseline_official_v3,deterministic-engine-v1_official-runner,baseline-official-v3,v1.0.1-official-4c,PER,GMI,GMI:GMI_ideal_aggregate,GMI_ideal_aggregate,high,r0,2034,basic_valid,historical_reduced_form_mixture_total_revenue,5000,-0.018286190137165,0.0294534775340079,0.0737919908959069,0.1217342206097503,0.2044967562506555,0.7848,False,0.7848,0.0,True,0.0,0.0,0.9191331917937402,0.9262080091040932,0.0,0.0,0.9691331917937404,0.9762080091040932,0.0,0.0,1.0191331917937403,1.026208009104093,0.0,0.0,1.1691331917937404,1.176208009104093,0.0,0.0,1.4191331917937404,1.426208009104093,0.0
official_4c_tierB_mc_baseline_official_v3,deterministic-engine-v1_official-runner,baseline-official-v3,v1.0.1-official-4c,PER,GMI,GMI:GMI_ideal_aggregate,GMI_ideal_aggregate,high,r0,2034,support_valid,historical_reduced_form_mixture_total_revenue,5000,-0.018286190137165,0.0294534775340079,0.0737919908959069,0.1217342206097503,0.2044967562506555,0.7848,False,0.7848,0.0,True,0.0,0.0,0.9191331917937402,0.9262080091040932,0.0,0.0,0.9691331917937404,0.9762080091040932,0.0,0.0,1.0191331917937403,1.026208009104093,0.0,0.0,1.1691331917937404,1.176208009104093,0.0,0.0,1.4191331917937404,1.426208009104093,0.0
official_4c_tierB_mc_baseline_official_v3,deterministic-engine-v1_official-runner,baseline-official-v3,v1.0.1-official-4c,PER,GMI,GMI:GMI_loaded_aggregate,GMI_loaded_aggregate,high,r0,2034,all_draw,historical_reduced_form_positive_tax,5000,-0.0235562609091686,0.0022800062506078,0.0243394361924644,0.0524275472136117,0.0973272800853454,1.0,True,1.0,0.0,True,0.0,0.0,0.9706200680376724,0.9756605638075356,0.0,0.0,1.0206200680376725,1.0256605638075356,0.0,0.0,1.0706200680376723,1.0756605638075358,0.0,0.0,1.2206200680376726,1.2256605638075355,0.0,0.0,1.4706200680376724,1.4756605638075355,0.0
official_4c_tierB_mc_baseline_official_v3,deterministic-engine-v1_official-runner,baseline-official-v3,v1.0.1-official-4c,PER,GMI,GMI:GMI_loaded_aggregate,GMI_loaded_aggregate,high,r0,2034,basic_valid,historical_reduced_form_positive_tax,5000,-0.0235562609091686,0.0022800062506078,0.0243394361924644,0.0524275472136117,0.0973272800853454,1.0,True,1.0,0.0,True,0.0,0.0,0.9706200680376724,0.9756605638075356,0.0,0.0,1.0206200680376725,1.0256605638075356,0.0,0.0,1.0706200680376723,1.0756605638075358,0.0,0.0,1.2206200680376726,1.2256605638075355,0.0,0.0,1.4706200680376724,1.4756605638075355,0.0
official_4c_tierB_mc_baseline_official_v3,deterministic-engine-v1_official-runner,baseline-official-v3,v1.0.1-official-4c,PER,GMI,GMI:GMI_loaded_aggregate,GMI_loaded_aggregate,high,r0,2034,support_valid,historical_reduced_form_positive_tax,5000,-0.0235562609091686,0.0022800062506078,0.0243394361924644,0.0524275472136117,0.0973272800853454,1.0,True,1.0,0.0,True,0.0,0.0,0.9706200680376724,0.9756605638075356,0.0,0.0,1.0206200680376725,1.0256605638075356,0.0,0.0,1.0706200680376723,1.0756605638075358,0.0,0.0,1.2206200680376726,1.2256605638075355,0.0,0.0,1.4706200680376724,1.4756605638075355,0.0
official_4c_tierB_mc_baseline_official_v3,deterministic-engine-v1_official-runner,baseline-official-v3,v1.0.1-official-4c,PER,GMI,GMI:GMI_loaded_aggregate,GMI_loaded_aggregate,high,r0,2034,all_draw,historical_reduced_form_mixture_tax,5000,-0.1940423440340857,-0.017269811812307,0.0158700122513538,0.0456810089623396,0.094823902115146,0.8274,False,0.8274,0.0,True,0.0,0.0,1.005998519224387,0.984129987748646,0.0,0.0,1.055998519224387,1.034129987748646,0.0,0.0,1.1059985192243873,1.0841299877486463,0.0,0.0,1.255998519224387,1.2341299877486462,0.0,0.0,1.505998519224387,1.4841299877486462,0.0
official_4c_tierB_mc_baseline_official_v3,deterministic-engine-v1_official-runner,baseline-official-v3,v1.0.1-official-4c,PER,GMI,GMI:GMI_loaded_aggregate,GMI_loaded_aggregate,high,r0,2034,basic_valid,historical_reduced_form_mixture_tax,5000,-0.0254174078455487,0.0023784527526779,0.0253258602963263,0.0528188711876305,0.099272849461509,0.8274,False,0.8274,0.0,True,0.0,0.0,0.9701568046777976,0.9746741397036736,0.0,0.0,1.0201568046777978,1.0246741397036736,0.0,0.0,1.0701568046777978,1.0746741397036736,0.0,0.0,1.2201568046777975,1.2246741397036736,0.0,0.0,1.4701568046777975,1.4746741397036736,0.0
official_4c_tierB_mc_baseline_official_v3,deterministic-engine-v1_official-runner,baseline-official-v3,v1.0.1-official-4c,PER,GMI,GMI:GMI_loaded_aggregate,GMI_loaded_aggregate,high,r0,2034,support_valid,historical_reduced_form_mixture_tax,5000,-0.0254174078455487,0.0023784527526779,0.0253258602963263,0.0528188711876305,0.099272849461509,0.8274,False,0.8274,0.0,True,0.0,0.0,0.9701568046777976,0.9746741397036736,0.0,0.0,1.0201568046777978,1.0246741397036736,0.0,0.0,1.0701568046777978,1.0746741397036736,0.0,0.0,1.2201568046777975,1.2246741397036736,0.0,0.0,1.4701568046777975,1.4746741397036736,0.0
official_4c_tierB_mc_baseline_official_v3,deterministic-engine-v1_official-runner,baseline-official-v3,v1.0.1-official-4c,PER,GMI,GMI:GMI_loaded_aggregate,GMI_loaded_aggregate,high,r0,2034,all_draw,historical_reduced_form_positive_total_revenue,5000,-0.0134981685585037,0.0197916868898094,0.0487009199373201,0.0818717973804398,0.1390437589042006,1.0,True,1.0,0.0,True,0.0,0.0,0.9461282906323694,0.95129908006268,0.0,0.0,0.9961282906323692,1.00129908006268,0.0,0.0,1.0461282906323697,1.0512990800626798,0.0,0.0,1.1961282906323694,1.2012990800626795,0.0,0.0,1.4461282906323694,1.4512990800626795,0.0
official_4c_tierB_mc_baseline_official_v3,deterministic-engine-v1_official-runner,baseline-official-v3,v1.0.1-official-4c,PER,GMI,GMI:GMI_loaded_aggregate,GMI_loaded_aggregate,high,r0,2034,basic_valid,historical_reduced_form_positive_total_revenue,5000,-0.0134981685585037,0.0197916868898094,0.0487009199373201,0.0818717973804398,0.1390437589042006,1.0,True,1.0,0.0,True,0.0,0.0,0.9461282906323694,0.95129908006268,0.0,0.0,0.9961282906323692,1.00129908006268,0.0,0.0,1.0461282906323697,1.0512990800626798,0.0,0.0,1.1961282906323694,1.2012990800626795,0.0,0.0,1.4461282906323694,1.4512990800626795,0.0
official_4c_tierB_mc_baseline_official_v3,deterministic-engine-v1_official-runner,baseline-official-v3,v1.0.1-official-4c,PER,GMI,GMI:GMI_loaded_aggregate,GMI_loaded_aggregate,high,r0,2034,support_valid,historical_reduced_form_positive_total_revenue,5000,-0.0134981685585037,0.0197916868898094,0.0487009199373201,0.0818717973804398,0.1390437589042006,1.0,True,1.0,0.0,True,0.0,0.0,0.9461282906323694,0.95129908006268,0.0,0.0,0.9961282906323692,1.00129908006268,0.0,0.0,1.0461282906323697,1.0512990800626798,0.0,0.0,1.1961282906323694,1.2012990800626795,0.0,0.0,1.4461282906323694,1.4512990800626795,0.0
official_4c_tierB_mc_baseline_official_v3,deterministic-engine-v1_official-runner,baseline-official-v3,v1.0.1-official-4c,PER,GMI,GMI:GMI_loaded_aggregate,GMI_loaded_aggregate,high,r0,2034,all_draw,historical_reduced_form_mixture_total_revenue,5000,-0.2532863281784876,-0.0213784045816513,0.0319879530597082,0.0714156093840477,0.132677353911137,0.7682,False,0.7682,0.0,True,0.0,0.0,1.007605929114483,0.9680120469402916,0.0,0.0,1.057605929114483,1.0180120469402918,0.0,0.0,1.1076059291144829,1.0680120469402918,0.0,0.0,1.257605929114483,1.2180120469402915,0.0,0.0,1.507605929114483,1.4680120469402915,0.0
official_4c_tierB_mc_baseline_official_v3,deterministic-engine-v1_official-runner,baseline-official-v3,v1.0.1-official-4c,PER,GMI,GMI:GMI_loaded_aggregate,GMI_loaded_aggregate,high,r0,2034,basic_valid,historical_reduced_form_mixture_total_revenue,5000,-0.0121318016045977,0.0196680695657499,0.0495901827514634,0.0828950232940346,0.1409965147886086,0.7682,False,0.7682,0.0,True,0.0,0.0,0.9454192398532716,0.9504098172485363,0.0,0.0,0.9954192398532716,1.0004098172485365,0.0,0.0,1.0454192398532711,1.0504098172485363,0.0,0.0,1.1954192398532713,1.2004098172485365,0.0,0.0,1.4454192398532713,1.4504098172485365,0.0
official_4c_tierB_mc_baseline_official_v3,deterministic-engine-v1_official-runner,baseline-official-v3,v1.0.1-official-4c,PER,GMI,GMI:GMI_loaded_aggregate,GMI_loaded_aggregate,high,r0,2034,support_valid,historical_reduced_form_mixture_total_revenue,5000,-0.0121318016045977,0.0196680695657499,0.0495901827514634,0.0828950232940346,0.1409965147886086,0.7682,False,0.7682,0.0,True,0.0,0.0,0.9454192398532716,0.9504098172485363,0.0,0.0,0.9954192398532716,1.0004098172485365,0.0,0.0,1.0454192398532711,1.0504098172485363,0.0,0.0,1.1954192398532713,1.2004098172485365,0.0,0.0,1.4454192398532713,1.4504098172485365,0.0
official_4c_tierB_mc_baseline_official_v3,deterministic-engine-v1_official-runner,baseline-official-v3,v1.0.1-official-4c,PER,MUT,MUT,,high,r0,2034,all_draw,historical_reduced_form_positive_tax,5000,0.0276837042553666,0.0478659048975241,0.06671851285052,0.0878705729453125,0.1252163598356808,1.0,True,1.0,0.0,True,0.0,0.0,0.9298516575520076,0.93328148714948,0.0,0.0,0.9798516575520076,0.9832814871494802,0.0,0.0,1.0298516575520076,1.03328148714948,0.0,0.0,1.1798516575520075,1.18328148714948,0.0,0.0,1.4298516575520075,1.43328148714948,0.0
official_4c_tierB_mc_baseline_official_v3,deterministic-engine-v1_official-runner,baseline-official-v3,v1.0.1-official-4c,PER,MUT,MUT,,high,r0,2034,basic_valid,historical_reduced_form_positive_tax,5000,0.0276837042553666,0.0478659048975241,0.06671851285052,0.0878705729453125,0.1252163598356808,1.0,True,1.0,0.0,True,0.0,0.0,0.9298516575520076,0.93328148714948,0.0,0.0,0.9798516575520076,0.9832814871494802,0.0,0.0,1.0298516575520076,1.03328148714948,0.0,0.0,1.1798516575520075,1.18328148714948,0.0,0.0,1.4298516575520075,1.43328148714948,0.0
official_4c_tierB_mc_baseline_official_v3,deterministic-engine-v1_official-runner,baseline-official-v3,v1.0.1-official-4c,PER,MUT,MUT,,high,r0,2034,support_valid,historical_reduced_form_positive_tax,5000,0.0276837042553666,0.0478659048975241,0.06671851285052,0.0878705729453125,0.1252163598356808,1.0,True,1.0,0.0,True,0.0,0.0,0.9298516575520076,0.93328148714948,0.0,0.0,0.9798516575520076,0.9832814871494802,0.0,0.0,1.0298516575520076,1.03328148714948,0.0,0.0,1.1798516575520075,1.18328148714948,0.0,0.0,1.4298516575520075,1.43328148714948,0.0
official_4c_tierB_mc_baseline_official_v3,deterministic-engine-v1_official-runner,baseline-official-v3,v1.0.1-official-4c,PER,MUT,MUT,,high,r0,2034,all_draw,historical_reduced_form_mixture_tax,5000,-0.1061892192542887,0.0325558090424762,0.0582403768969883,0.0824822449135903,0.1196029776285887,0.8126,False,0.8126,0.0,True,0.0,0.0,0.9604950564223568,0.9417596231030116,0.0,0.0,1.0104950564223572,0.9917596231030116,0.0,0.0,1.060495056422357,1.0417596231030115,0.0,0.0,1.2104950564223569,1.1917596231030116,0.0,0.0,1.4604950564223569,1.4417596231030116,0.0
official_4c_tierB_mc_baseline_official_v3,deterministic-engine-v1_official-runner,baseline-official-v3,v1.0.1-official-4c,PER,MUT,MUT,,high,r0,2034,basic_valid,historical_reduced_form_mixture_tax,5000,0.0284314629599516,0.0484774733964489,0.0662222395742136,0.0876824325111824,0.1239470603707622,0.8126,False,0.8126,0.0,True,0.0,0.0,0.93019112774742,0.9337777604257864,0.0,0.0,0.9801911277474198,0.9837777604257864,0.0,0.0,1.03019112774742,1.0337777604257865,0.0,0.0,1.18019112774742,1.1837777604257864,0.0,0.0,1.43019112774742,1.4337777604257864,0.0
official_4c_tierB_mc_baseline_official_v3,deterministic-engine-v1_official-runner,baseline-official-v3,v1.0.1-official-4c,PER,MUT,MUT,,high,r0,2034,support_valid,historical_reduced_form_mixture_tax,5000,0.0284314629599516,0.0484774733964489,0.0662222395742136,0.0876824325111824,0.1239470603707622,0.8126,False,0.8126,0.0,True,0.0,0.0,0.93019112774742,0.9337777604257864,0.0,0.0,0.9801911277474198,0.9837777604257864,0.0,0.0,1.03019112774742,1.0337777604257865,0.0,0.0,1.18019112774742,1.1837777604257864,0.0,0.0,1.43019112774742,1.4337777604257864,0.0
official_4c_tierB_mc_baseline_official_v3,deterministic-engine-v1_official-runner,baseline-official-v3,v1.0.1-official-4c,PER,MUT,MUT,,high,r0,2034,all_draw,historical_reduced_form_positive_total_revenue,5000,0.0381837054011176,0.0630622993079905,0.0852696923015289,0.1105833831463738,0.1559636744442853,1.0,True,1.0,0.0,True,0.0,0.0,0.9107173551401858,0.914730307698471,0.0,0.0,0.960717355140186,0.964730307698471,0.0,0.0,1.0107173551401858,1.0147303076984713,0.0,0.0,1.160717355140186,1.1647303076984712,0.0,0.0,1.410717355140186,1.4147303076984712,0.0
official_4c_tierB_mc_baseline_official_v3,deterministic-engine-v1_official-runner,baseline-official-v3,v1.0.1-official-4c,PER,MUT,MUT,,high,r0,2034,basic_valid,historical_reduced_form_positive_total_revenue,5000,0.0381837054011176,0.0630622993079905,0.0852696923015289,0.1105833831463738,0.1559636744442853,1.0,True,1.0,0.0,True,0.0,0.0,0.9107173551401858,0.914730307698471,0.0,0.0,0.960717355140186,0.964730307698471,0.0,0.0,1.0107173551401858,1.0147303076984713,0.0,0.0,1.160717355140186,1.1647303076984712,0.0,0.0,1.410717355140186,1.4147303076984712,0.0
official_4c_tierB_mc_baseline_official_v3,deterministic-engine-v1_official-runner,baseline-official-v3,v1.0.1-official-4c,PER,MUT,MUT,,high,r0,2034,support_valid,historical_reduced_form_positive_total_revenue,5000,0.0381837054011176,0.0630622993079905,0.0852696923015289,0.1105833831463738,0.1559636744442853,1.0,True,1.0,0.0,True,0.0,0.0,0.9107173551401858,0.914730307698471,0.0,0.0,0.960717355140186,0.964730307698471,0.0,0.0,1.0107173551401858,1.0147303076984713,0.0,0.0,1.160717355140186,1.1647303076984712,0.0,0.0,1.410717355140186,1.4147303076984712,0.0
official_4c_tierB_mc_baseline_official_v3,deterministic-engine-v1_official-runner,baseline-official-v3,v1.0.1-official-4c,PER,MUT,MUT,,high,r0,2034,all_draw,historical_reduced_form_mixture_total_revenue,5000,-0.1507010339234722,0.0380577144387098,0.073815536339747,0.1033048213252281,0.1500151608099447,0.7958,False,0.7958,0.0,True,0.0,0.0,0.9543232453429314,0.926184463660253,0.0,0.0,1.0043232453429314,0.976184463660253,0.0,0.0,1.0543232453429312,1.026184463660253,0.0,0.0,1.2043232453429316,1.176184463660253,0.0,0.0,1.4543232453429316,1.426184463660253,0.0
official_4c_tierB_mc_baseline_official_v3,deterministic-engine-v1_official-runner,baseline-official-v3,v1.0.1-official-4c,PER,MUT,MUT,,high,r0,2034,basic_valid,historical_reduced_form_mixture_total_revenue,5000,0.036601725226944,0.0628610583095175,0.0848013945076728,0.1106548733545091,0.1553348515643187,0.7958,False,0.7958,0.0,True,0.0,0.0,0.9109875456529904,0.9151986054923272,0.0,0.0,0.9609875456529906,0.9651986054923272,0.0,0.0,1.0109875456529906,1.0151986054923272,0.0,0.0,1.1609875456529903,1.1651986054923271,0.0,0.0,1.4109875456529903,1.4151986054923271,0.0
official_4c_tierB_mc_baseline_official_v3,deterministic-engine-v1_official-runner,baseline-official-v3,v1.0.1-official-4c,PER,MUT,MUT,,high,r0,2034,support_valid,historical_reduced_form_mixture_total_revenue,5000,0.036601725226944,0.0628610583095175,0.0848013945076728,0.1106548733545091,0.1553348515643187,0.7958,False,0.7958,0.0,True,0.0,0.0,0.9109875456529904,0.9151986054923272,0.0,0.0,0.9609875456529906,0.9651986054923272,0.0,0.0,1.0109875456529906,1.0151986054923272,0.0,0.0,1.1609875456529903,1.1651986054923271,0.0,0.0,1.4109875456529903,1.4151986054923271,0.0
official_4c_tierB_mc_baseline_official_v3,deterministic-engine-v1_official-runner,baseline-official-v3,v1.0.1-official-4c,PER,PBI,PBI,,high,r0,2034,all_draw,historical_reduced_form_positive_tax,5000,0.0219485128532176,0.0362294182516726,0.0481632995602628,0.0622885585299167,0.0867236982728687,1.0,True,1.0,0.0,True,0.0,0.0,0.9495248428527174,0.9518367004397372,0.0,0.0,0.9995248428527176,1.0018367004397373,0.0,0.0,1.0495248428527175,1.051836700439737,0.0,0.0,1.1995248428527174,1.2018367004397372,0.0,0.0,1.4495248428527172,1.4518367004397372,0.0
official_4c_tierB_mc_baseline_official_v3,deterministic-engine-v1_official-runner,baseline-official-v3,v1.0.1-official-4c,PER,PBI,PBI,,high,r0,2034,basic_valid,historical_reduced_form_positive_tax,5000,0.0219485128532176,0.0362294182516726,0.0481632995602628,0.0622885585299167,0.0867236982728687,1.0,True,1.0,0.0,True,0.0,0.0,0.9495248428527174,0.9518367004397372,0.0,0.0,0.9995248428527176,1.0018367004397373,0.0,0.0,1.0495248428527175,1.051836700439737,0.0,0.0,1.1995248428527174,1.2018367004397372,0.0,0.0,1.4495248428527172,1.4518367004397372,0.0
official_4c_tierB_mc_baseline_official_v3,deterministic-engine-v1_official-runner,baseline-official-v3,v1.0.1-official-4c,PER,PBI,PBI,,high,r0,2034,support_valid,historical_reduced_form_positive_tax,5000,0.0219485128532176,0.0362294182516726,0.0481632995602628,0.0622885585299167,0.0867236982728687,1.0,True,1.0,0.0,True,0.0,0.0,0.9495248428527174,0.9518367004397372,0.0,0.0,0.9995248428527176,1.0018367004397373,0.0,0.0,1.0495248428527175,1.051836700439737,0.0,0.0,1.1995248428527174,1.2018367004397372,0.0,0.0,1.4495248428527172,1.4518367004397372,0.0
official_4c_tierB_mc_baseline_official_v3,deterministic-engine-v1_official-runner,baseline-official-v3,v1.0.1-official-4c,PER,PBI,PBI,,high,r0,2034,all_draw,historical_reduced_form_mixture_tax,5000,-0.0662511358999677,0.0262890930377489,0.0431902068792992,0.0591769064187222,0.0842669580430479,0.8236,False,0.8236,0.0,True,0.0,0.0,0.968446173849476,0.9568097931207008,0.0,0.0,1.018446173849476,1.0068097931207007,0.0,0.0,1.0684461738494764,1.0568097931207008,0.0,0.0,1.218446173849476,1.2068097931207007,0.0,0.0,1.468446173849476,1.4568097931207007,0.0
official_4c_tierB_mc_baseline_official_v3,deterministic-engine-v1_official-runner,baseline-official-v3,v1.0.1-official-4c,PER,PBI,PBI,,high,r0,2034,basic_valid,historical_reduced_form_mixture_tax,5000,0.0226161806820968,0.0362833292453175,0.0482888258421131,0.0626280163142796,0.0868599759192714,0.8236,False,0.8236,0.0,True,0.0,0.0,0.9493469049979236,0.9517111741578868,0.0,0.0,0.9993469049979238,1.001711174157887,0.0,0.0,1.0493469049979238,1.0517111741578868,0.0,0.0,1.1993469049979235,1.2017111741578868,0.0,0.0,1.449346904997924,1.4517111741578868,0.0
official_4c_tierB_mc_baseline_official_v3,deterministic-engine-v1_official-runner,baseline-official-v3,v1.0.1-official-4c,PER,PBI,PBI,,high,r0,2034,support_valid,historical_reduced_form_mixture_tax,5000,0.0226161806820968,0.0362833292453175,0.0482888258421131,0.0626280163142796,0.0868599759192714,0.8236,False,0.8236,0.0,True,0.0,0.0,0.9493469049979236,0.9517111741578868,0.0,0.0,0.9993469049979238,1.001711174157887,0.0,0.0,1.0493469049979238,1.0517111741578868,0.0,0.0,1.1993469049979235,1.2017111741578868,0.0,0.0,1.449346904997924,1.4517111741578868,0.0
official_4c_tierB_mc_baseline_official_v3,deterministic-engine-v1_official-runner,baseline-official-v3,v1.0.1-official-4c,PER,PBI,PBI,,high,r0,2034,all_draw,historical_reduced_form_positive_total_revenue,5000,0.0283071744452877,0.0452304931363432,0.0609620770895891,0.0781956239128372,0.1074381697054594,1.0,True,1.0,0.0,True,0.0,0.0,0.9365874525210276,0.9390379229104108,0.0,0.0,0.9865874525210276,0.9890379229104108,0.0,0.0,1.0365874525210277,1.039037922910411,0.0,0.0,1.1865874525210274,1.1890379229104109,0.0,0.0,1.4365874525210274,1.4390379229104109,0.0
official_4c_tierB_mc_baseline_official_v3,deterministic-engine-v1_official-runner,baseline-official-v3,v1.0.1-official-4c,PER,PBI,PBI,,high,r0,2034,basic_valid,historical_reduced_form_positive_total_revenue,5000,0.0283071744452877,0.0452304931363432,0.0609620770895891,0.0781956239128372,0.1074381697054594,1.0,True,1.0,0.0,True,0.0,0.0,0.9365874525210276,0.9390379229104108,0.0,0.0,0.9865874525210276,0.9890379229104108,0.0,0.0,1.0365874525210277,1.039037922910411,0.0,0.0,1.1865874525210274,1.1890379229104109,0.0,0.0,1.4365874525210274,1.4390379229104109,0.0
official_4c_tierB_mc_baseline_official_v3,deterministic-engine-v1_official-runner,baseline-official-v3,v1.0.1-official-4c,PER,PBI,PBI,,high,r0,2034,support_valid,historical_reduced_form_positive_total_revenue,5000,0.0283071744452877,0.0452304931363432,0.0609620770895891,0.0781956239128372,0.1074381697054594,1.0,True,1.0,0.0,True,0.0,0.0,0.9365874525210276,0.9390379229104108,0.0,0.0,0.9865874525210276,0.9890379229104108,0.0,0.0,1.0365874525210277,1.039037922910411,0.0,0.0,1.1865874525210274,1.1890379229104109,0.0,0.0,1.4365874525210274,1.4390379229104109,0.0
official_4c_tierB_mc_baseline_official_v3,deterministic-engine-v1_official-runner,baseline-official-v3,v1.0.1-official-4c,PER,PBI,PBI,,high,r0,2034,all_draw,historical_reduced_form_mixture_total_revenue,5000,-0.0950661015201327,0.0277185504147478,0.0524627679279854,0.0722808123220968,0.1032323516372251,0.7862,False,0.7862,0.0,True,0.0,0.0,0.966659808158935,0.9475372320720146,0.0,0.0,1.0166598081589353,0.9975372320720146,0.0,0.0,1.0666598081589354,1.0475372320720149,0.0,0.0,1.216659808158935,1.1975372320720146,0.0,0.0,1.466659808158935,1.4475372320720146,0.0
official_4c_tierB_mc_baseline_official_v3,deterministic-engine-v1_official-runner,baseline-official-v3,v1.0.1-official-4c,PER,PBI,PBI,,high,r0,2034,basic_valid,historical_reduced_form_mixture_total_revenue,5000,0.0286854479128785,0.0457573873104722,0.0606916271867556,0.077366634222291,0.1076942275196517,0.7862,False,0.7862,0.0,True,0.0,0.0,0.936907346027826,0.9393083728132444,0.0,0.0,0.986907346027826,0.9893083728132444,0.0,0.0,1.0369073460278262,1.0393083728132444,0.0,0.0,1.186907346027826,1.1893083728132443,0.0,0.0,1.436907346027826,1.4393083728132443,0.0
official_4c_tierB_mc_baseline_official_v3,deterministic-engine-v1_official-runner,baseline-official-v3,v1.0.1-official-4c,PER,PBI,PBI,,high,r0,2034,support_valid,historical_reduced_form_mixture_total_revenue,5000,0.0286854479128785,0.0457573873104722,0.0606916271867556,0.077366634222291,0.1076942275196517,0.7862,False,0.7862,0.0,True,0.0,0.0,0.936907346027826,0.9393083728132444,0.0,0.0,0.986907346027826,0.9893083728132444,0.0,0.0,1.0369073460278262,1.0393083728132444,0.0,0.0,1.186907346027826,1.1893083728132443,0.0,0.0,1.436907346027826,1.4393083728132443,0.0
official_4c_tierB_mc_baseline_official_v3,deterministic-engine-v1_official-runner,baseline-official-v3,v1.0.1-official-4c,PER,UBI,UBI,,high,r0,2034,all_draw,historical_reduced_form_positive_tax,5000,0.0088214909748243,0.0140437476575496,0.0186629743345214,0.0237276492447195,0.032943638961582,1.0,True,1.0,0.0,True,0.0,0.0,0.980551419500148,0.9813370256654784,0.0,0.0,1.030551419500148,1.0313370256654786,0.0,0.0,1.080551419500148,1.0813370256654786,0.0,0.0,1.230551419500148,1.2313370256654783,0.0,0.0,1.480551419500148,1.4813370256654783,0.0
official_4c_tierB_mc_baseline_official_v3,deterministic-engine-v1_official-runner,baseline-official-v3,v1.0.1-official-4c,PER,UBI,UBI,,high,r0,2034,basic_valid,historical_reduced_form_positive_tax,5000,0.0088214909748243,0.0140437476575496,0.0186629743345214,0.0237276492447195,0.032943638961582,1.0,True,1.0,0.0,True,0.0,0.0,0.980551419500148,0.9813370256654784,0.0,0.0,1.030551419500148,1.0313370256654786,0.0,0.0,1.080551419500148,1.0813370256654786,0.0,0.0,1.230551419500148,1.2313370256654783,0.0,0.0,1.480551419500148,1.4813370256654783,0.0
official_4c_tierB_mc_baseline_official_v3,deterministic-engine-v1_official-runner,baseline-official-v3,v1.0.1-official-4c,PER,UBI,UBI,,high,r0,2034,support_valid,historical_reduced_form_positive_tax,5000,0.0088214909748243,0.0140437476575496,0.0186629743345214,0.0237276492447195,0.032943638961582,1.0,True,1.0,0.0,True,0.0,0.0,0.980551419500148,0.9813370256654784,0.0,0.0,1.030551419500148,1.0313370256654786,0.0,0.0,1.080551419500148,1.0813370256654786,0.0,0.0,1.230551419500148,1.2313370256654783,0.0,0.0,1.480551419500148,1.4813370256654783,0.0
official_4c_tierB_mc_baseline_official_v3,deterministic-engine-v1_official-runner,baseline-official-v3,v1.0.1-official-4c,PER,UBI,UBI,,high,r0,2034,all_draw,historical_reduced_form_mixture_tax,5000,-0.0241331311025631,0.0104560093609652,0.0167600936070567,0.0225938057473782,0.0320311080372952,0.8272,False,0.8272,0.0,True,0.0,0.0,0.9875286256902338,0.9832399063929432,0.0,0.0,1.037528625690234,1.0332399063929434,0.0,0.0,1.087528625690234,1.0832399063929432,0.0,0.0,1.237528625690234,1.2332399063929431,0.0,0.0,1.487528625690234,1.4832399063929431,0.0
official_4c_tierB_mc_baseline_official_v3,deterministic-engine-v1_official-runner,baseline-official-v3,v1.0.1-official-4c,PER,UBI,UBI,,high,r0,2034,basic_valid,historical_reduced_form_mixture_tax,5000,0.0089329922520136,0.0140606925934956,0.0185373308530286,0.0238446191868698,0.0333116336650802,0.8272,False,0.8272,0.0,True,0.0,0.0,0.9805372512622536,0.9814626691469712,0.0,0.0,1.0305372512622537,1.0314626691469713,0.0,0.0,1.0805372512622535,1.081462669146971,0.0,0.0,1.2305372512622534,1.2314626691469712,0.0,0.0,1.4805372512622534,1.4814626691469712,0.0
official_4c_tierB_mc_baseline_official_v3,deterministic-engine-v1_official-runner,baseline-official-v3,v1.0.1-official-4c,PER,UBI,UBI,,high,r0,2034,support_valid,historical_reduced_form_mixture_tax,5000,0.0089329922520136,0.0140606925934956,0.0185373308530286,0.0238446191868698,0.0333116336650802,0.8272,False,0.8272,0.0,True,0.0,0.0,0.9805372512622536,0.9814626691469712,0.0,0.0,1.0305372512622537,1.0314626691469713,0.0,0.0,1.0805372512622535,1.081462669146971,0.0,0.0,1.2305372512622534,1.2314626691469712,0.0,0.0,1.4805372512622534,1.4814626691469712,0.0
official_4c_tierB_mc_baseline_official_v3,deterministic-engine-v1_official-runner,baseline-official-v3,v1.0.1-official-4c,PER,UBI,UBI,,high,r0,2034,all_draw,historical_reduced_form_positive_total_revenue,5000,0.0113928449527168,0.017642830577019,0.0234248550577511,0.0295466421021415,0.0409899136288065,1.0,True,1.0,0.0,True,0.0,0.0,0.9756576811510596,0.9765751449422488,0.0,0.0,1.0256576811510596,1.0265751449422489,0.0,0.0,1.0756576811510596,1.076575144942249,0.0,0.0,1.2256576811510596,1.2265751449422488,0.0,0.0,1.4756576811510596,1.4765751449422488,0.0
official_4c_tierB_mc_baseline_official_v3,deterministic-engine-v1_official-runner,baseline-official-v3,v1.0.1-official-4c,PER,UBI,UBI,,high,r0,2034,basic_valid,historical_reduced_form_positive_total_revenue,5000,0.0113928449527168,0.017642830577019,0.0234248550577511,0.0295466421021415,0.0409899136288065,1.0,True,1.0,0.0,True,0.0,0.0,0.9756576811510596,0.9765751449422488,0.0,0.0,1.0256576811510596,1.0265751449422489,0.0,0.0,1.0756576811510596,1.076575144942249,0.0,0.0,1.2256576811510596,1.2265751449422488,0.0,0.0,1.4756576811510596,1.4765751449422488,0.0
official_4c_tierB_mc_baseline_official_v3,deterministic-engine-v1_official-runner,baseline-official-v3,v1.0.1-official-4c,PER,UBI,UBI,,high,r0,2034,support_valid,historical_reduced_form_positive_total_revenue,5000,0.0113928449527168,0.017642830577019,0.0234248550577511,0.0295466421021415,0.0409899136288065,1.0,True,1.0,0.0,True,0.0,0.0,0.9756576811510596,0.9765751449422488,0.0,0.0,1.0256576811510596,1.0265751449422489,0.0,0.0,1.0756576811510596,1.076575144942249,0.0,0.0,1.2256576811510596,1.2265751449422488,0.0,0.0,1.4756576811510596,1.4765751449422488,0.0
official_4c_tierB_mc_baseline_official_v3,deterministic-engine-v1_official-runner,baseline-official-v3,v1.0.1-official-4c,PER,UBI,UBI,,high,r0,2034,all_draw,historical_reduced_form_mixture_total_revenue,5000,-0.034931936037669,0.0112953626760163,0.020381114435643,0.0277513102588556,0.0396097772338158,0.7856,False,0.7856,0.0,True,0.0,0.0,0.9868570443311044,0.979618885564357,0.0,0.0,1.0368570443311045,1.029618885564357,0.0,0.0,1.0868570443311043,1.079618885564357,0.0,0.0,1.2368570443311044,1.2296188855643568,0.0,0.0,1.4868570443311044,1.4796188855643568,0.0
official_4c_tierB_mc_baseline_official_v3,deterministic-engine-v1_official-runner,baseline-official-v3,v1.0.1-official-4c,PER,UBI,UBI,,high,r0,2034,basic_valid,historical_reduced_form_mixture_total_revenue,5000,0.0115329325089978,0.0176010857056092,0.0233988843268367,0.0296931327177047,0.0408702866408483,0.7856,False,0.7856,0.0,True,0.0,0.0,0.975635790403464,0.9766011156731632,0.0,0.0,1.025635790403464,1.0266011156731634,0.0,0.0,1.0756357904034644,1.0766011156731634,0.0,0.0,1.225635790403464,1.226601115673163,0.0,0.0,1.4756357904034638,1.476601115673163,0.0
official_4c_tierB_mc_baseline_official_v3,deterministic-engine-v1_official-runner,baseline-official-v3,v1.0.1-official-4c,PER,UBI,UBI,,high,r0,2034,support_valid,historical_reduced_form_mixture_total_revenue,5000,0.0115329325089978,0.0176010857056092,0.0233988843268367,0.0296931327177047,0.0408702866408483,0.7856,False,0.7856,0.0,True,0.0,0.0,0.975635790403464,0.9766011156731632,0.0,0.0,1.025635790403464,1.0266011156731634,0.0,0.0,1.0756357904034644,1.0766011156731634,0.0,0.0,1.225635790403464,1.226601115673163,0.0,0.0,1.4756357904034638,1.476601115673163,0.0
official_4c_tierB_mc_baseline_official_v3,deterministic-engine-v1_official-runner,baseline-official-v3,v1.0.1-official-4c,PER,PEN,PEN,,stress,r0,2034,all_draw,historical_reduced_form_positive_tax,5000,1.7652809891592292,2.506492596025345,3.143343085686931,3.885122807415901,5.112984840985923,1.0,True,1.0,0.996,True,0.9986,0.8322,0.0830699190827177,0.0223325499714004,0.9968,0.8174,0.0731917457665693,0.0465457134150886,0.996,0.796,0.1050468285065224,0.0860379074650691,0.9932,0.7454,0.1706507850394906,0.1976938516230674,0.9824,0.6482,0.2274448405788553,0.1701872140981618,0.9986
official_4c_tierB_mc_baseline_official_v3,deterministic-engine-v1_official-runner,baseline-official-v3,v1.0.1-official-4c,PER,PEN,PEN,,stress,r0,2034,basic_valid,historical_reduced_form_positive_tax,5000,1.7652809891592292,2.506492596025345,3.143343085686931,3.885122807415901,5.112984840985923,1.0,True,1.0,0.996,True,0.9986,0.8322,0.0830699190827177,0.0223325499714004,0.9968,0.8174,0.0731917457665693,0.0465457134150886,0.996,0.796,0.1050468285065224,0.0860379074650691,0.9932,0.7454,0.1706507850394906,0.1976938516230674,0.9824,0.6482,0.2274448405788553,0.1701872140981618,0.9986
official_4c_tierB_mc_baseline_official_v3,deterministic-engine-v1_official-runner,baseline-official-v3,v1.0.1-official-4c,PER,PEN,PEN,,stress,r0,2034,support_valid,historical_reduced_form_positive_tax,5000,1.7652809891592292,2.506492596025345,3.143343085686931,3.885122807415901,5.112984840985923,1.0,True,1.0,0.996,True,0.9986,0.8322,0.0830699190827177,0.0223325499714004,0.9968,0.8174,0.0731917457665693,0.0465457134150886,0.996,0.796,0.1050468285065224,0.0860379074650691,0.9932,0.7454,0.1706507850394906,0.1976938516230674,0.9824,0.6482,0.2274448405788553,0.1701872140981618,0.9986
official_4c_tierB_mc_baseline_official_v3,deterministic-engine-v1_official-runner,baseline-official-v3,v1.0.1-official-4c,PER,PEN,PEN,,stress,r0,2034,all_draw,historical_reduced_form_mixture_tax,5000,-3.513266456084438,1.986801512409536,2.880017549546248,3.722721267408311,5.000685063505293,0.8228,False,0.8228,0.8214,True,0.822,0.6888,3.994274053224871,3.8370299444334433,0.822,0.6756,4.044274053224871,3.887029944433443,0.8214,0.662,4.080615813228809,3.9295209163154783,0.8188,0.6194,4.17088521597459,4.061634110206931,0.8068,0.538,4.152916843018885,4.246642441868529,0.822
official_4c_tierB_mc_baseline_official_v3,deterministic-engine-v1_official-runner,baseline-official-v3,v1.0.1-official-4c,PER,PEN,PEN,,stress,r0,2034,basic_valid,historical_reduced_form_mixture_tax,5000,1.7803879668593896,2.5295985695832863,3.16547057679054,3.914596410318497,5.146836573840337,0.8228,False,0.8228,0.8214,True,0.9990277102576568,0.8371414681575109,0.0864500395927643,0.0692333732438411,0.9990277102576568,0.8210986874088478,0.1364500395927644,0.1192333732438412,0.9982984929508992,0.8045697617890131,0.1188305716516672,0.1035672320897018,0.995138551288284,0.7527953330092367,0.1381949230606984,0.0998158340830496,0.9805542051531356,0.6538648517258143,0.1769945393059824,0.1422746650856151,0.9990277102576568
official_4c_tierB_mc_baseline_official_v3,deterministic-engine-v1_official-runner,baseline-official-v3,v1.0.1-official-4c,PER,PEN,PEN,,stress,r0,2034,support_valid,historical_reduced_form_mixture_tax,5000,1.7803879668593896,2.5295985695832863,3.16547057679054,3.914596410318497,5.146836573840337,0.8228,False,0.8228,0.8214,True,0.9990277102576568,0.8371414681575109,0.0864500395927643,0.0692333732438411,0.9990277102576568,0.8210986874088478,0.1364500395927644,0.1192333732438412,0.9982984929508992,0.8045697617890131,0.1188305716516672,0.1035672320897018,0.995138551288284,0.7527953330092367,0.1381949230606984,0.0998158340830496,0.9805542051531356,0.6538648517258143,0.1769945393059824,0.1422746650856151,0.9990277102576568
official_4c_tierB_mc_baseline_official_v3,deterministic-engine-v1_official-runner,baseline-official-v3,v1.0.1-official-4c,PER,PEN,PEN,,stress,r0,2034,all_draw,historical_reduced_form_positive_total_revenue,5000,2.19242922768476,3.093796485726761,3.8756827300107295,4.781591671781156,6.25740839358247,1.0,True,1.0,0.9996,True,1.0,0.9394,0.0,0.0,0.9998,0.9334,0.0127669067746771,0.0127669067746771,0.9996,0.9256,0.0435580611197606,0.0435580611197606,0.9988,0.8976,0.1184206343503163,0.1142699406078773,0.9942,0.8376,0.1678700352450665,0.1591986621243615,1.0
official_4c_tierB_mc_baseline_official_v3,deterministic-engine-v1_official-runner,baseline-official-v3,v1.0.1-official-4c,PER,PEN,PEN,,stress,r0,2034,basic_valid,historical_reduced_form_positive_total_revenue,5000,2.19242922768476,3.093796485726761,3.8756827300107295,4.781591671781156,6.25740839358247,1.0,True,1.0,0.9996,True,1.0,0.9394,0.0,0.0,0.9998,0.9334,0.0127669067746771,0.0127669067746771,0.9996,0.9256,0.0435580611197606,0.0435580611197606,0.9988,0.8976,0.1184206343503163,0.1142699406078773,0.9942,0.8376,0.1678700352450665,0.1591986621243615,1.0
official_4c_tierB_mc_baseline_official_v3,deterministic-engine-v1_official-runner,baseline-official-v3,v1.0.1-official-4c,PER,PEN,PEN,,stress,r0,2034,support_valid,historical_reduced_form_positive_total_revenue,5000,2.19242922768476,3.093796485726761,3.8756827300107295,4.781591671781156,6.25740839358247,1.0,True,1.0,0.9996,True,1.0,0.9394,0.0,0.0,0.9998,0.9334,0.0127669067746771,0.0127669067746771,0.9996,0.9256,0.0435580611197606,0.0435580611197606,0.9988,0.8976,0.1184206343503163,0.1142699406078773,0.9942,0.8376,0.1678700352450665,0.1591986621243615,1.0
official_4c_tierB_mc_baseline_official_v3,deterministic-engine-v1_official-runner,baseline-official-v3,v1.0.1-official-4c,PER,PEN,PEN,,stress,r0,2034,all_draw,historical_reduced_form_mixture_total_revenue,5000,-5.433956250658609,2.038781313699327,3.4669377938613004,4.473395083839331,6.049638022177418,0.7744,False,0.7744,0.774,True,0.774,0.7258,5.223459520529257,4.848853418815598,0.774,0.7186,5.273459520529257,4.898853418815598,0.774,0.712,5.323459520529258,4.948853418815599,0.773,0.6922,5.449724792902719,5.086225167554543,0.7708,0.6476,5.645857153100434,5.311919654078952,0.774
official_4c_tierB_mc_baseline_official_v3,deterministic-engine-v1_official-runner,baseline-official-v3,v1.0.1-official-4c,PER,PEN,PEN,,stress,r0,2034,basic_valid,historical_reduced_form_mixture_total_revenue,5000,2.203070896204949,3.123335530564542,3.88963665747999,4.741656763025071,6.230674083247434,0.7744,False,0.7744,0.774,True,0.9994834710743802,0.93724173553719,0.269589960674399,0.269589960674399,0.9994834710743802,0.9279442148760332,0.3195899606743991,0.3195899606743991,0.9994834710743802,0.9194214876033058,0.3695899606743991,0.3695899606743991,0.9981921487603306,0.893853305785124,0.2096516668392128,0.1370767297512165,0.9953512396694216,0.8362603305785123,0.2323455097992267,0.1484863469877905,0.9994834710743802
official_4c_tierB_mc_baseline_official_v3,deterministic-engine-v1_official-runner,baseline-official-v3,v1.0.1-official-4c,PER,PEN,PEN,,stress,r0,2034,support_valid,historical_reduced_form_mixture_total_revenue,5000,2.203070896204949,3.123335530564542,3.88963665747999,4.741656763025071,6.230674083247434,0.7744,False,0.7744,0.774,True,0.9994834710743802,0.93724173553719,0.269589960674399,0.269589960674399,0.9994834710743802,0.9279442148760332,0.3195899606743991,0.3195899606743991,0.9994834710743802,0.9194214876033058,0.3695899606743991,0.3695899606743991,0.9981921487603306,0.893853305785124,0.2096516668392128,0.1370767297512165,0.9953512396694216,0.8362603305785123,0.2323455097992267,0.1484863469877905,0.9994834710743802
official_4c_tierB_mc_baseline_official_v3,deterministic-engine-v1_official-runner,baseline-official-v3,v1.0.1-official-4c,PER,GMI,GMI:GMI_ideal_aggregate,GMI_ideal_aggregate,stress,r0,2034,all_draw,historical_reduced_form_positive_tax,5000,0.2859125310108529,0.4350723607806385,0.5613982257126948,0.7110756232218731,0.956302247641076,1.0,True,1.0,0.0172,True,0.0384,0.0052,0.4361743517095439,0.4487899505190189,0.0236,0.0026,0.4791840726631474,0.4948589548614298,0.0172,0.0016,0.5259422166996265,0.5437303390912863,0.0052,0.0,0.6689817527087845,0.6900747673827057,0.0002,0.0,0.9152529256666778,0.9386731965904958,0.0384
official_4c_tierB_mc_baseline_official_v3,deterministic-engine-v1_official-runner,baseline-official-v3,v1.0.1-official-4c,PER,GMI,GMI:GMI_ideal_aggregate,GMI_ideal_aggregate,stress,r0,2034,basic_valid,historical_reduced_form_positive_tax,5000,0.2859125310108529,0.4350723607806385,0.5613982257126948,0.7110756232218731,0.956302247641076,1.0,True,1.0,0.0172,True,0.0384,0.0052,0.4361743517095439,0.4487899505190189,0.0236,0.0026,0.4791840726631474,0.4948589548614298,0.0172,0.0016,0.5259422166996265,0.5437303390912863,0.0052,0.0,0.6689817527087845,0.6900747673827057,0.0002,0.0,0.9152529256666778,0.9386731965904958,0.0384
official_4c_tierB_mc_baseline_official_v3,deterministic-engine-v1_official-runner,baseline-official-v3,v1.0.1-official-4c,PER,GMI,GMI:GMI_ideal_aggregate,GMI_ideal_aggregate,stress,r0,2034,support_valid,historical_reduced_form_positive_tax,5000,0.2859125310108529,0.4350723607806385,0.5613982257126948,0.7110756232218731,0.956302247641076,1.0,True,1.0,0.0172,True,0.0384,0.0052,0.4361743517095439,0.4487899505190189,0.0236,0.0026,0.4791840726631474,0.4948589548614298,0.0172,0.0016,0.5259422166996265,0.5437303390912863,0.0052,0.0,0.6689817527087845,0.6900747673827057,0.0002,0.0,0.9152529256666778,0.9386731965904958,0.0384
official_4c_tierB_mc_baseline_official_v3,deterministic-engine-v1_official-runner,baseline-official-v3,v1.0.1-official-4c,PER,GMI,GMI:GMI_ideal_aggregate,GMI_ideal_aggregate,stress,r0,2034,all_draw,historical_reduced_form_mixture_tax,5000,-0.7669256418758763,0.3320367084893587,0.5107674217611031,0.6709369578674775,0.9285720007357288,0.8276,False,0.8276,0.0122,True,0.0286,0.0036,0.656405232840577,0.498852215414689,0.0182,0.002,0.6992001039108345,0.5453268497655783,0.0122,0.0012,0.7448145875035296,0.5937824405855635,0.0036,0.0,0.8879082631273301,0.7412316682617177,0.0,0.0,1.1344351222025009,0.9892325782388968,0.0286
official_4c_tierB_mc_baseline_official_v3,deterministic-engine-v1_official-runner,baseline-official-v3,v1.0.1-official-4c,PER,GMI,GMI:GMI_ideal_aggregate,GMI_ideal_aggregate,stress,r0,2034,basic_valid,historical_reduced_form_mixture_tax,5000,0.286116936867083,0.4323036235195149,0.563671998506903,0.7065204963903641,0.9558082266336828,0.8276,False,0.8276,0.0122,True,0.0345577573707104,0.0043499275012083,0.4364254898394089,0.4455938403132394,0.0219913001449975,0.0024166263895601,0.4805122130220022,0.4925845935425945,0.014741420976317,0.0014499758337361,0.5268086494191045,0.5406710194294216,0.0043499275012083,0.0,0.6707326657529404,0.6875288325637225,0.0,0.0,0.9174807218497488,0.936328001493097,0.0345577573707104
official_4c_tierB_mc_baseline_official_v3,deterministic-engine-v1_official-runner,baseline-official-v3,v1.0.1-official-4c,PER,GMI,GMI:GMI_ideal_aggregate,GMI_ideal_aggregate,stress,r0,2034,support_valid,historical_reduced_form_mixture_tax,5000,0.286116936867083,0.4323036235195149,0.563671998506903,0.7065204963903641,0.9558082266336828,0.8276,False,0.8276,0.0122,True,0.0345577573707104,0.0043499275012083,0.4364254898394089,0.4455938403132394,0.0219913001449975,0.0024166263895601,0.4805122130220022,0.4925845935425945,0.014741420976317,0.0014499758337361,0.5268086494191045,0.5406710194294216,0.0043499275012083,0.0,0.6707326657529404,0.6875288325637225,0.0,0.0,0.9174807218497488,0.936328001493097,0.0345577573707104
official_4c_tierB_mc_baseline_official_v3,deterministic-engine-v1_official-runner,baseline-official-v3,v1.0.1-official-4c,PER,GMI,GMI:GMI_ideal_aggregate,GMI_ideal_aggregate,stress,r0,2034,all_draw,historical_reduced_form_positive_total_revenue,5000,0.3680954685327855,0.5466344376168786,0.7014507498922058,0.8865915687372548,1.192337624546381,1.0,True,1.0,0.084,True,0.1442,0.0346,0.3431067297294185,0.3437605197750093,0.11,0.0252,0.3789154971661848,0.3829415186954036,0.084,0.0172,0.4175011126697991,0.4240537070737878,0.0358,0.0062,0.5433289001565018,0.5599431327953339,0.0062,0.0016,0.7743572327805492,0.8003711659150494,0.1442
official_4c_tierB_mc_baseline_official_v3,deterministic-engine-v1_official-runner,baseline-official-v3,v1.0.1-official-4c,PER,GMI,GMI:GMI_ideal_aggregate,GMI_ideal_aggregate,stress,r0,2034,basic_valid,historical_reduced_form_positive_total_revenue,5000,0.3680954685327855,0.5466344376168786,0.7014507498922058,0.8865915687372548,1.192337624546381,1.0,True,1.0,0.084,True,0.1442,0.0346,0.3431067297294185,0.3437605197750093,0.11,0.0252,0.3789154971661848,0.3829415186954036,0.084,0.0172,0.4175011126697991,0.4240537070737878,0.0358,0.0062,0.5433289001565018,0.5599431327953339,0.0062,0.0016,0.7743572327805492,0.8003711659150494,0.1442
official_4c_tierB_mc_baseline_official_v3,deterministic-engine-v1_official-runner,baseline-official-v3,v1.0.1-official-4c,PER,GMI,GMI:GMI_ideal_aggregate,GMI_ideal_aggregate,stress,r0,2034,support_valid,historical_reduced_form_positive_total_revenue,5000,0.3680954685327855,0.5466344376168786,0.7014507498922058,0.8865915687372548,1.192337624546381,1.0,True,1.0,0.084,True,0.1442,0.0346,0.3431067297294185,0.3437605197750093,0.11,0.0252,0.3789154971661848,0.3829415186954036,0.084,0.0172,0.4175011126697991,0.4240537070737878,0.0358,0.0062,0.5433289001565018,0.5599431327953339,0.0062,0.0016,0.7743572327805492,0.8003711659150494,0.1442
official_4c_tierB_mc_baseline_official_v3,deterministic-engine-v1_official-runner,baseline-official-v3,v1.0.1-official-4c,PER,GMI,GMI:GMI_ideal_aggregate,GMI_ideal_aggregate,stress,r0,2034,all_draw,historical_reduced_form_mixture_total_revenue,5000,-1.149988461620152,0.3468866114996121,0.6202844770434717,0.8258659963329306,1.1384267318207355,0.7824,False,0.7824,0.06,True,0.1116,0.024,0.7303275363445606,0.4233942361568263,0.0832,0.0158,0.7569852567239942,0.4636985259136595,0.06,0.0118,0.7876944984587303,0.5044756988965496,0.025,0.0034,0.90707448703165,0.6402220745872162,0.0036,0.0008,1.135696550325613,0.8812249160270824,0.1116
official_4c_tierB_mc_baseline_official_v3,deterministic-engine-v1_official-runner,baseline-official-v3,v1.0.1-official-4c,PER,GMI,GMI:GMI_ideal_aggregate,GMI_ideal_aggregate,stress,r0,2034,basic_valid,historical_reduced_form_mixture_total_revenue,5000,0.3634338564024421,0.5487829174430484,0.6959004249472525,0.880633518002258,1.1756307875884142,0.7824,False,0.7824,0.06,True,0.1426380368098159,0.0306748466257668,0.3444018970568374,0.342863331445753,0.1063394683026584,0.0201942740286298,0.3794706702256533,0.384224546125299,0.0766871165644171,0.015081799591002,0.4164931309640441,0.4245680468670679,0.0319529652351738,0.0043456032719836,0.5442295142765746,0.5608344545124793,0.004601226993865,0.0010224948875255,0.776848808425346,0.8051671362069323,0.1426380368098159
official_4c_tierB_mc_baseline_official_v3,deterministic-engine-v1_official-runner,baseline-official-v3,v1.0.1-official-4c,PER,GMI,GMI:GMI_ideal_aggregate,GMI_ideal_aggregate,stress,r0,2034,support_valid,historical_reduced_form_mixture_total_revenue,5000,0.3634338564024421,0.5487829174430484,0.6959004249472525,0.880633518002258,1.1756307875884142,0.7824,False,0.7824,0.06,True,0.1426380368098159,0.0306748466257668,0.3444018970568374,0.342863331445753,0.1063394683026584,0.0201942740286298,0.3794706702256533,0.384224546125299,0.0766871165644171,0.015081799591002,0.4164931309640441,0.4245680468670679,0.0319529652351738,0.0043456032719836,0.5442295142765746,0.5608344545124793,0.004601226993865,0.0010224948875255,0.776848808425346,0.8051671362069323,0.1426380368098159
official_4c_tierB_mc_baseline_official_v3,deterministic-engine-v1_official-runner,baseline-official-v3,v1.0.1-official-4c,PER,GMI,GMI:GMI_loaded_aggregate,GMI_loaded_aggregate,stress,r0,2034,all_draw,historical_reduced_form_positive_tax,5000,0.1955077435437618,0.2892436595779902,0.3746444914203714,0.4724013918887432,0.6361696540253016,1.0,True,1.0,0.0,True,0.0006,0.0,0.6110793413333673,0.6255520271224428,0.0002,0.0,0.6608281192036886,0.675493734531618,0.0,0.0,0.7106924220329592,0.7253555085796286,0.0,0.0,0.8606924220329593,0.8753555085796285,0.0,0.0,1.1106924220329593,1.1253555085796283,0.0006
official_4c_tierB_mc_baseline_official_v3,deterministic-engine-v1_official-runner,baseline-official-v3,v1.0.1-official-4c,PER,GMI,GMI:GMI_loaded_aggregate,GMI_loaded_aggregate,stress,r0,2034,basic_valid,historical_reduced_form_positive_tax,5000,0.1955077435437618,0.2892436595779902,0.3746444914203714,0.4724013918887432,0.6361696540253016,1.0,True,1.0,0.0,True,0.0006,0.0,0.6110793413333673,0.6255520271224428,0.0002,0.0,0.6608281192036886,0.675493734531618,0.0,0.0,0.7106924220329592,0.7253555085796286,0.0,0.0,0.8606924220329593,0.8753555085796285,0.0,0.0,1.1106924220329593,1.1253555085796283,0.0006
official_4c_tierB_mc_baseline_official_v3,deterministic-engine-v1_official-runner,baseline-official-v3,v1.0.1-official-4c,PER,GMI,GMI:GMI_loaded_aggregate,GMI_loaded_aggregate,stress,r0,2034,support_valid,historical_reduced_form_positive_tax,5000,0.1955077435437618,0.2892436595779902,0.3746444914203714,0.4724013918887432,0.6361696540253016,1.0,True,1.0,0.0,True,0.0006,0.0,0.6110793413333673,0.6255520271224428,0.0002,0.0,0.6608281192036886,0.675493734531618,0.0,0.0,0.7106924220329592,0.7253555085796286,0.0,0.0,0.8606924220329593,0.8753555085796285,0.0,0.0,1.1106924220329593,1.1253555085796283,0.0006
official_4c_tierB_mc_baseline_official_v3,deterministic-engine-v1_official-runner,baseline-official-v3,v1.0.1-official-4c,PER,GMI,GMI:GMI_loaded_aggregate,GMI_loaded_aggregate,stress,r0,2034,all_draw,historical_reduced_form_mixture_tax,5000,-0.5304823417099318,0.2110205266612426,0.3347130396199507,0.446188988423007,0.6219995108835571,0.8174,False,0.8174,0.0,True,0.0004,0.0,0.7669627085053643,0.6653612642027735,0.0,0.0,0.8166554313134767,0.7152869603800494,0.0,0.0,0.8666554313134768,0.7652869603800494,0.0,0.0,1.0166554313134766,0.9152869603800492,0.0,0.0,1.2666554313134766,1.1652869603800493,0.0004
official_4c_tierB_mc_baseline_official_v3,deterministic-engine-v1_official-runner,baseline-official-v3,v1.0.1-official-4c,PER,GMI,GMI:GMI_loaded_aggregate,GMI_loaded_aggregate,stress,r0,2034,basic_valid,historical_reduced_form_mixture_tax,5000,0.1886171337558412,0.2902350174258021,0.3721019574126166,0.4697948180711515,0.6363015405206928,0.8174,False,0.8174,0.0,True,0.0004893564962074,0.0,0.6124070746639613,0.6279714943068007,0.0,0.0,0.6621067872424405,0.6778980425873835,0.0,0.0,0.7121067872424405,0.7278980425873836,0.0,0.0,0.8621067872424404,0.8778980425873835,0.0,0.0,1.1121067872424402,1.1278980425873837,0.0004893564962074
official_4c_tierB_mc_baseline_official_v3,deterministic-engine-v1_official-runner,baseline-official-v3,v1.0.1-official-4c,PER,GMI,GMI:GMI_loaded_aggregate,GMI_loaded_aggregate,stress,r0,2034,support_valid,historical_reduced_form_mixture_tax,5000,0.1886171337558412,0.2902350174258021,0.3721019574126166,0.4697948180711515,0.6363015405206928,0.8174,False,0.8174,0.0,True,0.0004893564962074,0.0,0.6124070746639613,0.6279714943068007,0.0,0.0,0.6621067872424405,0.6778980425873835,0.0,0.0,0.7121067872424405,0.7278980425873836,0.0,0.0,0.8621067872424404,0.8778980425873835,0.0,0.0,1.1121067872424402,1.1278980425873837,0.0004893564962074
official_4c_tierB_mc_baseline_official_v3,deterministic-engine-v1_official-runner,baseline-official-v3,v1.0.1-official-4c,PER,GMI,GMI:GMI_loaded_aggregate,GMI_loaded_aggregate,stress,r0,2034,all_draw,historical_reduced_form_positive_total_revenue,5000,0.2397168596696111,0.3658675743081159,0.4659904510344075,0.5851261530165365,0.7884743295397427,1.0,True,1.0,0.0024,True,0.0046,0.0012,0.5179745723065924,0.5348610002343687,0.0032,0.0006,0.5672215867528958,0.5845533043714046,0.0024,0.0004,0.616760404720168,0.6345321320567618,0.0004,0.0,0.7654248334814184,0.7840998170009763,0.0,0.0,1.0150779257464344,1.0340095489655927,0.0046
official_4c_tierB_mc_baseline_official_v3,deterministic-engine-v1_official-runner,baseline-official-v3,v1.0.1-official-4c,PER,GMI,GMI:GMI_loaded_aggregate,GMI_loaded_aggregate,stress,r0,2034,basic_valid,historical_reduced_form_positive_total_revenue,5000,0.2397168596696111,0.3658675743081159,0.4659904510344075,0.5851261530165365,0.7884743295397427,1.0,True,1.0,0.0024,True,0.0046,0.0012,0.5179745723065924,0.5348610002343687,0.0032,0.0006,0.5672215867528958,0.5845533043714046,0.0024,0.0004,0.616760404720168,0.6345321320567618,0.0004,0.0,0.7654248334814184,0.7840998170009763,0.0,0.0,1.0150779257464344,1.0340095489655927,0.0046
official_4c_tierB_mc_baseline_official_v3,deterministic-engine-v1_official-runner,baseline-official-v3,v1.0.1-official-4c,PER,GMI,GMI:GMI_loaded_aggregate,GMI_loaded_aggregate,stress,r0,2034,support_valid,historical_reduced_form_positive_total_revenue,5000,0.2397168596696111,0.3658675743081159,0.4659904510344075,0.5851261530165365,0.7884743295397427,1.0,True,1.0,0.0024,True,0.0046,0.0012,0.5179745723065924,0.5348610002343687,0.0032,0.0006,0.5672215867528958,0.5845533043714046,0.0024,0.0004,0.616760404720168,0.6345321320567618,0.0004,0.0,0.7654248334814184,0.7840998170009763,0.0,0.0,1.0150779257464344,1.0340095489655927,0.0046
official_4c_tierB_mc_baseline_official_v3,deterministic-engine-v1_official-runner,baseline-official-v3,v1.0.1-official-4c,PER,GMI,GMI:GMI_loaded_aggregate,GMI_loaded_aggregate,stress,r0,2034,all_draw,historical_reduced_form_mixture_total_revenue,5000,-0.7544870918265694,0.2340345120549314,0.4148173777756044,0.5543260074399584,0.7600584746500876,0.7852,False,0.7852,0.0012,True,0.0056,0.0006,0.7512165587987621,0.5865843166052414,0.0028,0.0006,0.7990271406632996,0.6356034024247524,0.0012,0.0,0.847703503357679,0.6853760225496414,0.0002,0.0,0.996786174112084,0.8352353668331802,0.0,0.0,1.2465839974924728,1.0851826222243957,0.0056
official_4c_tierB_mc_baseline_official_v3,deterministic-engine-v1_official-runner,baseline-official-v3,v1.0.1-official-4c,PER,GMI,GMI:GMI_loaded_aggregate,GMI_loaded_aggregate,stress,r0,2034,basic_valid,historical_reduced_form_mixture_total_revenue,5000,0.2406797387161437,0.3674099437899096,0.4711679840847547,0.5915230808754427,0.7868058022131548,0.7852,False,0.7852,0.0012,True,0.0071319409067753,0.0007641365257259,0.5163703013351082,0.5302930600094888,0.0035659704533876,0.0007641365257259,0.5644202524550148,0.5793192402833791,0.0015282730514518,0.0,0.6132127551084323,0.6288915578765693,0.0002547121752419,0.0,0.7623431308644876,0.7788452071441121,0.0,0.0,1.0121453621291827,1.028832015915245,0.0071319409067753
official_4c_tierB_mc_baseline_official_v3,deterministic-engine-v1_official-runner,baseline-official-v3,v1.0.1-official-4c,PER,GMI,GMI:GMI_loaded_aggregate,GMI_loaded_aggregate,stress,r0,2034,support_valid,historical_reduced_form_mixture_total_revenue,5000,0.2406797387161437,0.3674099437899096,0.4711679840847547,0.5915230808754427,0.7868058022131548,0.7852,False,0.7852,0.0012,True,0.0071319409067753,0.0007641365257259,0.5163703013351082,0.5302930600094888,0.0035659704533876,0.0007641365257259,0.5644202524550148,0.5793192402833791,0.0015282730514518,0.0,0.6132127551084323,0.6288915578765693,0.0002547121752419,0.0,0.7623431308644876,0.7788452071441121,0.0,0.0,1.0121453621291827,1.028832015915245,0.0071319409067753
official_4c_tierB_mc_baseline_official_v3,deterministic-engine-v1_official-runner,baseline-official-v3,v1.0.1-official-4c,PER,MUT,MUT,,stress,r0,2034,all_draw,historical_reduced_form_positive_tax,5000,0.1965767037660218,0.273986096055498,0.3409874709060083,0.4166277758931538,0.5456624662131834,1.0,True,1.0,0.0,True,0.0,0.0,0.6483804934258427,0.6590125290939918,0.0,0.0,0.6983804934258427,0.7090125290939918,0.0,0.0,0.7483804934258428,0.7590125290939919,0.0,0.0,0.8983804934258429,0.9090125290939918,0.0,0.0,1.1483804934258428,1.159012529093992,0.0
official_4c_tierB_mc_baseline_official_v3,deterministic-engine-v1_official-runner,baseline-official-v3,v1.0.1-official-4c,PER,MUT,MUT,,stress,r0,2034,basic_valid,historical_reduced_form_positive_tax,5000,0.1965767037660218,0.273986096055498,0.3409874709060083,0.4166277758931538,0.5456624662131834,1.0,True,1.0,0.0,True,0.0,0.0,0.6483804934258427,0.6590125290939918,0.0,0.0,0.6983804934258427,0.7090125290939918,0.0,0.0,0.7483804934258428,0.7590125290939919,0.0,0.0,0.8983804934258429,0.9090125290939918,0.0,0.0,1.1483804934258428,1.159012529093992,0.0
official_4c_tierB_mc_baseline_official_v3,deterministic-engine-v1_official-runner,baseline-official-v3,v1.0.1-official-4c,PER,MUT,MUT,,stress,r0,2034,support_valid,historical_reduced_form_positive_tax,5000,0.1965767037660218,0.273986096055498,0.3409874709060083,0.4166277758931538,0.5456624662131834,1.0,True,1.0,0.0,True,0.0,0.0,0.6483804934258427,0.6590125290939918,0.0,0.0,0.6983804934258427,0.7090125290939918,0.0,0.0,0.7483804934258428,0.7590125290939919,0.0,0.0,0.8983804934258429,0.9090125290939918,0.0,0.0,1.1483804934258428,1.159012529093992,0.0
official_4c_tierB_mc_baseline_official_v3,deterministic-engine-v1_official-runner,baseline-official-v3,v1.0.1-official-4c,PER,MUT,MUT,,stress,r0,2034,all_draw,historical_reduced_form_mixture_tax,5000,-0.3616093210575759,0.2192348167525576,0.3119824035551523,0.3979016938353138,0.5340667541993872,0.8298,False,0.8298,0.0,True,0.0,0.0,0.7610949148580335,0.6880175964448477,0.0,0.0,0.8110949148580335,0.7380175964448478,0.0,0.0,0.8610949148580336,0.7880175964448478,0.0,0.0,1.0110949148580333,0.9380175964448476,0.0,0.0,1.2610949148580333,1.1880175964448476,0.0
official_4c_tierB_mc_baseline_official_v3,deterministic-engine-v1_official-runner,baseline-official-v3,v1.0.1-official-4c,PER,MUT,MUT,,stress,r0,2034,basic_valid,historical_reduced_form_mixture_tax,5000,0.194874808315566,0.2740882822375656,0.3395449510264451,0.416713023958213,0.5503478003568891,0.8298,False,0.8298,0.0,True,0.0,0.0,0.6484636804120626,0.6604550489735549,0.0,0.0,0.6984636804120626,0.7104550489735549,0.0,0.0,0.7484636804120627,0.760455048973555,0.0,0.0,0.8984636804120626,0.9104550489735548,0.0,0.0,1.1484636804120625,1.1604550489735548,0.0
official_4c_tierB_mc_baseline_official_v3,deterministic-engine-v1_official-runner,baseline-official-v3,v1.0.1-official-4c,PER,MUT,MUT,,stress,r0,2034,support_valid,historical_reduced_form_mixture_tax,5000,0.194874808315566,0.2740882822375656,0.3395449510264451,0.416713023958213,0.5503478003568891,0.8298,False,0.8298,0.0,True,0.0,0.0,0.6484636804120626,0.6604550489735549,0.0,0.0,0.6984636804120626,0.7104550489735549,0.0,0.0,0.7484636804120627,0.760455048973555,0.0,0.0,0.8984636804120626,0.9104550489735548,0.0,0.0,1.1484636804120625,1.1604550489735548,0.0
official_4c_tierB_mc_baseline_official_v3,deterministic-engine-v1_official-runner,baseline-official-v3,v1.0.1-official-4c,PER,MUT,MUT,,stress,r0,2034,all_draw,historical_reduced_form_positive_total_revenue,5000,0.2388601538466487,0.332182786096431,0.4124705507247972,0.5101085780955839,0.6697589704409674,1.0,True,1.0,0.0,True,0.0002,0.0,0.5719726645327656,0.5875506825554833,0.0002,0.0,0.6219726645327657,0.6375506825554833,0.0,0.0,0.6718472715026416,0.6875294492752029,0.0,0.0,0.8218472715026415,0.8375294492752028,0.0,0.0,1.0718472715026417,1.0875294492752028,0.0002
official_4c_tierB_mc_baseline_official_v3,deterministic-engine-v1_official-runner,baseline-official-v3,v1.0.1-official-4c,PER,MUT,MUT,,stress,r0,2034,basic_valid,historical_reduced_form_positive_total_revenue,5000,0.2388601538466487,0.332182786096431,0.4124705507247972,0.5101085780955839,0.6697589704409674,1.0,True,1.0,0.0,True,0.0002,0.0,0.5719726645327656,0.5875506825554833,0.0002,0.0,0.6219726645327657,0.6375506825554833,0.0,0.0,0.6718472715026416,0.6875294492752029,0.0,0.0,0.8218472715026415,0.8375294492752028,0.0,0.0,1.0718472715026417,1.0875294492752028,0.0002
official_4c_tierB_mc_baseline_official_v3,deterministic-engine-v1_official-runner,baseline-official-v3,v1.0.1-official-4c,PER,MUT,MUT,,stress,r0,2034,support_valid,historical_reduced_form_positive_total_revenue,5000,0.2388601538466487,0.332182786096431,0.4124705507247972,0.5101085780955839,0.6697589704409674,1.0,True,1.0,0.0,True,0.0002,0.0,0.5719726645327656,0.5875506825554833,0.0002,0.0,0.6219726645327657,0.6375506825554833,0.0,0.0,0.6718472715026416,0.6875294492752029,0.0,0.0,0.8218472715026415,0.8375294492752028,0.0,0.0,1.0718472715026417,1.0875294492752028,0.0002
official_4c_tierB_mc_baseline_official_v3,deterministic-engine-v1_official-runner,baseline-official-v3,v1.0.1-official-4c,PER,MUT,MUT,,stress,r0,2034,all_draw,historical_reduced_form_mixture_total_revenue,5000,-0.5456828111758009,0.2132637136263308,0.369600112351529,0.4779852960592719,0.6351919540919196,0.7716,False,0.7716,0.0002,True,0.0006,0.0002,0.7669688937932079,0.6304835923948974,0.0004,0.0,0.8168135409145061,0.6804690832007978,0.0002,0.0,0.8666445550725693,0.7304545740066981,0.0,0.0,1.0164597914755509,0.8803998876484709,0.0,0.0,1.2664597914755509,1.1303998876484709,0.0006
official_4c_tierB_mc_baseline_official_v3,deterministic-engine-v1_official-runner,baseline-official-v3,v1.0.1-official-4c,PER,MUT,MUT,,stress,r0,2034,basic_valid,historical_reduced_form_mixture_total_revenue,5000,0.2356655304877263,0.3343293949802669,0.4185036883655115,0.5081325779025052,0.6569477536318958,0.7716,False,0.7716,0.0002,True,0.0007776049766718,0.0002592016588906,0.5713575021926718,0.5815398638315757,0.0005184033177812,0.0,0.621206868817114,0.6315291204848481,0.0002592016588906,0.0,0.6710385635146133,0.6815183771381205,0.0,0.0,0.8208498097578653,0.8314963116344884,0.0,0.0,1.0708498097578654,1.0814963116344884,0.0007776049766718
official_4c_tierB_mc_baseline_official_v3,deterministic-engine-v1_official-runner,baseline-official-v3,v1.0.1-official-4c,PER,MUT,MUT,,stress,r0,2034,support_valid,historical_reduced_form_mixture_total_revenue,5000,0.2356655304877263,0.3343293949802669,0.4185036883655115,0.5081325779025052,0.6569477536318958,0.7716,False,0.7716,0.0002,True,0.0007776049766718,0.0002592016588906,0.5713575021926718,0.5815398638315757,0.0005184033177812,0.0,0.621206868817114,0.6315291204848481,0.0002592016588906,0.0,0.6710385635146133,0.6815183771381205,0.0,0.0,0.8208498097578653,0.8314963116344884,0.0,0.0,1.0708498097578654,1.0814963116344884,0.0007776049766718
official_4c_tierB_mc_baseline_official_v3,deterministic-engine-v1_official-runner,baseline-official-v3,v1.0.1-official-4c,PER,PBI,PBI,,stress,r0,2034,all_draw,historical_reduced_form_positive_tax,5000,0.1357661915380442,0.1866761335193903,0.2322202722045277,0.2830639110495753,0.3695033302716486,1.0,True,1.0,0.0,True,0.0,0.0,0.7608121636075499,0.7677797277954723,0.0,0.0,0.8108121636075499,0.8177797277954724,0.0,0.0,0.8608121636075501,0.8677797277954724,0.0,0.0,1.0108121636075498,1.0177797277954723,0.0,0.0,1.2608121636075498,1.2677797277954723,0.0
official_4c_tierB_mc_baseline_official_v3,deterministic-engine-v1_official-runner,baseline-official-v3,v1.0.1-official-4c,PER,PBI,PBI,,stress,r0,2034,basic_valid,historical_reduced_form_positive_tax,5000,0.1357661915380442,0.1866761335193903,0.2322202722045277,0.2830639110495753,0.3695033302716486,1.0,True,1.0,0.0,True,0.0,0.0,0.7608121636075499,0.7677797277954723,0.0,0.0,0.8108121636075499,0.8177797277954724,0.0,0.0,0.8608121636075501,0.8677797277954724,0.0,0.0,1.0108121636075498,1.0177797277954723,0.0,0.0,1.2608121636075498,1.2677797277954723,0.0
official_4c_tierB_mc_baseline_official_v3,deterministic-engine-v1_official-runner,baseline-official-v3,v1.0.1-official-4c,PER,PBI,PBI,,stress,r0,2034,support_valid,historical_reduced_form_positive_tax,5000,0.1357661915380442,0.1866761335193903,0.2322202722045277,0.2830639110495753,0.3695033302716486,1.0,True,1.0,0.0,True,0.0,0.0,0.7608121636075499,0.7677797277954723,0.0,0.0,0.8108121636075499,0.8177797277954724,0.0,0.0,0.8608121636075501,0.8677797277954724,0.0,0.0,1.0108121636075498,1.0177797277954723,0.0,0.0,1.2608121636075498,1.2677797277954723,0.0
official_4c_tierB_mc_baseline_official_v3,deterministic-engine-v1_official-runner,baseline-official-v3,v1.0.1-official-4c,PER,PBI,PBI,,stress,r0,2034,all_draw,historical_reduced_form_mixture_tax,5000,-0.230643386446948,0.1512715795431142,0.2120139515045048,0.2706899145398925,0.3643997085172369,0.8318,False,0.8318,0.0,True,0.0,0.0,0.8355816176937351,0.7879860484954953,0.0,0.0,0.8855816176937353,0.8379860484954953,0.0,0.0,0.9355816176937352,0.8879860484954953,0.0,0.0,1.0855816176937352,1.0379860484954953,0.0,0.0,1.3355816176937352,1.2879860484954953,0.0
official_4c_tierB_mc_baseline_official_v3,deterministic-engine-v1_official-runner,baseline-official-v3,v1.0.1-official-4c,PER,PBI,PBI,,stress,r0,2034,basic_valid,historical_reduced_form_mixture_tax,5000,0.1333929641867763,0.1845900709710261,0.2302011263152732,0.2825943074099127,0.3740979648358735,0.8318,False,0.8318,0.0,True,0.0,0.0,0.7616146997924262,0.7697988736847268,0.0,0.0,0.8116146997924263,0.8197988736847268,0.0,0.0,0.8616146997924263,0.8697988736847269,0.0,0.0,1.011614699792426,1.0197988736847268,0.0,0.0,1.261614699792426,1.2697988736847268,0.0
official_4c_tierB_mc_baseline_official_v3,deterministic-engine-v1_official-runner,baseline-official-v3,v1.0.1-official-4c,PER,PBI,PBI,,stress,r0,2034,support_valid,historical_reduced_form_mixture_tax,5000,0.1333929641867763,0.1845900709710261,0.2302011263152732,0.2825943074099127,0.3740979648358735,0.8318,False,0.8318,0.0,True,0.0,0.0,0.7616146997924262,0.7697988736847268,0.0,0.0,0.8116146997924263,0.8197988736847268,0.0,0.0,0.8616146997924263,0.8697988736847269,0.0,0.0,1.011614699792426,1.0197988736847268,0.0,0.0,1.261614699792426,1.2697988736847268,0.0
official_4c_tierB_mc_baseline_official_v3,deterministic-engine-v1_official-runner,baseline-official-v3,v1.0.1-official-4c,PER,PBI,PBI,,stress,r0,2034,all_draw,historical_reduced_form_positive_total_revenue,5000,0.1636880817923614,0.2272518652207448,0.2827806331151167,0.3429808863997513,0.4502658442295857,1.0,True,1.0,0.0,True,0.0,0.0,0.7086248307627916,0.7172193668848834,0.0,0.0,0.7586248307627916,0.7672193668848835,0.0,0.0,0.8086248307627917,0.8172193668848835,0.0,0.0,0.9586248307627916,0.9672193668848834,0.0,0.0,1.2086248307627916,1.2172193668848834,0.0
official_4c_tierB_mc_baseline_official_v3,deterministic-engine-v1_official-runner,baseline-official-v3,v1.0.1-official-4c,PER,PBI,PBI,,stress,r0,2034,basic_valid,historical_reduced_form_positive_total_revenue,5000,0.1636880817923614,0.2272518652207448,0.2827806331151167,0.3429808863997513,0.4502658442295857,1.0,True,1.0,0.0,True,0.0,0.0,0.7086248307627916,0.7172193668848834,0.0,0.0,0.7586248307627916,0.7672193668848835,0.0,0.0,0.8086248307627917,0.8172193668848835,0.0,0.0,0.9586248307627916,0.9672193668848834,0.0,0.0,1.2086248307627916,1.2172193668848834,0.0
official_4c_tierB_mc_baseline_official_v3,deterministic-engine-v1_official-runner,baseline-official-v3,v1.0.1-official-4c,PER,PBI,PBI,,stress,r0,2034,support_valid,historical_reduced_form_positive_total_revenue,5000,0.1636880817923614,0.2272518652207448,0.2827806331151167,0.3429808863997513,0.4502658442295857,1.0,True,1.0,0.0,True,0.0,0.0,0.7086248307627916,0.7172193668848834,0.0,0.0,0.7586248307627916,0.7672193668848835,0.0,0.0,0.8086248307627917,0.8172193668848835,0.0,0.0,0.9586248307627916,0.9672193668848834,0.0,0.0,1.2086248307627916,1.2172193668848834,0.0
official_4c_tierB_mc_baseline_official_v3,deterministic-engine-v1_official-runner,baseline-official-v3,v1.0.1-official-4c,PER,PBI,PBI,,stress,r0,2034,all_draw,historical_reduced_form_mixture_total_revenue,5000,-0.3609845033889067,0.1578144107344072,0.2555959030341028,0.3279035525456122,0.4395852519504421,0.7856,False,0.7856,0.0,True,0.0,0.0,0.8318080377806051,0.7444040969658972,0.0,0.0,0.8818080377806051,0.7944040969658972,0.0,0.0,0.9318080377806052,0.8444040969658972,0.0,0.0,1.0818080377806052,0.9944040969658972,0.0,0.0,1.331808037780605,1.2444040969658974,0.0
official_4c_tierB_mc_baseline_official_v3,deterministic-engine-v1_official-runner,baseline-official-v3,v1.0.1-official-4c,PER,PBI,PBI,,stress,r0,2034,basic_valid,historical_reduced_form_mixture_total_revenue,5000,0.1612070876696771,0.2269474761562756,0.2827650934969684,0.3453732777515668,0.452927209618061,0.7856,False,0.7856,0.0,True,0.0,0.0,0.708397102394462,0.7172349065030315,0.0,0.0,0.7583971023944621,0.7672349065030315,0.0,0.0,0.8083971023944622,0.8172349065030315,0.0,0.0,0.958397102394462,0.9672349065030316,0.0,0.0,1.208397102394462,1.2172349065030317,0.0
official_4c_tierB_mc_baseline_official_v3,deterministic-engine-v1_official-runner,baseline-official-v3,v1.0.1-official-4c,PER,PBI,PBI,,stress,r0,2034,support_valid,historical_reduced_form_mixture_total_revenue,5000,0.1612070876696771,0.2269474761562756,0.2827650934969684,0.3453732777515668,0.452927209618061,0.7856,False,0.7856,0.0,True,0.0,0.0,0.708397102394462,0.7172349065030315,0.0,0.0,0.7583971023944621,0.7672349065030315,0.0,0.0,0.8083971023944622,0.8172349065030315,0.0,0.0,0.958397102394462,0.9672349065030316,0.0,0.0,1.208397102394462,1.2172349065030317,0.0
official_4c_tierB_mc_baseline_official_v3,deterministic-engine-v1_official-runner,baseline-official-v3,v1.0.1-official-4c,PER,UBI,UBI,,stress,r0,2034,all_draw,historical_reduced_form_positive_tax,5000,0.0517029185588186,0.0707289056604575,0.0865091394597383,0.105711070318956,0.1391069024161559,1.0,True,1.0,0.0,True,0.0,0.0,0.9101121213015017,0.9134908605402616,0.0,0.0,0.9601121213015018,0.9634908605402616,0.0,0.0,1.010112121301502,1.0134908605402615,0.0,0.0,1.1601121213015015,1.1634908605402616,0.0,0.0,1.4101121213015015,1.4134908605402616,0.0
official_4c_tierB_mc_baseline_official_v3,deterministic-engine-v1_official-runner,baseline-official-v3,v1.0.1-official-4c,PER,UBI,UBI,,stress,r0,2034,basic_valid,historical_reduced_form_positive_tax,5000,0.0517029185588186,0.0707289056604575,0.0865091394597383,0.105711070318956,0.1391069024161559,1.0,True,1.0,0.0,True,0.0,0.0,0.9101121213015017,0.9134908605402616,0.0,0.0,0.9601121213015018,0.9634908605402616,0.0,0.0,1.010112121301502,1.0134908605402615,0.0,0.0,1.1601121213015015,1.1634908605402616,0.0,0.0,1.4101121213015015,1.4134908605402616,0.0
official_4c_tierB_mc_baseline_official_v3,deterministic-engine-v1_official-runner,baseline-official-v3,v1.0.1-official-4c,PER,UBI,UBI,,stress,r0,2034,support_valid,historical_reduced_form_positive_tax,5000,0.0517029185588186,0.0707289056604575,0.0865091394597383,0.105711070318956,0.1391069024161559,1.0,True,1.0,0.0,True,0.0,0.0,0.9101121213015017,0.9134908605402616,0.0,0.0,0.9601121213015018,0.9634908605402616,0.0,0.0,1.010112121301502,1.0134908605402615,0.0,0.0,1.1601121213015015,1.1634908605402616,0.0,0.0,1.4101121213015015,1.4134908605402616,0.0
official_4c_tierB_mc_baseline_official_v3,deterministic-engine-v1_official-runner,baseline-official-v3,v1.0.1-official-4c,PER,UBI,UBI,,stress,r0,2034,all_draw,historical_reduced_form_mixture_tax,5000,-0.0923295323121331,0.0550139332069628,0.0786834987582115,0.1005848007934508,0.1340539305162354,0.8198,False,0.8198,0.0,True,0.0,0.0,0.9410968432701846,0.9213165012417884,0.0,0.0,0.9910968432701848,0.9713165012417884,0.0,0.0,1.0410968432701848,1.0213165012417886,0.0,0.0,1.1910968432701845,1.1713165012417883,0.0,0.0,1.4410968432701845,1.4213165012417883,0.0
official_4c_tierB_mc_baseline_official_v3,deterministic-engine-v1_official-runner,baseline-official-v3,v1.0.1-official-4c,PER,UBI,UBI,,stress,r0,2034,basic_valid,historical_reduced_form_mixture_tax,5000,0.0499580486706241,0.069807673818826,0.0864163483190035,0.1053811482977516,0.1377697044560243,0.8198,False,0.8198,0.0,True,0.0,0.0,0.9109093360283764,0.9135836516809964,0.0,0.0,0.9609093360283764,0.9635836516809964,0.0,0.0,1.0109093360283763,1.0135836516809964,0.0,0.0,1.1609093360283764,1.1635836516809963,0.0,0.0,1.4109093360283764,1.4135836516809963,0.0
official_4c_tierB_mc_baseline_official_v3,deterministic-engine-v1_official-runner,baseline-official-v3,v1.0.1-official-4c,PER,UBI,UBI,,stress,r0,2034,support_valid,historical_reduced_form_mixture_tax,5000,0.0499580486706241,0.069807673818826,0.0864163483190035,0.1053811482977516,0.1377697044560243,0.8198,False,0.8198,0.0,True,0.0,0.0,0.9109093360283764,0.9135836516809964,0.0,0.0,0.9609093360283764,0.9635836516809964,0.0,0.0,1.0109093360283763,1.0135836516809964,0.0,0.0,1.1609093360283764,1.1635836516809963,0.0,0.0,1.4109093360283764,1.4135836516809963,0.0
official_4c_tierB_mc_baseline_official_v3,deterministic-engine-v1_official-runner,baseline-official-v3,v1.0.1-official-4c,PER,UBI,UBI,,stress,r0,2034,all_draw,historical_reduced_form_positive_total_revenue,5000,0.0614557329083993,0.085762485523498,0.1066145411500598,0.1299452325424168,0.1689135629517417,1.0,True,1.0,0.0,True,0.0,0.0,0.8902835248914361,0.8933854588499401,0.0,0.0,0.9402835248914362,0.9433854588499402,0.0,0.0,0.990283524891436,0.9933854588499402,0.0,0.0,1.1402835248914365,1.14338545884994,0.0,0.0,1.3902835248914365,1.39338545884994,0.0
official_4c_tierB_mc_baseline_official_v3,deterministic-engine-v1_official-runner,baseline-official-v3,v1.0.1-official-4c,PER,UBI,UBI,,stress,r0,2034,basic_valid,historical_reduced_form_positive_total_revenue,5000,0.0614557329083993,0.085762485523498,0.1066145411500598,0.1299452325424168,0.1689135629517417,1.0,True,1.0,0.0,True,0.0,0.0,0.8902835248914361,0.8933854588499401,0.0,0.0,0.9402835248914362,0.9433854588499402,0.0,0.0,0.990283524891436,0.9933854588499402,0.0,0.0,1.1402835248914365,1.14338545884994,0.0,0.0,1.3902835248914365,1.39338545884994,0.0
official_4c_tierB_mc_baseline_official_v3,deterministic-engine-v1_official-runner,baseline-official-v3,v1.0.1-official-4c,PER,UBI,UBI,,stress,r0,2034,support_valid,historical_reduced_form_positive_total_revenue,5000,0.0614557329083993,0.085762485523498,0.1066145411500598,0.1299452325424168,0.1689135629517417,1.0,True,1.0,0.0,True,0.0,0.0,0.8902835248914361,0.8933854588499401,0.0,0.0,0.9402835248914362,0.9433854588499402,0.0,0.0,0.990283524891436,0.9933854588499402,0.0,0.0,1.1402835248914365,1.14338545884994,0.0,0.0,1.3902835248914365,1.39338545884994,0.0
official_4c_tierB_mc_baseline_official_v3,deterministic-engine-v1_official-runner,baseline-official-v3,v1.0.1-official-4c,PER,UBI,UBI,,stress,r0,2034,all_draw,historical_reduced_form_mixture_total_revenue,5000,-0.1328752970789672,0.0609203058043459,0.0953104086095175,0.1214272861364139,0.1619405518859108,0.7852,False,0.7852,0.0,True,0.0,0.0,0.9367208116340828,0.9046895913904824,0.0,0.0,0.9867208116340832,0.9546895913904824,0.0,0.0,1.0367208116340831,1.0046895913904828,0.0,0.0,1.1867208116340828,1.1546895913904829,0.0,0.0,1.4367208116340828,1.4046895913904829,0.0
official_4c_tierB_mc_baseline_official_v3,deterministic-engine-v1_official-runner,baseline-official-v3,v1.0.1-official-4c,PER,UBI,UBI,,stress,r0,2034,basic_valid,historical_reduced_form_mixture_total_revenue,5000,0.0622826771653024,0.0862233038538734,0.1066321785297188,0.1287660491721748,0.1690835141752223,0.7852,False,0.7852,0.0,True,0.0,0.0,0.8906551411867344,0.8933678214702812,0.0,0.0,0.9406551411867344,0.9433678214702812,0.0,0.0,0.9906551411867344,0.9933678214702812,0.0,0.0,1.1406551411867345,1.1433678214702812,0.0,0.0,1.3906551411867345,1.3933678214702812,0.0
official_4c_tierB_mc_baseline_official_v3,deterministic-engine-v1_official-runner,baseline-official-v3,v1.0.1-official-4c,PER,UBI,UBI,,stress,r0,2034,support_valid,historical_reduced_form_mixture_total_revenue,5000,0.0622826771653024,0.0862233038538734,0.1066321785297188,0.1287660491721748,0.1690835141752223,0.7852,False,0.7852,0.0,True,0.0,0.0,0.8906551411867344,0.8933678214702812,0.0,0.0,0.9406551411867344,0.9433678214702812,0.0,0.0,0.9906551411867344,0.9933678214702812,0.0,0.0,1.1406551411867345,1.1433678214702812,0.0,0.0,1.3906551411867345,1.3933678214702812,0.0
official_4c_tierB_mc_baseline_official_v3,deterministic-engine-v1_official-runner,baseline-official-v3,v1.0.1-official-4c,CHL,PEN,PEN,,low,r0,2034,all_draw,historical_reduced_form_positive_tax,5000,-0.0407918750697789,-0.0354796648585787,-0.0306273023581192,-0.0248965458313269,-0.0143751409215001,1.0,True,1.0,0.0,True,0.0,0.0,1.02953143410638,1.0306273023581194,0.0,0.0,1.07953143410638,1.0806273023581192,0.0,0.0,1.12953143410638,1.1306273023581197,0.0,0.0,1.27953143410638,1.2806273023581194,0.0,0.0,1.52953143410638,1.5306273023581194,0.0
official_4c_tierB_mc_baseline_official_v3,deterministic-engine-v1_official-runner,baseline-official-v3,v1.0.1-official-4c,CHL,PEN,PEN,,low,r0,2034,basic_valid,historical_reduced_form_positive_tax,5000,-0.0407918750697789,-0.0354796648585787,-0.0306273023581192,-0.0248965458313269,-0.0143751409215001,1.0,True,1.0,0.0,True,0.0,0.0,1.02953143410638,1.0306273023581194,0.0,0.0,1.07953143410638,1.0806273023581192,0.0,0.0,1.12953143410638,1.1306273023581197,0.0,0.0,1.27953143410638,1.2806273023581194,0.0,0.0,1.52953143410638,1.5306273023581194,0.0
official_4c_tierB_mc_baseline_official_v3,deterministic-engine-v1_official-runner,baseline-official-v3,v1.0.1-official-4c,CHL,PEN,PEN,,low,r0,2034,support_valid,historical_reduced_form_positive_tax,5000,-0.0407918750697789,-0.0354796648585787,-0.0306273023581192,-0.0248965458313269,-0.0143751409215001,1.0,True,1.0,0.0,True,0.0,0.0,1.02953143410638,1.0306273023581194,0.0,0.0,1.07953143410638,1.0806273023581192,0.0,0.0,1.12953143410638,1.1306273023581197,0.0,0.0,1.27953143410638,1.2806273023581194,0.0,0.0,1.52953143410638,1.5306273023581194,0.0
official_4c_tierB_mc_baseline_official_v3,deterministic-engine-v1_official-runner,baseline-official-v3,v1.0.1-official-4c,CHL,PEN,PEN,,low,r0,2034,all_draw,historical_reduced_form_mixture_tax,5000,-0.1035775834204207,-0.0400591509709527,-0.0328879404041722,-0.0263975373358551,-0.0158842035181061,0.7994,False,0.7994,0.0,True,0.0,0.0,1.042053281758455,1.0328879404041722,0.0,0.0,1.0920532817584545,1.0828879404041722,0.0,0.0,1.1420532817584546,1.1328879404041725,0.0,0.0,1.292053281758455,1.2828879404041722,0.0,0.0,1.542053281758455,1.5328879404041722,0.0
official_4c_tierB_mc_baseline_official_v3,deterministic-engine-v1_official-runner,baseline-official-v3,v1.0.1-official-4c,CHL,PEN,PEN,,low,r0,2034,basic_valid,historical_reduced_form_mixture_tax,5000,-0.0405561107898417,-0.0351567846407212,-0.0304812119780824,-0.0246790425061125,-0.0148525797992698,0.7994,False,0.7994,0.0,True,0.0,0.0,1.029387200113093,1.0304812119780824,0.0,0.0,1.0793872001130933,1.0804812119780824,0.0,0.0,1.1293872001130931,1.1304812119780825,0.0,0.0,1.279387200113093,1.2804812119780824,0.0,0.0,1.529387200113093,1.5304812119780824,0.0
official_4c_tierB_mc_baseline_official_v3,deterministic-engine-v1_official-runner,baseline-official-v3,v1.0.1-official-4c,CHL,PEN,PEN,,low,r0,2034,support_valid,historical_reduced_form_mixture_tax,5000,-0.0405561107898417,-0.0351567846407212,-0.0304812119780824,-0.0246790425061125,-0.0148525797992698,0.7994,False,0.7994,0.0,True,0.0,0.0,1.029387200113093,1.0304812119780824,0.0,0.0,1.0793872001130933,1.0804812119780824,0.0,0.0,1.1293872001130931,1.1304812119780825,0.0,0.0,1.279387200113093,1.2804812119780824,0.0,0.0,1.529387200113093,1.5304812119780824,0.0
official_4c_tierB_mc_baseline_official_v3,deterministic-engine-v1_official-runner,baseline-official-v3,v1.0.1-official-4c,CHL,PEN,PEN,,low,r0,2034,all_draw,historical_reduced_form_positive_total_revenue,5000,-0.0389395681095411,-0.0316612228618583,-0.024983679352021,-0.0168715063357233,-0.0037124747211758,1.0,True,1.0,0.0,True,0.0,0.0,1.0235064091462431,1.024983679352021,0.0,0.0,1.0735064091462432,1.074983679352021,0.0,0.0,1.123506409146243,1.1249836793520211,0.0,0.0,1.2735064091462431,1.274983679352021,0.0,0.0,1.5235064091462431,1.524983679352021,0.0
official_4c_tierB_mc_baseline_official_v3,deterministic-engine-v1_official-runner,baseline-official-v3,v1.0.1-official-4c,CHL,PEN,PEN,,low,r0,2034,basic_valid,historical_reduced_form_positive_total_revenue,5000,-0.0389395681095411,-0.0316612228618583,-0.024983679352021,-0.0168715063357233,-0.0037124747211758,1.0,True,1.0,0.0,True,0.0,0.0,1.0235064091462431,1.024983679352021,0.0,0.0,1.0735064091462432,1.074983679352021,0.0,0.0,1.123506409146243,1.1249836793520211,0.0,0.0,1.2735064091462431,1.274983679352021,0.0,0.0,1.5235064091462431,1.524983679352021,0.0
official_4c_tierB_mc_baseline_official_v3,deterministic-engine-v1_official-runner,baseline-official-v3,v1.0.1-official-4c,CHL,PEN,PEN,,low,r0,2034,support_valid,historical_reduced_form_positive_total_revenue,5000,-0.0389395681095411,-0.0316612228618583,-0.024983679352021,-0.0168715063357233,-0.0037124747211758,1.0,True,1.0,0.0,True,0.0,0.0,1.0235064091462431,1.024983679352021,0.0,0.0,1.0735064091462432,1.074983679352021,0.0,0.0,1.123506409146243,1.1249836793520211,0.0,0.0,1.2735064091462431,1.274983679352021,0.0,0.0,1.5235064091462431,1.524983679352021,0.0
official_4c_tierB_mc_baseline_official_v3,deterministic-engine-v1_official-runner,baseline-official-v3,v1.0.1-official-4c,CHL,PEN,PEN,,low,r0,2034,all_draw,historical_reduced_form_mixture_total_revenue,5000,-0.1083460290946225,-0.0367392117577602,-0.0276606699432393,-0.0188724350904236,-0.0047104728440526,0.8282,False,0.8282,0.0,True,0.0,0.0,1.0368584427287963,1.0276606699432391,0.0,0.0,1.0868584427287966,1.0776606699432394,0.0,0.0,1.1368584427287969,1.1276606699432394,0.0,0.0,1.2868584427287963,1.2776606699432391,0.0,0.0,1.5368584427287963,1.5276606699432391,0.0
official_4c_tierB_mc_baseline_official_v3,deterministic-engine-v1_official-runner,baseline-official-v3,v1.0.1-official-4c,CHL,PEN,PEN,,low,r0,2034,basic_valid,historical_reduced_form_mixture_total_revenue,5000,-0.0389968288330633,-0.0315960905884237,-0.0248939337846819,-0.0170069821764916,-0.0035922956553117,0.8282,False,0.8282,0.0,True,0.0,0.0,1.023497749290773,1.024893933784682,0.0,0.0,1.0734977492907731,1.074893933784682,0.0,0.0,1.1234977492907732,1.124893933784682,0.0,0.0,1.273497749290773,1.274893933784682,0.0,0.0,1.5234977492907733,1.524893933784682,0.0
official_4c_tierB_mc_baseline_official_v3,deterministic-engine-v1_official-runner,baseline-official-v3,v1.0.1-official-4c,CHL,PEN,PEN,,low,r0,2034,support_valid,historical_reduced_form_mixture_total_revenue,5000,-0.0389968288330633,-0.0315960905884237,-0.0248939337846819,-0.0170069821764916,-0.0035922956553117,0.8282,False,0.8282,0.0,True,0.0,0.0,1.023497749290773,1.024893933784682,0.0,0.0,1.0734977492907731,1.074893933784682,0.0,0.0,1.1234977492907732,1.124893933784682,0.0,0.0,1.273497749290773,1.274893933784682,0.0,0.0,1.5234977492907733,1.524893933784682,0.0
official_4c_tierB_mc_baseline_official_v3,deterministic-engine-v1_official-runner,baseline-official-v3,v1.0.1-official-4c,CHL,GMI,GMI:GMI_ideal_aggregate,GMI_ideal_aggregate,low,r0,2034,all_draw,historical_reduced_form_positive_tax,5000,-2.162176814825908,-2.0485954590155275,-1.9482131225437815,-1.825502487189616,-1.6124018558649136,1.0,True,1.0,0.0,True,0.0,0.0,2.925594705204376,2.948213122543782,0.0,0.0,2.975594705204376,2.998213122543782,0.0,0.0,3.025594705204376,3.048213122543782,0.0,0.0,3.175594705204376,3.198213122543782,0.0,0.0,3.425594705204376,3.448213122543782,0.0
official_4c_tierB_mc_baseline_official_v3,deterministic-engine-v1_official-runner,baseline-official-v3,v1.0.1-official-4c,CHL,GMI,GMI:GMI_ideal_aggregate,GMI_ideal_aggregate,low,r0,2034,basic_valid,historical_reduced_form_positive_tax,5000,-2.162176814825908,-2.0485954590155275,-1.9482131225437815,-1.825502487189616,-1.6124018558649136,1.0,True,1.0,0.0,True,0.0,0.0,2.925594705204376,2.948213122543782,0.0,0.0,2.975594705204376,2.998213122543782,0.0,0.0,3.025594705204376,3.048213122543782,0.0,0.0,3.175594705204376,3.198213122543782,0.0,0.0,3.425594705204376,3.448213122543782,0.0
official_4c_tierB_mc_baseline_official_v3,deterministic-engine-v1_official-runner,baseline-official-v3,v1.0.1-official-4c,CHL,GMI,GMI:GMI_ideal_aggregate,GMI_ideal_aggregate,low,r0,2034,support_valid,historical_reduced_form_positive_tax,5000,-2.162176814825908,-2.0485954590155275,-1.9482131225437815,-1.825502487189616,-1.6124018558649136,1.0,True,1.0,0.0,True,0.0,0.0,2.925594705204376,2.948213122543782,0.0,0.0,2.975594705204376,2.998213122543782,0.0,0.0,3.025594705204376,3.048213122543782,0.0,0.0,3.175594705204376,3.198213122543782,0.0,0.0,3.425594705204376,3.448213122543782,0.0
official_4c_tierB_mc_baseline_official_v3,deterministic-engine-v1_official-runner,baseline-official-v3,v1.0.1-official-4c,CHL,GMI,GMI:GMI_ideal_aggregate,GMI_ideal_aggregate,low,r0,2034,all_draw,historical_reduced_form_mixture_tax,5000,-3.5039948973947634,-2.177839469663228,-2.000405861266969,-1.8601053637571867,-1.6396990929246134,0.7794,False,0.7794,0.0,True,0.0,0.0,3.215079173816479,3.000405861266969,0.0,0.0,3.265079173816478,3.050405861266969,0.0,0.0,3.3150791738164784,3.100405861266969,0.0,0.0,3.465079173816479,3.250405861266969,0.0,0.0,3.715079173816479,3.500405861266969,0.0
official_4c_tierB_mc_baseline_official_v3,deterministic-engine-v1_official-runner,baseline-official-v3,v1.0.1-official-4c,CHL,GMI,GMI:GMI_ideal_aggregate,GMI_ideal_aggregate,low,r0,2034,basic_valid,historical_reduced_form_mixture_tax,5000,-2.162988951399928,-2.0458065908034024,-1.943025809834008,-1.81939019606502,-1.6054543417820908,0.7794,False,0.7794,0.0,True,0.0,0.0,2.921771930608834,2.9430258098340083,0.0,0.0,2.971771930608833,2.993025809834008,0.0,0.0,3.021771930608834,3.043025809834008,0.0,0.0,3.171771930608834,3.1930258098340083,0.0,0.0,3.421771930608833,3.4430258098340083,0.0
official_4c_tierB_mc_baseline_official_v3,deterministic-engine-v1_official-runner,baseline-official-v3,v1.0.1-official-4c,CHL,GMI,GMI:GMI_ideal_aggregate,GMI_ideal_aggregate,low,r0,2034,support_valid,historical_reduced_form_mixture_tax,5000,-2.162988951399928,-2.0458065908034024,-1.943025809834008,-1.81939019606502,-1.6054543417820908,0.7794,False,0.7794,0.0,True,0.0,0.0,2.921771930608834,2.9430258098340083,0.0,0.0,2.971771930608833,2.993025809834008,0.0,0.0,3.021771930608834,3.043025809834008,0.0,0.0,3.171771930608834,3.1930258098340083,0.0,0.0,3.421771930608833,3.4430258098340083,0.0
official_4c_tierB_mc_baseline_official_v3,deterministic-engine-v1_official-runner,baseline-official-v3,v1.0.1-official-4c,CHL,GMI,GMI:GMI_ideal_aggregate,GMI_ideal_aggregate,low,r0,2034,all_draw,historical_reduced_form_positive_total_revenue,5000,-2.1254424804831253,-1.9679769491460757,-1.825879183087264,-1.657837000660191,-1.3704365962655676,1.0,True,1.0,0.0,True,0.0,0.0,2.7989396696046005,2.825879183087263,0.0,0.0,2.8489396696046008,2.875879183087264,0.0,0.0,2.898939669604601,2.925879183087264,0.0,0.0,3.0489396696046005,3.075879183087263,0.0,0.0,3.298939669604601,3.325879183087263,0.0
official_4c_tierB_mc_baseline_official_v3,deterministic-engine-v1_official-runner,baseline-official-v3,v1.0.1-official-4c,CHL,GMI,GMI:GMI_ideal_aggregate,GMI_ideal_aggregate,low,r0,2034,basic_valid,historical_reduced_form_positive_total_revenue,5000,-2.1254424804831253,-1.9679769491460757,-1.825879183087264,-1.657837000660191,-1.3704365962655676,1.0,True,1.0,0.0,True,0.0,0.0,2.7989396696046005,2.825879183087263,0.0,0.0,2.8489396696046008,2.875879183087264,0.0,0.0,2.898939669604601,2.925879183087264,0.0,0.0,3.0489396696046005,3.075879183087263,0.0,0.0,3.298939669604601,3.325879183087263,0.0
official_4c_tierB_mc_baseline_official_v3,deterministic-engine-v1_official-runner,baseline-official-v3,v1.0.1-official-4c,CHL,GMI,GMI:GMI_ideal_aggregate,GMI_ideal_aggregate,low,r0,2034,support_valid,historical_reduced_form_positive_total_revenue,5000,-2.1254424804831253,-1.9679769491460757,-1.825879183087264,-1.657837000660191,-1.3704365962655676,1.0,True,1.0,0.0,True,0.0,0.0,2.7989396696046005,2.825879183087263,0.0,0.0,2.8489396696046008,2.875879183087264,0.0,0.0,2.898939669604601,2.925879183087264,0.0,0.0,3.0489396696046005,3.075879183087263,0.0,0.0,3.298939669604601,3.325879183087263,0.0
official_4c_tierB_mc_baseline_official_v3,deterministic-engine-v1_official-runner,baseline-official-v3,v1.0.1-official-4c,CHL,GMI,GMI:GMI_ideal_aggregate,GMI_ideal_aggregate,low,r0,2034,all_draw,historical_reduced_form_mixture_total_revenue,5000,-3.597092192164225,-2.0666825961725976,-1.8870418973824803,-1.7000778413023254,-1.3928509467466377,0.8362,False,0.8362,0.0,True,0.0,0.0,3.0693836849509544,2.8870418973824803,0.0,0.0,3.119383684950954,2.93704189738248,0.0,0.0,3.169383684950955,2.98704189738248,0.0,0.0,3.319383684950955,3.1370418973824803,0.0,0.0,3.569383684950955,3.3870418973824803,0.0
official_4c_tierB_mc_baseline_official_v3,deterministic-engine-v1_official-runner,baseline-official-v3,v1.0.1-official-4c,CHL,GMI,GMI:GMI_ideal_aggregate,GMI_ideal_aggregate,low,r0,2034,basic_valid,historical_reduced_form_mixture_total_revenue,5000,-2.1236053325461333,-1.970109121629952,-1.8341965648953016,-1.6608591227349092,-1.3615807908680024,0.8362,False,0.8362,0.0,True,0.0,0.0,2.800910155112745,2.8341965648953016,0.0,0.0,2.8509101551127456,2.884196564895302,0.0,0.0,2.9009101551127454,2.934196564895302,0.0,0.0,3.050910155112745,3.0841965648953016,0.0,0.0,3.300910155112745,3.3341965648953016,0.0
official_4c_tierB_mc_baseline_official_v3,deterministic-engine-v1_official-runner,baseline-official-v3,v1.0.1-official-4c,CHL,GMI,GMI:GMI_ideal_aggregate,GMI_ideal_aggregate,low,r0,2034,support_valid,historical_reduced_form_mixture_total_revenue,5000,-2.1236053325461333,-1.970109121629952,-1.8341965648953016,-1.6608591227349092,-1.3615807908680024,0.8362,False,0.8362,0.0,True,0.0,0.0,2.800910155112745,2.8341965648953016,0.0,0.0,2.8509101551127456,2.884196564895302,0.0,0.0,2.9009101551127454,2.934196564895302,0.0,0.0,3.050910155112745,3.0841965648953016,0.0,0.0,3.300910155112745,3.3341965648953016,0.0
official_4c_tierB_mc_baseline_official_v3,deterministic-engine-v1_official-runner,baseline-official-v3,v1.0.1-official-4c,CHL,GMI,GMI:GMI_loaded_aggregate,GMI_loaded_aggregate,low,r0,2034,all_draw,historical_reduced_form_positive_tax,5000,-1.4416901887870843,-1.3688736978872675,-1.298748234651555,-1.2149292479245957,-1.0732741889277082,1.0,True,1.0,0.0,True,0.0,0.0,2.283138072874423,2.298748234651555,0.0,0.0,2.3331380728744238,2.348748234651555,0.0,0.0,2.383138072874423,2.3987482346515554,0.0,0.0,2.533138072874423,2.548748234651555,0.0,0.0,2.783138072874423,2.798748234651555,0.0
official_4c_tierB_mc_baseline_official_v3,deterministic-engine-v1_official-runner,baseline-official-v3,v1.0.1-official-4c,CHL,GMI,GMI:GMI_loaded_aggregate,GMI_loaded_aggregate,low,r0,2034,basic_valid,historical_reduced_form_positive_tax,5000,-1.4416901887870843,-1.3688736978872675,-1.298748234651555,-1.2149292479245957,-1.0732741889277082,1.0,True,1.0,0.0,True,0.0,0.0,2.283138072874423,2.298748234651555,0.0,0.0,2.3331380728744238,2.348748234651555,0.0,0.0,2.383138072874423,2.3987482346515554,0.0,0.0,2.533138072874423,2.548748234651555,0.0,0.0,2.783138072874423,2.798748234651555,0.0
official_4c_tierB_mc_baseline_official_v3,deterministic-engine-v1_official-runner,baseline-official-v3,v1.0.1-official-4c,CHL,GMI,GMI:GMI_loaded_aggregate,GMI_loaded_aggregate,low,r0,2034,support_valid,historical_reduced_form_positive_tax,5000,-1.4416901887870843,-1.3688736978872675,-1.298748234651555,-1.2149292479245957,-1.0732741889277082,1.0,True,1.0,0.0,True,0.0,0.0,2.283138072874423,2.298748234651555,0.0,0.0,2.3331380728744238,2.348748234651555,0.0,0.0,2.383138072874423,2.3987482346515554,0.0,0.0,2.533138072874423,2.548748234651555,0.0,0.0,2.783138072874423,2.798748234651555,0.0
official_4c_tierB_mc_baseline_official_v3,deterministic-engine-v1_official-runner,baseline-official-v3,v1.0.1-official-4c,CHL,GMI,GMI:GMI_loaded_aggregate,GMI_loaded_aggregate,low,r0,2034,all_draw,historical_reduced_form_mixture_tax,5000,-2.30499418922072,-1.4401272953502215,-1.3334656060072962,-1.239944197936128,-1.0819843217162557,0.7914,False,0.7914,0.0,True,0.0,0.0,2.4647569720494253,2.333465606007296,0.0,0.0,2.5147569720494247,2.383465606007296,0.0,0.0,2.564756972049425,2.433465606007296,0.0,0.0,2.7147569720494253,2.583465606007296,0.0,0.0,2.9647569720494253,2.833465606007296,0.0
official_4c_tierB_mc_baseline_official_v3,deterministic-engine-v1_official-runner,baseline-official-v3,v1.0.1-official-4c,CHL,GMI,GMI:GMI_loaded_aggregate,GMI_loaded_aggregate,low,r0,2034,basic_valid,historical_reduced_form_mixture_tax,5000,-1.442088906252486,-1.365971299319298,-1.2968761519074363,-1.2153265883541946,-1.0672192619671357,0.7914,False,0.7914,0.0,True,0.0,0.0,2.2816697557485885,2.2968761519074365,0.0,0.0,2.331669755748588,2.346876151907437,0.0,0.0,2.3816697557485886,2.3968761519074366,0.0,0.0,2.5316697557485885,2.5468761519074365,0.0,0.0,2.7816697557485885,2.7968761519074365,0.0
official_4c_tierB_mc_baseline_official_v3,deterministic-engine-v1_official-runner,baseline-official-v3,v1.0.1-official-4c,CHL,GMI,GMI:GMI_loaded_aggregate,GMI_loaded_aggregate,low,r0,2034,support_valid,historical_reduced_form_mixture_tax,5000,-1.442088906252486,-1.365971299319298,-1.2968761519074363,-1.2153265883541946,-1.0672192619671357,0.7914,False,0.7914,0.0,True,0.0,0.0,2.2816697557485885,2.2968761519074365,0.0,0.0,2.331669755748588,2.346876151907437,0.0,0.0,2.3816697557485886,2.3968761519074366,0.0,0.0,2.5316697557485885,2.5468761519074365,0.0,0.0,2.7816697557485885,2.7968761519074365,0.0
official_4c_tierB_mc_baseline_official_v3,deterministic-engine-v1_official-runner,baseline-official-v3,v1.0.1-official-4c,CHL,GMI,GMI:GMI_loaded_aggregate,GMI_loaded_aggregate,low,r0,2034,all_draw,historical_reduced_form_positive_total_revenue,5000,-1.4158760450654837,-1.316003851049889,-1.2202781798255642,-1.112363614099296,-0.9177753389743508,1.0,True,1.0,0.0,True,0.0,0.0,2.2028274952620426,2.2202781798255646,0.0,0.0,2.252827495262043,2.2702781798255645,0.0,0.0,2.302827495262043,2.3202781798255643,0.0,0.0,2.4528274952620426,2.4702781798255646,0.0,0.0,2.7028274952620426,2.7202781798255646,0.0
official_4c_tierB_mc_baseline_official_v3,deterministic-engine-v1_official-runner,baseline-official-v3,v1.0.1-official-4c,CHL,GMI,GMI:GMI_loaded_aggregate,GMI_loaded_aggregate,low,r0,2034,basic_valid,historical_reduced_form_positive_total_revenue,5000,-1.4158760450654837,-1.316003851049889,-1.2202781798255642,-1.112363614099296,-0.9177753389743508,1.0,True,1.0,0.0,True,0.0,0.0,2.2028274952620426,2.2202781798255646,0.0,0.0,2.252827495262043,2.2702781798255645,0.0,0.0,2.302827495262043,2.3202781798255643,0.0,0.0,2.4528274952620426,2.4702781798255646,0.0,0.0,2.7028274952620426,2.7202781798255646,0.0
official_4c_tierB_mc_baseline_official_v3,deterministic-engine-v1_official-runner,baseline-official-v3,v1.0.1-official-4c,CHL,GMI,GMI:GMI_loaded_aggregate,GMI_loaded_aggregate,low,r0,2034,support_valid,historical_reduced_form_positive_total_revenue,5000,-1.4158760450654837,-1.316003851049889,-1.2202781798255642,-1.112363614099296,-0.9177753389743508,1.0,True,1.0,0.0,True,0.0,0.0,2.2028274952620426,2.2202781798255646,0.0,0.0,2.252827495262043,2.2702781798255645,0.0,0.0,2.302827495262043,2.3202781798255643,0.0,0.0,2.4528274952620426,2.4702781798255646,0.0,0.0,2.7028274952620426,2.7202781798255646,0.0
official_4c_tierB_mc_baseline_official_v3,deterministic-engine-v1_official-runner,baseline-official-v3,v1.0.1-official-4c,CHL,GMI,GMI:GMI_loaded_aggregate,GMI_loaded_aggregate,low,r0,2034,all_draw,historical_reduced_form_mixture_total_revenue,5000,-2.398632166189932,-1.381360323659894,-1.2588177947884054,-1.131794958809146,-0.9507236384957786,0.8354,False,0.8354,0.0,True,0.0,0.0,2.3801298018245896,2.2588177947884054,0.0,0.0,2.4301298018245894,2.308817794788405,0.0,0.0,2.48012980182459,2.358817794788405,0.0,0.0,2.6301298018245896,2.5088177947884054,0.0,0.0,2.8801298018245896,2.7588177947884054,0.0
official_4c_tierB_mc_baseline_official_v3,deterministic-engine-v1_official-runner,baseline-official-v3,v1.0.1-official-4c,CHL,GMI,GMI:GMI_loaded_aggregate,GMI_loaded_aggregate,low,r0,2034,basic_valid,historical_reduced_form_mixture_total_revenue,5000,-1.4214022708228486,-1.312218706795811,-1.2189692819516218,-1.107078138071573,-0.9304918362493998,0.8354,False,0.8354,0.0,True,0.0,0.0,2.201477375683868,2.2189692819516216,0.0,0.0,2.2514773756838675,2.268969281951622,0.0,0.0,2.301477375683868,2.318969281951622,0.0,0.0,2.451477375683868,2.4689692819516216,0.0,0.0,2.701477375683868,2.7189692819516216,0.0
official_4c_tierB_mc_baseline_official_v3,deterministic-engine-v1_official-runner,baseline-official-v3,v1.0.1-official-4c,CHL,GMI,GMI:GMI_loaded_aggregate,GMI_loaded_aggregate,low,r0,2034,support_valid,historical_reduced_form_mixture_total_revenue,5000,-1.4214022708228486,-1.312218706795811,-1.2189692819516218,-1.107078138071573,-0.9304918362493998,0.8354,False,0.8354,0.0,True,0.0,0.0,2.201477375683868,2.2189692819516216,0.0,0.0,2.2514773756838675,2.268969281951622,0.0,0.0,2.301477375683868,2.318969281951622,0.0,0.0,2.451477375683868,2.4689692819516216,0.0,0.0,2.701477375683868,2.7189692819516216,0.0
official_4c_tierB_mc_baseline_official_v3,deterministic-engine-v1_official-runner,baseline-official-v3,v1.0.1-official-4c,CHL,MUT,MUT,,low,r0,2034,all_draw,historical_reduced_form_positive_tax,5000,-0.0234614998295135,-0.0175907674238568,-0.0123884594097684,-0.0061633559718125,0.0047141398698943,1.0,True,1.0,0.0,True,0.0,0.0,1.011280118011754,1.0123884594097683,0.0,0.0,1.061280118011754,1.0623884594097683,0.0,0.0,1.1112801180117542,1.1123884594097686,0.0,0.0,1.261280118011754,1.2623884594097683,0.0,0.0,1.511280118011754,1.5123884594097683,0.0
official_4c_tierB_mc_baseline_official_v3,deterministic-engine-v1_official-runner,baseline-official-v3,v1.0.1-official-4c,CHL,MUT,MUT,,low,r0,2034,basic_valid,historical_reduced_form_positive_tax,5000,-0.0234614998295135,-0.0175907674238568,-0.0123884594097684,-0.0061633559718125,0.0047141398698943,1.0,True,1.0,0.0,True,0.0,0.0,1.011280118011754,1.0123884594097683,0.0,0.0,1.061280118011754,1.0623884594097683,0.0,0.0,1.1112801180117542,1.1123884594097686,0.0,0.0,1.261280118011754,1.2623884594097683,0.0,0.0,1.511280118011754,1.5123884594097683,0.0
official_4c_tierB_mc_baseline_official_v3,deterministic-engine-v1_official-runner,baseline-official-v3,v1.0.1-official-4c,CHL,MUT,MUT,,low,r0,2034,support_valid,historical_reduced_form_positive_tax,5000,-0.0234614998295135,-0.0175907674238568,-0.0123884594097684,-0.0061633559718125,0.0047141398698943,1.0,True,1.0,0.0,True,0.0,0.0,1.011280118011754,1.0123884594097683,0.0,0.0,1.061280118011754,1.0623884594097683,0.0,0.0,1.1112801180117542,1.1123884594097686,0.0,0.0,1.261280118011754,1.2623884594097683,0.0,0.0,1.511280118011754,1.5123884594097683,0.0
official_4c_tierB_mc_baseline_official_v3,deterministic-engine-v1_official-runner,baseline-official-v3,v1.0.1-official-4c,CHL,MUT,MUT,,low,r0,2034,all_draw,historical_reduced_form_mixture_tax,5000,-0.089548908124243,-0.0229088146213627,-0.0151546854774307,-0.0082646681682819,0.0034327686365995,0.7982,False,0.7982,0.0,True,0.0,0.0,1.0250475653248974,1.0151546854774307,0.0,0.0,1.0750475653248976,1.0651546854774308,0.0,0.0,1.1250475653248977,1.1151546854774308,0.0,0.0,1.2750475653248974,1.2651546854774307,0.0,0.0,1.5250475653248974,1.5151546854774307,0.0
official_4c_tierB_mc_baseline_official_v3,deterministic-engine-v1_official-runner,baseline-official-v3,v1.0.1-official-4c,CHL,MUT,MUT,,low,r0,2034,basic_valid,historical_reduced_form_mixture_tax,5000,-0.0232526406855164,-0.0178061465485934,-0.0126493448143465,-0.0065964388577742,0.0044845716675349,0.7982,False,0.7982,0.0,True,0.0,0.0,1.0114699865256165,1.0126493448143463,0.0,0.0,1.0614699865256163,1.0626493448143466,0.0,0.0,1.1114699865256166,1.1126493448143466,0.0,0.0,1.2614699865256165,1.2626493448143463,0.0,0.0,1.5114699865256165,1.5126493448143463,0.0
official_4c_tierB_mc_baseline_official_v3,deterministic-engine-v1_official-runner,baseline-official-v3,v1.0.1-official-4c,CHL,MUT,MUT,,low,r0,2034,support_valid,historical_reduced_form_mixture_tax,5000,-0.0232526406855164,-0.0178061465485934,-0.0126493448143465,-0.0065964388577742,0.0044845716675349,0.7982,False,0.7982,0.0,True,0.0,0.0,1.0114699865256165,1.0126493448143463,0.0,0.0,1.0614699865256163,1.0626493448143466,0.0,0.0,1.1114699865256166,1.1126493448143466,0.0,0.0,1.2614699865256165,1.2626493448143463,0.0,0.0,1.5114699865256165,1.5126493448143463,0.0
official_4c_tierB_mc_baseline_official_v3,deterministic-engine-v1_official-runner,baseline-official-v3,v1.0.1-official-4c,CHL,MUT,MUT,,low,r0,2034,all_draw,historical_reduced_form_positive_total_revenue,5000,-0.0216059370820034,-0.0135696520844736,-0.0064677162985982,0.001920801625571,0.0159614699326408,1.0,True,1.0,0.0,True,0.0,0.0,1.005121461320875,1.0064677162985984,0.0,0.0,1.055121461320875,1.0564677162985985,0.0,0.0,1.105121461320875,1.1064677162985983,0.0,0.0,1.255121461320875,1.2564677162985984,0.0,0.0,1.505121461320875,1.5064677162985984,0.0
official_4c_tierB_mc_baseline_official_v3,deterministic-engine-v1_official-runner,baseline-official-v3,v1.0.1-official-4c,CHL,MUT,MUT,,low,r0,2034,basic_valid,historical_reduced_form_positive_total_revenue,5000,-0.0216059370820034,-0.0135696520844736,-0.0064677162985982,0.001920801625571,0.0159614699326408,1.0,True,1.0,0.0,True,0.0,0.0,1.005121461320875,1.0064677162985984,0.0,0.0,1.055121461320875,1.0564677162985985,0.0,0.0,1.105121461320875,1.1064677162985983,0.0,0.0,1.255121461320875,1.2564677162985984,0.0,0.0,1.505121461320875,1.5064677162985984,0.0
official_4c_tierB_mc_baseline_official_v3,deterministic-engine-v1_official-runner,baseline-official-v3,v1.0.1-official-4c,CHL,MUT,MUT,,low,r0,2034,support_valid,historical_reduced_form_positive_total_revenue,5000,-0.0216059370820034,-0.0135696520844736,-0.0064677162985982,0.001920801625571,0.0159614699326408,1.0,True,1.0,0.0,True,0.0,0.0,1.005121461320875,1.0064677162985984,0.0,0.0,1.055121461320875,1.0564677162985985,0.0,0.0,1.105121461320875,1.1064677162985983,0.0,0.0,1.255121461320875,1.2564677162985984,0.0,0.0,1.505121461320875,1.5064677162985984,0.0
official_4c_tierB_mc_baseline_official_v3,deterministic-engine-v1_official-runner,baseline-official-v3,v1.0.1-official-4c,CHL,MUT,MUT,,low,r0,2034,all_draw,historical_reduced_form_mixture_total_revenue,5000,-0.0969107195704551,-0.019723329338726,-0.0097871282359599,-0.0005223328075601,0.0148791797860956,0.8244,False,0.8244,0.0,True,0.0,0.0,1.0196287153136134,1.0097871282359598,0.0,0.0,1.0696287153136137,1.05978712823596,0.0,0.0,1.1196287153136135,1.10978712823596,0.0,0.0,1.2696287153136134,1.2597871282359598,0.0,0.0,1.5196287153136134,1.5097871282359598,0.0
official_4c_tierB_mc_baseline_official_v3,deterministic-engine-v1_official-runner,baseline-official-v3,v1.0.1-official-4c,CHL,MUT,MUT,,low,r0,2034,basic_valid,historical_reduced_form_mixture_total_revenue,5000,-0.0218741744179405,-0.013991190898215,-0.0068558988283916,0.001741216809942,0.0166356219294677,0.8244,False,0.8244,0.0,True,0.0,0.0,1.0052818333067988,1.0068558988283915,0.0,0.0,1.0552818333067988,1.0568558988283918,0.0,0.0,1.105281833306799,1.1068558988283916,0.0,0.0,1.2552818333067988,1.2568558988283915,0.0,0.0,1.5052818333067988,1.5068558988283915,0.0
official_4c_tierB_mc_baseline_official_v3,deterministic-engine-v1_official-runner,baseline-official-v3,v1.0.1-official-4c,CHL,MUT,MUT,,low,r0,2034,support_valid,historical_reduced_form_mixture_total_revenue,5000,-0.0218741744179405,-0.013991190898215,-0.0068558988283916,0.001741216809942,0.0166356219294677,0.8244,False,0.8244,0.0,True,0.0,0.0,1.0052818333067988,1.0068558988283915,0.0,0.0,1.0552818333067988,1.0568558988283918,0.0,0.0,1.105281833306799,1.1068558988283916,0.0,0.0,1.2552818333067988,1.2568558988283915,0.0,0.0,1.5052818333067988,1.5068558988283915,0.0
official_4c_tierB_mc_baseline_official_v3,deterministic-engine-v1_official-runner,baseline-official-v3,v1.0.1-official-4c,CHL,PBI,PBI,,low,r0,2034,all_draw,historical_reduced_form_positive_tax,5000,-0.0080587503045251,-0.0044445743035581,-0.001403054615047,0.0022967353892299,0.0088058557142993,1.0,True,1.0,0.0,True,0.0,0.0,1.0007458461698786,1.001403054615047,0.0,0.0,1.0507458461698789,1.0514030546150472,0.0,0.0,1.100745846169879,1.101403054615047,0.0,0.0,1.2507458461698786,1.251403054615047,0.0,0.0,1.5007458461698786,1.501403054615047,0.0
official_4c_tierB_mc_baseline_official_v3,deterministic-engine-v1_official-runner,baseline-official-v3,v1.0.1-official-4c,CHL,PBI,PBI,,low,r0,2034,basic_valid,historical_reduced_form_positive_tax,5000,-0.0080587503045251,-0.0044445743035581,-0.001403054615047,0.0022967353892299,0.0088058557142993,1.0,True,1.0,0.0,True,0.0,0.0,1.0007458461698786,1.001403054615047,0.0,0.0,1.0507458461698789,1.0514030546150472,0.0,0.0,1.100745846169879,1.101403054615047,0.0,0.0,1.2507458461698786,1.251403054615047,0.0,0.0,1.5007458461698786,1.501403054615047,0.0
official_4c_tierB_mc_baseline_official_v3,deterministic-engine-v1_official-runner,baseline-official-v3,v1.0.1-official-4c,CHL,PBI,PBI,,low,r0,2034,support_valid,historical_reduced_form_positive_tax,5000,-0.0080587503045251,-0.0044445743035581,-0.001403054615047,0.0022967353892299,0.0088058557142993,1.0,True,1.0,0.0,True,0.0,0.0,1.0007458461698786,1.001403054615047,0.0,0.0,1.0507458461698789,1.0514030546150472,0.0,0.0,1.100745846169879,1.101403054615047,0.0,0.0,1.2507458461698786,1.251403054615047,0.0,0.0,1.5007458461698786,1.501403054615047,0.0
official_4c_tierB_mc_baseline_official_v3,deterministic-engine-v1_official-runner,baseline-official-v3,v1.0.1-official-4c,CHL,PBI,PBI,,low,r0,2034,all_draw,historical_reduced_form_mixture_tax,5000,-0.0477284618502411,-0.0080650386218685,-0.0032455509845577,0.0010367276647273,0.0079772695299153,0.783,False,0.783,0.0,True,0.0,0.0,1.0094780575305216,1.0032455509845577,0.0,0.0,1.0594780575305216,1.0532455509845575,0.0,0.0,1.1094780575305216,1.1032455509845578,0.0,0.0,1.2594780575305216,1.2532455509845577,0.0,0.0,1.5094780575305216,1.5032455509845577,0.0
official_4c_tierB_mc_baseline_official_v3,deterministic-engine-v1_official-runner,baseline-official-v3,v1.0.1-official-4c,CHL,PBI,PBI,,low,r0,2034,basic_valid,historical_reduced_form_mixture_tax,5000,-0.0078378529441086,-0.0045662715283017,-0.0014858035660651,0.0022901447302691,0.0090984735880864,0.783,False,0.783,0.0,True,0.0,0.0,1.000772049669407,1.0014858035660652,0.0,0.0,1.050772049669407,1.0514858035660652,0.0,0.0,1.100772049669407,1.1014858035660653,0.0,0.0,1.250772049669407,1.2514858035660652,0.0,0.0,1.500772049669407,1.5014858035660652,0.0
official_4c_tierB_mc_baseline_official_v3,deterministic-engine-v1_official-runner,baseline-official-v3,v1.0.1-official-4c,CHL,PBI,PBI,,low,r0,2034,support_valid,historical_reduced_form_mixture_tax,5000,-0.0078378529441086,-0.0045662715283017,-0.0014858035660651,0.0022901447302691,0.0090984735880864,0.783,False,0.783,0.0,True,0.0,0.0,1.000772049669407,1.0014858035660652,0.0,0.0,1.050772049669407,1.0514858035660652,0.0,0.0,1.100772049669407,1.1014858035660653,0.0,0.0,1.250772049669407,1.2514858035660652,0.0,0.0,1.500772049669407,1.5014858035660652,0.0
official_4c_tierB_mc_baseline_official_v3,deterministic-engine-v1_official-runner,baseline-official-v3,v1.0.1-official-4c,CHL,PBI,PBI,,low,r0,2034,all_draw,historical_reduced_form_positive_total_revenue,5000,-0.0069722061265036,-0.0019837098440196,0.0023249619924301,0.0071560913165628,0.0158761179329332,1.0,True,1.0,0.0,True,0.0,0.0,0.996960002631886,0.9976750380075698,0.0,0.0,1.0469600026318862,1.04767503800757,0.0,0.0,1.0969600026318862,1.09767503800757,0.0,0.0,1.246960002631886,1.2476750380075698,0.0,0.0,1.496960002631886,1.4976750380075698,0.0
official_4c_tierB_mc_baseline_official_v3,deterministic-engine-v1_official-runner,baseline-official-v3,v1.0.1-official-4c,CHL,PBI,PBI,,low,r0,2034,basic_valid,historical_reduced_form_positive_total_revenue,5000,-0.0069722061265036,-0.0019837098440196,0.0023249619924301,0.0071560913165628,0.0158761179329332,1.0,True,1.0,0.0,True,0.0,0.0,0.996960002631886,0.9976750380075698,0.0,0.0,1.0469600026318862,1.04767503800757,0.0,0.0,1.0969600026318862,1.09767503800757,0.0,0.0,1.246960002631886,1.2476750380075698,0.0,0.0,1.496960002631886,1.4976750380075698,0.0
official_4c_tierB_mc_baseline_official_v3,deterministic-engine-v1_official-runner,baseline-official-v3,v1.0.1-official-4c,CHL,PBI,PBI,,low,r0,2034,support_valid,historical_reduced_form_positive_total_revenue,5000,-0.0069722061265036,-0.0019837098440196,0.0023249619924301,0.0071560913165628,0.0158761179329332,1.0,True,1.0,0.0,True,0.0,0.0,0.996960002631886,0.9976750380075698,0.0,0.0,1.0469600026318862,1.04767503800757,0.0,0.0,1.0969600026318862,1.09767503800757,0.0,0.0,1.246960002631886,1.2476750380075698,0.0,0.0,1.496960002631886,1.4976750380075698,0.0
official_4c_tierB_mc_baseline_official_v3,deterministic-engine-v1_official-runner,baseline-official-v3,v1.0.1-official-4c,CHL,PBI,PBI,,low,r0,2034,all_draw,historical_reduced_form_mixture_total_revenue,5000,-0.0525756736422474,-0.0054975005179515,0.000429982820799,0.0060378517738794,0.0148995261671613,0.8336,False,0.8336,0.0,True,0.0,0.0,1.005333988636932,0.9995700171792008,0.0,0.0,1.0553339886369315,1.0495700171792008,0.0,0.0,1.1053339886369318,1.099570017179201,0.0,0.0,1.255333988636932,1.249570017179201,0.0,0.0,1.505333988636932,1.499570017179201,0.0
official_4c_tierB_mc_baseline_official_v3,deterministic-engine-v1_official-runner,baseline-official-v3,v1.0.1-official-4c,CHL,PBI,PBI,,low,r0,2034,basic_valid,historical_reduced_form_mixture_total_revenue,5000,-0.0070081686169686,-0.0022662451305713,0.002101766405569,0.0072342774670431,0.0158511377353472,0.8336,False,0.8336,0.0,True,0.0,0.0,0.99707201304319,0.9978982335944308,0.0,0.0,1.04707201304319,1.047898233594431,0.0,0.0,1.09707201304319,1.0978982335944312,0.0,0.0,1.24707201304319,1.247898233594431,0.0,0.0,1.49707201304319,1.497898233594431,0.0
official_4c_tierB_mc_baseline_official_v3,deterministic-engine-v1_official-runner,baseline-official-v3,v1.0.1-official-4c,CHL,PBI,PBI,,low,r0,2034,support_valid,historical_reduced_form_mixture_total_revenue,5000,-0.0070081686169686,-0.0022662451305713,0.002101766405569,0.0072342774670431,0.0158511377353472,0.8336,False,0.8336,0.0,True,0.0,0.0,0.99707201304319,0.9978982335944308,0.0,0.0,1.04707201304319,1.047898233594431,0.0,0.0,1.09707201304319,1.0978982335944312,0.0,0.0,1.24707201304319,1.247898233594431,0.0,0.0,1.49707201304319,1.497898233594431,0.0
official_4c_tierB_mc_baseline_official_v3,deterministic-engine-v1_official-runner,baseline-official-v3,v1.0.1-official-4c,CHL,UBI,UBI,,low,r0,2034,all_draw,historical_reduced_form_positive_tax,5000,-0.0020505356449644,-0.0006350070769527,0.0006429436108999,0.0021465013051374,0.0048826108862049,1.0,True,1.0,0.0,True,0.0,0.0,0.9990750953765064,0.9993570563891,0.0,0.0,1.049075095376507,1.0493570563891002,0.0,0.0,1.0990750953765065,1.0993570563891002,0.0,0.0,1.2490750953765066,1.2493570563891,0.0,0.0,1.4990750953765066,1.4993570563891,0.0
official_4c_tierB_mc_baseline_official_v3,deterministic-engine-v1_official-runner,baseline-official-v3,v1.0.1-official-4c,CHL,UBI,UBI,,low,r0,2034,basic_valid,historical_reduced_form_positive_tax,5000,-0.0020505356449644,-0.0006350070769527,0.0006429436108999,0.0021465013051374,0.0048826108862049,1.0,True,1.0,0.0,True,0.0,0.0,0.9990750953765064,0.9993570563891,0.0,0.0,1.049075095376507,1.0493570563891002,0.0,0.0,1.0990750953765065,1.0993570563891002,0.0,0.0,1.2490750953765066,1.2493570563891,0.0,0.0,1.4990750953765066,1.4993570563891,0.0
official_4c_tierB_mc_baseline_official_v3,deterministic-engine-v1_official-runner,baseline-official-v3,v1.0.1-official-4c,CHL,UBI,UBI,,low,r0,2034,support_valid,historical_reduced_form_positive_tax,5000,-0.0020505356449644,-0.0006350070769527,0.0006429436108999,0.0021465013051374,0.0048826108862049,1.0,True,1.0,0.0,True,0.0,0.0,0.9990750953765064,0.9993570563891,0.0,0.0,1.049075095376507,1.0493570563891002,0.0,0.0,1.0990750953765065,1.0993570563891002,0.0,0.0,1.2490750953765066,1.2493570563891,0.0,0.0,1.4990750953765066,1.4993570563891,0.0
official_4c_tierB_mc_baseline_official_v3,deterministic-engine-v1_official-runner,baseline-official-v3,v1.0.1-official-4c,CHL,UBI,UBI,,low,r0,2034,all_draw,historical_reduced_form_mixture_tax,5000,-0.0186369447795367,-0.0021765588424702,-5.292395454549848e-05,0.0017563595025091,0.0045331049946304,0.783,False,0.783,0.0,True,0.0,0.0,1.0026566044659522,1.0000529239545457,0.0,0.0,1.0526566044659522,1.0500529239545455,0.0,0.0,1.102656604465952,1.1000529239545456,0.0,0.0,1.2526566044659522,1.2500529239545457,0.0,0.0,1.5026566044659522,1.5000529239545457,0.0
official_4c_tierB_mc_baseline_official_v3,deterministic-engine-v1_official-runner,baseline-official-v3,v1.0.1-official-4c,CHL,UBI,UBI,,low,r0,2034,basic_valid,historical_reduced_form_mixture_tax,5000,-0.0020561768516868,-0.0006453293320027,0.0006598760412272,0.0022964839457462,0.0049230731827948,0.783,False,0.783,0.0,True,0.0,0.0,0.9990494876990976,0.9993401239587728,0.0,0.0,1.0490494876990974,1.0493401239587727,0.0,0.0,1.0990494876990975,1.0993401239587728,0.0,0.0,1.2490494876990972,1.2493401239587727,0.0,0.0,1.4990494876990972,1.4993401239587727,0.0
official_4c_tierB_mc_baseline_official_v3,deterministic-engine-v1_official-runner,baseline-official-v3,v1.0.1-official-4c,CHL,UBI,UBI,,low,r0,2034,support_valid,historical_reduced_form_mixture_tax,5000,-0.0020561768516868,-0.0006453293320027,0.0006598760412272,0.0022964839457462,0.0049230731827948,0.783,False,0.783,0.0,True,0.0,0.0,0.9990494876990976,0.9993401239587728,0.0,0.0,1.0490494876990974,1.0493401239587727,0.0,0.0,1.0990494876990975,1.0993401239587728,0.0,0.0,1.2490494876990972,1.2493401239587727,0.0,0.0,1.4990494876990972,1.4993401239587727,0.0
official_4c_tierB_mc_baseline_official_v3,deterministic-engine-v1_official-runner,baseline-official-v3,v1.0.1-official-4c,CHL,UBI,UBI,,low,r0,2034,all_draw,historical_reduced_form_positive_total_revenue,5000,-0.0015960050531152,0.0003625280762008,0.0020809154405616,0.0041882888870186,0.0078204159912618,1.0,True,1.0,0.0,True,0.0,0.0,0.997515095765287,0.9979190845594385,0.0,0.0,1.047515095765287,1.0479190845594384,0.0,0.0,1.097515095765287,1.0979190845594389,0.0,0.0,1.247515095765287,1.2479190845594386,0.0,0.0,1.497515095765287,1.4979190845594386,0.0
official_4c_tierB_mc_baseline_official_v3,deterministic-engine-v1_official-runner,baseline-official-v3,v1.0.1-official-4c,CHL,UBI,UBI,,low,r0,2034,basic_valid,historical_reduced_form_positive_total_revenue,5000,-0.0015960050531152,0.0003625280762008,0.0020809154405616,0.0041882888870186,0.0078204159912618,1.0,True,1.0,0.0,True,0.0,0.0,0.997515095765287,0.9979190845594385,0.0,0.0,1.047515095765287,1.0479190845594384,0.0,0.0,1.097515095765287,1.0979190845594389,0.0,0.0,1.247515095765287,1.2479190845594386,0.0,0.0,1.497515095765287,1.4979190845594386,0.0
official_4c_tierB_mc_baseline_official_v3,deterministic-engine-v1_official-runner,baseline-official-v3,v1.0.1-official-4c,CHL,UBI,UBI,,low,r0,2034,support_valid,historical_reduced_form_positive_total_revenue,5000,-0.0015960050531152,0.0003625280762008,0.0020809154405616,0.0041882888870186,0.0078204159912618,1.0,True,1.0,0.0,True,0.0,0.0,0.997515095765287,0.9979190845594385,0.0,0.0,1.047515095765287,1.0479190845594384,0.0,0.0,1.097515095765287,1.0979190845594389,0.0,0.0,1.247515095765287,1.2479190845594386,0.0,0.0,1.497515095765287,1.4979190845594386,0.0
official_4c_tierB_mc_baseline_official_v3,deterministic-engine-v1_official-runner,baseline-official-v3,v1.0.1-official-4c,CHL,UBI,UBI,,low,r0,2034,all_draw,historical_reduced_form_mixture_total_revenue,5000,-0.0193444780851322,-0.0008628232981989,0.001523412873473,0.0037066409797046,0.0074401267250385,0.8388,False,0.8388,0.0,True,0.0,0.0,1.0007451190773915,0.998476587126527,0.0,0.0,1.050745119077392,1.048476587126527,0.0,0.0,1.1007451190773925,1.0984765871265272,0.0,0.0,1.2507451190773915,1.248476587126527,0.0,0.0,1.5007451190773915,1.498476587126527,0.0
official_4c_tierB_mc_baseline_official_v3,deterministic-engine-v1_official-runner,baseline-official-v3,v1.0.1-official-4c,CHL,UBI,UBI,,low,r0,2034,basic_valid,historical_reduced_form_mixture_total_revenue,5000,-0.0014987804826241,0.0004135185033025,0.0021825229927235,0.0041875386352883,0.0078165901417351,0.8388,False,0.8388,0.0,True,0.0,0.0,0.997482484798928,0.9978174770072764,0.0,0.0,1.047482484798928,1.0478174770072766,0.0,0.0,1.0974824847989282,1.0978174770072764,0.0,0.0,1.247482484798928,1.2478174770072763,0.0,0.0,1.497482484798928,1.4978174770072763,0.0
official_4c_tierB_mc_baseline_official_v3,deterministic-engine-v1_official-runner,baseline-official-v3,v1.0.1-official-4c,CHL,UBI,UBI,,low,r0,2034,support_valid,historical_reduced_form_mixture_total_revenue,5000,-0.0014987804826241,0.0004135185033025,0.0021825229927235,0.0041875386352883,0.0078165901417351,0.8388,False,0.8388,0.0,True,0.0,0.0,0.997482484798928,0.9978174770072764,0.0,0.0,1.047482484798928,1.0478174770072766,0.0,0.0,1.0974824847989282,1.0978174770072764,0.0,0.0,1.247482484798928,1.2478174770072763,0.0,0.0,1.497482484798928,1.4978174770072763,0.0
official_4c_tierB_mc_baseline_official_v3,deterministic-engine-v1_official-runner,baseline-official-v3,v1.0.1-official-4c,CHL,PEN,PEN,,mid,r0,2034,all_draw,historical_reduced_form_positive_tax,5000,0.0770746251021602,0.1254066576473181,0.169326717939152,0.2222439562450193,0.3118500077923448,1.0,True,1.0,0.0,True,0.0,0.0,0.8213211368403267,0.830673282060848,0.0,0.0,0.871321136840327,0.880673282060848,0.0,0.0,0.9213211368403268,0.930673282060848,0.0,0.0,1.0713211368403266,1.080673282060848,0.0,0.0,1.3213211368403266,1.330673282060848,0.0
official_4c_tierB_mc_baseline_official_v3,deterministic-engine-v1_official-runner,baseline-official-v3,v1.0.1-official-4c,CHL,PEN,PEN,,mid,r0,2034,basic_valid,historical_reduced_form_positive_tax,5000,0.0770746251021602,0.1254066576473181,0.169326717939152,0.2222439562450193,0.3118500077923448,1.0,True,1.0,0.0,True,0.0,0.0,0.8213211368403267,0.830673282060848,0.0,0.0,0.871321136840327,0.880673282060848,0.0,0.0,0.9213211368403268,0.930673282060848,0.0,0.0,1.0713211368403266,1.080673282060848,0.0,0.0,1.3213211368403266,1.330673282060848,0.0
official_4c_tierB_mc_baseline_official_v3,deterministic-engine-v1_official-runner,baseline-official-v3,v1.0.1-official-4c,CHL,PEN,PEN,,mid,r0,2034,support_valid,historical_reduced_form_positive_tax,5000,0.0770746251021602,0.1254066576473181,0.169326717939152,0.2222439562450193,0.3118500077923448,1.0,True,1.0,0.0,True,0.0,0.0,0.8213211368403267,0.830673282060848,0.0,0.0,0.871321136840327,0.880673282060848,0.0,0.0,0.9213211368403268,0.930673282060848,0.0,0.0,1.0713211368403266,1.080673282060848,0.0,0.0,1.3213211368403266,1.330673282060848,0.0
official_4c_tierB_mc_baseline_official_v3,deterministic-engine-v1_official-runner,baseline-official-v3,v1.0.1-official-4c,CHL,PEN,PEN,,mid,r0,2034,all_draw,historical_reduced_form_mixture_tax,5000,-0.4658861828222884,0.076230337682052,0.1462603076806125,0.2064171215115261,0.300669446994861,0.7882,False,0.7882,0.0,True,0.0,0.0,0.9373101065207992,0.8537396923193874,0.0,0.0,0.9873101065207992,0.9037396923193874,0.0,0.0,1.0373101065207992,0.9537396923193876,0.0,0.0,1.1873101065207994,1.1037396923193874,0.0,0.0,1.4373101065207994,1.3537396923193874,0.0
official_4c_tierB_mc_baseline_official_v3,deterministic-engine-v1_official-runner,baseline-official-v3,v1.0.1-official-4c,CHL,PEN,PEN,,mid,r0,2034,basic_valid,historical_reduced_form_mixture_tax,5000,0.0765408924984664,0.1263881292403008,0.169208467345953,0.2228684037168395,0.312423678522548,0.7882,False,0.7882,0.0,True,0.0,0.0,0.8214028289348415,0.8307915326540469,0.0,0.0,0.8714028289348416,0.880791532654047,0.0,0.0,0.9214028289348416,0.930791532654047,0.0,0.0,1.0714028289348416,1.080791532654047,0.0,0.0,1.3214028289348416,1.330791532654047,0.0
official_4c_tierB_mc_baseline_official_v3,deterministic-engine-v1_official-runner,baseline-official-v3,v1.0.1-official-4c,CHL,PEN,PEN,,mid,r0,2034,support_valid,historical_reduced_form_mixture_tax,5000,0.0765408924984664,0.1263881292403008,0.169208467345953,0.2228684037168395,0.312423678522548,0.7882,False,0.7882,0.0,True,0.0,0.0,0.8214028289348415,0.8307915326540469,0.0,0.0,0.8714028289348416,0.880791532654047,0.0,0.0,0.9214028289348416,0.930791532654047,0.0,0.0,1.0714028289348416,1.080791532654047,0.0,0.0,1.3214028289348416,1.330791532654047,0.0
official_4c_tierB_mc_baseline_official_v3,deterministic-engine-v1_official-runner,baseline-official-v3,v1.0.1-official-4c,CHL,PEN,PEN,,mid,r0,2034,all_draw,historical_reduced_form_positive_total_revenue,5000,0.0922317976396302,0.1589950176127837,0.217383741712459,0.2903870490183239,0.4045284899303655,1.0,True,1.0,0.0,True,0.0,0.0,0.770545388730019,0.7826162582875409,0.0,0.0,0.8205453887300191,0.8326162582875409,0.0,0.0,0.8705453887300191,0.882616258287541,0.0,0.0,1.020545388730019,1.032616258287541,0.0,0.0,1.270545388730019,1.282616258287541,0.0
official_4c_tierB_mc_baseline_official_v3,deterministic-engine-v1_official-runner,baseline-official-v3,v1.0.1-official-4c,CHL,PEN,PEN,,mid,r0,2034,basic_valid,historical_reduced_form_positive_total_revenue,5000,0.0922317976396302,0.1589950176127837,0.217383741712459,0.2903870490183239,0.4045284899303655,1.0,True,1.0,0.0,True,0.0,0.0,0.770545388730019,0.7826162582875409,0.0,0.0,0.8205453887300191,0.8326162582875409,0.0,0.0,0.8705453887300191,0.882616258287541,0.0,0.0,1.020545388730019,1.032616258287541,0.0,0.0,1.270545388730019,1.282616258287541,0.0
official_4c_tierB_mc_baseline_official_v3,deterministic-engine-v1_official-runner,baseline-official-v3,v1.0.1-official-4c,CHL,PEN,PEN,,mid,r0,2034,support_valid,historical_reduced_form_positive_total_revenue,5000,0.0922317976396302,0.1589950176127837,0.217383741712459,0.2903870490183239,0.4045284899303655,1.0,True,1.0,0.0,True,0.0,0.0,0.770545388730019,0.7826162582875409,0.0,0.0,0.8205453887300191,0.8326162582875409,0.0,0.0,0.8705453887300191,0.882616258287541,0.0,0.0,1.020545388730019,1.032616258287541,0.0,0.0,1.270545388730019,1.282616258287541,0.0
official_4c_tierB_mc_baseline_official_v3,deterministic-engine-v1_official-runner,baseline-official-v3,v1.0.1-official-4c,CHL,PEN,PEN,,mid,r0,2034,all_draw,historical_reduced_form_mixture_total_revenue,5000,-0.494703811046691,0.1164927051022345,0.195409421559166,0.2708177454419496,0.3934775225591392,0.837,False,0.837,0.0,True,0.0,0.0,0.8792597518203679,0.804590578440834,0.0,0.0,0.9292597518203678,0.8545905784408341,0.0,0.0,0.9792597518203678,0.904590578440834,0.0,0.0,1.1292597518203678,1.054590578440834,0.0,0.0,1.3792597518203678,1.304590578440834,0.0
official_4c_tierB_mc_baseline_official_v3,deterministic-engine-v1_official-runner,baseline-official-v3,v1.0.1-official-4c,CHL,PEN,PEN,,mid,r0,2034,basic_valid,historical_reduced_form_mixture_total_revenue,5000,0.0932594277322216,0.158388174447845,0.2169335839398652,0.2859282263352786,0.4027188763171608,0.837,False,0.837,0.0,True,0.0,0.0,0.7714939221754297,0.7830664160601347,0.0,0.0,0.8214939221754297,0.8330664160601348,0.0,0.0,0.8714939221754296,0.8830664160601348,0.0,0.0,1.0214939221754298,1.0330664160601348,0.0,0.0,1.27149392217543,1.2830664160601348,0.0
official_4c_tierB_mc_baseline_official_v3,deterministic-engine-v1_official-runner,baseline-official-v3,v1.0.1-official-4c,CHL,PEN,PEN,,mid,r0,2034,support_valid,historical_reduced_form_mixture_total_revenue,5000,0.0932594277322216,0.158388174447845,0.2169335839398652,0.2859282263352786,0.4027188763171608,0.837,False,0.837,0.0,True,0.0,0.0,0.7714939221754297,0.7830664160601347,0.0,0.0,0.8214939221754297,0.8330664160601348,0.0,0.0,0.8714939221754296,0.8830664160601348,0.0,0.0,1.0214939221754298,1.0330664160601348,0.0,0.0,1.27149392217543,1.2830664160601348,0.0
official_4c_tierB_mc_baseline_official_v3,deterministic-engine-v1_official-runner,baseline-official-v3,v1.0.1-official-4c,CHL,GMI,GMI:GMI_ideal_aggregate,GMI_ideal_aggregate,mid,r0,2034,all_draw,historical_reduced_form_positive_tax,5000,0.3412388991328157,1.3923190862540218,2.294816748556972,3.409677000252098,5.316599795689445,1.0,True,1.0,0.8196,True,0.838,0.838,0.5127148374925891,0.4280899251858996,0.8294,0.8294,0.5356762690084588,0.456845914381619,0.8196,0.8196,0.5551695176003116,0.4779892033589093,0.7822,0.7822,0.597131837146516,0.5090240057074008,0.7138,0.7138,0.671075693979441,0.5935311171992782,0.838
official_4c_tierB_mc_baseline_official_v3,deterministic-engine-v1_official-runner,baseline-official-v3,v1.0.1-official-4c,CHL,GMI,GMI:GMI_ideal_aggregate,GMI_ideal_aggregate,mid,r0,2034,basic_valid,historical_reduced_form_positive_tax,5000,0.3412388991328157,1.3923190862540218,2.294816748556972,3.409677000252098,5.316599795689445,1.0,True,1.0,0.8196,True,0.838,0.838,0.5127148374925891,0.4280899251858996,0.8294,0.8294,0.5356762690084588,0.456845914381619,0.8196,0.8196,0.5551695176003116,0.4779892033589093,0.7822,0.7822,0.597131837146516,0.5090240057074008,0.7138,0.7138,0.671075693979441,0.5935311171992782,0.838
official_4c_tierB_mc_baseline_official_v3,deterministic-engine-v1_official-runner,baseline-official-v3,v1.0.1-official-4c,CHL,GMI,GMI:GMI_ideal_aggregate,GMI_ideal_aggregate,mid,r0,2034,support_valid,historical_reduced_form_positive_tax,5000,0.3412388991328157,1.3923190862540218,2.294816748556972,3.409677000252098,5.316599795689445,1.0,True,1.0,0.8196,True,0.838,0.838,0.5127148374925891,0.4280899251858996,0.8294,0.8294,0.5356762690084588,0.456845914381619,0.8196,0.8196,0.5551695176003116,0.4779892033589093,0.7822,0.7822,0.597131837146516,0.5090240057074008,0.7138,0.7138,0.671075693979441,0.5935311171992782,0.838
official_4c_tierB_mc_baseline_official_v3,deterministic-engine-v1_official-runner,baseline-official-v3,v1.0.1-official-4c,CHL,GMI,GMI:GMI_ideal_aggregate,GMI_ideal_aggregate,mid,r0,2034,all_draw,historical_reduced_form_mixture_tax,5000,-11.098223430618306,0.3686393195591817,1.7827869633375637,3.031974002760067,4.978906292320399,0.793,False,0.793,0.645,True,0.6606,0.6606,6.325220298932558,7.033373550369424,0.653,0.653,6.236045327241524,6.977197680298608,0.645,0.645,6.144837085715953,6.912114458364876,0.616,0.616,5.825094843521902,6.251584353230152,0.5656,0.5656,5.384970044300801,1.6542013974359533,0.6606
official_4c_tierB_mc_baseline_official_v3,deterministic-engine-v1_official-runner,baseline-official-v3,v1.0.1-official-4c,CHL,GMI,GMI:GMI_ideal_aggregate,GMI_ideal_aggregate,mid,r0,2034,basic_valid,historical_reduced_form_mixture_tax,5000,0.3306374018985455,1.357204790290949,2.262926986310017,3.385207765166599,5.207990161180443,0.793,False,0.793,0.645,True,0.8330390920554855,0.8330390920554855,0.5136242479466355,0.4380295970290083,0.8234552332912989,0.8234552332912989,0.5341557823088129,0.4596278834388002,0.8133669609079445,0.8133669609079445,0.5536570702674863,0.4769666745545525,0.776796973518285,0.776796973518285,0.6006242987730803,0.5272713210411913,0.7132408575031526,0.7132408575031526,0.6902157793082352,0.621093923803592,0.8330390920554855
official_4c_tierB_mc_baseline_official_v3,deterministic-engine-v1_official-runner,baseline-official-v3,v1.0.1-official-4c,CHL,GMI,GMI:GMI_ideal_aggregate,GMI_ideal_aggregate,mid,r0,2034,support_valid,historical_reduced_form_mixture_tax,5000,0.3306374018985455,1.357204790290949,2.262926986310017,3.385207765166599,5.207990161180443,0.793,False,0.793,0.645,True,0.8330390920554855,0.8330390920554855,0.5136242479466355,0.4380295970290083,0.8234552332912989,0.8234552332912989,0.5341557823088129,0.4596278834388002,0.8133669609079445,0.8133669609079445,0.5536570702674863,0.4769666745545525,0.776796973518285,0.776796973518285,0.6006242987730803,0.5272713210411913,0.7132408575031526,0.7132408575031526,0.6902157793082352,0.621093923803592,0.8330390920554855
official_4c_tierB_mc_baseline_official_v3,deterministic-engine-v1_official-runner,baseline-official-v3,v1.0.1-official-4c,CHL,GMI,GMI:GMI_ideal_aggregate,GMI_ideal_aggregate,mid,r0,2034,all_draw,historical_reduced_form_positive_total_revenue,5000,0.6583657895713484,2.061613420067098,3.318265503277704,4.759779820743092,7.314370424692863,1.0,True,1.0,0.905,True,0.9176,0.9176,0.5522221899454565,0.450958985656925,0.9108,0.9108,0.558122091362913,0.4709507395297463,0.905,0.905,0.5725176764238921,0.4856095320912275,0.8884,0.8884,0.6262755346276528,0.5243908672950472,0.8528,0.8528,0.6973431090982648,0.5837255443746105,0.9176
official_4c_tierB_mc_baseline_official_v3,deterministic-engine-v1_official-runner,baseline-official-v3,v1.0.1-official-4c,CHL,GMI,GMI:GMI_ideal_aggregate,GMI_ideal_aggregate,mid,r0,2034,basic_valid,historical_reduced_form_positive_total_revenue,5000,0.6583657895713484,2.061613420067098,3.318265503277704,4.759779820743092,7.314370424692863,1.0,True,1.0,0.905,True,0.9176,0.9176,0.5522221899454565,0.450958985656925,0.9108,0.9108,0.558122091362913,0.4709507395297463,0.905,0.905,0.5725176764238921,0.4856095320912275,0.8884,0.8884,0.6262755346276528,0.5243908672950472,0.8528,0.8528,0.6973431090982648,0.5837255443746105,0.9176
official_4c_tierB_mc_baseline_official_v3,deterministic-engine-v1_official-runner,baseline-official-v3,v1.0.1-official-4c,CHL,GMI,GMI:GMI_ideal_aggregate,GMI_ideal_aggregate,mid,r0,2034,support_valid,historical_reduced_form_positive_total_revenue,5000,0.6583657895713484,2.061613420067098,3.318265503277704,4.759779820743092,7.314370424692863,1.0,True,1.0,0.905,True,0.9176,0.9176,0.5522221899454565,0.450958985656925,0.9108,0.9108,0.558122091362913,0.4709507395297463,0.905,0.905,0.5725176764238921,0.4856095320912275,0.8884,0.8884,0.6262755346276528,0.5243908672950472,0.8528,0.8528,0.6973431090982648,0.5837255443746105,0.9176
official_4c_tierB_mc_baseline_official_v3,deterministic-engine-v1_official-runner,baseline-official-v3,v1.0.1-official-4c,CHL,GMI,GMI:GMI_ideal_aggregate,GMI_ideal_aggregate,mid,r0,2034,all_draw,historical_reduced_form_mixture_total_revenue,5000,-12.293836224589,1.144241653786429,2.7975039957602688,4.448539888162691,7.137105377283829,0.8346,False,0.8346,0.7542,True,0.7664,0.7664,8.37695880792641,8.789527306919199,0.7596,0.7596,8.189242163345956,8.650950317644899,0.7542,0.7542,8.058838939064488,8.547547334545282,0.7368,0.7368,7.670989535585805,8.296413278842623,0.7032,0.7032,7.037486160048776,7.601991596205119,0.7664
official_4c_tierB_mc_baseline_official_v3,deterministic-engine-v1_official-runner,baseline-official-v3,v1.0.1-official-4c,CHL,GMI,GMI:GMI_ideal_aggregate,GMI_ideal_aggregate,mid,r0,2034,basic_valid,historical_reduced_form_mixture_total_revenue,5000,0.6625346357575478,2.0409101823632483,3.2765709308366837,4.844497282045363,7.3367542677044115,0.8346,False,0.8346,0.7542,True,0.918284208003834,0.918284208003834,0.5199165376290511,0.4362623416800939,0.910136592379583,0.910136592379583,0.5203272853741212,0.4505964857145051,0.903666427030913,0.903666427030913,0.5338724074221713,0.470490118384758,0.8828181164629763,0.8828181164629763,0.5752062995999563,0.4668177444835339,0.8425593098490295,0.8425593098490295,0.6440382240271586,0.5345333232869881,0.918284208003834
official_4c_tierB_mc_baseline_official_v3,deterministic-engine-v1_official-runner,baseline-official-v3,v1.0.1-official-4c,CHL,GMI,GMI:GMI_ideal_aggregate,GMI_ideal_aggregate,mid,r0,2034,support_valid,historical_reduced_form_mixture_total_revenue,5000,0.6625346357575478,2.0409101823632483,3.2765709308366837,4.844497282045363,7.3367542677044115,0.8346,False,0.8346,0.7542,True,0.918284208003834,0.918284208003834,0.5199165376290511,0.4362623416800939,0.910136592379583,0.910136592379583,0.5203272853741212,0.4505964857145051,0.903666427030913,0.903666427030913,0.5338724074221713,0.470490118384758,0.8828181164629763,0.8828181164629763,0.5752062995999563,0.4668177444835339,0.8425593098490295,0.8425593098490295,0.6440382240271586,0.5345333232869881,0.918284208003834
official_4c_tierB_mc_baseline_official_v3,deterministic-engine-v1_official-runner,baseline-official-v3,v1.0.1-official-4c,CHL,GMI,GMI:GMI_loaded_aggregate,GMI_loaded_aggregate,mid,r0,2034,all_draw,historical_reduced_form_positive_tax,5000,0.1879632911872736,0.8876941989277085,1.484824386551184,2.2274624449924323,3.518405630270592,1.0,True,1.0,0.6584,True,0.7048,0.7048,0.4611341600668824,0.4035676171008214,0.6818,0.6818,0.4760193552066508,0.4012577417505123,0.6584,0.6584,0.4917275544768021,0.4220407204177054,0.6004,0.6004,0.5595782973516493,0.4978114843177832,0.494,0.494,0.665865676452552,0.6039690687169159,0.7048
official_4c_tierB_mc_baseline_official_v3,deterministic-engine-v1_official-runner,baseline-official-v3,v1.0.1-official-4c,CHL,GMI,GMI:GMI_loaded_aggregate,GMI_loaded_aggregate,mid,r0,2034,basic_valid,historical_reduced_form_positive_tax,5000,0.1879632911872736,0.8876941989277085,1.484824386551184,2.2274624449924323,3.518405630270592,1.0,True,1.0,0.6584,True,0.7048,0.7048,0.4611341600668824,0.4035676171008214,0.6818,0.6818,0.4760193552066508,0.4012577417505123,0.6584,0.6584,0.4917275544768021,0.4220407204177054,0.6004,0.6004,0.5595782973516493,0.4978114843177832,0.494,0.494,0.665865676452552,0.6039690687169159,0.7048
official_4c_tierB_mc_baseline_official_v3,deterministic-engine-v1_official-runner,baseline-official-v3,v1.0.1-official-4c,CHL,GMI,GMI:GMI_loaded_aggregate,GMI_loaded_aggregate,mid,r0,2034,support_valid,historical_reduced_form_positive_tax,5000,0.1879632911872736,0.8876941989277085,1.484824386551184,2.2274624449924323,3.518405630270592,1.0,True,1.0,0.6584,True,0.7048,0.7048,0.4611341600668824,0.4035676171008214,0.6818,0.6818,0.4760193552066508,0.4012577417505123,0.6584,0.6584,0.4917275544768021,0.4220407204177054,0.6004,0.6004,0.5595782973516493,0.4978114843177832,0.494,0.494,0.665865676452552,0.6039690687169159,0.7048
official_4c_tierB_mc_baseline_official_v3,deterministic-engine-v1_official-runner,baseline-official-v3,v1.0.1-official-4c,CHL,GMI,GMI:GMI_loaded_aggregate,GMI_loaded_aggregate,mid,r0,2034,all_draw,historical_reduced_form_mixture_tax,5000,-7.305588466117457,0.2111968262697838,1.176288983110528,2.0477648018023142,3.3982739430010964,0.783,False,0.783,0.5256,True,0.5578,0.5578,3.628778313370859,1.2242585373960435,0.5394,0.5394,3.5327211202720377,1.045288402589968,0.5256,0.5256,3.4792669017522155,0.9987978668196642,0.479,0.479,3.3117542931495785,0.962784722076268,0.4016,0.4016,3.1175313056910325,1.0126339350297162,0.5578
official_4c_tierB_mc_baseline_official_v3,deterministic-engine-v1_official-runner,baseline-official-v3,v1.0.1-official-4c,CHL,GMI,GMI:GMI_loaded_aggregate,GMI_loaded_aggregate,mid,r0,2034,basic_valid,historical_reduced_form_mixture_tax,5000,0.2533006087684517,0.9055229214030897,1.533185547999464,2.2855045770003914,3.537236033907168,0.783,False,0.783,0.5256,True,0.7123882503192848,0.7123882503192848,0.4369808958208773,0.3879115939456636,0.6888888888888889,0.6888888888888889,0.4519034300639081,0.3963361022246718,0.671264367816092,0.671264367816092,0.476404606672566,0.4174154745571277,0.611749680715198,0.611749680715198,0.5425536654513101,0.4837006175784188,0.5128991060025543,0.5128991060025543,0.6575591528363443,0.6085818296685839,0.7123882503192848
official_4c_tierB_mc_baseline_official_v3,deterministic-engine-v1_official-runner,baseline-official-v3,v1.0.1-official-4c,CHL,GMI,GMI:GMI_loaded_aggregate,GMI_loaded_aggregate,mid,r0,2034,support_valid,historical_reduced_form_mixture_tax,5000,0.2533006087684517,0.9055229214030897,1.533185547999464,2.2855045770003914,3.537236033907168,0.783,False,0.783,0.5256,True,0.7123882503192848,0.7123882503192848,0.4369808958208773,0.3879115939456636,0.6888888888888889,0.6888888888888889,0.4519034300639081,0.3963361022246718,0.671264367816092,0.671264367816092,0.476404606672566,0.4174154745571277,0.611749680715198,0.611749680715198,0.5425536654513101,0.4837006175784188,0.5128991060025543,0.5128991060025543,0.6575591528363443,0.6085818296685839,0.7123882503192848
official_4c_tierB_mc_baseline_official_v3,deterministic-engine-v1_official-runner,baseline-official-v3,v1.0.1-official-4c,CHL,GMI,GMI:GMI_loaded_aggregate,GMI_loaded_aggregate,mid,r0,2034,all_draw,historical_reduced_form_positive_total_revenue,5000,0.4604051756633155,1.369529369465866,2.194268994554622,3.194580252594519,4.78209000422321,1.0,True,1.0,0.8244,True,0.851,0.851,0.4440786644919374,0.3817342004863727,0.8378,0.8378,0.4560814520413446,0.3883198007551333,0.8244,0.8244,0.4696105479230769,0.4059725863639686,0.788,0.788,0.5255912427761663,0.4578392099911044,0.7146,0.7146,0.6092790068364982,0.5250701065470481,0.851
official_4c_tierB_mc_baseline_official_v3,deterministic-engine-v1_official-runner,baseline-official-v3,v1.0.1-official-4c,CHL,GMI,GMI:GMI_loaded_aggregate,GMI_loaded_aggregate,mid,r0,2034,basic_valid,historical_reduced_form_positive_total_revenue,5000,0.4604051756633155,1.369529369465866,2.194268994554622,3.194580252594519,4.78209000422321,1.0,True,1.0,0.8244,True,0.851,0.851,0.4440786644919374,0.3817342004863727,0.8378,0.8378,0.4560814520413446,0.3883198007551333,0.8244,0.8244,0.4696105479230769,0.4059725863639686,0.788,0.788,0.5255912427761663,0.4578392099911044,0.7146,0.7146,0.6092790068364982,0.5250701065470481,0.851
official_4c_tierB_mc_baseline_official_v3,deterministic-engine-v1_official-runner,baseline-official-v3,v1.0.1-official-4c,CHL,GMI,GMI:GMI_loaded_aggregate,GMI_loaded_aggregate,mid,r0,2034,support_valid,historical_reduced_form_positive_total_revenue,5000,0.4604051756633155,1.369529369465866,2.194268994554622,3.194580252594519,4.78209000422321,1.0,True,1.0,0.8244,True,0.851,0.851,0.4440786644919374,0.3817342004863727,0.8378,0.8378,0.4560814520413446,0.3883198007551333,0.8244,0.8244,0.4696105479230769,0.4059725863639686,0.788,0.788,0.5255912427761663,0.4578392099911044,0.7146,0.7146,0.6092790068364982,0.5250701065470481,0.851
official_4c_tierB_mc_baseline_official_v3,deterministic-engine-v1_official-runner,baseline-official-v3,v1.0.1-official-4c,CHL,GMI,GMI:GMI_loaded_aggregate,GMI_loaded_aggregate,mid,r0,2034,all_draw,historical_reduced_form_mixture_total_revenue,5000,-8.171876245721945,0.7371739493382331,1.8579169893227123,2.933089634137892,4.666604134981345,0.8294,False,0.8294,0.6806,True,0.6998,0.6998,4.830775251837714,5.169564995479263,0.691,0.691,4.74250180046369,5.138069132105305,0.6806,0.6806,4.6372812618256924,4.919508757730489,0.646,0.646,4.326596584155113,1.3956353818109073,0.5892,0.5892,3.9606524998316255,1.1170066750253804,0.6998
official_4c_tierB_mc_baseline_official_v3,deterministic-engine-v1_official-runner,baseline-official-v3,v1.0.1-official-4c,CHL,GMI,GMI:GMI_loaded_aggregate,GMI_loaded_aggregate,mid,r0,2034,basic_valid,historical_reduced_form_mixture_total_revenue,5000,0.4497085608893132,1.3607214960028182,2.2196623940310336,3.175172337337181,4.863230634143298,0.8294,False,0.8294,0.6806,True,0.8437424644321196,0.8437424644321196,0.441807588046842,0.3639129587610837,0.8331323848565227,0.8331323848565227,0.462157436072753,0.3820913254235773,0.8205931999035447,0.8205931999035447,0.4781395687924393,0.4093787745233594,0.7788762961176754,0.7788762961176754,0.5235808266090448,0.4528952132043143,0.7103930552206414,0.7103930552206414,0.6194653611158221,0.5499893950679047,0.8437424644321196
official_4c_tierB_mc_baseline_official_v3,deterministic-engine-v1_official-runner,baseline-official-v3,v1.0.1-official-4c,CHL,GMI,GMI:GMI_loaded_aggregate,GMI_loaded_aggregate,mid,r0,2034,support_valid,historical_reduced_form_mixture_total_revenue,5000,0.4497085608893132,1.3607214960028182,2.2196623940310336,3.175172337337181,4.863230634143298,0.8294,False,0.8294,0.6806,True,0.8437424644321196,0.8437424644321196,0.441807588046842,0.3639129587610837,0.8331323848565227,0.8331323848565227,0.462157436072753,0.3820913254235773,0.8205931999035447,0.8205931999035447,0.4781395687924393,0.4093787745233594,0.7788762961176754,0.7788762961176754,0.5235808266090448,0.4528952132043143,0.7103930552206414,0.7103930552206414,0.6194653611158221,0.5499893950679047,0.8437424644321196
official_4c_tierB_mc_baseline_official_v3,deterministic-engine-v1_official-runner,baseline-official-v3,v1.0.1-official-4c,CHL,MUT,MUT,,mid,r0,2034,all_draw,historical_reduced_form_positive_tax,5000,0.1015685329200422,0.1549473208518607,0.1996515536293643,0.2560876685860077,0.3531738196961795,1.0,True,1.0,0.0,True,0.0,0.0,0.7896833843265234,0.8003484463706357,0.0,0.0,0.8396833843265235,0.8503484463706358,0.0,0.0,0.8896833843265236,0.9003484463706358,0.0,0.0,1.0396833843265234,1.0503484463706356,0.0,0.0,1.2896833843265234,1.3003484463706356,0.0
official_4c_tierB_mc_baseline_official_v3,deterministic-engine-v1_official-runner,baseline-official-v3,v1.0.1-official-4c,CHL,MUT,MUT,,mid,r0,2034,basic_valid,historical_reduced_form_positive_tax,5000,0.1015685329200422,0.1549473208518607,0.1996515536293643,0.2560876685860077,0.3531738196961795,1.0,True,1.0,0.0,True,0.0,0.0,0.7896833843265234,0.8003484463706357,0.0,0.0,0.8396833843265235,0.8503484463706358,0.0,0.0,0.8896833843265236,0.9003484463706358,0.0,0.0,1.0396833843265234,1.0503484463706356,0.0,0.0,1.2896833843265234,1.3003484463706356,0.0
official_4c_tierB_mc_baseline_official_v3,deterministic-engine-v1_official-runner,baseline-official-v3,v1.0.1-official-4c,CHL,MUT,MUT,,mid,r0,2034,support_valid,historical_reduced_form_positive_tax,5000,0.1015685329200422,0.1549473208518607,0.1996515536293643,0.2560876685860077,0.3531738196961795,1.0,True,1.0,0.0,True,0.0,0.0,0.7896833843265234,0.8003484463706357,0.0,0.0,0.8396833843265235,0.8503484463706358,0.0,0.0,0.8896833843265236,0.9003484463706358,0.0,0.0,1.0396833843265234,1.0503484463706356,0.0,0.0,1.2896833843265234,1.3003484463706356,0.0
official_4c_tierB_mc_baseline_official_v3,deterministic-engine-v1_official-runner,baseline-official-v3,v1.0.1-official-4c,CHL,MUT,MUT,,mid,r0,2034,all_draw,historical_reduced_form_mixture_tax,5000,-0.4720950371720385,0.1028621560779596,0.1783976979107027,0.2392295608960642,0.3423278204312409,0.7926,False,0.7926,0.0,True,0.0,0.0,0.9100321269201032,0.8216023020892973,0.0,0.0,0.9600321269201032,0.8716023020892973,0.0,0.0,1.0100321269201036,0.9216023020892974,0.0,0.0,1.160032126920103,1.0716023020892973,0.0,0.0,1.4100321269201033,1.3216023020892973,0.0
official_4c_tierB_mc_baseline_official_v3,deterministic-engine-v1_official-runner,baseline-official-v3,v1.0.1-official-4c,CHL,MUT,MUT,,mid,r0,2034,basic_valid,historical_reduced_form_mixture_tax,5000,0.1010422197596408,0.1548023380477807,0.2006720867016895,0.2553349391972803,0.3534357124460047,0.7926,False,0.7926,0.0,True,0.0,0.0,0.7894410121470137,0.7993279132983104,0.0,0.0,0.8394410121470136,0.8493279132983105,0.0,0.0,0.8894410121470138,0.8993279132983105,0.0,0.0,1.0394410121470137,1.0493279132983104,0.0,0.0,1.2894410121470137,1.2993279132983104,0.0
official_4c_tierB_mc_baseline_official_v3,deterministic-engine-v1_official-runner,baseline-official-v3,v1.0.1-official-4c,CHL,MUT,MUT,,mid,r0,2034,support_valid,historical_reduced_form_mixture_tax,5000,0.1010422197596408,0.1548023380477807,0.2006720867016895,0.2553349391972803,0.3534357124460047,0.7926,False,0.7926,0.0,True,0.0,0.0,0.7894410121470137,0.7993279132983104,0.0,0.0,0.8394410121470136,0.8493279132983105,0.0,0.0,0.8894410121470138,0.8993279132983105,0.0,0.0,1.0394410121470137,1.0493279132983104,0.0,0.0,1.2894410121470137,1.2993279132983104,0.0
official_4c_tierB_mc_baseline_official_v3,deterministic-engine-v1_official-runner,baseline-official-v3,v1.0.1-official-4c,CHL,MUT,MUT,,mid,r0,2034,all_draw,historical_reduced_form_positive_total_revenue,5000,0.1179525571286856,0.1891125067190234,0.2513564743067764,0.3258032481102898,0.4499577784088592,1.0,True,1.0,0.0,True,0.0,0.0,0.7363970749415979,0.7486435256932236,0.0,0.0,0.7863970749415979,0.7986435256932236,0.0,0.0,0.8363970749415981,0.8486435256932237,0.0,0.0,0.986397074941598,0.9986435256932236,0.0,0.0,1.236397074941598,1.2486435256932236,0.0
official_4c_tierB_mc_baseline_official_v3,deterministic-engine-v1_official-runner,baseline-official-v3,v1.0.1-official-4c,CHL,MUT,MUT,,mid,r0,2034,basic_valid,historical_reduced_form_positive_total_revenue,5000,0.1179525571286856,0.1891125067190234,0.2513564743067764,0.3258032481102898,0.4499577784088592,1.0,True,1.0,0.0,True,0.0,0.0,0.7363970749415979,0.7486435256932236,0.0,0.0,0.7863970749415979,0.7986435256932236,0.0,0.0,0.8363970749415981,0.8486435256932237,0.0,0.0,0.986397074941598,0.9986435256932236,0.0,0.0,1.236397074941598,1.2486435256932236,0.0
official_4c_tierB_mc_baseline_official_v3,deterministic-engine-v1_official-runner,baseline-official-v3,v1.0.1-official-4c,CHL,MUT,MUT,,mid,r0,2034,support_valid,historical_reduced_form_positive_total_revenue,5000,0.1179525571286856,0.1891125067190234,0.2513564743067764,0.3258032481102898,0.4499577784088592,1.0,True,1.0,0.0,True,0.0,0.0,0.7363970749415979,0.7486435256932236,0.0,0.0,0.7863970749415979,0.7986435256932236,0.0,0.0,0.8363970749415981,0.8486435256932237,0.0,0.0,0.986397074941598,0.9986435256932236,0.0,0.0,1.236397074941598,1.2486435256932236,0.0
official_4c_tierB_mc_baseline_official_v3,deterministic-engine-v1_official-runner,baseline-official-v3,v1.0.1-official-4c,CHL,MUT,MUT,,mid,r0,2034,all_draw,historical_reduced_form_mixture_total_revenue,5000,-0.5061297109990062,0.1425687038030183,0.2281195122976706,0.3092630027230713,0.4431754240475679,0.8372,False,0.8372,0.0,True,0.0,0.0,0.8494381865917683,0.7718804877023293,0.0,0.0,0.8994381865917683,0.8218804877023294,0.0,0.0,0.9494381865917684,0.8718804877023294,0.0,0.0,1.0994381865917684,1.0218804877023293,0.0,0.0,1.3494381865917684,1.2718804877023293,0.0
official_4c_tierB_mc_baseline_official_v3,deterministic-engine-v1_official-runner,baseline-official-v3,v1.0.1-official-4c,CHL,MUT,MUT,,mid,r0,2034,basic_valid,historical_reduced_form_mixture_total_revenue,5000,0.1175251240842424,0.1893002531726871,0.2511871328531376,0.3262938320718465,0.4560684275608268,0.8372,False,0.8372,0.0,True,0.0,0.0,0.7356344825526991,0.7488128671468623,0.0,0.0,0.7856344825526991,0.7988128671468624,0.0,0.0,0.8356344825526991,0.8488128671468624,0.0,0.0,0.9856344825526993,0.9988128671468623,0.0,0.0,1.235634482552699,1.2488128671468623,0.0
official_4c_tierB_mc_baseline_official_v3,deterministic-engine-v1_official-runner,baseline-official-v3,v1.0.1-official-4c,CHL,MUT,MUT,,mid,r0,2034,support_valid,historical_reduced_form_mixture_total_revenue,5000,0.1175251240842424,0.1893002531726871,0.2511871328531376,0.3262938320718465,0.4560684275608268,0.8372,False,0.8372,0.0,True,0.0,0.0,0.7356344825526991,0.7488128671468623,0.0,0.0,0.7856344825526991,0.7988128671468624,0.0,0.0,0.8356344825526991,0.8488128671468624,0.0,0.0,0.9856344825526993,0.9988128671468623,0.0,0.0,1.235634482552699,1.2488128671468623,0.0
official_4c_tierB_mc_baseline_official_v3,deterministic-engine-v1_official-runner,baseline-official-v3,v1.0.1-official-4c,CHL,PBI,PBI,,mid,r0,2034,all_draw,historical_reduced_form_positive_tax,5000,0.067846162223303,0.0986509296964029,0.1255240774126002,0.160293295861588,0.214360380889951,1.0,True,1.0,0.0,True,0.0,0.0,0.8681571162877241,0.8744759225873997,0.0,0.0,0.918157116287724,0.9244759225873996,0.0,0.0,0.9681571162877244,0.9744759225873998,0.0,0.0,1.118157116287724,1.1244759225873997,0.0,0.0,1.368157116287724,1.3744759225873997,0.0
official_4c_tierB_mc_baseline_official_v3,deterministic-engine-v1_official-runner,baseline-official-v3,v1.0.1-official-4c,CHL,PBI,PBI,,mid,r0,2034,basic_valid,historical_reduced_form_positive_tax,5000,0.067846162223303,0.0986509296964029,0.1255240774126002,0.160293295861588,0.214360380889951,1.0,True,1.0,0.0,True,0.0,0.0,0.8681571162877241,0.8744759225873997,0.0,0.0,0.918157116287724,0.9244759225873996,0.0,0.0,0.9681571162877244,0.9744759225873998,0.0,0.0,1.118157116287724,1.1244759225873997,0.0,0.0,1.368157116287724,1.3744759225873997,0.0
official_4c_tierB_mc_baseline_official_v3,deterministic-engine-v1_official-runner,baseline-official-v3,v1.0.1-official-4c,CHL,PBI,PBI,,mid,r0,2034,support_valid,historical_reduced_form_positive_tax,5000,0.067846162223303,0.0986509296964029,0.1255240774126002,0.160293295861588,0.214360380889951,1.0,True,1.0,0.0,True,0.0,0.0,0.8681571162877241,0.8744759225873997,0.0,0.0,0.918157116287724,0.9244759225873996,0.0,0.0,0.9681571162877244,0.9744759225873998,0.0,0.0,1.118157116287724,1.1244759225873997,0.0,0.0,1.368157116287724,1.3744759225873997,0.0
official_4c_tierB_mc_baseline_official_v3,deterministic-engine-v1_official-runner,baseline-official-v3,v1.0.1-official-4c,CHL,PBI,PBI,,mid,r0,2034,all_draw,historical_reduced_form_mixture_tax,5000,-0.2793307213636976,0.0676245523298797,0.1109203817005729,0.148704257522977,0.2077727130146421,0.791,False,0.791,0.0,True,0.0,0.0,0.9422245330395472,0.8890796182994269,0.0,0.0,0.9922245330395472,0.939079618299427,0.0,0.0,1.0422245330395474,0.989079618299427,0.0,0.0,1.1922245330395471,1.139079618299427,0.0,0.0,1.4422245330395471,1.389079618299427,0.0
official_4c_tierB_mc_baseline_official_v3,deterministic-engine-v1_official-runner,baseline-official-v3,v1.0.1-official-4c,CHL,PBI,PBI,,mid,r0,2034,basic_valid,historical_reduced_form_mixture_tax,5000,0.0668409500793438,0.0977347477781676,0.1256533560798498,0.1584466502809863,0.214965390178546,0.791,False,0.791,0.0,True,0.0,0.0,0.8688875676460953,0.8743466439201502,0.0,0.0,0.9188875676460956,0.9243466439201502,0.0,0.0,0.9688875676460956,0.9743466439201502,0.0,0.0,1.1188875676460952,1.1243466439201502,0.0,0.0,1.3688875676460954,1.3743466439201502,0.0
official_4c_tierB_mc_baseline_official_v3,deterministic-engine-v1_official-runner,baseline-official-v3,v1.0.1-official-4c,CHL,PBI,PBI,,mid,r0,2034,support_valid,historical_reduced_form_mixture_tax,5000,0.0668409500793438,0.0977347477781676,0.1256533560798498,0.1584466502809863,0.214965390178546,0.791,False,0.791,0.0,True,0.0,0.0,0.8688875676460953,0.8743466439201502,0.0,0.0,0.9188875676460956,0.9243466439201502,0.0,0.0,0.9688875676460956,0.9743466439201502,0.0,0.0,1.1188875676460952,1.1243466439201502,0.0,0.0,1.3688875676460954,1.3743466439201502,0.0
official_4c_tierB_mc_baseline_official_v3,deterministic-engine-v1_official-runner,baseline-official-v3,v1.0.1-official-4c,CHL,PBI,PBI,,mid,r0,2034,all_draw,historical_reduced_form_positive_total_revenue,5000,0.078077008328936,0.1185002338977622,0.1558997137529678,0.2006747587552551,0.2776707118108141,1.0,True,1.0,0.0,True,0.0,0.0,0.8359976463661712,0.8441002862470321,0.0,0.0,0.8859976463661713,0.8941002862470322,0.0,0.0,0.9359976463661712,0.9441002862470322,0.0,0.0,1.0859976463661714,1.094100286247032,0.0,0.0,1.3359976463661714,1.344100286247032,0.0
official_4c_tierB_mc_baseline_official_v3,deterministic-engine-v1_official-runner,baseline-official-v3,v1.0.1-official-4c,CHL,PBI,PBI,,mid,r0,2034,basic_valid,historical_reduced_form_positive_total_revenue,5000,0.078077008328936,0.1185002338977622,0.1558997137529678,0.2006747587552551,0.2776707118108141,1.0,True,1.0,0.0,True,0.0,0.0,0.8359976463661712,0.8441002862470321,0.0,0.0,0.8859976463661713,0.8941002862470322,0.0,0.0,0.9359976463661712,0.9441002862470322,0.0,0.0,1.0859976463661714,1.094100286247032,0.0,0.0,1.3359976463661714,1.344100286247032,0.0
official_4c_tierB_mc_baseline_official_v3,deterministic-engine-v1_official-runner,baseline-official-v3,v1.0.1-official-4c,CHL,PBI,PBI,,mid,r0,2034,support_valid,historical_reduced_form_positive_total_revenue,5000,0.078077008328936,0.1185002338977622,0.1558997137529678,0.2006747587552551,0.2776707118108141,1.0,True,1.0,0.0,True,0.0,0.0,0.8359976463661712,0.8441002862470321,0.0,0.0,0.8859976463661713,0.8941002862470322,0.0,0.0,0.9359976463661712,0.9441002862470322,0.0,0.0,1.0859976463661714,1.094100286247032,0.0,0.0,1.3359976463661714,1.344100286247032,0.0
official_4c_tierB_mc_baseline_official_v3,deterministic-engine-v1_official-runner,baseline-official-v3,v1.0.1-official-4c,CHL,PBI,PBI,,mid,r0,2034,all_draw,historical_reduced_form_mixture_total_revenue,5000,-0.3129221417333589,0.091686950029647,0.1396670053526341,0.1880576989468021,0.2671033631926477,0.8364,False,0.8364,0.0,True,0.0,0.0,0.9083065661690252,0.8603329946473659,0.0,0.0,0.9583065661690252,0.910332994647366,0.0,0.0,1.0083065661690251,0.960332994647366,0.0,0.0,1.1583065661690253,1.110332994647366,0.0,0.0,1.408306566169025,1.360332994647366,0.0
official_4c_tierB_mc_baseline_official_v3,deterministic-engine-v1_official-runner,baseline-official-v3,v1.0.1-official-4c,CHL,PBI,PBI,,mid,r0,2034,basic_valid,historical_reduced_form_mixture_total_revenue,5000,0.0778601935788985,0.1167091465785834,0.1537722010989337,0.1995557153051546,0.2739031756836604,0.8364,False,0.8364,0.0,True,0.0,0.0,0.838279539416873,0.8462277989010663,0.0,0.0,0.8882795394168731,0.8962277989010663,0.0,0.0,0.9382795394168733,0.9462277989010665,0.0,0.0,1.0882795394168732,1.0962277989010665,0.0,0.0,1.3382795394168732,1.3462277989010665,0.0
official_4c_tierB_mc_baseline_official_v3,deterministic-engine-v1_official-runner,baseline-official-v3,v1.0.1-official-4c,CHL,PBI,PBI,,mid,r0,2034,support_valid,historical_reduced_form_mixture_total_revenue,5000,0.0778601935788985,0.1167091465785834,0.1537722010989337,0.1995557153051546,0.2739031756836604,0.8364,False,0.8364,0.0,True,0.0,0.0,0.838279539416873,0.8462277989010663,0.0,0.0,0.8882795394168731,0.8962277989010663,0.0,0.0,0.9382795394168733,0.9462277989010665,0.0,0.0,1.0882795394168732,1.0962277989010665,0.0,0.0,1.3382795394168732,1.3462277989010665,0.0
official_4c_tierB_mc_baseline_official_v3,deterministic-engine-v1_official-runner,baseline-official-v3,v1.0.1-official-4c,CHL,UBI,UBI,,mid,r0,2034,all_draw,historical_reduced_form_positive_tax,5000,0.0296136603060913,0.0425428218650391,0.0539699120887842,0.067548181118881,0.0913028180195399,1.0,True,1.0,0.0,True,0.0,0.0,0.943699636332304,0.9460300879112158,0.0,0.0,0.9936996363323044,0.9960300879112158,0.0,0.0,1.0436996363323043,1.0460300879112157,0.0,0.0,1.1936996363323042,1.1960300879112156,0.0,0.0,1.4436996363323042,1.4460300879112156,0.0
official_4c_tierB_mc_baseline_official_v3,deterministic-engine-v1_official-runner,baseline-official-v3,v1.0.1-official-4c,CHL,UBI,UBI,,mid,r0,2034,basic_valid,historical_reduced_form_positive_tax,5000,0.0296136603060913,0.0425428218650391,0.0539699120887842,0.067548181118881,0.0913028180195399,1.0,True,1.0,0.0,True,0.0,0.0,0.943699636332304,0.9460300879112158,0.0,0.0,0.9936996363323044,0.9960300879112158,0.0,0.0,1.0436996363323043,1.0460300879112157,0.0,0.0,1.1936996363323042,1.1960300879112156,0.0,0.0,1.4436996363323042,1.4460300879112156,0.0
official_4c_tierB_mc_baseline_official_v3,deterministic-engine-v1_official-runner,baseline-official-v3,v1.0.1-official-4c,CHL,UBI,UBI,,mid,r0,2034,support_valid,historical_reduced_form_positive_tax,5000,0.0296136603060913,0.0425428218650391,0.0539699120887842,0.067548181118881,0.0913028180195399,1.0,True,1.0,0.0,True,0.0,0.0,0.943699636332304,0.9460300879112158,0.0,0.0,0.9936996363323044,0.9960300879112158,0.0,0.0,1.0436996363323043,1.0460300879112157,0.0,0.0,1.1936996363323042,1.1960300879112156,0.0,0.0,1.4436996363323042,1.4460300879112156,0.0
official_4c_tierB_mc_baseline_official_v3,deterministic-engine-v1_official-runner,baseline-official-v3,v1.0.1-official-4c,CHL,UBI,UBI,,mid,r0,2034,all_draw,historical_reduced_form_mixture_tax,5000,-0.1175494349384128,0.0286516303228093,0.0475276227112202,0.062675031881861,0.0880142939398976,0.7848,False,0.7848,0.0,True,0.0,0.0,0.9750142447866842,0.9524723772887798,0.0,0.0,1.025014244786684,1.0024723772887798,0.0,0.0,1.0750142447866842,1.0524723772887796,0.0,0.0,1.225014244786684,1.2024723772887795,0.0,0.0,1.475014244786684,1.4524723772887795,0.0
official_4c_tierB_mc_baseline_official_v3,deterministic-engine-v1_official-runner,baseline-official-v3,v1.0.1-official-4c,CHL,UBI,UBI,,mid,r0,2034,basic_valid,historical_reduced_form_mixture_tax,5000,0.0292439231687821,0.0425842192454624,0.0535136058965711,0.0675547727898579,0.0903788887265486,0.7848,False,0.7848,0.0,True,0.0,0.0,0.943835487233468,0.9464863941034288,0.0,0.0,0.993835487233468,0.996486394103429,0.0,0.0,1.043835487233468,1.0464863941034288,0.0,0.0,1.1938354872334678,1.1964863941034287,0.0,0.0,1.4438354872334678,1.4464863941034287,0.0
official_4c_tierB_mc_baseline_official_v3,deterministic-engine-v1_official-runner,baseline-official-v3,v1.0.1-official-4c,CHL,UBI,UBI,,mid,r0,2034,support_valid,historical_reduced_form_mixture_tax,5000,0.0292439231687821,0.0425842192454624,0.0535136058965711,0.0675547727898579,0.0903788887265486,0.7848,False,0.7848,0.0,True,0.0,0.0,0.943835487233468,0.9464863941034288,0.0,0.0,0.993835487233468,0.996486394103429,0.0,0.0,1.043835487233468,1.0464863941034288,0.0,0.0,1.1938354872334678,1.1964863941034287,0.0,0.0,1.4438354872334678,1.4464863941034287,0.0
official_4c_tierB_mc_baseline_official_v3,deterministic-engine-v1_official-runner,baseline-official-v3,v1.0.1-official-4c,CHL,UBI,UBI,,mid,r0,2034,all_draw,historical_reduced_form_positive_total_revenue,5000,0.0334713436542209,0.0508239805216197,0.0667644871110473,0.0863561281625419,0.1176145738276134,1.0,True,1.0,0.0,True,0.0,0.0,0.929849213272363,0.9332355128889528,0.0,0.0,0.979849213272363,0.9832355128889528,0.0,0.0,1.029849213272363,1.0332355128889528,0.0,0.0,1.179849213272363,1.183235512888953,0.0,0.0,1.429849213272363,1.433235512888953,0.0
official_4c_tierB_mc_baseline_official_v3,deterministic-engine-v1_official-runner,baseline-official-v3,v1.0.1-official-4c,CHL,UBI,UBI,,mid,r0,2034,basic_valid,historical_reduced_form_positive_total_revenue,5000,0.0334713436542209,0.0508239805216197,0.0667644871110473,0.0863561281625419,0.1176145738276134,1.0,True,1.0,0.0,True,0.0,0.0,0.929849213272363,0.9332355128889528,0.0,0.0,0.979849213272363,0.9832355128889528,0.0,0.0,1.029849213272363,1.0332355128889528,0.0,0.0,1.179849213272363,1.183235512888953,0.0,0.0,1.429849213272363,1.433235512888953,0.0
official_4c_tierB_mc_baseline_official_v3,deterministic-engine-v1_official-runner,baseline-official-v3,v1.0.1-official-4c,CHL,UBI,UBI,,mid,r0,2034,support_valid,historical_reduced_form_positive_total_revenue,5000,0.0334713436542209,0.0508239805216197,0.0667644871110473,0.0863561281625419,0.1176145738276134,1.0,True,1.0,0.0,True,0.0,0.0,0.929849213272363,0.9332355128889528,0.0,0.0,0.979849213272363,0.9832355128889528,0.0,0.0,1.029849213272363,1.0332355128889528,0.0,0.0,1.179849213272363,1.183235512888953,0.0,0.0,1.429849213272363,1.433235512888953,0.0
official_4c_tierB_mc_baseline_official_v3,deterministic-engine-v1_official-runner,baseline-official-v3,v1.0.1-official-4c,CHL,UBI,UBI,,mid,r0,2034,all_draw,historical_reduced_form_mixture_total_revenue,5000,-0.1270615044611606,0.038889239353539,0.0598492068544895,0.0806125003072641,0.113046539976485,0.8276,False,0.8276,0.0,True,0.0,0.0,0.9609727490450776,0.9401507931455104,0.0,0.0,1.0109727490450775,0.9901507931455104,0.0,0.0,1.060972749045078,1.0401507931455105,0.0,0.0,1.2109727490450777,1.1901507931455104,0.0,0.0,1.4609727490450777,1.4401507931455104,0.0
official_4c_tierB_mc_baseline_official_v3,deterministic-engine-v1_official-runner,baseline-official-v3,v1.0.1-official-4c,CHL,UBI,UBI,,mid,r0,2034,basic_valid,historical_reduced_form_mixture_total_revenue,5000,0.0335290318238512,0.0505700043629621,0.0660609348359124,0.0853331487829696,0.1160893523060233,0.8276,False,0.8276,0.0,True,0.0,0.0,0.9304249028797976,0.9339390651640876,0.0,0.0,0.9804249028797976,0.9839390651640876,0.0,0.0,1.0304249028797976,1.0339390651640876,0.0,0.0,1.1804249028797973,1.1839390651640875,0.0,0.0,1.4304249028797973,1.4339390651640875,0.0
official_4c_tierB_mc_baseline_official_v3,deterministic-engine-v1_official-runner,baseline-official-v3,v1.0.1-official-4c,CHL,UBI,UBI,,mid,r0,2034,support_valid,historical_reduced_form_mixture_total_revenue,5000,0.0335290318238512,0.0505700043629621,0.0660609348359124,0.0853331487829696,0.1160893523060233,0.8276,False,0.8276,0.0,True,0.0,0.0,0.9304249028797976,0.9339390651640876,0.0,0.0,0.9804249028797976,0.9839390651640876,0.0,0.0,1.0304249028797976,1.0339390651640876,0.0,0.0,1.1804249028797973,1.1839390651640875,0.0,0.0,1.4304249028797973,1.4339390651640875,0.0
official_4c_tierB_mc_baseline_official_v3,deterministic-engine-v1_official-runner,baseline-official-v3,v1.0.1-official-4c,CHL,PEN,PEN,,high,r0,2034,all_draw,historical_reduced_form_positive_tax,5000,0.0552801058044158,0.1002799898501966,0.1406835006451088,0.188261746590689,0.2781652106331923,1.0,True,1.0,0.0,True,0.0,0.0,0.8499941319870009,0.8593164993548912,0.0,0.0,0.8999941319870007,0.9093164993548912,0.0,0.0,0.949994131987001,0.9593164993548912,0.0,0.0,1.0999941319870008,1.1093164993548912,0.0,0.0,1.3499941319870008,1.3593164993548912,0.0
official_4c_tierB_mc_baseline_official_v3,deterministic-engine-v1_official-runner,baseline-official-v3,v1.0.1-official-4c,CHL,PEN,PEN,,high,r0,2034,basic_valid,historical_reduced_form_positive_tax,5000,0.0552801058044158,0.1002799898501966,0.1406835006451088,0.188261746590689,0.2781652106331923,1.0,True,1.0,0.0,True,0.0,0.0,0.8499941319870009,0.8593164993548912,0.0,0.0,0.8999941319870007,0.9093164993548912,0.0,0.0,0.949994131987001,0.9593164993548912,0.0,0.0,1.0999941319870008,1.1093164993548912,0.0,0.0,1.3499941319870008,1.3593164993548912,0.0
official_4c_tierB_mc_baseline_official_v3,deterministic-engine-v1_official-runner,baseline-official-v3,v1.0.1-official-4c,CHL,PEN,PEN,,high,r0,2034,support_valid,historical_reduced_form_positive_tax,5000,0.0552801058044158,0.1002799898501966,0.1406835006451088,0.188261746590689,0.2781652106331923,1.0,True,1.0,0.0,True,0.0,0.0,0.8499941319870009,0.8593164993548912,0.0,0.0,0.8999941319870007,0.9093164993548912,0.0,0.0,0.949994131987001,0.9593164993548912,0.0,0.0,1.0999941319870008,1.1093164993548912,0.0,0.0,1.3499941319870008,1.3593164993548912,0.0
official_4c_tierB_mc_baseline_official_v3,deterministic-engine-v1_official-runner,baseline-official-v3,v1.0.1-official-4c,CHL,PEN,PEN,,high,r0,2034,all_draw,historical_reduced_form_mixture_tax,5000,-0.4147897740661347,0.052128533135011,0.1199723685766962,0.174028476799458,0.2639970645374448,0.782,False,0.782,0.0,True,0.0,0.0,0.9527512302530357,0.8800276314233038,0.0,0.0,1.002751230253036,0.9300276314233038,0.0,0.0,1.0527512302530355,0.9800276314233038,0.0,0.0,1.2027512302530357,1.1300276314233038,0.0,0.0,1.4527512302530357,1.3800276314233038,0.0
official_4c_tierB_mc_baseline_official_v3,deterministic-engine-v1_official-runner,baseline-official-v3,v1.0.1-official-4c,CHL,PEN,PEN,,high,r0,2034,basic_valid,historical_reduced_form_mixture_tax,5000,0.0563432947201813,0.1021984894397491,0.1399319795113848,0.1901843711208776,0.2743717341666087,0.782,False,0.782,0.0,True,0.0,0.0,0.8494564801658164,0.8600680204886153,0.0,0.0,0.8994564801658163,0.9100680204886152,0.0,0.0,0.9494564801658164,0.9600680204886154,0.0,0.0,1.0994564801658164,1.1100680204886153,0.0,0.0,1.3494564801658164,1.3600680204886153,0.0
official_4c_tierB_mc_baseline_official_v3,deterministic-engine-v1_official-runner,baseline-official-v3,v1.0.1-official-4c,CHL,PEN,PEN,,high,r0,2034,support_valid,historical_reduced_form_mixture_tax,5000,0.0563432947201813,0.1021984894397491,0.1399319795113848,0.1901843711208776,0.2743717341666087,0.782,False,0.782,0.0,True,0.0,0.0,0.8494564801658164,0.8600680204886153,0.0,0.0,0.8994564801658163,0.9100680204886152,0.0,0.0,0.9494564801658164,0.9600680204886154,0.0,0.0,1.0994564801658164,1.1100680204886153,0.0,0.0,1.3494564801658164,1.3600680204886153,0.0
official_4c_tierB_mc_baseline_official_v3,deterministic-engine-v1_official-runner,baseline-official-v3,v1.0.1-official-4c,CHL,PEN,PEN,,high,r0,2034,all_draw,historical_reduced_form_positive_total_revenue,5000,0.0686975523088816,0.1278785790924229,0.1835033287685802,0.2468679661977715,0.3562477108975285,1.0,True,1.0,0.0,True,0.0,0.0,0.8059432372084315,0.8164966712314198,0.0,0.0,0.8559432372084317,0.8664966712314198,0.0,0.0,0.9059432372084316,0.91649667123142,0.0,0.0,1.0559432372084316,1.0664966712314197,0.0,0.0,1.3059432372084316,1.3164966712314197,0.0
official_4c_tierB_mc_baseline_official_v3,deterministic-engine-v1_official-runner,baseline-official-v3,v1.0.1-official-4c,CHL,PEN,PEN,,high,r0,2034,basic_valid,historical_reduced_form_positive_total_revenue,5000,0.0686975523088816,0.1278785790924229,0.1835033287685802,0.2468679661977715,0.3562477108975285,1.0,True,1.0,0.0,True,0.0,0.0,0.8059432372084315,0.8164966712314198,0.0,0.0,0.8559432372084317,0.8664966712314198,0.0,0.0,0.9059432372084316,0.91649667123142,0.0,0.0,1.0559432372084316,1.0664966712314197,0.0,0.0,1.3059432372084316,1.3164966712314197,0.0
official_4c_tierB_mc_baseline_official_v3,deterministic-engine-v1_official-runner,baseline-official-v3,v1.0.1-official-4c,CHL,PEN,PEN,,high,r0,2034,support_valid,historical_reduced_form_positive_total_revenue,5000,0.0686975523088816,0.1278785790924229,0.1835033287685802,0.2468679661977715,0.3562477108975285,1.0,True,1.0,0.0,True,0.0,0.0,0.8059432372084315,0.8164966712314198,0.0,0.0,0.8559432372084317,0.8664966712314198,0.0,0.0,0.9059432372084316,0.91649667123142,0.0,0.0,1.0559432372084316,1.0664966712314197,0.0,0.0,1.3059432372084316,1.3164966712314197,0.0
official_4c_tierB_mc_baseline_official_v3,deterministic-engine-v1_official-runner,baseline-official-v3,v1.0.1-official-4c,CHL,PEN,PEN,,high,r0,2034,all_draw,historical_reduced_form_mixture_total_revenue,5000,-0.4610608250154899,0.0889232894252984,0.1609842290237332,0.2327368195460363,0.3552621581067522,0.8308,False,0.8308,0.0,True,0.0,0.0,0.9042883893833704,0.8390157709762668,0.0,0.0,0.95428838938337,0.8890157709762668,0.0,0.0,1.0042883893833705,0.9390157709762668,0.0,0.0,1.1542883893833702,1.089015770976267,0.0,0.0,1.4042883893833702,1.339015770976267,0.0
official_4c_tierB_mc_baseline_official_v3,deterministic-engine-v1_official-runner,baseline-official-v3,v1.0.1-official-4c,CHL,PEN,PEN,,high,r0,2034,basic_valid,historical_reduced_form_mixture_total_revenue,5000,0.0712861139776333,0.1297716180496059,0.1829793918059029,0.2490518506932683,0.3689698405869295,0.8308,False,0.8308,0.0,True,0.0,0.0,0.8038954745292369,0.817020608194097,0.0,0.0,0.8538954745292372,0.8670206081940971,0.0,0.0,0.9038954745292372,0.9170206081940973,0.0,0.0,1.0538954745292373,1.0670206081940972,0.0,0.0,1.3038954745292373,1.3170206081940972,0.0
official_4c_tierB_mc_baseline_official_v3,deterministic-engine-v1_official-runner,baseline-official-v3,v1.0.1-official-4c,CHL,PEN,PEN,,high,r0,2034,support_valid,historical_reduced_form_mixture_total_revenue,5000,0.0712861139776333,0.1297716180496059,0.1829793918059029,0.2490518506932683,0.3689698405869295,0.8308,False,0.8308,0.0,True,0.0,0.0,0.8038954745292369,0.817020608194097,0.0,0.0,0.8538954745292372,0.8670206081940971,0.0,0.0,0.9038954745292372,0.9170206081940973,0.0,0.0,1.0538954745292373,1.0670206081940972,0.0,0.0,1.3038954745292373,1.3170206081940972,0.0
official_4c_tierB_mc_baseline_official_v3,deterministic-engine-v1_official-runner,baseline-official-v3,v1.0.1-official-4c,CHL,GMI,GMI:GMI_ideal_aggregate,GMI_ideal_aggregate,high,r0,2034,all_draw,historical_reduced_form_positive_tax,5000,-0.1220746195961373,0.83663472057416,1.6705736480063558,2.7165631196950546,4.58304573064691,1.0,True,1.0,0.678,True,0.7064,0.7064,0.6489123094476598,0.5597182803843186,0.6928,0.6928,0.6690724158277037,0.5816094363172948,0.678,0.678,0.6872273974400077,0.6081583674690784,0.6314,0.6314,0.7412088457952509,0.659008365840105,0.5536,0.5536,0.8396398386145765,0.767283181737821,0.7064
official_4c_tierB_mc_baseline_official_v3,deterministic-engine-v1_official-runner,baseline-official-v3,v1.0.1-official-4c,CHL,GMI,GMI:GMI_ideal_aggregate,GMI_ideal_aggregate,high,r0,2034,basic_valid,historical_reduced_form_positive_tax,5000,-0.1220746195961373,0.83663472057416,1.6705736480063558,2.7165631196950546,4.58304573064691,1.0,True,1.0,0.678,True,0.7064,0.7064,0.6489123094476598,0.5597182803843186,0.6928,0.6928,0.6690724158277037,0.5816094363172948,0.678,0.678,0.6872273974400077,0.6081583674690784,0.6314,0.6314,0.7412088457952509,0.659008365840105,0.5536,0.5536,0.8396398386145765,0.767283181737821,0.7064
official_4c_tierB_mc_baseline_official_v3,deterministic-engine-v1_official-runner,baseline-official-v3,v1.0.1-official-4c,CHL,GMI,GMI:GMI_ideal_aggregate,GMI_ideal_aggregate,high,r0,2034,support_valid,historical_reduced_form_positive_tax,5000,-0.1220746195961373,0.83663472057416,1.6705736480063558,2.7165631196950546,4.58304573064691,1.0,True,1.0,0.678,True,0.7064,0.7064,0.6489123094476598,0.5597182803843186,0.6928,0.6928,0.6690724158277037,0.5816094363172948,0.678,0.678,0.6872273974400077,0.6081583674690784,0.6314,0.6314,0.7412088457952509,0.659008365840105,0.5536,0.5536,0.8396398386145765,0.767283181737821,0.7064
official_4c_tierB_mc_baseline_official_v3,deterministic-engine-v1_official-runner,baseline-official-v3,v1.0.1-official-4c,CHL,GMI,GMI:GMI_ideal_aggregate,GMI_ideal_aggregate,high,r0,2034,all_draw,historical_reduced_form_mixture_tax,5000,-10.216171898565914,0.0072915625545638,1.2164368934169554,2.413726870824767,4.299445058134593,0.7988,False,0.7988,0.531,True,0.5522,0.5522,4.575416547674913,1.314218944186505,0.54,0.54,4.503384418986149,1.280838542931043,0.531,0.531,4.466510519895459,1.2706953829892638,0.4908,0.4908,4.257914754359734,1.1880864986461974,0.4304,0.4304,4.043560289860391,1.263090498917432,0.5522
official_4c_tierB_mc_baseline_official_v3,deterministic-engine-v1_official-runner,baseline-official-v3,v1.0.1-official-4c,CHL,GMI,GMI:GMI_ideal_aggregate,GMI_ideal_aggregate,high,r0,2034,basic_valid,historical_reduced_form_mixture_tax,5000,-0.0770214060296909,0.8069812888279607,1.6447906919686068,2.6941304885165573,4.551868914163875,0.7988,False,0.7988,0.531,True,0.6912869303955934,0.6912869303955934,0.614954459040117,0.5309187199338026,0.6760140210315473,0.6760140210315473,0.6347491201085607,0.5493507149422482,0.6647471206810215,0.6647471206810215,0.6626201395871438,0.5789406283512752,0.614421632448673,0.614421632448673,0.7162546508780637,0.6408502186975746,0.5388082123184778,0.5388082123184778,0.8289581451002868,0.754176102832925,0.6912869303955934
official_4c_tierB_mc_baseline_official_v3,deterministic-engine-v1_official-runner,baseline-official-v3,v1.0.1-official-4c,CHL,GMI,GMI:GMI_ideal_aggregate,GMI_ideal_aggregate,high,r0,2034,support_valid,historical_reduced_form_mixture_tax,5000,-0.0770214060296909,0.8069812888279607,1.6447906919686068,2.6941304885165573,4.551868914163875,0.7988,False,0.7988,0.531,True,0.6912869303955934,0.6912869303955934,0.614954459040117,0.5309187199338026,0.6760140210315473,0.6760140210315473,0.6347491201085607,0.5493507149422482,0.6647471206810215,0.6647471206810215,0.6626201395871438,0.5789406283512752,0.614421632448673,0.614421632448673,0.7162546508780637,0.6408502186975746,0.5388082123184778,0.5388082123184778,0.8289581451002868,0.754176102832925,0.6912869303955934
official_4c_tierB_mc_baseline_official_v3,deterministic-engine-v1_official-runner,baseline-official-v3,v1.0.1-official-4c,CHL,GMI,GMI:GMI_ideal_aggregate,GMI_ideal_aggregate,high,r0,2034,all_draw,historical_reduced_form_positive_total_revenue,5000,0.1528467205253285,1.4032981593958154,2.510166460657857,3.893130425591758,6.364226880782728,1.0,True,1.0,0.81,True,0.8276,0.8276,0.6177533875873847,0.5337408305885141,0.82,0.82,0.6405583867040794,0.5605763583760701,0.81,0.81,0.6555458132661646,0.5652154940483355,0.7816,0.7816,0.7105065162668512,0.6282207710640118,0.727,0.727,0.7924483509510793,0.70702558220692,0.8276
official_4c_tierB_mc_baseline_official_v3,deterministic-engine-v1_official-runner,baseline-official-v3,v1.0.1-official-4c,CHL,GMI,GMI:GMI_ideal_aggregate,GMI_ideal_aggregate,high,r0,2034,basic_valid,historical_reduced_form_positive_total_revenue,5000,0.1528467205253285,1.4032981593958154,2.510166460657857,3.893130425591758,6.364226880782728,1.0,True,1.0,0.81,True,0.8276,0.8276,0.6177533875873847,0.5337408305885141,0.82,0.82,0.6405583867040794,0.5605763583760701,0.81,0.81,0.6555458132661646,0.5652154940483355,0.7816,0.7816,0.7105065162668512,0.6282207710640118,0.727,0.727,0.7924483509510793,0.70702558220692,0.8276
official_4c_tierB_mc_baseline_official_v3,deterministic-engine-v1_official-runner,baseline-official-v3,v1.0.1-official-4c,CHL,GMI,GMI:GMI_ideal_aggregate,GMI_ideal_aggregate,high,r0,2034,support_valid,historical_reduced_form_positive_total_revenue,5000,0.1528467205253285,1.4032981593958154,2.510166460657857,3.893130425591758,6.364226880782728,1.0,True,1.0,0.81,True,0.8276,0.8276,0.6177533875873847,0.5337408305885141,0.82,0.82,0.6405583867040794,0.5605763583760701,0.81,0.81,0.6555458132661646,0.5652154940483355,0.7816,0.7816,0.7105065162668512,0.6282207710640118,0.727,0.727,0.7924483509510793,0.70702558220692,0.8276
official_4c_tierB_mc_baseline_official_v3,deterministic-engine-v1_official-runner,baseline-official-v3,v1.0.1-official-4c,CHL,GMI,GMI:GMI_ideal_aggregate,GMI_ideal_aggregate,high,r0,2034,all_draw,historical_reduced_form_mixture_total_revenue,5000,-10.96682277339273,0.6447008955511982,2.1072127329106465,3.569342836912714,6.090759416994543,0.8404,False,0.8404,0.69,True,0.7048,0.7048,6.093456844179886,6.340494568809032,0.6968,0.6968,5.982132661885963,6.214188596379049,0.69,0.69,5.900295296127391,5.976902834661434,0.665,0.665,5.604483668744087,1.8051137258341825,0.6178,0.6178,5.1468516678080025,1.4798234465821942,0.7048
official_4c_tierB_mc_baseline_official_v3,deterministic-engine-v1_official-runner,baseline-official-v3,v1.0.1-official-4c,CHL,GMI,GMI:GMI_ideal_aggregate,GMI_ideal_aggregate,high,r0,2034,basic_valid,historical_reduced_form_mixture_total_revenue,5000,0.1845893572212884,1.4332799195435677,2.545414523603417,3.882059603601108,6.373936832121044,0.8404,False,0.8404,0.69,True,0.8386482627320324,0.8386482627320324,0.6444470877426884,0.5695649198936635,0.829128986197049,0.829128986197049,0.6573898870461709,0.5736213236896832,0.8210376011423132,0.8210376011423132,0.6763969846775123,0.5987345961550894,0.7912898619704902,0.7912898619704902,0.7195016746024828,0.6224921305800204,0.7351261304140885,0.7351261304140885,0.7903201802885225,0.6802306648161218,0.8386482627320324
official_4c_tierB_mc_baseline_official_v3,deterministic-engine-v1_official-runner,baseline-official-v3,v1.0.1-official-4c,CHL,GMI,GMI:GMI_ideal_aggregate,GMI_ideal_aggregate,high,r0,2034,support_valid,historical_reduced_form_mixture_total_revenue,5000,0.1845893572212884,1.4332799195435677,2.545414523603417,3.882059603601108,6.373936832121044,0.8404,False,0.8404,0.69,True,0.8386482627320324,0.8386482627320324,0.6444470877426884,0.5695649198936635,0.829128986197049,0.829128986197049,0.6573898870461709,0.5736213236896832,0.8210376011423132,0.8210376011423132,0.6763969846775123,0.5987345961550894,0.7912898619704902,0.7912898619704902,0.7195016746024828,0.6224921305800204,0.7351261304140885,0.7351261304140885,0.7903201802885225,0.6802306648161218,0.8386482627320324
official_4c_tierB_mc_baseline_official_v3,deterministic-engine-v1_official-runner,baseline-official-v3,v1.0.1-official-4c,CHL,GMI,GMI:GMI_loaded_aggregate,GMI_loaded_aggregate,high,r0,2034,all_draw,historical_reduced_form_positive_tax,5000,-0.0972236164809948,0.5520782512567897,1.1309090510072983,1.8235711863680175,3.0549043269512395,1.0,True,1.0,0.5158,True,0.5596,0.5596,0.5729442455572804,0.5114374613058537,0.535,0.535,0.5913582405586822,0.5356055363333813,0.5158,0.5158,0.6170196983284516,0.565494768226988,0.4458,0.4458,0.6798161797249087,0.6390552955356296,0.3514,0.3514,0.813202000242874,0.7665651869642013,0.5596
official_4c_tierB_mc_baseline_official_v3,deterministic-engine-v1_official-runner,baseline-official-v3,v1.0.1-official-4c,CHL,GMI,GMI:GMI_loaded_aggregate,GMI_loaded_aggregate,high,r0,2034,basic_valid,historical_reduced_form_positive_tax,5000,-0.0972236164809948,0.5520782512567897,1.1309090510072983,1.8235711863680175,3.0549043269512395,1.0,True,1.0,0.5158,True,0.5596,0.5596,0.5729442455572804,0.5114374613058537,0.535,0.535,0.5913582405586822,0.5356055363333813,0.5158,0.5158,0.6170196983284516,0.565494768226988,0.4458,0.4458,0.6798161797249087,0.6390552955356296,0.3514,0.3514,0.813202000242874,0.7665651869642013,0.5596
official_4c_tierB_mc_baseline_official_v3,deterministic-engine-v1_official-runner,baseline-official-v3,v1.0.1-official-4c,CHL,GMI,GMI:GMI_loaded_aggregate,GMI_loaded_aggregate,high,r0,2034,support_valid,historical_reduced_form_positive_tax,5000,-0.0972236164809948,0.5520782512567897,1.1309090510072983,1.8235711863680175,3.0549043269512395,1.0,True,1.0,0.5158,True,0.5596,0.5596,0.5729442455572804,0.5114374613058537,0.535,0.535,0.5913582405586822,0.5356055363333813,0.5158,0.5158,0.6170196983284516,0.565494768226988,0.4458,0.4458,0.6798161797249087,0.6390552955356296,0.3514,0.3514,0.813202000242874,0.7665651869642013,0.5596
official_4c_tierB_mc_baseline_official_v3,deterministic-engine-v1_official-runner,baseline-official-v3,v1.0.1-official-4c,CHL,GMI,GMI:GMI_loaded_aggregate,GMI_loaded_aggregate,high,r0,2034,all_draw,historical_reduced_form_mixture_tax,5000,-6.816602452080796,-0.0666931462427319,0.8060464344560151,1.580748797889938,2.8365505679677274,0.7908,False,0.7908,0.4,True,0.436,0.436,2.806924288113001,0.9026738374010836,0.4154,0.4154,2.757084792819234,0.9018573563840988,0.4,0.4,2.735704553046877,0.9258242718403248,0.3482,0.3482,2.6623757018364174,0.9840432326473016,0.2718,0.2718,2.620859382113098,1.1092722077080823,0.436
official_4c_tierB_mc_baseline_official_v3,deterministic-engine-v1_official-runner,baseline-official-v3,v1.0.1-official-4c,CHL,GMI,GMI:GMI_loaded_aggregate,GMI_loaded_aggregate,high,r0,2034,basic_valid,historical_reduced_form_mixture_tax,5000,-0.0721173965297284,0.5293093075445604,1.1149634091966112,1.7772714254513038,2.992979791148513,0.7908,False,0.7908,0.4,True,0.5513404147698533,0.5513404147698533,0.5779244792855551,0.5422163374692074,0.5252908447142135,0.5252908447142135,0.5947631236998046,0.5563452784387661,0.5058168942842691,0.5058168942842691,0.6203813679194171,0.5795095088609696,0.4403136064744562,0.4403136064744562,0.6890618825389949,0.654888804826089,0.3437025796661608,0.3437025796661608,0.8205242944307142,0.7813187257803869,0.5513404147698533
official_4c_tierB_mc_baseline_official_v3,deterministic-engine-v1_official-runner,baseline-official-v3,v1.0.1-official-4c,CHL,GMI,GMI:GMI_loaded_aggregate,GMI_loaded_aggregate,high,r0,2034,support_valid,historical_reduced_form_mixture_tax,5000,-0.0721173965297284,0.5293093075445604,1.1149634091966112,1.7772714254513038,2.992979791148513,0.7908,False,0.7908,0.4,True,0.5513404147698533,0.5513404147698533,0.5779244792855551,0.5422163374692074,0.5252908447142135,0.5252908447142135,0.5947631236998046,0.5563452784387661,0.5058168942842691,0.5058168942842691,0.6203813679194171,0.5795095088609696,0.4403136064744562,0.4403136064744562,0.6890618825389949,0.654888804826089,0.3437025796661608,0.3437025796661608,0.8205242944307142,0.7813187257803869,0.5513404147698533
official_4c_tierB_mc_baseline_official_v3,deterministic-engine-v1_official-runner,baseline-official-v3,v1.0.1-official-4c,CHL,GMI,GMI:GMI_loaded_aggregate,GMI_loaded_aggregate,high,r0,2034,all_draw,historical_reduced_form_positive_total_revenue,5000,0.1149895954158923,0.9479835482738904,1.712761163553385,2.601920501304051,4.2164441363577145,1.0,True,1.0,0.6984,True,0.733,0.733,0.5237345838872378,0.4426459030859483,0.7156,0.7156,0.5399934142160612,0.45289375727973,0.6984,0.6984,0.5578734211826145,0.4623816822570503,0.644,0.644,0.6109333559360417,0.5250992415963704,0.5646,0.5646,0.72652487576285,0.655573406534926,0.733
official_4c_tierB_mc_baseline_official_v3,deterministic-engine-v1_official-runner,baseline-official-v3,v1.0.1-official-4c,CHL,GMI,GMI:GMI_loaded_aggregate,GMI_loaded_aggregate,high,r0,2034,basic_valid,historical_reduced_form_positive_total_revenue,5000,0.1149895954158923,0.9479835482738904,1.712761163553385,2.601920501304051,4.2164441363577145,1.0,True,1.0,0.6984,True,0.733,0.733,0.5237345838872378,0.4426459030859483,0.7156,0.7156,0.5399934142160612,0.45289375727973,0.6984,0.6984,0.5578734211826145,0.4623816822570503,0.644,0.644,0.6109333559360417,0.5250992415963704,0.5646,0.5646,0.72652487576285,0.655573406534926,0.733
official_4c_tierB_mc_baseline_official_v3,deterministic-engine-v1_official-runner,baseline-official-v3,v1.0.1-official-4c,CHL,GMI,GMI:GMI_loaded_aggregate,GMI_loaded_aggregate,high,r0,2034,support_valid,historical_reduced_form_positive_total_revenue,5000,0.1149895954158923,0.9479835482738904,1.712761163553385,2.601920501304051,4.2164441363577145,1.0,True,1.0,0.6984,True,0.733,0.733,0.5237345838872378,0.4426459030859483,0.7156,0.7156,0.5399934142160612,0.45289375727973,0.6984,0.6984,0.5578734211826145,0.4623816822570503,0.644,0.644,0.6109333559360417,0.5250992415963704,0.5646,0.5646,0.72652487576285,0.655573406534926,0.733
official_4c_tierB_mc_baseline_official_v3,deterministic-engine-v1_official-runner,baseline-official-v3,v1.0.1-official-4c,CHL,GMI,GMI:GMI_loaded_aggregate,GMI_loaded_aggregate,high,r0,2034,all_draw,historical_reduced_form_mixture_total_revenue,5000,-7.228852436716063,0.4566674856737105,1.3928933151217229,2.3839504281212305,4.089185021352721,0.8382,False,0.8382,0.5878,True,0.6154,0.6154,3.404662891256,0.964771829340304,0.601,0.601,3.3309269934161003,0.9487179226604618,0.5878,0.5878,3.273561689095001,0.9486585726517572,0.5446,0.5446,3.1060127471834647,0.9314378119253156,0.4686,0.4686,2.894778966730656,0.9701507377328076,0.6154
official_4c_tierB_mc_baseline_official_v3,deterministic-engine-v1_official-runner,baseline-official-v3,v1.0.1-official-4c,CHL,GMI,GMI:GMI_loaded_aggregate,GMI_loaded_aggregate,high,r0,2034,basic_valid,historical_reduced_form_mixture_total_revenue,5000,0.1321868137886766,0.9497010196664022,1.6799585828512305,2.5986177115756464,4.253726817340501,0.8382,False,0.8382,0.5878,True,0.7341923168694823,0.7341923168694823,0.5120406936136311,0.438568750806089,0.7170126461465044,0.7170126461465044,0.5295075418764046,0.4512464294597083,0.7012646146504414,0.7012646146504414,0.5504450750999136,0.4753935511729856,0.649725602481508,0.649725602481508,0.6085746717554812,0.5345581225724392,0.5590551181102362,0.5590551181102362,0.708968781062581,0.647550851350992,0.7341923168694823
official_4c_tierB_mc_baseline_official_v3,deterministic-engine-v1_official-runner,baseline-official-v3,v1.0.1-official-4c,CHL,GMI,GMI:GMI_loaded_aggregate,GMI_loaded_aggregate,high,r0,2034,support_valid,historical_reduced_form_mixture_total_revenue,5000,0.1321868137886766,0.9497010196664022,1.6799585828512305,2.5986177115756464,4.253726817340501,0.8382,False,0.8382,0.5878,True,0.7341923168694823,0.7341923168694823,0.5120406936136311,0.438568750806089,0.7170126461465044,0.7170126461465044,0.5295075418764046,0.4512464294597083,0.7012646146504414,0.7012646146504414,0.5504450750999136,0.4753935511729856,0.649725602481508,0.649725602481508,0.6085746717554812,0.5345581225724392,0.5590551181102362,0.5590551181102362,0.708968781062581,0.647550851350992,0.7341923168694823
official_4c_tierB_mc_baseline_official_v3,deterministic-engine-v1_official-runner,baseline-official-v3,v1.0.1-official-4c,CHL,MUT,MUT,,high,r0,2034,all_draw,historical_reduced_form_positive_tax,5000,0.0784172516003221,0.1261801961638049,0.169783814331306,0.2224815598561353,0.3201927266032717,1.0,True,1.0,0.0,True,0.0,0.0,0.8201129840424394,0.830216185668694,0.0,0.0,0.8701129840424393,0.8802161856686941,0.0,0.0,0.9201129840424394,0.930216185668694,0.0,0.0,1.0701129840424393,1.080216185668694,0.0,0.0,1.3201129840424393,1.330216185668694,0.0
official_4c_tierB_mc_baseline_official_v3,deterministic-engine-v1_official-runner,baseline-official-v3,v1.0.1-official-4c,CHL,MUT,MUT,,high,r0,2034,basic_valid,historical_reduced_form_positive_tax,5000,0.0784172516003221,0.1261801961638049,0.169783814331306,0.2224815598561353,0.3201927266032717,1.0,True,1.0,0.0,True,0.0,0.0,0.8201129840424394,0.830216185668694,0.0,0.0,0.8701129840424393,0.8802161856686941,0.0,0.0,0.9201129840424394,0.930216185668694,0.0,0.0,1.0701129840424393,1.080216185668694,0.0,0.0,1.3201129840424393,1.330216185668694,0.0
official_4c_tierB_mc_baseline_official_v3,deterministic-engine-v1_official-runner,baseline-official-v3,v1.0.1-official-4c,CHL,MUT,MUT,,high,r0,2034,support_valid,historical_reduced_form_positive_tax,5000,0.0784172516003221,0.1261801961638049,0.169783814331306,0.2224815598561353,0.3201927266032717,1.0,True,1.0,0.0,True,0.0,0.0,0.8201129840424394,0.830216185668694,0.0,0.0,0.8701129840424393,0.8802161856686941,0.0,0.0,0.9201129840424394,0.930216185668694,0.0,0.0,1.0701129840424393,1.080216185668694,0.0,0.0,1.3201129840424393,1.330216185668694,0.0
official_4c_tierB_mc_baseline_official_v3,deterministic-engine-v1_official-runner,baseline-official-v3,v1.0.1-official-4c,CHL,MUT,MUT,,high,r0,2034,all_draw,historical_reduced_form_mixture_tax,5000,-0.4241546524605262,0.0834734007270023,0.1474451872808044,0.2065019407959147,0.3053837853594026,0.7982,False,0.7982,0.0,True,0.0,0.0,0.925482906578415,0.8525548127191955,0.0,0.0,0.975482906578415,0.9025548127191956,0.0,0.0,1.025482906578415,0.9525548127191956,0.0,0.0,1.175482906578415,1.1025548127191955,0.0,0.0,1.425482906578415,1.3525548127191955,0.0
official_4c_tierB_mc_baseline_official_v3,deterministic-engine-v1_official-runner,baseline-official-v3,v1.0.1-official-4c,CHL,MUT,MUT,,high,r0,2034,basic_valid,historical_reduced_form_mixture_tax,5000,0.080129904646971,0.1266453123056517,0.1709791847521733,0.2221705629190684,0.3202808316240657,0.7982,False,0.7982,0.0,True,0.0,0.0,0.8196780490394667,0.8290208152478267,0.0,0.0,0.8696780490394669,0.8790208152478267,0.0,0.0,0.9196780490394668,0.9290208152478268,0.0,0.0,1.0696780490394668,1.079020815247827,0.0,0.0,1.3196780490394668,1.329020815247827,0.0
official_4c_tierB_mc_baseline_official_v3,deterministic-engine-v1_official-runner,baseline-official-v3,v1.0.1-official-4c,CHL,MUT,MUT,,high,r0,2034,support_valid,historical_reduced_form_mixture_tax,5000,0.080129904646971,0.1266453123056517,0.1709791847521733,0.2221705629190684,0.3202808316240657,0.7982,False,0.7982,0.0,True,0.0,0.0,0.8196780490394667,0.8290208152478267,0.0,0.0,0.8696780490394669,0.8790208152478267,0.0,0.0,0.9196780490394668,0.9290208152478268,0.0,0.0,1.0696780490394668,1.079020815247827,0.0,0.0,1.3196780490394668,1.329020815247827,0.0
official_4c_tierB_mc_baseline_official_v3,deterministic-engine-v1_official-runner,baseline-official-v3,v1.0.1-official-4c,CHL,MUT,MUT,,high,r0,2034,all_draw,historical_reduced_form_positive_total_revenue,5000,0.0965643357085964,0.1574975289206823,0.2169906108684065,0.2854872624140464,0.4032224453114251,1.0,True,1.0,0.0,True,0.0,0.0,0.7722538783454471,0.7830093891315935,0.0,0.0,0.822253878345447,0.8330093891315935,0.0,0.0,0.8722538783454471,0.8830093891315935,0.0,0.0,1.0222538783454471,1.0330093891315937,0.0,0.0,1.2722538783454471,1.2830093891315937,0.0
official_4c_tierB_mc_baseline_official_v3,deterministic-engine-v1_official-runner,baseline-official-v3,v1.0.1-official-4c,CHL,MUT,MUT,,high,r0,2034,basic_valid,historical_reduced_form_positive_total_revenue,5000,0.0965643357085964,0.1574975289206823,0.2169906108684065,0.2854872624140464,0.4032224453114251,1.0,True,1.0,0.0,True,0.0,0.0,0.7722538783454471,0.7830093891315935,0.0,0.0,0.822253878345447,0.8330093891315935,0.0,0.0,0.8722538783454471,0.8830093891315935,0.0,0.0,1.0222538783454471,1.0330093891315937,0.0,0.0,1.2722538783454471,1.2830093891315937,0.0
official_4c_tierB_mc_baseline_official_v3,deterministic-engine-v1_official-runner,baseline-official-v3,v1.0.1-official-4c,CHL,MUT,MUT,,high,r0,2034,support_valid,historical_reduced_form_positive_total_revenue,5000,0.0965643357085964,0.1574975289206823,0.2169906108684065,0.2854872624140464,0.4032224453114251,1.0,True,1.0,0.0,True,0.0,0.0,0.7722538783454471,0.7830093891315935,0.0,0.0,0.822253878345447,0.8330093891315935,0.0,0.0,0.8722538783454471,0.8830093891315935,0.0,0.0,1.0222538783454471,1.0330093891315937,0.0,0.0,1.2722538783454471,1.2830093891315937,0.0
official_4c_tierB_mc_baseline_official_v3,deterministic-engine-v1_official-runner,baseline-official-v3,v1.0.1-official-4c,CHL,MUT,MUT,,high,r0,2034,all_draw,historical_reduced_form_mixture_total_revenue,5000,-0.4824117367842584,0.1117991740768396,0.189512085985107,0.2638135296066521,0.3861777014549052,0.8234,False,0.8234,0.0,True,0.0,0.0,0.885385164560102,0.8104879140148931,0.0,0.0,0.9353851645601022,0.8604879140148931,0.0,0.0,0.9853851645601022,0.9104879140148932,0.0,0.0,1.135385164560102,1.060487914014893,0.0,0.0,1.385385164560102,1.310487914014893,0.0
official_4c_tierB_mc_baseline_official_v3,deterministic-engine-v1_official-runner,baseline-official-v3,v1.0.1-official-4c,CHL,MUT,MUT,,high,r0,2034,basic_valid,historical_reduced_form_mixture_total_revenue,5000,0.0970197646253101,0.1555998180207606,0.2144655649679791,0.2802245540318195,0.399119241222489,0.8234,False,0.8234,0.0,True,0.0,0.0,0.7740525946046725,0.7855344350320209,0.0,0.0,0.8240525946046725,0.835534435032021,0.0,0.0,0.8740525946046724,0.885534435032021,0.0,0.0,1.0240525946046726,1.0355344350320208,0.0,0.0,1.2740525946046726,1.2855344350320208,0.0
official_4c_tierB_mc_baseline_official_v3,deterministic-engine-v1_official-runner,baseline-official-v3,v1.0.1-official-4c,CHL,MUT,MUT,,high,r0,2034,support_valid,historical_reduced_form_mixture_total_revenue,5000,0.0970197646253101,0.1555998180207606,0.2144655649679791,0.2802245540318195,0.399119241222489,0.8234,False,0.8234,0.0,True,0.0,0.0,0.7740525946046725,0.7855344350320209,0.0,0.0,0.8240525946046725,0.835534435032021,0.0,0.0,0.8740525946046724,0.885534435032021,0.0,0.0,1.0240525946046726,1.0355344350320208,0.0,0.0,1.2740525946046726,1.2855344350320208,0.0
official_4c_tierB_mc_baseline_official_v3,deterministic-engine-v1_official-runner,baseline-official-v3,v1.0.1-official-4c,CHL,PBI,PBI,,high,r0,2034,all_draw,historical_reduced_form_positive_tax,5000,0.0529608593459724,0.0823096779745456,0.1074249379536838,0.1379558593769916,0.193647587030128,1.0,True,1.0,0.0,True,0.0,0.0,0.8866484349994278,0.8925750620463162,0.0,0.0,0.9366484349994276,0.9425750620463162,0.0,0.0,0.986648434999428,0.9925750620463164,0.0,0.0,1.136648434999428,1.142575062046316,0.0,0.0,1.386648434999428,1.392575062046316,0.0
official_4c_tierB_mc_baseline_official_v3,deterministic-engine-v1_official-runner,baseline-official-v3,v1.0.1-official-4c,CHL,PBI,PBI,,high,r0,2034,basic_valid,historical_reduced_form_positive_tax,5000,0.0529608593459724,0.0823096779745456,0.1074249379536838,0.1379558593769916,0.193647587030128,1.0,True,1.0,0.0,True,0.0,0.0,0.8866484349994278,0.8925750620463162,0.0,0.0,0.9366484349994276,0.9425750620463162,0.0,0.0,0.986648434999428,0.9925750620463164,0.0,0.0,1.136648434999428,1.142575062046316,0.0,0.0,1.386648434999428,1.392575062046316,0.0
official_4c_tierB_mc_baseline_official_v3,deterministic-engine-v1_official-runner,baseline-official-v3,v1.0.1-official-4c,CHL,PBI,PBI,,high,r0,2034,support_valid,historical_reduced_form_positive_tax,5000,0.0529608593459724,0.0823096779745456,0.1074249379536838,0.1379558593769916,0.193647587030128,1.0,True,1.0,0.0,True,0.0,0.0,0.8866484349994278,0.8925750620463162,0.0,0.0,0.9366484349994276,0.9425750620463162,0.0,0.0,0.986648434999428,0.9925750620463164,0.0,0.0,1.136648434999428,1.142575062046316,0.0,0.0,1.386648434999428,1.392575062046316,0.0
official_4c_tierB_mc_baseline_official_v3,deterministic-engine-v1_official-runner,baseline-official-v3,v1.0.1-official-4c,CHL,PBI,PBI,,high,r0,2034,all_draw,historical_reduced_form_mixture_tax,5000,-0.2504427205370465,0.0525197406140848,0.0946849303923351,0.1300339639350125,0.1894396927088851,0.786,False,0.786,0.0,True,0.0,0.0,0.9517584894392384,0.9053150696076648,0.0,0.0,1.0017584894392384,0.9553150696076648,0.0,0.0,1.0517584894392384,1.005315069607665,0.0,0.0,1.2017584894392386,1.1553150696076648,0.0,0.0,1.4517584894392386,1.4053150696076648,0.0
official_4c_tierB_mc_baseline_official_v3,deterministic-engine-v1_official-runner,baseline-official-v3,v1.0.1-official-4c,CHL,PBI,PBI,,high,r0,2034,basic_valid,historical_reduced_form_mixture_tax,5000,0.0532680420077733,0.0823897314294665,0.1095374533168422,0.1398316183604374,0.1957502118933812,0.786,False,0.786,0.0,True,0.0,0.0,0.885067154699564,0.8904625466831577,0.0,0.0,0.935067154699564,0.9404625466831578,0.0,0.0,0.985067154699564,0.9904625466831578,0.0,0.0,1.135067154699564,1.1404625466831575,0.0,0.0,1.385067154699564,1.3904625466831575,0.0
official_4c_tierB_mc_baseline_official_v3,deterministic-engine-v1_official-runner,baseline-official-v3,v1.0.1-official-4c,CHL,PBI,PBI,,high,r0,2034,support_valid,historical_reduced_form_mixture_tax,5000,0.0532680420077733,0.0823897314294665,0.1095374533168422,0.1398316183604374,0.1957502118933812,0.786,False,0.786,0.0,True,0.0,0.0,0.885067154699564,0.8904625466831577,0.0,0.0,0.935067154699564,0.9404625466831578,0.0,0.0,0.985067154699564,0.9904625466831578,0.0,0.0,1.135067154699564,1.1404625466831575,0.0,0.0,1.385067154699564,1.3904625466831575,0.0
official_4c_tierB_mc_baseline_official_v3,deterministic-engine-v1_official-runner,baseline-official-v3,v1.0.1-official-4c,CHL,PBI,PBI,,high,r0,2034,all_draw,historical_reduced_form_positive_total_revenue,5000,0.0633341795019309,0.1005778510387149,0.1348904064034194,0.1762534507005881,0.2474782543303187,1.0,True,1.0,0.0,True,0.0,0.0,0.8574981570687487,0.8651095935965806,0.0,0.0,0.9074981570687488,0.9151095935965806,0.0,0.0,0.9574981570687487,0.9651095935965808,0.0,0.0,1.1074981570687488,1.115109593596581,0.0,0.0,1.3574981570687488,1.365109593596581,0.0
official_4c_tierB_mc_baseline_official_v3,deterministic-engine-v1_official-runner,baseline-official-v3,v1.0.1-official-4c,CHL,PBI,PBI,,high,r0,2034,basic_valid,historical_reduced_form_positive_total_revenue,5000,0.0633341795019309,0.1005778510387149,0.1348904064034194,0.1762534507005881,0.2474782543303187,1.0,True,1.0,0.0,True,0.0,0.0,0.8574981570687487,0.8651095935965806,0.0,0.0,0.9074981570687488,0.9151095935965806,0.0,0.0,0.9574981570687487,0.9651095935965808,0.0,0.0,1.1074981570687488,1.115109593596581,0.0,0.0,1.3574981570687488,1.365109593596581,0.0
official_4c_tierB_mc_baseline_official_v3,deterministic-engine-v1_official-runner,baseline-official-v3,v1.0.1-official-4c,CHL,PBI,PBI,,high,r0,2034,support_valid,historical_reduced_form_positive_total_revenue,5000,0.0633341795019309,0.1005778510387149,0.1348904064034194,0.1762534507005881,0.2474782543303187,1.0,True,1.0,0.0,True,0.0,0.0,0.8574981570687487,0.8651095935965806,0.0,0.0,0.9074981570687488,0.9151095935965806,0.0,0.0,0.9574981570687487,0.9651095935965808,0.0,0.0,1.1074981570687488,1.115109593596581,0.0,0.0,1.3574981570687488,1.365109593596581,0.0
official_4c_tierB_mc_baseline_official_v3,deterministic-engine-v1_official-runner,baseline-official-v3,v1.0.1-official-4c,CHL,PBI,PBI,,high,r0,2034,all_draw,historical_reduced_form_mixture_total_revenue,5000,-0.2737770684460073,0.0775705278341717,0.1218159282427669,0.1660050988559489,0.2391868595230595,0.8422,False,0.8422,0.0,True,0.0,0.0,0.9172668708778108,0.8781840717572331,0.0,0.0,0.9672668708778106,0.9281840717572332,0.0,0.0,1.0172668708778108,0.9781840717572332,0.0,0.0,1.167266870877811,1.1281840717572331,0.0,0.0,1.417266870877811,1.3781840717572331,0.0
official_4c_tierB_mc_baseline_official_v3,deterministic-engine-v1_official-runner,baseline-official-v3,v1.0.1-official-4c,CHL,PBI,PBI,,high,r0,2034,basic_valid,historical_reduced_form_mixture_total_revenue,5000,0.0628358898670548,0.1006572222555585,0.1343182315299917,0.1748655269894823,0.2471753094110461,0.8422,False,0.8422,0.0,True,0.0,0.0,0.8580838599277886,0.8656817684700082,0.0,0.0,0.9080838599277884,0.9156817684700084,0.0,0.0,0.9580838599277886,0.9656817684700084,0.0,0.0,1.108083859927789,1.1156817684700082,0.0,0.0,1.358083859927789,1.3656817684700082,0.0
official_4c_tierB_mc_baseline_official_v3,deterministic-engine-v1_official-runner,baseline-official-v3,v1.0.1-official-4c,CHL,PBI,PBI,,high,r0,2034,support_valid,historical_reduced_form_mixture_total_revenue,5000,0.0628358898670548,0.1006572222555585,0.1343182315299917,0.1748655269894823,0.2471753094110461,0.8422,False,0.8422,0.0,True,0.0,0.0,0.8580838599277886,0.8656817684700082,0.0,0.0,0.9080838599277884,0.9156817684700084,0.0,0.0,0.9580838599277886,0.9656817684700084,0.0,0.0,1.108083859927789,1.1156817684700082,0.0,0.0,1.358083859927789,1.3656817684700082,0.0
official_4c_tierB_mc_baseline_official_v3,deterministic-engine-v1_official-runner,baseline-official-v3,v1.0.1-official-4c,CHL,UBI,UBI,,high,r0,2034,all_draw,historical_reduced_form_positive_tax,5000,0.0242323087463325,0.0355985264208211,0.0463584304931414,0.0586014264950553,0.08327222498983,1.0,True,1.0,0.0,True,0.0,0.0,0.9511407501576862,0.9536415695068584,0.0,0.0,1.001140750157686,1.0036415695068586,0.0,0.0,1.0511407501576862,1.0536415695068586,0.0,0.0,1.201140750157686,1.2036415695068583,0.0,0.0,1.451140750157686,1.4536415695068583,0.0
official_4c_tierB_mc_baseline_official_v3,deterministic-engine-v1_official-runner,baseline-official-v3,v1.0.1-official-4c,CHL,UBI,UBI,,high,r0,2034,basic_valid,historical_reduced_form_positive_tax,5000,0.0242323087463325,0.0355985264208211,0.0463584304931414,0.0586014264950553,0.08327222498983,1.0,True,1.0,0.0,True,0.0,0.0,0.9511407501576862,0.9536415695068584,0.0,0.0,1.001140750157686,1.0036415695068586,0.0,0.0,1.0511407501576862,1.0536415695068586,0.0,0.0,1.201140750157686,1.2036415695068583,0.0,0.0,1.451140750157686,1.4536415695068583,0.0
official_4c_tierB_mc_baseline_official_v3,deterministic-engine-v1_official-runner,baseline-official-v3,v1.0.1-official-4c,CHL,UBI,UBI,,high,r0,2034,support_valid,historical_reduced_form_positive_tax,5000,0.0242323087463325,0.0355985264208211,0.0463584304931414,0.0586014264950553,0.08327222498983,1.0,True,1.0,0.0,True,0.0,0.0,0.9511407501576862,0.9536415695068584,0.0,0.0,1.001140750157686,1.0036415695068586,0.0,0.0,1.0511407501576862,1.0536415695068586,0.0,0.0,1.201140750157686,1.2036415695068583,0.0,0.0,1.451140750157686,1.4536415695068583,0.0
official_4c_tierB_mc_baseline_official_v3,deterministic-engine-v1_official-runner,baseline-official-v3,v1.0.1-official-4c,CHL,UBI,UBI,,high,r0,2034,all_draw,historical_reduced_form_mixture_tax,5000,-0.1016900672853612,0.0244731397698762,0.0408550619203563,0.0557428676671905,0.0794675195421474,0.7936,False,0.7936,0.0,True,0.0,0.0,0.977273700501736,0.9591449380796436,0.0,0.0,1.027273700501736,1.0091449380796438,0.0,0.0,1.077273700501736,1.0591449380796436,0.0,0.0,1.227273700501736,1.2091449380796435,0.0,0.0,1.477273700501736,1.4591449380796435,0.0
official_4c_tierB_mc_baseline_official_v3,deterministic-engine-v1_official-runner,baseline-official-v3,v1.0.1-official-4c,CHL,UBI,UBI,,high,r0,2034,basic_valid,historical_reduced_form_mixture_tax,5000,0.0238736164411799,0.0358405481671807,0.0463031152864341,0.0597262315817052,0.0825851387485037,0.7936,False,0.7936,0.0,True,0.0,0.0,0.9509532436978524,0.9536968847135658,0.0,0.0,1.0009532436978523,1.003696884713566,0.0,0.0,1.0509532436978526,1.053696884713566,0.0,0.0,1.2009532436978525,1.2036968847135658,0.0,0.0,1.4509532436978525,1.4536968847135658,0.0
official_4c_tierB_mc_baseline_official_v3,deterministic-engine-v1_official-runner,baseline-official-v3,v1.0.1-official-4c,CHL,UBI,UBI,,high,r0,2034,support_valid,historical_reduced_form_mixture_tax,5000,0.0238736164411799,0.0358405481671807,0.0463031152864341,0.0597262315817052,0.0825851387485037,0.7936,False,0.7936,0.0,True,0.0,0.0,0.9509532436978524,0.9536968847135658,0.0,0.0,1.0009532436978523,1.003696884713566,0.0,0.0,1.0509532436978526,1.053696884713566,0.0,0.0,1.2009532436978525,1.2036968847135658,0.0,0.0,1.4509532436978525,1.4536968847135658,0.0
official_4c_tierB_mc_baseline_official_v3,deterministic-engine-v1_official-runner,baseline-official-v3,v1.0.1-official-4c,CHL,UBI,UBI,,high,r0,2034,all_draw,historical_reduced_form_positive_total_revenue,5000,0.0272154976518154,0.043558885366428,0.0576246621935654,0.0745149724545721,0.1050624029020648,1.0,True,1.0,0.0,True,0.0,0.0,0.9394242052124712,0.9423753378064346,0.0,0.0,0.9894242052124712,0.9923753378064346,0.0,0.0,1.0394242052124716,1.0423753378064349,0.0,0.0,1.189424205212471,1.1923753378064346,0.0,0.0,1.439424205212471,1.4423753378064346,0.0
official_4c_tierB_mc_baseline_official_v3,deterministic-engine-v1_official-runner,baseline-official-v3,v1.0.1-official-4c,CHL,UBI,UBI,,high,r0,2034,basic_valid,historical_reduced_form_positive_total_revenue,5000,0.0272154976518154,0.043558885366428,0.0576246621935654,0.0745149724545721,0.1050624029020648,1.0,True,1.0,0.0,True,0.0,0.0,0.9394242052124712,0.9423753378064346,0.0,0.0,0.9894242052124712,0.9923753378064346,0.0,0.0,1.0394242052124716,1.0423753378064349,0.0,0.0,1.189424205212471,1.1923753378064346,0.0,0.0,1.439424205212471,1.4423753378064346,0.0
official_4c_tierB_mc_baseline_official_v3,deterministic-engine-v1_official-runner,baseline-official-v3,v1.0.1-official-4c,CHL,UBI,UBI,,high,r0,2034,support_valid,historical_reduced_form_positive_total_revenue,5000,0.0272154976518154,0.043558885366428,0.0576246621935654,0.0745149724545721,0.1050624029020648,1.0,True,1.0,0.0,True,0.0,0.0,0.9394242052124712,0.9423753378064346,0.0,0.0,0.9894242052124712,0.9923753378064346,0.0,0.0,1.0394242052124716,1.0423753378064349,0.0,0.0,1.189424205212471,1.1923753378064346,0.0,0.0,1.439424205212471,1.4423753378064346,0.0
official_4c_tierB_mc_baseline_official_v3,deterministic-engine-v1_official-runner,baseline-official-v3,v1.0.1-official-4c,CHL,UBI,UBI,,high,r0,2034,all_draw,historical_reduced_form_mixture_total_revenue,5000,-0.1129646035806585,0.0322328695370697,0.052124872042776,0.0715018013489884,0.1046703515455364,0.835,False,0.835,0.0,True,0.0,0.0,0.9644468463540674,0.947875127957224,0.0,0.0,1.0144468463540677,0.997875127957224,0.0,0.0,1.0644468463540675,1.047875127957224,0.0,0.0,1.2144468463540674,1.197875127957224,0.0,0.0,1.4644468463540674,1.447875127957224,0.0
official_4c_tierB_mc_baseline_official_v3,deterministic-engine-v1_official-runner,baseline-official-v3,v1.0.1-official-4c,CHL,UBI,UBI,,high,r0,2034,basic_valid,historical_reduced_form_mixture_total_revenue,5000,0.0268321025685134,0.0430837368639637,0.0578197969315293,0.075501328356964,0.1076650006832747,0.835,False,0.835,0.0,True,0.0,0.0,0.9388025666056106,0.9421802030684706,0.0,0.0,0.9888025666056106,0.9921802030684708,0.0,0.0,1.0388025666056109,1.0421802030684706,0.0,0.0,1.1888025666056106,1.1921802030684705,0.0,0.0,1.4388025666056106,1.4421802030684705,0.0
official_4c_tierB_mc_baseline_official_v3,deterministic-engine-v1_official-runner,baseline-official-v3,v1.0.1-official-4c,CHL,UBI,UBI,,high,r0,2034,support_valid,historical_reduced_form_mixture_total_revenue,5000,0.0268321025685134,0.0430837368639637,0.0578197969315293,0.075501328356964,0.1076650006832747,0.835,False,0.835,0.0,True,0.0,0.0,0.9388025666056106,0.9421802030684706,0.0,0.0,0.9888025666056106,0.9921802030684708,0.0,0.0,1.0388025666056109,1.0421802030684706,0.0,0.0,1.1888025666056106,1.1921802030684705,0.0,0.0,1.4388025666056106,1.4421802030684705,0.0
official_4c_tierB_mc_baseline_official_v3,deterministic-engine-v1_official-runner,baseline-official-v3,v1.0.1-official-4c,CHL,PEN,PEN,,stress,r0,2034,all_draw,historical_reduced_form_positive_tax,5000,0.4426147790331523,0.6137673041565127,0.7622665881776131,0.9430680835340391,1.2973245546251737,1.0,True,1.0,0.1224,True,0.197,0.197,0.2989847780761751,0.2942390731026363,0.1544,0.1544,0.3326360596188118,0.3307046176953256,0.1224,0.1224,0.3696983124137508,0.3715289720952263,0.062,0.062,0.491741084440201,0.5053416042667882,0.016,0.016,0.7141794585521329,0.7418249579926036,0.197
official_4c_tierB_mc_baseline_official_v3,deterministic-engine-v1_official-runner,baseline-official-v3,v1.0.1-official-4c,CHL,PEN,PEN,,stress,r0,2034,basic_valid,historical_reduced_form_positive_tax,5000,0.4426147790331523,0.6137673041565127,0.7622665881776131,0.9430680835340391,1.2973245546251737,1.0,True,1.0,0.1224,True,0.197,0.197,0.2989847780761751,0.2942390731026363,0.1544,0.1544,0.3326360596188118,0.3307046176953256,0.1224,0.1224,0.3696983124137508,0.3715289720952263,0.062,0.062,0.491741084440201,0.5053416042667882,0.016,0.016,0.7141794585521329,0.7418249579926036,0.197
official_4c_tierB_mc_baseline_official_v3,deterministic-engine-v1_official-runner,baseline-official-v3,v1.0.1-official-4c,CHL,PEN,PEN,,stress,r0,2034,support_valid,historical_reduced_form_positive_tax,5000,0.4426147790331523,0.6137673041565127,0.7622665881776131,0.9430680835340391,1.2973245546251737,1.0,True,1.0,0.1224,True,0.197,0.197,0.2989847780761751,0.2942390731026363,0.1544,0.1544,0.3326360596188118,0.3307046176953256,0.1224,0.1224,0.3696983124137508,0.3715289720952263,0.062,0.062,0.491741084440201,0.5053416042667882,0.016,0.016,0.7141794585521329,0.7418249579926036,0.197
official_4c_tierB_mc_baseline_official_v3,deterministic-engine-v1_official-runner,baseline-official-v3,v1.0.1-official-4c,CHL,PEN,PEN,,stress,r0,2034,all_draw,historical_reduced_form_mixture_tax,5000,-1.5158730373311615,0.4444084901537277,0.68697006173432,0.8935184434130861,1.2282747479292169,0.789,False,0.789,0.096,True,0.1546,0.1546,0.7660500525422277,0.369395488875641,0.1218,0.1218,0.7865283662143953,0.4082646900225816,0.096,0.096,0.8134182212960676,0.4478494778583949,0.0452,0.0452,0.9165964644001654,0.5811825560106563,0.009,0.009,1.1295858961119791,0.8174095390689361,0.1546
official_4c_tierB_mc_baseline_official_v3,deterministic-engine-v1_official-runner,baseline-official-v3,v1.0.1-official-4c,CHL,PEN,PEN,,stress,r0,2034,basic_valid,historical_reduced_form_mixture_tax,5000,0.4448475532344539,0.6174699657903681,0.7700610895641568,0.948227960534758,1.2719288276066585,0.789,False,0.789,0.096,True,0.1959442332065906,0.1959442332065906,0.2952708701837028,0.2915994449760647,0.1543726235741445,0.1543726235741445,0.329556859764424,0.328824933012462,0.1216730038022813,0.1216730038022813,0.3664230846709765,0.3684969608848426,0.0572877059569074,0.0572877059569074,0.4868478486617636,0.4976622293712753,0.0114068441064638,0.0114068441064638,0.7097701906055297,0.7328026351831396,0.1959442332065906
official_4c_tierB_mc_baseline_official_v3,deterministic-engine-v1_official-runner,baseline-official-v3,v1.0.1-official-4c,CHL,PEN,PEN,,stress,r0,2034,support_valid,historical_reduced_form_mixture_tax,5000,0.4448475532344539,0.6174699657903681,0.7700610895641568,0.948227960534758,1.2719288276066585,0.789,False,0.789,0.096,True,0.1959442332065906,0.1959442332065906,0.2952708701837028,0.2915994449760647,0.1543726235741445,0.1543726235741445,0.329556859764424,0.328824933012462,0.1216730038022813,0.1216730038022813,0.3664230846709765,0.3684969608848426,0.0572877059569074,0.0572877059569074,0.4868478486617636,0.4976622293712753,0.0114068441064638,0.0114068441064638,0.7097701906055297,0.7328026351831396,0.1959442332065906
official_4c_tierB_mc_baseline_official_v3,deterministic-engine-v1_official-runner,baseline-official-v3,v1.0.1-official-4c,CHL,PEN,PEN,,stress,r0,2034,all_draw,historical_reduced_form_positive_total_revenue,5000,0.4994005745334852,0.7287419965766941,0.9378312323511606,1.1839347761607348,1.6044887196840194,1.0,True,1.0,0.3244,True,0.4328,0.4328,0.2573596381567619,0.2410261375022623,0.3774,0.3774,0.2823474226092854,0.2647634991401475,0.3244,0.3244,0.3082976680012765,0.2907808637558169,0.2004,0.2004,0.3994671577643376,0.390213713546185,0.0792,0.0792,0.5825974680359166,0.5929879846034929,0.4328
official_4c_tierB_mc_baseline_official_v3,deterministic-engine-v1_official-runner,baseline-official-v3,v1.0.1-official-4c,CHL,PEN,PEN,,stress,r0,2034,basic_valid,historical_reduced_form_positive_total_revenue,5000,0.4994005745334852,0.7287419965766941,0.9378312323511606,1.1839347761607348,1.6044887196840194,1.0,True,1.0,0.3244,True,0.4328,0.4328,0.2573596381567619,0.2410261375022623,0.3774,0.3774,0.2823474226092854,0.2647634991401475,0.3244,0.3244,0.3082976680012765,0.2907808637558169,0.2004,0.2004,0.3994671577643376,0.390213713546185,0.0792,0.0792,0.5825974680359166,0.5929879846034929,0.4328
official_4c_tierB_mc_baseline_official_v3,deterministic-engine-v1_official-runner,baseline-official-v3,v1.0.1-official-4c,CHL,PEN,PEN,,stress,r0,2034,support_valid,historical_reduced_form_positive_total_revenue,5000,0.4994005745334852,0.7287419965766941,0.9378312323511606,1.1839347761607348,1.6044887196840194,1.0,True,1.0,0.3244,True,0.4328,0.4328,0.2573596381567619,0.2410261375022623,0.3774,0.3774,0.2823474226092854,0.2647634991401475,0.3244,0.3244,0.3082976680012765,0.2907808637558169,0.2004,0.2004,0.3994671577643376,0.390213713546185,0.0792,0.0792,0.5825974680359166,0.5929879846034929,0.4328
official_4c_tierB_mc_baseline_official_v3,deterministic-engine-v1_official-runner,baseline-official-v3,v1.0.1-official-4c,CHL,PEN,PEN,,stress,r0,2034,all_draw,historical_reduced_form_mixture_total_revenue,5000,-1.724852421189627,0.5696345100173098,0.8581302271253656,1.1259989389053668,1.560355033573843,0.83,False,0.83,0.2692,True,0.3614,0.3614,0.8460920612396288,0.3362019940059607,0.313,0.313,0.8347755762445258,0.3556212408543456,0.2692,0.2692,0.8332617955292781,0.3803444063654566,0.1672,0.1672,0.8724666360408245,0.4749189093549352,0.0644,0.0644,1.0145364708683438,0.6752349678554503,0.3614
official_4c_tierB_mc_baseline_official_v3,deterministic-engine-v1_official-runner,baseline-official-v3,v1.0.1-official-4c,CHL,PEN,PEN,,stress,r0,2034,basic_valid,historical_reduced_form_mixture_total_revenue,5000,0.4933506817517378,0.7319823495368194,0.941853043650771,1.1859436350037078,1.6027133663218562,0.83,False,0.83,0.2692,True,0.4354216867469879,0.4354216867469879,0.2572633040516555,0.2376599146332085,0.3771084337349397,0.3771084337349397,0.2809091196343676,0.26246287449462,0.3243373493975903,0.3243373493975903,0.3070380066757763,0.2922822162806189,0.2014457831325301,0.2014457831325301,0.398807194426339,0.3893320127284133,0.0775903614457831,0.0775903614457831,0.5805113846857382,0.5888604102874937,0.4354216867469879
official_4c_tierB_mc_baseline_official_v3,deterministic-engine-v1_official-runner,baseline-official-v3,v1.0.1-official-4c,CHL,PEN,PEN,,stress,r0,2034,support_valid,historical_reduced_form_mixture_total_revenue,5000,0.4933506817517378,0.7319823495368194,0.941853043650771,1.1859436350037078,1.6027133663218562,0.83,False,0.83,0.2692,True,0.4354216867469879,0.4354216867469879,0.2572633040516555,0.2376599146332085,0.3771084337349397,0.3771084337349397,0.2809091196343676,0.26246287449462,0.3243373493975903,0.3243373493975903,0.3070380066757763,0.2922822162806189,0.2014457831325301,0.2014457831325301,0.398807194426339,0.3893320127284133,0.0775903614457831,0.0775903614457831,0.5805113846857382,0.5888604102874937,0.4354216867469879
official_4c_tierB_mc_baseline_official_v3,deterministic-engine-v1_official-runner,baseline-official-v3,v1.0.1-official-4c,CHL,GMI,GMI:GMI_ideal_aggregate,GMI_ideal_aggregate,stress,r0,2034,all_draw,historical_reduced_form_positive_tax,5000,8.212394463102898,11.702514839537864,14.903325595971594,18.85835585082705,25.57315570834885,1.0,True,1.0,1.0,True,1.0,1.0,0.0,0.0,1.0,1.0,0.0,0.0,1.0,1.0,0.0,0.0,1.0,1.0,0.0,0.0,1.0,1.0,0.0,0.0,1.0
official_4c_tierB_mc_baseline_official_v3,deterministic-engine-v1_official-runner,baseline-official-v3,v1.0.1-official-4c,CHL,GMI,GMI:GMI_ideal_aggregate,GMI_ideal_aggregate,stress,r0,2034,basic_valid,historical_reduced_form_positive_tax,5000,8.212394463102898,11.702514839537864,14.903325595971594,18.85835585082705,25.57315570834885,1.0,True,1.0,1.0,True,1.0,1.0,0.0,0.0,1.0,1.0,0.0,0.0,1.0,1.0,0.0,0.0,1.0,1.0,0.0,0.0,1.0,1.0,0.0,0.0,1.0
official_4c_tierB_mc_baseline_official_v3,deterministic-engine-v1_official-runner,baseline-official-v3,v1.0.1-official-4c,CHL,GMI,GMI:GMI_ideal_aggregate,GMI_ideal_aggregate,stress,r0,2034,support_valid,historical_reduced_form_positive_tax,5000,8.212394463102898,11.702514839537864,14.903325595971594,18.85835585082705,25.57315570834885,1.0,True,1.0,1.0,True,1.0,1.0,0.0,0.0,1.0,1.0,0.0,0.0,1.0,1.0,0.0,0.0,1.0,1.0,0.0,0.0,1.0,1.0,0.0,0.0,1.0
official_4c_tierB_mc_baseline_official_v3,deterministic-engine-v1_official-runner,baseline-official-v3,v1.0.1-official-4c,CHL,GMI,GMI:GMI_ideal_aggregate,GMI_ideal_aggregate,stress,r0,2034,all_draw,historical_reduced_form_mixture_tax,5000,-33.45611698643599,8.501965986964116,13.424173755907155,17.8863911527602,24.57848492507652,0.8022,False,0.8022,0.8022,True,0.8022,0.8022,28.317761574792883,25.9454507873491,0.8022,0.8022,28.367761574792883,25.9954507873491,0.8022,0.8022,28.417761574792884,26.0454507873491,0.8022,0.8022,28.567761574792883,26.1954507873491,0.8022,0.8022,28.817761574792883,26.4454507873491,0.8022
official_4c_tierB_mc_baseline_official_v3,deterministic-engine-v1_official-runner,baseline-official-v3,v1.0.1-official-4c,CHL,GMI,GMI:GMI_ideal_aggregate,GMI_ideal_aggregate,stress,r0,2034,basic_valid,historical_reduced_form_mixture_tax,5000,8.08233670139343,11.733294699617892,15.014598876156764,18.97655024321307,25.442850711731754,0.8022,False,0.8022,0.8022,True,1.0,1.0,0.0,0.0,1.0,1.0,0.0,0.0,1.0,1.0,0.0,0.0,1.0,1.0,0.0,0.0,1.0,1.0,0.0,0.0,1.0
official_4c_tierB_mc_baseline_official_v3,deterministic-engine-v1_official-runner,baseline-official-v3,v1.0.1-official-4c,CHL,GMI,GMI:GMI_ideal_aggregate,GMI_ideal_aggregate,stress,r0,2034,support_valid,historical_reduced_form_mixture_tax,5000,8.08233670139343,11.733294699617892,15.014598876156764,18.97655024321307,25.442850711731754,0.8022,False,0.8022,0.8022,True,1.0,1.0,0.0,0.0,1.0,1.0,0.0,0.0,1.0,1.0,0.0,0.0,1.0,1.0,0.0,0.0,1.0,1.0,0.0,0.0,1.0
official_4c_tierB_mc_baseline_official_v3,deterministic-engine-v1_official-runner,baseline-official-v3,v1.0.1-official-4c,CHL,GMI,GMI:GMI_ideal_aggregate,GMI_ideal_aggregate,stress,r0,2034,all_draw,historical_reduced_form_positive_total_revenue,5000,9.366569000661372,14.349647998021982,18.74473894167185,23.95722689739532,32.668140906914275,1.0,True,1.0,1.0,True,1.0,1.0,0.0,0.0,1.0,1.0,0.0,0.0,1.0,1.0,0.0,0.0,1.0,1.0,0.0,0.0,1.0,1.0,0.0,0.0,1.0
official_4c_tierB_mc_baseline_official_v3,deterministic-engine-v1_official-runner,baseline-official-v3,v1.0.1-official-4c,CHL,GMI,GMI:GMI_ideal_aggregate,GMI_ideal_aggregate,stress,r0,2034,basic_valid,historical_reduced_form_positive_total_revenue,5000,9.366569000661372,14.349647998021982,18.74473894167185,23.95722689739532,32.668140906914275,1.0,True,1.0,1.0,True,1.0,1.0,0.0,0.0,1.0,1.0,0.0,0.0,1.0,1.0,0.0,0.0,1.0,1.0,0.0,0.0,1.0,1.0,0.0,0.0,1.0
official_4c_tierB_mc_baseline_official_v3,deterministic-engine-v1_official-runner,baseline-official-v3,v1.0.1-official-4c,CHL,GMI,GMI:GMI_ideal_aggregate,GMI_ideal_aggregate,stress,r0,2034,support_valid,historical_reduced_form_positive_total_revenue,5000,9.366569000661372,14.349647998021982,18.74473894167185,23.95722689739532,32.668140906914275,1.0,True,1.0,1.0,True,1.0,1.0,0.0,0.0,1.0,1.0,0.0,0.0,1.0,1.0,0.0,0.0,1.0,1.0,0.0,0.0,1.0,1.0,0.0,0.0,1.0
official_4c_tierB_mc_baseline_official_v3,deterministic-engine-v1_official-runner,baseline-official-v3,v1.0.1-official-4c,CHL,GMI,GMI:GMI_ideal_aggregate,GMI_ideal_aggregate,stress,r0,2034,all_draw,historical_reduced_form_mixture_total_revenue,5000,-37.23379762451359,10.920177404163644,16.83614300228332,22.818226975587425,32.117856756916794,0.8254,False,0.8254,0.8254,True,0.8254,0.8254,32.39954858049399,29.8475101857325,0.8254,0.8254,32.449548580494,29.8975101857325,0.8254,0.8254,32.49954858049399,29.9475101857325,0.8254,0.8254,32.64954858049399,30.0975101857325,0.8254,0.8254,32.89954858049399,30.3475101857325,0.8254
official_4c_tierB_mc_baseline_official_v3,deterministic-engine-v1_official-runner,baseline-official-v3,v1.0.1-official-4c,CHL,GMI,GMI:GMI_ideal_aggregate,GMI_ideal_aggregate,stress,r0,2034,basic_valid,historical_reduced_form_mixture_total_revenue,5000,9.37363719041318,14.303181844066568,18.855904634489068,24.115075604823787,33.376829417350606,0.8254,False,0.8254,0.8254,True,1.0,1.0,0.0,0.0,1.0,1.0,0.0,0.0,1.0,1.0,0.0,0.0,1.0,1.0,0.0,0.0,1.0,1.0,0.0,0.0,1.0
official_4c_tierB_mc_baseline_official_v3,deterministic-engine-v1_official-runner,baseline-official-v3,v1.0.1-official-4c,CHL,GMI,GMI:GMI_ideal_aggregate,GMI_ideal_aggregate,stress,r0,2034,support_valid,historical_reduced_form_mixture_total_revenue,5000,9.37363719041318,14.303181844066568,18.855904634489068,24.115075604823787,33.376829417350606,0.8254,False,0.8254,0.8254,True,1.0,1.0,0.0,0.0,1.0,1.0,0.0,0.0,1.0,1.0,0.0,0.0,1.0,1.0,0.0,0.0,1.0,1.0,0.0,0.0,1.0
official_4c_tierB_mc_baseline_official_v3,deterministic-engine-v1_official-runner,baseline-official-v3,v1.0.1-official-4c,CHL,GMI,GMI:GMI_loaded_aggregate,GMI_loaded_aggregate,stress,r0,2034,all_draw,historical_reduced_form_positive_tax,5000,5.392542303538194,7.84757921588548,9.886657187678068,12.502940347705715,17.010888055581024,1.0,True,1.0,1.0,True,1.0,1.0,0.0,0.0,1.0,1.0,0.0,0.0,1.0,1.0,0.0,0.0,1.0,1.0,0.0,0.0,1.0,1.0,0.0,0.0,1.0
official_4c_tierB_mc_baseline_official_v3,deterministic-engine-v1_official-runner,baseline-official-v3,v1.0.1-official-4c,CHL,GMI,GMI:GMI_loaded_aggregate,GMI_loaded_aggregate,stress,r0,2034,basic_valid,historical_reduced_form_positive_tax,5000,5.392542303538194,7.84757921588548,9.886657187678068,12.502940347705715,17.010888055581024,1.0,True,1.0,1.0,True,1.0,1.0,0.0,0.0,1.0,1.0,0.0,0.0,1.0,1.0,0.0,0.0,1.0,1.0,0.0,0.0,1.0,1.0,0.0,0.0,1.0
official_4c_tierB_mc_baseline_official_v3,deterministic-engine-v1_official-runner,baseline-official-v3,v1.0.1-official-4c,CHL,GMI,GMI:GMI_loaded_aggregate,GMI_loaded_aggregate,stress,r0,2034,support_valid,historical_reduced_form_positive_tax,5000,5.392542303538194,7.84757921588548,9.886657187678068,12.502940347705715,17.010888055581024,1.0,True,1.0,1.0,True,1.0,1.0,0.0,0.0,1.0,1.0,0.0,0.0,1.0,1.0,0.0,0.0,1.0,1.0,0.0,0.0,1.0,1.0,0.0,0.0,1.0
official_4c_tierB_mc_baseline_official_v3,deterministic-engine-v1_official-runner,baseline-official-v3,v1.0.1-official-4c,CHL,GMI,GMI:GMI_loaded_aggregate,GMI_loaded_aggregate,stress,r0,2034,all_draw,historical_reduced_form_mixture_tax,5000,-22.60934907286118,5.567275637580834,8.941011138427509,11.833280925519515,16.523999201603257,0.7956,False,0.7956,0.7956,True,0.7956,0.7956,19.138590229466,17.874401053525716,0.7956,0.7956,19.188590229466,17.924401053525713,0.7956,0.7956,19.238590229466,17.974401053525717,0.7956,0.7956,19.388590229466,18.12440105352572,0.7956,0.7956,19.638590229466,18.37440105352572,0.7956
official_4c_tierB_mc_baseline_official_v3,deterministic-engine-v1_official-runner,baseline-official-v3,v1.0.1-official-4c,CHL,GMI,GMI:GMI_loaded_aggregate,GMI_loaded_aggregate,stress,r0,2034,basic_valid,historical_reduced_form_mixture_tax,5000,5.423369402657081,7.87895333879154,10.06330609325045,12.657316357559075,17.05479294039588,0.7956,False,0.7956,0.7956,True,1.0,1.0,0.0,0.0,1.0,1.0,0.0,0.0,1.0,1.0,0.0,0.0,1.0,1.0,0.0,0.0,1.0,1.0,0.0,0.0,1.0
official_4c_tierB_mc_baseline_official_v3,deterministic-engine-v1_official-runner,baseline-official-v3,v1.0.1-official-4c,CHL,GMI,GMI:GMI_loaded_aggregate,GMI_loaded_aggregate,stress,r0,2034,support_valid,historical_reduced_form_mixture_tax,5000,5.423369402657081,7.87895333879154,10.06330609325045,12.657316357559075,17.05479294039588,0.7956,False,0.7956,0.7956,True,1.0,1.0,0.0,0.0,1.0,1.0,0.0,0.0,1.0,1.0,0.0,0.0,1.0,1.0,0.0,0.0,1.0,1.0,0.0,0.0,1.0
official_4c_tierB_mc_baseline_official_v3,deterministic-engine-v1_official-runner,baseline-official-v3,v1.0.1-official-4c,CHL,GMI,GMI:GMI_loaded_aggregate,GMI_loaded_aggregate,stress,r0,2034,all_draw,historical_reduced_form_positive_total_revenue,5000,6.169433929754718,9.61205404325738,12.626548998059969,16.199153582618894,22.063419106332272,1.0,True,1.0,1.0,True,1.0,1.0,0.0,0.0,1.0,1.0,0.0,0.0,1.0,1.0,0.0,0.0,1.0,1.0,0.0,0.0,1.0,1.0,0.0,0.0,1.0
official_4c_tierB_mc_baseline_official_v3,deterministic-engine-v1_official-runner,baseline-official-v3,v1.0.1-official-4c,CHL,GMI,GMI:GMI_loaded_aggregate,GMI_loaded_aggregate,stress,r0,2034,basic_valid,historical_reduced_form_positive_total_revenue,5000,6.169433929754718,9.61205404325738,12.626548998059969,16.199153582618894,22.063419106332272,1.0,True,1.0,1.0,True,1.0,1.0,0.0,0.0,1.0,1.0,0.0,0.0,1.0,1.0,0.0,0.0,1.0,1.0,0.0,0.0,1.0,1.0,0.0,0.0,1.0
official_4c_tierB_mc_baseline_official_v3,deterministic-engine-v1_official-runner,baseline-official-v3,v1.0.1-official-4c,CHL,GMI,GMI:GMI_loaded_aggregate,GMI_loaded_aggregate,stress,r0,2034,support_valid,historical_reduced_form_positive_total_revenue,5000,6.169433929754718,9.61205404325738,12.626548998059969,16.199153582618894,22.063419106332272,1.0,True,1.0,1.0,True,1.0,1.0,0.0,0.0,1.0,1.0,0.0,0.0,1.0,1.0,0.0,0.0,1.0,1.0,0.0,0.0,1.0,1.0,0.0,0.0,1.0
official_4c_tierB_mc_baseline_official_v3,deterministic-engine-v1_official-runner,baseline-official-v3,v1.0.1-official-4c,CHL,GMI,GMI:GMI_loaded_aggregate,GMI_loaded_aggregate,stress,r0,2034,all_draw,historical_reduced_form_mixture_total_revenue,5000,-25.26402685884893,7.152642427869145,11.223655229611277,15.186300121035082,21.472478038426303,0.8216,False,0.8216,0.8216,True,0.8216,0.8216,22.335681172749908,20.190303614658298,0.8216,0.8216,22.385681172749912,20.24030361465829,0.8216,0.8216,22.43568117274991,20.2903036146583,0.8216,0.8216,22.585681172749908,20.440303614658298,0.8216,0.8216,22.835681172749908,20.690303614658298,0.8216
official_4c_tierB_mc_baseline_official_v3,deterministic-engine-v1_official-runner,baseline-official-v3,v1.0.1-official-4c,CHL,GMI,GMI:GMI_loaded_aggregate,GMI_loaded_aggregate,stress,r0,2034,basic_valid,historical_reduced_form_mixture_total_revenue,5000,6.296158901744004,9.605966533569832,12.51526745710587,16.112986668925714,22.158233436997037,0.8216,False,0.8216,0.8216,True,1.0,1.0,0.0,0.0,1.0,1.0,0.0,0.0,1.0,1.0,0.0,0.0,1.0,1.0,0.0,0.0,1.0,1.0,0.0,0.0,1.0
official_4c_tierB_mc_baseline_official_v3,deterministic-engine-v1_official-runner,baseline-official-v3,v1.0.1-official-4c,CHL,GMI,GMI:GMI_loaded_aggregate,GMI_loaded_aggregate,stress,r0,2034,support_valid,historical_reduced_form_mixture_total_revenue,5000,6.296158901744004,9.605966533569832,12.51526745710587,16.112986668925714,22.158233436997037,0.8216,False,0.8216,0.8216,True,1.0,1.0,0.0,0.0,1.0,1.0,0.0,0.0,1.0,1.0,0.0,0.0,1.0,1.0,0.0,0.0,1.0,1.0,0.0,0.0,1.0
official_4c_tierB_mc_baseline_official_v3,deterministic-engine-v1_official-runner,baseline-official-v3,v1.0.1-official-4c,CHL,MUT,MUT,,stress,r0,2034,all_draw,historical_reduced_form_positive_tax,5000,0.499117451460432,0.6780716208830618,0.8422989122416469,1.037468117644922,1.3874222339424538,1.0,True,1.0,0.194,True,0.2902,0.2902,0.2611247794898794,0.2553295536492641,0.2366,0.2366,0.2910479087933151,0.2893420531625468,0.194,0.194,0.3242940271323105,0.3233521151514752,0.102,0.102,0.4341227271415133,0.4433265643591755,0.0262,0.0262,0.642392306799756,0.6667550327323525,0.2902
official_4c_tierB_mc_baseline_official_v3,deterministic-engine-v1_official-runner,baseline-official-v3,v1.0.1-official-4c,CHL,MUT,MUT,,stress,r0,2034,basic_valid,historical_reduced_form_positive_tax,5000,0.499117451460432,0.6780716208830618,0.8422989122416469,1.037468117644922,1.3874222339424538,1.0,True,1.0,0.194,True,0.2902,0.2902,0.2611247794898794,0.2553295536492641,0.2366,0.2366,0.2910479087933151,0.2893420531625468,0.194,0.194,0.3242940271323105,0.3233521151514752,0.102,0.102,0.4341227271415133,0.4433265643591755,0.0262,0.0262,0.642392306799756,0.6667550327323525,0.2902
official_4c_tierB_mc_baseline_official_v3,deterministic-engine-v1_official-runner,baseline-official-v3,v1.0.1-official-4c,CHL,MUT,MUT,,stress,r0,2034,support_valid,historical_reduced_form_positive_tax,5000,0.499117451460432,0.6780716208830618,0.8422989122416469,1.037468117644922,1.3874222339424538,1.0,True,1.0,0.194,True,0.2902,0.2902,0.2611247794898794,0.2553295536492641,0.2366,0.2366,0.2910479087933151,0.2893420531625468,0.194,0.194,0.3242940271323105,0.3233521151514752,0.102,0.102,0.4341227271415133,0.4433265643591755,0.0262,0.0262,0.642392306799756,0.6667550327323525,0.2902
official_4c_tierB_mc_baseline_official_v3,deterministic-engine-v1_official-runner,baseline-official-v3,v1.0.1-official-4c,CHL,MUT,MUT,,stress,r0,2034,all_draw,historical_reduced_form_mixture_tax,5000,-1.586832887759607,0.5229127249749292,0.7647951003844232,0.97565023184896,1.338577650872581,0.8032,False,0.8032,0.1536,True,0.2302,0.2302,0.7683313122222655,0.3294606616478103,0.1888,0.1888,0.7777987768027561,0.3603605700430278,0.1536,0.1536,0.7943179516129834,0.3965949062765088,0.0748,0.0748,0.8707221608928595,0.5153381028584194,0.0192,0.0192,1.0652896531872451,0.7457348198297353,0.2302
official_4c_tierB_mc_baseline_official_v3,deterministic-engine-v1_official-runner,baseline-official-v3,v1.0.1-official-4c,CHL,MUT,MUT,,stress,r0,2034,basic_valid,historical_reduced_form_mixture_tax,5000,0.5005842768639203,0.6824432604208159,0.8394195957936744,1.037141405528174,1.3850653744054768,0.8032,False,0.8032,0.1536,True,0.2866035856573705,0.2866035856573705,0.2599446014292165,0.2489958181796955,0.2350597609561753,0.2350597609561753,0.2906855146690054,0.2816342216842945,0.1912350597609561,0.1912350597609561,0.3234567837368691,0.3217082822728976,0.0931274900398406,0.0931274900398406,0.4309156448768735,0.44098928223793,0.0239043824701195,0.0239043824701195,0.6427588065258818,0.6682001827172195,0.2866035856573705
official_4c_tierB_mc_baseline_official_v3,deterministic-engine-v1_official-runner,baseline-official-v3,v1.0.1-official-4c,CHL,MUT,MUT,,stress,r0,2034,support_valid,historical_reduced_form_mixture_tax,5000,0.5005842768639203,0.6824432604208159,0.8394195957936744,1.037141405528174,1.3850653744054768,0.8032,False,0.8032,0.1536,True,0.2866035856573705,0.2866035856573705,0.2599446014292165,0.2489958181796955,0.2350597609561753,0.2350597609561753,0.2906855146690054,0.2816342216842945,0.1912350597609561,0.1912350597609561,0.3234567837368691,0.3217082822728976,0.0931274900398406,0.0931274900398406,0.4309156448768735,0.44098928223793,0.0239043824701195,0.0239043824701195,0.6427588065258818,0.6682001827172195,0.2866035856573705
official_4c_tierB_mc_baseline_official_v3,deterministic-engine-v1_official-runner,baseline-official-v3,v1.0.1-official-4c,CHL,MUT,MUT,,stress,r0,2034,all_draw,historical_reduced_form_positive_total_revenue,5000,0.5560130997107536,0.8075173255968437,1.0280381927494997,1.301334790749174,1.7460753716170647,1.0,True,1.0,0.4238,True,0.5324,0.5324,0.2299907685306645,0.2082212968648195,0.4784,0.4784,0.2536756988050023,0.232056946187478,0.4238,0.4238,0.2771515907862104,0.2595089141957061,0.2894,0.2894,0.3606476551621819,0.3461156434828885,0.1266,0.1266,0.5220824654311441,0.5261490194862293,0.5324
official_4c_tierB_mc_baseline_official_v3,deterministic-engine-v1_official-runner,baseline-official-v3,v1.0.1-official-4c,CHL,MUT,MUT,,stress,r0,2034,basic_valid,historical_reduced_form_positive_total_revenue,5000,0.5560130997107536,0.8075173255968437,1.0280381927494997,1.301334790749174,1.7460753716170647,1.0,True,1.0,0.4238,True,0.5324,0.5324,0.2299907685306645,0.2082212968648195,0.4784,0.4784,0.2536756988050023,0.232056946187478,0.4238,0.4238,0.2771515907862104,0.2595089141957061,0.2894,0.2894,0.3606476551621819,0.3461156434828885,0.1266,0.1266,0.5220824654311441,0.5261490194862293,0.5324
official_4c_tierB_mc_baseline_official_v3,deterministic-engine-v1_official-runner,baseline-official-v3,v1.0.1-official-4c,CHL,MUT,MUT,,stress,r0,2034,support_valid,historical_reduced_form_positive_total_revenue,5000,0.5560130997107536,0.8075173255968437,1.0280381927494997,1.301334790749174,1.7460753716170647,1.0,True,1.0,0.4238,True,0.5324,0.5324,0.2299907685306645,0.2082212968648195,0.4784,0.4784,0.2536756988050023,0.232056946187478,0.4238,0.4238,0.2771515907862104,0.2595089141957061,0.2894,0.2894,0.3606476551621819,0.3461156434828885,0.1266,0.1266,0.5220824654311441,0.5261490194862293,0.5324
official_4c_tierB_mc_baseline_official_v3,deterministic-engine-v1_official-runner,baseline-official-v3,v1.0.1-official-4c,CHL,MUT,MUT,,stress,r0,2034,all_draw,historical_reduced_form_mixture_total_revenue,5000,-1.8214408137014648,0.6376875971084561,0.9336722156942344,1.2235738941591623,1.6746289152641496,0.834,False,0.834,0.3482,True,0.437,0.437,0.9081418093278132,0.3117644981403862,0.3928,0.3928,0.8901397625100357,0.3299148928782285,0.3482,0.3482,0.8774951525536946,0.3559889990269117,0.2342,0.2342,0.8865584677513536,0.4352992248630807,0.0992,0.0992,0.98679189758441,0.6166938799399053,0.437
official_4c_tierB_mc_baseline_official_v3,deterministic-engine-v1_official-runner,baseline-official-v3,v1.0.1-official-4c,CHL,MUT,MUT,,stress,r0,2034,basic_valid,historical_reduced_form_mixture_total_revenue,5000,0.558916148273304,0.8046370933231484,1.0230927899111752,1.283583205812157,1.7175852553972368,0.834,False,0.834,0.3482,True,0.5239808153477218,0.5239808153477218,0.2290017215372628,0.2093353228099559,0.4709832134292566,0.4709832134292566,0.2534512887462107,0.2312158369416102,0.4175059952038369,0.4175059952038369,0.2778534072318497,0.2583018265462793,0.2808153477218225,0.2808153477218225,0.3618811593909987,0.3486708404223186,0.1189448441247002,0.1189448441247002,0.5246760834822686,0.5338589230937021,0.5239808153477218
official_4c_tierB_mc_baseline_official_v3,deterministic-engine-v1_official-runner,baseline-official-v3,v1.0.1-official-4c,CHL,MUT,MUT,,stress,r0,2034,support_valid,historical_reduced_form_mixture_total_revenue,5000,0.558916148273304,0.8046370933231484,1.0230927899111752,1.283583205812157,1.7175852553972368,0.834,False,0.834,0.3482,True,0.5239808153477218,0.5239808153477218,0.2290017215372628,0.2093353228099559,0.4709832134292566,0.4709832134292566,0.2534512887462107,0.2312158369416102,0.4175059952038369,0.4175059952038369,0.2778534072318497,0.2583018265462793,0.2808153477218225,0.2808153477218225,0.3618811593909987,0.3486708404223186,0.1189448441247002,0.1189448441247002,0.5246760834822686,0.5338589230937021,0.5239808153477218
official_4c_tierB_mc_baseline_official_v3,deterministic-engine-v1_official-runner,baseline-official-v3,v1.0.1-official-4c,CHL,PBI,PBI,,stress,r0,2034,all_draw,historical_reduced_form_positive_tax,5000,0.3044751345075332,0.4122555790261505,0.5118823338666358,0.6299136805348419,0.8237177996429648,1.0,True,1.0,0.0026,True,0.0094,0.0094,0.4741395316350564,0.48996310057705,0.006,0.006,0.5224407126688622,0.5392188093832785,0.0026,0.0026,0.5705988422711127,0.5886519824671619,0.0,0.0,0.7189532062036098,0.7381176661333642,0.0,0.0,0.9689532062036098,0.9881176661333642,0.0094
official_4c_tierB_mc_baseline_official_v3,deterministic-engine-v1_official-runner,baseline-official-v3,v1.0.1-official-4c,CHL,PBI,PBI,,stress,r0,2034,basic_valid,historical_reduced_form_positive_tax,5000,0.3044751345075332,0.4122555790261505,0.5118823338666358,0.6299136805348419,0.8237177996429648,1.0,True,1.0,0.0026,True,0.0094,0.0094,0.4741395316350564,0.48996310057705,0.006,0.006,0.5224407126688622,0.5392188093832785,0.0026,0.0026,0.5705988422711127,0.5886519824671619,0.0,0.0,0.7189532062036098,0.7381176661333642,0.0,0.0,0.9689532062036098,0.9881176661333642,0.0094
official_4c_tierB_mc_baseline_official_v3,deterministic-engine-v1_official-runner,baseline-official-v3,v1.0.1-official-4c,CHL,PBI,PBI,,stress,r0,2034,support_valid,historical_reduced_form_positive_tax,5000,0.3044751345075332,0.4122555790261505,0.5118823338666358,0.6299136805348419,0.8237177996429648,1.0,True,1.0,0.0026,True,0.0094,0.0094,0.4741395316350564,0.48996310057705,0.006,0.006,0.5224407126688622,0.5392188093832785,0.0026,0.0026,0.5705988422711127,0.5886519824671619,0.0,0.0,0.7189532062036098,0.7381176661333642,0.0,0.0,0.9689532062036098,0.9881176661333642,0.0094
official_4c_tierB_mc_baseline_official_v3,deterministic-engine-v1_official-runner,baseline-official-v3,v1.0.1-official-4c,CHL,PBI,PBI,,stress,r0,2034,all_draw,historical_reduced_form_mixture_tax,5000,-0.9531032397074576,0.3058966236010991,0.4600589103034531,0.5932978025879573,0.8091019086831541,0.7924,False,0.7924,0.0022,True,0.008,0.008,0.7376789328254992,0.5415565428669858,0.0044,0.0044,0.7849050086935296,0.5908009422472701,0.0022,0.0022,0.8331291587434827,0.6401891345002508,0.0004,0.0004,0.98154573765364,0.7899607932220107,0.0,0.0,1.231128093375437,1.0399410896965469,0.008
official_4c_tierB_mc_baseline_official_v3,deterministic-engine-v1_official-runner,baseline-official-v3,v1.0.1-official-4c,CHL,PBI,PBI,,stress,r0,2034,basic_valid,historical_reduced_form_mixture_tax,5000,0.3026415014314469,0.4146919046934128,0.5118068186117772,0.6304840822193225,0.8306614551928434,0.7924,False,0.7924,0.0022,True,0.0100959111559818,0.0100959111559818,0.4730531336378809,0.4898244352583902,0.00555275113579,0.00555275113579,0.5207573646166709,0.5388755810607686,0.002776375567895,0.002776375567895,0.5692503812413382,0.5885616369268978,0.000504795557799,0.000504795557799,0.7178516363904507,0.7382251472243002,0.0,0.0,0.9674576855604436,0.9881931813882228,0.0100959111559818
official_4c_tierB_mc_baseline_official_v3,deterministic-engine-v1_official-runner,baseline-official-v3,v1.0.1-official-4c,CHL,PBI,PBI,,stress,r0,2034,support_valid,historical_reduced_form_mixture_tax,5000,0.3026415014314469,0.4146919046934128,0.5118068186117772,0.6304840822193225,0.8306614551928434,0.7924,False,0.7924,0.0022,True,0.0100959111559818,0.0100959111559818,0.4730531336378809,0.4898244352583902,0.00555275113579,0.00555275113579,0.5207573646166709,0.5388755810607686,0.002776375567895,0.002776375567895,0.5692503812413382,0.5885616369268978,0.000504795557799,0.000504795557799,0.7178516363904507,0.7382251472243002,0.0,0.0,0.9674576855604436,0.9881931813882228,0.0100959111559818
official_4c_tierB_mc_baseline_official_v3,deterministic-engine-v1_official-runner,baseline-official-v3,v1.0.1-official-4c,CHL,PBI,PBI,,stress,r0,2034,all_draw,historical_reduced_form_positive_total_revenue,5000,0.3366663325350733,0.4841704969169121,0.6202152105624185,0.7828398428836432,1.0493287931923947,1.0,True,1.0,0.0348,True,0.0682,0.0682,0.3886557739710488,0.3988135004697207,0.0492,0.0492,0.4303910755792107,0.444096665576569,0.0348,0.0348,0.4736161998377591,0.4901548414849811,0.0106,0.0106,0.6105719496208213,0.6332125717168993,0.0006,0.0006,0.8537394899101889,0.8798306613252138,0.0682
official_4c_tierB_mc_baseline_official_v3,deterministic-engine-v1_official-runner,baseline-official-v3,v1.0.1-official-4c,CHL,PBI,PBI,,stress,r0,2034,basic_valid,historical_reduced_form_positive_total_revenue,5000,0.3366663325350733,0.4841704969169121,0.6202152105624185,0.7828398428836432,1.0493287931923947,1.0,True,1.0,0.0348,True,0.0682,0.0682,0.3886557739710488,0.3988135004697207,0.0492,0.0492,0.4303910755792107,0.444096665576569,0.0348,0.0348,0.4736161998377591,0.4901548414849811,0.0106,0.0106,0.6105719496208213,0.6332125717168993,0.0006,0.0006,0.8537394899101889,0.8798306613252138,0.0682
official_4c_tierB_mc_baseline_official_v3,deterministic-engine-v1_official-runner,baseline-official-v3,v1.0.1-official-4c,CHL,PBI,PBI,,stress,r0,2034,support_valid,historical_reduced_form_positive_total_revenue,5000,0.3366663325350733,0.4841704969169121,0.6202152105624185,0.7828398428836432,1.0493287931923947,1.0,True,1.0,0.0348,True,0.0682,0.0682,0.3886557739710488,0.3988135004697207,0.0492,0.0492,0.4303910755792107,0.444096665576569,0.0348,0.0348,0.4736161998377591,0.4901548414849811,0.0106,0.0106,0.6105719496208213,0.6332125717168993,0.0006,0.0006,0.8537394899101889,0.8798306613252138,0.0682
official_4c_tierB_mc_baseline_official_v3,deterministic-engine-v1_official-runner,baseline-official-v3,v1.0.1-official-4c,CHL,PBI,PBI,,stress,r0,2034,all_draw,historical_reduced_form_mixture_total_revenue,5000,-1.0308708482921902,0.388323011055121,0.5712883405949143,0.7410497114725492,1.0163494641318789,0.8364,False,0.8364,0.0286,True,0.058,0.058,0.6506849048189912,0.4477858716643587,0.04,0.04,0.6880458428185834,0.4920037044830067,0.0286,0.0286,0.7296452523834699,0.5374292116026539,0.0078,0.0078,0.8631780939893609,0.6814244067371531,0.0004,0.0004,1.1060509544571693,0.9288120039583052,0.058
official_4c_tierB_mc_baseline_official_v3,deterministic-engine-v1_official-runner,baseline-official-v3,v1.0.1-official-4c,CHL,PBI,PBI,,stress,r0,2034,basic_valid,historical_reduced_form_mixture_total_revenue,5000,0.3388723910320922,0.484944299961343,0.6206690593232859,0.7769979234109583,1.0431621159587634,0.8364,False,0.8364,0.0286,True,0.0693448110951697,0.0693448110951697,0.3902916839675149,0.3962113125051748,0.0478240076518412,0.0478240076518412,0.4309415815754193,0.4402594970645866,0.0341941654710664,0.0341941654710664,0.4744680176109515,0.4872448155887431,0.009325681492109,0.009325681492109,0.6111551669286359,0.6314642470019257,0.0004782400765184,0.0004782400765184,0.8548641154739358,0.8795147964458286,0.0693448110951697
official_4c_tierB_mc_baseline_official_v3,deterministic-engine-v1_official-runner,baseline-official-v3,v1.0.1-official-4c,CHL,PBI,PBI,,stress,r0,2034,support_valid,historical_reduced_form_mixture_total_revenue,5000,0.3388723910320922,0.484944299961343,0.6206690593232859,0.7769979234109583,1.0431621159587634,0.8364,False,0.8364,0.0286,True,0.0693448110951697,0.0693448110951697,0.3902916839675149,0.3962113125051748,0.0478240076518412,0.0478240076518412,0.4309415815754193,0.4402594970645866,0.0341941654710664,0.0341941654710664,0.4744680176109515,0.4872448155887431,0.009325681492109,0.009325681492109,0.6111551669286359,0.6314642470019257,0.0004782400765184,0.0004782400765184,0.8548641154739358,0.8795147964458286,0.0693448110951697
official_4c_tierB_mc_baseline_official_v3,deterministic-engine-v1_official-runner,baseline-official-v3,v1.0.1-official-4c,CHL,UBI,UBI,,stress,r0,2034,all_draw,historical_reduced_form_positive_tax,5000,0.1293653162537098,0.1730525447806381,0.2145319622632183,0.2628116339310828,0.3440493584873674,1.0,True,1.0,0.0,True,0.0,0.0,0.7777668767927193,0.7854680377367816,0.0,0.0,0.8277668767927194,0.8354680377367817,0.0,0.0,0.8777668767927193,0.8854680377367817,0.0,0.0,1.0277668767927193,1.0354680377367815,0.0,0.0,1.2777668767927193,1.2854680377367815,0.0
official_4c_tierB_mc_baseline_official_v3,deterministic-engine-v1_official-runner,baseline-official-v3,v1.0.1-official-4c,CHL,UBI,UBI,,stress,r0,2034,basic_valid,historical_reduced_form_positive_tax,5000,0.1293653162537098,0.1730525447806381,0.2145319622632183,0.2628116339310828,0.3440493584873674,1.0,True,1.0,0.0,True,0.0,0.0,0.7777668767927193,0.7854680377367816,0.0,0.0,0.8277668767927194,0.8354680377367817,0.0,0.0,0.8777668767927193,0.8854680377367817,0.0,0.0,1.0277668767927193,1.0354680377367815,0.0,0.0,1.2777668767927193,1.2854680377367815,0.0
official_4c_tierB_mc_baseline_official_v3,deterministic-engine-v1_official-runner,baseline-official-v3,v1.0.1-official-4c,CHL,UBI,UBI,,stress,r0,2034,support_valid,historical_reduced_form_positive_tax,5000,0.1293653162537098,0.1730525447806381,0.2145319622632183,0.2628116339310828,0.3440493584873674,1.0,True,1.0,0.0,True,0.0,0.0,0.7777668767927193,0.7854680377367816,0.0,0.0,0.8277668767927194,0.8354680377367817,0.0,0.0,0.8777668767927193,0.8854680377367817,0.0,0.0,1.0277668767927193,1.0354680377367815,0.0,0.0,1.2777668767927193,1.2854680377367815,0.0
official_4c_tierB_mc_baseline_official_v3,deterministic-engine-v1_official-runner,baseline-official-v3,v1.0.1-official-4c,CHL,UBI,UBI,,stress,r0,2034,all_draw,historical_reduced_form_mixture_tax,5000,-0.4060868439623375,0.1272485238067831,0.1928184460292833,0.2470400840745021,0.3385314422322222,0.7858,False,0.7858,0.0,True,0.0,0.0,0.8904321717650924,0.8071815539707167,0.0,0.0,0.9404321717650924,0.8571815539707167,0.0,0.0,0.9904321717650924,0.9071815539707168,0.0,0.0,1.1404321717650925,1.0571815539707168,0.0,0.0,1.3904321717650925,1.3071815539707168,0.0
official_4c_tierB_mc_baseline_official_v3,deterministic-engine-v1_official-runner,baseline-official-v3,v1.0.1-official-4c,CHL,UBI,UBI,,stress,r0,2034,basic_valid,historical_reduced_form_mixture_tax,5000,0.1287355075681155,0.1733317545685731,0.2141464381196381,0.2628165382190061,0.350744323419325,0.7858,False,0.7858,0.0,True,0.0,0.0,0.7769523532849891,0.7858535618803619,0.0,0.0,0.8269523532849892,0.835853561880362,0.0,0.0,0.8769523532849892,0.885853561880362,0.0,0.0,1.0269523532849891,1.035853561880362,0.0,0.0,1.2769523532849891,1.285853561880362,0.0
official_4c_tierB_mc_baseline_official_v3,deterministic-engine-v1_official-runner,baseline-official-v3,v1.0.1-official-4c,CHL,UBI,UBI,,stress,r0,2034,support_valid,historical_reduced_form_mixture_tax,5000,0.1287355075681155,0.1733317545685731,0.2141464381196381,0.2628165382190061,0.350744323419325,0.7858,False,0.7858,0.0,True,0.0,0.0,0.7769523532849891,0.7858535618803619,0.0,0.0,0.8269523532849892,0.835853561880362,0.0,0.0,0.8769523532849892,0.885853561880362,0.0,0.0,1.0269523532849891,1.035853561880362,0.0,0.0,1.2769523532849891,1.285853561880362,0.0
official_4c_tierB_mc_baseline_official_v3,deterministic-engine-v1_official-runner,baseline-official-v3,v1.0.1-official-4c,CHL,UBI,UBI,,stress,r0,2034,all_draw,historical_reduced_form_positive_total_revenue,5000,0.1434997373515892,0.2039437111951033,0.2616541393918086,0.3291900161442029,0.4390555749546143,1.0,True,1.0,0.0,True,0.0,0.0,0.7275872270506927,0.7383458606081914,0.0,0.0,0.7775872270506927,0.7883458606081915,0.0,0.0,0.8275872270506927,0.8383458606081915,0.0,0.0,0.9775872270506928,0.9883458606081914,0.0,0.0,1.227587227050693,1.2383458606081914,0.0
official_4c_tierB_mc_baseline_official_v3,deterministic-engine-v1_official-runner,baseline-official-v3,v1.0.1-official-4c,CHL,UBI,UBI,,stress,r0,2034,basic_valid,historical_reduced_form_positive_total_revenue,5000,0.1434997373515892,0.2039437111951033,0.2616541393918086,0.3291900161442029,0.4390555749546143,1.0,True,1.0,0.0,True,0.0,0.0,0.7275872270506927,0.7383458606081914,0.0,0.0,0.7775872270506927,0.7883458606081915,0.0,0.0,0.8275872270506927,0.8383458606081915,0.0,0.0,0.9775872270506928,0.9883458606081914,0.0,0.0,1.227587227050693,1.2383458606081914,0.0
official_4c_tierB_mc_baseline_official_v3,deterministic-engine-v1_official-runner,baseline-official-v3,v1.0.1-official-4c,CHL,UBI,UBI,,stress,r0,2034,support_valid,historical_reduced_form_positive_total_revenue,5000,0.1434997373515892,0.2039437111951033,0.2616541393918086,0.3291900161442029,0.4390555749546143,1.0,True,1.0,0.0,True,0.0,0.0,0.7275872270506927,0.7383458606081914,0.0,0.0,0.7775872270506927,0.7883458606081915,0.0,0.0,0.8275872270506927,0.8383458606081915,0.0,0.0,0.9775872270506928,0.9883458606081914,0.0,0.0,1.227587227050693,1.2383458606081914,0.0
official_4c_tierB_mc_baseline_official_v3,deterministic-engine-v1_official-runner,baseline-official-v3,v1.0.1-official-4c,CHL,UBI,UBI,,stress,r0,2034,all_draw,historical_reduced_form_mixture_total_revenue,5000,-0.4394528024257025,0.1660008960140745,0.2383861355736619,0.3101287947493344,0.4282937348356226,0.8374,False,0.8374,0.0,True,0.0,0.0,0.833586458682936,0.761613864426338,0.0,0.0,0.8835864586829363,0.8116138644263381,0.0,0.0,0.9335864586829362,0.8616138644263381,0.0,0.0,1.083586458682936,1.0116138644263382,0.0,0.0,1.333586458682936,1.2616138644263382,0.0
official_4c_tierB_mc_baseline_official_v3,deterministic-engine-v1_official-runner,baseline-official-v3,v1.0.1-official-4c,CHL,UBI,UBI,,stress,r0,2034,basic_valid,historical_reduced_form_mixture_total_revenue,5000,0.1400369945102628,0.2068318986879501,0.2599666116203338,0.3259820150751353,0.4393538617468699,0.8374,False,0.8374,0.0,True,0.0,0.0,0.7284221585515137,0.7400333883796661,0.0,0.0,0.7784221585515136,0.7900333883796662,0.0,0.0,0.8284221585515138,0.8400333883796662,0.0,0.0,0.9784221585515136,0.990033388379666,0.0,0.0,1.2284221585515138,1.240033388379666,0.0
official_4c_tierB_mc_baseline_official_v3,deterministic-engine-v1_official-runner,baseline-official-v3,v1.0.1-official-4c,CHL,UBI,UBI,,stress,r0,2034,support_valid,historical_reduced_form_mixture_total_revenue,5000,0.1400369945102628,0.2068318986879501,0.2599666116203338,0.3259820150751353,0.4393538617468699,0.8374,False,0.8374,0.0,True,0.0,0.0,0.7284221585515137,0.7400333883796661,0.0,0.0,0.7784221585515136,0.7900333883796662,0.0,0.0,0.8284221585515138,0.8400333883796662,0.0,0.0,0.9784221585515136,0.990033388379666,0.0,0.0,1.2284221585515138,1.240033388379666,0.0
official_4c_tierB_mc_baseline_official_v3,deterministic-engine-v1_official-runner,baseline-official-v3,v1.0.1-official-4c,COL,PEN,PEN,,low,r0,2034,all_draw,historical_reduced_form_positive_tax,5000,-0.15355129272362,-0.1396326609755442,-0.1278457231494525,-0.1132150937349259,-0.0879862492363823,1.0,True,1.0,0.0,True,0.0,0.0,1.1252660733031237,1.1278457231494523,0.0,0.0,1.1752660733031235,1.1778457231494528,0.0,0.0,1.2252660733031235,1.2278457231494526,0.0,0.0,1.3752660733031237,1.3778457231494523,0.0,0.0,1.6252660733031237,1.6278457231494523,0.0
official_4c_tierB_mc_baseline_official_v3,deterministic-engine-v1_official-runner,baseline-official-v3,v1.0.1-official-4c,COL,PEN,PEN,,low,r0,2034,basic_valid,historical_reduced_form_positive_tax,5000,-0.15355129272362,-0.1396326609755442,-0.1278457231494525,-0.1132150937349259,-0.0879862492363823,1.0,True,1.0,0.0,True,0.0,0.0,1.1252660733031237,1.1278457231494523,0.0,0.0,1.1752660733031235,1.1778457231494528,0.0,0.0,1.2252660733031235,1.2278457231494526,0.0,0.0,1.3752660733031237,1.3778457231494523,0.0,0.0,1.6252660733031237,1.6278457231494523,0.0
official_4c_tierB_mc_baseline_official_v3,deterministic-engine-v1_official-runner,baseline-official-v3,v1.0.1-official-4c,COL,PEN,PEN,,low,r0,2034,support_valid,historical_reduced_form_positive_tax,5000,-0.15355129272362,-0.1396326609755442,-0.1278457231494525,-0.1132150937349259,-0.0879862492363823,1.0,True,1.0,0.0,True,0.0,0.0,1.1252660733031237,1.1278457231494523,0.0,0.0,1.1752660733031235,1.1778457231494528,0.0,0.0,1.2252660733031235,1.2278457231494526,0.0,0.0,1.3752660733031237,1.3778457231494523,0.0,0.0,1.6252660733031237,1.6278457231494523,0.0
official_4c_tierB_mc_baseline_official_v3,deterministic-engine-v1_official-runner,baseline-official-v3,v1.0.1-official-4c,COL,PEN,PEN,,low,r0,2034,all_draw,historical_reduced_form_mixture_tax,5000,-0.1615840921132492,-0.1412293683200483,-0.1289032308144627,-0.1141443069911442,-0.0891208220512692,0.9576,True,0.9576,0.0,True,0.0,0.0,1.1288421569827476,1.1289032308144629,0.0,0.0,1.178842156982748,1.178903230814463,0.0,0.0,1.228842156982748,1.228903230814463,0.0,0.0,1.3788421569827476,1.3789032308144629,0.0,0.0,1.6288421569827476,1.6289032308144629,0.0
official_4c_tierB_mc_baseline_official_v3,deterministic-engine-v1_official-runner,baseline-official-v3,v1.0.1-official-4c,COL,PEN,PEN,,low,r0,2034,basic_valid,historical_reduced_form_mixture_tax,5000,-0.1532110404012538,-0.1395719311884528,-0.1276632445905836,-0.1134073798554894,-0.0884768029783844,0.9576,True,0.9576,0.0,True,0.0,0.0,1.1253136831569783,1.1276632445905836,0.0,0.0,1.1753136831569782,1.1776632445905837,0.0,0.0,1.2253136831569782,1.2276632445905835,0.0,0.0,1.3753136831569783,1.3776632445905836,0.0,0.0,1.6253136831569783,1.6276632445905836,0.0
official_4c_tierB_mc_baseline_official_v3,deterministic-engine-v1_official-runner,baseline-official-v3,v1.0.1-official-4c,COL,PEN,PEN,,low,r0,2034,support_valid,historical_reduced_form_mixture_tax,5000,-0.1532110404012538,-0.1395719311884528,-0.1276632445905836,-0.1134073798554894,-0.0884768029783844,0.9576,True,0.9576,0.0,True,0.0,0.0,1.1253136831569783,1.1276632445905836,0.0,0.0,1.1753136831569782,1.1776632445905837,0.0,0.0,1.2253136831569782,1.2276632445905835,0.0,0.0,1.3753136831569783,1.3776632445905836,0.0,0.0,1.6253136831569783,1.6276632445905836,0.0
official_4c_tierB_mc_baseline_official_v3,deterministic-engine-v1_official-runner,baseline-official-v3,v1.0.1-official-4c,COL,PEN,PEN,,low,r0,2034,all_draw,historical_reduced_form_positive_total_revenue,5000,-0.1342498245831051,-0.1154851805961017,-0.0986319760454666,-0.0789443441183932,-0.0455482815916633,1.0,True,1.0,0.0,True,0.0,0.0,1.0953353738684517,1.0986319760454666,0.0,0.0,1.1453353738684515,1.1486319760454666,0.0,0.0,1.1953353738684516,1.198631976045467,0.0,0.0,1.3453353738684517,1.3486319760454666,0.0,0.0,1.5953353738684517,1.5986319760454666,0.0
official_4c_tierB_mc_baseline_official_v3,deterministic-engine-v1_official-runner,baseline-official-v3,v1.0.1-official-4c,COL,PEN,PEN,,low,r0,2034,basic_valid,historical_reduced_form_positive_total_revenue,5000,-0.1342498245831051,-0.1154851805961017,-0.0986319760454666,-0.0789443441183932,-0.0455482815916633,1.0,True,1.0,0.0,True,0.0,0.0,1.0953353738684517,1.0986319760454666,0.0,0.0,1.1453353738684515,1.1486319760454666,0.0,0.0,1.1953353738684516,1.198631976045467,0.0,0.0,1.3453353738684517,1.3486319760454666,0.0,0.0,1.5953353738684517,1.5986319760454666,0.0
official_4c_tierB_mc_baseline_official_v3,deterministic-engine-v1_official-runner,baseline-official-v3,v1.0.1-official-4c,COL,PEN,PEN,,low,r0,2034,support_valid,historical_reduced_form_positive_total_revenue,5000,-0.1342498245831051,-0.1154851805961017,-0.0986319760454666,-0.0789443441183932,-0.0455482815916633,1.0,True,1.0,0.0,True,0.0,0.0,1.0953353738684517,1.0986319760454666,0.0,0.0,1.1453353738684515,1.1486319760454666,0.0,0.0,1.1953353738684516,1.198631976045467,0.0,0.0,1.3453353738684517,1.3486319760454666,0.0,0.0,1.5953353738684517,1.5986319760454666,0.0
official_4c_tierB_mc_baseline_official_v3,deterministic-engine-v1_official-runner,baseline-official-v3,v1.0.1-official-4c,COL,PEN,PEN,,low,r0,2034,all_draw,historical_reduced_form_mixture_total_revenue,5000,-0.2244934655623705,-0.1200662523407966,-0.1017322870828716,-0.0801738539431222,-0.048028383344307,0.9126,True,0.9126,0.0,True,0.0,0.0,1.1066957276530265,1.1017322870828714,0.0,0.0,1.1566957276530263,1.1517322870828717,0.0,0.0,1.2066957276530266,1.2017322870828715,0.0,0.0,1.3566957276530265,1.3517322870828714,0.0,0.0,1.6066957276530265,1.6017322870828714,0.0
official_4c_tierB_mc_baseline_official_v3,deterministic-engine-v1_official-runner,baseline-official-v3,v1.0.1-official-4c,COL,PEN,PEN,,low,r0,2034,basic_valid,historical_reduced_form_mixture_total_revenue,5000,-0.1338804686348257,-0.1147597120971696,-0.0989260955089565,-0.0780072626839979,-0.0462670468180425,0.9126,True,0.9126,0.0,True,0.0,0.0,1.095078717181989,1.0989260955089566,0.0,0.0,1.145078717181989,1.1489260955089566,0.0,0.0,1.1950787171819888,1.198926095508957,0.0,0.0,1.345078717181989,1.3489260955089566,0.0,0.0,1.595078717181989,1.5989260955089566,0.0
official_4c_tierB_mc_baseline_official_v3,deterministic-engine-v1_official-runner,baseline-official-v3,v1.0.1-official-4c,COL,PEN,PEN,,low,r0,2034,support_valid,historical_reduced_form_mixture_total_revenue,5000,-0.1338804686348257,-0.1147597120971696,-0.0989260955089565,-0.0780072626839979,-0.0462670468180425,0.9126,True,0.9126,0.0,True,0.0,0.0,1.095078717181989,1.0989260955089566,0.0,0.0,1.145078717181989,1.1489260955089566,0.0,0.0,1.1950787171819888,1.198926095508957,0.0,0.0,1.345078717181989,1.3489260955089566,0.0,0.0,1.595078717181989,1.5989260955089566,0.0
official_4c_tierB_mc_baseline_official_v3,deterministic-engine-v1_official-runner,baseline-official-v3,v1.0.1-official-4c,COL,GMI,GMI:GMI_ideal_aggregate,GMI_ideal_aggregate,low,r0,2034,all_draw,historical_reduced_form_positive_tax,5000,-0.1101244701906435,-0.1060226227245435,-0.1022870300138663,-0.0980431123608535,-0.0909427355639229,1.0,True,1.0,0.0,True,0.0,0.0,1.1016488188091411,1.1022870300138663,0.0,0.0,1.1516488188091412,1.1522870300138663,0.0,0.0,1.201648818809141,1.2022870300138666,0.0,0.0,1.3516488188091411,1.3522870300138663,0.0,0.0,1.6016488188091411,1.6022870300138663,0.0
official_4c_tierB_mc_baseline_official_v3,deterministic-engine-v1_official-runner,baseline-official-v3,v1.0.1-official-4c,COL,GMI,GMI:GMI_ideal_aggregate,GMI_ideal_aggregate,low,r0,2034,basic_valid,historical_reduced_form_positive_tax,5000,-0.1101244701906435,-0.1060226227245435,-0.1022870300138663,-0.0980431123608535,-0.0909427355639229,1.0,True,1.0,0.0,True,0.0,0.0,1.1016488188091411,1.1022870300138663,0.0,0.0,1.1516488188091412,1.1522870300138663,0.0,0.0,1.201648818809141,1.2022870300138666,0.0,0.0,1.3516488188091411,1.3522870300138663,0.0,0.0,1.6016488188091411,1.6022870300138663,0.0
official_4c_tierB_mc_baseline_official_v3,deterministic-engine-v1_official-runner,baseline-official-v3,v1.0.1-official-4c,COL,GMI,GMI:GMI_ideal_aggregate,GMI_ideal_aggregate,low,r0,2034,support_valid,historical_reduced_form_positive_tax,5000,-0.1101244701906435,-0.1060226227245435,-0.1022870300138663,-0.0980431123608535,-0.0909427355639229,1.0,True,1.0,0.0,True,0.0,0.0,1.1016488188091411,1.1022870300138663,0.0,0.0,1.1516488188091412,1.1522870300138663,0.0,0.0,1.201648818809141,1.2022870300138666,0.0,0.0,1.3516488188091411,1.3522870300138663,0.0,0.0,1.6016488188091411,1.6022870300138663,0.0
official_4c_tierB_mc_baseline_official_v3,deterministic-engine-v1_official-runner,baseline-official-v3,v1.0.1-official-4c,COL,GMI,GMI:GMI_ideal_aggregate,GMI_ideal_aggregate,low,r0,2034,all_draw,historical_reduced_form_mixture_tax,5000,-0.1140661959625296,-0.1067951907399205,-0.1028254671317163,-0.0981126845733739,-0.0908732475854953,0.9518,True,0.9518,0.0,True,0.0,0.0,1.102888971207714,1.1028254671317166,0.0,0.0,1.152888971207714,1.1528254671317164,0.0,0.0,1.202888971207714,1.202825467131717,0.0,0.0,1.352888971207714,1.3528254671317166,0.0,0.0,1.602888971207714,1.6028254671317166,0.0
official_4c_tierB_mc_baseline_official_v3,deterministic-engine-v1_official-runner,baseline-official-v3,v1.0.1-official-4c,COL,GMI,GMI:GMI_ideal_aggregate,GMI_ideal_aggregate,low,r0,2034,basic_valid,historical_reduced_form_mixture_tax,5000,-0.1100939901124139,-0.1061450244098239,-0.102474508127819,-0.0978361793301493,-0.0906997688634505,0.9518,True,0.9518,0.0,True,0.0,0.0,1.1016823060489431,1.102474508127819,0.0,0.0,1.1516823060489434,1.1524745081278192,0.0,0.0,1.2016823060489432,1.2024745081278192,0.0,0.0,1.3516823060489431,1.352474508127819,0.0,0.0,1.6016823060489431,1.602474508127819,0.0
official_4c_tierB_mc_baseline_official_v3,deterministic-engine-v1_official-runner,baseline-official-v3,v1.0.1-official-4c,COL,GMI,GMI:GMI_ideal_aggregate,GMI_ideal_aggregate,low,r0,2034,support_valid,historical_reduced_form_mixture_tax,5000,-0.1100939901124139,-0.1061450244098239,-0.102474508127819,-0.0978361793301493,-0.0906997688634505,0.9518,True,0.9518,0.0,True,0.0,0.0,1.1016823060489431,1.102474508127819,0.0,0.0,1.1516823060489434,1.1524745081278192,0.0,0.0,1.2016823060489432,1.2024745081278192,0.0,0.0,1.3516823060489431,1.352474508127819,0.0,0.0,1.6016823060489431,1.602474508127819,0.0
official_4c_tierB_mc_baseline_official_v3,deterministic-engine-v1_official-runner,baseline-official-v3,v1.0.1-official-4c,COL,GMI,GMI:GMI_ideal_aggregate,GMI_ideal_aggregate,low,r0,2034,all_draw,historical_reduced_form_positive_total_revenue,5000,-0.1043603935816798,-0.0985221143012567,-0.0934323972856161,-0.0876556799148491,-0.0771748110151141,1.0,True,1.0,0.0,True,0.0,0.0,1.0925177869393303,1.093432397285616,0.0,0.0,1.1425177869393304,1.1434323972856162,0.0,0.0,1.1925177869393304,1.1934323972856162,0.0,0.0,1.3425177869393303,1.343432397285616,0.0,0.0,1.5925177869393303,1.593432397285616,0.0
official_4c_tierB_mc_baseline_official_v3,deterministic-engine-v1_official-runner,baseline-official-v3,v1.0.1-official-4c,COL,GMI,GMI:GMI_ideal_aggregate,GMI_ideal_aggregate,low,r0,2034,basic_valid,historical_reduced_form_positive_total_revenue,5000,-0.1043603935816798,-0.0985221143012567,-0.0934323972856161,-0.0876556799148491,-0.0771748110151141,1.0,True,1.0,0.0,True,0.0,0.0,1.0925177869393303,1.093432397285616,0.0,0.0,1.1425177869393304,1.1434323972856162,0.0,0.0,1.1925177869393304,1.1934323972856162,0.0,0.0,1.3425177869393303,1.343432397285616,0.0,0.0,1.5925177869393303,1.593432397285616,0.0
official_4c_tierB_mc_baseline_official_v3,deterministic-engine-v1_official-runner,baseline-official-v3,v1.0.1-official-4c,COL,GMI,GMI:GMI_ideal_aggregate,GMI_ideal_aggregate,low,r0,2034,support_valid,historical_reduced_form_positive_total_revenue,5000,-0.1043603935816798,-0.0985221143012567,-0.0934323972856161,-0.0876556799148491,-0.0771748110151141,1.0,True,1.0,0.0,True,0.0,0.0,1.0925177869393303,1.093432397285616,0.0,0.0,1.1425177869393304,1.1434323972856162,0.0,0.0,1.1925177869393304,1.1934323972856162,0.0,0.0,1.3425177869393303,1.343432397285616,0.0,0.0,1.5925177869393303,1.593432397285616,0.0
official_4c_tierB_mc_baseline_official_v3,deterministic-engine-v1_official-runner,baseline-official-v3,v1.0.1-official-4c,COL,GMI,GMI:GMI_ideal_aggregate,GMI_ideal_aggregate,low,r0,2034,all_draw,historical_reduced_form_mixture_total_revenue,5000,-0.1317621020408779,-0.1002049425432057,-0.0945012133377283,-0.088041679853913,-0.0776989690258794,0.9162,True,0.9162,0.0,True,0.0,0.0,1.0959097332300265,1.0945012133377283,0.0,0.0,1.1459097332300263,1.1445012133377284,0.0,0.0,1.1959097332300268,1.1945012133377284,0.0,0.0,1.3459097332300265,1.3445012133377283,0.0,0.0,1.5959097332300265,1.5945012133377283,0.0
official_4c_tierB_mc_baseline_official_v3,deterministic-engine-v1_official-runner,baseline-official-v3,v1.0.1-official-4c,COL,GMI,GMI:GMI_ideal_aggregate,GMI_ideal_aggregate,low,r0,2034,basic_valid,historical_reduced_form_mixture_total_revenue,5000,-0.1044312709052149,-0.0986076365135373,-0.0935753547014789,-0.087456409430739,-0.0772759232526021,0.9162,True,0.9162,0.0,True,0.0,0.0,1.0925424649043511,1.0935753547014788,0.0,0.0,1.1425424649043512,1.1435753547014789,0.0,0.0,1.1925424649043512,1.193575354701479,0.0,0.0,1.3425424649043511,1.3435753547014788,0.0,0.0,1.5925424649043511,1.5935753547014788,0.0
official_4c_tierB_mc_baseline_official_v3,deterministic-engine-v1_official-runner,baseline-official-v3,v1.0.1-official-4c,COL,GMI,GMI:GMI_ideal_aggregate,GMI_ideal_aggregate,low,r0,2034,support_valid,historical_reduced_form_mixture_total_revenue,5000,-0.1044312709052149,-0.0986076365135373,-0.0935753547014789,-0.087456409430739,-0.0772759232526021,0.9162,True,0.9162,0.0,True,0.0,0.0,1.0925424649043511,1.0935753547014788,0.0,0.0,1.1425424649043512,1.1435753547014789,0.0,0.0,1.1925424649043512,1.193575354701479,0.0,0.0,1.3425424649043511,1.3435753547014788,0.0,0.0,1.5925424649043511,1.5935753547014788,0.0
official_4c_tierB_mc_baseline_official_v3,deterministic-engine-v1_official-runner,baseline-official-v3,v1.0.1-official-4c,COL,GMI,GMI:GMI_loaded_aggregate,GMI_loaded_aggregate,low,r0,2034,all_draw,historical_reduced_form_positive_tax,5000,-0.0735734576676788,-0.070724689742499,-0.0683293339282949,-0.0653560110192613,-0.0606277592462716,1.0,True,1.0,0.0,True,0.0,0.0,1.067830488922073,1.0683293339282949,0.0,0.0,1.1178304889220734,1.118329333928295,0.0,0.0,1.1678304889220734,1.168329333928295,0.0,0.0,1.317830488922073,1.3183293339282949,0.0,0.0,1.567830488922073,1.5683293339282949,0.0
official_4c_tierB_mc_baseline_official_v3,deterministic-engine-v1_official-runner,baseline-official-v3,v1.0.1-official-4c,COL,GMI,GMI:GMI_loaded_aggregate,GMI_loaded_aggregate,low,r0,2034,basic_valid,historical_reduced_form_positive_tax,5000,-0.0735734576676788,-0.070724689742499,-0.0683293339282949,-0.0653560110192613,-0.0606277592462716,1.0,True,1.0,0.0,True,0.0,0.0,1.067830488922073,1.0683293339282949,0.0,0.0,1.1178304889220734,1.118329333928295,0.0,0.0,1.1678304889220734,1.168329333928295,0.0,0.0,1.317830488922073,1.3183293339282949,0.0,0.0,1.567830488922073,1.5683293339282949,0.0
official_4c_tierB_mc_baseline_official_v3,deterministic-engine-v1_official-runner,baseline-official-v3,v1.0.1-official-4c,COL,GMI,GMI:GMI_loaded_aggregate,GMI_loaded_aggregate,low,r0,2034,support_valid,historical_reduced_form_positive_tax,5000,-0.0735734576676788,-0.070724689742499,-0.0683293339282949,-0.0653560110192613,-0.0606277592462716,1.0,True,1.0,0.0,True,0.0,0.0,1.067830488922073,1.0683293339282949,0.0,0.0,1.1178304889220734,1.118329333928295,0.0,0.0,1.1678304889220734,1.168329333928295,0.0,0.0,1.317830488922073,1.3183293339282949,0.0,0.0,1.567830488922073,1.5683293339282949,0.0
official_4c_tierB_mc_baseline_official_v3,deterministic-engine-v1_official-runner,baseline-official-v3,v1.0.1-official-4c,COL,GMI,GMI:GMI_loaded_aggregate,GMI_loaded_aggregate,low,r0,2034,all_draw,historical_reduced_form_mixture_tax,5000,-0.0753956894554638,-0.0710576040231716,-0.0684819883309731,-0.0655367646448267,-0.0605319023267215,0.9544,True,0.9544,0.0,True,0.0,0.0,1.0685201738887655,1.068481988330973,0.0,0.0,1.118520173888766,1.1184819883309731,0.0,0.0,1.1685201738887658,1.1684819883309732,0.0,0.0,1.318520173888766,1.318481988330973,0.0,0.0,1.568520173888766,1.568481988330973,0.0
official_4c_tierB_mc_baseline_official_v3,deterministic-engine-v1_official-runner,baseline-official-v3,v1.0.1-official-4c,COL,GMI,GMI:GMI_loaded_aggregate,GMI_loaded_aggregate,low,r0,2034,basic_valid,historical_reduced_form_mixture_tax,5000,-0.0734857888845835,-0.0706413949391307,-0.0682542966561093,-0.0653537259949664,-0.0604055370341131,0.9544,True,0.9544,0.0,True,0.0,0.0,1.0677558739956934,1.0682542966561093,0.0,0.0,1.1177558739956932,1.118254296656109,0.0,0.0,1.1677558739956937,1.1682542966561094,0.0,0.0,1.3177558739956934,1.3182542966561093,0.0,0.0,1.5677558739956934,1.5682542966561093,0.0
official_4c_tierB_mc_baseline_official_v3,deterministic-engine-v1_official-runner,baseline-official-v3,v1.0.1-official-4c,COL,GMI,GMI:GMI_loaded_aggregate,GMI_loaded_aggregate,low,r0,2034,support_valid,historical_reduced_form_mixture_tax,5000,-0.0734857888845835,-0.0706413949391307,-0.0682542966561093,-0.0653537259949664,-0.0604055370341131,0.9544,True,0.9544,0.0,True,0.0,0.0,1.0677558739956934,1.0682542966561093,0.0,0.0,1.1177558739956932,1.118254296656109,0.0,0.0,1.1677558739956937,1.1682542966561094,0.0,0.0,1.3177558739956934,1.3182542966561093,0.0,0.0,1.5677558739956934,1.5682542966561093,0.0
official_4c_tierB_mc_baseline_official_v3,deterministic-engine-v1_official-runner,baseline-official-v3,v1.0.1-official-4c,COL,GMI,GMI:GMI_loaded_aggregate,GMI_loaded_aggregate,low,r0,2034,all_draw,historical_reduced_form_positive_total_revenue,5000,-0.0696461628353723,-0.0657478567650843,-0.0623733055114538,-0.0583475638058701,-0.0515840668588064,1.0,True,1.0,0.0,True,0.0,0.0,1.0617245902099697,1.062373305511454,0.0,0.0,1.1117245902099695,1.1123733055114535,0.0,0.0,1.1617245902099695,1.162373305511454,0.0,0.0,1.3117245902099697,1.312373305511454,0.0,0.0,1.5617245902099697,1.562373305511454,0.0
official_4c_tierB_mc_baseline_official_v3,deterministic-engine-v1_official-runner,baseline-official-v3,v1.0.1-official-4c,COL,GMI,GMI:GMI_loaded_aggregate,GMI_loaded_aggregate,low,r0,2034,basic_valid,historical_reduced_form_positive_total_revenue,5000,-0.0696461628353723,-0.0657478567650843,-0.0623733055114538,-0.0583475638058701,-0.0515840668588064,1.0,True,1.0,0.0,True,0.0,0.0,1.0617245902099697,1.062373305511454,0.0,0.0,1.1117245902099695,1.1123733055114535,0.0,0.0,1.1617245902099695,1.162373305511454,0.0,0.0,1.3117245902099697,1.312373305511454,0.0,0.0,1.5617245902099697,1.562373305511454,0.0
official_4c_tierB_mc_baseline_official_v3,deterministic-engine-v1_official-runner,baseline-official-v3,v1.0.1-official-4c,COL,GMI,GMI:GMI_loaded_aggregate,GMI_loaded_aggregate,low,r0,2034,support_valid,historical_reduced_form_positive_total_revenue,5000,-0.0696461628353723,-0.0657478567650843,-0.0623733055114538,-0.0583475638058701,-0.0515840668588064,1.0,True,1.0,0.0,True,0.0,0.0,1.0617245902099697,1.062373305511454,0.0,0.0,1.1117245902099695,1.1123733055114535,0.0,0.0,1.1617245902099695,1.162373305511454,0.0,0.0,1.3117245902099697,1.312373305511454,0.0,0.0,1.5617245902099697,1.562373305511454,0.0
official_4c_tierB_mc_baseline_official_v3,deterministic-engine-v1_official-runner,baseline-official-v3,v1.0.1-official-4c,COL,GMI,GMI:GMI_loaded_aggregate,GMI_loaded_aggregate,low,r0,2034,all_draw,historical_reduced_form_mixture_total_revenue,5000,-0.0881562975337063,-0.0668299177673908,-0.0631082593539317,-0.0588535134564934,-0.0520067068342923,0.9106,True,0.9106,0.0,True,0.0,0.0,1.064154468732492,1.0631082593539318,0.0,0.0,1.114154468732492,1.1131082593539317,0.0,0.0,1.1641544687324925,1.163108259353932,0.0,0.0,1.314154468732492,1.3131082593539318,0.0,0.0,1.564154468732492,1.5631082593539318,0.0
official_4c_tierB_mc_baseline_official_v3,deterministic-engine-v1_official-runner,baseline-official-v3,v1.0.1-official-4c,COL,GMI,GMI:GMI_loaded_aggregate,GMI_loaded_aggregate,low,r0,2034,basic_valid,historical_reduced_form_mixture_total_revenue,5000,-0.0695277503988494,-0.0657986585026684,-0.0624039185606771,-0.0583255483273804,-0.0516041768512829,0.9106,True,0.9106,0.0,True,0.0,0.0,1.061747785731694,1.062403918560677,0.0,0.0,1.1117477857316935,1.112403918560677,0.0,0.0,1.161747785731694,1.1624039185606772,0.0,0.0,1.311747785731694,1.312403918560677,0.0,0.0,1.561747785731694,1.562403918560677,0.0
official_4c_tierB_mc_baseline_official_v3,deterministic-engine-v1_official-runner,baseline-official-v3,v1.0.1-official-4c,COL,GMI,GMI:GMI_loaded_aggregate,GMI_loaded_aggregate,low,r0,2034,support_valid,historical_reduced_form_mixture_total_revenue,5000,-0.0695277503988494,-0.0657986585026684,-0.0624039185606771,-0.0583255483273804,-0.0516041768512829,0.9106,True,0.9106,0.0,True,0.0,0.0,1.061747785731694,1.062403918560677,0.0,0.0,1.1117477857316935,1.112403918560677,0.0,0.0,1.161747785731694,1.1624039185606772,0.0,0.0,1.311747785731694,1.312403918560677,0.0,0.0,1.561747785731694,1.562403918560677,0.0
official_4c_tierB_mc_baseline_official_v3,deterministic-engine-v1_official-runner,baseline-official-v3,v1.0.1-official-4c,COL,MUT,MUT,,low,r0,2034,all_draw,historical_reduced_form_positive_tax,5000,-0.016906917875929,-0.0144007403521448,-0.0121335439741035,-0.0092926923154896,-0.0044904468697114,1.0,True,1.0,0.0,True,0.0,0.0,1.0115820803707063,1.0121335439741037,0.0,0.0,1.0615820803707066,1.0621335439741035,0.0,0.0,1.1115820803707066,1.1121335439741036,0.0,0.0,1.2615820803707063,1.2621335439741037,0.0,0.0,1.5115820803707063,1.5121335439741037,0.0
official_4c_tierB_mc_baseline_official_v3,deterministic-engine-v1_official-runner,baseline-official-v3,v1.0.1-official-4c,COL,MUT,MUT,,low,r0,2034,basic_valid,historical_reduced_form_positive_tax,5000,-0.016906917875929,-0.0144007403521448,-0.0121335439741035,-0.0092926923154896,-0.0044904468697114,1.0,True,1.0,0.0,True,0.0,0.0,1.0115820803707063,1.0121335439741037,0.0,0.0,1.0615820803707066,1.0621335439741035,0.0,0.0,1.1115820803707066,1.1121335439741036,0.0,0.0,1.2615820803707063,1.2621335439741037,0.0,0.0,1.5115820803707063,1.5121335439741037,0.0
official_4c_tierB_mc_baseline_official_v3,deterministic-engine-v1_official-runner,baseline-official-v3,v1.0.1-official-4c,COL,MUT,MUT,,low,r0,2034,support_valid,historical_reduced_form_positive_tax,5000,-0.016906917875929,-0.0144007403521448,-0.0121335439741035,-0.0092926923154896,-0.0044904468697114,1.0,True,1.0,0.0,True,0.0,0.0,1.0115820803707063,1.0121335439741037,0.0,0.0,1.0615820803707066,1.0621335439741035,0.0,0.0,1.1115820803707066,1.1121335439741036,0.0,0.0,1.2615820803707063,1.2621335439741037,0.0,0.0,1.5115820803707063,1.5121335439741037,0.0
official_4c_tierB_mc_baseline_official_v3,deterministic-engine-v1_official-runner,baseline-official-v3,v1.0.1-official-4c,COL,MUT,MUT,,low,r0,2034,all_draw,historical_reduced_form_mixture_tax,5000,-0.0185515352935983,-0.0146382793682324,-0.0121939295414633,-0.0095055800400891,-0.0048296781656611,0.9572,True,0.9572,0.0,True,0.0,0.0,1.0122820887404709,1.0121939295414633,0.0,0.0,1.062282088740471,1.0621939295414635,0.0,0.0,1.112282088740471,1.1121939295414631,0.0,0.0,1.2622820887404709,1.2621939295414633,0.0,0.0,1.5122820887404709,1.5121939295414633,0.0
official_4c_tierB_mc_baseline_official_v3,deterministic-engine-v1_official-runner,baseline-official-v3,v1.0.1-official-4c,COL,MUT,MUT,,low,r0,2034,basic_valid,historical_reduced_form_mixture_tax,5000,-0.0169648858816833,-0.0142649437444211,-0.0120013052849163,-0.0093824976058725,-0.0047070843752151,0.9572,True,0.9572,0.0,True,0.0,0.0,1.01160588764661,1.0120013052849164,0.0,0.0,1.06160588764661,1.0620013052849164,0.0,0.0,1.11160588764661,1.1120013052849165,0.0,0.0,1.26160588764661,1.2620013052849164,0.0,0.0,1.51160588764661,1.5120013052849164,0.0
official_4c_tierB_mc_baseline_official_v3,deterministic-engine-v1_official-runner,baseline-official-v3,v1.0.1-official-4c,COL,MUT,MUT,,low,r0,2034,support_valid,historical_reduced_form_mixture_tax,5000,-0.0169648858816833,-0.0142649437444211,-0.0120013052849163,-0.0093824976058725,-0.0047070843752151,0.9572,True,0.9572,0.0,True,0.0,0.0,1.01160588764661,1.0120013052849164,0.0,0.0,1.06160588764661,1.0620013052849164,0.0,0.0,1.11160588764661,1.1120013052849165,0.0,0.0,1.26160588764661,1.2620013052849164,0.0,0.0,1.51160588764661,1.5120013052849164,0.0
official_4c_tierB_mc_baseline_official_v3,deterministic-engine-v1_official-runner,baseline-official-v3,v1.0.1-official-4c,COL,MUT,MUT,,low,r0,2034,all_draw,historical_reduced_form_positive_total_revenue,5000,-0.0133683404772452,-0.0095969726716777,-0.0063927338812859,-0.0024448960238204,0.0040959710093368,1.0,True,1.0,0.0,True,0.0,0.0,1.0057295782691118,1.006392733881286,0.0,0.0,1.0557295782691118,1.056392733881286,0.0,0.0,1.105729578269112,1.106392733881286,0.0,0.0,1.2557295782691118,1.256392733881286,0.0,0.0,1.5057295782691118,1.506392733881286,0.0
official_4c_tierB_mc_baseline_official_v3,deterministic-engine-v1_official-runner,baseline-official-v3,v1.0.1-official-4c,COL,MUT,MUT,,low,r0,2034,basic_valid,historical_reduced_form_positive_total_revenue,5000,-0.0133683404772452,-0.0095969726716777,-0.0063927338812859,-0.0024448960238204,0.0040959710093368,1.0,True,1.0,0.0,True,0.0,0.0,1.0057295782691118,1.006392733881286,0.0,0.0,1.0557295782691118,1.056392733881286,0.0,0.0,1.105729578269112,1.106392733881286,0.0,0.0,1.2557295782691118,1.256392733881286,0.0,0.0,1.5057295782691118,1.506392733881286,0.0
official_4c_tierB_mc_baseline_official_v3,deterministic-engine-v1_official-runner,baseline-official-v3,v1.0.1-official-4c,COL,MUT,MUT,,low,r0,2034,support_valid,historical_reduced_form_positive_total_revenue,5000,-0.0133683404772452,-0.0095969726716777,-0.0063927338812859,-0.0024448960238204,0.0040959710093368,1.0,True,1.0,0.0,True,0.0,0.0,1.0057295782691118,1.006392733881286,0.0,0.0,1.0557295782691118,1.056392733881286,0.0,0.0,1.105729578269112,1.106392733881286,0.0,0.0,1.2557295782691118,1.256392733881286,0.0,0.0,1.5057295782691118,1.506392733881286,0.0
official_4c_tierB_mc_baseline_official_v3,deterministic-engine-v1_official-runner,baseline-official-v3,v1.0.1-official-4c,COL,MUT,MUT,,low,r0,2034,all_draw,historical_reduced_form_mixture_total_revenue,5000,-0.0306280058997009,-0.0105889482883336,-0.0069937333931113,-0.0029424148183475,0.0032244392819166,0.9116,True,0.9116,0.0,True,0.0,0.0,1.0080335852968094,1.0069937333931114,0.0,0.0,1.0580335852968097,1.0569937333931114,0.0,0.0,1.1080335852968095,1.1069937333931117,0.0,0.0,1.2580335852968094,1.2569937333931114,0.0,0.0,1.5080335852968094,1.5069937333931114,0.0
official_4c_tierB_mc_baseline_official_v3,deterministic-engine-v1_official-runner,baseline-official-v3,v1.0.1-official-4c,COL,MUT,MUT,,low,r0,2034,basic_valid,historical_reduced_form_mixture_total_revenue,5000,-0.0131465541737213,-0.0095734336315956,-0.0064119504161354,-0.002545263094635,0.003432793683617,0.9116,True,0.9116,0.0,True,0.0,0.0,1.0057999278589338,1.0064119504161355,0.0,0.0,1.0557999278589338,1.0564119504161356,0.0,0.0,1.1057999278589337,1.1064119504161356,0.0,0.0,1.2557999278589338,1.2564119504161355,0.0,0.0,1.5057999278589338,1.5064119504161355,0.0
official_4c_tierB_mc_baseline_official_v3,deterministic-engine-v1_official-runner,baseline-official-v3,v1.0.1-official-4c,COL,MUT,MUT,,low,r0,2034,support_valid,historical_reduced_form_mixture_total_revenue,5000,-0.0131465541737213,-0.0095734336315956,-0.0064119504161354,-0.002545263094635,0.003432793683617,0.9116,True,0.9116,0.0,True,0.0,0.0,1.0057999278589338,1.0064119504161355,0.0,0.0,1.0557999278589338,1.0564119504161356,0.0,0.0,1.1057999278589337,1.1064119504161356,0.0,0.0,1.2557999278589338,1.2564119504161355,0.0,0.0,1.5057999278589338,1.5064119504161355,0.0
official_4c_tierB_mc_baseline_official_v3,deterministic-engine-v1_official-runner,baseline-official-v3,v1.0.1-official-4c,COL,PBI,PBI,,low,r0,2034,all_draw,historical_reduced_form_positive_tax,5000,-0.0068867859789881,-0.0052437510398766,-0.0037640863603876,-0.0020284201769523,0.0008909162771381,1.0,True,1.0,0.0,True,0.0,0.0,1.0034789182666903,1.0037640863603876,0.0,0.0,1.0534789182666904,1.0537640863603877,0.0,0.0,1.1034789182666906,1.1037640863603877,0.0,0.0,1.2534789182666903,1.2537640863603876,0.0,0.0,1.5034789182666903,1.5037640863603876,0.0
official_4c_tierB_mc_baseline_official_v3,deterministic-engine-v1_official-runner,baseline-official-v3,v1.0.1-official-4c,COL,PBI,PBI,,low,r0,2034,basic_valid,historical_reduced_form_positive_tax,5000,-0.0068867859789881,-0.0052437510398766,-0.0037640863603876,-0.0020284201769523,0.0008909162771381,1.0,True,1.0,0.0,True,0.0,0.0,1.0034789182666903,1.0037640863603876,0.0,0.0,1.0534789182666904,1.0537640863603877,0.0,0.0,1.1034789182666906,1.1037640863603877,0.0,0.0,1.2534789182666903,1.2537640863603876,0.0,0.0,1.5034789182666903,1.5037640863603876,0.0
official_4c_tierB_mc_baseline_official_v3,deterministic-engine-v1_official-runner,baseline-official-v3,v1.0.1-official-4c,COL,PBI,PBI,,low,r0,2034,support_valid,historical_reduced_form_positive_tax,5000,-0.0068867859789881,-0.0052437510398766,-0.0037640863603876,-0.0020284201769523,0.0008909162771381,1.0,True,1.0,0.0,True,0.0,0.0,1.0034789182666903,1.0037640863603876,0.0,0.0,1.0534789182666904,1.0537640863603877,0.0,0.0,1.1034789182666906,1.1037640863603877,0.0,0.0,1.2534789182666903,1.2537640863603876,0.0,0.0,1.5034789182666903,1.5037640863603876,0.0
official_4c_tierB_mc_baseline_official_v3,deterministic-engine-v1_official-runner,baseline-official-v3,v1.0.1-official-4c,COL,PBI,PBI,,low,r0,2034,all_draw,historical_reduced_form_mixture_tax,5000,-0.0080072486354215,-0.0054414235926969,-0.0038839174684007,-0.0020689185502968,0.0006325630815925,0.9566,True,0.9566,0.0,True,0.0,0.0,1.0039049592956937,1.0038839174684009,0.0,0.0,1.0539049592956935,1.0538839174684007,0.0,0.0,1.1039049592956938,1.103883917468401,0.0,0.0,1.2539049592956937,1.2538839174684009,0.0,0.0,1.5039049592956937,1.5038839174684009,0.0
official_4c_tierB_mc_baseline_official_v3,deterministic-engine-v1_official-runner,baseline-official-v3,v1.0.1-official-4c,COL,PBI,PBI,,low,r0,2034,basic_valid,historical_reduced_form_mixture_tax,5000,-0.0068430268316821,-0.0052200104876396,-0.003722815373318,-0.0019699618188292,0.0007058968536752,0.9566,True,0.9566,0.0,True,0.0,0.0,1.0034694173348695,1.003722815373318,0.0,0.0,1.0534694173348695,1.053722815373318,0.0,0.0,1.1034694173348694,1.103722815373318,0.0,0.0,1.2534694173348693,1.253722815373318,0.0,0.0,1.5034694173348695,1.503722815373318,0.0
official_4c_tierB_mc_baseline_official_v3,deterministic-engine-v1_official-runner,baseline-official-v3,v1.0.1-official-4c,COL,PBI,PBI,,low,r0,2034,support_valid,historical_reduced_form_mixture_tax,5000,-0.0068430268316821,-0.0052200104876396,-0.003722815373318,-0.0019699618188292,0.0007058968536752,0.9566,True,0.9566,0.0,True,0.0,0.0,1.0034694173348695,1.003722815373318,0.0,0.0,1.0534694173348695,1.053722815373318,0.0,0.0,1.1034694173348694,1.103722815373318,0.0,0.0,1.2534694173348693,1.253722815373318,0.0,0.0,1.5034694173348695,1.503722815373318,0.0
official_4c_tierB_mc_baseline_official_v3,deterministic-engine-v1_official-runner,baseline-official-v3,v1.0.1-official-4c,COL,PBI,PBI,,low,r0,2034,all_draw,historical_reduced_form_positive_total_revenue,5000,-0.0045482487219598,-0.0021658426775475,-9.82721244562448e-05,0.0023449548804411,0.0064347737104394,1.0,True,1.0,0.0,True,0.0,0.0,0.9997225241166842,1.0000982721244562,0.0,0.0,1.0497225241166843,1.0500982721244565,0.0,0.0,1.0997225241166846,1.1000982721244563,0.0,0.0,1.249722524116684,1.2500982721244562,0.0,0.0,1.4997225241166845,1.5000982721244562,0.0
official_4c_tierB_mc_baseline_official_v3,deterministic-engine-v1_official-runner,baseline-official-v3,v1.0.1-official-4c,COL,PBI,PBI,,low,r0,2034,basic_valid,historical_reduced_form_positive_total_revenue,5000,-0.0045482487219598,-0.0021658426775475,-9.82721244562448e-05,0.0023449548804411,0.0064347737104394,1.0,True,1.0,0.0,True,0.0,0.0,0.9997225241166842,1.0000982721244562,0.0,0.0,1.0497225241166843,1.0500982721244565,0.0,0.0,1.0997225241166846,1.1000982721244563,0.0,0.0,1.249722524116684,1.2500982721244562,0.0,0.0,1.4997225241166845,1.5000982721244562,0.0
official_4c_tierB_mc_baseline_official_v3,deterministic-engine-v1_official-runner,baseline-official-v3,v1.0.1-official-4c,COL,PBI,PBI,,low,r0,2034,support_valid,historical_reduced_form_positive_total_revenue,5000,-0.0045482487219598,-0.0021658426775475,-9.82721244562448e-05,0.0023449548804411,0.0064347737104394,1.0,True,1.0,0.0,True,0.0,0.0,0.9997225241166842,1.0000982721244562,0.0,0.0,1.0497225241166843,1.0500982721244565,0.0,0.0,1.0997225241166846,1.1000982721244563,0.0,0.0,1.249722524116684,1.2500982721244562,0.0,0.0,1.4997225241166845,1.5000982721244562,0.0
official_4c_tierB_mc_baseline_official_v3,deterministic-engine-v1_official-runner,baseline-official-v3,v1.0.1-official-4c,COL,PBI,PBI,,low,r0,2034,all_draw,historical_reduced_form_mixture_total_revenue,5000,-0.015651581629899,-0.002927755065872,-0.0005179107719477,0.0020187146839525,0.0062152531927356,0.9048,True,0.9048,0.0,True,0.0,0.0,1.0012482392360949,1.0005179107719475,0.0,0.0,1.051248239236095,1.0505179107719478,0.0,0.0,1.1012482392360947,1.1005179107719478,0.0,0.0,1.2512482392360949,1.2505179107719475,0.0,0.0,1.5012482392360949,1.5005179107719475,0.0
official_4c_tierB_mc_baseline_official_v3,deterministic-engine-v1_official-runner,baseline-official-v3,v1.0.1-official-4c,COL,PBI,PBI,,low,r0,2034,basic_valid,historical_reduced_form_mixture_total_revenue,5000,-0.004442526686385,-0.0021531520914726,-0.0001147754822186,0.0023461412595715,0.0064124865205358,0.9048,True,0.9048,0.0,True,0.0,0.0,0.9997088038024524,1.0001147754822186,0.0,0.0,1.0497088038024525,1.0501147754822189,0.0,0.0,1.0997088038024525,1.1001147754822187,0.0,0.0,1.2497088038024526,1.2501147754822186,0.0,0.0,1.4997088038024526,1.5001147754822186,0.0
official_4c_tierB_mc_baseline_official_v3,deterministic-engine-v1_official-runner,baseline-official-v3,v1.0.1-official-4c,COL,PBI,PBI,,low,r0,2034,support_valid,historical_reduced_form_mixture_total_revenue,5000,-0.004442526686385,-0.0021531520914726,-0.0001147754822186,0.0023461412595715,0.0064124865205358,0.9048,True,0.9048,0.0,True,0.0,0.0,0.9997088038024524,1.0001147754822186,0.0,0.0,1.0497088038024525,1.0501147754822189,0.0,0.0,1.0997088038024525,1.1001147754822187,0.0,0.0,1.2497088038024526,1.2501147754822186,0.0,0.0,1.4997088038024526,1.5001147754822186,0.0
official_4c_tierB_mc_baseline_official_v3,deterministic-engine-v1_official-runner,baseline-official-v3,v1.0.1-official-4c,COL,UBI,UBI,,low,r0,2034,all_draw,historical_reduced_form_positive_tax,5000,-0.001924921780599,-0.001280815834259,-0.0007120675917685,-2.4205908572732257e-05,0.0011503111927126,1.0,True,1.0,0.0,True,0.0,0.0,1.0005897065096971,1.000712067591769,0.0,0.0,1.0505897065096972,1.0507120675917685,0.0,0.0,1.1005897065096972,1.1007120675917688,0.0,0.0,1.2505897065096971,1.250712067591769,0.0,0.0,1.5005897065096971,1.500712067591769,0.0
official_4c_tierB_mc_baseline_official_v3,deterministic-engine-v1_official-runner,baseline-official-v3,v1.0.1-official-4c,COL,UBI,UBI,,low,r0,2034,basic_valid,historical_reduced_form_positive_tax,5000,-0.001924921780599,-0.001280815834259,-0.0007120675917685,-2.4205908572732257e-05,0.0011503111927126,1.0,True,1.0,0.0,True,0.0,0.0,1.0005897065096971,1.000712067591769,0.0,0.0,1.0505897065096972,1.0507120675917685,0.0,0.0,1.1005897065096972,1.1007120675917688,0.0,0.0,1.2505897065096971,1.250712067591769,0.0,0.0,1.5005897065096971,1.500712067591769,0.0
official_4c_tierB_mc_baseline_official_v3,deterministic-engine-v1_official-runner,baseline-official-v3,v1.0.1-official-4c,COL,UBI,UBI,,low,r0,2034,support_valid,historical_reduced_form_positive_tax,5000,-0.001924921780599,-0.001280815834259,-0.0007120675917685,-2.4205908572732257e-05,0.0011503111927126,1.0,True,1.0,0.0,True,0.0,0.0,1.0005897065096971,1.000712067591769,0.0,0.0,1.0505897065096972,1.0507120675917685,0.0,0.0,1.1005897065096972,1.1007120675917688,0.0,0.0,1.2505897065096971,1.250712067591769,0.0,0.0,1.5005897065096971,1.500712067591769,0.0
official_4c_tierB_mc_baseline_official_v3,deterministic-engine-v1_official-runner,baseline-official-v3,v1.0.1-official-4c,COL,UBI,UBI,,low,r0,2034,all_draw,historical_reduced_form_mixture_tax,5000,-0.0022434859638509,-0.0013280347202384,-0.0007336628416294,-5.53422586292844e-05,0.001125520755664,0.9614,True,0.9614,0.0,True,0.0,0.0,1.0007283863990388,1.0007336628416297,0.0,0.0,1.0507283863990389,1.0507336628416293,0.0,0.0,1.100728386399039,1.1007336628416295,0.0,0.0,1.2507283863990388,1.2507336628416297,0.0,0.0,1.5007283863990388,1.5007336628416297,0.0
official_4c_tierB_mc_baseline_official_v3,deterministic-engine-v1_official-runner,baseline-official-v3,v1.0.1-official-4c,COL,UBI,UBI,,low,r0,2034,basic_valid,historical_reduced_form_mixture_tax,5000,-0.0019056334943802,-0.0012468242127205,-0.0006820411200775,-2.137294506699475e-05,0.001148926188456,0.9614,True,0.9614,0.0,True,0.0,0.0,1.000574979170485,1.0006820411200776,0.0,0.0,1.050574979170485,1.0506820411200777,0.0,0.0,1.100574979170485,1.1006820411200775,0.0,0.0,1.250574979170485,1.2506820411200776,0.0,0.0,1.500574979170485,1.5006820411200776,0.0
official_4c_tierB_mc_baseline_official_v3,deterministic-engine-v1_official-runner,baseline-official-v3,v1.0.1-official-4c,COL,UBI,UBI,,low,r0,2034,support_valid,historical_reduced_form_mixture_tax,5000,-0.0019056334943802,-0.0012468242127205,-0.0006820411200775,-2.137294506699475e-05,0.001148926188456,0.9614,True,0.9614,0.0,True,0.0,0.0,1.000574979170485,1.0006820411200776,0.0,0.0,1.050574979170485,1.0506820411200777,0.0,0.0,1.100574979170485,1.1006820411200775,0.0,0.0,1.250574979170485,1.2506820411200776,0.0,0.0,1.500574979170485,1.5006820411200776,0.0
official_4c_tierB_mc_baseline_official_v3,deterministic-engine-v1_official-runner,baseline-official-v3,v1.0.1-official-4c,COL,UBI,UBI,,low,r0,2034,all_draw,historical_reduced_form_positive_total_revenue,5000,-0.0010181769607045,-8.794768442426813e-05,0.0007039325831998,0.0016447032560269,0.0032640450189836,1.0,True,1.0,0.0,True,0.0,0.0,0.9991442282797798,0.9992960674168,0.0,0.0,1.0491442282797798,1.0492960674168,0.0,0.0,1.09914422827978,1.0992960674168004,0.0,0.0,1.2491442282797798,1.2492960674168003,0.0,0.0,1.4991442282797798,1.4992960674168003,0.0
official_4c_tierB_mc_baseline_official_v3,deterministic-engine-v1_official-runner,baseline-official-v3,v1.0.1-official-4c,COL,UBI,UBI,,low,r0,2034,basic_valid,historical_reduced_form_positive_total_revenue,5000,-0.0010181769607045,-8.794768442426813e-05,0.0007039325831998,0.0016447032560269,0.0032640450189836,1.0,True,1.0,0.0,True,0.0,0.0,0.9991442282797798,0.9992960674168,0.0,0.0,1.0491442282797798,1.0492960674168,0.0,0.0,1.09914422827978,1.0992960674168004,0.0,0.0,1.2491442282797798,1.2492960674168003,0.0,0.0,1.4991442282797798,1.4992960674168003,0.0
official_4c_tierB_mc_baseline_official_v3,deterministic-engine-v1_official-runner,baseline-official-v3,v1.0.1-official-4c,COL,UBI,UBI,,low,r0,2034,support_valid,historical_reduced_form_positive_total_revenue,5000,-0.0010181769607045,-8.794768442426813e-05,0.0007039325831998,0.0016447032560269,0.0032640450189836,1.0,True,1.0,0.0,True,0.0,0.0,0.9991442282797798,0.9992960674168,0.0,0.0,1.0491442282797798,1.0492960674168,0.0,0.0,1.09914422827978,1.0992960674168004,0.0,0.0,1.2491442282797798,1.2492960674168003,0.0,0.0,1.4991442282797798,1.4992960674168003,0.0
official_4c_tierB_mc_baseline_official_v3,deterministic-engine-v1_official-runner,baseline-official-v3,v1.0.1-official-4c,COL,UBI,UBI,,low,r0,2034,all_draw,historical_reduced_form_mixture_total_revenue,5000,-0.0053178155591493,-0.0003667932753174,0.0005137345114622,0.0015553703016914,0.0031218543162314,0.9068,True,0.9068,0.0,True,0.0,0.0,0.9997276781714282,0.9994862654885376,0.0,0.0,1.0497276781714282,1.0494862654885375,0.0,0.0,1.099727678171428,1.0994862654885378,0.0,0.0,1.2497276781714282,1.2494862654885377,0.0,0.0,1.4997276781714282,1.4994862654885377,0.0
official_4c_tierB_mc_baseline_official_v3,deterministic-engine-v1_official-runner,baseline-official-v3,v1.0.1-official-4c,COL,UBI,UBI,,low,r0,2034,basic_valid,historical_reduced_form_mixture_total_revenue,5000,-0.0009838322233703,-0.0001067225094189,0.0006711972206344,0.0016670020289015,0.0032357504736604,0.9068,True,0.9068,0.0,True,0.0,0.0,0.9991391049971772,0.9993288027793656,0.0,0.0,1.0491391049971772,1.0493288027793657,0.0,0.0,1.0991391049971773,1.0993288027793655,0.0,0.0,1.2491391049971772,1.2493288027793654,0.0,0.0,1.4991391049971772,1.4993288027793654,0.0
official_4c_tierB_mc_baseline_official_v3,deterministic-engine-v1_official-runner,baseline-official-v3,v1.0.1-official-4c,COL,UBI,UBI,,low,r0,2034,support_valid,historical_reduced_form_mixture_total_revenue,5000,-0.0009838322233703,-0.0001067225094189,0.0006711972206344,0.0016670020289015,0.0032357504736604,0.9068,True,0.9068,0.0,True,0.0,0.0,0.9991391049971772,0.9993288027793656,0.0,0.0,1.0491391049971772,1.0493288027793657,0.0,0.0,1.0991391049971773,1.0993288027793655,0.0,0.0,1.2491391049971772,1.2493288027793654,0.0,0.0,1.4991391049971772,1.4993288027793654,0.0
official_4c_tierB_mc_baseline_official_v3,deterministic-engine-v1_official-runner,baseline-official-v3,v1.0.1-official-4c,COL,PEN,PEN,,mid,r0,2034,all_draw,historical_reduced_form_positive_tax,5000,0.1487788078405303,0.2709320898659698,0.3752893370192375,0.5028654623691358,0.7199164498984915,1.0,True,1.0,0.0004,True,0.0028,0.0,0.6042079722410675,0.6252727314513372,0.0012,0.0,0.6532137494574269,0.674873988882158,0.0004,0.0,0.7026717612488886,0.7247167509673578,0.0,0.0,0.852364272449018,0.8747106629807624,0.0,0.0,1.102364272449018,1.1247106629807626,0.0028
official_4c_tierB_mc_baseline_official_v3,deterministic-engine-v1_official-runner,baseline-official-v3,v1.0.1-official-4c,COL,PEN,PEN,,mid,r0,2034,basic_valid,historical_reduced_form_positive_tax,5000,0.1487788078405303,0.2709320898659698,0.3752893370192375,0.5028654623691358,0.7199164498984915,1.0,True,1.0,0.0004,True,0.0028,0.0,0.6042079722410675,0.6252727314513372,0.0012,0.0,0.6532137494574269,0.674873988882158,0.0004,0.0,0.7026717612488886,0.7247167509673578,0.0,0.0,0.852364272449018,0.8747106629807624,0.0,0.0,1.102364272449018,1.1247106629807626,0.0028
official_4c_tierB_mc_baseline_official_v3,deterministic-engine-v1_official-runner,baseline-official-v3,v1.0.1-official-4c,COL,PEN,PEN,,mid,r0,2034,support_valid,historical_reduced_form_positive_tax,5000,0.1487788078405303,0.2709320898659698,0.3752893370192375,0.5028654623691358,0.7199164498984915,1.0,True,1.0,0.0004,True,0.0028,0.0,0.6042079722410675,0.6252727314513372,0.0012,0.0,0.6532137494574269,0.674873988882158,0.0004,0.0,0.7026717612488886,0.7247167509673578,0.0,0.0,0.852364272449018,0.8747106629807624,0.0,0.0,1.102364272449018,1.1247106629807626,0.0028
official_4c_tierB_mc_baseline_official_v3,deterministic-engine-v1_official-runner,baseline-official-v3,v1.0.1-official-4c,COL,PEN,PEN,,mid,r0,2034,all_draw,historical_reduced_form_mixture_tax,5000,0.0983562619592876,0.2531283554992581,0.367530068735532,0.4994461607366556,0.7147124435004388,0.962,True,0.962,0.001,True,0.0024,0.0,0.6311740090462685,0.6328015624372859,0.0014,0.0,0.6805158883084566,0.6827228101248677,0.001,0.0,0.7302397982439535,0.7327055566437134,0.0002,0.0,0.8796001859857819,0.8825006082212283,0.0,0.0,1.1294069286565944,1.132469931264468,0.0024
official_4c_tierB_mc_baseline_official_v3,deterministic-engine-v1_official-runner,baseline-official-v3,v1.0.1-official-4c,COL,PEN,PEN,,mid,r0,2034,basic_valid,historical_reduced_form_mixture_tax,5000,0.1508235592748927,0.2662807800701799,0.375062686613279,0.5061488863188773,0.7189515851974191,0.962,True,0.962,0.001,True,0.0024948024948024,0.0,0.6039206042538983,0.6252980363243049,0.0014553014553014,0.0,0.6532648204063168,0.6752109684623095,0.001039501039501,0.0,0.7029891559450497,0.7251854445775472,0.0002079002079002,0.0,0.8523469394531794,0.8749670717756839,0.0,0.0,1.102151714214218,1.124937313386721,0.0024948024948024
official_4c_tierB_mc_baseline_official_v3,deterministic-engine-v1_official-runner,baseline-official-v3,v1.0.1-official-4c,COL,PEN,PEN,,mid,r0,2034,support_valid,historical_reduced_form_mixture_tax,5000,0.1508235592748927,0.2662807800701799,0.375062686613279,0.5061488863188773,0.7189515851974191,0.962,True,0.962,0.001,True,0.0024948024948024,0.0,0.6039206042538983,0.6252980363243049,0.0014553014553014,0.0,0.6532648204063168,0.6752109684623095,0.001039501039501,0.0,0.7029891559450497,0.7251854445775472,0.0002079002079002,0.0,0.8523469394531794,0.8749670717756839,0.0,0.0,1.102151714214218,1.124937313386721,0.0024948024948024
official_4c_tierB_mc_baseline_official_v3,deterministic-engine-v1_official-runner,baseline-official-v3,v1.0.1-official-4c,COL,PEN,PEN,,mid,r0,2034,all_draw,historical_reduced_form_positive_total_revenue,5000,0.3110359599478159,0.4779309314773775,0.6275261150706934,0.7986397923850065,1.1014469454314977,1.0,True,1.0,0.0504,True,0.091,0.0,0.3937834514349067,0.3994917682108985,0.0668,0.0,0.4329350723304408,0.442620069953024,0.0504,0.0,0.4750079888169412,0.4876416900821541,0.0184,0.0,0.6072508730169214,0.627988351090643,0.003,0.0,0.8466188143797924,0.8730709538323984,0.091
official_4c_tierB_mc_baseline_official_v3,deterministic-engine-v1_official-runner,baseline-official-v3,v1.0.1-official-4c,COL,PEN,PEN,,mid,r0,2034,basic_valid,historical_reduced_form_positive_total_revenue,5000,0.3110359599478159,0.4779309314773775,0.6275261150706934,0.7986397923850065,1.1014469454314977,1.0,True,1.0,0.0504,True,0.091,0.0,0.3937834514349067,0.3994917682108985,0.0668,0.0,0.4329350723304408,0.442620069953024,0.0504,0.0,0.4750079888169412,0.4876416900821541,0.0184,0.0,0.6072508730169214,0.627988351090643,0.003,0.0,0.8466188143797924,0.8730709538323984,0.091
official_4c_tierB_mc_baseline_official_v3,deterministic-engine-v1_official-runner,baseline-official-v3,v1.0.1-official-4c,COL,PEN,PEN,,mid,r0,2034,support_valid,historical_reduced_form_positive_total_revenue,5000,0.3110359599478159,0.4779309314773775,0.6275261150706934,0.7986397923850065,1.1014469454314977,1.0,True,1.0,0.0504,True,0.091,0.0,0.3937834514349067,0.3994917682108985,0.0668,0.0,0.4329350723304408,0.442620069953024,0.0504,0.0,0.4750079888169412,0.4876416900821541,0.0184,0.0,0.6072508730169214,0.627988351090643,0.003,0.0,0.8466188143797924,0.8730709538323984,0.091
official_4c_tierB_mc_baseline_official_v3,deterministic-engine-v1_official-runner,baseline-official-v3,v1.0.1-official-4c,COL,PEN,PEN,,mid,r0,2034,all_draw,historical_reduced_form_mixture_total_revenue,5000,-0.4632911503711779,0.4252296406493063,0.6015533660179236,0.7894951050668259,1.078887414494319,0.9054,True,0.9054,0.0462,True,0.0784,0.0,0.4990650430980975,0.4244512912010214,0.0594,0.0,0.5384945787753608,0.4679055080080256,0.0462,0.0,0.5807484817096233,0.5131587531801884,0.0162,0.0,0.7112201200461058,0.6542998000126007,0.0018,0.0,0.949621643340524,0.899160572517056,0.0784
official_4c_tierB_mc_baseline_official_v3,deterministic-engine-v1_official-runner,baseline-official-v3,v1.0.1-official-4c,COL,PEN,PEN,,mid,r0,2034,basic_valid,historical_reduced_form_mixture_total_revenue,5000,0.3216908789976868,0.4800715217358035,0.6338818723659648,0.8156145045326963,1.1034183137277478,0.9054,True,0.9054,0.0462,True,0.0865915617406671,0.0,0.3868481933777677,0.3925042529410307,0.0656063618290258,0.0,0.4276159728136072,0.4350119076132427,0.0510271703114645,0.0,0.4707204539791037,0.4812869734053616,0.0178926441351888,0.0,0.6028266602626698,0.6223961063366998,0.0019880715705765,0.0,0.8417412976833981,0.866663447265587,0.0865915617406671
official_4c_tierB_mc_baseline_official_v3,deterministic-engine-v1_official-runner,baseline-official-v3,v1.0.1-official-4c,COL,PEN,PEN,,mid,r0,2034,support_valid,historical_reduced_form_mixture_total_revenue,5000,0.3216908789976868,0.4800715217358035,0.6338818723659648,0.8156145045326963,1.1034183137277478,0.9054,True,0.9054,0.0462,True,0.0865915617406671,0.0,0.3868481933777677,0.3925042529410307,0.0656063618290258,0.0,0.4276159728136072,0.4350119076132427,0.0510271703114645,0.0,0.4707204539791037,0.4812869734053616,0.0178926441351888,0.0,0.6028266602626698,0.6223961063366998,0.0019880715705765,0.0,0.8417412976833981,0.866663447265587,0.0865915617406671
official_4c_tierB_mc_baseline_official_v3,deterministic-engine-v1_official-runner,baseline-official-v3,v1.0.1-official-4c,COL,GMI,GMI:GMI_ideal_aggregate,GMI_ideal_aggregate,mid,r0,2034,all_draw,historical_reduced_form_positive_tax,5000,-0.0185579441775213,0.0178936160057842,0.0508815974144529,0.0893136542000222,0.1543869648446589,1.0,True,1.0,0.0,True,0.0,0.0,0.9431649016499988,0.949118402585547,0.0,0.0,0.9931649016499988,0.9991184025855472,0.0,0.0,1.043164901649999,1.0491184025855471,0.0,0.0,1.1931649016499988,1.199118402585547,0.0,0.0,1.4431649016499988,1.449118402585547,0.0
official_4c_tierB_mc_baseline_official_v3,deterministic-engine-v1_official-runner,baseline-official-v3,v1.0.1-official-4c,COL,GMI,GMI:GMI_ideal_aggregate,GMI_ideal_aggregate,mid,r0,2034,basic_valid,historical_reduced_form_positive_tax,5000,-0.0185579441775213,0.0178936160057842,0.0508815974144529,0.0893136542000222,0.1543869648446589,1.0,True,1.0,0.0,True,0.0,0.0,0.9431649016499988,0.949118402585547,0.0,0.0,0.9931649016499988,0.9991184025855472,0.0,0.0,1.043164901649999,1.0491184025855471,0.0,0.0,1.1931649016499988,1.199118402585547,0.0,0.0,1.4431649016499988,1.449118402585547,0.0
official_4c_tierB_mc_baseline_official_v3,deterministic-engine-v1_official-runner,baseline-official-v3,v1.0.1-official-4c,COL,GMI,GMI:GMI_ideal_aggregate,GMI_ideal_aggregate,mid,r0,2034,support_valid,historical_reduced_form_positive_tax,5000,-0.0185579441775213,0.0178936160057842,0.0508815974144529,0.0893136542000222,0.1543869648446589,1.0,True,1.0,0.0,True,0.0,0.0,0.9431649016499988,0.949118402585547,0.0,0.0,0.9931649016499988,0.9991184025855472,0.0,0.0,1.043164901649999,1.0491184025855471,0.0,0.0,1.1931649016499988,1.199118402585547,0.0,0.0,1.4431649016499988,1.449118402585547,0.0
official_4c_tierB_mc_baseline_official_v3,deterministic-engine-v1_official-runner,baseline-official-v3,v1.0.1-official-4c,COL,GMI,GMI:GMI_ideal_aggregate,GMI_ideal_aggregate,mid,r0,2034,all_draw,historical_reduced_form_mixture_tax,5000,-0.0374284988780873,0.0134685785982639,0.0480671331431639,0.0863312696443981,0.1514508500423518,0.9596,True,0.9596,0.0,True,0.0,0.0,0.9520429886087204,0.951932866856836,0.0,0.0,1.0020429886087203,1.001932866856836,0.0,0.0,1.0520429886087204,1.0519328668568362,0.0,0.0,1.2020429886087205,1.201932866856836,0.0,0.0,1.4520429886087205,1.451932866856836,0.0
official_4c_tierB_mc_baseline_official_v3,deterministic-engine-v1_official-runner,baseline-official-v3,v1.0.1-official-4c,COL,GMI,GMI:GMI_ideal_aggregate,GMI_ideal_aggregate,mid,r0,2034,basic_valid,historical_reduced_form_mixture_tax,5000,-0.0189162481058422,0.0181121385393871,0.0506375691191466,0.0886985766244478,0.1526474614682567,0.9596,True,0.9596,0.0,True,0.0,0.0,0.9432669936364126,0.9493624308808534,0.0,0.0,0.9932669936364128,0.9993624308808534,0.0,0.0,1.0432669936364127,1.0493624308808536,0.0,0.0,1.1932669936364124,1.1993624308808537,0.0,0.0,1.4432669936364129,1.4493624308808537,0.0
official_4c_tierB_mc_baseline_official_v3,deterministic-engine-v1_official-runner,baseline-official-v3,v1.0.1-official-4c,COL,GMI,GMI:GMI_ideal_aggregate,GMI_ideal_aggregate,mid,r0,2034,support_valid,historical_reduced_form_mixture_tax,5000,-0.0189162481058422,0.0181121385393871,0.0506375691191466,0.0886985766244478,0.1526474614682567,0.9596,True,0.9596,0.0,True,0.0,0.0,0.9432669936364126,0.9493624308808534,0.0,0.0,0.9932669936364128,0.9993624308808534,0.0,0.0,1.0432669936364127,1.0493624308808536,0.0,0.0,1.1932669936364124,1.1993624308808537,0.0,0.0,1.4432669936364129,1.4493624308808537,0.0
official_4c_tierB_mc_baseline_official_v3,deterministic-engine-v1_official-runner,baseline-official-v3,v1.0.1-official-4c,COL,GMI,GMI:GMI_ideal_aggregate,GMI_ideal_aggregate,mid,r0,2034,all_draw,historical_reduced_form_positive_total_revenue,5000,0.0319892149438558,0.0822376425770978,0.1280679547030864,0.1806043706833279,0.2698154921007596,1.0,True,1.0,0.0,True,0.0,0.0,0.8637726135987578,0.8719320452969135,0.0,0.0,0.913772613598758,0.9219320452969136,0.0,0.0,0.963772613598758,0.9719320452969136,0.0,0.0,1.1137726135987578,1.1219320452969137,0.0,0.0,1.3637726135987578,1.3719320452969137,0.0
official_4c_tierB_mc_baseline_official_v3,deterministic-engine-v1_official-runner,baseline-official-v3,v1.0.1-official-4c,COL,GMI,GMI:GMI_ideal_aggregate,GMI_ideal_aggregate,mid,r0,2034,basic_valid,historical_reduced_form_positive_total_revenue,5000,0.0319892149438558,0.0822376425770978,0.1280679547030864,0.1806043706833279,0.2698154921007596,1.0,True,1.0,0.0,True,0.0,0.0,0.8637726135987578,0.8719320452969135,0.0,0.0,0.913772613598758,0.9219320452969136,0.0,0.0,0.963772613598758,0.9719320452969136,0.0,0.0,1.1137726135987578,1.1219320452969137,0.0,0.0,1.3637726135987578,1.3719320452969137,0.0
official_4c_tierB_mc_baseline_official_v3,deterministic-engine-v1_official-runner,baseline-official-v3,v1.0.1-official-4c,COL,GMI,GMI:GMI_ideal_aggregate,GMI_ideal_aggregate,mid,r0,2034,support_valid,historical_reduced_form_positive_total_revenue,5000,0.0319892149438558,0.0822376425770978,0.1280679547030864,0.1806043706833279,0.2698154921007596,1.0,True,1.0,0.0,True,0.0,0.0,0.8637726135987578,0.8719320452969135,0.0,0.0,0.913772613598758,0.9219320452969136,0.0,0.0,0.963772613598758,0.9719320452969136,0.0,0.0,1.1137726135987578,1.1219320452969137,0.0,0.0,1.3637726135987578,1.3719320452969137,0.0
official_4c_tierB_mc_baseline_official_v3,deterministic-engine-v1_official-runner,baseline-official-v3,v1.0.1-official-4c,COL,GMI,GMI:GMI_ideal_aggregate,GMI_ideal_aggregate,mid,r0,2034,all_draw,historical_reduced_form_mixture_total_revenue,5000,-0.2020862243050024,0.0671061765887626,0.1185435567416924,0.1747708339445971,0.265340124026722,0.911,True,0.911,0.0,True,0.0,0.0,0.8945439261555325,0.8814564432583076,0.0,0.0,0.9445439261555324,0.9314564432583076,0.0,0.0,0.9945439261555324,0.9814564432583076,0.0,0.0,1.1445439261555324,1.1314564432583076,0.0,0.0,1.3945439261555324,1.3814564432583076,0.0
official_4c_tierB_mc_baseline_official_v3,deterministic-engine-v1_official-runner,baseline-official-v3,v1.0.1-official-4c,COL,GMI,GMI:GMI_ideal_aggregate,GMI_ideal_aggregate,mid,r0,2034,basic_valid,historical_reduced_form_mixture_total_revenue,5000,0.0335497977541957,0.0829570325591099,0.1270267166197853,0.1810272194905237,0.2707458241530648,0.911,True,0.911,0.0,True,0.0,0.0,0.8637694251768208,0.8729732833802146,0.0,0.0,0.9137694251768208,0.9229732833802148,0.0,0.0,0.9637694251768208,0.9729732833802148,0.0,0.0,1.1137694251768206,1.1229732833802146,0.0,0.0,1.3637694251768206,1.3729732833802146,0.0
official_4c_tierB_mc_baseline_official_v3,deterministic-engine-v1_official-runner,baseline-official-v3,v1.0.1-official-4c,COL,GMI,GMI:GMI_ideal_aggregate,GMI_ideal_aggregate,mid,r0,2034,support_valid,historical_reduced_form_mixture_total_revenue,5000,0.0335497977541957,0.0829570325591099,0.1270267166197853,0.1810272194905237,0.2707458241530648,0.911,True,0.911,0.0,True,0.0,0.0,0.8637694251768208,0.8729732833802146,0.0,0.0,0.9137694251768208,0.9229732833802148,0.0,0.0,0.9637694251768208,0.9729732833802148,0.0,0.0,1.1137694251768206,1.1229732833802146,0.0,0.0,1.3637694251768206,1.3729732833802146,0.0
official_4c_tierB_mc_baseline_official_v3,deterministic-engine-v1_official-runner,baseline-official-v3,v1.0.1-official-4c,COL,GMI,GMI:GMI_loaded_aggregate,GMI_loaded_aggregate,mid,r0,2034,all_draw,historical_reduced_form_positive_tax,5000,-0.0122633436097734,0.0117822953596484,0.0335660774360916,0.0585589455984861,0.1021515183123312,1.0,True,1.0,0.0,True,0.0,0.0,0.9625959308364658,0.9664339225639084,0.0,0.0,1.0125959308364658,1.0164339225639083,0.0,0.0,1.062595930836466,1.0664339225639083,0.0,0.0,1.2125959308364658,1.2164339225639085,0.0,0.0,1.4625959308364658,1.4664339225639085,0.0
official_4c_tierB_mc_baseline_official_v3,deterministic-engine-v1_official-runner,baseline-official-v3,v1.0.1-official-4c,COL,GMI,GMI:GMI_loaded_aggregate,GMI_loaded_aggregate,mid,r0,2034,basic_valid,historical_reduced_form_positive_tax,5000,-0.0122633436097734,0.0117822953596484,0.0335660774360916,0.0585589455984861,0.1021515183123312,1.0,True,1.0,0.0,True,0.0,0.0,0.9625959308364658,0.9664339225639084,0.0,0.0,1.0125959308364658,1.0164339225639083,0.0,0.0,1.062595930836466,1.0664339225639083,0.0,0.0,1.2125959308364658,1.2164339225639085,0.0,0.0,1.4625959308364658,1.4664339225639085,0.0
official_4c_tierB_mc_baseline_official_v3,deterministic-engine-v1_official-runner,baseline-official-v3,v1.0.1-official-4c,COL,GMI,GMI:GMI_loaded_aggregate,GMI_loaded_aggregate,mid,r0,2034,support_valid,historical_reduced_form_positive_tax,5000,-0.0122633436097734,0.0117822953596484,0.0335660774360916,0.0585589455984861,0.1021515183123312,1.0,True,1.0,0.0,True,0.0,0.0,0.9625959308364658,0.9664339225639084,0.0,0.0,1.0125959308364658,1.0164339225639083,0.0,0.0,1.062595930836466,1.0664339225639083,0.0,0.0,1.2125959308364658,1.2164339225639085,0.0,0.0,1.4625959308364658,1.4664339225639085,0.0
official_4c_tierB_mc_baseline_official_v3,deterministic-engine-v1_official-runner,baseline-official-v3,v1.0.1-official-4c,COL,GMI,GMI:GMI_loaded_aggregate,GMI_loaded_aggregate,mid,r0,2034,all_draw,historical_reduced_form_mixture_tax,5000,-0.0290238530941047,0.0081779768774333,0.0308365176105348,0.0581695314108778,0.1012505611126405,0.9542,True,0.9542,0.0,True,0.0,0.0,0.9687646975264658,0.9691634823894651,0.0,0.0,1.018764697526466,1.019163482389465,0.0,0.0,1.068764697526466,1.0691634823894651,0.0,0.0,1.2187646975264657,1.219163482389465,0.0,0.0,1.4687646975264657,1.469163482389465,0.0
official_4c_tierB_mc_baseline_official_v3,deterministic-engine-v1_official-runner,baseline-official-v3,v1.0.1-official-4c,COL,GMI,GMI:GMI_loaded_aggregate,GMI_loaded_aggregate,mid,r0,2034,basic_valid,historical_reduced_form_mixture_tax,5000,-0.0116081248792795,0.0115322590349848,0.0328308875093504,0.0597462205396895,0.10229347125677,0.9542,True,0.9542,0.0,True,0.0,0.0,0.9621613757020238,0.9671691124906496,0.0,0.0,1.012161375702024,1.0171691124906497,0.0,0.0,1.062161375702024,1.0671691124906495,0.0,0.0,1.2121613757020238,1.2171691124906496,0.0,0.0,1.4621613757020238,1.4671691124906496,0.0
official_4c_tierB_mc_baseline_official_v3,deterministic-engine-v1_official-runner,baseline-official-v3,v1.0.1-official-4c,COL,GMI,GMI:GMI_loaded_aggregate,GMI_loaded_aggregate,mid,r0,2034,support_valid,historical_reduced_form_mixture_tax,5000,-0.0116081248792795,0.0115322590349848,0.0328308875093504,0.0597462205396895,0.10229347125677,0.9542,True,0.9542,0.0,True,0.0,0.0,0.9621613757020238,0.9671691124906496,0.0,0.0,1.012161375702024,1.0171691124906497,0.0,0.0,1.062161375702024,1.0671691124906495,0.0,0.0,1.2121613757020238,1.2171691124906496,0.0,0.0,1.4621613757020238,1.4671691124906496,0.0
official_4c_tierB_mc_baseline_official_v3,deterministic-engine-v1_official-runner,baseline-official-v3,v1.0.1-official-4c,COL,GMI,GMI:GMI_loaded_aggregate,GMI_loaded_aggregate,mid,r0,2034,all_draw,historical_reduced_form_positive_total_revenue,5000,0.0225936642078725,0.0557942886861762,0.0839462744522922,0.1192859562642594,0.1786634339159913,1.0,True,1.0,0.0,True,0.0,0.0,0.9094861338201108,0.9160537255477076,0.0,0.0,0.9594861338201106,0.9660537255477076,0.0,0.0,1.0094861338201109,1.016053725547708,0.0,0.0,1.1594861338201103,1.166053725547708,0.0,0.0,1.4094861338201106,1.416053725547708,0.0
official_4c_tierB_mc_baseline_official_v3,deterministic-engine-v1_official-runner,baseline-official-v3,v1.0.1-official-4c,COL,GMI,GMI:GMI_loaded_aggregate,GMI_loaded_aggregate,mid,r0,2034,basic_valid,historical_reduced_form_positive_total_revenue,5000,0.0225936642078725,0.0557942886861762,0.0839462744522922,0.1192859562642594,0.1786634339159913,1.0,True,1.0,0.0,True,0.0,0.0,0.9094861338201108,0.9160537255477076,0.0,0.0,0.9594861338201106,0.9660537255477076,0.0,0.0,1.0094861338201109,1.016053725547708,0.0,0.0,1.1594861338201103,1.166053725547708,0.0,0.0,1.4094861338201106,1.416053725547708,0.0
official_4c_tierB_mc_baseline_official_v3,deterministic-engine-v1_official-runner,baseline-official-v3,v1.0.1-official-4c,COL,GMI,GMI:GMI_loaded_aggregate,GMI_loaded_aggregate,mid,r0,2034,support_valid,historical_reduced_form_positive_total_revenue,5000,0.0225936642078725,0.0557942886861762,0.0839462744522922,0.1192859562642594,0.1786634339159913,1.0,True,1.0,0.0,True,0.0,0.0,0.9094861338201108,0.9160537255477076,0.0,0.0,0.9594861338201106,0.9660537255477076,0.0,0.0,1.0094861338201109,1.016053725547708,0.0,0.0,1.1594861338201103,1.166053725547708,0.0,0.0,1.4094861338201106,1.416053725547708,0.0
official_4c_tierB_mc_baseline_official_v3,deterministic-engine-v1_official-runner,baseline-official-v3,v1.0.1-official-4c,COL,GMI,GMI:GMI_loaded_aggregate,GMI_loaded_aggregate,mid,r0,2034,all_draw,historical_reduced_form_mixture_total_revenue,5000,-0.1341751164647946,0.0451000297711468,0.0791894564297426,0.1168110539861508,0.1780805210959962,0.9094,True,0.9094,0.0,True,0.0,0.0,0.929459645739249,0.9208105435702574,0.0,0.0,0.9794596457392492,0.9708105435702574,0.0,0.0,1.0294596457392493,1.0208105435702572,0.0,0.0,1.1794596457392492,1.1708105435702572,0.0,0.0,1.4294596457392492,1.4208105435702572,0.0
official_4c_tierB_mc_baseline_official_v3,deterministic-engine-v1_official-runner,baseline-official-v3,v1.0.1-official-4c,COL,GMI,GMI:GMI_loaded_aggregate,GMI_loaded_aggregate,mid,r0,2034,basic_valid,historical_reduced_form_mixture_total_revenue,5000,0.0217448111834599,0.0553235318781692,0.0853983783208033,0.1211156926734734,0.1819013256491789,0.9094,True,0.9094,0.0,True,0.0,0.0,0.9086639739935178,0.9146016216791966,0.0,0.0,0.958663973993518,0.9646016216791966,0.0,0.0,1.008663973993518,1.0146016216791969,0.0,0.0,1.1586639739935178,1.1646016216791966,0.0,0.0,1.408663973993518,1.4146016216791966,0.0
official_4c_tierB_mc_baseline_official_v3,deterministic-engine-v1_official-runner,baseline-official-v3,v1.0.1-official-4c,COL,GMI,GMI:GMI_loaded_aggregate,GMI_loaded_aggregate,mid,r0,2034,support_valid,historical_reduced_form_mixture_total_revenue,5000,0.0217448111834599,0.0553235318781692,0.0853983783208033,0.1211156926734734,0.1819013256491789,0.9094,True,0.9094,0.0,True,0.0,0.0,0.9086639739935178,0.9146016216791966,0.0,0.0,0.958663973993518,0.9646016216791966,0.0,0.0,1.008663973993518,1.0146016216791969,0.0,0.0,1.1586639739935178,1.1646016216791966,0.0,0.0,1.408663973993518,1.4146016216791966,0.0
official_4c_tierB_mc_baseline_official_v3,deterministic-engine-v1_official-runner,baseline-official-v3,v1.0.1-official-4c,COL,MUT,MUT,,mid,r0,2034,all_draw,historical_reduced_form_positive_tax,5000,0.0422392235655799,0.0638286897186942,0.0834391007904683,0.1085281018979084,0.1479017009013305,1.0,True,1.0,0.0,True,0.0,0.0,0.912086929320345,0.9165608992095317,0.0,0.0,0.9620869293203452,0.9665608992095316,0.0,0.0,1.0120869293203452,1.016560899209532,0.0,0.0,1.162086929320345,1.1665608992095318,0.0,0.0,1.4120869293203453,1.4165608992095318,0.0
official_4c_tierB_mc_baseline_official_v3,deterministic-engine-v1_official-runner,baseline-official-v3,v1.0.1-official-4c,COL,MUT,MUT,,mid,r0,2034,basic_valid,historical_reduced_form_positive_tax,5000,0.0422392235655799,0.0638286897186942,0.0834391007904683,0.1085281018979084,0.1479017009013305,1.0,True,1.0,0.0,True,0.0,0.0,0.912086929320345,0.9165608992095317,0.0,0.0,0.9620869293203452,0.9665608992095316,0.0,0.0,1.0120869293203452,1.016560899209532,0.0,0.0,1.162086929320345,1.1665608992095318,0.0,0.0,1.4120869293203453,1.4165608992095318,0.0
official_4c_tierB_mc_baseline_official_v3,deterministic-engine-v1_official-runner,baseline-official-v3,v1.0.1-official-4c,COL,MUT,MUT,,mid,r0,2034,support_valid,historical_reduced_form_positive_tax,5000,0.0422392235655799,0.0638286897186942,0.0834391007904683,0.1085281018979084,0.1479017009013305,1.0,True,1.0,0.0,True,0.0,0.0,0.912086929320345,0.9165608992095317,0.0,0.0,0.9620869293203452,0.9665608992095316,0.0,0.0,1.0120869293203452,1.016560899209532,0.0,0.0,1.162086929320345,1.1665608992095318,0.0,0.0,1.4120869293203453,1.4165608992095318,0.0
official_4c_tierB_mc_baseline_official_v3,deterministic-engine-v1_official-runner,baseline-official-v3,v1.0.1-official-4c,COL,MUT,MUT,,mid,r0,2034,all_draw,historical_reduced_form_mixture_tax,5000,0.027947823411139,0.0608676947033379,0.0824631322762305,0.1074130816358001,0.150317967318333,0.959,True,0.959,0.0,True,0.0,0.0,0.9171900499854444,0.9175368677237694,0.0,0.0,0.9671900499854446,0.9675368677237696,0.0,0.0,1.0171900499854447,1.0175368677237695,0.0,0.0,1.1671900499854444,1.1675368677237694,0.0,0.0,1.4171900499854444,1.4175368677237694,0.0
official_4c_tierB_mc_baseline_official_v3,deterministic-engine-v1_official-runner,baseline-official-v3,v1.0.1-official-4c,COL,MUT,MUT,,mid,r0,2034,basic_valid,historical_reduced_form_mixture_tax,5000,0.0409727843008369,0.0635500405180018,0.0843973757748288,0.108658566778501,0.1512112897212938,0.959,True,0.959,0.0,True,0.0,0.0,0.9115898266463568,0.9156026242251712,0.0,0.0,0.9615898266463568,0.9656026242251712,0.0,0.0,1.0115898266463568,1.0156026242251712,0.0,0.0,1.161589826646357,1.1656026242251711,0.0,0.0,1.411589826646357,1.4156026242251711,0.0
official_4c_tierB_mc_baseline_official_v3,deterministic-engine-v1_official-runner,baseline-official-v3,v1.0.1-official-4c,COL,MUT,MUT,,mid,r0,2034,support_valid,historical_reduced_form_mixture_tax,5000,0.0409727843008369,0.0635500405180018,0.0843973757748288,0.108658566778501,0.1512112897212938,0.959,True,0.959,0.0,True,0.0,0.0,0.9115898266463568,0.9156026242251712,0.0,0.0,0.9615898266463568,0.9656026242251712,0.0,0.0,1.0115898266463568,1.0156026242251712,0.0,0.0,1.161589826646357,1.1656026242251711,0.0,0.0,1.411589826646357,1.4156026242251711,0.0
official_4c_tierB_mc_baseline_official_v3,deterministic-engine-v1_official-runner,baseline-official-v3,v1.0.1-official-4c,COL,MUT,MUT,,mid,r0,2034,all_draw,historical_reduced_form_positive_total_revenue,5000,0.0722346225000442,0.104056174090919,0.1318752707692665,0.1652824755437555,0.2253795620913982,1.0,True,1.0,0.0,True,0.0,0.0,0.8620720419150981,0.8681247292307335,0.0,0.0,0.912072041915098,0.9181247292307336,0.0,0.0,0.962072041915098,0.9681247292307336,0.0,0.0,1.112072041915098,1.1181247292307337,0.0,0.0,1.362072041915098,1.3681247292307337,0.0
official_4c_tierB_mc_baseline_official_v3,deterministic-engine-v1_official-runner,baseline-official-v3,v1.0.1-official-4c,COL,MUT,MUT,,mid,r0,2034,basic_valid,historical_reduced_form_positive_total_revenue,5000,0.0722346225000442,0.104056174090919,0.1318752707692665,0.1652824755437555,0.2253795620913982,1.0,True,1.0,0.0,True,0.0,0.0,0.8620720419150981,0.8681247292307335,0.0,0.0,0.912072041915098,0.9181247292307336,0.0,0.0,0.962072041915098,0.9681247292307336,0.0,0.0,1.112072041915098,1.1181247292307337,0.0,0.0,1.362072041915098,1.3681247292307337,0.0
official_4c_tierB_mc_baseline_official_v3,deterministic-engine-v1_official-runner,baseline-official-v3,v1.0.1-official-4c,COL,MUT,MUT,,mid,r0,2034,support_valid,historical_reduced_form_positive_total_revenue,5000,0.0722346225000442,0.104056174090919,0.1318752707692665,0.1652824755437555,0.2253795620913982,1.0,True,1.0,0.0,True,0.0,0.0,0.8620720419150981,0.8681247292307335,0.0,0.0,0.912072041915098,0.9181247292307336,0.0,0.0,0.962072041915098,0.9681247292307336,0.0,0.0,1.112072041915098,1.1181247292307337,0.0,0.0,1.362072041915098,1.3681247292307337,0.0
official_4c_tierB_mc_baseline_official_v3,deterministic-engine-v1_official-runner,baseline-official-v3,v1.0.1-official-4c,COL,MUT,MUT,,mid,r0,2034,all_draw,historical_reduced_form_mixture_total_revenue,5000,-0.0748749468168943,0.0955090674743465,0.1271030219615919,0.1620787177246676,0.2209597424742927,0.9074,True,0.9074,0.0,True,0.0,0.0,0.8815778555900499,0.872896978038408,0.0,0.0,0.93157785559005,0.922896978038408,0.0,0.0,0.9815778555900498,0.972896978038408,0.0,0.0,1.13157785559005,1.122896978038408,0.0,0.0,1.38157785559005,1.372896978038408,0.0
official_4c_tierB_mc_baseline_official_v3,deterministic-engine-v1_official-runner,baseline-official-v3,v1.0.1-official-4c,COL,MUT,MUT,,mid,r0,2034,basic_valid,historical_reduced_form_mixture_total_revenue,5000,0.0713837327219492,0.1054825370055143,0.1326317181875341,0.1669007899216293,0.2237299056307833,0.9074,True,0.9074,0.0,True,0.0,0.0,0.8614127760326629,0.8673682818124658,0.0,0.0,0.9114127760326632,0.917368281812466,0.0,0.0,0.9614127760326632,0.967368281812466,0.0,0.0,1.1114127760326629,1.117368281812466,0.0,0.0,1.3614127760326629,1.367368281812466,0.0
official_4c_tierB_mc_baseline_official_v3,deterministic-engine-v1_official-runner,baseline-official-v3,v1.0.1-official-4c,COL,MUT,MUT,,mid,r0,2034,support_valid,historical_reduced_form_mixture_total_revenue,5000,0.0713837327219492,0.1054825370055143,0.1326317181875341,0.1669007899216293,0.2237299056307833,0.9074,True,0.9074,0.0,True,0.0,0.0,0.8614127760326629,0.8673682818124658,0.0,0.0,0.9114127760326632,0.917368281812466,0.0,0.0,0.9614127760326632,0.967368281812466,0.0,0.0,1.1114127760326629,1.117368281812466,0.0,0.0,1.3614127760326629,1.367368281812466,0.0
official_4c_tierB_mc_baseline_official_v3,deterministic-engine-v1_official-runner,baseline-official-v3,v1.0.1-official-4c,COL,PBI,PBI,,mid,r0,2034,all_draw,historical_reduced_form_positive_tax,5000,0.0300109399878498,0.044569968926635,0.0575990834184512,0.0738105249579915,0.0996086613136811,1.0,True,1.0,0.0,True,0.0,0.0,0.9395679288433264,0.9424009165815488,0.0,0.0,0.9895679288433264,0.9924009165815488,0.0,0.0,1.0395679288433264,1.042400916581549,0.0,0.0,1.1895679288433263,1.192400916581549,0.0,0.0,1.4395679288433263,1.442400916581549,0.0
official_4c_tierB_mc_baseline_official_v3,deterministic-engine-v1_official-runner,baseline-official-v3,v1.0.1-official-4c,COL,PBI,PBI,,mid,r0,2034,basic_valid,historical_reduced_form_positive_tax,5000,0.0300109399878498,0.044569968926635,0.0575990834184512,0.0738105249579915,0.0996086613136811,1.0,True,1.0,0.0,True,0.0,0.0,0.9395679288433264,0.9424009165815488,0.0,0.0,0.9895679288433264,0.9924009165815488,0.0,0.0,1.0395679288433264,1.042400916581549,0.0,0.0,1.1895679288433263,1.192400916581549,0.0,0.0,1.4395679288433263,1.442400916581549,0.0
official_4c_tierB_mc_baseline_official_v3,deterministic-engine-v1_official-runner,baseline-official-v3,v1.0.1-official-4c,COL,PBI,PBI,,mid,r0,2034,support_valid,historical_reduced_form_positive_tax,5000,0.0300109399878498,0.044569968926635,0.0575990834184512,0.0738105249579915,0.0996086613136811,1.0,True,1.0,0.0,True,0.0,0.0,0.9395679288433264,0.9424009165815488,0.0,0.0,0.9895679288433264,0.9924009165815488,0.0,0.0,1.0395679288433264,1.042400916581549,0.0,0.0,1.1895679288433263,1.192400916581549,0.0,0.0,1.4395679288433263,1.442400916581549,0.0
official_4c_tierB_mc_baseline_official_v3,deterministic-engine-v1_official-runner,baseline-official-v3,v1.0.1-official-4c,COL,PBI,PBI,,mid,r0,2034,all_draw,historical_reduced_form_mixture_tax,5000,0.0197746968494069,0.0429475017742399,0.0562534627951722,0.0722721912318237,0.0984708767468357,0.954,True,0.954,0.0,True,0.0,0.0,0.9438347475211472,0.9437465372048276,0.0,0.0,0.9938347475211472,0.9937465372048278,0.0,0.0,1.0438347475211474,1.0437465372048278,0.0,0.0,1.1938347475211473,1.1937465372048277,0.0,0.0,1.4438347475211473,1.4437465372048277,0.0
official_4c_tierB_mc_baseline_official_v3,deterministic-engine-v1_official-runner,baseline-official-v3,v1.0.1-official-4c,COL,PBI,PBI,,mid,r0,2034,basic_valid,historical_reduced_form_mixture_tax,5000,0.0306033004431849,0.0446885973630826,0.0574645039009984,0.0731121464123433,0.0992378409602016,0.954,True,0.954,0.0,True,0.0,0.0,0.9398267332712594,0.9425354960990016,0.0,0.0,0.9898267332712594,0.9925354960990016,0.0,0.0,1.0398267332712596,1.0425354960990016,0.0,0.0,1.189826733271259,1.1925354960990016,0.0,0.0,1.439826733271259,1.4425354960990016,0.0
official_4c_tierB_mc_baseline_official_v3,deterministic-engine-v1_official-runner,baseline-official-v3,v1.0.1-official-4c,COL,PBI,PBI,,mid,r0,2034,support_valid,historical_reduced_form_mixture_tax,5000,0.0306033004431849,0.0446885973630826,0.0574645039009984,0.0731121464123433,0.0992378409602016,0.954,True,0.954,0.0,True,0.0,0.0,0.9398267332712594,0.9425354960990016,0.0,0.0,0.9898267332712594,0.9925354960990016,0.0,0.0,1.0398267332712596,1.0425354960990016,0.0,0.0,1.189826733271259,1.1925354960990016,0.0,0.0,1.439826733271259,1.4425354960990016,0.0
official_4c_tierB_mc_baseline_official_v3,deterministic-engine-v1_official-runner,baseline-official-v3,v1.0.1-official-4c,COL,PBI,PBI,,mid,r0,2034,all_draw,historical_reduced_form_positive_total_revenue,5000,0.0504032305660755,0.0702629231273488,0.0883956127933748,0.1100522754561742,0.1474345926071717,1.0,True,1.0,0.0,True,0.0,0.0,0.9078843771989296,0.9116043872066252,0.0,0.0,0.9578843771989296,0.9616043872066252,0.0,0.0,1.0078843771989296,1.0116043872066252,0.0,0.0,1.1578843771989298,1.161604387206625,0.0,0.0,1.4078843771989298,1.411604387206625,0.0
official_4c_tierB_mc_baseline_official_v3,deterministic-engine-v1_official-runner,baseline-official-v3,v1.0.1-official-4c,COL,PBI,PBI,,mid,r0,2034,basic_valid,historical_reduced_form_positive_total_revenue,5000,0.0504032305660755,0.0702629231273488,0.0883956127933748,0.1100522754561742,0.1474345926071717,1.0,True,1.0,0.0,True,0.0,0.0,0.9078843771989296,0.9116043872066252,0.0,0.0,0.9578843771989296,0.9616043872066252,0.0,0.0,1.0078843771989296,1.0116043872066252,0.0,0.0,1.1578843771989298,1.161604387206625,0.0,0.0,1.4078843771989298,1.411604387206625,0.0
official_4c_tierB_mc_baseline_official_v3,deterministic-engine-v1_official-runner,baseline-official-v3,v1.0.1-official-4c,COL,PBI,PBI,,mid,r0,2034,support_valid,historical_reduced_form_positive_total_revenue,5000,0.0504032305660755,0.0702629231273488,0.0883956127933748,0.1100522754561742,0.1474345926071717,1.0,True,1.0,0.0,True,0.0,0.0,0.9078843771989296,0.9116043872066252,0.0,0.0,0.9578843771989296,0.9616043872066252,0.0,0.0,1.0078843771989296,1.0116043872066252,0.0,0.0,1.1578843771989298,1.161604387206625,0.0,0.0,1.4078843771989298,1.411604387206625,0.0
official_4c_tierB_mc_baseline_official_v3,deterministic-engine-v1_official-runner,baseline-official-v3,v1.0.1-official-4c,COL,PBI,PBI,,mid,r0,2034,all_draw,historical_reduced_form_mixture_total_revenue,5000,-0.0438830785093694,0.0648312059455605,0.0854469401231716,0.1079396031175606,0.1441771777914545,0.9188,True,0.9188,0.0,True,0.0,0.0,0.9193798574562988,0.9145530598768284,0.0,0.0,0.9693798574562992,0.9645530598768284,0.0,0.0,1.019379857456299,1.0145530598768284,0.0,0.0,1.1693798574562988,1.1645530598768283,0.0,0.0,1.4193798574562988,1.4145530598768283,0.0
official_4c_tierB_mc_baseline_official_v3,deterministic-engine-v1_official-runner,baseline-official-v3,v1.0.1-official-4c,COL,PBI,PBI,,mid,r0,2034,basic_valid,historical_reduced_form_mixture_total_revenue,5000,0.0499333198895496,0.0707717563364932,0.0884650349788204,0.1098636666353552,0.1458859052167707,0.9188,True,0.9188,0.0,True,0.0,0.0,0.9079991008028254,0.9115349650211796,0.0,0.0,0.9579991008028256,0.9615349650211796,0.0,0.0,1.0079991008028253,1.0115349650211796,0.0,0.0,1.1579991008028252,1.1615349650211797,0.0,0.0,1.4079991008028254,1.4115349650211797,0.0
official_4c_tierB_mc_baseline_official_v3,deterministic-engine-v1_official-runner,baseline-official-v3,v1.0.1-official-4c,COL,PBI,PBI,,mid,r0,2034,support_valid,historical_reduced_form_mixture_total_revenue,5000,0.0499333198895496,0.0707717563364932,0.0884650349788204,0.1098636666353552,0.1458859052167707,0.9188,True,0.9188,0.0,True,0.0,0.0,0.9079991008028254,0.9115349650211796,0.0,0.0,0.9579991008028256,0.9615349650211796,0.0,0.0,1.0079991008028253,1.0115349650211796,0.0,0.0,1.1579991008028252,1.1615349650211797,0.0,0.0,1.4079991008028254,1.4115349650211797,0.0
official_4c_tierB_mc_baseline_official_v3,deterministic-engine-v1_official-runner,baseline-official-v3,v1.0.1-official-4c,COL,UBI,UBI,,mid,r0,2034,all_draw,historical_reduced_form_positive_tax,5000,0.0126683261509667,0.0183100736966099,0.0232838550205059,0.0292597757235926,0.0395082475517469,1.0,True,1.0,0.0,True,0.0,0.0,0.9756936782086856,0.976716144979494,0.0,0.0,1.0256936782086858,1.026716144979494,0.0,0.0,1.0756936782086857,1.0767161449794942,0.0,0.0,1.2256936782086858,1.226716144979494,0.0,0.0,1.4756936782086858,1.476716144979494,0.0
official_4c_tierB_mc_baseline_official_v3,deterministic-engine-v1_official-runner,baseline-official-v3,v1.0.1-official-4c,COL,UBI,UBI,,mid,r0,2034,basic_valid,historical_reduced_form_positive_tax,5000,0.0126683261509667,0.0183100736966099,0.0232838550205059,0.0292597757235926,0.0395082475517469,1.0,True,1.0,0.0,True,0.0,0.0,0.9756936782086856,0.976716144979494,0.0,0.0,1.0256936782086858,1.026716144979494,0.0,0.0,1.0756936782086857,1.0767161449794942,0.0,0.0,1.2256936782086858,1.226716144979494,0.0,0.0,1.4756936782086858,1.476716144979494,0.0
official_4c_tierB_mc_baseline_official_v3,deterministic-engine-v1_official-runner,baseline-official-v3,v1.0.1-official-4c,COL,UBI,UBI,,mid,r0,2034,support_valid,historical_reduced_form_positive_tax,5000,0.0126683261509667,0.0183100736966099,0.0232838550205059,0.0292597757235926,0.0395082475517469,1.0,True,1.0,0.0,True,0.0,0.0,0.9756936782086856,0.976716144979494,0.0,0.0,1.0256936782086858,1.026716144979494,0.0,0.0,1.0756936782086857,1.0767161449794942,0.0,0.0,1.2256936782086858,1.226716144979494,0.0,0.0,1.4756936782086858,1.476716144979494,0.0
official_4c_tierB_mc_baseline_official_v3,deterministic-engine-v1_official-runner,baseline-official-v3,v1.0.1-official-4c,COL,UBI,UBI,,mid,r0,2034,all_draw,historical_reduced_form_mixture_tax,5000,0.0083827614562255,0.0174163244291075,0.0228508754638887,0.0289519494643291,0.0389217560081456,0.9558,True,0.9558,0.0,True,0.0,0.0,0.9772276338293072,0.9771491245361112,0.0,0.0,1.027227633829307,1.0271491245361113,0.0,0.0,1.0772276338293072,1.0771491245361111,0.0,0.0,1.227227633829307,1.2271491245361112,0.0,0.0,1.477227633829307,1.4771491245361112,0.0
official_4c_tierB_mc_baseline_official_v3,deterministic-engine-v1_official-runner,baseline-official-v3,v1.0.1-official-4c,COL,UBI,UBI,,mid,r0,2034,basic_valid,historical_reduced_form_mixture_tax,5000,0.0122659775897867,0.0182353509427583,0.0233026327957046,0.0293066160781599,0.0392893167276038,0.9558,True,0.9558,0.0,True,0.0,0.0,0.9757291018569028,0.9766973672042952,0.0,0.0,1.0257291018569028,1.0266973672042954,0.0,0.0,1.0757291018569028,1.0766973672042954,0.0,0.0,1.2257291018569028,1.2266973672042951,0.0,0.0,1.4757291018569028,1.4766973672042951,0.0
official_4c_tierB_mc_baseline_official_v3,deterministic-engine-v1_official-runner,baseline-official-v3,v1.0.1-official-4c,COL,UBI,UBI,,mid,r0,2034,support_valid,historical_reduced_form_mixture_tax,5000,0.0122659775897867,0.0182353509427583,0.0233026327957046,0.0293066160781599,0.0392893167276038,0.9558,True,0.9558,0.0,True,0.0,0.0,0.9757291018569028,0.9766973672042952,0.0,0.0,1.0257291018569028,1.0266973672042954,0.0,0.0,1.0757291018569028,1.0766973672042954,0.0,0.0,1.2257291018569028,1.2266973672042951,0.0,0.0,1.4757291018569028,1.4766973672042951,0.0
official_4c_tierB_mc_baseline_official_v3,deterministic-engine-v1_official-runner,baseline-official-v3,v1.0.1-official-4c,COL,UBI,UBI,,mid,r0,2034,all_draw,historical_reduced_form_positive_total_revenue,5000,0.0205808924740221,0.0282203459924198,0.0352467771617183,0.0437407916303946,0.0574774550514634,1.0,True,1.0,0.0,True,0.0,0.0,0.9632793529527102,0.9647532228382816,0.0,0.0,1.0132793529527102,1.0147532228382818,0.0,0.0,1.0632793529527105,1.0647532228382817,0.0,0.0,1.2132793529527102,1.2147532228382816,0.0,0.0,1.4632793529527102,1.4647532228382816,0.0
official_4c_tierB_mc_baseline_official_v3,deterministic-engine-v1_official-runner,baseline-official-v3,v1.0.1-official-4c,COL,UBI,UBI,,mid,r0,2034,basic_valid,historical_reduced_form_positive_total_revenue,5000,0.0205808924740221,0.0282203459924198,0.0352467771617183,0.0437407916303946,0.0574774550514634,1.0,True,1.0,0.0,True,0.0,0.0,0.9632793529527102,0.9647532228382816,0.0,0.0,1.0132793529527102,1.0147532228382818,0.0,0.0,1.0632793529527105,1.0647532228382817,0.0,0.0,1.2132793529527102,1.2147532228382816,0.0,0.0,1.4632793529527102,1.4647532228382816,0.0
official_4c_tierB_mc_baseline_official_v3,deterministic-engine-v1_official-runner,baseline-official-v3,v1.0.1-official-4c,COL,UBI,UBI,,mid,r0,2034,support_valid,historical_reduced_form_positive_total_revenue,5000,0.0205808924740221,0.0282203459924198,0.0352467771617183,0.0437407916303946,0.0574774550514634,1.0,True,1.0,0.0,True,0.0,0.0,0.9632793529527102,0.9647532228382816,0.0,0.0,1.0132793529527102,1.0147532228382818,0.0,0.0,1.0632793529527105,1.0647532228382817,0.0,0.0,1.2132793529527102,1.2147532228382816,0.0,0.0,1.4632793529527102,1.4647532228382816,0.0
official_4c_tierB_mc_baseline_official_v3,deterministic-engine-v1_official-runner,baseline-official-v3,v1.0.1-official-4c,COL,UBI,UBI,,mid,r0,2034,all_draw,historical_reduced_form_mixture_total_revenue,5000,-0.0163251508656994,0.0256956774923152,0.0339208857172487,0.042647144540082,0.0570488138606471,0.9096,True,0.9096,0.0,True,0.0,0.0,0.9682457786342716,0.9660791142827512,0.0,0.0,1.0182457786342716,1.0160791142827512,0.0,0.0,1.0682457786342716,1.0660791142827517,0.0,0.0,1.2182457786342715,1.2160791142827514,0.0,0.0,1.4682457786342715,1.4660791142827514,0.0
official_4c_tierB_mc_baseline_official_v3,deterministic-engine-v1_official-runner,baseline-official-v3,v1.0.1-official-4c,COL,UBI,UBI,,mid,r0,2034,basic_valid,historical_reduced_form_mixture_total_revenue,5000,0.0200482353241587,0.0283473419469808,0.0353987890905762,0.0435673647752548,0.0575867691850274,0.9096,True,0.9096,0.0,True,0.0,0.0,0.963338727902202,0.9646012109094236,0.0,0.0,1.013338727902202,1.0146012109094238,0.0,0.0,1.0633387279022015,1.0646012109094238,0.0,0.0,1.213338727902202,1.2146012109094235,0.0,0.0,1.463338727902202,1.4646012109094235,0.0
official_4c_tierB_mc_baseline_official_v3,deterministic-engine-v1_official-runner,baseline-official-v3,v1.0.1-official-4c,COL,UBI,UBI,,mid,r0,2034,support_valid,historical_reduced_form_mixture_total_revenue,5000,0.0200482353241587,0.0283473419469808,0.0353987890905762,0.0435673647752548,0.0575867691850274,0.9096,True,0.9096,0.0,True,0.0,0.0,0.963338727902202,0.9646012109094236,0.0,0.0,1.013338727902202,1.0146012109094238,0.0,0.0,1.0633387279022015,1.0646012109094238,0.0,0.0,1.213338727902202,1.2146012109094235,0.0,0.0,1.463338727902202,1.4646012109094235,0.0
official_4c_tierB_mc_baseline_official_v3,deterministic-engine-v1_official-runner,baseline-official-v3,v1.0.1-official-4c,COL,PEN,PEN,,high,r0,2034,all_draw,historical_reduced_form_positive_tax,5000,0.1343489485952315,0.2584359236855454,0.3726382360633141,0.5040897396163719,0.7384020271067547,1.0,True,1.0,0.0014,True,0.0038,0.0,0.6080239254875048,0.6291346088286149,0.0024,0.0,0.6571292938227176,0.6782361361290015,0.0014,0.0,0.7064481411518925,0.7280429166121161,0.0002,0.0,0.8555646251328969,0.8773793036219764,0.0,0.0,1.1053920312531291,1.127361763936686,0.0038
official_4c_tierB_mc_baseline_official_v3,deterministic-engine-v1_official-runner,baseline-official-v3,v1.0.1-official-4c,COL,PEN,PEN,,high,r0,2034,basic_valid,historical_reduced_form_positive_tax,5000,0.1343489485952315,0.2584359236855454,0.3726382360633141,0.5040897396163719,0.7384020271067547,1.0,True,1.0,0.0014,True,0.0038,0.0,0.6080239254875048,0.6291346088286149,0.0024,0.0,0.6571292938227176,0.6782361361290015,0.0014,0.0,0.7064481411518925,0.7280429166121161,0.0002,0.0,0.8555646251328969,0.8773793036219764,0.0,0.0,1.1053920312531291,1.127361763936686,0.0038
official_4c_tierB_mc_baseline_official_v3,deterministic-engine-v1_official-runner,baseline-official-v3,v1.0.1-official-4c,COL,PEN,PEN,,high,r0,2034,support_valid,historical_reduced_form_positive_tax,5000,0.1343489485952315,0.2584359236855454,0.3726382360633141,0.5040897396163719,0.7384020271067547,1.0,True,1.0,0.0014,True,0.0038,0.0,0.6080239254875048,0.6291346088286149,0.0024,0.0,0.6571292938227176,0.6782361361290015,0.0014,0.0,0.7064481411518925,0.7280429166121161,0.0002,0.0,0.8555646251328969,0.8773793036219764,0.0,0.0,1.1053920312531291,1.127361763936686,0.0038
official_4c_tierB_mc_baseline_official_v3,deterministic-engine-v1_official-runner,baseline-official-v3,v1.0.1-official-4c,COL,PEN,PEN,,high,r0,2034,all_draw,historical_reduced_form_mixture_tax,5000,0.0645470460630457,0.2416080343473765,0.362723823540125,0.5019755108159508,0.7420937289215186,0.96,True,0.96,0.001,True,0.0046,0.0,0.6363177668071491,0.6384282089083424,0.0024,0.0,0.6848802124198847,0.6877369101968529,0.001,0.0,0.7338846362190942,0.7375165320938508,0.0002,0.0,0.8832716390747074,0.8874478049559555,0.0,0.0,1.1330941067524618,1.137276176459875,0.0046
official_4c_tierB_mc_baseline_official_v3,deterministic-engine-v1_official-runner,baseline-official-v3,v1.0.1-official-4c,COL,PEN,PEN,,high,r0,2034,basic_valid,historical_reduced_form_mixture_tax,5000,0.1327471105323883,0.254524770433914,0.37416177620361,0.507545677666389,0.7475389511142658,0.96,True,0.96,0.001,True,0.0047916666666666,0.0,0.6078197053059341,0.6274073570573815,0.0025,0.0,0.6563875744355995,0.6766242604704162,0.0010416666666666,0.0,0.7053920677292266,0.7259254014066554,0.0002083333333333,0.0,0.8547772724696244,0.8758559554355201,0.0,0.0,1.1045982792936615,1.12583822379639,0.0047916666666666
official_4c_tierB_mc_baseline_official_v3,deterministic-engine-v1_official-runner,baseline-official-v3,v1.0.1-official-4c,COL,PEN,PEN,,high,r0,2034,support_valid,historical_reduced_form_mixture_tax,5000,0.1327471105323883,0.254524770433914,0.37416177620361,0.507545677666389,0.7475389511142658,0.96,True,0.96,0.001,True,0.0047916666666666,0.0,0.6078197053059341,0.6274073570573815,0.0025,0.0,0.6563875744355995,0.6766242604704162,0.0010416666666666,0.0,0.7053920677292266,0.7259254014066554,0.0002083333333333,0.0,0.8547772724696244,0.8758559554355201,0.0,0.0,1.1045982792936615,1.12583822379639,0.0047916666666666
official_4c_tierB_mc_baseline_official_v3,deterministic-engine-v1_official-runner,baseline-official-v3,v1.0.1-official-4c,COL,PEN,PEN,,high,r0,2034,all_draw,historical_reduced_form_positive_total_revenue,5000,0.2780378817510363,0.463134042073554,0.6273423468644357,0.8125561577425527,1.131322994939855,1.0,True,1.0,0.0598,True,0.103,0.0,0.4035804548124672,0.4067035520364581,0.0816,0.0,0.443639957409805,0.4501289757441626,0.0598,0.0,0.4827670974113004,0.4914409771772848,0.0218,0.0,0.6113885958778199,0.6283863139128087,0.0048,0.0,0.8494171500127558,0.8744979889532529,0.103
official_4c_tierB_mc_baseline_official_v3,deterministic-engine-v1_official-runner,baseline-official-v3,v1.0.1-official-4c,COL,PEN,PEN,,high,r0,2034,basic_valid,historical_reduced_form_positive_total_revenue,5000,0.2780378817510363,0.463134042073554,0.6273423468644357,0.8125561577425527,1.131322994939855,1.0,True,1.0,0.0598,True,0.103,0.0,0.4035804548124672,0.4067035520364581,0.0816,0.0,0.443639957409805,0.4501289757441626,0.0598,0.0,0.4827670974113004,0.4914409771772848,0.0218,0.0,0.6113885958778199,0.6283863139128087,0.0048,0.0,0.8494171500127558,0.8744979889532529,0.103
official_4c_tierB_mc_baseline_official_v3,deterministic-engine-v1_official-runner,baseline-official-v3,v1.0.1-official-4c,COL,PEN,PEN,,high,r0,2034,support_valid,historical_reduced_form_positive_total_revenue,5000,0.2780378817510363,0.463134042073554,0.6273423468644357,0.8125561577425527,1.131322994939855,1.0,True,1.0,0.0598,True,0.103,0.0,0.4035804548124672,0.4067035520364581,0.0816,0.0,0.443639957409805,0.4501289757441626,0.0598,0.0,0.4827670974113004,0.4914409771772848,0.0218,0.0,0.6113885958778199,0.6283863139128087,0.0048,0.0,0.8494171500127558,0.8744979889532529,0.103
official_4c_tierB_mc_baseline_official_v3,deterministic-engine-v1_official-runner,baseline-official-v3,v1.0.1-official-4c,COL,PEN,PEN,,high,r0,2034,all_draw,historical_reduced_form_mixture_total_revenue,5000,-0.461688616412937,0.4057376974526004,0.5915249553112298,0.7812733650321945,1.12595337824999,0.909,True,0.909,0.057,True,0.092,0.0,0.5138578589850196,0.4398933456013294,0.0732,0.0,0.5529441530149621,0.4851479966871633,0.057,0.0,0.5930070586254222,0.5282201604023222,0.023,0.0,0.7201407418007542,0.6675125187576829,0.0042,0.0,0.9545756832943214,0.9096439904518564,0.092
official_4c_tierB_mc_baseline_official_v3,deterministic-engine-v1_official-runner,baseline-official-v3,v1.0.1-official-4c,COL,PEN,PEN,,high,r0,2034,basic_valid,historical_reduced_form_mixture_total_revenue,5000,0.2841553566955264,0.4642405991567596,0.626610315610982,0.8059919995667106,1.1418729881426075,0.909,True,0.909,0.057,True,0.1012101210121012,0.0,0.4054726308250166,0.4086442538172243,0.0805280528052805,0.0,0.445808619813242,0.4514347175448167,0.0627062706270627,0.0,0.4868472531800634,0.4962025119791931,0.0253025302530253,0.0,0.615706216890494,0.6316289389615031,0.0046204620462046,0.0,0.850745655227814,0.8746521332555488,0.1012101210121012
official_4c_tierB_mc_baseline_official_v3,deterministic-engine-v1_official-runner,baseline-official-v3,v1.0.1-official-4c,COL,PEN,PEN,,high,r0,2034,support_valid,historical_reduced_form_mixture_total_revenue,5000,0.2841553566955264,0.4642405991567596,0.626610315610982,0.8059919995667106,1.1418729881426075,0.909,True,0.909,0.057,True,0.1012101210121012,0.0,0.4054726308250166,0.4086442538172243,0.0805280528052805,0.0,0.445808619813242,0.4514347175448167,0.0627062706270627,0.0,0.4868472531800634,0.4962025119791931,0.0253025302530253,0.0,0.615706216890494,0.6316289389615031,0.0046204620462046,0.0,0.850745655227814,0.8746521332555488,0.1012101210121012
official_4c_tierB_mc_baseline_official_v3,deterministic-engine-v1_official-runner,baseline-official-v3,v1.0.1-official-4c,COL,GMI,GMI:GMI_ideal_aggregate,GMI_ideal_aggregate,high,r0,2034,all_draw,historical_reduced_form_positive_tax,5000,-0.025170166715989,0.0137844174743185,0.0487674352915954,0.0892054287437115,0.1566835490881907,1.0,True,1.0,0.0,True,0.0,0.0,0.94467757474562,0.9512325647084046,0.0,0.0,0.9946775747456202,1.0012325647084044,0.0,0.0,1.0446775747456205,1.0512325647084046,0.0,0.0,1.19467757474562,1.2012325647084046,0.0,0.0,1.44467757474562,1.4512325647084046,0.0
official_4c_tierB_mc_baseline_official_v3,deterministic-engine-v1_official-runner,baseline-official-v3,v1.0.1-official-4c,COL,GMI,GMI:GMI_ideal_aggregate,GMI_ideal_aggregate,high,r0,2034,basic_valid,historical_reduced_form_positive_tax,5000,-0.025170166715989,0.0137844174743185,0.0487674352915954,0.0892054287437115,0.1566835490881907,1.0,True,1.0,0.0,True,0.0,0.0,0.94467757474562,0.9512325647084046,0.0,0.0,0.9946775747456202,1.0012325647084044,0.0,0.0,1.0446775747456205,1.0512325647084046,0.0,0.0,1.19467757474562,1.2012325647084046,0.0,0.0,1.44467757474562,1.4512325647084046,0.0
official_4c_tierB_mc_baseline_official_v3,deterministic-engine-v1_official-runner,baseline-official-v3,v1.0.1-official-4c,COL,GMI,GMI:GMI_ideal_aggregate,GMI_ideal_aggregate,high,r0,2034,support_valid,historical_reduced_form_positive_tax,5000,-0.025170166715989,0.0137844174743185,0.0487674352915954,0.0892054287437115,0.1566835490881907,1.0,True,1.0,0.0,True,0.0,0.0,0.94467757474562,0.9512325647084046,0.0,0.0,0.9946775747456202,1.0012325647084044,0.0,0.0,1.0446775747456205,1.0512325647084046,0.0,0.0,1.19467757474562,1.2012325647084046,0.0,0.0,1.44467757474562,1.4512325647084046,0.0
official_4c_tierB_mc_baseline_official_v3,deterministic-engine-v1_official-runner,baseline-official-v3,v1.0.1-official-4c,COL,GMI,GMI:GMI_ideal_aggregate,GMI_ideal_aggregate,high,r0,2034,all_draw,historical_reduced_form_mixture_tax,5000,-0.0540640661202504,0.008397198262265,0.0437939945152731,0.0864448540695469,0.1568181269726948,0.9526,True,0.9526,0.0,True,0.0,0.0,0.9554189596071232,0.9562060054847268,0.0,0.0,1.0054189596071237,1.0062060054847268,0.0,0.0,1.0554189596071235,1.0562060054847269,0.0,0.0,1.2054189596071236,1.2062060054847268,0.0,0.0,1.4554189596071236,1.4562060054847268,0.0
official_4c_tierB_mc_baseline_official_v3,deterministic-engine-v1_official-runner,baseline-official-v3,v1.0.1-official-4c,COL,GMI,GMI:GMI_ideal_aggregate,GMI_ideal_aggregate,high,r0,2034,basic_valid,historical_reduced_form_mixture_tax,5000,-0.0257049357101639,0.0133959439120131,0.04729777544215,0.0888230915130094,0.1578094713246681,0.9526,True,0.9526,0.0,True,0.0,0.0,0.9451968217398372,0.95270222455785,0.0,0.0,0.9951968217398371,1.00270222455785,0.0,0.0,1.045196821739837,1.05270222455785,0.0,0.0,1.1951968217398374,1.20270222455785,0.0,0.0,1.4451968217398374,1.45270222455785,0.0
official_4c_tierB_mc_baseline_official_v3,deterministic-engine-v1_official-runner,baseline-official-v3,v1.0.1-official-4c,COL,GMI,GMI:GMI_ideal_aggregate,GMI_ideal_aggregate,high,r0,2034,support_valid,historical_reduced_form_mixture_tax,5000,-0.0257049357101639,0.0133959439120131,0.04729777544215,0.0888230915130094,0.1578094713246681,0.9526,True,0.9526,0.0,True,0.0,0.0,0.9451968217398372,0.95270222455785,0.0,0.0,0.9951968217398371,1.00270222455785,0.0,0.0,1.045196821739837,1.05270222455785,0.0,0.0,1.1951968217398374,1.20270222455785,0.0,0.0,1.4451968217398374,1.45270222455785,0.0
official_4c_tierB_mc_baseline_official_v3,deterministic-engine-v1_official-runner,baseline-official-v3,v1.0.1-official-4c,COL,GMI,GMI:GMI_ideal_aggregate,GMI_ideal_aggregate,high,r0,2034,all_draw,historical_reduced_form_positive_total_revenue,5000,0.0224643724156598,0.0759247669258582,0.124340314590294,0.1828056547773853,0.280480003691396,1.0,True,1.0,0.0,True,0.0,0.0,0.8653842157945634,0.875659685409706,0.0,0.0,0.9153842157945632,0.925659685409706,0.0,0.0,0.9653842157945636,0.975659685409706,0.0,0.0,1.1153842157945633,1.125659685409706,0.0,0.0,1.3653842157945633,1.375659685409706,0.0
official_4c_tierB_mc_baseline_official_v3,deterministic-engine-v1_official-runner,baseline-official-v3,v1.0.1-official-4c,COL,GMI,GMI:GMI_ideal_aggregate,GMI_ideal_aggregate,high,r0,2034,basic_valid,historical_reduced_form_positive_total_revenue,5000,0.0224643724156598,0.0759247669258582,0.124340314590294,0.1828056547773853,0.280480003691396,1.0,True,1.0,0.0,True,0.0,0.0,0.8653842157945634,0.875659685409706,0.0,0.0,0.9153842157945632,0.925659685409706,0.0,0.0,0.9653842157945636,0.975659685409706,0.0,0.0,1.1153842157945633,1.125659685409706,0.0,0.0,1.3653842157945633,1.375659685409706,0.0
official_4c_tierB_mc_baseline_official_v3,deterministic-engine-v1_official-runner,baseline-official-v3,v1.0.1-official-4c,COL,GMI,GMI:GMI_ideal_aggregate,GMI_ideal_aggregate,high,r0,2034,support_valid,historical_reduced_form_positive_total_revenue,5000,0.0224643724156598,0.0759247669258582,0.124340314590294,0.1828056547773853,0.280480003691396,1.0,True,1.0,0.0,True,0.0,0.0,0.8653842157945634,0.875659685409706,0.0,0.0,0.9153842157945632,0.925659685409706,0.0,0.0,0.9653842157945636,0.975659685409706,0.0,0.0,1.1153842157945633,1.125659685409706,0.0,0.0,1.3653842157945633,1.375659685409706,0.0
official_4c_tierB_mc_baseline_official_v3,deterministic-engine-v1_official-runner,baseline-official-v3,v1.0.1-official-4c,COL,GMI,GMI:GMI_ideal_aggregate,GMI_ideal_aggregate,high,r0,2034,all_draw,historical_reduced_form_mixture_total_revenue,5000,-0.2011297651576047,0.0598149761656615,0.1161276342469999,0.1768049230553637,0.2707061036920122,0.9144,True,0.9144,0.0,True,0.0,0.0,0.8960522659207971,0.8838723657530001,0.0,0.0,0.946052265920797,0.933872365753,0.0,0.0,0.9960522659207972,0.9838723657530002,0.0,0.0,1.146052265920797,1.133872365753,0.0,0.0,1.396052265920797,1.383872365753,0.0
official_4c_tierB_mc_baseline_official_v3,deterministic-engine-v1_official-runner,baseline-official-v3,v1.0.1-official-4c,COL,GMI,GMI:GMI_ideal_aggregate,GMI_ideal_aggregate,high,r0,2034,basic_valid,historical_reduced_form_mixture_total_revenue,5000,0.0206751614418689,0.0751705701799993,0.1249130270777579,0.183115323449986,0.2753917390537251,0.9144,True,0.9144,0.0,True,0.0,0.0,0.8664892707290068,0.8750869729222421,0.0,0.0,0.9164892707290068,0.9250869729222422,0.0,0.0,0.9664892707290068,0.9750869729222422,0.0,0.0,1.1164892707290068,1.125086972922242,0.0,0.0,1.3664892707290068,1.375086972922242,0.0
official_4c_tierB_mc_baseline_official_v3,deterministic-engine-v1_official-runner,baseline-official-v3,v1.0.1-official-4c,COL,GMI,GMI:GMI_ideal_aggregate,GMI_ideal_aggregate,high,r0,2034,support_valid,historical_reduced_form_mixture_total_revenue,5000,0.0206751614418689,0.0751705701799993,0.1249130270777579,0.183115323449986,0.2753917390537251,0.9144,True,0.9144,0.0,True,0.0,0.0,0.8664892707290068,0.8750869729222421,0.0,0.0,0.9164892707290068,0.9250869729222422,0.0,0.0,0.9664892707290068,0.9750869729222422,0.0,0.0,1.1164892707290068,1.125086972922242,0.0,0.0,1.3664892707290068,1.375086972922242,0.0
official_4c_tierB_mc_baseline_official_v3,deterministic-engine-v1_official-runner,baseline-official-v3,v1.0.1-official-4c,COL,GMI,GMI:GMI_loaded_aggregate,GMI_loaded_aggregate,high,r0,2034,all_draw,historical_reduced_form_positive_tax,5000,-0.0159010460111041,0.0094899717170048,0.0315264185787103,0.0594642046263274,0.105663886054619,1.0,True,1.0,0.0,True,0.0,0.0,0.9632734237219042,0.9684735814212896,0.0,0.0,1.0132734237219043,1.0184735814212895,0.0,0.0,1.0632734237219044,1.0684735814212898,0.0,0.0,1.213273423721904,1.2184735814212897,0.0,0.0,1.463273423721904,1.4684735814212897,0.0
official_4c_tierB_mc_baseline_official_v3,deterministic-engine-v1_official-runner,baseline-official-v3,v1.0.1-official-4c,COL,GMI,GMI:GMI_loaded_aggregate,GMI_loaded_aggregate,high,r0,2034,basic_valid,historical_reduced_form_positive_tax,5000,-0.0159010460111041,0.0094899717170048,0.0315264185787103,0.0594642046263274,0.105663886054619,1.0,True,1.0,0.0,True,0.0,0.0,0.9632734237219042,0.9684735814212896,0.0,0.0,1.0132734237219043,1.0184735814212895,0.0,0.0,1.0632734237219044,1.0684735814212898,0.0,0.0,1.213273423721904,1.2184735814212897,0.0,0.0,1.463273423721904,1.4684735814212897,0.0
official_4c_tierB_mc_baseline_official_v3,deterministic-engine-v1_official-runner,baseline-official-v3,v1.0.1-official-4c,COL,GMI,GMI:GMI_loaded_aggregate,GMI_loaded_aggregate,high,r0,2034,support_valid,historical_reduced_form_positive_tax,5000,-0.0159010460111041,0.0094899717170048,0.0315264185787103,0.0594642046263274,0.105663886054619,1.0,True,1.0,0.0,True,0.0,0.0,0.9632734237219042,0.9684735814212896,0.0,0.0,1.0132734237219043,1.0184735814212895,0.0,0.0,1.0632734237219044,1.0684735814212898,0.0,0.0,1.213273423721904,1.2184735814212897,0.0,0.0,1.463273423721904,1.4684735814212897,0.0
official_4c_tierB_mc_baseline_official_v3,deterministic-engine-v1_official-runner,baseline-official-v3,v1.0.1-official-4c,COL,GMI,GMI:GMI_loaded_aggregate,GMI_loaded_aggregate,high,r0,2034,all_draw,historical_reduced_form_mixture_tax,5000,-0.0294298122603301,0.0060207503581522,0.0302452397864234,0.05735158200336,0.1041540053351352,0.958,True,0.958,0.0,True,0.0,0.0,0.9695483350798116,0.9697547602135764,0.0,0.0,1.0195483350798116,1.0197547602135766,0.0,0.0,1.0695483350798114,1.0697547602135766,0.0,0.0,1.2195483350798115,1.2197547602135763,0.0,0.0,1.4695483350798115,1.4697547602135763,0.0
official_4c_tierB_mc_baseline_official_v3,deterministic-engine-v1_official-runner,baseline-official-v3,v1.0.1-official-4c,COL,GMI,GMI:GMI_loaded_aggregate,GMI_loaded_aggregate,high,r0,2034,basic_valid,historical_reduced_form_mixture_tax,5000,-0.017623381549313,0.0092651158668735,0.0321181519511375,0.0589344143377399,0.1052755841899064,0.958,True,0.958,0.0,True,0.0,0.0,0.963527197555018,0.9678818480488623,0.0,0.0,1.0135271975550182,1.0178818480488627,0.0,0.0,1.0635271975550185,1.0678818480488623,0.0,0.0,1.213527197555018,1.2178818480488625,0.0,0.0,1.463527197555018,1.4678818480488625,0.0
official_4c_tierB_mc_baseline_official_v3,deterministic-engine-v1_official-runner,baseline-official-v3,v1.0.1-official-4c,COL,GMI,GMI:GMI_loaded_aggregate,GMI_loaded_aggregate,high,r0,2034,support_valid,historical_reduced_form_mixture_tax,5000,-0.017623381549313,0.0092651158668735,0.0321181519511375,0.0589344143377399,0.1052755841899064,0.958,True,0.958,0.0,True,0.0,0.0,0.963527197555018,0.9678818480488623,0.0,0.0,1.0135271975550182,1.0178818480488627,0.0,0.0,1.0635271975550185,1.0678818480488623,0.0,0.0,1.213527197555018,1.2178818480488625,0.0,0.0,1.463527197555018,1.4678818480488625,0.0
official_4c_tierB_mc_baseline_official_v3,deterministic-engine-v1_official-runner,baseline-official-v3,v1.0.1-official-4c,COL,GMI,GMI:GMI_loaded_aggregate,GMI_loaded_aggregate,high,r0,2034,all_draw,historical_reduced_form_positive_total_revenue,5000,0.0145305788294781,0.0516706398965213,0.0832465762325855,0.1211587067471939,0.1881582313136141,1.0,True,1.0,0.0,True,0.0,0.0,0.9102972061643484,0.9167534237674144,0.0,0.0,0.9602972061643482,0.9667534237674144,0.0,0.0,1.0102972061643485,1.0167534237674145,0.0,0.0,1.1602972061643482,1.1667534237674144,0.0,0.0,1.4102972061643482,1.4167534237674144,0.0
official_4c_tierB_mc_baseline_official_v3,deterministic-engine-v1_official-runner,baseline-official-v3,v1.0.1-official-4c,COL,GMI,GMI:GMI_loaded_aggregate,GMI_loaded_aggregate,high,r0,2034,basic_valid,historical_reduced_form_positive_total_revenue,5000,0.0145305788294781,0.0516706398965213,0.0832465762325855,0.1211587067471939,0.1881582313136141,1.0,True,1.0,0.0,True,0.0,0.0,0.9102972061643484,0.9167534237674144,0.0,0.0,0.9602972061643482,0.9667534237674144,0.0,0.0,1.0102972061643485,1.0167534237674145,0.0,0.0,1.1602972061643482,1.1667534237674144,0.0,0.0,1.4102972061643482,1.4167534237674144,0.0
official_4c_tierB_mc_baseline_official_v3,deterministic-engine-v1_official-runner,baseline-official-v3,v1.0.1-official-4c,COL,GMI,GMI:GMI_loaded_aggregate,GMI_loaded_aggregate,high,r0,2034,support_valid,historical_reduced_form_positive_total_revenue,5000,0.0145305788294781,0.0516706398965213,0.0832465762325855,0.1211587067471939,0.1881582313136141,1.0,True,1.0,0.0,True,0.0,0.0,0.9102972061643484,0.9167534237674144,0.0,0.0,0.9602972061643482,0.9667534237674144,0.0,0.0,1.0102972061643485,1.0167534237674145,0.0,0.0,1.1602972061643482,1.1667534237674144,0.0,0.0,1.4102972061643482,1.4167534237674144,0.0
official_4c_tierB_mc_baseline_official_v3,deterministic-engine-v1_official-runner,baseline-official-v3,v1.0.1-official-4c,COL,GMI,GMI:GMI_loaded_aggregate,GMI_loaded_aggregate,high,r0,2034,all_draw,historical_reduced_form_mixture_total_revenue,5000,-0.1321126292344691,0.0399104263018535,0.0777539817928374,0.1174184684693213,0.1846436108540083,0.9142,True,0.9142,0.0,True,0.0,0.0,0.9296802812267236,0.9222460182071626,0.0,0.0,0.9796802812267236,0.9722460182071626,0.0,0.0,1.0296802812267234,1.0222460182071629,0.0,0.0,1.1796802812267233,1.1722460182071626,0.0,0.0,1.4296802812267235,1.4222460182071626,0.0
official_4c_tierB_mc_baseline_official_v3,deterministic-engine-v1_official-runner,baseline-official-v3,v1.0.1-official-4c,COL,GMI,GMI:GMI_loaded_aggregate,GMI_loaded_aggregate,high,r0,2034,basic_valid,historical_reduced_form_mixture_total_revenue,5000,0.0132855142586892,0.0506476808165241,0.0834997176626805,0.1223403161718927,0.1887920950336103,0.9142,True,0.9142,0.0,True,0.0,0.0,0.9100805857014456,0.9165002823373196,0.0,0.0,0.9600805857014456,0.9665002823373195,0.0,0.0,1.0100805857014454,1.0165002823373197,0.0,0.0,1.1600805857014451,1.1665002823373194,0.0,0.0,1.4100805857014451,1.4165002823373194,0.0
official_4c_tierB_mc_baseline_official_v3,deterministic-engine-v1_official-runner,baseline-official-v3,v1.0.1-official-4c,COL,GMI,GMI:GMI_loaded_aggregate,GMI_loaded_aggregate,high,r0,2034,support_valid,historical_reduced_form_mixture_total_revenue,5000,0.0132855142586892,0.0506476808165241,0.0834997176626805,0.1223403161718927,0.1887920950336103,0.9142,True,0.9142,0.0,True,0.0,0.0,0.9100805857014456,0.9165002823373196,0.0,0.0,0.9600805857014456,0.9665002823373195,0.0,0.0,1.0100805857014454,1.0165002823373197,0.0,0.0,1.1600805857014451,1.1665002823373194,0.0,0.0,1.4100805857014451,1.4165002823373194,0.0
official_4c_tierB_mc_baseline_official_v3,deterministic-engine-v1_official-runner,baseline-official-v3,v1.0.1-official-4c,COL,MUT,MUT,,high,r0,2034,all_draw,historical_reduced_form_positive_tax,5000,0.0367794601952969,0.0603503689992045,0.0826849212849517,0.1087050437450367,0.1523921536545063,1.0,True,1.0,0.0,True,0.0,0.0,0.9130475316796476,0.917315078715048,0.0,0.0,0.963047531679648,0.9673150787150482,0.0,0.0,1.0130475316796477,1.0173150787150482,0.0,0.0,1.1630475316796478,1.167315078715048,0.0,0.0,1.4130475316796478,1.417315078715048,0.0
official_4c_tierB_mc_baseline_official_v3,deterministic-engine-v1_official-runner,baseline-official-v3,v1.0.1-official-4c,COL,MUT,MUT,,high,r0,2034,basic_valid,historical_reduced_form_positive_tax,5000,0.0367794601952969,0.0603503689992045,0.0826849212849517,0.1087050437450367,0.1523921536545063,1.0,True,1.0,0.0,True,0.0,0.0,0.9130475316796476,0.917315078715048,0.0,0.0,0.963047531679648,0.9673150787150482,0.0,0.0,1.0130475316796477,1.0173150787150482,0.0,0.0,1.1630475316796478,1.167315078715048,0.0,0.0,1.4130475316796478,1.417315078715048,0.0
official_4c_tierB_mc_baseline_official_v3,deterministic-engine-v1_official-runner,baseline-official-v3,v1.0.1-official-4c,COL,MUT,MUT,,high,r0,2034,support_valid,historical_reduced_form_positive_tax,5000,0.0367794601952969,0.0603503689992045,0.0826849212849517,0.1087050437450367,0.1523921536545063,1.0,True,1.0,0.0,True,0.0,0.0,0.9130475316796476,0.917315078715048,0.0,0.0,0.963047531679648,0.9673150787150482,0.0,0.0,1.0130475316796477,1.0173150787150482,0.0,0.0,1.1630475316796478,1.167315078715048,0.0,0.0,1.4130475316796478,1.417315078715048,0.0
official_4c_tierB_mc_baseline_official_v3,deterministic-engine-v1_official-runner,baseline-official-v3,v1.0.1-official-4c,COL,MUT,MUT,,high,r0,2034,all_draw,historical_reduced_form_mixture_tax,5000,0.0197071264602638,0.0575108012253021,0.0810081830992907,0.1076148328483019,0.1520215477481697,0.9542,True,0.9542,0.0,True,0.0,0.0,0.91877775202069,0.9189918169007092,0.0,0.0,0.9687777520206904,0.9689918169007092,0.0,0.0,1.0187777520206902,1.0189918169007093,0.0,0.0,1.1687777520206903,1.1689918169007092,0.0,0.0,1.41877775202069,1.4189918169007092,0.0
official_4c_tierB_mc_baseline_official_v3,deterministic-engine-v1_official-runner,baseline-official-v3,v1.0.1-official-4c,COL,MUT,MUT,,high,r0,2034,basic_valid,historical_reduced_form_mixture_tax,5000,0.0368616016591332,0.0613014881778981,0.0829342563501683,0.10907477283766,0.1531227398330222,0.9542,True,0.9542,0.0,True,0.0,0.0,0.9125815572333495,0.9170657436498316,0.0,0.0,0.9625815572333494,0.9670657436498316,0.0,0.0,1.0125815572333496,1.0170657436498318,0.0,0.0,1.1625815572333495,1.1670657436498315,0.0,0.0,1.4125815572333495,1.4170657436498315,0.0
official_4c_tierB_mc_baseline_official_v3,deterministic-engine-v1_official-runner,baseline-official-v3,v1.0.1-official-4c,COL,MUT,MUT,,high,r0,2034,support_valid,historical_reduced_form_mixture_tax,5000,0.0368616016591332,0.0613014881778981,0.0829342563501683,0.10907477283766,0.1531227398330222,0.9542,True,0.9542,0.0,True,0.0,0.0,0.9125815572333495,0.9170657436498316,0.0,0.0,0.9625815572333494,0.9670657436498316,0.0,0.0,1.0125815572333496,1.0170657436498318,0.0,0.0,1.1625815572333495,1.1670657436498315,0.0,0.0,1.4125815572333495,1.4170657436498315,0.0
official_4c_tierB_mc_baseline_official_v3,deterministic-engine-v1_official-runner,baseline-official-v3,v1.0.1-official-4c,COL,MUT,MUT,,high,r0,2034,all_draw,historical_reduced_form_positive_total_revenue,5000,0.0666731010821953,0.1002827933580761,0.130941020177658,0.1676560180683108,0.2305213410069539,1.0,True,1.0,0.0,True,0.0,0.0,0.8627172552988254,0.8690589798223419,0.0,0.0,0.9127172552988252,0.919058979822342,0.0,0.0,0.9627172552988252,0.969058979822342,0.0,0.0,1.1127172552988254,1.1190589798223418,0.0,0.0,1.3627172552988254,1.3690589798223418,0.0
official_4c_tierB_mc_baseline_official_v3,deterministic-engine-v1_official-runner,baseline-official-v3,v1.0.1-official-4c,COL,MUT,MUT,,high,r0,2034,basic_valid,historical_reduced_form_positive_total_revenue,5000,0.0666731010821953,0.1002827933580761,0.130941020177658,0.1676560180683108,0.2305213410069539,1.0,True,1.0,0.0,True,0.0,0.0,0.8627172552988254,0.8690589798223419,0.0,0.0,0.9127172552988252,0.919058979822342,0.0,0.0,0.9627172552988252,0.969058979822342,0.0,0.0,1.1127172552988254,1.1190589798223418,0.0,0.0,1.3627172552988254,1.3690589798223418,0.0
official_4c_tierB_mc_baseline_official_v3,deterministic-engine-v1_official-runner,baseline-official-v3,v1.0.1-official-4c,COL,MUT,MUT,,high,r0,2034,support_valid,historical_reduced_form_positive_total_revenue,5000,0.0666731010821953,0.1002827933580761,0.130941020177658,0.1676560180683108,0.2305213410069539,1.0,True,1.0,0.0,True,0.0,0.0,0.8627172552988254,0.8690589798223419,0.0,0.0,0.9127172552988252,0.919058979822342,0.0,0.0,0.9627172552988252,0.969058979822342,0.0,0.0,1.1127172552988254,1.1190589798223418,0.0,0.0,1.3627172552988254,1.3690589798223418,0.0
official_4c_tierB_mc_baseline_official_v3,deterministic-engine-v1_official-runner,baseline-official-v3,v1.0.1-official-4c,COL,MUT,MUT,,high,r0,2034,all_draw,historical_reduced_form_mixture_total_revenue,5000,-0.0745114123572763,0.0900859773597438,0.1245603990645615,0.1618110899959309,0.2231233776392849,0.9148,True,0.9148,0.0,True,0.0,0.0,0.8822873079461416,0.8754396009354385,0.0,0.0,0.9322873079461416,0.9254396009354384,0.0,0.0,0.9822873079461418,0.9754396009354386,0.0,0.0,1.1322873079461415,1.1254396009354384,0.0,0.0,1.3822873079461415,1.3754396009354384,0.0
official_4c_tierB_mc_baseline_official_v3,deterministic-engine-v1_official-runner,baseline-official-v3,v1.0.1-official-4c,COL,MUT,MUT,,high,r0,2034,basic_valid,historical_reduced_form_mixture_total_revenue,5000,0.0655527265747344,0.1002333085575379,0.1307388495413989,0.1661261234682922,0.2266431339539546,0.9148,True,0.9148,0.0,True,0.0,0.0,0.86385484297596,0.869261150458601,0.0,0.0,0.91385484297596,0.919261150458601,0.0,0.0,0.96385484297596,0.9692611504586012,0.0,0.0,1.11385484297596,1.119261150458601,0.0,0.0,1.36385484297596,1.369261150458601,0.0
official_4c_tierB_mc_baseline_official_v3,deterministic-engine-v1_official-runner,baseline-official-v3,v1.0.1-official-4c,COL,MUT,MUT,,high,r0,2034,support_valid,historical_reduced_form_mixture_total_revenue,5000,0.0655527265747344,0.1002333085575379,0.1307388495413989,0.1661261234682922,0.2266431339539546,0.9148,True,0.9148,0.0,True,0.0,0.0,0.86385484297596,0.869261150458601,0.0,0.0,0.91385484297596,0.919261150458601,0.0,0.0,0.96385484297596,0.9692611504586012,0.0,0.0,1.11385484297596,1.119261150458601,0.0,0.0,1.36385484297596,1.369261150458601,0.0
official_4c_tierB_mc_baseline_official_v3,deterministic-engine-v1_official-runner,baseline-official-v3,v1.0.1-official-4c,COL,PBI,PBI,,high,r0,2034,all_draw,historical_reduced_form_positive_tax,5000,0.02795297857207,0.043324203017717,0.0568534546842081,0.0740939716620615,0.1023235409867376,1.0,True,1.0,0.0,True,0.0,0.0,0.9401238893504146,0.9431465453157918,0.0,0.0,0.9901238893504144,0.9931465453157918,0.0,0.0,1.0401238893504146,1.0431465453157918,0.0,0.0,1.1901238893504145,1.1931465453157917,0.0,0.0,1.4401238893504145,1.4431465453157917,0.0
official_4c_tierB_mc_baseline_official_v3,deterministic-engine-v1_official-runner,baseline-official-v3,v1.0.1-official-4c,COL,PBI,PBI,,high,r0,2034,basic_valid,historical_reduced_form_positive_tax,5000,0.02795297857207,0.043324203017717,0.0568534546842081,0.0740939716620615,0.1023235409867376,1.0,True,1.0,0.0,True,0.0,0.0,0.9401238893504146,0.9431465453157918,0.0,0.0,0.9901238893504144,0.9931465453157918,0.0,0.0,1.0401238893504146,1.0431465453157918,0.0,0.0,1.1901238893504145,1.1931465453157917,0.0,0.0,1.4401238893504145,1.4431465453157917,0.0
official_4c_tierB_mc_baseline_official_v3,deterministic-engine-v1_official-runner,baseline-official-v3,v1.0.1-official-4c,COL,PBI,PBI,,high,r0,2034,support_valid,historical_reduced_form_positive_tax,5000,0.02795297857207,0.043324203017717,0.0568534546842081,0.0740939716620615,0.1023235409867376,1.0,True,1.0,0.0,True,0.0,0.0,0.9401238893504146,0.9431465453157918,0.0,0.0,0.9901238893504144,0.9931465453157918,0.0,0.0,1.0401238893504146,1.0431465453157918,0.0,0.0,1.1901238893504145,1.1931465453157917,0.0,0.0,1.4401238893504145,1.4431465453157917,0.0
official_4c_tierB_mc_baseline_official_v3,deterministic-engine-v1_official-runner,baseline-official-v3,v1.0.1-official-4c,COL,PBI,PBI,,high,r0,2034,all_draw,historical_reduced_form_mixture_tax,5000,0.0145645018162089,0.0407108820641466,0.0552623800876791,0.072539340044555,0.100503145669896,0.9534,True,0.9534,0.0,True,0.0,0.0,0.9444402652364122,0.944737619912321,0.0,0.0,0.9944402652364124,0.994737619912321,0.0,0.0,1.0444402652364122,1.044737619912321,0.0,0.0,1.1944402652364123,1.194737619912321,0.0,0.0,1.4444402652364123,1.444737619912321,0.0
official_4c_tierB_mc_baseline_official_v3,deterministic-engine-v1_official-runner,baseline-official-v3,v1.0.1-official-4c,COL,PBI,PBI,,high,r0,2034,basic_valid,historical_reduced_form_mixture_tax,5000,0.0271165394083479,0.0431409409813233,0.0564801201634209,0.0736748584229792,0.1009853540689765,0.9534,True,0.9534,0.0,True,0.0,0.0,0.9403982369156504,0.943519879836579,0.0,0.0,0.9903982369156508,0.9935198798365792,0.0,0.0,1.0403982369156506,1.0435198798365792,0.0,0.0,1.1903982369156505,1.1935198798365791,0.0,0.0,1.4403982369156505,1.4435198798365791,0.0
official_4c_tierB_mc_baseline_official_v3,deterministic-engine-v1_official-runner,baseline-official-v3,v1.0.1-official-4c,COL,PBI,PBI,,high,r0,2034,support_valid,historical_reduced_form_mixture_tax,5000,0.0271165394083479,0.0431409409813233,0.0564801201634209,0.0736748584229792,0.1009853540689765,0.9534,True,0.9534,0.0,True,0.0,0.0,0.9403982369156504,0.943519879836579,0.0,0.0,0.9903982369156508,0.9935198798365792,0.0,0.0,1.0403982369156506,1.0435198798365792,0.0,0.0,1.1903982369156505,1.1935198798365791,0.0,0.0,1.4403982369156505,1.4435198798365791,0.0
official_4c_tierB_mc_baseline_official_v3,deterministic-engine-v1_official-runner,baseline-official-v3,v1.0.1-official-4c,COL,PBI,PBI,,high,r0,2034,all_draw,historical_reduced_form_positive_total_revenue,5000,0.0469908507789978,0.0681336148328447,0.0871645863366926,0.1109018457424223,0.1520025966659091,1.0,True,1.0,0.0,True,0.0,0.0,0.908388718044144,0.9128354136633072,0.0,0.0,0.9583887180441444,0.9628354136633072,0.0,0.0,1.0083887180441444,1.0128354136633075,0.0,0.0,1.158388718044144,1.1628354136633074,0.0,0.0,1.408388718044144,1.4128354136633074,0.0
official_4c_tierB_mc_baseline_official_v3,deterministic-engine-v1_official-runner,baseline-official-v3,v1.0.1-official-4c,COL,PBI,PBI,,high,r0,2034,basic_valid,historical_reduced_form_positive_total_revenue,5000,0.0469908507789978,0.0681336148328447,0.0871645863366926,0.1109018457424223,0.1520025966659091,1.0,True,1.0,0.0,True,0.0,0.0,0.908388718044144,0.9128354136633072,0.0,0.0,0.9583887180441444,0.9628354136633072,0.0,0.0,1.0083887180441444,1.0128354136633075,0.0,0.0,1.158388718044144,1.1628354136633074,0.0,0.0,1.408388718044144,1.4128354136633074,0.0
official_4c_tierB_mc_baseline_official_v3,deterministic-engine-v1_official-runner,baseline-official-v3,v1.0.1-official-4c,COL,PBI,PBI,,high,r0,2034,support_valid,historical_reduced_form_positive_total_revenue,5000,0.0469908507789978,0.0681336148328447,0.0871645863366926,0.1109018457424223,0.1520025966659091,1.0,True,1.0,0.0,True,0.0,0.0,0.908388718044144,0.9128354136633072,0.0,0.0,0.9583887180441444,0.9628354136633072,0.0,0.0,1.0083887180441444,1.0128354136633075,0.0,0.0,1.158388718044144,1.1628354136633074,0.0,0.0,1.408388718044144,1.4128354136633074,0.0
official_4c_tierB_mc_baseline_official_v3,deterministic-engine-v1_official-runner,baseline-official-v3,v1.0.1-official-4c,COL,PBI,PBI,,high,r0,2034,all_draw,historical_reduced_form_mixture_total_revenue,5000,-0.044040348746987,0.0617432849829521,0.0841179301967672,0.1088978211878811,0.1476523663029686,0.9152,True,0.9152,0.0,True,0.0,0.0,0.9203044666784752,0.9158820698032328,0.0,0.0,0.9703044666784754,0.9658820698032328,0.0,0.0,1.0203044666784753,1.015882069803233,0.0,0.0,1.1703044666784754,1.1658820698032328,0.0,0.0,1.4203044666784754,1.4158820698032328,0.0
official_4c_tierB_mc_baseline_official_v3,deterministic-engine-v1_official-runner,baseline-official-v3,v1.0.1-official-4c,COL,PBI,PBI,,high,r0,2034,basic_valid,historical_reduced_form_mixture_total_revenue,5000,0.046233176280137,0.0672882218186031,0.0876282602472169,0.1118244887085168,0.1498988774451094,0.9152,True,0.9152,0.0,True,0.0,0.0,0.9085351408050748,0.9123717397527832,0.0,0.0,0.9585351408050748,0.9623717397527832,0.0,0.0,1.008535140805075,1.0123717397527832,0.0,0.0,1.1585351408050748,1.162371739752783,0.0,0.0,1.4085351408050748,1.412371739752783,0.0
official_4c_tierB_mc_baseline_official_v3,deterministic-engine-v1_official-runner,baseline-official-v3,v1.0.1-official-4c,COL,PBI,PBI,,high,r0,2034,support_valid,historical_reduced_form_mixture_total_revenue,5000,0.046233176280137,0.0672882218186031,0.0876282602472169,0.1118244887085168,0.1498988774451094,0.9152,True,0.9152,0.0,True,0.0,0.0,0.9085351408050748,0.9123717397527832,0.0,0.0,0.9585351408050748,0.9623717397527832,0.0,0.0,1.008535140805075,1.0123717397527832,0.0,0.0,1.1585351408050748,1.162371739752783,0.0,0.0,1.4085351408050748,1.412371739752783,0.0
official_4c_tierB_mc_baseline_official_v3,deterministic-engine-v1_official-runner,baseline-official-v3,v1.0.1-official-4c,COL,UBI,UBI,,high,r0,2034,all_draw,historical_reduced_form_positive_tax,5000,0.0116056310271977,0.0176228771527246,0.0231426892710083,0.029559901992367,0.0403514824647465,1.0,True,1.0,0.0,True,0.0,0.0,0.975782481327376,0.9768573107289916,0.0,0.0,1.025782481327376,1.0268573107289918,0.0,0.0,1.075782481327376,1.0768573107289918,0.0,0.0,1.225782481327376,1.2268573107289915,0.0,0.0,1.475782481327376,1.4768573107289915,0.0
official_4c_tierB_mc_baseline_official_v3,deterministic-engine-v1_official-runner,baseline-official-v3,v1.0.1-official-4c,COL,UBI,UBI,,high,r0,2034,basic_valid,historical_reduced_form_positive_tax,5000,0.0116056310271977,0.0176228771527246,0.0231426892710083,0.029559901992367,0.0403514824647465,1.0,True,1.0,0.0,True,0.0,0.0,0.975782481327376,0.9768573107289916,0.0,0.0,1.025782481327376,1.0268573107289918,0.0,0.0,1.075782481327376,1.0768573107289918,0.0,0.0,1.225782481327376,1.2268573107289915,0.0,0.0,1.475782481327376,1.4768573107289915,0.0
official_4c_tierB_mc_baseline_official_v3,deterministic-engine-v1_official-runner,baseline-official-v3,v1.0.1-official-4c,COL,UBI,UBI,,high,r0,2034,support_valid,historical_reduced_form_positive_tax,5000,0.0116056310271977,0.0176228771527246,0.0231426892710083,0.029559901992367,0.0403514824647465,1.0,True,1.0,0.0,True,0.0,0.0,0.975782481327376,0.9768573107289916,0.0,0.0,1.025782481327376,1.0268573107289918,0.0,0.0,1.075782481327376,1.0768573107289918,0.0,0.0,1.225782481327376,1.2268573107289915,0.0,0.0,1.475782481327376,1.4768573107289915,0.0
official_4c_tierB_mc_baseline_official_v3,deterministic-engine-v1_official-runner,baseline-official-v3,v1.0.1-official-4c,COL,UBI,UBI,,high,r0,2034,all_draw,historical_reduced_form_mixture_tax,5000,0.0078974777460832,0.0168243017820778,0.0225966987419937,0.029374628429432,0.0404571510471378,0.9568,True,0.9568,0.0,True,0.0,0.0,0.9772295756006216,0.9774033012580062,0.0,0.0,1.0272295756006216,1.0274033012580062,0.0,0.0,1.0772295756006216,1.0774033012580062,0.0,0.0,1.2272295756006215,1.227403301258006,0.0,0.0,1.4772295756006215,1.477403301258006,0.0
official_4c_tierB_mc_baseline_official_v3,deterministic-engine-v1_official-runner,baseline-official-v3,v1.0.1-official-4c,COL,UBI,UBI,,high,r0,2034,basic_valid,historical_reduced_form_mixture_tax,5000,0.0116292680284621,0.0175988159066727,0.0231440474009637,0.0297446007553944,0.0407579341883425,0.9568,True,0.9568,0.0,True,0.0,0.0,0.97576029413958,0.9768559525990362,0.0,0.0,1.0257602941395805,1.0268559525990364,0.0,0.0,1.0757602941395803,1.0768559525990364,0.0,0.0,1.22576029413958,1.2268559525990363,0.0,0.0,1.47576029413958,1.4768559525990363,0.0
official_4c_tierB_mc_baseline_official_v3,deterministic-engine-v1_official-runner,baseline-official-v3,v1.0.1-official-4c,COL,UBI,UBI,,high,r0,2034,support_valid,historical_reduced_form_mixture_tax,5000,0.0116292680284621,0.0175988159066727,0.0231440474009637,0.0297446007553944,0.0407579341883425,0.9568,True,0.9568,0.0,True,0.0,0.0,0.97576029413958,0.9768559525990362,0.0,0.0,1.0257602941395805,1.0268559525990364,0.0,0.0,1.0757602941395803,1.0768559525990364,0.0,0.0,1.22576029413958,1.2268559525990363,0.0,0.0,1.47576029413958,1.4768559525990363,0.0
official_4c_tierB_mc_baseline_official_v3,deterministic-engine-v1_official-runner,baseline-official-v3,v1.0.1-official-4c,COL,UBI,UBI,,high,r0,2034,all_draw,historical_reduced_form_positive_total_revenue,5000,0.0189813699936488,0.0273081888503146,0.0349262472939859,0.0441061969533468,0.0588960346515504,1.0,True,1.0,0.0,True,0.0,0.0,0.9634474289130668,0.965073752706014,0.0,0.0,1.0134474289130668,1.015073752706014,0.0,0.0,1.0634474289130669,1.065073752706014,0.0,0.0,1.2134474289130668,1.215073752706014,0.0,0.0,1.4634474289130668,1.465073752706014,0.0
official_4c_tierB_mc_baseline_official_v3,deterministic-engine-v1_official-runner,baseline-official-v3,v1.0.1-official-4c,COL,UBI,UBI,,high,r0,2034,basic_valid,historical_reduced_form_positive_total_revenue,5000,0.0189813699936488,0.0273081888503146,0.0349262472939859,0.0441061969533468,0.0588960346515504,1.0,True,1.0,0.0,True,0.0,0.0,0.9634474289130668,0.965073752706014,0.0,0.0,1.0134474289130668,1.015073752706014,0.0,0.0,1.0634474289130669,1.065073752706014,0.0,0.0,1.2134474289130668,1.215073752706014,0.0,0.0,1.4634474289130668,1.465073752706014,0.0
official_4c_tierB_mc_baseline_official_v3,deterministic-engine-v1_official-runner,baseline-official-v3,v1.0.1-official-4c,COL,UBI,UBI,,high,r0,2034,support_valid,historical_reduced_form_positive_total_revenue,5000,0.0189813699936488,0.0273081888503146,0.0349262472939859,0.0441061969533468,0.0588960346515504,1.0,True,1.0,0.0,True,0.0,0.0,0.9634474289130668,0.965073752706014,0.0,0.0,1.0134474289130668,1.015073752706014,0.0,0.0,1.0634474289130669,1.065073752706014,0.0,0.0,1.2134474289130668,1.215073752706014,0.0,0.0,1.4634474289130668,1.465073752706014,0.0
official_4c_tierB_mc_baseline_official_v3,deterministic-engine-v1_official-runner,baseline-official-v3,v1.0.1-official-4c,COL,UBI,UBI,,high,r0,2034,all_draw,historical_reduced_form_mixture_total_revenue,5000,-0.0162869839363307,0.0249100793110988,0.0336817544781302,0.0432728254716036,0.0589009375006463,0.9098,True,0.9098,0.0,True,0.0,0.0,0.968268935021948,0.9663182455218696,0.0,0.0,1.0182689350219485,1.0163182455218698,0.0,0.0,1.068268935021948,1.0663182455218698,0.0,0.0,1.2182689350219482,1.2163182455218695,0.0,0.0,1.4682689350219482,1.4663182455218695,0.0
official_4c_tierB_mc_baseline_official_v3,deterministic-engine-v1_official-runner,baseline-official-v3,v1.0.1-official-4c,COL,UBI,UBI,,high,r0,2034,basic_valid,historical_reduced_form_mixture_total_revenue,5000,0.0188202465643769,0.0274069920328671,0.0352879526179036,0.0444467411838677,0.0597601130622503,0.9098,True,0.9098,0.0,True,0.0,0.0,0.9633858952157576,0.9647120473820964,0.0,0.0,1.0133858952157575,1.0147120473820963,0.0,0.0,1.0633858952157575,1.0647120473820966,0.0,0.0,1.2133858952157577,1.2147120473820965,0.0,0.0,1.4633858952157572,1.4647120473820965,0.0
official_4c_tierB_mc_baseline_official_v3,deterministic-engine-v1_official-runner,baseline-official-v3,v1.0.1-official-4c,COL,UBI,UBI,,high,r0,2034,support_valid,historical_reduced_form_mixture_total_revenue,5000,0.0188202465643769,0.0274069920328671,0.0352879526179036,0.0444467411838677,0.0597601130622503,0.9098,True,0.9098,0.0,True,0.0,0.0,0.9633858952157576,0.9647120473820964,0.0,0.0,1.0133858952157575,1.0147120473820963,0.0,0.0,1.0633858952157575,1.0647120473820966,0.0,0.0,1.2133858952157577,1.2147120473820965,0.0,0.0,1.4633858952157572,1.4647120473820965,0.0
official_4c_tierB_mc_baseline_official_v3,deterministic-engine-v1_official-runner,baseline-official-v3,v1.0.1-official-4c,COL,PEN,PEN,,stress,r0,2034,all_draw,historical_reduced_form_positive_tax,5000,1.0842540164757088,1.5163040890667587,1.88089273928454,2.331174843343974,3.0584098125512567,1.0,True,1.0,0.9466,True,0.9674,0.0934,0.119925168812645,0.0940596691325549,0.9584,0.083,0.13781672517453,0.1116971599518407,0.9466,0.075,0.1515972986266206,0.1253579651157569,0.8908,0.052,0.1817335684227454,0.1439587775808414,0.7612,0.0272,0.2621403222524367,0.2285485821582135,0.9674
official_4c_tierB_mc_baseline_official_v3,deterministic-engine-v1_official-runner,baseline-official-v3,v1.0.1-official-4c,COL,PEN,PEN,,stress,r0,2034,basic_valid,historical_reduced_form_positive_tax,5000,1.0842540164757088,1.5163040890667587,1.88089273928454,2.331174843343974,3.0584098125512567,1.0,True,1.0,0.9466,True,0.9674,0.0934,0.119925168812645,0.0940596691325549,0.9584,0.083,0.13781672517453,0.1116971599518407,0.9466,0.075,0.1515972986266206,0.1253579651157569,0.8908,0.052,0.1817335684227454,0.1439587775808414,0.7612,0.0272,0.2621403222524367,0.2285485821582135,0.9674
official_4c_tierB_mc_baseline_official_v3,deterministic-engine-v1_official-runner,baseline-official-v3,v1.0.1-official-4c,COL,PEN,PEN,,stress,r0,2034,support_valid,historical_reduced_form_positive_tax,5000,1.0842540164757088,1.5163040890667587,1.88089273928454,2.331174843343974,3.0584098125512567,1.0,True,1.0,0.9466,True,0.9674,0.0934,0.119925168812645,0.0940596691325549,0.9584,0.083,0.13781672517453,0.1116971599518407,0.9466,0.075,0.1515972986266206,0.1253579651157569,0.8908,0.052,0.1817335684227454,0.1439587775808414,0.7612,0.0272,0.2621403222524367,0.2285485821582135,0.9674
official_4c_tierB_mc_baseline_official_v3,deterministic-engine-v1_official-runner,baseline-official-v3,v1.0.1-official-4c,COL,PEN,PEN,,stress,r0,2034,all_draw,historical_reduced_form_mixture_tax,5000,0.7845505412839999,1.4707444570272417,1.8555571605997367,2.317235900158629,3.0346519063773645,0.9544,True,0.9544,0.9072,True,0.929,0.0886,1.1059429719268024,1.5694353512662325,0.9206,0.0774,1.0363120128566388,1.583502927220923,0.9072,0.0678,0.9330463355616904,0.483842182694419,0.8592,0.049,0.7383316028343205,0.2574596155654254,0.7312,0.0232,0.5734984470208505,0.2686055590616897,0.929
official_4c_tierB_mc_baseline_official_v3,deterministic-engine-v1_official-runner,baseline-official-v3,v1.0.1-official-4c,COL,PEN,PEN,,stress,r0,2034,basic_valid,historical_reduced_form_mixture_tax,5000,1.101491466948737,1.5202555638392303,1.89276193828306,2.340945477877732,3.056384305992276,0.9544,True,0.9544,0.9072,True,0.9733864207879296,0.0928331936295054,0.1315607201828343,0.1087165003532892,0.964585079631182,0.0810980720871751,0.1426883167650335,0.1225774584786807,0.950544844928751,0.0710393964794635,0.1450506615670739,0.1215379332726998,0.9002514668901928,0.0513411567476948,0.1825292118163167,0.1489967498900402,0.7661357921207042,0.0243084660519698,0.2516849186605988,0.2131983048240109,0.9733864207879296
official_4c_tierB_mc_baseline_official_v3,deterministic-engine-v1_official-runner,baseline-official-v3,v1.0.1-official-4c,COL,PEN,PEN,,stress,r0,2034,support_valid,historical_reduced_form_mixture_tax,5000,1.101491466948737,1.5202555638392303,1.89276193828306,2.340945477877732,3.056384305992276,0.9544,True,0.9544,0.9072,True,0.9733864207879296,0.0928331936295054,0.1315607201828343,0.1087165003532892,0.964585079631182,0.0810980720871751,0.1426883167650335,0.1225774584786807,0.950544844928751,0.0710393964794635,0.1450506615670739,0.1215379332726998,0.9002514668901928,0.0513411567476948,0.1825292118163167,0.1489967498900402,0.7661357921207042,0.0243084660519698,0.2516849186605988,0.2131983048240109,0.9733864207879296
official_4c_tierB_mc_baseline_official_v3,deterministic-engine-v1_official-runner,baseline-official-v3,v1.0.1-official-4c,COL,PEN,PEN,,stress,r0,2034,all_draw,historical_reduced_form_positive_total_revenue,5000,1.7025168744293435,2.297685503384884,2.804259688724612,3.40566231588082,4.45934766001613,1.0,True,1.0,0.9984,True,1.0,0.5034,0.0,0.0,0.9994,0.4796,0.0172145349862647,0.0145638679594415,0.9984,0.4552,0.0400278129386967,0.0361997555390737,0.9956,0.3886,0.1038113052159737,0.0889715017713828,0.9792,0.2858,0.1510965134243166,0.1180040035614781,1.0
official_4c_tierB_mc_baseline_official_v3,deterministic-engine-v1_official-runner,baseline-official-v3,v1.0.1-official-4c,COL,PEN,PEN,,stress,r0,2034,basic_valid,historical_reduced_form_positive_total_revenue,5000,1.7025168744293435,2.297685503384884,2.804259688724612,3.40566231588082,4.45934766001613,1.0,True,1.0,0.9984,True,1.0,0.5034,0.0,0.0,0.9994,0.4796,0.0172145349862647,0.0145638679594415,0.9984,0.4552,0.0400278129386967,0.0361997555390737,0.9956,0.3886,0.1038113052159737,0.0889715017713828,0.9792,0.2858,0.1510965134243166,0.1180040035614781,1.0
official_4c_tierB_mc_baseline_official_v3,deterministic-engine-v1_official-runner,baseline-official-v3,v1.0.1-official-4c,COL,PEN,PEN,,stress,r0,2034,support_valid,historical_reduced_form_positive_total_revenue,5000,1.7025168744293435,2.297685503384884,2.804259688724612,3.40566231588082,4.45934766001613,1.0,True,1.0,0.9984,True,1.0,0.5034,0.0,0.0,0.9994,0.4796,0.0172145349862647,0.0145638679594415,0.9984,0.4552,0.0400278129386967,0.0361997555390737,0.9956,0.3886,0.1038113052159737,0.0889715017713828,0.9792,0.2858,0.1510965134243166,0.1180040035614781,1.0
official_4c_tierB_mc_baseline_official_v3,deterministic-engine-v1_official-runner,baseline-official-v3,v1.0.1-official-4c,COL,PEN,PEN,,stress,r0,2034,all_draw,historical_reduced_form_mixture_total_revenue,5000,-1.1475602191133911,2.1592588601006755,2.732165571842541,3.352137761601831,4.323772930255806,0.916,True,0.916,0.915,True,0.9156,0.4704,2.2508093233793898,2.222281879050096,0.9154,0.4502,2.295382234641826,2.2713088089173787,0.915,0.4246,2.33453860273594,2.32101749047649,0.9118,0.3604,2.39633254142094,2.451790892124411,0.8972,0.2676,2.2837011387457933,2.637313331641886,0.9156
official_4c_tierB_mc_baseline_official_v3,deterministic-engine-v1_official-runner,baseline-official-v3,v1.0.1-official-4c,COL,PEN,PEN,,stress,r0,2034,basic_valid,historical_reduced_form_mixture_total_revenue,5000,1.7222072436278704,2.3049275770409903,2.8293896411301303,3.415524987450304,4.378952176782185,0.916,True,0.916,0.915,True,0.9995633187772924,0.5135371179039301,0.095297842946369,0.095297842946369,0.9993449781659388,0.4914847161572052,0.0985821577608324,0.0966726884789832,0.9989082969432316,0.4635371179039301,0.1055934765129313,0.0551507873897592,0.995414847161572,0.3934497816593886,0.1015100945916645,0.0594821661550641,0.9794759825327513,0.2921397379912663,0.1507600695226379,0.099582145279627,0.9995633187772924
official_4c_tierB_mc_baseline_official_v3,deterministic-engine-v1_official-runner,baseline-official-v3,v1.0.1-official-4c,COL,PEN,PEN,,stress,r0,2034,support_valid,historical_reduced_form_mixture_total_revenue,5000,1.7222072436278704,2.3049275770409903,2.8293896411301303,3.415524987450304,4.378952176782185,0.916,True,0.916,0.915,True,0.9995633187772924,0.5135371179039301,0.095297842946369,0.095297842946369,0.9993449781659388,0.4914847161572052,0.0985821577608324,0.0966726884789832,0.9989082969432316,0.4635371179039301,0.1055934765129313,0.0551507873897592,0.995414847161572,0.3934497816593886,0.1015100945916645,0.0594821661550641,0.9794759825327513,0.2921397379912663,0.1507600695226379,0.099582145279627,0.9995633187772924
official_4c_tierB_mc_baseline_official_v3,deterministic-engine-v1_official-runner,baseline-official-v3,v1.0.1-official-4c,COL,GMI,GMI:GMI_ideal_aggregate,GMI_ideal_aggregate,stress,r0,2034,all_draw,historical_reduced_form_positive_tax,5000,0.2697404311205691,0.3971720814470374,0.5110038803232251,0.6424805546344372,0.8610402988939182,1.0,True,1.0,0.0054,True,0.0162,0.0,0.4785174710120833,0.4940336783757747,0.0092,0.0,0.524976452052301,0.5409612348139492,0.0054,0.0,0.5728895049772862,0.5897943483464237,0.001,0.0,0.7201538538906963,0.7393040130026705,0.0,0.0,0.969409469701757,0.9889961196767748,0.0162
official_4c_tierB_mc_baseline_official_v3,deterministic-engine-v1_official-runner,baseline-official-v3,v1.0.1-official-4c,COL,GMI,GMI:GMI_ideal_aggregate,GMI_ideal_aggregate,stress,r0,2034,basic_valid,historical_reduced_form_positive_tax,5000,0.2697404311205691,0.3971720814470374,0.5110038803232251,0.6424805546344372,0.8610402988939182,1.0,True,1.0,0.0054,True,0.0162,0.0,0.4785174710120833,0.4940336783757747,0.0092,0.0,0.524976452052301,0.5409612348139492,0.0054,0.0,0.5728895049772862,0.5897943483464237,0.001,0.0,0.7201538538906963,0.7393040130026705,0.0,0.0,0.969409469701757,0.9889961196767748,0.0162
official_4c_tierB_mc_baseline_official_v3,deterministic-engine-v1_official-runner,baseline-official-v3,v1.0.1-official-4c,COL,GMI,GMI:GMI_ideal_aggregate,GMI_ideal_aggregate,stress,r0,2034,support_valid,historical_reduced_form_positive_tax,5000,0.2697404311205691,0.3971720814470374,0.5110038803232251,0.6424805546344372,0.8610402988939182,1.0,True,1.0,0.0054,True,0.0162,0.0,0.4785174710120833,0.4940336783757747,0.0092,0.0,0.524976452052301,0.5409612348139492,0.0054,0.0,0.5728895049772862,0.5897943483464237,0.001,0.0,0.7201538538906963,0.7393040130026705,0.0,0.0,0.969409469701757,0.9889961196767748,0.0162
official_4c_tierB_mc_baseline_official_v3,deterministic-engine-v1_official-runner,baseline-official-v3,v1.0.1-official-4c,COL,GMI,GMI:GMI_ideal_aggregate,GMI_ideal_aggregate,stress,r0,2034,all_draw,historical_reduced_form_mixture_tax,5000,0.1657537986838126,0.3823890341717708,0.4986495307469214,0.6355303786986634,0.8466051855730277,0.9542,True,0.9542,0.0064,True,0.0166,0.0,0.5162638533126576,0.505347806930028,0.01,0.0,0.5626349504054264,0.5540826128454126,0.0064,0.0,0.6105034564943934,0.6031252020319092,0.0006,0.0,0.7565751041315977,0.7516510247908057,0.0,0.0,1.0060818083452046,1.0013504692530786,0.0166
official_4c_tierB_mc_baseline_official_v3,deterministic-engine-v1_official-runner,baseline-official-v3,v1.0.1-official-4c,COL,GMI,GMI:GMI_ideal_aggregate,GMI_ideal_aggregate,stress,r0,2034,basic_valid,historical_reduced_form_mixture_tax,5000,0.267885905357743,0.4026164092609234,0.5087156571481383,0.6424765053770582,0.854826245129265,0.9542,True,0.9542,0.0064,True,0.0173967721651645,0.0,0.4798946607874558,0.4946792988698125,0.0104799832320268,0.0,0.5263439541495694,0.5430032866532449,0.0067071892684971,0.0,0.5742473042619546,0.59222245073899,0.0006287989939216,0.0,0.7203507966398593,0.7413603977320561,0.0,0.0,0.9698566012909828,0.9912843428518616,0.0173967721651645
official_4c_tierB_mc_baseline_official_v3,deterministic-engine-v1_official-runner,baseline-official-v3,v1.0.1-official-4c,COL,GMI,GMI:GMI_ideal_aggregate,GMI_ideal_aggregate,stress,r0,2034,support_valid,historical_reduced_form_mixture_tax,5000,0.267885905357743,0.4026164092609234,0.5087156571481383,0.6424765053770582,0.854826245129265,0.9542,True,0.9542,0.0064,True,0.0173967721651645,0.0,0.4798946607874558,0.4946792988698125,0.0104799832320268,0.0,0.5263439541495694,0.5430032866532449,0.0067071892684971,0.0,0.5742473042619546,0.59222245073899,0.0006287989939216,0.0,0.7203507966398593,0.7413603977320561,0.0,0.0,0.9698566012909828,0.9912843428518616,0.0173967721651645
official_4c_tierB_mc_baseline_official_v3,deterministic-engine-v1_official-runner,baseline-official-v3,v1.0.1-official-4c,COL,GMI,GMI:GMI_ideal_aggregate,GMI_ideal_aggregate,stress,r0,2034,all_draw,historical_reduced_form_positive_total_revenue,5000,0.454771956030711,0.6340364109024835,0.7845814095729875,0.9664189763657798,1.2746796259657684,1.0,True,1.0,0.1288,True,0.215,0.009,0.286516595077619,0.2734336488779912,0.1704,0.0064,0.3198741508517442,0.3126803272015678,0.1288,0.0048,0.3534848031249475,0.3517644430524428,0.0574,0.0012,0.4715757409482853,0.4817246730061061,0.0126,0.0,0.6958083447998389,0.7185452373928627,0.215
official_4c_tierB_mc_baseline_official_v3,deterministic-engine-v1_official-runner,baseline-official-v3,v1.0.1-official-4c,COL,GMI,GMI:GMI_ideal_aggregate,GMI_ideal_aggregate,stress,r0,2034,basic_valid,historical_reduced_form_positive_total_revenue,5000,0.454771956030711,0.6340364109024835,0.7845814095729875,0.9664189763657798,1.2746796259657684,1.0,True,1.0,0.1288,True,0.215,0.009,0.286516595077619,0.2734336488779912,0.1704,0.0064,0.3198741508517442,0.3126803272015678,0.1288,0.0048,0.3534848031249475,0.3517644430524428,0.0574,0.0012,0.4715757409482853,0.4817246730061061,0.0126,0.0,0.6958083447998389,0.7185452373928627,0.215
official_4c_tierB_mc_baseline_official_v3,deterministic-engine-v1_official-runner,baseline-official-v3,v1.0.1-official-4c,COL,GMI,GMI:GMI_ideal_aggregate,GMI_ideal_aggregate,stress,r0,2034,support_valid,historical_reduced_form_positive_total_revenue,5000,0.454771956030711,0.6340364109024835,0.7845814095729875,0.9664189763657798,1.2746796259657684,1.0,True,1.0,0.1288,True,0.215,0.009,0.286516595077619,0.2734336488779912,0.1704,0.0064,0.3198741508517442,0.3126803272015678,0.1288,0.0048,0.3534848031249475,0.3517644430524428,0.0574,0.0012,0.4715757409482853,0.4817246730061061,0.0126,0.0,0.6958083447998389,0.7185452373928627,0.215
official_4c_tierB_mc_baseline_official_v3,deterministic-engine-v1_official-runner,baseline-official-v3,v1.0.1-official-4c,COL,GMI,GMI:GMI_ideal_aggregate,GMI_ideal_aggregate,stress,r0,2034,all_draw,historical_reduced_form_mixture_total_revenue,5000,-0.4206082025422665,0.5760840818645798,0.7564652954299662,0.9439660171680052,1.262877760990042,0.9116,True,0.9116,0.1186,True,0.1972,0.0086,0.4164908702308726,0.3128402425000754,0.153,0.0056,0.4434653658001858,0.3488461750509051,0.1186,0.0036,0.4752271681699324,0.3872121065163765,0.0558,0.001,0.5895072881920667,0.5137559716489958,0.0106,0.0,0.8082589107744732,0.7476326017706147,0.1972
official_4c_tierB_mc_baseline_official_v3,deterministic-engine-v1_official-runner,baseline-official-v3,v1.0.1-official-4c,COL,GMI,GMI:GMI_ideal_aggregate,GMI_ideal_aggregate,stress,r0,2034,basic_valid,historical_reduced_form_mixture_total_revenue,5000,0.448343966286313,0.6268069957702131,0.786118829038313,0.9649008735442388,1.2820155398278663,0.9116,True,0.9116,0.1186,True,0.2163229486616937,0.0094339622641509,0.2889938840744186,0.2836131585381308,0.167836770513383,0.006143045195261,0.3207138478699941,0.3166201511762047,0.1301009214567793,0.0039491004826678,0.355767447902142,0.3550274001224323,0.0612110574813514,0.0010969723562966,0.4751240262589033,0.4826148460796379,0.0116279069767441,0.0,0.6965479761172964,0.7171813307926563,0.2163229486616937
official_4c_tierB_mc_baseline_official_v3,deterministic-engine-v1_official-runner,baseline-official-v3,v1.0.1-official-4c,COL,GMI,GMI:GMI_ideal_aggregate,GMI_ideal_aggregate,stress,r0,2034,support_valid,historical_reduced_form_mixture_total_revenue,5000,0.448343966286313,0.6268069957702131,0.786118829038313,0.9649008735442388,1.2820155398278663,0.9116,True,0.9116,0.1186,True,0.2163229486616937,0.0094339622641509,0.2889938840744186,0.2836131585381308,0.167836770513383,0.006143045195261,0.3207138478699941,0.3166201511762047,0.1301009214567793,0.0039491004826678,0.355767447902142,0.3550274001224323,0.0612110574813514,0.0010969723562966,0.4751240262589033,0.4826148460796379,0.0116279069767441,0.0,0.6965479761172964,0.7171813307926563,0.2163229486616937
official_4c_tierB_mc_baseline_official_v3,deterministic-engine-v1_official-runner,baseline-official-v3,v1.0.1-official-4c,COL,GMI,GMI:GMI_loaded_aggregate,GMI_loaded_aggregate,stress,r0,2034,all_draw,historical_reduced_form_positive_tax,5000,0.1772240372988784,0.265173939571087,0.3418694591137274,0.4237769353959739,0.5781202017119448,1.0,True,1.0,0.0,True,0.0,0.0,0.6456122254651524,0.6581305408862725,0.0,0.0,0.6956122254651526,0.7081305408862726,0.0,0.0,0.7456122254651525,0.7581305408862726,0.0,0.0,0.8956122254651524,0.9081305408862724,0.0,0.0,1.1456122254651524,1.1581305408862723,0.0
official_4c_tierB_mc_baseline_official_v3,deterministic-engine-v1_official-runner,baseline-official-v3,v1.0.1-official-4c,COL,GMI,GMI:GMI_loaded_aggregate,GMI_loaded_aggregate,stress,r0,2034,basic_valid,historical_reduced_form_positive_tax,5000,0.1772240372988784,0.265173939571087,0.3418694591137274,0.4237769353959739,0.5781202017119448,1.0,True,1.0,0.0,True,0.0,0.0,0.6456122254651524,0.6581305408862725,0.0,0.0,0.6956122254651526,0.7081305408862726,0.0,0.0,0.7456122254651525,0.7581305408862726,0.0,0.0,0.8956122254651524,0.9081305408862724,0.0,0.0,1.1456122254651524,1.1581305408862723,0.0
official_4c_tierB_mc_baseline_official_v3,deterministic-engine-v1_official-runner,baseline-official-v3,v1.0.1-official-4c,COL,GMI,GMI:GMI_loaded_aggregate,GMI_loaded_aggregate,stress,r0,2034,support_valid,historical_reduced_form_positive_tax,5000,0.1772240372988784,0.265173939571087,0.3418694591137274,0.4237769353959739,0.5781202017119448,1.0,True,1.0,0.0,True,0.0,0.0,0.6456122254651524,0.6581305408862725,0.0,0.0,0.6956122254651526,0.7081305408862726,0.0,0.0,0.7456122254651525,0.7581305408862726,0.0,0.0,0.8956122254651524,0.9081305408862724,0.0,0.0,1.1456122254651524,1.1581305408862723,0.0
official_4c_tierB_mc_baseline_official_v3,deterministic-engine-v1_official-runner,baseline-official-v3,v1.0.1-official-4c,COL,GMI,GMI:GMI_loaded_aggregate,GMI_loaded_aggregate,stress,r0,2034,all_draw,historical_reduced_form_mixture_tax,5000,0.1269695320416886,0.2536434740222958,0.3313316864789928,0.4237033708540188,0.5774357347358918,0.958,True,0.958,0.0,True,0.0,0.0,0.6683835030281617,0.6686683135210072,0.0,0.0,0.718383503028162,0.7186683135210072,0.0,0.0,0.7683835030281619,0.7686683135210073,0.0,0.0,0.9183835030281616,0.9186683135210072,0.0,0.0,1.1683835030281615,1.1686683135210072,0.0
official_4c_tierB_mc_baseline_official_v3,deterministic-engine-v1_official-runner,baseline-official-v3,v1.0.1-official-4c,COL,GMI,GMI:GMI_loaded_aggregate,GMI_loaded_aggregate,stress,r0,2034,basic_valid,historical_reduced_form_mixture_tax,5000,0.1814655592328678,0.2642013595560679,0.337390581130469,0.428367207370474,0.5801129308970688,0.958,True,0.958,0.0,True,0.0,0.0,0.6463204276846712,0.662609418869531,0.0,0.0,0.6963204276846713,0.712609418869531,0.0,0.0,0.7463204276846713,0.762609418869531,0.0,0.0,0.8963204276846714,0.912609418869531,0.0,0.0,1.1463204276846712,1.1626094188695308,0.0
official_4c_tierB_mc_baseline_official_v3,deterministic-engine-v1_official-runner,baseline-official-v3,v1.0.1-official-4c,COL,GMI,GMI:GMI_loaded_aggregate,GMI_loaded_aggregate,stress,r0,2034,support_valid,historical_reduced_form_mixture_tax,5000,0.1814655592328678,0.2642013595560679,0.337390581130469,0.428367207370474,0.5801129308970688,0.958,True,0.958,0.0,True,0.0,0.0,0.6463204276846712,0.662609418869531,0.0,0.0,0.6963204276846713,0.712609418869531,0.0,0.0,0.7463204276846713,0.762609418869531,0.0,0.0,0.8963204276846714,0.912609418869531,0.0,0.0,1.1463204276846712,1.1626094188695308,0.0
official_4c_tierB_mc_baseline_official_v3,deterministic-engine-v1_official-runner,baseline-official-v3,v1.0.1-official-4c,COL,GMI,GMI:GMI_loaded_aggregate,GMI_loaded_aggregate,stress,r0,2034,all_draw,historical_reduced_form_positive_total_revenue,5000,0.3030909147433983,0.4239950046835173,0.5287069724097968,0.6491895816858559,0.8638480347587855,1.0,True,1.0,0.0044,True,0.0144,0.0002,0.4612621475895968,0.4752097465235376,0.0084,0.0002,0.5083199983888738,0.5237087076021636,0.0044,0.0,0.5561877349968931,0.5725488189786927,0.0012,0.0,0.7042209224905954,0.7218768390681201,0.0,0.0,0.9532896486744532,0.9712930275902032,0.0144
official_4c_tierB_mc_baseline_official_v3,deterministic-engine-v1_official-runner,baseline-official-v3,v1.0.1-official-4c,COL,GMI,GMI:GMI_loaded_aggregate,GMI_loaded_aggregate,stress,r0,2034,basic_valid,historical_reduced_form_positive_total_revenue,5000,0.3030909147433983,0.4239950046835173,0.5287069724097968,0.6491895816858559,0.8638480347587855,1.0,True,1.0,0.0044,True,0.0144,0.0002,0.4612621475895968,0.4752097465235376,0.0084,0.0002,0.5083199983888738,0.5237087076021636,0.0044,0.0,0.5561877349968931,0.5725488189786927,0.0012,0.0,0.7042209224905954,0.7218768390681201,0.0,0.0,0.9532896486744532,0.9712930275902032,0.0144
official_4c_tierB_mc_baseline_official_v3,deterministic-engine-v1_official-runner,baseline-official-v3,v1.0.1-official-4c,COL,GMI,GMI:GMI_loaded_aggregate,GMI_loaded_aggregate,stress,r0,2034,support_valid,historical_reduced_form_positive_total_revenue,5000,0.3030909147433983,0.4239950046835173,0.5287069724097968,0.6491895816858559,0.8638480347587855,1.0,True,1.0,0.0044,True,0.0144,0.0002,0.4612621475895968,0.4752097465235376,0.0084,0.0002,0.5083199983888738,0.5237087076021636,0.0044,0.0,0.5561877349968931,0.5725488189786927,0.0012,0.0,0.7042209224905954,0.7218768390681201,0.0,0.0,0.9532896486744532,0.9712930275902032,0.0144
official_4c_tierB_mc_baseline_official_v3,deterministic-engine-v1_official-runner,baseline-official-v3,v1.0.1-official-4c,COL,GMI,GMI:GMI_loaded_aggregate,GMI_loaded_aggregate,stress,r0,2034,all_draw,historical_reduced_form_mixture_total_revenue,5000,-0.2796590510292594,0.3884931221960818,0.5041817779744111,0.6307290825260936,0.8370930519282347,0.9078,True,0.9078,0.0044,True,0.0114,0.0002,0.539891533003722,0.498103520483917,0.007,0.0002,0.5873944051206171,0.5477987393432469,0.0044,0.0,0.635800748633637,0.5970921162779039,0.0006,0.0,0.7831512915326093,0.7458525727308778,0.0,0.0,1.032634834686465,0.9958182220255888,0.0114
official_4c_tierB_mc_baseline_official_v3,deterministic-engine-v1_official-runner,baseline-official-v3,v1.0.1-official-4c,COL,GMI,GMI:GMI_loaded_aggregate,GMI_loaded_aggregate,stress,r0,2034,basic_valid,historical_reduced_form_mixture_total_revenue,5000,0.3038111272441579,0.4246697812565035,0.5261910010694333,0.6440182165847836,0.8496859299652613,0.9078,True,0.9078,0.0044,True,0.0125578321216126,0.0002203128442388,0.4623074767198863,0.4761124645336162,0.0077109495483586,0.0002203128442388,0.5099337221236674,0.5251344928615638,0.004846882573254,0.0,0.5584003519414165,0.5747542556969581,0.0006609385327164,0.0,0.7058058348345639,0.7239033506164146,0.0,0.0,0.955288045043723,0.9738089989305668,0.0125578321216126
official_4c_tierB_mc_baseline_official_v3,deterministic-engine-v1_official-runner,baseline-official-v3,v1.0.1-official-4c,COL,GMI,GMI:GMI_loaded_aggregate,GMI_loaded_aggregate,stress,r0,2034,support_valid,historical_reduced_form_mixture_total_revenue,5000,0.3038111272441579,0.4246697812565035,0.5261910010694333,0.6440182165847836,0.8496859299652613,0.9078,True,0.9078,0.0044,True,0.0125578321216126,0.0002203128442388,0.4623074767198863,0.4761124645336162,0.0077109495483586,0.0002203128442388,0.5099337221236674,0.5251344928615638,0.004846882573254,0.0,0.5584003519414165,0.5747542556969581,0.0006609385327164,0.0,0.7058058348345639,0.7239033506164146,0.0,0.0,0.955288045043723,0.9738089989305668,0.0125578321216126
official_4c_tierB_mc_baseline_official_v3,deterministic-engine-v1_official-runner,baseline-official-v3,v1.0.1-official-4c,COL,MUT,MUT,,stress,r0,2034,all_draw,historical_reduced_form_positive_tax,5000,0.2248350865182991,0.3020987695610387,0.3727264566196789,0.4538675646186931,0.5955154919015173,1.0,True,1.0,0.0,True,0.0,0.0,0.6136327997850524,0.627273543380321,0.0,0.0,0.6636327997850523,0.6772735433803211,0.0,0.0,0.7136327997850523,0.7272735433803211,0.0,0.0,0.8636327997850524,0.877273543380321,0.0,0.0,1.1136327997850524,1.127273543380321,0.0
official_4c_tierB_mc_baseline_official_v3,deterministic-engine-v1_official-runner,baseline-official-v3,v1.0.1-official-4c,COL,MUT,MUT,,stress,r0,2034,basic_valid,historical_reduced_form_positive_tax,5000,0.2248350865182991,0.3020987695610387,0.3727264566196789,0.4538675646186931,0.5955154919015173,1.0,True,1.0,0.0,True,0.0,0.0,0.6136327997850524,0.627273543380321,0.0,0.0,0.6636327997850523,0.6772735433803211,0.0,0.0,0.7136327997850523,0.7272735433803211,0.0,0.0,0.8636327997850524,0.877273543380321,0.0,0.0,1.1136327997850524,1.127273543380321,0.0
official_4c_tierB_mc_baseline_official_v3,deterministic-engine-v1_official-runner,baseline-official-v3,v1.0.1-official-4c,COL,MUT,MUT,,stress,r0,2034,support_valid,historical_reduced_form_positive_tax,5000,0.2248350865182991,0.3020987695610387,0.3727264566196789,0.4538675646186931,0.5955154919015173,1.0,True,1.0,0.0,True,0.0,0.0,0.6136327997850524,0.627273543380321,0.0,0.0,0.6636327997850523,0.6772735433803211,0.0,0.0,0.7136327997850523,0.7272735433803211,0.0,0.0,0.8636327997850524,0.877273543380321,0.0,0.0,1.1136327997850524,1.127273543380321,0.0
official_4c_tierB_mc_baseline_official_v3,deterministic-engine-v1_official-runner,baseline-official-v3,v1.0.1-official-4c,COL,MUT,MUT,,stress,r0,2034,all_draw,historical_reduced_form_mixture_tax,5000,0.1748289716072573,0.290888276479153,0.3658686808336835,0.4494256001998153,0.5844918656352753,0.9568,True,0.9568,0.0,True,0.0002,0.0,0.6360312165029338,0.6341438631445795,0.0,0.0,0.6859037329182174,0.6841313191663165,0.0,0.0,0.7359037329182175,0.7341313191663166,0.0,0.0,0.8859037329182174,0.8841313191663165,0.0,0.0,1.1359037329182171,1.1341313191663165,0.0002
official_4c_tierB_mc_baseline_official_v3,deterministic-engine-v1_official-runner,baseline-official-v3,v1.0.1-official-4c,COL,MUT,MUT,,stress,r0,2034,basic_valid,historical_reduced_form_mixture_tax,5000,0.2244652964456943,0.3015419143957425,0.3719956782228129,0.4538735508187542,0.5873818720303151,0.9568,True,0.9568,0.0,True,0.0002090301003344,0.0,0.6145601298394827,0.6281367765269554,0.0,0.0,0.664431378410361,0.6780043217771871,0.0,0.0,0.714431378410361,0.7280043217771871,0.0,0.0,0.8644313784103611,0.878004321777187,0.0,0.0,1.114431378410361,1.128004321777187,0.0002090301003344
official_4c_tierB_mc_baseline_official_v3,deterministic-engine-v1_official-runner,baseline-official-v3,v1.0.1-official-4c,COL,MUT,MUT,,stress,r0,2034,support_valid,historical_reduced_form_mixture_tax,5000,0.2244652964456943,0.3015419143957425,0.3719956782228129,0.4538735508187542,0.5873818720303151,0.9568,True,0.9568,0.0,True,0.0002090301003344,0.0,0.6145601298394827,0.6281367765269554,0.0,0.0,0.664431378410361,0.6780043217771871,0.0,0.0,0.714431378410361,0.7280043217771871,0.0,0.0,0.8644313784103611,0.878004321777187,0.0,0.0,1.114431378410361,1.128004321777187,0.0002090301003344
official_4c_tierB_mc_baseline_official_v3,deterministic-engine-v1_official-runner,baseline-official-v3,v1.0.1-official-4c,COL,MUT,MUT,,stress,r0,2034,all_draw,historical_reduced_form_positive_total_revenue,5000,0.3395339773280278,0.4530604663251023,0.5485378588864329,0.6672003916327356,0.8517115524300595,1.0,True,1.0,0.0036,True,0.0094,0.0002,0.4378638653820036,0.4528259716673051,0.0058,0.0,0.4861940634595861,0.5022465192730552,0.0036,0.0,0.535083785587954,0.5519870886694096,0.0006,0.0,0.6833316905385067,0.7015120970346813,0.0,0.0,0.9328725535949434,0.9514621411135672,0.0094
official_4c_tierB_mc_baseline_official_v3,deterministic-engine-v1_official-runner,baseline-official-v3,v1.0.1-official-4c,COL,MUT,MUT,,stress,r0,2034,basic_valid,historical_reduced_form_positive_total_revenue,5000,0.3395339773280278,0.4530604663251023,0.5485378588864329,0.6672003916327356,0.8517115524300595,1.0,True,1.0,0.0036,True,0.0094,0.0002,0.4378638653820036,0.4528259716673051,0.0058,0.0,0.4861940634595861,0.5022465192730552,0.0036,0.0,0.535083785587954,0.5519870886694096,0.0006,0.0,0.6833316905385067,0.7015120970346813,0.0,0.0,0.9328725535949434,0.9514621411135672,0.0094
official_4c_tierB_mc_baseline_official_v3,deterministic-engine-v1_official-runner,baseline-official-v3,v1.0.1-official-4c,COL,MUT,MUT,,stress,r0,2034,support_valid,historical_reduced_form_positive_total_revenue,5000,0.3395339773280278,0.4530604663251023,0.5485378588864329,0.6672003916327356,0.8517115524300595,1.0,True,1.0,0.0036,True,0.0094,0.0002,0.4378638653820036,0.4528259716673051,0.0058,0.0,0.4861940634595861,0.5022465192730552,0.0036,0.0,0.535083785587954,0.5519870886694096,0.0006,0.0,0.6833316905385067,0.7015120970346813,0.0,0.0,0.9328725535949434,0.9514621411135672,0.0094
official_4c_tierB_mc_baseline_official_v3,deterministic-engine-v1_official-runner,baseline-official-v3,v1.0.1-official-4c,COL,MUT,MUT,,stress,r0,2034,all_draw,historical_reduced_form_mixture_total_revenue,5000,-0.2178766386684282,0.4201448432209225,0.5290844132902657,0.6476907119182969,0.8340215245988725,0.9082,True,0.9082,0.0036,True,0.0124,0.0,0.51373248074966,0.4728845729906434,0.0062,0.0,0.5604115169951333,0.5219334453553016,0.0036,0.0,0.6089038745240162,0.5713816186313623,0.0006,0.0,0.7569286405515605,0.7209763673835266,0.0,0.0,1.0064533293681506,0.9709155867097344,0.0124
official_4c_tierB_mc_baseline_official_v3,deterministic-engine-v1_official-runner,baseline-official-v3,v1.0.1-official-4c,COL,MUT,MUT,,stress,r0,2034,basic_valid,historical_reduced_form_mixture_total_revenue,5000,0.3373691437388565,0.4542937091312632,0.5489700681011865,0.6600991241599898,0.8500521761295247,0.9082,True,0.9082,0.0036,True,0.0136533803127064,0.0,0.4406166328403951,0.4536532122795962,0.0068266901563532,0.0,0.4874602519953714,0.5022930871917628,0.0039638846069147,0.0,0.5360092883990619,0.5516759946270832,0.0006606474344857,0.0,0.684075214937518,0.7010767517365961,0.0,0.0,0.9335999901764064,0.9510299318988136,0.0136533803127064
official_4c_tierB_mc_baseline_official_v3,deterministic-engine-v1_official-runner,baseline-official-v3,v1.0.1-official-4c,COL,MUT,MUT,,stress,r0,2034,support_valid,historical_reduced_form_mixture_total_revenue,5000,0.3373691437388565,0.4542937091312632,0.5489700681011865,0.6600991241599898,0.8500521761295247,0.9082,True,0.9082,0.0036,True,0.0136533803127064,0.0,0.4406166328403951,0.4536532122795962,0.0068266901563532,0.0,0.4874602519953714,0.5022930871917628,0.0039638846069147,0.0,0.5360092883990619,0.5516759946270832,0.0006606474344857,0.0,0.684075214937518,0.7010767517365961,0.0,0.0,0.9335999901764064,0.9510299318988136,0.0136533803127064
official_4c_tierB_mc_baseline_official_v3,deterministic-engine-v1_official-runner,baseline-official-v3,v1.0.1-official-4c,COL,PBI,PBI,,stress,r0,2034,all_draw,historical_reduced_form_positive_tax,5000,0.1443662252560587,0.1975695394678524,0.2422374433060185,0.2961212829100551,0.3834933713193275,1.0,True,1.0,0.0,True,0.0,0.0,0.7493727074186248,0.7577625566939814,0.0,0.0,0.799372707418625,0.8077625566939814,0.0,0.0,0.849372707418625,0.8577625566939815,0.0,0.0,0.9993727074186248,1.0077625566939816,0.0,0.0,1.249372707418625,1.2577625566939816,0.0
official_4c_tierB_mc_baseline_official_v3,deterministic-engine-v1_official-runner,baseline-official-v3,v1.0.1-official-4c,COL,PBI,PBI,,stress,r0,2034,basic_valid,historical_reduced_form_positive_tax,5000,0.1443662252560587,0.1975695394678524,0.2422374433060185,0.2961212829100551,0.3834933713193275,1.0,True,1.0,0.0,True,0.0,0.0,0.7493727074186248,0.7577625566939814,0.0,0.0,0.799372707418625,0.8077625566939814,0.0,0.0,0.849372707418625,0.8577625566939815,0.0,0.0,0.9993727074186248,1.0077625566939816,0.0,0.0,1.249372707418625,1.2577625566939816,0.0
official_4c_tierB_mc_baseline_official_v3,deterministic-engine-v1_official-runner,baseline-official-v3,v1.0.1-official-4c,COL,PBI,PBI,,stress,r0,2034,support_valid,historical_reduced_form_positive_tax,5000,0.1443662252560587,0.1975695394678524,0.2422374433060185,0.2961212829100551,0.3834933713193275,1.0,True,1.0,0.0,True,0.0,0.0,0.7493727074186248,0.7577625566939814,0.0,0.0,0.799372707418625,0.8077625566939814,0.0,0.0,0.849372707418625,0.8577625566939815,0.0,0.0,0.9993727074186248,1.0077625566939816,0.0,0.0,1.249372707418625,1.2577625566939816,0.0
official_4c_tierB_mc_baseline_official_v3,deterministic-engine-v1_official-runner,baseline-official-v3,v1.0.1-official-4c,COL,PBI,PBI,,stress,r0,2034,all_draw,historical_reduced_form_mixture_tax,5000,0.1098209500312667,0.1927192407541431,0.2393061248837887,0.2917250678457561,0.3827735258274677,0.9572,True,0.9572,0.0,True,0.0,0.0,0.7626645787595927,0.7606938751162113,0.0,0.0,0.8126645787595926,0.8106938751162114,0.0,0.0,0.8626645787595928,0.8606938751162114,0.0,0.0,1.0126645787595925,1.0106938751162111,0.0,0.0,1.2626645787595925,1.2606938751162111,0.0
official_4c_tierB_mc_baseline_official_v3,deterministic-engine-v1_official-runner,baseline-official-v3,v1.0.1-official-4c,COL,PBI,PBI,,stress,r0,2034,basic_valid,historical_reduced_form_mixture_tax,5000,0.1449632987943808,0.1991323847899144,0.2432289110605585,0.2939966754321135,0.3854441436609698,0.9572,True,0.9572,0.0,True,0.0,0.0,0.7491090741488091,0.7567710889394416,0.0,0.0,0.799109074148809,0.8067710889394416,0.0,0.0,0.8491090741488091,0.8567710889394416,0.0,0.0,0.9991090741488088,1.0067710889394417,0.0,0.0,1.249109074148809,1.2567710889394417,0.0
official_4c_tierB_mc_baseline_official_v3,deterministic-engine-v1_official-runner,baseline-official-v3,v1.0.1-official-4c,COL,PBI,PBI,,stress,r0,2034,support_valid,historical_reduced_form_mixture_tax,5000,0.1449632987943808,0.1991323847899144,0.2432289110605585,0.2939966754321135,0.3854441436609698,0.9572,True,0.9572,0.0,True,0.0,0.0,0.7491090741488091,0.7567710889394416,0.0,0.0,0.799109074148809,0.8067710889394416,0.0,0.0,0.8491090741488091,0.8567710889394416,0.0,0.0,0.9991090741488088,1.0067710889394417,0.0,0.0,1.249109074148809,1.2567710889394417,0.0
official_4c_tierB_mc_baseline_official_v3,deterministic-engine-v1_official-runner,baseline-official-v3,v1.0.1-official-4c,COL,PBI,PBI,,stress,r0,2034,all_draw,historical_reduced_form_positive_total_revenue,5000,0.2197040887408034,0.2942188056848392,0.3542408098346728,0.4250771227192597,0.5481239450772016,1.0,True,1.0,0.0,True,0.0,0.0,0.6349543997313616,0.6457591901653272,0.0,0.0,0.6849543997313616,0.6957591901653273,0.0,0.0,0.7349543997313617,0.7457591901653273,0.0,0.0,0.8849543997313615,0.8957591901653272,0.0,0.0,1.1349543997313614,1.145759190165327,0.0
official_4c_tierB_mc_baseline_official_v3,deterministic-engine-v1_official-runner,baseline-official-v3,v1.0.1-official-4c,COL,PBI,PBI,,stress,r0,2034,basic_valid,historical_reduced_form_positive_total_revenue,5000,0.2197040887408034,0.2942188056848392,0.3542408098346728,0.4250771227192597,0.5481239450772016,1.0,True,1.0,0.0,True,0.0,0.0,0.6349543997313616,0.6457591901653272,0.0,0.0,0.6849543997313616,0.6957591901653273,0.0,0.0,0.7349543997313617,0.7457591901653273,0.0,0.0,0.8849543997313615,0.8957591901653272,0.0,0.0,1.1349543997313614,1.145759190165327,0.0
official_4c_tierB_mc_baseline_official_v3,deterministic-engine-v1_official-runner,baseline-official-v3,v1.0.1-official-4c,COL,PBI,PBI,,stress,r0,2034,support_valid,historical_reduced_form_positive_total_revenue,5000,0.2197040887408034,0.2942188056848392,0.3542408098346728,0.4250771227192597,0.5481239450772016,1.0,True,1.0,0.0,True,0.0,0.0,0.6349543997313616,0.6457591901653272,0.0,0.0,0.6849543997313616,0.6957591901653273,0.0,0.0,0.7349543997313617,0.7457591901653273,0.0,0.0,0.8849543997313615,0.8957591901653272,0.0,0.0,1.1349543997313614,1.145759190165327,0.0
official_4c_tierB_mc_baseline_official_v3,deterministic-engine-v1_official-runner,baseline-official-v3,v1.0.1-official-4c,COL,PBI,PBI,,stress,r0,2034,all_draw,historical_reduced_form_mixture_total_revenue,5000,-0.1294830738364109,0.2741168395406286,0.3435214439369319,0.4173069524016197,0.5442408327175178,0.9148,True,0.9148,0.0,True,0.0,0.0,0.6773895775341533,0.6564785560630682,0.0,0.0,0.7273895775341532,0.7064785560630682,0.0,0.0,0.7773895775341533,0.7564785560630682,0.0,0.0,0.9273895775341532,0.9064785560630682,0.0,0.0,1.1773895775341532,1.1564785560630682,0.0
official_4c_tierB_mc_baseline_official_v3,deterministic-engine-v1_official-runner,baseline-official-v3,v1.0.1-official-4c,COL,PBI,PBI,,stress,r0,2034,basic_valid,historical_reduced_form_mixture_total_revenue,5000,0.2178318545535688,0.2915833968691746,0.3549732611599099,0.4248929644682708,0.5505187343378631,0.9148,True,0.9148,0.0,True,0.0,0.0,0.6343669936780041,0.6450267388400901,0.0,0.0,0.6843669936780041,0.6950267388400901,0.0,0.0,0.7343669936780042,0.7450267388400902,0.0,0.0,0.8843669936780041,0.8950267388400901,0.0,0.0,1.1343669936780043,1.14502673884009,0.0
official_4c_tierB_mc_baseline_official_v3,deterministic-engine-v1_official-runner,baseline-official-v3,v1.0.1-official-4c,COL,PBI,PBI,,stress,r0,2034,support_valid,historical_reduced_form_mixture_total_revenue,5000,0.2178318545535688,0.2915833968691746,0.3549732611599099,0.4248929644682708,0.5505187343378631,0.9148,True,0.9148,0.0,True,0.0,0.0,0.6343669936780041,0.6450267388400901,0.0,0.0,0.6843669936780041,0.6950267388400901,0.0,0.0,0.7343669936780042,0.7450267388400902,0.0,0.0,0.8843669936780041,0.8950267388400901,0.0,0.0,1.1343669936780043,1.14502673884009,0.0
official_4c_tierB_mc_baseline_official_v3,deterministic-engine-v1_official-runner,baseline-official-v3,v1.0.1-official-4c,COL,UBI,UBI,,stress,r0,2034,all_draw,historical_reduced_form_positive_tax,5000,0.057105366242727,0.0784623035202657,0.096003828807973,0.1151526263316986,0.1517075629083277,1.0,True,1.0,0.0,True,0.0,0.0,0.901273478686724,0.9039961711920268,0.0,0.0,0.951273478686724,0.953996171192027,0.0,0.0,1.001273478686724,1.003996171192027,0.0,0.0,1.151273478686724,1.153996171192027,0.0,0.0,1.401273478686724,1.403996171192027,0.0
official_4c_tierB_mc_baseline_official_v3,deterministic-engine-v1_official-runner,baseline-official-v3,v1.0.1-official-4c,COL,UBI,UBI,,stress,r0,2034,basic_valid,historical_reduced_form_positive_tax,5000,0.057105366242727,0.0784623035202657,0.096003828807973,0.1151526263316986,0.1517075629083277,1.0,True,1.0,0.0,True,0.0,0.0,0.901273478686724,0.9039961711920268,0.0,0.0,0.951273478686724,0.953996171192027,0.0,0.0,1.001273478686724,1.003996171192027,0.0,0.0,1.151273478686724,1.153996171192027,0.0,0.0,1.401273478686724,1.403996171192027,0.0
official_4c_tierB_mc_baseline_official_v3,deterministic-engine-v1_official-runner,baseline-official-v3,v1.0.1-official-4c,COL,UBI,UBI,,stress,r0,2034,support_valid,historical_reduced_form_positive_tax,5000,0.057105366242727,0.0784623035202657,0.096003828807973,0.1151526263316986,0.1517075629083277,1.0,True,1.0,0.0,True,0.0,0.0,0.901273478686724,0.9039961711920268,0.0,0.0,0.951273478686724,0.953996171192027,0.0,0.0,1.001273478686724,1.003996171192027,0.0,0.0,1.151273478686724,1.153996171192027,0.0,0.0,1.401273478686724,1.403996171192027,0.0
official_4c_tierB_mc_baseline_official_v3,deterministic-engine-v1_official-runner,baseline-official-v3,v1.0.1-official-4c,COL,UBI,UBI,,stress,r0,2034,all_draw,historical_reduced_form_mixture_tax,5000,0.0448909977011683,0.0757232282898697,0.0935516472543515,0.1148547185672459,0.1496083264777641,0.9582,True,0.9582,0.0,True,0.0,0.0,0.9065226725528104,0.9064483527456484,0.0,0.0,0.9565226725528102,0.9564483527456484,0.0,0.0,1.0065226725528105,1.0064483527456485,0.0,0.0,1.1565226725528102,1.1564483527456484,0.0,0.0,1.4065226725528102,1.4064483527456484,0.0
official_4c_tierB_mc_baseline_official_v3,deterministic-engine-v1_official-runner,baseline-official-v3,v1.0.1-official-4c,COL,UBI,UBI,,stress,r0,2034,basic_valid,historical_reduced_form_mixture_tax,5000,0.0576685904194689,0.0779078154646213,0.0951695474515235,0.1160651393059605,0.1501557240748882,0.9582,True,0.9582,0.0,True,0.0,0.0,0.9013404320172228,0.9048304525484764,0.0,0.0,0.9513404320172228,0.9548304525484764,0.0,0.0,1.0013404320172228,1.0048304525484766,0.0,0.0,1.1513404320172227,1.1548304525484765,0.0,0.0,1.4013404320172227,1.4048304525484765,0.0
official_4c_tierB_mc_baseline_official_v3,deterministic-engine-v1_official-runner,baseline-official-v3,v1.0.1-official-4c,COL,UBI,UBI,,stress,r0,2034,support_valid,historical_reduced_form_mixture_tax,5000,0.0576685904194689,0.0779078154646213,0.0951695474515235,0.1160651393059605,0.1501557240748882,0.9582,True,0.9582,0.0,True,0.0,0.0,0.9013404320172228,0.9048304525484764,0.0,0.0,0.9513404320172228,0.9548304525484764,0.0,0.0,1.0013404320172228,1.0048304525484766,0.0,0.0,1.1513404320172227,1.1548304525484765,0.0,0.0,1.4013404320172227,1.4048304525484765,0.0
official_4c_tierB_mc_baseline_official_v3,deterministic-engine-v1_official-runner,baseline-official-v3,v1.0.1-official-4c,COL,UBI,UBI,,stress,r0,2034,all_draw,historical_reduced_form_positive_total_revenue,5000,0.0866793084765552,0.1146702926398718,0.1389154426825147,0.167958350773351,0.2170140219478979,1.0,True,1.0,0.0,True,0.0,0.0,0.8562669383721444,0.8610845573174852,0.0,0.0,0.9062669383721444,0.9110845573174852,0.0,0.0,0.9562669383721444,0.9610845573174852,0.0,0.0,1.1062669383721444,1.1110845573174852,0.0,0.0,1.3562669383721444,1.3610845573174852,0.0
official_4c_tierB_mc_baseline_official_v3,deterministic-engine-v1_official-runner,baseline-official-v3,v1.0.1-official-4c,COL,UBI,UBI,,stress,r0,2034,basic_valid,historical_reduced_form_positive_total_revenue,5000,0.0866793084765552,0.1146702926398718,0.1389154426825147,0.167958350773351,0.2170140219478979,1.0,True,1.0,0.0,True,0.0,0.0,0.8562669383721444,0.8610845573174852,0.0,0.0,0.9062669383721444,0.9110845573174852,0.0,0.0,0.9562669383721444,0.9610845573174852,0.0,0.0,1.1062669383721444,1.1110845573174852,0.0,0.0,1.3562669383721444,1.3610845573174852,0.0
official_4c_tierB_mc_baseline_official_v3,deterministic-engine-v1_official-runner,baseline-official-v3,v1.0.1-official-4c,COL,UBI,UBI,,stress,r0,2034,support_valid,historical_reduced_form_positive_total_revenue,5000,0.0866793084765552,0.1146702926398718,0.1389154426825147,0.167958350773351,0.2170140219478979,1.0,True,1.0,0.0,True,0.0,0.0,0.8562669383721444,0.8610845573174852,0.0,0.0,0.9062669383721444,0.9110845573174852,0.0,0.0,0.9562669383721444,0.9610845573174852,0.0,0.0,1.1062669383721444,1.1110845573174852,0.0,0.0,1.3562669383721444,1.3610845573174852,0.0
official_4c_tierB_mc_baseline_official_v3,deterministic-engine-v1_official-runner,baseline-official-v3,v1.0.1-official-4c,COL,UBI,UBI,,stress,r0,2034,all_draw,historical_reduced_form_mixture_total_revenue,5000,-0.0504874169108444,0.1075519422495993,0.1352192818299108,0.1649111616568143,0.2152070407946232,0.9084,True,0.9084,0.0,True,0.0,0.0,0.8737042185790699,0.8647807181700892,0.0,0.0,0.9237042185790696,0.9147807181700892,0.0,0.0,0.97370421857907,0.9647807181700891,0.0,0.0,1.1237042185790698,1.114780718170089,0.0,0.0,1.3737042185790698,1.364780718170089,0.0
official_4c_tierB_mc_baseline_official_v3,deterministic-engine-v1_official-runner,baseline-official-v3,v1.0.1-official-4c,COL,UBI,UBI,,stress,r0,2034,basic_valid,historical_reduced_form_mixture_total_revenue,5000,0.0868182181270406,0.1154724904663075,0.140402013353289,0.1682831345352426,0.2189324004039077,0.9084,True,0.9084,0.0,True,0.0,0.0,0.8555783474781112,0.8595979866467109,0.0,0.0,0.9055783474781114,0.909597986646711,0.0,0.0,0.9555783474781112,0.959597986646711,0.0,0.0,1.1055783474781111,1.109597986646711,0.0,0.0,1.3555783474781111,1.359597986646711,0.0
official_4c_tierB_mc_baseline_official_v3,deterministic-engine-v1_official-runner,baseline-official-v3,v1.0.1-official-4c,COL,UBI,UBI,,stress,r0,2034,support_valid,historical_reduced_form_mixture_total_revenue,5000,0.0868182181270406,0.1154724904663075,0.140402013353289,0.1682831345352426,0.2189324004039077,0.9084,True,0.9084,0.0,True,0.0,0.0,0.8555783474781112,0.8595979866467109,0.0,0.0,0.9055783474781114,0.909597986646711,0.0,0.0,0.9555783474781112,0.959597986646711,0.0,0.0,1.1055783474781111,1.109597986646711,0.0,0.0,1.3555783474781111,1.359597986646711,0.0
official_4c_tierB_mc_baseline_official_v3,deterministic-engine-v1_official-runner,baseline-official-v3,v1.0.1-official-4c,MEX,PEN,PEN,,low,r0,2034,all_draw,historical_reduced_form_positive_tax,5000,-0.0900578321332208,-0.0826934012483791,-0.0760471341907562,-0.0675926666529928,-0.0534140607994619,1.0,True,1.0,0.0,True,0.0,0.0,1.0743674158548728,1.0760471341907565,0.0,0.0,1.124367415854873,1.1260471341907563,0.0,0.0,1.1743674158548731,1.1760471341907563,0.0,0.0,1.3243674158548728,1.3260471341907565,0.0,0.0,1.5743674158548728,1.5760471341907565,0.0
official_4c_tierB_mc_baseline_official_v3,deterministic-engine-v1_official-runner,baseline-official-v3,v1.0.1-official-4c,MEX,PEN,PEN,,low,r0,2034,basic_valid,historical_reduced_form_positive_tax,5000,-0.0900578321332208,-0.0826934012483791,-0.0760471341907562,-0.0675926666529928,-0.0534140607994619,1.0,True,1.0,0.0,True,0.0,0.0,1.0743674158548728,1.0760471341907565,0.0,0.0,1.124367415854873,1.1260471341907563,0.0,0.0,1.1743674158548731,1.1760471341907563,0.0,0.0,1.3243674158548728,1.3260471341907565,0.0,0.0,1.5743674158548728,1.5760471341907565,0.0
official_4c_tierB_mc_baseline_official_v3,deterministic-engine-v1_official-runner,baseline-official-v3,v1.0.1-official-4c,MEX,PEN,PEN,,low,r0,2034,support_valid,historical_reduced_form_positive_tax,5000,-0.0900578321332208,-0.0826934012483791,-0.0760471341907562,-0.0675926666529928,-0.0534140607994619,1.0,True,1.0,0.0,True,0.0,0.0,1.0743674158548728,1.0760471341907565,0.0,0.0,1.124367415854873,1.1260471341907563,0.0,0.0,1.1743674158548731,1.1760471341907563,0.0,0.0,1.3243674158548728,1.3260471341907565,0.0,0.0,1.5743674158548728,1.5760471341907565,0.0
official_4c_tierB_mc_baseline_official_v3,deterministic-engine-v1_official-runner,baseline-official-v3,v1.0.1-official-4c,MEX,PEN,PEN,,low,r0,2034,all_draw,historical_reduced_form_mixture_tax,5000,-0.090423005644488,-0.0828431132561234,-0.075856689945335,-0.0679841749222558,-0.0536178835310742,1.0,True,1.0,0.0,True,0.0,0.0,1.0745442607302564,1.075856689945335,0.0,0.0,1.1245442607302567,1.125856689945335,0.0,0.0,1.1745442607302568,1.175856689945335,0.0,0.0,1.3245442607302564,1.325856689945335,0.0,0.0,1.5745442607302564,1.575856689945335,0.0
official_4c_tierB_mc_baseline_official_v3,deterministic-engine-v1_official-runner,baseline-official-v3,v1.0.1-official-4c,MEX,PEN,PEN,,low,r0,2034,basic_valid,historical_reduced_form_mixture_tax,5000,-0.090423005644488,-0.0828431132561234,-0.075856689945335,-0.0679841749222558,-0.0536178835310742,1.0,True,1.0,0.0,True,0.0,0.0,1.0745442607302564,1.075856689945335,0.0,0.0,1.1245442607302567,1.125856689945335,0.0,0.0,1.1745442607302568,1.175856689945335,0.0,0.0,1.3245442607302564,1.325856689945335,0.0,0.0,1.5745442607302564,1.575856689945335,0.0
official_4c_tierB_mc_baseline_official_v3,deterministic-engine-v1_official-runner,baseline-official-v3,v1.0.1-official-4c,MEX,PEN,PEN,,low,r0,2034,support_valid,historical_reduced_form_mixture_tax,5000,-0.090423005644488,-0.0828431132561234,-0.075856689945335,-0.0679841749222558,-0.0536178835310742,1.0,True,1.0,0.0,True,0.0,0.0,1.0745442607302564,1.075856689945335,0.0,0.0,1.1245442607302567,1.125856689945335,0.0,0.0,1.1745442607302568,1.175856689945335,0.0,0.0,1.3245442607302564,1.325856689945335,0.0,0.0,1.5745442607302564,1.575856689945335,0.0
official_4c_tierB_mc_baseline_official_v3,deterministic-engine-v1_official-runner,baseline-official-v3,v1.0.1-official-4c,MEX,PEN,PEN,,low,r0,2034,all_draw,historical_reduced_form_positive_total_revenue,5000,-0.0798945070873737,-0.0697250109047597,-0.0600110757244175,-0.0492036052850033,-0.031240663451233,1.0,True,1.0,0.0,True,0.0,0.0,1.0584801218448172,1.0600110757244177,0.0,0.0,1.1084801218448177,1.1100110757244177,0.0,0.0,1.1584801218448173,1.1600110757244178,0.0,0.0,1.3084801218448172,1.3100110757244177,0.0,0.0,1.5584801218448174,1.5600110757244177,0.0
official_4c_tierB_mc_baseline_official_v3,deterministic-engine-v1_official-runner,baseline-official-v3,v1.0.1-official-4c,MEX,PEN,PEN,,low,r0,2034,basic_valid,historical_reduced_form_positive_total_revenue,5000,-0.0798945070873737,-0.0697250109047597,-0.0600110757244175,-0.0492036052850033,-0.031240663451233,1.0,True,1.0,0.0,True,0.0,0.0,1.0584801218448172,1.0600110757244177,0.0,0.0,1.1084801218448177,1.1100110757244177,0.0,0.0,1.1584801218448173,1.1600110757244178,0.0,0.0,1.3084801218448172,1.3100110757244177,0.0,0.0,1.5584801218448174,1.5600110757244177,0.0
official_4c_tierB_mc_baseline_official_v3,deterministic-engine-v1_official-runner,baseline-official-v3,v1.0.1-official-4c,MEX,PEN,PEN,,low,r0,2034,support_valid,historical_reduced_form_positive_total_revenue,5000,-0.0798945070873737,-0.0697250109047597,-0.0600110757244175,-0.0492036052850033,-0.031240663451233,1.0,True,1.0,0.0,True,0.0,0.0,1.0584801218448172,1.0600110757244177,0.0,0.0,1.1084801218448177,1.1100110757244177,0.0,0.0,1.1584801218448173,1.1600110757244178,0.0,0.0,1.3084801218448172,1.3100110757244177,0.0,0.0,1.5584801218448174,1.5600110757244177,0.0
official_4c_tierB_mc_baseline_official_v3,deterministic-engine-v1_official-runner,baseline-official-v3,v1.0.1-official-4c,MEX,PEN,PEN,,low,r0,2034,all_draw,historical_reduced_form_mixture_total_revenue,5000,-0.079984044090442,-0.0696021739425855,-0.060323180144778,-0.0492735832457612,-0.02975430981106,1.0,True,1.0,0.0,True,0.0,0.0,1.0582958400280105,1.060323180144778,0.0,0.0,1.1082958400280107,1.110323180144778,0.0,0.0,1.1582958400280106,1.1603231801447782,0.0,0.0,1.3082958400280105,1.310323180144778,0.0,0.0,1.5582958400280105,1.560323180144778,0.0
official_4c_tierB_mc_baseline_official_v3,deterministic-engine-v1_official-runner,baseline-official-v3,v1.0.1-official-4c,MEX,PEN,PEN,,low,r0,2034,basic_valid,historical_reduced_form_mixture_total_revenue,5000,-0.079984044090442,-0.0696021739425855,-0.060323180144778,-0.0492735832457612,-0.02975430981106,1.0,True,1.0,0.0,True,0.0,0.0,1.0582958400280105,1.060323180144778,0.0,0.0,1.1082958400280107,1.110323180144778,0.0,0.0,1.1582958400280106,1.1603231801447782,0.0,0.0,1.3082958400280105,1.310323180144778,0.0,0.0,1.5582958400280105,1.560323180144778,0.0
official_4c_tierB_mc_baseline_official_v3,deterministic-engine-v1_official-runner,baseline-official-v3,v1.0.1-official-4c,MEX,PEN,PEN,,low,r0,2034,support_valid,historical_reduced_form_mixture_total_revenue,5000,-0.079984044090442,-0.0696021739425855,-0.060323180144778,-0.0492735832457612,-0.02975430981106,1.0,True,1.0,0.0,True,0.0,0.0,1.0582958400280105,1.060323180144778,0.0,0.0,1.1082958400280107,1.110323180144778,0.0,0.0,1.1582958400280106,1.1603231801447782,0.0,0.0,1.3082958400280105,1.310323180144778,0.0,0.0,1.5582958400280105,1.560323180144778,0.0
official_4c_tierB_mc_baseline_official_v3,deterministic-engine-v1_official-runner,baseline-official-v3,v1.0.1-official-4c,MEX,GMI,GMI:GMI_ideal_aggregate,GMI_ideal_aggregate,low,r0,2034,all_draw,historical_reduced_form_positive_tax,5000,-0.3300681898260793,-0.3185285294713098,-0.3079785104617779,-0.2948958362543165,-0.272353683208075,1.0,True,1.0,0.0,True,0.0,0.0,1.305378101632751,1.307978510461778,0.0,0.0,1.355378101632751,1.357978510461778,0.0,0.0,1.4053781016327511,1.407978510461778,0.0,0.0,1.555378101632751,1.557978510461778,0.0,0.0,1.805378101632751,1.807978510461778,0.0
official_4c_tierB_mc_baseline_official_v3,deterministic-engine-v1_official-runner,baseline-official-v3,v1.0.1-official-4c,MEX,GMI,GMI:GMI_ideal_aggregate,GMI_ideal_aggregate,low,r0,2034,basic_valid,historical_reduced_form_positive_tax,5000,-0.3300681898260793,-0.3185285294713098,-0.3079785104617779,-0.2948958362543165,-0.272353683208075,1.0,True,1.0,0.0,True,0.0,0.0,1.305378101632751,1.307978510461778,0.0,0.0,1.355378101632751,1.357978510461778,0.0,0.0,1.4053781016327511,1.407978510461778,0.0,0.0,1.555378101632751,1.557978510461778,0.0,0.0,1.805378101632751,1.807978510461778,0.0
official_4c_tierB_mc_baseline_official_v3,deterministic-engine-v1_official-runner,baseline-official-v3,v1.0.1-official-4c,MEX,GMI,GMI:GMI_ideal_aggregate,GMI_ideal_aggregate,low,r0,2034,support_valid,historical_reduced_form_positive_tax,5000,-0.3300681898260793,-0.3185285294713098,-0.3079785104617779,-0.2948958362543165,-0.272353683208075,1.0,True,1.0,0.0,True,0.0,0.0,1.305378101632751,1.307978510461778,0.0,0.0,1.355378101632751,1.357978510461778,0.0,0.0,1.4053781016327511,1.407978510461778,0.0,0.0,1.555378101632751,1.557978510461778,0.0,0.0,1.805378101632751,1.807978510461778,0.0
official_4c_tierB_mc_baseline_official_v3,deterministic-engine-v1_official-runner,baseline-official-v3,v1.0.1-official-4c,MEX,GMI,GMI:GMI_ideal_aggregate,GMI_ideal_aggregate,low,r0,2034,all_draw,historical_reduced_form_mixture_tax,5000,-0.3302900189597725,-0.3187723562064914,-0.30778287743399,-0.2945068161166084,-0.2719005899090401,1.0,True,1.0,0.0,True,0.0,0.0,1.3053912046747256,1.30778287743399,0.0,0.0,1.3553912046747256,1.3577828774339902,0.0,0.0,1.405391204674726,1.40778287743399,0.0,0.0,1.5553912046747256,1.55778287743399,0.0,0.0,1.805391204674726,1.80778287743399,0.0
official_4c_tierB_mc_baseline_official_v3,deterministic-engine-v1_official-runner,baseline-official-v3,v1.0.1-official-4c,MEX,GMI,GMI:GMI_ideal_aggregate,GMI_ideal_aggregate,low,r0,2034,basic_valid,historical_reduced_form_mixture_tax,5000,-0.3302900189597725,-0.3187723562064914,-0.30778287743399,-0.2945068161166084,-0.2719005899090401,1.0,True,1.0,0.0,True,0.0,0.0,1.3053912046747256,1.30778287743399,0.0,0.0,1.3553912046747256,1.3577828774339902,0.0,0.0,1.405391204674726,1.40778287743399,0.0,0.0,1.5553912046747256,1.55778287743399,0.0,0.0,1.805391204674726,1.80778287743399,0.0
official_4c_tierB_mc_baseline_official_v3,deterministic-engine-v1_official-runner,baseline-official-v3,v1.0.1-official-4c,MEX,GMI,GMI:GMI_ideal_aggregate,GMI_ideal_aggregate,low,r0,2034,support_valid,historical_reduced_form_mixture_tax,5000,-0.3302900189597725,-0.3187723562064914,-0.30778287743399,-0.2945068161166084,-0.2719005899090401,1.0,True,1.0,0.0,True,0.0,0.0,1.3053912046747256,1.30778287743399,0.0,0.0,1.3553912046747256,1.3577828774339902,0.0,0.0,1.405391204674726,1.40778287743399,0.0,0.0,1.5553912046747256,1.55778287743399,0.0,0.0,1.805391204674726,1.80778287743399,0.0
official_4c_tierB_mc_baseline_official_v3,deterministic-engine-v1_official-runner,baseline-official-v3,v1.0.1-official-4c,MEX,GMI,GMI:GMI_ideal_aggregate,GMI_ideal_aggregate,low,r0,2034,all_draw,historical_reduced_form_positive_total_revenue,5000,-0.3149827498729,-0.2982425872317123,-0.283021570664111,-0.2650657119881051,-0.2346421252880926,1.0,True,1.0,0.0,True,0.0,0.0,1.2800767098564088,1.2830215706641108,0.0,0.0,1.3300767098564088,1.333021570664111,0.0,0.0,1.3800767098564086,1.383021570664111,0.0,0.0,1.5300767098564088,1.5330215706641108,0.0,0.0,1.7800767098564088,1.7830215706641108,0.0
official_4c_tierB_mc_baseline_official_v3,deterministic-engine-v1_official-runner,baseline-official-v3,v1.0.1-official-4c,MEX,GMI,GMI:GMI_ideal_aggregate,GMI_ideal_aggregate,low,r0,2034,basic_valid,historical_reduced_form_positive_total_revenue,5000,-0.3149827498729,-0.2982425872317123,-0.283021570664111,-0.2650657119881051,-0.2346421252880926,1.0,True,1.0,0.0,True,0.0,0.0,1.2800767098564088,1.2830215706641108,0.0,0.0,1.3300767098564088,1.333021570664111,0.0,0.0,1.3800767098564086,1.383021570664111,0.0,0.0,1.5300767098564088,1.5330215706641108,0.0,0.0,1.7800767098564088,1.7830215706641108,0.0
official_4c_tierB_mc_baseline_official_v3,deterministic-engine-v1_official-runner,baseline-official-v3,v1.0.1-official-4c,MEX,GMI,GMI:GMI_ideal_aggregate,GMI_ideal_aggregate,low,r0,2034,support_valid,historical_reduced_form_positive_total_revenue,5000,-0.3149827498729,-0.2982425872317123,-0.283021570664111,-0.2650657119881051,-0.2346421252880926,1.0,True,1.0,0.0,True,0.0,0.0,1.2800767098564088,1.2830215706641108,0.0,0.0,1.3300767098564088,1.333021570664111,0.0,0.0,1.3800767098564086,1.383021570664111,0.0,0.0,1.5300767098564088,1.5330215706641108,0.0,0.0,1.7800767098564088,1.7830215706641108,0.0
official_4c_tierB_mc_baseline_official_v3,deterministic-engine-v1_official-runner,baseline-official-v3,v1.0.1-official-4c,MEX,GMI,GMI:GMI_ideal_aggregate,GMI_ideal_aggregate,low,r0,2034,all_draw,historical_reduced_form_mixture_total_revenue,5000,-0.314641353806588,-0.2984768097537768,-0.2833424754737672,-0.2660754381211804,-0.2367678962904513,1.0,True,1.0,0.0,True,0.0,0.0,1.2805181817285616,1.2833424754737672,0.0,0.0,1.3305181817285618,1.3333424754737673,0.0,0.0,1.380518181728562,1.383342475473767,0.0,0.0,1.5305181817285616,1.5333424754737672,0.0,0.0,1.7805181817285618,1.7833424754737672,0.0
official_4c_tierB_mc_baseline_official_v3,deterministic-engine-v1_official-runner,baseline-official-v3,v1.0.1-official-4c,MEX,GMI,GMI:GMI_ideal_aggregate,GMI_ideal_aggregate,low,r0,2034,basic_valid,historical_reduced_form_mixture_total_revenue,5000,-0.314641353806588,-0.2984768097537768,-0.2833424754737672,-0.2660754381211804,-0.2367678962904513,1.0,True,1.0,0.0,True,0.0,0.0,1.2805181817285616,1.2833424754737672,0.0,0.0,1.3305181817285618,1.3333424754737673,0.0,0.0,1.380518181728562,1.383342475473767,0.0,0.0,1.5305181817285616,1.5333424754737672,0.0,0.0,1.7805181817285618,1.7833424754737672,0.0
official_4c_tierB_mc_baseline_official_v3,deterministic-engine-v1_official-runner,baseline-official-v3,v1.0.1-official-4c,MEX,GMI,GMI:GMI_ideal_aggregate,GMI_ideal_aggregate,low,r0,2034,support_valid,historical_reduced_form_mixture_total_revenue,5000,-0.314641353806588,-0.2984768097537768,-0.2833424754737672,-0.2660754381211804,-0.2367678962904513,1.0,True,1.0,0.0,True,0.0,0.0,1.2805181817285616,1.2833424754737672,0.0,0.0,1.3305181817285618,1.3333424754737673,0.0,0.0,1.380518181728562,1.383342475473767,0.0,0.0,1.5305181817285616,1.5333424754737672,0.0,0.0,1.7805181817285618,1.7833424754737672,0.0
official_4c_tierB_mc_baseline_official_v3,deterministic-engine-v1_official-runner,baseline-official-v3,v1.0.1-official-4c,MEX,GMI,GMI:GMI_loaded_aggregate,GMI_loaded_aggregate,low,r0,2034,all_draw,historical_reduced_form_positive_tax,5000,-0.2198621141753636,-0.2122706022633146,-0.2055041733941272,-0.1968467059407775,-0.1818114454416156,1.0,True,1.0,0.0,True,0.0,0.0,1.2036908710176766,1.2055041733941272,0.0,0.0,1.2536908710176766,1.2555041733941272,0.0,0.0,1.3036908710176764,1.3055041733941273,0.0,0.0,1.4536908710176766,1.4555041733941272,0.0,0.0,1.7036908710176766,1.7055041733941272,0.0
official_4c_tierB_mc_baseline_official_v3,deterministic-engine-v1_official-runner,baseline-official-v3,v1.0.1-official-4c,MEX,GMI,GMI:GMI_loaded_aggregate,GMI_loaded_aggregate,low,r0,2034,basic_valid,historical_reduced_form_positive_tax,5000,-0.2198621141753636,-0.2122706022633146,-0.2055041733941272,-0.1968467059407775,-0.1818114454416156,1.0,True,1.0,0.0,True,0.0,0.0,1.2036908710176766,1.2055041733941272,0.0,0.0,1.2536908710176766,1.2555041733941272,0.0,0.0,1.3036908710176764,1.3055041733941273,0.0,0.0,1.4536908710176766,1.4555041733941272,0.0,0.0,1.7036908710176766,1.7055041733941272,0.0
official_4c_tierB_mc_baseline_official_v3,deterministic-engine-v1_official-runner,baseline-official-v3,v1.0.1-official-4c,MEX,GMI,GMI:GMI_loaded_aggregate,GMI_loaded_aggregate,low,r0,2034,support_valid,historical_reduced_form_positive_tax,5000,-0.2198621141753636,-0.2122706022633146,-0.2055041733941272,-0.1968467059407775,-0.1818114454416156,1.0,True,1.0,0.0,True,0.0,0.0,1.2036908710176766,1.2055041733941272,0.0,0.0,1.2536908710176766,1.2555041733941272,0.0,0.0,1.3036908710176764,1.3055041733941273,0.0,0.0,1.4536908710176766,1.4555041733941272,0.0,0.0,1.7036908710176766,1.7055041733941272,0.0
official_4c_tierB_mc_baseline_official_v3,deterministic-engine-v1_official-runner,baseline-official-v3,v1.0.1-official-4c,MEX,GMI,GMI:GMI_loaded_aggregate,GMI_loaded_aggregate,low,r0,2034,all_draw,historical_reduced_form_mixture_tax,5000,-0.2199876665735999,-0.2124322913552811,-0.2052563457361473,-0.1969426079274243,-0.1818593018104018,1.0,True,1.0,0.0,True,0.0,0.0,1.2037711735506047,1.2052563457361474,0.0,0.0,1.253771173550605,1.2552563457361474,0.0,0.0,1.303771173550605,1.3052563457361477,0.0,0.0,1.453771173550605,1.4552563457361474,0.0,0.0,1.7037711735506047,1.7052563457361474,0.0
official_4c_tierB_mc_baseline_official_v3,deterministic-engine-v1_official-runner,baseline-official-v3,v1.0.1-official-4c,MEX,GMI,GMI:GMI_loaded_aggregate,GMI_loaded_aggregate,low,r0,2034,basic_valid,historical_reduced_form_mixture_tax,5000,-0.2199876665735999,-0.2124322913552811,-0.2052563457361473,-0.1969426079274243,-0.1818593018104018,1.0,True,1.0,0.0,True,0.0,0.0,1.2037711735506047,1.2052563457361474,0.0,0.0,1.253771173550605,1.2552563457361474,0.0,0.0,1.303771173550605,1.3052563457361477,0.0,0.0,1.453771173550605,1.4552563457361474,0.0,0.0,1.7037711735506047,1.7052563457361474,0.0
official_4c_tierB_mc_baseline_official_v3,deterministic-engine-v1_official-runner,baseline-official-v3,v1.0.1-official-4c,MEX,GMI,GMI:GMI_loaded_aggregate,GMI_loaded_aggregate,low,r0,2034,support_valid,historical_reduced_form_mixture_tax,5000,-0.2199876665735999,-0.2124322913552811,-0.2052563457361473,-0.1969426079274243,-0.1818593018104018,1.0,True,1.0,0.0,True,0.0,0.0,1.2037711735506047,1.2052563457361474,0.0,0.0,1.253771173550605,1.2552563457361474,0.0,0.0,1.303771173550605,1.3052563457361477,0.0,0.0,1.453771173550605,1.4552563457361474,0.0,0.0,1.7037711735506047,1.7052563457361474,0.0
official_4c_tierB_mc_baseline_official_v3,deterministic-engine-v1_official-runner,baseline-official-v3,v1.0.1-official-4c,MEX,GMI,GMI:GMI_loaded_aggregate,GMI_loaded_aggregate,low,r0,2034,all_draw,historical_reduced_form_positive_total_revenue,5000,-0.2094999652848407,-0.1986522586276513,-0.1887399027913306,-0.1777502254290832,-0.1577513879585785,1.0,True,1.0,0.0,True,0.0,0.0,1.1868254478044649,1.1887399027913306,0.0,0.0,1.236825447804465,1.2387399027913308,0.0,0.0,1.2868254478044647,1.2887399027913309,0.0,0.0,1.4368254478044649,1.4387399027913306,0.0,0.0,1.6868254478044649,1.6887399027913306,0.0
official_4c_tierB_mc_baseline_official_v3,deterministic-engine-v1_official-runner,baseline-official-v3,v1.0.1-official-4c,MEX,GMI,GMI:GMI_loaded_aggregate,GMI_loaded_aggregate,low,r0,2034,basic_valid,historical_reduced_form_positive_total_revenue,5000,-0.2094999652848407,-0.1986522586276513,-0.1887399027913306,-0.1777502254290832,-0.1577513879585785,1.0,True,1.0,0.0,True,0.0,0.0,1.1868254478044649,1.1887399027913306,0.0,0.0,1.236825447804465,1.2387399027913308,0.0,0.0,1.2868254478044647,1.2887399027913309,0.0,0.0,1.4368254478044649,1.4387399027913306,0.0,0.0,1.6868254478044649,1.6887399027913306,0.0
official_4c_tierB_mc_baseline_official_v3,deterministic-engine-v1_official-runner,baseline-official-v3,v1.0.1-official-4c,MEX,GMI,GMI:GMI_loaded_aggregate,GMI_loaded_aggregate,low,r0,2034,support_valid,historical_reduced_form_positive_total_revenue,5000,-0.2094999652848407,-0.1986522586276513,-0.1887399027913306,-0.1777502254290832,-0.1577513879585785,1.0,True,1.0,0.0,True,0.0,0.0,1.1868254478044649,1.1887399027913306,0.0,0.0,1.236825447804465,1.2387399027913308,0.0,0.0,1.2868254478044647,1.2887399027913309,0.0,0.0,1.4368254478044649,1.4387399027913306,0.0,0.0,1.6868254478044649,1.6887399027913306,0.0
official_4c_tierB_mc_baseline_official_v3,deterministic-engine-v1_official-runner,baseline-official-v3,v1.0.1-official-4c,MEX,GMI,GMI:GMI_loaded_aggregate,GMI_loaded_aggregate,low,r0,2034,all_draw,historical_reduced_form_mixture_total_revenue,5000,-0.2097250864530531,-0.1986948479420533,-0.1890346282047508,-0.1773245768836755,-0.1565905160784706,1.0,True,1.0,0.0,True,0.0,0.0,1.186917486399379,1.1890346282047508,0.0,0.0,1.236917486399379,1.2390346282047509,0.0,0.0,1.286917486399379,1.289034628204751,0.0,0.0,1.436917486399379,1.4390346282047508,0.0,0.0,1.686917486399379,1.6890346282047508,0.0
official_4c_tierB_mc_baseline_official_v3,deterministic-engine-v1_official-runner,baseline-official-v3,v1.0.1-official-4c,MEX,GMI,GMI:GMI_loaded_aggregate,GMI_loaded_aggregate,low,r0,2034,basic_valid,historical_reduced_form_mixture_total_revenue,5000,-0.2097250864530531,-0.1986948479420533,-0.1890346282047508,-0.1773245768836755,-0.1565905160784706,1.0,True,1.0,0.0,True,0.0,0.0,1.186917486399379,1.1890346282047508,0.0,0.0,1.236917486399379,1.2390346282047509,0.0,0.0,1.286917486399379,1.289034628204751,0.0,0.0,1.436917486399379,1.4390346282047508,0.0,0.0,1.686917486399379,1.6890346282047508,0.0
official_4c_tierB_mc_baseline_official_v3,deterministic-engine-v1_official-runner,baseline-official-v3,v1.0.1-official-4c,MEX,GMI,GMI:GMI_loaded_aggregate,GMI_loaded_aggregate,low,r0,2034,support_valid,historical_reduced_form_mixture_total_revenue,5000,-0.2097250864530531,-0.1986948479420533,-0.1890346282047508,-0.1773245768836755,-0.1565905160784706,1.0,True,1.0,0.0,True,0.0,0.0,1.186917486399379,1.1890346282047508,0.0,0.0,1.236917486399379,1.2390346282047509,0.0,0.0,1.286917486399379,1.289034628204751,0.0,0.0,1.436917486399379,1.4390346282047508,0.0,0.0,1.686917486399379,1.6890346282047508,0.0
official_4c_tierB_mc_baseline_official_v3,deterministic-engine-v1_official-runner,baseline-official-v3,v1.0.1-official-4c,MEX,MUT,MUT,,low,r0,2034,all_draw,historical_reduced_form_positive_tax,5000,-0.0215920750527061,-0.0186272128769588,-0.0158310380203866,-0.0126455143841625,-0.0068119590302436,1.0,True,1.0,0.0,True,0.0,0.0,1.0152800715424637,1.0158310380203863,0.0,0.0,1.0652800715424635,1.0658310380203866,0.0,0.0,1.1152800715424638,1.1158310380203866,0.0,0.0,1.2652800715424637,1.2658310380203863,0.0,0.0,1.5152800715424637,1.5158310380203863,0.0
official_4c_tierB_mc_baseline_official_v3,deterministic-engine-v1_official-runner,baseline-official-v3,v1.0.1-official-4c,MEX,MUT,MUT,,low,r0,2034,basic_valid,historical_reduced_form_positive_tax,5000,-0.0215920750527061,-0.0186272128769588,-0.0158310380203866,-0.0126455143841625,-0.0068119590302436,1.0,True,1.0,0.0,True,0.0,0.0,1.0152800715424637,1.0158310380203863,0.0,0.0,1.0652800715424635,1.0658310380203866,0.0,0.0,1.1152800715424638,1.1158310380203866,0.0,0.0,1.2652800715424637,1.2658310380203863,0.0,0.0,1.5152800715424637,1.5158310380203863,0.0
official_4c_tierB_mc_baseline_official_v3,deterministic-engine-v1_official-runner,baseline-official-v3,v1.0.1-official-4c,MEX,MUT,MUT,,low,r0,2034,support_valid,historical_reduced_form_positive_tax,5000,-0.0215920750527061,-0.0186272128769588,-0.0158310380203866,-0.0126455143841625,-0.0068119590302436,1.0,True,1.0,0.0,True,0.0,0.0,1.0152800715424637,1.0158310380203863,0.0,0.0,1.0652800715424635,1.0658310380203866,0.0,0.0,1.1152800715424638,1.1158310380203866,0.0,0.0,1.2652800715424637,1.2658310380203863,0.0,0.0,1.5152800715424637,1.5158310380203863,0.0
official_4c_tierB_mc_baseline_official_v3,deterministic-engine-v1_official-runner,baseline-official-v3,v1.0.1-official-4c,MEX,MUT,MUT,,low,r0,2034,all_draw,historical_reduced_form_mixture_tax,5000,-0.0216498636458355,-0.0186835657963007,-0.0158550096093576,-0.0126053236182556,-0.0068775387754278,1.0,True,1.0,0.0,True,0.0,0.0,1.0152650424096543,1.0158550096093577,0.0,0.0,1.0652650424096544,1.0658550096093578,0.0,0.0,1.1152650424096546,1.1158550096093576,0.0,0.0,1.2652650424096543,1.2658550096093577,0.0,0.0,1.5152650424096543,1.5158550096093577,0.0
official_4c_tierB_mc_baseline_official_v3,deterministic-engine-v1_official-runner,baseline-official-v3,v1.0.1-official-4c,MEX,MUT,MUT,,low,r0,2034,basic_valid,historical_reduced_form_mixture_tax,5000,-0.0216498636458355,-0.0186835657963007,-0.0158550096093576,-0.0126053236182556,-0.0068775387754278,1.0,True,1.0,0.0,True,0.0,0.0,1.0152650424096543,1.0158550096093577,0.0,0.0,1.0652650424096544,1.0658550096093578,0.0,0.0,1.1152650424096546,1.1158550096093576,0.0,0.0,1.2652650424096543,1.2658550096093577,0.0,0.0,1.5152650424096543,1.5158550096093577,0.0
official_4c_tierB_mc_baseline_official_v3,deterministic-engine-v1_official-runner,baseline-official-v3,v1.0.1-official-4c,MEX,MUT,MUT,,low,r0,2034,support_valid,historical_reduced_form_mixture_tax,5000,-0.0216498636458355,-0.0186835657963007,-0.0158550096093576,-0.0126053236182556,-0.0068775387754278,1.0,True,1.0,0.0,True,0.0,0.0,1.0152650424096543,1.0158550096093577,0.0,0.0,1.0652650424096544,1.0658550096093578,0.0,0.0,1.1152650424096546,1.1158550096093576,0.0,0.0,1.2652650424096543,1.2658550096093577,0.0,0.0,1.5152650424096543,1.5158550096093577,0.0
official_4c_tierB_mc_baseline_official_v3,deterministic-engine-v1_official-runner,baseline-official-v3,v1.0.1-official-4c,MEX,MUT,MUT,,low,r0,2034,all_draw,historical_reduced_form_positive_total_revenue,5000,-0.0176625864615031,-0.0135471652574889,-0.0095639064995045,-0.0051332910137224,0.0027692649006639,1.0,True,1.0,0.0,True,0.0,0.0,1.008862030993258,1.0095639064995046,0.0,0.0,1.058862030993258,1.0595639064995046,0.0,0.0,1.1088620309932582,1.1095639064995046,0.0,0.0,1.258862030993258,1.2595639064995046,0.0,0.0,1.508862030993258,1.5095639064995046,0.0
official_4c_tierB_mc_baseline_official_v3,deterministic-engine-v1_official-runner,baseline-official-v3,v1.0.1-official-4c,MEX,MUT,MUT,,low,r0,2034,basic_valid,historical_reduced_form_positive_total_revenue,5000,-0.0176625864615031,-0.0135471652574889,-0.0095639064995045,-0.0051332910137224,0.0027692649006639,1.0,True,1.0,0.0,True,0.0,0.0,1.008862030993258,1.0095639064995046,0.0,0.0,1.058862030993258,1.0595639064995046,0.0,0.0,1.1088620309932582,1.1095639064995046,0.0,0.0,1.258862030993258,1.2595639064995046,0.0,0.0,1.508862030993258,1.5095639064995046,0.0
official_4c_tierB_mc_baseline_official_v3,deterministic-engine-v1_official-runner,baseline-official-v3,v1.0.1-official-4c,MEX,MUT,MUT,,low,r0,2034,support_valid,historical_reduced_form_positive_total_revenue,5000,-0.0176625864615031,-0.0135471652574889,-0.0095639064995045,-0.0051332910137224,0.0027692649006639,1.0,True,1.0,0.0,True,0.0,0.0,1.008862030993258,1.0095639064995046,0.0,0.0,1.058862030993258,1.0595639064995046,0.0,0.0,1.1088620309932582,1.1095639064995046,0.0,0.0,1.258862030993258,1.2595639064995046,0.0,0.0,1.508862030993258,1.5095639064995046,0.0
official_4c_tierB_mc_baseline_official_v3,deterministic-engine-v1_official-runner,baseline-official-v3,v1.0.1-official-4c,MEX,MUT,MUT,,low,r0,2034,all_draw,historical_reduced_form_mixture_total_revenue,5000,-0.0177464134274642,-0.0133821149593802,-0.0095387168056926,-0.0051297177273435,0.0025395000518946,1.0,True,1.0,0.0,True,0.0,0.0,1.0088327691865036,1.0095387168056926,0.0,0.0,1.0588327691865034,1.059538716805693,0.0,0.0,1.1088327691865036,1.1095387168056927,0.0,0.0,1.2588327691865036,1.2595387168056926,0.0,0.0,1.5088327691865036,1.5095387168056926,0.0
official_4c_tierB_mc_baseline_official_v3,deterministic-engine-v1_official-runner,baseline-official-v3,v1.0.1-official-4c,MEX,MUT,MUT,,low,r0,2034,basic_valid,historical_reduced_form_mixture_total_revenue,5000,-0.0177464134274642,-0.0133821149593802,-0.0095387168056926,-0.0051297177273435,0.0025395000518946,1.0,True,1.0,0.0,True,0.0,0.0,1.0088327691865036,1.0095387168056926,0.0,0.0,1.0588327691865034,1.059538716805693,0.0,0.0,1.1088327691865036,1.1095387168056927,0.0,0.0,1.2588327691865036,1.2595387168056926,0.0,0.0,1.5088327691865036,1.5095387168056926,0.0
official_4c_tierB_mc_baseline_official_v3,deterministic-engine-v1_official-runner,baseline-official-v3,v1.0.1-official-4c,MEX,MUT,MUT,,low,r0,2034,support_valid,historical_reduced_form_mixture_total_revenue,5000,-0.0177464134274642,-0.0133821149593802,-0.0095387168056926,-0.0051297177273435,0.0025395000518946,1.0,True,1.0,0.0,True,0.0,0.0,1.0088327691865036,1.0095387168056926,0.0,0.0,1.0588327691865034,1.059538716805693,0.0,0.0,1.1088327691865036,1.1095387168056927,0.0,0.0,1.2588327691865036,1.2595387168056926,0.0,0.0,1.5088327691865036,1.5095387168056926,0.0
official_4c_tierB_mc_baseline_official_v3,deterministic-engine-v1_official-runner,baseline-official-v3,v1.0.1-official-4c,MEX,PBI,PBI,,low,r0,2034,all_draw,historical_reduced_form_positive_tax,5000,-0.0095355406526302,-0.0074884742803533,-0.0057044009934096,-0.0034293834189301,0.0005763762688988,1.0,True,1.0,0.0,True,0.0,0.0,1.0052290608226648,1.0057044009934095,0.0,0.0,1.0552290608226649,1.0557044009934098,0.0,0.0,1.105229060822665,1.1057044009934098,0.0,0.0,1.2552290608226648,1.2557044009934095,0.0,0.0,1.5052290608226648,1.5057044009934095,0.0
official_4c_tierB_mc_baseline_official_v3,deterministic-engine-v1_official-runner,baseline-official-v3,v1.0.1-official-4c,MEX,PBI,PBI,,low,r0,2034,basic_valid,historical_reduced_form_positive_tax,5000,-0.0095355406526302,-0.0074884742803533,-0.0057044009934096,-0.0034293834189301,0.0005763762688988,1.0,True,1.0,0.0,True,0.0,0.0,1.0052290608226648,1.0057044009934095,0.0,0.0,1.0552290608226649,1.0557044009934098,0.0,0.0,1.105229060822665,1.1057044009934098,0.0,0.0,1.2552290608226648,1.2557044009934095,0.0,0.0,1.5052290608226648,1.5057044009934095,0.0
official_4c_tierB_mc_baseline_official_v3,deterministic-engine-v1_official-runner,baseline-official-v3,v1.0.1-official-4c,MEX,PBI,PBI,,low,r0,2034,support_valid,historical_reduced_form_positive_tax,5000,-0.0095355406526302,-0.0074884742803533,-0.0057044009934096,-0.0034293834189301,0.0005763762688988,1.0,True,1.0,0.0,True,0.0,0.0,1.0052290608226648,1.0057044009934095,0.0,0.0,1.0552290608226649,1.0557044009934098,0.0,0.0,1.105229060822665,1.1057044009934098,0.0,0.0,1.2552290608226648,1.2557044009934095,0.0,0.0,1.5052290608226648,1.5057044009934095,0.0
official_4c_tierB_mc_baseline_official_v3,deterministic-engine-v1_official-runner,baseline-official-v3,v1.0.1-official-4c,MEX,PBI,PBI,,low,r0,2034,all_draw,historical_reduced_form_mixture_tax,5000,-0.0095439889218476,-0.007513557514409,-0.0056936778806587,-0.0035417939344865,0.0005925787267457,1.0,True,1.0,0.0,True,0.0,0.0,1.0052809524356687,1.0056936778806589,0.0,0.0,1.055280952435669,1.0556936778806587,0.0,0.0,1.105280952435669,1.1056936778806588,0.0,0.0,1.2552809524356687,1.2556936778806589,0.0,0.0,1.5052809524356687,1.5056936778806589,0.0
official_4c_tierB_mc_baseline_official_v3,deterministic-engine-v1_official-runner,baseline-official-v3,v1.0.1-official-4c,MEX,PBI,PBI,,low,r0,2034,basic_valid,historical_reduced_form_mixture_tax,5000,-0.0095439889218476,-0.007513557514409,-0.0056936778806587,-0.0035417939344865,0.0005925787267457,1.0,True,1.0,0.0,True,0.0,0.0,1.0052809524356687,1.0056936778806589,0.0,0.0,1.055280952435669,1.0556936778806587,0.0,0.0,1.105280952435669,1.1056936778806588,0.0,0.0,1.2552809524356687,1.2556936778806589,0.0,0.0,1.5052809524356687,1.5056936778806589,0.0
official_4c_tierB_mc_baseline_official_v3,deterministic-engine-v1_official-runner,baseline-official-v3,v1.0.1-official-4c,MEX,PBI,PBI,,low,r0,2034,support_valid,historical_reduced_form_mixture_tax,5000,-0.0095439889218476,-0.007513557514409,-0.0056936778806587,-0.0035417939344865,0.0005925787267457,1.0,True,1.0,0.0,True,0.0,0.0,1.0052809524356687,1.0056936778806589,0.0,0.0,1.055280952435669,1.0556936778806587,0.0,0.0,1.105280952435669,1.1056936778806588,0.0,0.0,1.2552809524356687,1.2556936778806589,0.0,0.0,1.5052809524356687,1.5056936778806589,0.0
official_4c_tierB_mc_baseline_official_v3,deterministic-engine-v1_official-runner,baseline-official-v3,v1.0.1-official-4c,MEX,PBI,PBI,,low,r0,2034,all_draw,historical_reduced_form_positive_total_revenue,5000,-0.0069215463860663,-0.004038812530386,-0.0015572694220649,0.0015250569693925,0.0065082165093573,1.0,True,1.0,0.0,True,0.0,0.0,1.0009957394076878,1.0015572694220651,0.0,0.0,1.050995739407688,1.051557269422065,0.0,0.0,1.100995739407688,1.1015572694220652,0.0,0.0,1.2509957394076878,1.2515572694220651,0.0,0.0,1.5009957394076878,1.5015572694220651,0.0
official_4c_tierB_mc_baseline_official_v3,deterministic-engine-v1_official-runner,baseline-official-v3,v1.0.1-official-4c,MEX,PBI,PBI,,low,r0,2034,basic_valid,historical_reduced_form_positive_total_revenue,5000,-0.0069215463860663,-0.004038812530386,-0.0015572694220649,0.0015250569693925,0.0065082165093573,1.0,True,1.0,0.0,True,0.0,0.0,1.0009957394076878,1.0015572694220651,0.0,0.0,1.050995739407688,1.051557269422065,0.0,0.0,1.100995739407688,1.1015572694220652,0.0,0.0,1.2509957394076878,1.2515572694220651,0.0,0.0,1.5009957394076878,1.5015572694220651,0.0
official_4c_tierB_mc_baseline_official_v3,deterministic-engine-v1_official-runner,baseline-official-v3,v1.0.1-official-4c,MEX,PBI,PBI,,low,r0,2034,support_valid,historical_reduced_form_positive_total_revenue,5000,-0.0069215463860663,-0.004038812530386,-0.0015572694220649,0.0015250569693925,0.0065082165093573,1.0,True,1.0,0.0,True,0.0,0.0,1.0009957394076878,1.0015572694220651,0.0,0.0,1.050995739407688,1.051557269422065,0.0,0.0,1.100995739407688,1.1015572694220652,0.0,0.0,1.2509957394076878,1.2515572694220651,0.0,0.0,1.5009957394076878,1.5015572694220651,0.0
official_4c_tierB_mc_baseline_official_v3,deterministic-engine-v1_official-runner,baseline-official-v3,v1.0.1-official-4c,MEX,PBI,PBI,,low,r0,2034,all_draw,historical_reduced_form_mixture_total_revenue,5000,-0.0068199365646095,-0.0039885259309083,-0.0015003559802526,0.0015507670493547,0.0067746721125624,1.0,True,1.0,0.0,True,0.0,0.0,1.0009394169344192,1.0015003559802529,0.0,0.0,1.0509394169344193,1.0515003559802527,0.0,0.0,1.100939416934419,1.1015003559802528,0.0,0.0,1.2509394169344192,1.2515003559802529,0.0,0.0,1.5009394169344192,1.5015003559802529,0.0
official_4c_tierB_mc_baseline_official_v3,deterministic-engine-v1_official-runner,baseline-official-v3,v1.0.1-official-4c,MEX,PBI,PBI,,low,r0,2034,basic_valid,historical_reduced_form_mixture_total_revenue,5000,-0.0068199365646095,-0.0039885259309083,-0.0015003559802526,0.0015507670493547,0.0067746721125624,1.0,True,1.0,0.0,True,0.0,0.0,1.0009394169344192,1.0015003559802529,0.0,0.0,1.0509394169344193,1.0515003559802527,0.0,0.0,1.100939416934419,1.1015003559802528,0.0,0.0,1.2509394169344192,1.2515003559802529,0.0,0.0,1.5009394169344192,1.5015003559802529,0.0
official_4c_tierB_mc_baseline_official_v3,deterministic-engine-v1_official-runner,baseline-official-v3,v1.0.1-official-4c,MEX,PBI,PBI,,low,r0,2034,support_valid,historical_reduced_form_mixture_total_revenue,5000,-0.0068199365646095,-0.0039885259309083,-0.0015003559802526,0.0015507670493547,0.0067746721125624,1.0,True,1.0,0.0,True,0.0,0.0,1.0009394169344192,1.0015003559802529,0.0,0.0,1.0509394169344193,1.0515003559802527,0.0,0.0,1.100939416934419,1.1015003559802528,0.0,0.0,1.2509394169344192,1.2515003559802529,0.0,0.0,1.5009394169344192,1.5015003559802529,0.0
official_4c_tierB_mc_baseline_official_v3,deterministic-engine-v1_official-runner,baseline-official-v3,v1.0.1-official-4c,MEX,UBI,UBI,,low,r0,2034,all_draw,historical_reduced_form_positive_tax,5000,-0.0026290842637232,-0.0018765663526871,-0.0012232136867226,-0.0003831675144135,0.0011224902284914,1.0,True,1.0,0.0,True,0.0,0.0,1.0010444401444654,1.0012232136867223,0.0,0.0,1.0510444401444654,1.0512232136867228,0.0,0.0,1.1010444401444652,1.1012232136867226,0.0,0.0,1.2510444401444654,1.2512232136867223,0.0,0.0,1.5010444401444654,1.5012232136867223,0.0
official_4c_tierB_mc_baseline_official_v3,deterministic-engine-v1_official-runner,baseline-official-v3,v1.0.1-official-4c,MEX,UBI,UBI,,low,r0,2034,basic_valid,historical_reduced_form_positive_tax,5000,-0.0026290842637232,-0.0018765663526871,-0.0012232136867226,-0.0003831675144135,0.0011224902284914,1.0,True,1.0,0.0,True,0.0,0.0,1.0010444401444654,1.0012232136867223,0.0,0.0,1.0510444401444654,1.0512232136867228,0.0,0.0,1.1010444401444652,1.1012232136867226,0.0,0.0,1.2510444401444654,1.2512232136867223,0.0,0.0,1.5010444401444654,1.5012232136867223,0.0
official_4c_tierB_mc_baseline_official_v3,deterministic-engine-v1_official-runner,baseline-official-v3,v1.0.1-official-4c,MEX,UBI,UBI,,low,r0,2034,support_valid,historical_reduced_form_positive_tax,5000,-0.0026290842637232,-0.0018765663526871,-0.0012232136867226,-0.0003831675144135,0.0011224902284914,1.0,True,1.0,0.0,True,0.0,0.0,1.0010444401444654,1.0012232136867223,0.0,0.0,1.0510444401444654,1.0512232136867228,0.0,0.0,1.1010444401444652,1.1012232136867226,0.0,0.0,1.2510444401444654,1.2512232136867223,0.0,0.0,1.5010444401444654,1.5012232136867223,0.0
official_4c_tierB_mc_baseline_official_v3,deterministic-engine-v1_official-runner,baseline-official-v3,v1.0.1-official-4c,MEX,UBI,UBI,,low,r0,2034,all_draw,historical_reduced_form_mixture_tax,5000,-0.0026471455136514,-0.0018954373145372,-0.0012174184383088,-0.0003891969432076,0.0011184058884257,1.0,True,1.0,0.0,True,0.0,0.0,1.0010476681232523,1.001217418438309,0.0,0.0,1.0510476681232526,1.051217418438309,0.0,0.0,1.1010476681232526,1.101217418438309,0.0,0.0,1.2510476681232523,1.251217418438309,0.0,0.0,1.5010476681232523,1.501217418438309,0.0
official_4c_tierB_mc_baseline_official_v3,deterministic-engine-v1_official-runner,baseline-official-v3,v1.0.1-official-4c,MEX,UBI,UBI,,low,r0,2034,basic_valid,historical_reduced_form_mixture_tax,5000,-0.0026471455136514,-0.0018954373145372,-0.0012174184383088,-0.0003891969432076,0.0011184058884257,1.0,True,1.0,0.0,True,0.0,0.0,1.0010476681232523,1.001217418438309,0.0,0.0,1.0510476681232526,1.051217418438309,0.0,0.0,1.1010476681232526,1.101217418438309,0.0,0.0,1.2510476681232523,1.251217418438309,0.0,0.0,1.5010476681232523,1.501217418438309,0.0
official_4c_tierB_mc_baseline_official_v3,deterministic-engine-v1_official-runner,baseline-official-v3,v1.0.1-official-4c,MEX,UBI,UBI,,low,r0,2034,support_valid,historical_reduced_form_mixture_tax,5000,-0.0026471455136514,-0.0018954373145372,-0.0012174184383088,-0.0003891969432076,0.0011184058884257,1.0,True,1.0,0.0,True,0.0,0.0,1.0010476681232523,1.001217418438309,0.0,0.0,1.0510476681232526,1.051217418438309,0.0,0.0,1.1010476681232526,1.101217418438309,0.0,0.0,1.2510476681232523,1.251217418438309,0.0,0.0,1.5010476681232523,1.501217418438309,0.0
official_4c_tierB_mc_baseline_official_v3,deterministic-engine-v1_official-runner,baseline-official-v3,v1.0.1-official-4c,MEX,UBI,UBI,,low,r0,2034,all_draw,historical_reduced_form_positive_total_revenue,5000,-0.0016127340255003,-0.0005456294971009,0.0003713025992022,0.0015382065957905,0.0034481425670784,1.0,True,1.0,0.0,True,0.0,0.0,0.9994142623072944,0.9996286974007976,0.0,0.0,1.0494142623072944,1.0496286974007978,0.0,0.0,1.0994142623072944,1.099628697400798,0.0,0.0,1.2494142623072946,1.249628697400798,0.0,0.0,1.4994142623072946,1.499628697400798,0.0
official_4c_tierB_mc_baseline_official_v3,deterministic-engine-v1_official-runner,baseline-official-v3,v1.0.1-official-4c,MEX,UBI,UBI,,low,r0,2034,basic_valid,historical_reduced_form_positive_total_revenue,5000,-0.0016127340255003,-0.0005456294971009,0.0003713025992022,0.0015382065957905,0.0034481425670784,1.0,True,1.0,0.0,True,0.0,0.0,0.9994142623072944,0.9996286974007976,0.0,0.0,1.0494142623072944,1.0496286974007978,0.0,0.0,1.0994142623072944,1.099628697400798,0.0,0.0,1.2494142623072946,1.249628697400798,0.0,0.0,1.4994142623072946,1.499628697400798,0.0
official_4c_tierB_mc_baseline_official_v3,deterministic-engine-v1_official-runner,baseline-official-v3,v1.0.1-official-4c,MEX,UBI,UBI,,low,r0,2034,support_valid,historical_reduced_form_positive_total_revenue,5000,-0.0016127340255003,-0.0005456294971009,0.0003713025992022,0.0015382065957905,0.0034481425670784,1.0,True,1.0,0.0,True,0.0,0.0,0.9994142623072944,0.9996286974007976,0.0,0.0,1.0494142623072944,1.0496286974007978,0.0,0.0,1.0994142623072944,1.099628697400798,0.0,0.0,1.2494142623072946,1.249628697400798,0.0,0.0,1.4994142623072946,1.499628697400798,0.0
official_4c_tierB_mc_baseline_official_v3,deterministic-engine-v1_official-runner,baseline-official-v3,v1.0.1-official-4c,MEX,UBI,UBI,,low,r0,2034,all_draw,historical_reduced_form_mixture_total_revenue,5000,-0.0016641674870413,-0.0006093525045949,0.0003435289780052,0.0014849706947723,0.0034107512283477,1.0,True,1.0,0.0,True,0.0,0.0,0.9994658804023248,0.9996564710219948,0.0,0.0,1.049465880402325,1.0496564710219949,0.0,0.0,1.099465880402325,1.0996564710219947,0.0,0.0,1.2494658804023249,1.2496564710219946,0.0,0.0,1.4994658804023249,1.4996564710219946,0.0
official_4c_tierB_mc_baseline_official_v3,deterministic-engine-v1_official-runner,baseline-official-v3,v1.0.1-official-4c,MEX,UBI,UBI,,low,r0,2034,basic_valid,historical_reduced_form_mixture_total_revenue,5000,-0.0016641674870413,-0.0006093525045949,0.0003435289780052,0.0014849706947723,0.0034107512283477,1.0,True,1.0,0.0,True,0.0,0.0,0.9994658804023248,0.9996564710219948,0.0,0.0,1.049465880402325,1.0496564710219949,0.0,0.0,1.099465880402325,1.0996564710219947,0.0,0.0,1.2494658804023249,1.2496564710219946,0.0,0.0,1.4994658804023249,1.4996564710219946,0.0
official_4c_tierB_mc_baseline_official_v3,deterministic-engine-v1_official-runner,baseline-official-v3,v1.0.1-official-4c,MEX,UBI,UBI,,low,r0,2034,support_valid,historical_reduced_form_mixture_total_revenue,5000,-0.0016641674870413,-0.0006093525045949,0.0003435289780052,0.0014849706947723,0.0034107512283477,1.0,True,1.0,0.0,True,0.0,0.0,0.9994658804023248,0.9996564710219948,0.0,0.0,1.049465880402325,1.0496564710219949,0.0,0.0,1.099465880402325,1.0996564710219947,0.0,0.0,1.2494658804023249,1.2496564710219946,0.0,0.0,1.4994658804023249,1.4996564710219946,0.0
official_4c_tierB_mc_baseline_official_v3,deterministic-engine-v1_official-runner,baseline-official-v3,v1.0.1-official-4c,MEX,PEN,PEN,,mid,r0,2034,all_draw,historical_reduced_form_positive_tax,5000,0.0574190928306201,0.1245939818368149,0.1832833269342451,0.2569470255589635,0.3861324654421137,1.0,True,1.0,0.0,True,0.0,0.0,0.8026467461216803,0.8167166730657548,0.0,0.0,0.8526467461216803,0.8667166730657548,0.0,0.0,0.9026467461216804,0.9167166730657548,0.0,0.0,1.0526467461216802,1.066716673065755,0.0,0.0,1.3026467461216802,1.316716673065755,0.0
official_4c_tierB_mc_baseline_official_v3,deterministic-engine-v1_official-runner,baseline-official-v3,v1.0.1-official-4c,MEX,PEN,PEN,,mid,r0,2034,basic_valid,historical_reduced_form_positive_tax,5000,0.0574190928306201,0.1245939818368149,0.1832833269342451,0.2569470255589635,0.3861324654421137,1.0,True,1.0,0.0,True,0.0,0.0,0.8026467461216803,0.8167166730657548,0.0,0.0,0.8526467461216803,0.8667166730657548,0.0,0.0,0.9026467461216804,0.9167166730657548,0.0,0.0,1.0526467461216802,1.066716673065755,0.0,0.0,1.3026467461216802,1.316716673065755,0.0
official_4c_tierB_mc_baseline_official_v3,deterministic-engine-v1_official-runner,baseline-official-v3,v1.0.1-official-4c,MEX,PEN,PEN,,mid,r0,2034,support_valid,historical_reduced_form_positive_tax,5000,0.0574190928306201,0.1245939818368149,0.1832833269342451,0.2569470255589635,0.3861324654421137,1.0,True,1.0,0.0,True,0.0,0.0,0.8026467461216803,0.8167166730657548,0.0,0.0,0.8526467461216803,0.8667166730657548,0.0,0.0,0.9026467461216804,0.9167166730657548,0.0,0.0,1.0526467461216802,1.066716673065755,0.0,0.0,1.3026467461216802,1.316716673065755,0.0
official_4c_tierB_mc_baseline_official_v3,deterministic-engine-v1_official-runner,baseline-official-v3,v1.0.1-official-4c,MEX,PEN,PEN,,mid,r0,2034,all_draw,historical_reduced_form_mixture_tax,5000,0.0565247723074514,0.1217792202062155,0.1831700826685974,0.2554292941351573,0.3842351773604109,1.0,True,1.0,0.0,True,0.0,0.0,0.8038408979165713,0.8168299173314025,0.0,0.0,0.8538408979165714,0.8668299173314026,0.0,0.0,0.9038408979165712,0.9168299173314026,0.0,0.0,1.0538408979165714,1.0668299173314026,0.0,0.0,1.3038408979165714,1.3168299173314026,0.0
official_4c_tierB_mc_baseline_official_v3,deterministic-engine-v1_official-runner,baseline-official-v3,v1.0.1-official-4c,MEX,PEN,PEN,,mid,r0,2034,basic_valid,historical_reduced_form_mixture_tax,5000,0.0565247723074514,0.1217792202062155,0.1831700826685974,0.2554292941351573,0.3842351773604109,1.0,True,1.0,0.0,True,0.0,0.0,0.8038408979165713,0.8168299173314025,0.0,0.0,0.8538408979165714,0.8668299173314026,0.0,0.0,0.9038408979165712,0.9168299173314026,0.0,0.0,1.0538408979165714,1.0668299173314026,0.0,0.0,1.3038408979165714,1.3168299173314026,0.0
official_4c_tierB_mc_baseline_official_v3,deterministic-engine-v1_official-runner,baseline-official-v3,v1.0.1-official-4c,MEX,PEN,PEN,,mid,r0,2034,support_valid,historical_reduced_form_mixture_tax,5000,0.0565247723074514,0.1217792202062155,0.1831700826685974,0.2554292941351573,0.3842351773604109,1.0,True,1.0,0.0,True,0.0,0.0,0.8038408979165713,0.8168299173314025,0.0,0.0,0.8538408979165714,0.8668299173314026,0.0,0.0,0.9038408979165712,0.9168299173314026,0.0,0.0,1.0538408979165714,1.0668299173314026,0.0,0.0,1.3038408979165714,1.3168299173314026,0.0
official_4c_tierB_mc_baseline_official_v3,deterministic-engine-v1_official-runner,baseline-official-v3,v1.0.1-official-4c,MEX,PEN,PEN,,mid,r0,2034,all_draw,historical_reduced_form_positive_total_revenue,5000,0.1392997737028965,0.2338609494879916,0.316787323276637,0.4165723174183841,0.5799468897155806,1.0,True,1.0,0.0,True,0.0002,0.0,0.6675287737519272,0.6832167862520753,0.0,0.0,0.717393283981558,0.7332126767233631,0.0,0.0,0.7673932839815579,0.7832126767233631,0.0,0.0,0.9173932839815576,0.933212676723363,0.0,0.0,1.1673932839815575,1.183212676723363,0.0002
official_4c_tierB_mc_baseline_official_v3,deterministic-engine-v1_official-runner,baseline-official-v3,v1.0.1-official-4c,MEX,PEN,PEN,,mid,r0,2034,basic_valid,historical_reduced_form_positive_total_revenue,5000,0.1392997737028965,0.2338609494879916,0.316787323276637,0.4165723174183841,0.5799468897155806,1.0,True,1.0,0.0,True,0.0002,0.0,0.6675287737519272,0.6832167862520753,0.0,0.0,0.717393283981558,0.7332126767233631,0.0,0.0,0.7673932839815579,0.7832126767233631,0.0,0.0,0.9173932839815576,0.933212676723363,0.0,0.0,1.1673932839815575,1.183212676723363,0.0002
official_4c_tierB_mc_baseline_official_v3,deterministic-engine-v1_official-runner,baseline-official-v3,v1.0.1-official-4c,MEX,PEN,PEN,,mid,r0,2034,support_valid,historical_reduced_form_positive_total_revenue,5000,0.1392997737028965,0.2338609494879916,0.316787323276637,0.4165723174183841,0.5799468897155806,1.0,True,1.0,0.0,True,0.0002,0.0,0.6675287737519272,0.6832167862520753,0.0,0.0,0.717393283981558,0.7332126767233631,0.0,0.0,0.7673932839815579,0.7832126767233631,0.0,0.0,0.9173932839815576,0.933212676723363,0.0,0.0,1.1673932839815575,1.183212676723363,0.0002
official_4c_tierB_mc_baseline_official_v3,deterministic-engine-v1_official-runner,baseline-official-v3,v1.0.1-official-4c,MEX,PEN,PEN,,mid,r0,2034,all_draw,historical_reduced_form_mixture_total_revenue,5000,0.14390665863616,0.2324784205166163,0.3161477373921234,0.4135539575367408,0.58586340978967,1.0,True,1.0,0.0,True,0.0,0.0,0.6670548819939095,0.6838522626078766,0.0,0.0,0.7170548819939095,0.7338522626078766,0.0,0.0,0.7670548819939096,0.7838522626078767,0.0,0.0,0.9170548819939096,0.9338522626078766,0.0,0.0,1.1670548819939095,1.183852262607877,0.0
official_4c_tierB_mc_baseline_official_v3,deterministic-engine-v1_official-runner,baseline-official-v3,v1.0.1-official-4c,MEX,PEN,PEN,,mid,r0,2034,basic_valid,historical_reduced_form_mixture_total_revenue,5000,0.14390665863616,0.2324784205166163,0.3161477373921234,0.4135539575367408,0.58586340978967,1.0,True,1.0,0.0,True,0.0,0.0,0.6670548819939095,0.6838522626078766,0.0,0.0,0.7170548819939095,0.7338522626078766,0.0,0.0,0.7670548819939096,0.7838522626078767,0.0,0.0,0.9170548819939096,0.9338522626078766,0.0,0.0,1.1670548819939095,1.183852262607877,0.0
official_4c_tierB_mc_baseline_official_v3,deterministic-engine-v1_official-runner,baseline-official-v3,v1.0.1-official-4c,MEX,PEN,PEN,,mid,r0,2034,support_valid,historical_reduced_form_mixture_total_revenue,5000,0.14390665863616,0.2324784205166163,0.3161477373921234,0.4135539575367408,0.58586340978967,1.0,True,1.0,0.0,True,0.0,0.0,0.6670548819939095,0.6838522626078766,0.0,0.0,0.7170548819939095,0.7338522626078766,0.0,0.0,0.7670548819939096,0.7838522626078767,0.0,0.0,0.9170548819939096,0.9338522626078766,0.0,0.0,1.1670548819939095,1.183852262607877,0.0
official_4c_tierB_mc_baseline_official_v3,deterministic-engine-v1_official-runner,baseline-official-v3,v1.0.1-official-4c,MEX,GMI,GMI:GMI_ideal_aggregate,GMI_ideal_aggregate,mid,r0,2034,all_draw,historical_reduced_form_positive_tax,5000,-0.094953238250947,0.0039010663944979,0.097139367282868,0.2140994626459556,0.4084767121505461,1.0,True,1.0,0.0,True,0.0002,0.0,0.8804902759721283,0.9028830789472628,0.0,0.0,0.9303131889758836,0.952860632717132,0.0,0.0,0.9803131889758836,1.002860632717132,0.0,0.0,1.1303131889758835,1.152860632717132,0.0,0.0,1.3803131889758835,1.402860632717132,0.0002
official_4c_tierB_mc_baseline_official_v3,deterministic-engine-v1_official-runner,baseline-official-v3,v1.0.1-official-4c,MEX,GMI,GMI:GMI_ideal_aggregate,GMI_ideal_aggregate,mid,r0,2034,basic_valid,historical_reduced_form_positive_tax,5000,-0.094953238250947,0.0039010663944979,0.097139367282868,0.2140994626459556,0.4084767121505461,1.0,True,1.0,0.0,True,0.0002,0.0,0.8804902759721283,0.9028830789472628,0.0,0.0,0.9303131889758836,0.952860632717132,0.0,0.0,0.9803131889758836,1.002860632717132,0.0,0.0,1.1303131889758835,1.152860632717132,0.0,0.0,1.3803131889758835,1.402860632717132,0.0002
official_4c_tierB_mc_baseline_official_v3,deterministic-engine-v1_official-runner,baseline-official-v3,v1.0.1-official-4c,MEX,GMI,GMI:GMI_ideal_aggregate,GMI_ideal_aggregate,mid,r0,2034,support_valid,historical_reduced_form_positive_tax,5000,-0.094953238250947,0.0039010663944979,0.097139367282868,0.2140994626459556,0.4084767121505461,1.0,True,1.0,0.0,True,0.0002,0.0,0.8804902759721283,0.9028830789472628,0.0,0.0,0.9303131889758836,0.952860632717132,0.0,0.0,0.9803131889758836,1.002860632717132,0.0,0.0,1.1303131889758835,1.152860632717132,0.0,0.0,1.3803131889758835,1.402860632717132,0.0002
official_4c_tierB_mc_baseline_official_v3,deterministic-engine-v1_official-runner,baseline-official-v3,v1.0.1-official-4c,MEX,GMI,GMI:GMI_ideal_aggregate,GMI_ideal_aggregate,mid,r0,2034,all_draw,historical_reduced_form_mixture_tax,5000,-0.0960822997893269,0.0016478001955149,0.1001007280582118,0.2184321399944593,0.4043847669883014,1.0,True,1.0,0.0,True,0.0,0.0,0.8790629485033873,0.8998992719417882,0.0,0.0,0.9290629485033872,0.9498992719417882,0.0,0.0,0.9790629485033876,0.9998992719417884,0.0,0.0,1.1290629485033872,1.1498992719417882,0.0,0.0,1.3790629485033872,1.3998992719417882,0.0
official_4c_tierB_mc_baseline_official_v3,deterministic-engine-v1_official-runner,baseline-official-v3,v1.0.1-official-4c,MEX,GMI,GMI:GMI_ideal_aggregate,GMI_ideal_aggregate,mid,r0,2034,basic_valid,historical_reduced_form_mixture_tax,5000,-0.0960822997893269,0.0016478001955149,0.1001007280582118,0.2184321399944593,0.4043847669883014,1.0,True,1.0,0.0,True,0.0,0.0,0.8790629485033873,0.8998992719417882,0.0,0.0,0.9290629485033872,0.9498992719417882,0.0,0.0,0.9790629485033876,0.9998992719417884,0.0,0.0,1.1290629485033872,1.1498992719417882,0.0,0.0,1.3790629485033872,1.3998992719417882,0.0
official_4c_tierB_mc_baseline_official_v3,deterministic-engine-v1_official-runner,baseline-official-v3,v1.0.1-official-4c,MEX,GMI,GMI:GMI_ideal_aggregate,GMI_ideal_aggregate,mid,r0,2034,support_valid,historical_reduced_form_mixture_tax,5000,-0.0960822997893269,0.0016478001955149,0.1001007280582118,0.2184321399944593,0.4043847669883014,1.0,True,1.0,0.0,True,0.0,0.0,0.8790629485033873,0.8998992719417882,0.0,0.0,0.9290629485033872,0.9498992719417882,0.0,0.0,0.9790629485033876,0.9998992719417884,0.0,0.0,1.1290629485033872,1.1498992719417882,0.0,0.0,1.3790629485033872,1.3998992719417882,0.0
official_4c_tierB_mc_baseline_official_v3,deterministic-engine-v1_official-runner,baseline-official-v3,v1.0.1-official-4c,MEX,GMI,GMI:GMI_ideal_aggregate,GMI_ideal_aggregate,mid,r0,2034,all_draw,historical_reduced_form_positive_total_revenue,5000,0.0313987141789382,0.18170698808638,0.311422915138929,0.4653188000072665,0.7459075353195714,1.0,True,1.0,0.002,True,0.007,0.0,0.6665703050142695,0.6903998453086004,0.0038,0.0,0.7143613461146823,0.7397237964122418,0.002,0.0,0.7630148512187419,0.789298748307748,0.0004,0.0,0.9116804047828556,0.9386736618215972,0.0,0.0,1.1612841873684028,1.188577084861071,0.007
official_4c_tierB_mc_baseline_official_v3,deterministic-engine-v1_official-runner,baseline-official-v3,v1.0.1-official-4c,MEX,GMI,GMI:GMI_ideal_aggregate,GMI_ideal_aggregate,mid,r0,2034,basic_valid,historical_reduced_form_positive_total_revenue,5000,0.0313987141789382,0.18170698808638,0.311422915138929,0.4653188000072665,0.7459075353195714,1.0,True,1.0,0.002,True,0.007,0.0,0.6665703050142695,0.6903998453086004,0.0038,0.0,0.7143613461146823,0.7397237964122418,0.002,0.0,0.7630148512187419,0.789298748307748,0.0004,0.0,0.9116804047828556,0.9386736618215972,0.0,0.0,1.1612841873684028,1.188577084861071,0.007
official_4c_tierB_mc_baseline_official_v3,deterministic-engine-v1_official-runner,baseline-official-v3,v1.0.1-official-4c,MEX,GMI,GMI:GMI_ideal_aggregate,GMI_ideal_aggregate,mid,r0,2034,support_valid,historical_reduced_form_positive_total_revenue,5000,0.0313987141789382,0.18170698808638,0.311422915138929,0.4653188000072665,0.7459075353195714,1.0,True,1.0,0.002,True,0.007,0.0,0.6665703050142695,0.6903998453086004,0.0038,0.0,0.7143613461146823,0.7397237964122418,0.002,0.0,0.7630148512187419,0.789298748307748,0.0004,0.0,0.9116804047828556,0.9386736618215972,0.0,0.0,1.1612841873684028,1.188577084861071,0.007
official_4c_tierB_mc_baseline_official_v3,deterministic-engine-v1_official-runner,baseline-official-v3,v1.0.1-official-4c,MEX,GMI,GMI:GMI_ideal_aggregate,GMI_ideal_aggregate,mid,r0,2034,all_draw,historical_reduced_form_mixture_total_revenue,5000,0.0304672298389987,0.178911698492873,0.3143237125694363,0.4704692850946369,0.728885346859097,1.0,True,1.0,0.0032,True,0.0078,0.0,0.6674669113412811,0.6878309785262825,0.0054,0.0,0.7157954856928436,0.73734636809539,0.0032,0.0,0.7641711313819477,0.7866607534817723,0.001,0.0,0.9124053922116332,0.93586059172781,0.0002,0.0,1.1615492603373698,1.1856793291407783,0.0078
official_4c_tierB_mc_baseline_official_v3,deterministic-engine-v1_official-runner,baseline-official-v3,v1.0.1-official-4c,MEX,GMI,GMI:GMI_ideal_aggregate,GMI_ideal_aggregate,mid,r0,2034,basic_valid,historical_reduced_form_mixture_total_revenue,5000,0.0304672298389987,0.178911698492873,0.3143237125694363,0.4704692850946369,0.728885346859097,1.0,True,1.0,0.0032,True,0.0078,0.0,0.6674669113412811,0.6878309785262825,0.0054,0.0,0.7157954856928436,0.73734636809539,0.0032,0.0,0.7641711313819477,0.7866607534817723,0.001,0.0,0.9124053922116332,0.93586059172781,0.0002,0.0,1.1615492603373698,1.1856793291407783,0.0078
official_4c_tierB_mc_baseline_official_v3,deterministic-engine-v1_official-runner,baseline-official-v3,v1.0.1-official-4c,MEX,GMI,GMI:GMI_ideal_aggregate,GMI_ideal_aggregate,mid,r0,2034,support_valid,historical_reduced_form_mixture_total_revenue,5000,0.0304672298389987,0.178911698492873,0.3143237125694363,0.4704692850946369,0.728885346859097,1.0,True,1.0,0.0032,True,0.0078,0.0,0.6674669113412811,0.6878309785262825,0.0054,0.0,0.7157954856928436,0.73734636809539,0.0032,0.0,0.7641711313819477,0.7866607534817723,0.001,0.0,0.9124053922116332,0.93586059172781,0.0002,0.0,1.1615492603373698,1.1856793291407783,0.0078
official_4c_tierB_mc_baseline_official_v3,deterministic-engine-v1_official-runner,baseline-official-v3,v1.0.1-official-4c,MEX,GMI,GMI:GMI_loaded_aggregate,GMI_loaded_aggregate,mid,r0,2034,all_draw,historical_reduced_form_positive_tax,5000,-0.064486303188049,0.0043934539967763,0.0666519803618874,0.1411323576303013,0.276267953233796,1.0,True,1.0,0.0,True,0.0,0.0,0.9191686266064792,0.9333480196381124,0.0,0.0,0.9691686266064792,0.9833480196381126,0.0,0.0,1.0191686266064792,1.0333480196381126,0.0,0.0,1.1691686266064791,1.1833480196381123,0.0,0.0,1.4191686266064791,1.4333480196381123,0.0
official_4c_tierB_mc_baseline_official_v3,deterministic-engine-v1_official-runner,baseline-official-v3,v1.0.1-official-4c,MEX,GMI,GMI:GMI_loaded_aggregate,GMI_loaded_aggregate,mid,r0,2034,basic_valid,historical_reduced_form_positive_tax,5000,-0.064486303188049,0.0043934539967763,0.0666519803618874,0.1411323576303013,0.276267953233796,1.0,True,1.0,0.0,True,0.0,0.0,0.9191686266064792,0.9333480196381124,0.0,0.0,0.9691686266064792,0.9833480196381126,0.0,0.0,1.0191686266064792,1.0333480196381126,0.0,0.0,1.1691686266064791,1.1833480196381123,0.0,0.0,1.4191686266064791,1.4333480196381123,0.0
official_4c_tierB_mc_baseline_official_v3,deterministic-engine-v1_official-runner,baseline-official-v3,v1.0.1-official-4c,MEX,GMI,GMI:GMI_loaded_aggregate,GMI_loaded_aggregate,mid,r0,2034,support_valid,historical_reduced_form_positive_tax,5000,-0.064486303188049,0.0043934539967763,0.0666519803618874,0.1411323576303013,0.276267953233796,1.0,True,1.0,0.0,True,0.0,0.0,0.9191686266064792,0.9333480196381124,0.0,0.0,0.9691686266064792,0.9833480196381126,0.0,0.0,1.0191686266064792,1.0333480196381126,0.0,0.0,1.1691686266064791,1.1833480196381123,0.0,0.0,1.4191686266064791,1.4333480196381123,0.0
official_4c_tierB_mc_baseline_official_v3,deterministic-engine-v1_official-runner,baseline-official-v3,v1.0.1-official-4c,MEX,GMI,GMI:GMI_loaded_aggregate,GMI_loaded_aggregate,mid,r0,2034,all_draw,historical_reduced_form_mixture_tax,5000,-0.0647779865566596,0.0021220779291757,0.0643751490476307,0.1417891190825261,0.2740205982680871,1.0,True,1.0,0.0,True,0.0,0.0,0.92036574153247,0.9356248509523692,0.0,0.0,0.97036574153247,0.9856248509523692,0.0,0.0,1.0203657415324698,1.0356248509523691,0.0,0.0,1.1703657415324695,1.1856248509523692,0.0,0.0,1.4203657415324695,1.4356248509523692,0.0
official_4c_tierB_mc_baseline_official_v3,deterministic-engine-v1_official-runner,baseline-official-v3,v1.0.1-official-4c,MEX,GMI,GMI:GMI_loaded_aggregate,GMI_loaded_aggregate,mid,r0,2034,basic_valid,historical_reduced_form_mixture_tax,5000,-0.0647779865566596,0.0021220779291757,0.0643751490476307,0.1417891190825261,0.2740205982680871,1.0,True,1.0,0.0,True,0.0,0.0,0.92036574153247,0.9356248509523692,0.0,0.0,0.97036574153247,0.9856248509523692,0.0,0.0,1.0203657415324698,1.0356248509523691,0.0,0.0,1.1703657415324695,1.1856248509523692,0.0,0.0,1.4203657415324695,1.4356248509523692,0.0
official_4c_tierB_mc_baseline_official_v3,deterministic-engine-v1_official-runner,baseline-official-v3,v1.0.1-official-4c,MEX,GMI,GMI:GMI_loaded_aggregate,GMI_loaded_aggregate,mid,r0,2034,support_valid,historical_reduced_form_mixture_tax,5000,-0.0647779865566596,0.0021220779291757,0.0643751490476307,0.1417891190825261,0.2740205982680871,1.0,True,1.0,0.0,True,0.0,0.0,0.92036574153247,0.9356248509523692,0.0,0.0,0.97036574153247,0.9856248509523692,0.0,0.0,1.0203657415324698,1.0356248509523691,0.0,0.0,1.1703657415324695,1.1856248509523692,0.0,0.0,1.4203657415324695,1.4356248509523692,0.0
official_4c_tierB_mc_baseline_official_v3,deterministic-engine-v1_official-runner,baseline-official-v3,v1.0.1-official-4c,MEX,GMI,GMI:GMI_loaded_aggregate,GMI_loaded_aggregate,mid,r0,2034,all_draw,historical_reduced_form_positive_total_revenue,5000,0.0244952099579119,0.1195440812423227,0.2070246852815889,0.3116319855945115,0.4876116081647482,1.0,True,1.0,0.0,True,0.0,0.0,0.774452923608701,0.7929753147184111,0.0,0.0,0.824452923608701,0.8429753147184111,0.0,0.0,0.874452923608701,0.8929753147184112,0.0,0.0,1.024452923608701,1.042975314718411,0.0,0.0,1.2744529236087008,1.292975314718411,0.0
official_4c_tierB_mc_baseline_official_v3,deterministic-engine-v1_official-runner,baseline-official-v3,v1.0.1-official-4c,MEX,GMI,GMI:GMI_loaded_aggregate,GMI_loaded_aggregate,mid,r0,2034,basic_valid,historical_reduced_form_positive_total_revenue,5000,0.0244952099579119,0.1195440812423227,0.2070246852815889,0.3116319855945115,0.4876116081647482,1.0,True,1.0,0.0,True,0.0,0.0,0.774452923608701,0.7929753147184111,0.0,0.0,0.824452923608701,0.8429753147184111,0.0,0.0,0.874452923608701,0.8929753147184112,0.0,0.0,1.024452923608701,1.042975314718411,0.0,0.0,1.2744529236087008,1.292975314718411,0.0
official_4c_tierB_mc_baseline_official_v3,deterministic-engine-v1_official-runner,baseline-official-v3,v1.0.1-official-4c,MEX,GMI,GMI:GMI_loaded_aggregate,GMI_loaded_aggregate,mid,r0,2034,support_valid,historical_reduced_form_positive_total_revenue,5000,0.0244952099579119,0.1195440812423227,0.2070246852815889,0.3116319855945115,0.4876116081647482,1.0,True,1.0,0.0,True,0.0,0.0,0.774452923608701,0.7929753147184111,0.0,0.0,0.824452923608701,0.8429753147184111,0.0,0.0,0.874452923608701,0.8929753147184112,0.0,0.0,1.024452923608701,1.042975314718411,0.0,0.0,1.2744529236087008,1.292975314718411,0.0
official_4c_tierB_mc_baseline_official_v3,deterministic-engine-v1_official-runner,baseline-official-v3,v1.0.1-official-4c,MEX,GMI,GMI:GMI_loaded_aggregate,GMI_loaded_aggregate,mid,r0,2034,all_draw,historical_reduced_form_mixture_total_revenue,5000,0.0240053244952087,0.122243057984969,0.2102711552069457,0.3113963584220935,0.4925692151970758,1.0,True,1.0,0.0,True,0.0,0.0,0.7725206591836719,0.7897288447930542,0.0,0.0,0.8225206591836719,0.8397288447930542,0.0,0.0,0.872520659183672,0.8897288447930543,0.0,0.0,1.022520659183672,1.0397288447930542,0.0,0.0,1.272520659183672,1.2897288447930542,0.0
official_4c_tierB_mc_baseline_official_v3,deterministic-engine-v1_official-runner,baseline-official-v3,v1.0.1-official-4c,MEX,GMI,GMI:GMI_loaded_aggregate,GMI_loaded_aggregate,mid,r0,2034,basic_valid,historical_reduced_form_mixture_total_revenue,5000,0.0240053244952087,0.122243057984969,0.2102711552069457,0.3113963584220935,0.4925692151970758,1.0,True,1.0,0.0,True,0.0,0.0,0.7725206591836719,0.7897288447930542,0.0,0.0,0.8225206591836719,0.8397288447930542,0.0,0.0,0.872520659183672,0.8897288447930543,0.0,0.0,1.022520659183672,1.0397288447930542,0.0,0.0,1.272520659183672,1.2897288447930542,0.0
official_4c_tierB_mc_baseline_official_v3,deterministic-engine-v1_official-runner,baseline-official-v3,v1.0.1-official-4c,MEX,GMI,GMI:GMI_loaded_aggregate,GMI_loaded_aggregate,mid,r0,2034,support_valid,historical_reduced_form_mixture_total_revenue,5000,0.0240053244952087,0.122243057984969,0.2102711552069457,0.3113963584220935,0.4925692151970758,1.0,True,1.0,0.0,True,0.0,0.0,0.7725206591836719,0.7897288447930542,0.0,0.0,0.8225206591836719,0.8397288447930542,0.0,0.0,0.872520659183672,0.8897288447930543,0.0,0.0,1.022520659183672,1.0397288447930542,0.0,0.0,1.272520659183672,1.2897288447930542,0.0
official_4c_tierB_mc_baseline_official_v3,deterministic-engine-v1_official-runner,baseline-official-v3,v1.0.1-official-4c,MEX,MUT,MUT,,mid,r0,2034,all_draw,historical_reduced_form_positive_tax,5000,0.0373684351101243,0.0640978167835777,0.0881504420205194,0.1181109481297063,0.1686055302991966,1.0,True,1.0,0.0,True,0.0,0.0,0.9061905063746318,0.9118495579794804,0.0,0.0,0.956190506374632,0.9618495579794806,0.0,0.0,1.006190506374632,1.0118495579794806,0.0,0.0,1.156190506374632,1.1618495579794803,0.0,0.0,1.406190506374632,1.4118495579794803,0.0
official_4c_tierB_mc_baseline_official_v3,deterministic-engine-v1_official-runner,baseline-official-v3,v1.0.1-official-4c,MEX,MUT,MUT,,mid,r0,2034,basic_valid,historical_reduced_form_positive_tax,5000,0.0373684351101243,0.0640978167835777,0.0881504420205194,0.1181109481297063,0.1686055302991966,1.0,True,1.0,0.0,True,0.0,0.0,0.9061905063746318,0.9118495579794804,0.0,0.0,0.956190506374632,0.9618495579794806,0.0,0.0,1.006190506374632,1.0118495579794806,0.0,0.0,1.156190506374632,1.1618495579794803,0.0,0.0,1.406190506374632,1.4118495579794803,0.0
official_4c_tierB_mc_baseline_official_v3,deterministic-engine-v1_official-runner,baseline-official-v3,v1.0.1-official-4c,MEX,MUT,MUT,,mid,r0,2034,support_valid,historical_reduced_form_positive_tax,5000,0.0373684351101243,0.0640978167835777,0.0881504420205194,0.1181109481297063,0.1686055302991966,1.0,True,1.0,0.0,True,0.0,0.0,0.9061905063746318,0.9118495579794804,0.0,0.0,0.956190506374632,0.9618495579794806,0.0,0.0,1.006190506374632,1.0118495579794806,0.0,0.0,1.156190506374632,1.1618495579794803,0.0,0.0,1.406190506374632,1.4118495579794803,0.0
official_4c_tierB_mc_baseline_official_v3,deterministic-engine-v1_official-runner,baseline-official-v3,v1.0.1-official-4c,MEX,MUT,MUT,,mid,r0,2034,all_draw,historical_reduced_form_mixture_tax,5000,0.0382788435224951,0.0644662618402164,0.0882505756456218,0.1188649439776722,0.1674058700485011,1.0,True,1.0,0.0,True,0.0,0.0,0.905890561719754,0.9117494243543782,0.0,0.0,0.955890561719754,0.9617494243543784,0.0,0.0,1.005890561719754,1.0117494243543783,0.0,0.0,1.155890561719754,1.1617494243543782,0.0,0.0,1.405890561719754,1.4117494243543782,0.0
official_4c_tierB_mc_baseline_official_v3,deterministic-engine-v1_official-runner,baseline-official-v3,v1.0.1-official-4c,MEX,MUT,MUT,,mid,r0,2034,basic_valid,historical_reduced_form_mixture_tax,5000,0.0382788435224951,0.0644662618402164,0.0882505756456218,0.1188649439776722,0.1674058700485011,1.0,True,1.0,0.0,True,0.0,0.0,0.905890561719754,0.9117494243543782,0.0,0.0,0.955890561719754,0.9617494243543784,0.0,0.0,1.005890561719754,1.0117494243543783,0.0,0.0,1.155890561719754,1.1617494243543782,0.0,0.0,1.405890561719754,1.4117494243543782,0.0
official_4c_tierB_mc_baseline_official_v3,deterministic-engine-v1_official-runner,baseline-official-v3,v1.0.1-official-4c,MEX,MUT,MUT,,mid,r0,2034,support_valid,historical_reduced_form_mixture_tax,5000,0.0382788435224951,0.0644662618402164,0.0882505756456218,0.1188649439776722,0.1674058700485011,1.0,True,1.0,0.0,True,0.0,0.0,0.905890561719754,0.9117494243543782,0.0,0.0,0.955890561719754,0.9617494243543784,0.0,0.0,1.005890561719754,1.0117494243543783,0.0,0.0,1.155890561719754,1.1617494243543782,0.0,0.0,1.405890561719754,1.4117494243543782,0.0
official_4c_tierB_mc_baseline_official_v3,deterministic-engine-v1_official-runner,baseline-official-v3,v1.0.1-official-4c,MEX,MUT,MUT,,mid,r0,2034,all_draw,historical_reduced_form_positive_total_revenue,5000,0.0728891213532493,0.1095341652986258,0.142507832231661,0.1829814115822662,0.2471329543650122,1.0,True,1.0,0.0,True,0.0,0.0,0.850811122933652,0.8574921677683389,0.0,0.0,0.900811122933652,0.907492167768339,0.0,0.0,0.950811122933652,0.957492167768339,0.0,0.0,1.100811122933652,1.107492167768339,0.0,0.0,1.350811122933652,1.357492167768339,0.0
official_4c_tierB_mc_baseline_official_v3,deterministic-engine-v1_official-runner,baseline-official-v3,v1.0.1-official-4c,MEX,MUT,MUT,,mid,r0,2034,basic_valid,historical_reduced_form_positive_total_revenue,5000,0.0728891213532493,0.1095341652986258,0.142507832231661,0.1829814115822662,0.2471329543650122,1.0,True,1.0,0.0,True,0.0,0.0,0.850811122933652,0.8574921677683389,0.0,0.0,0.900811122933652,0.907492167768339,0.0,0.0,0.950811122933652,0.957492167768339,0.0,0.0,1.100811122933652,1.107492167768339,0.0,0.0,1.350811122933652,1.357492167768339,0.0
official_4c_tierB_mc_baseline_official_v3,deterministic-engine-v1_official-runner,baseline-official-v3,v1.0.1-official-4c,MEX,MUT,MUT,,mid,r0,2034,support_valid,historical_reduced_form_positive_total_revenue,5000,0.0728891213532493,0.1095341652986258,0.142507832231661,0.1829814115822662,0.2471329543650122,1.0,True,1.0,0.0,True,0.0,0.0,0.850811122933652,0.8574921677683389,0.0,0.0,0.900811122933652,0.907492167768339,0.0,0.0,0.950811122933652,0.957492167768339,0.0,0.0,1.100811122933652,1.107492167768339,0.0,0.0,1.350811122933652,1.357492167768339,0.0
official_4c_tierB_mc_baseline_official_v3,deterministic-engine-v1_official-runner,baseline-official-v3,v1.0.1-official-4c,MEX,MUT,MUT,,mid,r0,2034,all_draw,historical_reduced_form_mixture_total_revenue,5000,0.0718616356947336,0.1097605040575263,0.1428060846191691,0.1824978992986563,0.2501741746507007,1.0,True,1.0,0.0,True,0.0,0.0,0.850709068118121,0.8571939153808308,0.0,0.0,0.9007090681181209,0.9071939153808308,0.0,0.0,0.950709068118121,0.9571939153808308,0.0,0.0,1.1007090681181206,1.1071939153808308,0.0,0.0,1.3507090681181209,1.3571939153808308,0.0
official_4c_tierB_mc_baseline_official_v3,deterministic-engine-v1_official-runner,baseline-official-v3,v1.0.1-official-4c,MEX,MUT,MUT,,mid,r0,2034,basic_valid,historical_reduced_form_mixture_total_revenue,5000,0.0718616356947336,0.1097605040575263,0.1428060846191691,0.1824978992986563,0.2501741746507007,1.0,True,1.0,0.0,True,0.0,0.0,0.850709068118121,0.8571939153808308,0.0,0.0,0.9007090681181209,0.9071939153808308,0.0,0.0,0.950709068118121,0.9571939153808308,0.0,0.0,1.1007090681181206,1.1071939153808308,0.0,0.0,1.3507090681181209,1.3571939153808308,0.0
official_4c_tierB_mc_baseline_official_v3,deterministic-engine-v1_official-runner,baseline-official-v3,v1.0.1-official-4c,MEX,MUT,MUT,,mid,r0,2034,support_valid,historical_reduced_form_mixture_total_revenue,5000,0.0718616356947336,0.1097605040575263,0.1428060846191691,0.1824978992986563,0.2501741746507007,1.0,True,1.0,0.0,True,0.0,0.0,0.850709068118121,0.8571939153808308,0.0,0.0,0.9007090681181209,0.9071939153808308,0.0,0.0,0.950709068118121,0.9571939153808308,0.0,0.0,1.1007090681181206,1.1071939153808308,0.0,0.0,1.3507090681181209,1.3571939153808308,0.0
official_4c_tierB_mc_baseline_official_v3,deterministic-engine-v1_official-runner,baseline-official-v3,v1.0.1-official-4c,MEX,PBI,PBI,,mid,r0,2034,all_draw,historical_reduced_form_positive_tax,5000,0.0298777234100462,0.0482788663005422,0.0643190655653632,0.0839453372974631,0.1170882711037914,1.0,True,1.0,0.0,True,0.0,0.0,0.9321465417646132,0.9356809344346368,0.0,0.0,0.9821465417646134,0.9856809344346368,0.0,0.0,1.0321465417646134,1.035680934434637,0.0,0.0,1.182146541764613,1.1856809344346368,0.0,0.0,1.432146541764613,1.4356809344346368,0.0
official_4c_tierB_mc_baseline_official_v3,deterministic-engine-v1_official-runner,baseline-official-v3,v1.0.1-official-4c,MEX,PBI,PBI,,mid,r0,2034,basic_valid,historical_reduced_form_positive_tax,5000,0.0298777234100462,0.0482788663005422,0.0643190655653632,0.0839453372974631,0.1170882711037914,1.0,True,1.0,0.0,True,0.0,0.0,0.9321465417646132,0.9356809344346368,0.0,0.0,0.9821465417646134,0.9856809344346368,0.0,0.0,1.0321465417646134,1.035680934434637,0.0,0.0,1.182146541764613,1.1856809344346368,0.0,0.0,1.432146541764613,1.4356809344346368,0.0
official_4c_tierB_mc_baseline_official_v3,deterministic-engine-v1_official-runner,baseline-official-v3,v1.0.1-official-4c,MEX,PBI,PBI,,mid,r0,2034,support_valid,historical_reduced_form_positive_tax,5000,0.0298777234100462,0.0482788663005422,0.0643190655653632,0.0839453372974631,0.1170882711037914,1.0,True,1.0,0.0,True,0.0,0.0,0.9321465417646132,0.9356809344346368,0.0,0.0,0.9821465417646134,0.9856809344346368,0.0,0.0,1.0321465417646134,1.035680934434637,0.0,0.0,1.182146541764613,1.1856809344346368,0.0,0.0,1.432146541764613,1.4356809344346368,0.0
official_4c_tierB_mc_baseline_official_v3,deterministic-engine-v1_official-runner,baseline-official-v3,v1.0.1-official-4c,MEX,PBI,PBI,,mid,r0,2034,all_draw,historical_reduced_form_mixture_tax,5000,0.0299413617521143,0.0475305141779965,0.0638291332112734,0.0841713300147373,0.1164525745226613,1.0,True,1.0,0.0,True,0.0,0.0,0.9324676804303814,0.9361708667887264,0.0,0.0,0.9824676804303816,0.9861708667887266,0.0,0.0,1.0324676804303816,1.0361708667887268,0.0,0.0,1.1824676804303813,1.1861708667887267,0.0,0.0,1.4324676804303813,1.4361708667887267,0.0
official_4c_tierB_mc_baseline_official_v3,deterministic-engine-v1_official-runner,baseline-official-v3,v1.0.1-official-4c,MEX,PBI,PBI,,mid,r0,2034,basic_valid,historical_reduced_form_mixture_tax,5000,0.0299413617521143,0.0475305141779965,0.0638291332112734,0.0841713300147373,0.1164525745226613,1.0,True,1.0,0.0,True,0.0,0.0,0.9324676804303814,0.9361708667887264,0.0,0.0,0.9824676804303816,0.9861708667887266,0.0,0.0,1.0324676804303816,1.0361708667887268,0.0,0.0,1.1824676804303813,1.1861708667887267,0.0,0.0,1.4324676804303813,1.4361708667887267,0.0
official_4c_tierB_mc_baseline_official_v3,deterministic-engine-v1_official-runner,baseline-official-v3,v1.0.1-official-4c,MEX,PBI,PBI,,mid,r0,2034,support_valid,historical_reduced_form_mixture_tax,5000,0.0299413617521143,0.0475305141779965,0.0638291332112734,0.0841713300147373,0.1164525745226613,1.0,True,1.0,0.0,True,0.0,0.0,0.9324676804303814,0.9361708667887264,0.0,0.0,0.9824676804303816,0.9861708667887266,0.0,0.0,1.0324676804303816,1.0361708667887268,0.0,0.0,1.1824676804303813,1.1861708667887267,0.0,0.0,1.4324676804303813,1.4361708667887267,0.0
official_4c_tierB_mc_baseline_official_v3,deterministic-engine-v1_official-runner,baseline-official-v3,v1.0.1-official-4c,MEX,PBI,PBI,,mid,r0,2034,all_draw,historical_reduced_form_positive_total_revenue,5000,0.0524749602180651,0.078433687936834,0.1007701861422164,0.1281694538011027,0.1727623379435549,1.0,True,1.0,0.0,True,0.0,0.0,0.8946261851258125,0.8992298138577837,0.0,0.0,0.9446261851258126,0.9492298138577836,0.0,0.0,0.9946261851258128,0.9992298138577838,0.0,0.0,1.1446261851258124,1.1492298138577834,0.0,0.0,1.3946261851258124,1.3992298138577834,0.0
official_4c_tierB_mc_baseline_official_v3,deterministic-engine-v1_official-runner,baseline-official-v3,v1.0.1-official-4c,MEX,PBI,PBI,,mid,r0,2034,basic_valid,historical_reduced_form_positive_total_revenue,5000,0.0524749602180651,0.078433687936834,0.1007701861422164,0.1281694538011027,0.1727623379435549,1.0,True,1.0,0.0,True,0.0,0.0,0.8946261851258125,0.8992298138577837,0.0,0.0,0.9446261851258126,0.9492298138577836,0.0,0.0,0.9946261851258128,0.9992298138577838,0.0,0.0,1.1446261851258124,1.1492298138577834,0.0,0.0,1.3946261851258124,1.3992298138577834,0.0
official_4c_tierB_mc_baseline_official_v3,deterministic-engine-v1_official-runner,baseline-official-v3,v1.0.1-official-4c,MEX,PBI,PBI,,mid,r0,2034,support_valid,historical_reduced_form_positive_total_revenue,5000,0.0524749602180651,0.078433687936834,0.1007701861422164,0.1281694538011027,0.1727623379435549,1.0,True,1.0,0.0,True,0.0,0.0,0.8946261851258125,0.8992298138577837,0.0,0.0,0.9446261851258126,0.9492298138577836,0.0,0.0,0.9946261851258128,0.9992298138577838,0.0,0.0,1.1446261851258124,1.1492298138577834,0.0,0.0,1.3946261851258124,1.3992298138577834,0.0
official_4c_tierB_mc_baseline_official_v3,deterministic-engine-v1_official-runner,baseline-official-v3,v1.0.1-official-4c,MEX,PBI,PBI,,mid,r0,2034,all_draw,historical_reduced_form_mixture_total_revenue,5000,0.0531949414061384,0.0781804487990403,0.1008680499287398,0.1270574704586994,0.1732036854383259,1.0,True,1.0,0.0,True,0.0,0.0,0.8946547368988805,0.8991319500712602,0.0,0.0,0.9446547368988808,0.9491319500712604,0.0,0.0,0.9946547368988808,0.9991319500712604,0.0,0.0,1.1446547368988806,1.1491319500712602,0.0,0.0,1.3946547368988806,1.3991319500712602,0.0
official_4c_tierB_mc_baseline_official_v3,deterministic-engine-v1_official-runner,baseline-official-v3,v1.0.1-official-4c,MEX,PBI,PBI,,mid,r0,2034,basic_valid,historical_reduced_form_mixture_total_revenue,5000,0.0531949414061384,0.0781804487990403,0.1008680499287398,0.1270574704586994,0.1732036854383259,1.0,True,1.0,0.0,True,0.0,0.0,0.8946547368988805,0.8991319500712602,0.0,0.0,0.9446547368988808,0.9491319500712604,0.0,0.0,0.9946547368988808,0.9991319500712604,0.0,0.0,1.1446547368988806,1.1491319500712602,0.0,0.0,1.3946547368988806,1.3991319500712602,0.0
official_4c_tierB_mc_baseline_official_v3,deterministic-engine-v1_official-runner,baseline-official-v3,v1.0.1-official-4c,MEX,PBI,PBI,,mid,r0,2034,support_valid,historical_reduced_form_mixture_total_revenue,5000,0.0531949414061384,0.0781804487990403,0.1008680499287398,0.1270574704586994,0.1732036854383259,1.0,True,1.0,0.0,True,0.0,0.0,0.8946547368988805,0.8991319500712602,0.0,0.0,0.9446547368988808,0.9491319500712604,0.0,0.0,0.9946547368988808,0.9991319500712604,0.0,0.0,1.1446547368988806,1.1491319500712602,0.0,0.0,1.3946547368988806,1.3991319500712602,0.0
official_4c_tierB_mc_baseline_official_v3,deterministic-engine-v1_official-runner,baseline-official-v3,v1.0.1-official-4c,MEX,UBI,UBI,,mid,r0,2034,all_draw,historical_reduced_form_positive_tax,5000,0.0122952258441482,0.0188566203933032,0.024497819960737,0.0320868201044869,0.0449054927366466,1.0,True,1.0,0.0,True,0.0,0.0,0.9739059247671192,0.9755021800392628,0.0,0.0,1.0239059247671194,1.025502180039263,0.0,0.0,1.0739059247671194,1.0755021800392632,0.0,0.0,1.2239059247671191,1.2255021800392631,0.0,0.0,1.4739059247671191,1.4755021800392631,0.0
official_4c_tierB_mc_baseline_official_v3,deterministic-engine-v1_official-runner,baseline-official-v3,v1.0.1-official-4c,MEX,UBI,UBI,,mid,r0,2034,basic_valid,historical_reduced_form_positive_tax,5000,0.0122952258441482,0.0188566203933032,0.024497819960737,0.0320868201044869,0.0449054927366466,1.0,True,1.0,0.0,True,0.0,0.0,0.9739059247671192,0.9755021800392628,0.0,0.0,1.0239059247671194,1.025502180039263,0.0,0.0,1.0739059247671194,1.0755021800392632,0.0,0.0,1.2239059247671191,1.2255021800392631,0.0,0.0,1.4739059247671191,1.4755021800392631,0.0
official_4c_tierB_mc_baseline_official_v3,deterministic-engine-v1_official-runner,baseline-official-v3,v1.0.1-official-4c,MEX,UBI,UBI,,mid,r0,2034,support_valid,historical_reduced_form_positive_tax,5000,0.0122952258441482,0.0188566203933032,0.024497819960737,0.0320868201044869,0.0449054927366466,1.0,True,1.0,0.0,True,0.0,0.0,0.9739059247671192,0.9755021800392628,0.0,0.0,1.0239059247671194,1.025502180039263,0.0,0.0,1.0739059247671194,1.0755021800392632,0.0,0.0,1.2239059247671191,1.2255021800392631,0.0,0.0,1.4739059247671191,1.4755021800392631,0.0
official_4c_tierB_mc_baseline_official_v3,deterministic-engine-v1_official-runner,baseline-official-v3,v1.0.1-official-4c,MEX,UBI,UBI,,mid,r0,2034,all_draw,historical_reduced_form_mixture_tax,5000,0.0119693283473973,0.0186839753788246,0.024685538151335,0.0319618903860109,0.0452509010931873,1.0,True,1.0,0.0,True,0.0,0.0,0.9738726680125748,0.9753144618486648,0.0,0.0,1.0238726680125747,1.025314461848665,0.0,0.0,1.0738726680125747,1.075314461848665,0.0,0.0,1.2238726680125749,1.2253144618486649,0.0,0.0,1.4738726680125749,1.4753144618486649,0.0
official_4c_tierB_mc_baseline_official_v3,deterministic-engine-v1_official-runner,baseline-official-v3,v1.0.1-official-4c,MEX,UBI,UBI,,mid,r0,2034,basic_valid,historical_reduced_form_mixture_tax,5000,0.0119693283473973,0.0186839753788246,0.024685538151335,0.0319618903860109,0.0452509010931873,1.0,True,1.0,0.0,True,0.0,0.0,0.9738726680125748,0.9753144618486648,0.0,0.0,1.0238726680125747,1.025314461848665,0.0,0.0,1.0738726680125747,1.075314461848665,0.0,0.0,1.2238726680125749,1.2253144618486649,0.0,0.0,1.4738726680125749,1.4753144618486649,0.0
official_4c_tierB_mc_baseline_official_v3,deterministic-engine-v1_official-runner,baseline-official-v3,v1.0.1-official-4c,MEX,UBI,UBI,,mid,r0,2034,support_valid,historical_reduced_form_mixture_tax,5000,0.0119693283473973,0.0186839753788246,0.024685538151335,0.0319618903860109,0.0452509010931873,1.0,True,1.0,0.0,True,0.0,0.0,0.9738726680125748,0.9753144618486648,0.0,0.0,1.0238726680125747,1.025314461848665,0.0,0.0,1.0738726680125747,1.075314461848665,0.0,0.0,1.2238726680125749,1.2253144618486649,0.0,0.0,1.4738726680125749,1.4753144618486649,0.0
official_4c_tierB_mc_baseline_official_v3,deterministic-engine-v1_official-runner,baseline-official-v3,v1.0.1-official-4c,MEX,UBI,UBI,,mid,r0,2034,all_draw,historical_reduced_form_positive_total_revenue,5000,0.0206821306738263,0.0300466854716793,0.0383522742959818,0.0488548232095613,0.0660979460253822,1.0,True,1.0,0.0,True,0.0,0.0,0.9597278824391609,0.961647725704018,0.0,0.0,1.009727882439161,1.0116477257040182,0.0,0.0,1.0597278824391607,1.0616477257040182,0.0,0.0,1.2097278824391609,1.211647725704018,0.0,0.0,1.4597278824391609,1.461647725704018,0.0
official_4c_tierB_mc_baseline_official_v3,deterministic-engine-v1_official-runner,baseline-official-v3,v1.0.1-official-4c,MEX,UBI,UBI,,mid,r0,2034,basic_valid,historical_reduced_form_positive_total_revenue,5000,0.0206821306738263,0.0300466854716793,0.0383522742959818,0.0488548232095613,0.0660979460253822,1.0,True,1.0,0.0,True,0.0,0.0,0.9597278824391609,0.961647725704018,0.0,0.0,1.009727882439161,1.0116477257040182,0.0,0.0,1.0597278824391607,1.0616477257040182,0.0,0.0,1.2097278824391609,1.211647725704018,0.0,0.0,1.4597278824391609,1.461647725704018,0.0
official_4c_tierB_mc_baseline_official_v3,deterministic-engine-v1_official-runner,baseline-official-v3,v1.0.1-official-4c,MEX,UBI,UBI,,mid,r0,2034,support_valid,historical_reduced_form_positive_total_revenue,5000,0.0206821306738263,0.0300466854716793,0.0383522742959818,0.0488548232095613,0.0660979460253822,1.0,True,1.0,0.0,True,0.0,0.0,0.9597278824391609,0.961647725704018,0.0,0.0,1.009727882439161,1.0116477257040182,0.0,0.0,1.0597278824391607,1.0616477257040182,0.0,0.0,1.2097278824391609,1.211647725704018,0.0,0.0,1.4597278824391609,1.461647725704018,0.0
official_4c_tierB_mc_baseline_official_v3,deterministic-engine-v1_official-runner,baseline-official-v3,v1.0.1-official-4c,MEX,UBI,UBI,,mid,r0,2034,all_draw,historical_reduced_form_mixture_total_revenue,5000,0.0208621161139996,0.0300449385647198,0.038218624129209,0.0481556340570658,0.0645977420628938,1.0,True,1.0,0.0,True,0.0,0.0,0.9600230466260328,0.9617813758707908,0.0,0.0,1.0100230466260331,1.011781375870791,0.0,0.0,1.0600230466260332,1.0617813758707912,0.0,0.0,1.210023046626033,1.2117813758707912,0.0,0.0,1.460023046626033,1.4617813758707912,0.0
official_4c_tierB_mc_baseline_official_v3,deterministic-engine-v1_official-runner,baseline-official-v3,v1.0.1-official-4c,MEX,UBI,UBI,,mid,r0,2034,basic_valid,historical_reduced_form_mixture_total_revenue,5000,0.0208621161139996,0.0300449385647198,0.038218624129209,0.0481556340570658,0.0645977420628938,1.0,True,1.0,0.0,True,0.0,0.0,0.9600230466260328,0.9617813758707908,0.0,0.0,1.0100230466260331,1.011781375870791,0.0,0.0,1.0600230466260332,1.0617813758707912,0.0,0.0,1.210023046626033,1.2117813758707912,0.0,0.0,1.460023046626033,1.4617813758707912,0.0
official_4c_tierB_mc_baseline_official_v3,deterministic-engine-v1_official-runner,baseline-official-v3,v1.0.1-official-4c,MEX,UBI,UBI,,mid,r0,2034,support_valid,historical_reduced_form_mixture_total_revenue,5000,0.0208621161139996,0.0300449385647198,0.038218624129209,0.0481556340570658,0.0645977420628938,1.0,True,1.0,0.0,True,0.0,0.0,0.9600230466260328,0.9617813758707908,0.0,0.0,1.0100230466260331,1.011781375870791,0.0,0.0,1.0600230466260332,1.0617813758707912,0.0,0.0,1.210023046626033,1.2117813758707912,0.0,0.0,1.460023046626033,1.4617813758707912,0.0
official_4c_tierB_mc_baseline_official_v3,deterministic-engine-v1_official-runner,baseline-official-v3,v1.0.1-official-4c,MEX,PEN,PEN,,high,r0,2034,all_draw,historical_reduced_form_positive_tax,5000,0.0046366455115656,0.0535414581649254,0.0993224752283891,0.1553559154874486,0.2571025572680958,1.0,True,1.0,0.0,True,0.0,0.0,0.8896664262979234,0.9006775247716108,0.0,0.0,0.9396664262979232,0.9506775247716108,0.0,0.0,0.9896664262979232,1.000677524771611,0.0,0.0,1.1396664262979233,1.150677524771611,0.0,0.0,1.3896664262979233,1.400677524771611,0.0
official_4c_tierB_mc_baseline_official_v3,deterministic-engine-v1_official-runner,baseline-official-v3,v1.0.1-official-4c,MEX,PEN,PEN,,high,r0,2034,basic_valid,historical_reduced_form_positive_tax,5000,0.0046366455115656,0.0535414581649254,0.0993224752283891,0.1553559154874486,0.2571025572680958,1.0,True,1.0,0.0,True,0.0,0.0,0.8896664262979234,0.9006775247716108,0.0,0.0,0.9396664262979232,0.9506775247716108,0.0,0.0,0.9896664262979232,1.000677524771611,0.0,0.0,1.1396664262979233,1.150677524771611,0.0,0.0,1.3896664262979233,1.400677524771611,0.0
official_4c_tierB_mc_baseline_official_v3,deterministic-engine-v1_official-runner,baseline-official-v3,v1.0.1-official-4c,MEX,PEN,PEN,,high,r0,2034,support_valid,historical_reduced_form_positive_tax,5000,0.0046366455115656,0.0535414581649254,0.0993224752283891,0.1553559154874486,0.2571025572680958,1.0,True,1.0,0.0,True,0.0,0.0,0.8896664262979234,0.9006775247716108,0.0,0.0,0.9396664262979232,0.9506775247716108,0.0,0.0,0.9896664262979232,1.000677524771611,0.0,0.0,1.1396664262979233,1.150677524771611,0.0,0.0,1.3896664262979233,1.400677524771611,0.0
official_4c_tierB_mc_baseline_official_v3,deterministic-engine-v1_official-runner,baseline-official-v3,v1.0.1-official-4c,MEX,PEN,PEN,,high,r0,2034,all_draw,historical_reduced_form_mixture_tax,5000,0.0063988064207124,0.0542004257561285,0.0984603049647483,0.156000864207718,0.2499169336246988,1.0,True,1.0,0.0,True,0.0,0.0,0.8894715181915812,0.9015396950352516,0.0,0.0,0.9394715181915811,0.9515396950352516,0.0,0.0,0.9894715181915812,1.0015396950352518,0.0,0.0,1.139471518191581,1.1515396950352517,0.0,0.0,1.389471518191581,1.4015396950352517,0.0
official_4c_tierB_mc_baseline_official_v3,deterministic-engine-v1_official-runner,baseline-official-v3,v1.0.1-official-4c,MEX,PEN,PEN,,high,r0,2034,basic_valid,historical_reduced_form_mixture_tax,5000,0.0063988064207124,0.0542004257561285,0.0984603049647483,0.156000864207718,0.2499169336246988,1.0,True,1.0,0.0,True,0.0,0.0,0.8894715181915812,0.9015396950352516,0.0,0.0,0.9394715181915811,0.9515396950352516,0.0,0.0,0.9894715181915812,1.0015396950352518,0.0,0.0,1.139471518191581,1.1515396950352517,0.0,0.0,1.389471518191581,1.4015396950352517,0.0
official_4c_tierB_mc_baseline_official_v3,deterministic-engine-v1_official-runner,baseline-official-v3,v1.0.1-official-4c,MEX,PEN,PEN,,high,r0,2034,support_valid,historical_reduced_form_mixture_tax,5000,0.0063988064207124,0.0542004257561285,0.0984603049647483,0.156000864207718,0.2499169336246988,1.0,True,1.0,0.0,True,0.0,0.0,0.8894715181915812,0.9015396950352516,0.0,0.0,0.9394715181915811,0.9515396950352516,0.0,0.0,0.9894715181915812,1.0015396950352518,0.0,0.0,1.139471518191581,1.1515396950352517,0.0,0.0,1.389471518191581,1.4015396950352517,0.0
official_4c_tierB_mc_baseline_official_v3,deterministic-engine-v1_official-runner,baseline-official-v3,v1.0.1-official-4c,MEX,PEN,PEN,,high,r0,2034,all_draw,historical_reduced_form_positive_total_revenue,5000,0.0632834031782859,0.1316176812420171,0.1943825275275359,0.269804340506166,0.4012047865771498,1.0,True,1.0,0.0,True,0.0,0.0,0.7920431003738679,0.8056174724724641,0.0,0.0,0.8420431003738682,0.8556174724724641,0.0,0.0,0.8920431003738682,0.9056174724724642,0.0,0.0,1.042043100373868,1.055617472472464,0.0,0.0,1.292043100373868,1.305617472472464,0.0
official_4c_tierB_mc_baseline_official_v3,deterministic-engine-v1_official-runner,baseline-official-v3,v1.0.1-official-4c,MEX,PEN,PEN,,high,r0,2034,basic_valid,historical_reduced_form_positive_total_revenue,5000,0.0632834031782859,0.1316176812420171,0.1943825275275359,0.269804340506166,0.4012047865771498,1.0,True,1.0,0.0,True,0.0,0.0,0.7920431003738679,0.8056174724724641,0.0,0.0,0.8420431003738682,0.8556174724724641,0.0,0.0,0.8920431003738682,0.9056174724724642,0.0,0.0,1.042043100373868,1.055617472472464,0.0,0.0,1.292043100373868,1.305617472472464,0.0
official_4c_tierB_mc_baseline_official_v3,deterministic-engine-v1_official-runner,baseline-official-v3,v1.0.1-official-4c,MEX,PEN,PEN,,high,r0,2034,support_valid,historical_reduced_form_positive_total_revenue,5000,0.0632834031782859,0.1316176812420171,0.1943825275275359,0.269804340506166,0.4012047865771498,1.0,True,1.0,0.0,True,0.0,0.0,0.7920431003738679,0.8056174724724641,0.0,0.0,0.8420431003738682,0.8556174724724641,0.0,0.0,0.8920431003738682,0.9056174724724642,0.0,0.0,1.042043100373868,1.055617472472464,0.0,0.0,1.292043100373868,1.305617472472464,0.0
official_4c_tierB_mc_baseline_official_v3,deterministic-engine-v1_official-runner,baseline-official-v3,v1.0.1-official-4c,MEX,PEN,PEN,,high,r0,2034,all_draw,historical_reduced_form_mixture_total_revenue,5000,0.0624140247786122,0.1306752172127925,0.195072430846502,0.2729050619231326,0.4053105021926412,1.0,True,1.0,0.0,True,0.0,0.0,0.79102451047881,0.8049275691534981,0.0,0.0,0.84102451047881,0.8549275691534981,0.0,0.0,0.89102451047881,0.904927569153498,0.0,0.0,1.04102451047881,1.0549275691534978,0.0,0.0,1.29102451047881,1.3049275691534978,0.0
official_4c_tierB_mc_baseline_official_v3,deterministic-engine-v1_official-runner,baseline-official-v3,v1.0.1-official-4c,MEX,PEN,PEN,,high,r0,2034,basic_valid,historical_reduced_form_mixture_total_revenue,5000,0.0624140247786122,0.1306752172127925,0.195072430846502,0.2729050619231326,0.4053105021926412,1.0,True,1.0,0.0,True,0.0,0.0,0.79102451047881,0.8049275691534981,0.0,0.0,0.84102451047881,0.8549275691534981,0.0,0.0,0.89102451047881,0.904927569153498,0.0,0.0,1.04102451047881,1.0549275691534978,0.0,0.0,1.29102451047881,1.3049275691534978,0.0
official_4c_tierB_mc_baseline_official_v3,deterministic-engine-v1_official-runner,baseline-official-v3,v1.0.1-official-4c,MEX,PEN,PEN,,high,r0,2034,support_valid,historical_reduced_form_mixture_total_revenue,5000,0.0624140247786122,0.1306752172127925,0.195072430846502,0.2729050619231326,0.4053105021926412,1.0,True,1.0,0.0,True,0.0,0.0,0.79102451047881,0.8049275691534981,0.0,0.0,0.84102451047881,0.8549275691534981,0.0,0.0,0.89102451047881,0.904927569153498,0.0,0.0,1.04102451047881,1.0549275691534978,0.0,0.0,1.29102451047881,1.3049275691534978,0.0
official_4c_tierB_mc_baseline_official_v3,deterministic-engine-v1_official-runner,baseline-official-v3,v1.0.1-official-4c,MEX,GMI,GMI:GMI_ideal_aggregate,GMI_ideal_aggregate,high,r0,2034,all_draw,historical_reduced_form_positive_tax,5000,-0.1776275065509832,-0.100975646701554,-0.0314084982158513,0.0565529482766329,0.2128318508010201,1.0,True,1.0,0.0,True,0.0,0.0,1.0134031058133692,1.0314084982158511,0.0,0.0,1.0634031058133695,1.0814084982158514,0.0,0.0,1.1134031058133695,1.1314084982158514,0.0,0.0,1.2634031058133692,1.2814084982158511,0.0,0.0,1.5134031058133692,1.5314084982158511,0.0
official_4c_tierB_mc_baseline_official_v3,deterministic-engine-v1_official-runner,baseline-official-v3,v1.0.1-official-4c,MEX,GMI,GMI:GMI_ideal_aggregate,GMI_ideal_aggregate,high,r0,2034,basic_valid,historical_reduced_form_positive_tax,5000,-0.1776275065509832,-0.100975646701554,-0.0314084982158513,0.0565529482766329,0.2128318508010201,1.0,True,1.0,0.0,True,0.0,0.0,1.0134031058133692,1.0314084982158511,0.0,0.0,1.0634031058133695,1.0814084982158514,0.0,0.0,1.1134031058133695,1.1314084982158514,0.0,0.0,1.2634031058133692,1.2814084982158511,0.0,0.0,1.5134031058133692,1.5314084982158511,0.0
official_4c_tierB_mc_baseline_official_v3,deterministic-engine-v1_official-runner,baseline-official-v3,v1.0.1-official-4c,MEX,GMI,GMI:GMI_ideal_aggregate,GMI_ideal_aggregate,high,r0,2034,support_valid,historical_reduced_form_positive_tax,5000,-0.1776275065509832,-0.100975646701554,-0.0314084982158513,0.0565529482766329,0.2128318508010201,1.0,True,1.0,0.0,True,0.0,0.0,1.0134031058133692,1.0314084982158511,0.0,0.0,1.0634031058133695,1.0814084982158514,0.0,0.0,1.1134031058133695,1.1314084982158514,0.0,0.0,1.2634031058133692,1.2814084982158511,0.0,0.0,1.5134031058133692,1.5314084982158511,0.0
official_4c_tierB_mc_baseline_official_v3,deterministic-engine-v1_official-runner,baseline-official-v3,v1.0.1-official-4c,MEX,GMI,GMI:GMI_ideal_aggregate,GMI_ideal_aggregate,high,r0,2034,all_draw,historical_reduced_form_mixture_tax,5000,-0.1793460388603104,-0.1018279738973242,-0.0301743909230172,0.0573484183476598,0.2121578690103409,1.0,True,1.0,0.0,True,0.0,0.0,1.0130959896873788,1.0301743909230172,0.0,0.0,1.063095989687379,1.0801743909230173,0.0,0.0,1.113095989687379,1.1301743909230173,0.0,0.0,1.263095989687379,1.2801743909230172,0.0,0.0,1.5130959896873788,1.5301743909230172,0.0
official_4c_tierB_mc_baseline_official_v3,deterministic-engine-v1_official-runner,baseline-official-v3,v1.0.1-official-4c,MEX,GMI,GMI:GMI_ideal_aggregate,GMI_ideal_aggregate,high,r0,2034,basic_valid,historical_reduced_form_mixture_tax,5000,-0.1793460388603104,-0.1018279738973242,-0.0301743909230172,0.0573484183476598,0.2121578690103409,1.0,True,1.0,0.0,True,0.0,0.0,1.0130959896873788,1.0301743909230172,0.0,0.0,1.063095989687379,1.0801743909230173,0.0,0.0,1.113095989687379,1.1301743909230173,0.0,0.0,1.263095989687379,1.2801743909230172,0.0,0.0,1.5130959896873788,1.5301743909230172,0.0
official_4c_tierB_mc_baseline_official_v3,deterministic-engine-v1_official-runner,baseline-official-v3,v1.0.1-official-4c,MEX,GMI,GMI:GMI_ideal_aggregate,GMI_ideal_aggregate,high,r0,2034,support_valid,historical_reduced_form_mixture_tax,5000,-0.1793460388603104,-0.1018279738973242,-0.0301743909230172,0.0573484183476598,0.2121578690103409,1.0,True,1.0,0.0,True,0.0,0.0,1.0130959896873788,1.0301743909230172,0.0,0.0,1.063095989687379,1.0801743909230173,0.0,0.0,1.113095989687379,1.1301743909230173,0.0,0.0,1.263095989687379,1.2801743909230172,0.0,0.0,1.5130959896873788,1.5301743909230172,0.0
official_4c_tierB_mc_baseline_official_v3,deterministic-engine-v1_official-runner,baseline-official-v3,v1.0.1-official-4c,MEX,GMI,GMI:GMI_ideal_aggregate,GMI_ideal_aggregate,high,r0,2034,all_draw,historical_reduced_form_positive_total_revenue,5000,-0.0925881272158981,0.0203631609320394,0.119801499249483,0.2408740702169122,0.4594317158675929,1.0,True,1.0,0.0,True,0.0,0.0,0.8577158229312725,0.880198500750517,0.0,0.0,0.9077158229312724,0.930198500750517,0.0,0.0,0.9577158229312724,0.9801985007505172,0.0,0.0,1.1077158229312725,1.130198500750517,0.0,0.0,1.3577158229312725,1.380198500750517,0.0
official_4c_tierB_mc_baseline_official_v3,deterministic-engine-v1_official-runner,baseline-official-v3,v1.0.1-official-4c,MEX,GMI,GMI:GMI_ideal_aggregate,GMI_ideal_aggregate,high,r0,2034,basic_valid,historical_reduced_form_positive_total_revenue,5000,-0.0925881272158981,0.0203631609320394,0.119801499249483,0.2408740702169122,0.4594317158675929,1.0,True,1.0,0.0,True,0.0,0.0,0.8577158229312725,0.880198500750517,0.0,0.0,0.9077158229312724,0.930198500750517,0.0,0.0,0.9577158229312724,0.9801985007505172,0.0,0.0,1.1077158229312725,1.130198500750517,0.0,0.0,1.3577158229312725,1.380198500750517,0.0
official_4c_tierB_mc_baseline_official_v3,deterministic-engine-v1_official-runner,baseline-official-v3,v1.0.1-official-4c,MEX,GMI,GMI:GMI_ideal_aggregate,GMI_ideal_aggregate,high,r0,2034,support_valid,historical_reduced_form_positive_total_revenue,5000,-0.0925881272158981,0.0203631609320394,0.119801499249483,0.2408740702169122,0.4594317158675929,1.0,True,1.0,0.0,True,0.0,0.0,0.8577158229312725,0.880198500750517,0.0,0.0,0.9077158229312724,0.930198500750517,0.0,0.0,0.9577158229312724,0.9801985007505172,0.0,0.0,1.1077158229312725,1.130198500750517,0.0,0.0,1.3577158229312725,1.380198500750517,0.0
official_4c_tierB_mc_baseline_official_v3,deterministic-engine-v1_official-runner,baseline-official-v3,v1.0.1-official-4c,MEX,GMI,GMI:GMI_ideal_aggregate,GMI_ideal_aggregate,high,r0,2034,all_draw,historical_reduced_form_mixture_total_revenue,5000,-0.0923201324324946,0.0198467894190473,0.1194447291752157,0.2424795075840302,0.4500140174914146,1.0,True,1.0,0.0002,True,0.0002,0.0,0.8575726244139992,0.8805721651903422,0.0002,0.0,0.9075726244139992,0.9305721651903422,0.0002,0.0,0.9575726244139992,0.9805721651903424,0.0,0.0,1.107372252710401,1.130555270824784,0.0,0.0,1.357372252710401,1.380555270824784,0.0002
official_4c_tierB_mc_baseline_official_v3,deterministic-engine-v1_official-runner,baseline-official-v3,v1.0.1-official-4c,MEX,GMI,GMI:GMI_ideal_aggregate,GMI_ideal_aggregate,high,r0,2034,basic_valid,historical_reduced_form_mixture_total_revenue,5000,-0.0923201324324946,0.0198467894190473,0.1194447291752157,0.2424795075840302,0.4500140174914146,1.0,True,1.0,0.0002,True,0.0002,0.0,0.8575726244139992,0.8805721651903422,0.0002,0.0,0.9075726244139992,0.9305721651903422,0.0002,0.0,0.9575726244139992,0.9805721651903424,0.0,0.0,1.107372252710401,1.130555270824784,0.0,0.0,1.357372252710401,1.380555270824784,0.0002
official_4c_tierB_mc_baseline_official_v3,deterministic-engine-v1_official-runner,baseline-official-v3,v1.0.1-official-4c,MEX,GMI,GMI:GMI_ideal_aggregate,GMI_ideal_aggregate,high,r0,2034,support_valid,historical_reduced_form_mixture_total_revenue,5000,-0.0923201324324946,0.0198467894190473,0.1194447291752157,0.2424795075840302,0.4500140174914146,1.0,True,1.0,0.0002,True,0.0002,0.0,0.8575726244139992,0.8805721651903422,0.0002,0.0,0.9075726244139992,0.9305721651903422,0.0002,0.0,0.9575726244139992,0.9805721651903424,0.0,0.0,1.107372252710401,1.130555270824784,0.0,0.0,1.357372252710401,1.380555270824784,0.0002
official_4c_tierB_mc_baseline_official_v3,deterministic-engine-v1_official-runner,baseline-official-v3,v1.0.1-official-4c,MEX,GMI,GMI:GMI_loaded_aggregate,GMI_loaded_aggregate,high,r0,2034,all_draw,historical_reduced_form_positive_tax,5000,-0.1200349824601155,-0.0681503450929136,-0.0213427224313589,0.0362031886117326,0.1421152932519504,1.0,True,1.0,0.0,True,0.0,0.0,1.00936456995372,1.021342722431359,0.0,0.0,1.0593645699537202,1.071342722431359,0.0,0.0,1.1093645699537202,1.121342722431359,0.0,0.0,1.25936456995372,1.271342722431359,0.0,0.0,1.50936456995372,1.521342722431359,0.0
official_4c_tierB_mc_baseline_official_v3,deterministic-engine-v1_official-runner,baseline-official-v3,v1.0.1-official-4c,MEX,GMI,GMI:GMI_loaded_aggregate,GMI_loaded_aggregate,high,r0,2034,basic_valid,historical_reduced_form_positive_tax,5000,-0.1200349824601155,-0.0681503450929136,-0.0213427224313589,0.0362031886117326,0.1421152932519504,1.0,True,1.0,0.0,True,0.0,0.0,1.00936456995372,1.021342722431359,0.0,0.0,1.0593645699537202,1.071342722431359,0.0,0.0,1.1093645699537202,1.121342722431359,0.0,0.0,1.25936456995372,1.271342722431359,0.0,0.0,1.50936456995372,1.521342722431359,0.0
official_4c_tierB_mc_baseline_official_v3,deterministic-engine-v1_official-runner,baseline-official-v3,v1.0.1-official-4c,MEX,GMI,GMI:GMI_loaded_aggregate,GMI_loaded_aggregate,high,r0,2034,support_valid,historical_reduced_form_positive_tax,5000,-0.1200349824601155,-0.0681503450929136,-0.0213427224313589,0.0362031886117326,0.1421152932519504,1.0,True,1.0,0.0,True,0.0,0.0,1.00936456995372,1.021342722431359,0.0,0.0,1.0593645699537202,1.071342722431359,0.0,0.0,1.1093645699537202,1.121342722431359,0.0,0.0,1.25936456995372,1.271342722431359,0.0,0.0,1.50936456995372,1.521342722431359,0.0
official_4c_tierB_mc_baseline_official_v3,deterministic-engine-v1_official-runner,baseline-official-v3,v1.0.1-official-4c,MEX,GMI,GMI:GMI_loaded_aggregate,GMI_loaded_aggregate,high,r0,2034,all_draw,historical_reduced_form_mixture_tax,5000,-0.1196310905578359,-0.0680439976845889,-0.0195524912324162,0.0390118065035269,0.143735944895633,1.0,True,1.0,0.0,True,0.0,0.0,1.0082624077935514,1.019552491232416,0.0,0.0,1.0582624077935514,1.0695524912324164,0.0,0.0,1.1082624077935517,1.1195524912324162,0.0,0.0,1.2582624077935514,1.269552491232416,0.0,0.0,1.5082624077935514,1.519552491232416,0.0
official_4c_tierB_mc_baseline_official_v3,deterministic-engine-v1_official-runner,baseline-official-v3,v1.0.1-official-4c,MEX,GMI,GMI:GMI_loaded_aggregate,GMI_loaded_aggregate,high,r0,2034,basic_valid,historical_reduced_form_mixture_tax,5000,-0.1196310905578359,-0.0680439976845889,-0.0195524912324162,0.0390118065035269,0.143735944895633,1.0,True,1.0,0.0,True,0.0,0.0,1.0082624077935514,1.019552491232416,0.0,0.0,1.0582624077935514,1.0695524912324164,0.0,0.0,1.1082624077935517,1.1195524912324162,0.0,0.0,1.2582624077935514,1.269552491232416,0.0,0.0,1.5082624077935514,1.519552491232416,0.0
official_4c_tierB_mc_baseline_official_v3,deterministic-engine-v1_official-runner,baseline-official-v3,v1.0.1-official-4c,MEX,GMI,GMI:GMI_loaded_aggregate,GMI_loaded_aggregate,high,r0,2034,support_valid,historical_reduced_form_mixture_tax,5000,-0.1196310905578359,-0.0680439976845889,-0.0195524912324162,0.0390118065035269,0.143735944895633,1.0,True,1.0,0.0,True,0.0,0.0,1.0082624077935514,1.019552491232416,0.0,0.0,1.0582624077935514,1.0695524912324164,0.0,0.0,1.1082624077935517,1.1195524912324162,0.0,0.0,1.2582624077935514,1.269552491232416,0.0,0.0,1.5082624077935514,1.519552491232416,0.0
official_4c_tierB_mc_baseline_official_v3,deterministic-engine-v1_official-runner,baseline-official-v3,v1.0.1-official-4c,MEX,GMI,GMI:GMI_loaded_aggregate,GMI_loaded_aggregate,high,r0,2034,all_draw,historical_reduced_form_positive_total_revenue,5000,-0.060680242598718,0.0142880550847404,0.0801311342475731,0.1634069854085901,0.3003102411195333,1.0,True,1.0,0.0,True,0.0,0.0,0.9041491361964904,0.9198688657524268,0.0,0.0,0.9541491361964906,0.9698688657524268,0.0,0.0,1.0041491361964905,1.0198688657524269,0.0,0.0,1.1541491361964904,1.1698688657524268,0.0,0.0,1.4041491361964904,1.4198688657524268,0.0
official_4c_tierB_mc_baseline_official_v3,deterministic-engine-v1_official-runner,baseline-official-v3,v1.0.1-official-4c,MEX,GMI,GMI:GMI_loaded_aggregate,GMI_loaded_aggregate,high,r0,2034,basic_valid,historical_reduced_form_positive_total_revenue,5000,-0.060680242598718,0.0142880550847404,0.0801311342475731,0.1634069854085901,0.3003102411195333,1.0,True,1.0,0.0,True,0.0,0.0,0.9041491361964904,0.9198688657524268,0.0,0.0,0.9541491361964906,0.9698688657524268,0.0,0.0,1.0041491361964905,1.0198688657524269,0.0,0.0,1.1541491361964904,1.1698688657524268,0.0,0.0,1.4041491361964904,1.4198688657524268,0.0
official_4c_tierB_mc_baseline_official_v3,deterministic-engine-v1_official-runner,baseline-official-v3,v1.0.1-official-4c,MEX,GMI,GMI:GMI_loaded_aggregate,GMI_loaded_aggregate,high,r0,2034,support_valid,historical_reduced_form_positive_total_revenue,5000,-0.060680242598718,0.0142880550847404,0.0801311342475731,0.1634069854085901,0.3003102411195333,1.0,True,1.0,0.0,True,0.0,0.0,0.9041491361964904,0.9198688657524268,0.0,0.0,0.9541491361964906,0.9698688657524268,0.0,0.0,1.0041491361964905,1.0198688657524269,0.0,0.0,1.1541491361964904,1.1698688657524268,0.0,0.0,1.4041491361964904,1.4198688657524268,0.0
official_4c_tierB_mc_baseline_official_v3,deterministic-engine-v1_official-runner,baseline-official-v3,v1.0.1-official-4c,MEX,GMI,GMI:GMI_loaded_aggregate,GMI_loaded_aggregate,high,r0,2034,all_draw,historical_reduced_form_mixture_total_revenue,5000,-0.0612392703537698,0.0139991030847228,0.0810591063772178,0.1625207770302132,0.3114225393448169,1.0,True,1.0,0.0,True,0.0,0.0,0.9033718956556468,0.918940893622782,0.0,0.0,0.9533718956556472,0.968940893622782,0.0,0.0,1.0033718956556472,1.0189408936227822,0.0,0.0,1.1533718956556474,1.168940893622782,0.0,0.0,1.4033718956556471,1.418940893622782,0.0
official_4c_tierB_mc_baseline_official_v3,deterministic-engine-v1_official-runner,baseline-official-v3,v1.0.1-official-4c,MEX,GMI,GMI:GMI_loaded_aggregate,GMI_loaded_aggregate,high,r0,2034,basic_valid,historical_reduced_form_mixture_total_revenue,5000,-0.0612392703537698,0.0139991030847228,0.0810591063772178,0.1625207770302132,0.3114225393448169,1.0,True,1.0,0.0,True,0.0,0.0,0.9033718956556468,0.918940893622782,0.0,0.0,0.9533718956556472,0.968940893622782,0.0,0.0,1.0033718956556472,1.0189408936227822,0.0,0.0,1.1533718956556474,1.168940893622782,0.0,0.0,1.4033718956556471,1.418940893622782,0.0
official_4c_tierB_mc_baseline_official_v3,deterministic-engine-v1_official-runner,baseline-official-v3,v1.0.1-official-4c,MEX,GMI,GMI:GMI_loaded_aggregate,GMI_loaded_aggregate,high,r0,2034,support_valid,historical_reduced_form_mixture_total_revenue,5000,-0.0612392703537698,0.0139991030847228,0.0810591063772178,0.1625207770302132,0.3114225393448169,1.0,True,1.0,0.0,True,0.0,0.0,0.9033718956556468,0.918940893622782,0.0,0.0,0.9533718956556472,0.968940893622782,0.0,0.0,1.0033718956556472,1.0189408936227822,0.0,0.0,1.1533718956556474,1.168940893622782,0.0,0.0,1.4033718956556471,1.418940893622782,0.0
official_4c_tierB_mc_baseline_official_v3,deterministic-engine-v1_official-runner,baseline-official-v3,v1.0.1-official-4c,MEX,MUT,MUT,,high,r0,2034,all_draw,historical_reduced_form_positive_tax,5000,0.0169391548169721,0.0368394435706232,0.0548736722513376,0.0770683326865071,0.1184277086610038,1.0,True,1.0,0.0,True,0.0,0.0,0.9406841729662624,0.9451263277486625,0.0,0.0,0.9906841729662624,0.9951263277486624,0.0,0.0,1.0406841729662626,1.0451263277486624,0.0,0.0,1.1906841729662625,1.1951263277486623,0.0,0.0,1.4406841729662625,1.4451263277486623,0.0
official_4c_tierB_mc_baseline_official_v3,deterministic-engine-v1_official-runner,baseline-official-v3,v1.0.1-official-4c,MEX,MUT,MUT,,high,r0,2034,basic_valid,historical_reduced_form_positive_tax,5000,0.0169391548169721,0.0368394435706232,0.0548736722513376,0.0770683326865071,0.1184277086610038,1.0,True,1.0,0.0,True,0.0,0.0,0.9406841729662624,0.9451263277486625,0.0,0.0,0.9906841729662624,0.9951263277486624,0.0,0.0,1.0406841729662626,1.0451263277486624,0.0,0.0,1.1906841729662625,1.1951263277486623,0.0,0.0,1.4406841729662625,1.4451263277486623,0.0
official_4c_tierB_mc_baseline_official_v3,deterministic-engine-v1_official-runner,baseline-official-v3,v1.0.1-official-4c,MEX,MUT,MUT,,high,r0,2034,support_valid,historical_reduced_form_positive_tax,5000,0.0169391548169721,0.0368394435706232,0.0548736722513376,0.0770683326865071,0.1184277086610038,1.0,True,1.0,0.0,True,0.0,0.0,0.9406841729662624,0.9451263277486625,0.0,0.0,0.9906841729662624,0.9951263277486624,0.0,0.0,1.0406841729662626,1.0451263277486624,0.0,0.0,1.1906841729662625,1.1951263277486623,0.0,0.0,1.4406841729662625,1.4451263277486623,0.0
official_4c_tierB_mc_baseline_official_v3,deterministic-engine-v1_official-runner,baseline-official-v3,v1.0.1-official-4c,MEX,MUT,MUT,,high,r0,2034,all_draw,historical_reduced_form_mixture_tax,5000,0.0165965129016781,0.0369840941522201,0.0543584305661591,0.0765204734085798,0.1179829547713132,1.0,True,1.0,0.0,True,0.0,0.0,0.9408216218027002,0.9456415694338408,0.0,0.0,0.9908216218027004,0.9956415694338407,0.0,0.0,1.0408216218027004,1.0456415694338408,0.0,0.0,1.1908216218027003,1.1956415694338407,0.0,0.0,1.4408216218027003,1.4456415694338407,0.0
official_4c_tierB_mc_baseline_official_v3,deterministic-engine-v1_official-runner,baseline-official-v3,v1.0.1-official-4c,MEX,MUT,MUT,,high,r0,2034,basic_valid,historical_reduced_form_mixture_tax,5000,0.0165965129016781,0.0369840941522201,0.0543584305661591,0.0765204734085798,0.1179829547713132,1.0,True,1.0,0.0,True,0.0,0.0,0.9408216218027002,0.9456415694338408,0.0,0.0,0.9908216218027004,0.9956415694338407,0.0,0.0,1.0408216218027004,1.0456415694338408,0.0,0.0,1.1908216218027003,1.1956415694338407,0.0,0.0,1.4408216218027003,1.4456415694338407,0.0
official_4c_tierB_mc_baseline_official_v3,deterministic-engine-v1_official-runner,baseline-official-v3,v1.0.1-official-4c,MEX,MUT,MUT,,high,r0,2034,support_valid,historical_reduced_form_mixture_tax,5000,0.0165965129016781,0.0369840941522201,0.0543584305661591,0.0765204734085798,0.1179829547713132,1.0,True,1.0,0.0,True,0.0,0.0,0.9408216218027002,0.9456415694338408,0.0,0.0,0.9908216218027004,0.9956415694338407,0.0,0.0,1.0408216218027004,1.0456415694338408,0.0,0.0,1.1908216218027003,1.1956415694338407,0.0,0.0,1.4408216218027003,1.4456415694338407,0.0
official_4c_tierB_mc_baseline_official_v3,deterministic-engine-v1_official-runner,baseline-official-v3,v1.0.1-official-4c,MEX,MUT,MUT,,high,r0,2034,all_draw,historical_reduced_form_positive_total_revenue,5000,0.0392039972968445,0.0676988341594525,0.0946056872626645,0.1250259283036954,0.1778697615138352,1.0,True,1.0,0.0,True,0.0,0.0,0.9004632758846914,0.9053943127373354,0.0,0.0,0.9504632758846914,0.9553943127373354,0.0,0.0,1.0004632758846914,1.0053943127373357,0.0,0.0,1.150463275884691,1.1553943127373354,0.0,0.0,1.400463275884691,1.4053943127373354,0.0
official_4c_tierB_mc_baseline_official_v3,deterministic-engine-v1_official-runner,baseline-official-v3,v1.0.1-official-4c,MEX,MUT,MUT,,high,r0,2034,basic_valid,historical_reduced_form_positive_total_revenue,5000,0.0392039972968445,0.0676988341594525,0.0946056872626645,0.1250259283036954,0.1778697615138352,1.0,True,1.0,0.0,True,0.0,0.0,0.9004632758846914,0.9053943127373354,0.0,0.0,0.9504632758846914,0.9553943127373354,0.0,0.0,1.0004632758846914,1.0053943127373357,0.0,0.0,1.150463275884691,1.1553943127373354,0.0,0.0,1.400463275884691,1.4053943127373354,0.0
official_4c_tierB_mc_baseline_official_v3,deterministic-engine-v1_official-runner,baseline-official-v3,v1.0.1-official-4c,MEX,MUT,MUT,,high,r0,2034,support_valid,historical_reduced_form_positive_total_revenue,5000,0.0392039972968445,0.0676988341594525,0.0946056872626645,0.1250259283036954,0.1778697615138352,1.0,True,1.0,0.0,True,0.0,0.0,0.9004632758846914,0.9053943127373354,0.0,0.0,0.9504632758846914,0.9553943127373354,0.0,0.0,1.0004632758846914,1.0053943127373357,0.0,0.0,1.150463275884691,1.1553943127373354,0.0,0.0,1.400463275884691,1.4053943127373354,0.0
official_4c_tierB_mc_baseline_official_v3,deterministic-engine-v1_official-runner,baseline-official-v3,v1.0.1-official-4c,MEX,MUT,MUT,,high,r0,2034,all_draw,historical_reduced_form_mixture_total_revenue,5000,0.0406826579015784,0.0677965023628624,0.0930241960000514,0.124542681368354,0.1800839310829929,1.0,True,1.0,0.0,True,0.0,0.0,0.9007797751149804,0.9069758039999486,0.0,0.0,0.9507797751149802,0.9569758039999486,0.0,0.0,1.0007797751149805,1.0069758039999486,0.0,0.0,1.1507797751149802,1.1569758039999485,0.0,0.0,1.4007797751149802,1.4069758039999485,0.0
official_4c_tierB_mc_baseline_official_v3,deterministic-engine-v1_official-runner,baseline-official-v3,v1.0.1-official-4c,MEX,MUT,MUT,,high,r0,2034,basic_valid,historical_reduced_form_mixture_total_revenue,5000,0.0406826579015784,0.0677965023628624,0.0930241960000514,0.124542681368354,0.1800839310829929,1.0,True,1.0,0.0,True,0.0,0.0,0.9007797751149804,0.9069758039999486,0.0,0.0,0.9507797751149802,0.9569758039999486,0.0,0.0,1.0007797751149805,1.0069758039999486,0.0,0.0,1.1507797751149802,1.1569758039999485,0.0,0.0,1.4007797751149802,1.4069758039999485,0.0
official_4c_tierB_mc_baseline_official_v3,deterministic-engine-v1_official-runner,baseline-official-v3,v1.0.1-official-4c,MEX,MUT,MUT,,high,r0,2034,support_valid,historical_reduced_form_mixture_total_revenue,5000,0.0406826579015784,0.0677965023628624,0.0930241960000514,0.124542681368354,0.1800839310829929,1.0,True,1.0,0.0,True,0.0,0.0,0.9007797751149804,0.9069758039999486,0.0,0.0,0.9507797751149802,0.9569758039999486,0.0,0.0,1.0007797751149805,1.0069758039999486,0.0,0.0,1.1507797751149802,1.1569758039999485,0.0,0.0,1.4007797751149802,1.4069758039999485,0.0
official_4c_tierB_mc_baseline_official_v3,deterministic-engine-v1_official-runner,baseline-official-v3,v1.0.1-official-4c,MEX,PBI,PBI,,high,r0,2034,all_draw,historical_reduced_form_positive_tax,5000,0.0159656446916095,0.0296274120968072,0.0417468094415986,0.0567419032519651,0.083876665315838,1.0,True,1.0,0.0,True,0.0,0.0,0.9553202454692216,0.9582531905584012,0.0,0.0,1.0053202454692214,1.0082531905584011,0.0,0.0,1.0553202454692214,1.0582531905584016,0.0,0.0,1.2053202454692216,1.2082531905584015,0.0,0.0,1.4553202454692216,1.4582531905584015,0.0
official_4c_tierB_mc_baseline_official_v3,deterministic-engine-v1_official-runner,baseline-official-v3,v1.0.1-official-4c,MEX,PBI,PBI,,high,r0,2034,basic_valid,historical_reduced_form_positive_tax,5000,0.0159656446916095,0.0296274120968072,0.0417468094415986,0.0567419032519651,0.083876665315838,1.0,True,1.0,0.0,True,0.0,0.0,0.9553202454692216,0.9582531905584012,0.0,0.0,1.0053202454692214,1.0082531905584011,0.0,0.0,1.0553202454692214,1.0582531905584016,0.0,0.0,1.2053202454692216,1.2082531905584015,0.0,0.0,1.4553202454692216,1.4582531905584015,0.0
official_4c_tierB_mc_baseline_official_v3,deterministic-engine-v1_official-runner,baseline-official-v3,v1.0.1-official-4c,MEX,PBI,PBI,,high,r0,2034,support_valid,historical_reduced_form_positive_tax,5000,0.0159656446916095,0.0296274120968072,0.0417468094415986,0.0567419032519651,0.083876665315838,1.0,True,1.0,0.0,True,0.0,0.0,0.9553202454692216,0.9582531905584012,0.0,0.0,1.0053202454692214,1.0082531905584011,0.0,0.0,1.0553202454692214,1.0582531905584016,0.0,0.0,1.2053202454692216,1.2082531905584015,0.0,0.0,1.4553202454692216,1.4582531905584015,0.0
official_4c_tierB_mc_baseline_official_v3,deterministic-engine-v1_official-runner,baseline-official-v3,v1.0.1-official-4c,MEX,PBI,PBI,,high,r0,2034,all_draw,historical_reduced_form_mixture_tax,5000,0.0165719964735675,0.029115393023059,0.041207636545284,0.0567295445794524,0.0845130435671253,1.0,True,1.0,0.0,True,0.0,0.0,0.9553673563688572,0.958792363454716,0.0,0.0,1.0053673563688574,1.008792363454716,0.0,0.0,1.0553673563688573,1.058792363454716,0.0,0.0,1.2053673563688576,1.208792363454716,0.0,0.0,1.4553673563688574,1.458792363454716,0.0
official_4c_tierB_mc_baseline_official_v3,deterministic-engine-v1_official-runner,baseline-official-v3,v1.0.1-official-4c,MEX,PBI,PBI,,high,r0,2034,basic_valid,historical_reduced_form_mixture_tax,5000,0.0165719964735675,0.029115393023059,0.041207636545284,0.0567295445794524,0.0845130435671253,1.0,True,1.0,0.0,True,0.0,0.0,0.9553673563688572,0.958792363454716,0.0,0.0,1.0053673563688574,1.008792363454716,0.0,0.0,1.0553673563688573,1.058792363454716,0.0,0.0,1.2053673563688576,1.208792363454716,0.0,0.0,1.4553673563688574,1.458792363454716,0.0
official_4c_tierB_mc_baseline_official_v3,deterministic-engine-v1_official-runner,baseline-official-v3,v1.0.1-official-4c,MEX,PBI,PBI,,high,r0,2034,support_valid,historical_reduced_form_mixture_tax,5000,0.0165719964735675,0.029115393023059,0.041207636545284,0.0567295445794524,0.0845130435671253,1.0,True,1.0,0.0,True,0.0,0.0,0.9553673563688572,0.958792363454716,0.0,0.0,1.0053673563688574,1.008792363454716,0.0,0.0,1.0553673563688573,1.058792363454716,0.0,0.0,1.2053673563688576,1.208792363454716,0.0,0.0,1.4553673563688574,1.458792363454716,0.0
official_4c_tierB_mc_baseline_official_v3,deterministic-engine-v1_official-runner,baseline-official-v3,v1.0.1-official-4c,MEX,PBI,PBI,,high,r0,2034,all_draw,historical_reduced_form_positive_total_revenue,5000,0.0313662186547073,0.0501653306585839,0.0675990653433973,0.0889603377801178,0.1243444081524649,1.0,True,1.0,0.0,True,0.0,0.0,0.928549182552156,0.9324009346566028,0.0,0.0,0.978549182552156,0.9824009346566028,0.0,0.0,1.0285491825521562,1.0324009346566028,0.0,0.0,1.178549182552156,1.182400934656603,0.0,0.0,1.428549182552156,1.432400934656603,0.0
official_4c_tierB_mc_baseline_official_v3,deterministic-engine-v1_official-runner,baseline-official-v3,v1.0.1-official-4c,MEX,PBI,PBI,,high,r0,2034,basic_valid,historical_reduced_form_positive_total_revenue,5000,0.0313662186547073,0.0501653306585839,0.0675990653433973,0.0889603377801178,0.1243444081524649,1.0,True,1.0,0.0,True,0.0,0.0,0.928549182552156,0.9324009346566028,0.0,0.0,0.978549182552156,0.9824009346566028,0.0,0.0,1.0285491825521562,1.0324009346566028,0.0,0.0,1.178549182552156,1.182400934656603,0.0,0.0,1.428549182552156,1.432400934656603,0.0
official_4c_tierB_mc_baseline_official_v3,deterministic-engine-v1_official-runner,baseline-official-v3,v1.0.1-official-4c,MEX,PBI,PBI,,high,r0,2034,support_valid,historical_reduced_form_positive_total_revenue,5000,0.0313662186547073,0.0501653306585839,0.0675990653433973,0.0889603377801178,0.1243444081524649,1.0,True,1.0,0.0,True,0.0,0.0,0.928549182552156,0.9324009346566028,0.0,0.0,0.978549182552156,0.9824009346566028,0.0,0.0,1.0285491825521562,1.0324009346566028,0.0,0.0,1.178549182552156,1.182400934656603,0.0,0.0,1.428549182552156,1.432400934656603,0.0
official_4c_tierB_mc_baseline_official_v3,deterministic-engine-v1_official-runner,baseline-official-v3,v1.0.1-official-4c,MEX,PBI,PBI,,high,r0,2034,all_draw,historical_reduced_form_mixture_total_revenue,5000,0.0318937630785253,0.0502859746404364,0.0673743681885271,0.0884702705899682,0.1251664575502107,1.0,True,1.0,0.0,True,0.0,0.0,0.9286995105369804,0.932625631811473,0.0,0.0,0.9786995105369805,0.982625631811473,0.0,0.0,1.0286995105369805,1.032625631811473,0.0,0.0,1.1786995105369804,1.182625631811473,0.0,0.0,1.4286995105369804,1.432625631811473,0.0
official_4c_tierB_mc_baseline_official_v3,deterministic-engine-v1_official-runner,baseline-official-v3,v1.0.1-official-4c,MEX,PBI,PBI,,high,r0,2034,basic_valid,historical_reduced_form_mixture_total_revenue,5000,0.0318937630785253,0.0502859746404364,0.0673743681885271,0.0884702705899682,0.1251664575502107,1.0,True,1.0,0.0,True,0.0,0.0,0.9286995105369804,0.932625631811473,0.0,0.0,0.9786995105369805,0.982625631811473,0.0,0.0,1.0286995105369805,1.032625631811473,0.0,0.0,1.1786995105369804,1.182625631811473,0.0,0.0,1.4286995105369804,1.432625631811473,0.0
official_4c_tierB_mc_baseline_official_v3,deterministic-engine-v1_official-runner,baseline-official-v3,v1.0.1-official-4c,MEX,PBI,PBI,,high,r0,2034,support_valid,historical_reduced_form_mixture_total_revenue,5000,0.0318937630785253,0.0502859746404364,0.0673743681885271,0.0884702705899682,0.1251664575502107,1.0,True,1.0,0.0,True,0.0,0.0,0.9286995105369804,0.932625631811473,0.0,0.0,0.9786995105369805,0.982625631811473,0.0,0.0,1.0286995105369805,1.032625631811473,0.0,0.0,1.1786995105369804,1.182625631811473,0.0,0.0,1.4286995105369804,1.432625631811473,0.0
official_4c_tierB_mc_baseline_official_v3,deterministic-engine-v1_official-runner,baseline-official-v3,v1.0.1-official-4c,MEX,UBI,UBI,,high,r0,2034,all_draw,historical_reduced_form_positive_tax,5000,0.0070192793458885,0.0120200744263097,0.0165232636779417,0.0222624458157227,0.0320624350124732,1.0,True,1.0,0.0,True,0.0,0.0,0.9823527443885568,0.9834767363220582,0.0,0.0,1.0323527443885567,1.0334767363220585,0.0,0.0,1.0823527443885568,1.0834767363220583,0.0,0.0,1.232352744388557,1.2334767363220582,0.0,0.0,1.482352744388557,1.4834767363220582,0.0
official_4c_tierB_mc_baseline_official_v3,deterministic-engine-v1_official-runner,baseline-official-v3,v1.0.1-official-4c,MEX,UBI,UBI,,high,r0,2034,basic_valid,historical_reduced_form_positive_tax,5000,0.0070192793458885,0.0120200744263097,0.0165232636779417,0.0222624458157227,0.0320624350124732,1.0,True,1.0,0.0,True,0.0,0.0,0.9823527443885568,0.9834767363220582,0.0,0.0,1.0323527443885567,1.0334767363220585,0.0,0.0,1.0823527443885568,1.0834767363220583,0.0,0.0,1.232352744388557,1.2334767363220582,0.0,0.0,1.482352744388557,1.4834767363220582,0.0
official_4c_tierB_mc_baseline_official_v3,deterministic-engine-v1_official-runner,baseline-official-v3,v1.0.1-official-4c,MEX,UBI,UBI,,high,r0,2034,support_valid,historical_reduced_form_positive_tax,5000,0.0070192793458885,0.0120200744263097,0.0165232636779417,0.0222624458157227,0.0320624350124732,1.0,True,1.0,0.0,True,0.0,0.0,0.9823527443885568,0.9834767363220582,0.0,0.0,1.0323527443885567,1.0334767363220585,0.0,0.0,1.0823527443885568,1.0834767363220583,0.0,0.0,1.232352744388557,1.2334767363220582,0.0,0.0,1.482352744388557,1.4834767363220582,0.0
official_4c_tierB_mc_baseline_official_v3,deterministic-engine-v1_official-runner,baseline-official-v3,v1.0.1-official-4c,MEX,UBI,UBI,,high,r0,2034,all_draw,historical_reduced_form_mixture_tax,5000,0.0070342745532504,0.0119715281511507,0.0163956876855106,0.0219856864125055,0.0321237655641252,1.0,True,1.0,0.0,True,0.0,0.0,0.9824322441409532,0.9836043123144892,0.0,0.0,1.0324322441409532,1.0336043123144891,0.0,0.0,1.0824322441409533,1.0836043123144894,0.0,0.0,1.2324322441409532,1.2336043123144893,0.0,0.0,1.4824322441409532,1.4836043123144893,0.0
official_4c_tierB_mc_baseline_official_v3,deterministic-engine-v1_official-runner,baseline-official-v3,v1.0.1-official-4c,MEX,UBI,UBI,,high,r0,2034,basic_valid,historical_reduced_form_mixture_tax,5000,0.0070342745532504,0.0119715281511507,0.0163956876855106,0.0219856864125055,0.0321237655641252,1.0,True,1.0,0.0,True,0.0,0.0,0.9824322441409532,0.9836043123144892,0.0,0.0,1.0324322441409532,1.0336043123144891,0.0,0.0,1.0824322441409533,1.0836043123144894,0.0,0.0,1.2324322441409532,1.2336043123144893,0.0,0.0,1.4824322441409532,1.4836043123144893,0.0
official_4c_tierB_mc_baseline_official_v3,deterministic-engine-v1_official-runner,baseline-official-v3,v1.0.1-official-4c,MEX,UBI,UBI,,high,r0,2034,support_valid,historical_reduced_form_mixture_tax,5000,0.0070342745532504,0.0119715281511507,0.0163956876855106,0.0219856864125055,0.0321237655641252,1.0,True,1.0,0.0,True,0.0,0.0,0.9824322441409532,0.9836043123144892,0.0,0.0,1.0324322441409532,1.0336043123144891,0.0,0.0,1.0824322441409533,1.0836043123144894,0.0,0.0,1.2324322441409532,1.2336043123144893,0.0,0.0,1.4824322441409532,1.4836043123144893,0.0
official_4c_tierB_mc_baseline_official_v3,deterministic-engine-v1_official-runner,baseline-official-v3,v1.0.1-official-4c,MEX,UBI,UBI,,high,r0,2034,all_draw,historical_reduced_form_positive_total_revenue,5000,0.0129093730316127,0.0198508676238445,0.0262550378567911,0.0340956762574097,0.0473801481493305,1.0,True,1.0,0.0,True,0.0,0.0,0.972257532641702,0.9737449621432088,0.0,0.0,1.022257532641702,1.0237449621432089,0.0,0.0,1.072257532641702,1.0737449621432091,0.0,0.0,1.222257532641702,1.223744962143209,0.0,0.0,1.472257532641702,1.473744962143209,0.0
official_4c_tierB_mc_baseline_official_v3,deterministic-engine-v1_official-runner,baseline-official-v3,v1.0.1-official-4c,MEX,UBI,UBI,,high,r0,2034,basic_valid,historical_reduced_form_positive_total_revenue,5000,0.0129093730316127,0.0198508676238445,0.0262550378567911,0.0340956762574097,0.0473801481493305,1.0,True,1.0,0.0,True,0.0,0.0,0.972257532641702,0.9737449621432088,0.0,0.0,1.022257532641702,1.0237449621432089,0.0,0.0,1.072257532641702,1.0737449621432091,0.0,0.0,1.222257532641702,1.223744962143209,0.0,0.0,1.472257532641702,1.473744962143209,0.0
official_4c_tierB_mc_baseline_official_v3,deterministic-engine-v1_official-runner,baseline-official-v3,v1.0.1-official-4c,MEX,UBI,UBI,,high,r0,2034,support_valid,historical_reduced_form_positive_total_revenue,5000,0.0129093730316127,0.0198508676238445,0.0262550378567911,0.0340956762574097,0.0473801481493305,1.0,True,1.0,0.0,True,0.0,0.0,0.972257532641702,0.9737449621432088,0.0,0.0,1.022257532641702,1.0237449621432089,0.0,0.0,1.072257532641702,1.0737449621432091,0.0,0.0,1.222257532641702,1.223744962143209,0.0,0.0,1.472257532641702,1.473744962143209,0.0
official_4c_tierB_mc_baseline_official_v3,deterministic-engine-v1_official-runner,baseline-official-v3,v1.0.1-official-4c,MEX,UBI,UBI,,high,r0,2034,all_draw,historical_reduced_form_mixture_total_revenue,5000,0.0126012053881221,0.0197666770922378,0.0264282975861315,0.0340464949605639,0.0473336282110762,1.0,True,1.0,0.0,True,0.0,0.0,0.9723452739406514,0.9735717024138684,0.0,0.0,1.0223452739406511,1.0235717024138684,0.0,0.0,1.0723452739406516,1.073571702413869,0.0,0.0,1.2223452739406515,1.2235717024138686,0.0,0.0,1.4723452739406515,1.4735717024138686,0.0
official_4c_tierB_mc_baseline_official_v3,deterministic-engine-v1_official-runner,baseline-official-v3,v1.0.1-official-4c,MEX,UBI,UBI,,high,r0,2034,basic_valid,historical_reduced_form_mixture_total_revenue,5000,0.0126012053881221,0.0197666770922378,0.0264282975861315,0.0340464949605639,0.0473336282110762,1.0,True,1.0,0.0,True,0.0,0.0,0.9723452739406514,0.9735717024138684,0.0,0.0,1.0223452739406511,1.0235717024138684,0.0,0.0,1.0723452739406516,1.073571702413869,0.0,0.0,1.2223452739406515,1.2235717024138686,0.0,0.0,1.4723452739406515,1.4735717024138686,0.0
official_4c_tierB_mc_baseline_official_v3,deterministic-engine-v1_official-runner,baseline-official-v3,v1.0.1-official-4c,MEX,UBI,UBI,,high,r0,2034,support_valid,historical_reduced_form_mixture_total_revenue,5000,0.0126012053881221,0.0197666770922378,0.0264282975861315,0.0340464949605639,0.0473336282110762,1.0,True,1.0,0.0,True,0.0,0.0,0.9723452739406514,0.9735717024138684,0.0,0.0,1.0223452739406511,1.0235717024138684,0.0,0.0,1.0723452739406516,1.073571702413869,0.0,0.0,1.2223452739406515,1.2235717024138686,0.0,0.0,1.4723452739406515,1.4735717024138686,0.0
official_4c_tierB_mc_baseline_official_v3,deterministic-engine-v1_official-runner,baseline-official-v3,v1.0.1-official-4c,MEX,PEN,PEN,,stress,r0,2034,all_draw,historical_reduced_form_positive_tax,5000,0.520516354807372,0.7526477798376419,0.957738487078829,1.2176769963128504,1.6724597354572917,1.0,True,1.0,0.3544,True,0.4552,0.0,0.2483618909655528,0.2268357660635297,0.4032,0.0,0.2745779169437586,0.2575002087133573,0.3544,0.0,0.3019205683030251,0.2893532449559773,0.2254,0.0,0.3899015421730739,0.3895920145545085,0.0992,0.0,0.5711345245395788,0.5875014907352131,0.4552
official_4c_tierB_mc_baseline_official_v3,deterministic-engine-v1_official-runner,baseline-official-v3,v1.0.1-official-4c,MEX,PEN,PEN,,stress,r0,2034,basic_valid,historical_reduced_form_positive_tax,5000,0.520516354807372,0.7526477798376419,0.957738487078829,1.2176769963128504,1.6724597354572917,1.0,True,1.0,0.3544,True,0.4552,0.0,0.2483618909655528,0.2268357660635297,0.4032,0.0,0.2745779169437586,0.2575002087133573,0.3544,0.0,0.3019205683030251,0.2893532449559773,0.2254,0.0,0.3899015421730739,0.3895920145545085,0.0992,0.0,0.5711345245395788,0.5875014907352131,0.4552
official_4c_tierB_mc_baseline_official_v3,deterministic-engine-v1_official-runner,baseline-official-v3,v1.0.1-official-4c,MEX,PEN,PEN,,stress,r0,2034,support_valid,historical_reduced_form_positive_tax,5000,0.520516354807372,0.7526477798376419,0.957738487078829,1.2176769963128504,1.6724597354572917,1.0,True,1.0,0.3544,True,0.4552,0.0,0.2483618909655528,0.2268357660635297,0.4032,0.0,0.2745779169437586,0.2575002087133573,0.3544,0.0,0.3019205683030251,0.2893532449559773,0.2254,0.0,0.3899015421730739,0.3895920145545085,0.0992,0.0,0.5711345245395788,0.5875014907352131,0.4552
official_4c_tierB_mc_baseline_official_v3,deterministic-engine-v1_official-runner,baseline-official-v3,v1.0.1-official-4c,MEX,PEN,PEN,,stress,r0,2034,all_draw,historical_reduced_form_mixture_tax,5000,0.5208230285028884,0.7474934366754721,0.9566459284032932,1.2034468612090643,1.6540099042839238,1.0,True,1.0,0.3486,True,0.452,0.0,0.2473781254484858,0.2317943646724764,0.3982,0.0,0.2730815282032892,0.2572188897272733,0.3486,0.0,0.3005959993099814,0.2871185003656312,0.22,0.0,0.3900485881704938,0.3841757399933642,0.087,0.0,0.5667720337276425,0.5777303824157373,0.452
official_4c_tierB_mc_baseline_official_v3,deterministic-engine-v1_official-runner,baseline-official-v3,v1.0.1-official-4c,MEX,PEN,PEN,,stress,r0,2034,basic_valid,historical_reduced_form_mixture_tax,5000,0.5208230285028884,0.7474934366754721,0.9566459284032932,1.2034468612090643,1.6540099042839238,1.0,True,1.0,0.3486,True,0.452,0.0,0.2473781254484858,0.2317943646724764,0.3982,0.0,0.2730815282032892,0.2572188897272733,0.3486,0.0,0.3005959993099814,0.2871185003656312,0.22,0.0,0.3900485881704938,0.3841757399933642,0.087,0.0,0.5667720337276425,0.5777303824157373,0.452
official_4c_tierB_mc_baseline_official_v3,deterministic-engine-v1_official-runner,baseline-official-v3,v1.0.1-official-4c,MEX,PEN,PEN,,stress,r0,2034,support_valid,historical_reduced_form_mixture_tax,5000,0.5208230285028884,0.7474934366754721,0.9566459284032932,1.2034468612090643,1.6540099042839238,1.0,True,1.0,0.3486,True,0.452,0.0,0.2473781254484858,0.2317943646724764,0.3982,0.0,0.2730815282032892,0.2572188897272733,0.3486,0.0,0.3005959993099814,0.2871185003656312,0.22,0.0,0.3900485881704938,0.3841757399933642,0.087,0.0,0.5667720337276425,0.5777303824157373,0.452
official_4c_tierB_mc_baseline_official_v3,deterministic-engine-v1_official-runner,baseline-official-v3,v1.0.1-official-4c,MEX,PEN,PEN,,stress,r0,2034,all_draw,historical_reduced_form_positive_total_revenue,5000,0.8457250095057495,1.152504298844712,1.4399051015749682,1.7941518704605637,2.370228994316368,1.0,True,1.0,0.7956,True,0.8656,0.0048,0.1420173286087799,0.1167968278449153,0.83,0.004,0.157075808276693,0.1301404454455384,0.7956,0.0028,0.1762259883235103,0.1430342007776432,0.6682,0.0014,0.2299603018153438,0.2055587751739236,0.4506,0.0008,0.3401824786360028,0.3179959607376041,0.8656
official_4c_tierB_mc_baseline_official_v3,deterministic-engine-v1_official-runner,baseline-official-v3,v1.0.1-official-4c,MEX,PEN,PEN,,stress,r0,2034,basic_valid,historical_reduced_form_positive_total_revenue,5000,0.8457250095057495,1.152504298844712,1.4399051015749682,1.7941518704605637,2.370228994316368,1.0,True,1.0,0.7956,True,0.8656,0.0048,0.1420173286087799,0.1167968278449153,0.83,0.004,0.157075808276693,0.1301404454455384,0.7956,0.0028,0.1762259883235103,0.1430342007776432,0.6682,0.0014,0.2299603018153438,0.2055587751739236,0.4506,0.0008,0.3401824786360028,0.3179959607376041,0.8656
official_4c_tierB_mc_baseline_official_v3,deterministic-engine-v1_official-runner,baseline-official-v3,v1.0.1-official-4c,MEX,PEN,PEN,,stress,r0,2034,support_valid,historical_reduced_form_positive_total_revenue,5000,0.8457250095057495,1.152504298844712,1.4399051015749682,1.7941518704605637,2.370228994316368,1.0,True,1.0,0.7956,True,0.8656,0.0048,0.1420173286087799,0.1167968278449153,0.83,0.004,0.157075808276693,0.1301404454455384,0.7956,0.0028,0.1762259883235103,0.1430342007776432,0.6682,0.0014,0.2299603018153438,0.2055587751739236,0.4506,0.0008,0.3401824786360028,0.3179959607376041,0.8656
official_4c_tierB_mc_baseline_official_v3,deterministic-engine-v1_official-runner,baseline-official-v3,v1.0.1-official-4c,MEX,PEN,PEN,,stress,r0,2034,all_draw,historical_reduced_form_mixture_total_revenue,5000,0.8419567225447894,1.155730402706747,1.4513576828580423,1.7958563264257807,2.3867719360018453,1.0,True,1.0,0.7996,True,0.8658,0.0044,0.1447878174013847,0.1227587890677966,0.8356,0.0036,0.1636484045655745,0.1404579719055407,0.7996,0.0032,0.1798610958319893,0.1571523646123328,0.6704,0.0022,0.2301505747582002,0.1994021606535378,0.4612,0.001,0.3431350889633461,0.318290092624063,0.8658
official_4c_tierB_mc_baseline_official_v3,deterministic-engine-v1_official-runner,baseline-official-v3,v1.0.1-official-4c,MEX,PEN,PEN,,stress,r0,2034,basic_valid,historical_reduced_form_mixture_total_revenue,5000,0.8419567225447894,1.155730402706747,1.4513576828580423,1.7958563264257807,2.3867719360018453,1.0,True,1.0,0.7996,True,0.8658,0.0044,0.1447878174013847,0.1227587890677966,0.8356,0.0036,0.1636484045655745,0.1404579719055407,0.7996,0.0032,0.1798610958319893,0.1571523646123328,0.6704,0.0022,0.2301505747582002,0.1994021606535378,0.4612,0.001,0.3431350889633461,0.318290092624063,0.8658
official_4c_tierB_mc_baseline_official_v3,deterministic-engine-v1_official-runner,baseline-official-v3,v1.0.1-official-4c,MEX,PEN,PEN,,stress,r0,2034,support_valid,historical_reduced_form_mixture_total_revenue,5000,0.8419567225447894,1.155730402706747,1.4513576828580423,1.7958563264257807,2.3867719360018453,1.0,True,1.0,0.7996,True,0.8658,0.0044,0.1447878174013847,0.1227587890677966,0.8356,0.0036,0.1636484045655745,0.1404579719055407,0.7996,0.0032,0.1798610958319893,0.1571523646123328,0.6704,0.0022,0.2301505747582002,0.1994021606535378,0.4612,0.001,0.3431350889633461,0.318290092624063,0.8658
official_4c_tierB_mc_baseline_official_v3,deterministic-engine-v1_official-runner,baseline-official-v3,v1.0.1-official-4c,MEX,GMI,GMI:GMI_ideal_aggregate,GMI_ideal_aggregate,stress,r0,2034,all_draw,historical_reduced_form_positive_tax,5000,0.6239557521514637,0.990099755663704,1.31345648325578,1.717704338897609,2.4510859070183257,1.0,True,1.0,0.6652,True,0.7422,0.0,0.2289003595752761,0.1963747759010022,0.7046,0.0,0.2467889570186027,0.213621423302509,0.6652,0.0,0.2645732375246098,0.2287246864470535,0.5476,0.0,0.326197573891726,0.2948362116706485,0.3736,0.0,0.4525588246939533,0.4246609573920931,0.7422
official_4c_tierB_mc_baseline_official_v3,deterministic-engine-v1_official-runner,baseline-official-v3,v1.0.1-official-4c,MEX,GMI,GMI:GMI_ideal_aggregate,GMI_ideal_aggregate,stress,r0,2034,basic_valid,historical_reduced_form_positive_tax,5000,0.6239557521514637,0.990099755663704,1.31345648325578,1.717704338897609,2.4510859070183257,1.0,True,1.0,0.6652,True,0.7422,0.0,0.2289003595752761,0.1963747759010022,0.7046,0.0,0.2467889570186027,0.213621423302509,0.6652,0.0,0.2645732375246098,0.2287246864470535,0.5476,0.0,0.326197573891726,0.2948362116706485,0.3736,0.0,0.4525588246939533,0.4246609573920931,0.7422
official_4c_tierB_mc_baseline_official_v3,deterministic-engine-v1_official-runner,baseline-official-v3,v1.0.1-official-4c,MEX,GMI,GMI:GMI_ideal_aggregate,GMI_ideal_aggregate,stress,r0,2034,support_valid,historical_reduced_form_positive_tax,5000,0.6239557521514637,0.990099755663704,1.31345648325578,1.717704338897609,2.4510859070183257,1.0,True,1.0,0.6652,True,0.7422,0.0,0.2289003595752761,0.1963747759010022,0.7046,0.0,0.2467889570186027,0.213621423302509,0.6652,0.0,0.2645732375246098,0.2287246864470535,0.5476,0.0,0.326197573891726,0.2948362116706485,0.3736,0.0,0.4525588246939533,0.4246609573920931,0.7422
official_4c_tierB_mc_baseline_official_v3,deterministic-engine-v1_official-runner,baseline-official-v3,v1.0.1-official-4c,MEX,GMI,GMI:GMI_ideal_aggregate,GMI_ideal_aggregate,stress,r0,2034,all_draw,historical_reduced_form_mixture_tax,5000,0.6425982498854322,0.9962205058234004,1.3217038334982874,1.70880212192015,2.4384483456683013,1.0,True,1.0,0.668,True,0.746,0.0002,0.2237428091860273,0.1979038400198194,0.709,0.0002,0.2419769701771154,0.2185838922373687,0.668,0.0002,0.2588160306865034,0.2316166025003431,0.5572,0.0,0.3254453506937436,0.2937487573083774,0.3762,0.0,0.446241775360074,0.4234504482544039,0.746
official_4c_tierB_mc_baseline_official_v3,deterministic-engine-v1_official-runner,baseline-official-v3,v1.0.1-official-4c,MEX,GMI,GMI:GMI_ideal_aggregate,GMI_ideal_aggregate,stress,r0,2034,basic_valid,historical_reduced_form_mixture_tax,5000,0.6425982498854322,0.9962205058234004,1.3217038334982874,1.70880212192015,2.4384483456683013,1.0,True,1.0,0.668,True,0.746,0.0002,0.2237428091860273,0.1979038400198194,0.709,0.0002,0.2419769701771154,0.2185838922373687,0.668,0.0002,0.2588160306865034,0.2316166025003431,0.5572,0.0,0.3254453506937436,0.2937487573083774,0.3762,0.0,0.446241775360074,0.4234504482544039,0.746
official_4c_tierB_mc_baseline_official_v3,deterministic-engine-v1_official-runner,baseline-official-v3,v1.0.1-official-4c,MEX,GMI,GMI:GMI_ideal_aggregate,GMI_ideal_aggregate,stress,r0,2034,support_valid,historical_reduced_form_mixture_tax,5000,0.6425982498854322,0.9962205058234004,1.3217038334982874,1.70880212192015,2.4384483456683013,1.0,True,1.0,0.668,True,0.746,0.0002,0.2237428091860273,0.1979038400198194,0.709,0.0002,0.2419769701771154,0.2185838922373687,0.668,0.0002,0.2588160306865034,0.2316166025003431,0.5572,0.0,0.3254453506937436,0.2937487573083774,0.3762,0.0,0.446241775360074,0.4234504482544039,0.746
official_4c_tierB_mc_baseline_official_v3,deterministic-engine-v1_official-runner,baseline-official-v3,v1.0.1-official-4c,MEX,GMI,GMI:GMI_ideal_aggregate,GMI_ideal_aggregate,stress,r0,2034,all_draw,historical_reduced_form_positive_total_revenue,5000,1.1362620776407175,1.6312002194012831,2.071350061113889,2.624070236945697,3.602935744192965,1.0,True,1.0,0.958,True,0.9762,0.0142,0.1344053595153282,0.1000610348090212,0.9686,0.012,0.1449771559837729,0.1127221721265698,0.958,0.0108,0.1516203147700633,0.1263369869126354,0.9184,0.007,0.1885976995025183,0.1554327048475819,0.8222,0.0028,0.2655552510599383,0.2280728785252954,0.9762
official_4c_tierB_mc_baseline_official_v3,deterministic-engine-v1_official-runner,baseline-official-v3,v1.0.1-official-4c,MEX,GMI,GMI:GMI_ideal_aggregate,GMI_ideal_aggregate,stress,r0,2034,basic_valid,historical_reduced_form_positive_total_revenue,5000,1.1362620776407175,1.6312002194012831,2.071350061113889,2.624070236945697,3.602935744192965,1.0,True,1.0,0.958,True,0.9762,0.0142,0.1344053595153282,0.1000610348090212,0.9686,0.012,0.1449771559837729,0.1127221721265698,0.958,0.0108,0.1516203147700633,0.1263369869126354,0.9184,0.007,0.1885976995025183,0.1554327048475819,0.8222,0.0028,0.2655552510599383,0.2280728785252954,0.9762
official_4c_tierB_mc_baseline_official_v3,deterministic-engine-v1_official-runner,baseline-official-v3,v1.0.1-official-4c,MEX,GMI,GMI:GMI_ideal_aggregate,GMI_ideal_aggregate,stress,r0,2034,support_valid,historical_reduced_form_positive_total_revenue,5000,1.1362620776407175,1.6312002194012831,2.071350061113889,2.624070236945697,3.602935744192965,1.0,True,1.0,0.958,True,0.9762,0.0142,0.1344053595153282,0.1000610348090212,0.9686,0.012,0.1449771559837729,0.1127221721265698,0.958,0.0108,0.1516203147700633,0.1263369869126354,0.9184,0.007,0.1885976995025183,0.1554327048475819,0.8222,0.0028,0.2655552510599383,0.2280728785252954,0.9762
official_4c_tierB_mc_baseline_official_v3,deterministic-engine-v1_official-runner,baseline-official-v3,v1.0.1-official-4c,MEX,GMI,GMI:GMI_ideal_aggregate,GMI_ideal_aggregate,stress,r0,2034,all_draw,historical_reduced_form_mixture_total_revenue,5000,1.133662900209735,1.6468480153229166,2.094740965668384,2.624834356259651,3.5060993199632287,1.0,True,1.0,0.9564,True,0.976,0.0102,0.1279044070573116,0.104624464403366,0.969,0.0096,0.1437083116657334,0.1297372854023128,0.9564,0.0086,0.1447779802888205,0.1137774461778026,0.918,0.0054,0.1892488770764745,0.1560753177767891,0.8224,0.002,0.2646898029060482,0.2277865649563997,0.976
official_4c_tierB_mc_baseline_official_v3,deterministic-engine-v1_official-runner,baseline-official-v3,v1.0.1-official-4c,MEX,GMI,GMI:GMI_ideal_aggregate,GMI_ideal_aggregate,stress,r0,2034,basic_valid,historical_reduced_form_mixture_total_revenue,5000,1.133662900209735,1.6468480153229166,2.094740965668384,2.624834356259651,3.5060993199632287,1.0,True,1.0,0.9564,True,0.976,0.0102,0.1279044070573116,0.104624464403366,0.969,0.0096,0.1437083116657334,0.1297372854023128,0.9564,0.0086,0.1447779802888205,0.1137774461778026,0.918,0.0054,0.1892488770764745,0.1560753177767891,0.8224,0.002,0.2646898029060482,0.2277865649563997,0.976
official_4c_tierB_mc_baseline_official_v3,deterministic-engine-v1_official-runner,baseline-official-v3,v1.0.1-official-4c,MEX,GMI,GMI:GMI_ideal_aggregate,GMI_ideal_aggregate,stress,r0,2034,support_valid,historical_reduced_form_mixture_total_revenue,5000,1.133662900209735,1.6468480153229166,2.094740965668384,2.624834356259651,3.5060993199632287,1.0,True,1.0,0.9564,True,0.976,0.0102,0.1279044070573116,0.104624464403366,0.969,0.0096,0.1437083116657334,0.1297372854023128,0.9564,0.0086,0.1447779802888205,0.1137774461778026,0.918,0.0054,0.1892488770764745,0.1560753177767891,0.8224,0.002,0.2646898029060482,0.2277865649563997,0.976
official_4c_tierB_mc_baseline_official_v3,deterministic-engine-v1_official-runner,baseline-official-v3,v1.0.1-official-4c,MEX,GMI,GMI:GMI_loaded_aggregate,GMI_loaded_aggregate,stress,r0,2034,all_draw,historical_reduced_form_positive_tax,5000,0.4173727691653009,0.6542353813135882,0.871298786618137,1.1489984382957528,1.6324491245100623,1.0,True,1.0,0.284,True,0.3746,0.0,0.304325784524973,0.2911095790270571,0.3294,0.0,0.332114766065198,0.3227792471050199,0.284,0.0,0.359582557553142,0.3558922066097266,0.1838,0.0,0.4564667440999772,0.4610273310153759,0.0782,0.0,0.6415669380109323,0.6637373825183998,0.3746
official_4c_tierB_mc_baseline_official_v3,deterministic-engine-v1_official-runner,baseline-official-v3,v1.0.1-official-4c,MEX,GMI,GMI:GMI_loaded_aggregate,GMI_loaded_aggregate,stress,r0,2034,basic_valid,historical_reduced_form_positive_tax,5000,0.4173727691653009,0.6542353813135882,0.871298786618137,1.1489984382957528,1.6324491245100623,1.0,True,1.0,0.284,True,0.3746,0.0,0.304325784524973,0.2911095790270571,0.3294,0.0,0.332114766065198,0.3227792471050199,0.284,0.0,0.359582557553142,0.3558922066097266,0.1838,0.0,0.4564667440999772,0.4610273310153759,0.0782,0.0,0.6415669380109323,0.6637373825183998,0.3746
official_4c_tierB_mc_baseline_official_v3,deterministic-engine-v1_official-runner,baseline-official-v3,v1.0.1-official-4c,MEX,GMI,GMI:GMI_loaded_aggregate,GMI_loaded_aggregate,stress,r0,2034,support_valid,historical_reduced_form_positive_tax,5000,0.4173727691653009,0.6542353813135882,0.871298786618137,1.1489984382957528,1.6324491245100623,1.0,True,1.0,0.284,True,0.3746,0.0,0.304325784524973,0.2911095790270571,0.3294,0.0,0.332114766065198,0.3227792471050199,0.284,0.0,0.359582557553142,0.3558922066097266,0.1838,0.0,0.4564667440999772,0.4610273310153759,0.0782,0.0,0.6415669380109323,0.6637373825183998,0.3746
official_4c_tierB_mc_baseline_official_v3,deterministic-engine-v1_official-runner,baseline-official-v3,v1.0.1-official-4c,MEX,GMI,GMI:GMI_loaded_aggregate,GMI_loaded_aggregate,stress,r0,2034,all_draw,historical_reduced_form_mixture_tax,5000,0.4213675690987826,0.6619248590787368,0.8752690221880364,1.1433027289670403,1.631469182035258,1.0,True,1.0,0.2812,True,0.3688,0.0,0.2959769570138135,0.2807566972115239,0.321,0.0,0.3233971501179667,0.3090371263311715,0.2812,0.0,0.3540015907312887,0.3400209694279654,0.1816,0.0,0.4522520892527405,0.4485238413464565,0.0828,0.0,0.6414563603630774,0.6585491479217871,0.3688
official_4c_tierB_mc_baseline_official_v3,deterministic-engine-v1_official-runner,baseline-official-v3,v1.0.1-official-4c,MEX,GMI,GMI:GMI_loaded_aggregate,GMI_loaded_aggregate,stress,r0,2034,basic_valid,historical_reduced_form_mixture_tax,5000,0.4213675690987826,0.6619248590787368,0.8752690221880364,1.1433027289670403,1.631469182035258,1.0,True,1.0,0.2812,True,0.3688,0.0,0.2959769570138135,0.2807566972115239,0.321,0.0,0.3233971501179667,0.3090371263311715,0.2812,0.0,0.3540015907312887,0.3400209694279654,0.1816,0.0,0.4522520892527405,0.4485238413464565,0.0828,0.0,0.6414563603630774,0.6585491479217871,0.3688
official_4c_tierB_mc_baseline_official_v3,deterministic-engine-v1_official-runner,baseline-official-v3,v1.0.1-official-4c,MEX,GMI,GMI:GMI_loaded_aggregate,GMI_loaded_aggregate,stress,r0,2034,support_valid,historical_reduced_form_mixture_tax,5000,0.4213675690987826,0.6619248590787368,0.8752690221880364,1.1433027289670403,1.631469182035258,1.0,True,1.0,0.2812,True,0.3688,0.0,0.2959769570138135,0.2807566972115239,0.321,0.0,0.3233971501179667,0.3090371263311715,0.2812,0.0,0.3540015907312887,0.3400209694279654,0.1816,0.0,0.4522520892527405,0.4485238413464565,0.0828,0.0,0.6414563603630774,0.6585491479217871,0.3688
official_4c_tierB_mc_baseline_official_v3,deterministic-engine-v1_official-runner,baseline-official-v3,v1.0.1-official-4c,MEX,GMI,GMI:GMI_loaded_aggregate,GMI_loaded_aggregate,stress,r0,2034,all_draw,historical_reduced_form_positive_total_revenue,5000,0.7429300782134451,1.0958042792778613,1.3972622920617783,1.7692211990035611,2.375409128329001,1.0,True,1.0,0.7468,True,0.821,0.0034,0.1829186012784615,0.1527950465823944,0.7844,0.0028,0.1976761923251908,0.1690274914391227,0.7468,0.0022,0.2144377658338657,0.1848299899477636,0.6292,0.0008,0.2730961922533326,0.2407318438296465,0.4244,0.0004,0.3832331074795459,0.3600263945053379,0.821
official_4c_tierB_mc_baseline_official_v3,deterministic-engine-v1_official-runner,baseline-official-v3,v1.0.1-official-4c,MEX,GMI,GMI:GMI_loaded_aggregate,GMI_loaded_aggregate,stress,r0,2034,basic_valid,historical_reduced_form_positive_total_revenue,5000,0.7429300782134451,1.0958042792778613,1.3972622920617783,1.7692211990035611,2.375409128329001,1.0,True,1.0,0.7468,True,0.821,0.0034,0.1829186012784615,0.1527950465823944,0.7844,0.0028,0.1976761923251908,0.1690274914391227,0.7468,0.0022,0.2144377658338657,0.1848299899477636,0.6292,0.0008,0.2730961922533326,0.2407318438296465,0.4244,0.0004,0.3832331074795459,0.3600263945053379,0.821
official_4c_tierB_mc_baseline_official_v3,deterministic-engine-v1_official-runner,baseline-official-v3,v1.0.1-official-4c,MEX,GMI,GMI:GMI_loaded_aggregate,GMI_loaded_aggregate,stress,r0,2034,support_valid,historical_reduced_form_positive_total_revenue,5000,0.7429300782134451,1.0958042792778613,1.3972622920617783,1.7692211990035611,2.375409128329001,1.0,True,1.0,0.7468,True,0.821,0.0034,0.1829186012784615,0.1527950465823944,0.7844,0.0028,0.1976761923251908,0.1690274914391227,0.7468,0.0022,0.2144377658338657,0.1848299899477636,0.6292,0.0008,0.2730961922533326,0.2407318438296465,0.4244,0.0004,0.3832331074795459,0.3600263945053379,0.821
official_4c_tierB_mc_baseline_official_v3,deterministic-engine-v1_official-runner,baseline-official-v3,v1.0.1-official-4c,MEX,GMI,GMI:GMI_loaded_aggregate,GMI_loaded_aggregate,stress,r0,2034,all_draw,historical_reduced_form_mixture_total_revenue,5000,0.7559112485194934,1.1083129045050424,1.396974136741496,1.755898142153149,2.366855132851072,1.0,True,1.0,0.7554,True,0.8192,0.0034,0.1760463943680091,0.1475587325623638,0.7874,0.003,0.1958053642815697,0.1664469381957811,0.7554,0.0028,0.2167534900893459,0.1848392778566878,0.634,0.0022,0.2702196202556698,0.2414629989181083,0.4212,0.0006,0.3764671056209202,0.3460243970914537,0.8192
official_4c_tierB_mc_baseline_official_v3,deterministic-engine-v1_official-runner,baseline-official-v3,v1.0.1-official-4c,MEX,GMI,GMI:GMI_loaded_aggregate,GMI_loaded_aggregate,stress,r0,2034,basic_valid,historical_reduced_form_mixture_total_revenue,5000,0.7559112485194934,1.1083129045050424,1.396974136741496,1.755898142153149,2.366855132851072,1.0,True,1.0,0.7554,True,0.8192,0.0034,0.1760463943680091,0.1475587325623638,0.7874,0.003,0.1958053642815697,0.1664469381957811,0.7554,0.0028,0.2167534900893459,0.1848392778566878,0.634,0.0022,0.2702196202556698,0.2414629989181083,0.4212,0.0006,0.3764671056209202,0.3460243970914537,0.8192
official_4c_tierB_mc_baseline_official_v3,deterministic-engine-v1_official-runner,baseline-official-v3,v1.0.1-official-4c,MEX,GMI,GMI:GMI_loaded_aggregate,GMI_loaded_aggregate,stress,r0,2034,support_valid,historical_reduced_form_mixture_total_revenue,5000,0.7559112485194934,1.1083129045050424,1.396974136741496,1.755898142153149,2.366855132851072,1.0,True,1.0,0.7554,True,0.8192,0.0034,0.1760463943680091,0.1475587325623638,0.7874,0.003,0.1958053642815697,0.1664469381957811,0.7554,0.0028,0.2167534900893459,0.1848392778566878,0.634,0.0022,0.2702196202556698,0.2414629989181083,0.4212,0.0006,0.3764671056209202,0.3460243970914537,0.8192
official_4c_tierB_mc_baseline_official_v3,deterministic-engine-v1_official-runner,baseline-official-v3,v1.0.1-official-4c,MEX,MUT,MUT,,stress,r0,2034,all_draw,historical_reduced_form_positive_tax,5000,0.2262000176097173,0.3161065588090268,0.3998552727351872,0.5033955316615388,0.6776981497334998,1.0,True,1.0,0.0,True,0.002,0.0,0.5815366033582607,0.6004183075847593,0.0008,0.0,0.6308141709378655,0.6502211005961079,0.0,0.0,0.6803058481433188,0.7001447272648129,0.0,0.0,0.8303058481433189,0.8501447272648128,0.0,0.0,1.080305848143319,1.1001447272648128,0.002
official_4c_tierB_mc_baseline_official_v3,deterministic-engine-v1_official-runner,baseline-official-v3,v1.0.1-official-4c,MEX,MUT,MUT,,stress,r0,2034,basic_valid,historical_reduced_form_positive_tax,5000,0.2262000176097173,0.3161065588090268,0.3998552727351872,0.5033955316615388,0.6776981497334998,1.0,True,1.0,0.0,True,0.002,0.0,0.5815366033582607,0.6004183075847593,0.0008,0.0,0.6308141709378655,0.6502211005961079,0.0,0.0,0.6803058481433188,0.7001447272648129,0.0,0.0,0.8303058481433189,0.8501447272648128,0.0,0.0,1.080305848143319,1.1001447272648128,0.002
official_4c_tierB_mc_baseline_official_v3,deterministic-engine-v1_official-runner,baseline-official-v3,v1.0.1-official-4c,MEX,MUT,MUT,,stress,r0,2034,support_valid,historical_reduced_form_positive_tax,5000,0.2262000176097173,0.3161065588090268,0.3998552727351872,0.5033955316615388,0.6776981497334998,1.0,True,1.0,0.0,True,0.002,0.0,0.5815366033582607,0.6004183075847593,0.0008,0.0,0.6308141709378655,0.6502211005961079,0.0,0.0,0.6803058481433188,0.7001447272648129,0.0,0.0,0.8303058481433189,0.8501447272648128,0.0,0.0,1.080305848143319,1.1001447272648128,0.002
official_4c_tierB_mc_baseline_official_v3,deterministic-engine-v1_official-runner,baseline-official-v3,v1.0.1-official-4c,MEX,MUT,MUT,,stress,r0,2034,all_draw,historical_reduced_form_mixture_tax,5000,0.2250786712725098,0.318170461821514,0.4023063100249471,0.5022493837876842,0.6855347924414388,1.0,True,1.0,0.0,True,0.001,0.0,0.5797680532332176,0.5977748348382774,0.0002,0.0,0.6292878594421074,0.6477007067008285,0.0,0.0,0.6791532496903083,0.697693689975053,0.0,0.0,0.8291532496903082,0.8476936899750529,0.0,0.0,1.0791532496903082,1.097693689975053,0.001
official_4c_tierB_mc_baseline_official_v3,deterministic-engine-v1_official-runner,baseline-official-v3,v1.0.1-official-4c,MEX,MUT,MUT,,stress,r0,2034,basic_valid,historical_reduced_form_mixture_tax,5000,0.2250786712725098,0.318170461821514,0.4023063100249471,0.5022493837876842,0.6855347924414388,1.0,True,1.0,0.0,True,0.001,0.0,0.5797680532332176,0.5977748348382774,0.0002,0.0,0.6292878594421074,0.6477007067008285,0.0,0.0,0.6791532496903083,0.697693689975053,0.0,0.0,0.8291532496903082,0.8476936899750529,0.0,0.0,1.0791532496903082,1.097693689975053,0.001
official_4c_tierB_mc_baseline_official_v3,deterministic-engine-v1_official-runner,baseline-official-v3,v1.0.1-official-4c,MEX,MUT,MUT,,stress,r0,2034,support_valid,historical_reduced_form_mixture_tax,5000,0.2250786712725098,0.318170461821514,0.4023063100249471,0.5022493837876842,0.6855347924414388,1.0,True,1.0,0.0,True,0.001,0.0,0.5797680532332176,0.5977748348382774,0.0002,0.0,0.6292878594421074,0.6477007067008285,0.0,0.0,0.6791532496903083,0.697693689975053,0.0,0.0,0.8291532496903082,0.8476936899750529,0.0,0.0,1.0791532496903082,1.097693689975053,0.001
official_4c_tierB_mc_baseline_official_v3,deterministic-engine-v1_official-runner,baseline-official-v3,v1.0.1-official-4c,MEX,MUT,MUT,,stress,r0,2034,all_draw,historical_reduced_form_positive_total_revenue,5000,0.3534884306300639,0.4832584615826671,0.5985066133957426,0.737110688202162,0.9715212412834392,1.0,True,1.0,0.0162,True,0.0382,0.0,0.3970342617310789,0.4104952934991808,0.024,0.0,0.4408949276132092,0.4573426997287195,0.0162,0.0,0.4871980761760349,0.5053051180250634,0.0034,0.0,0.6301194772048848,0.6522228009224799,0.0004,0.0,0.8779797743776414,0.9015030175767798,0.0382
official_4c_tierB_mc_baseline_official_v3,deterministic-engine-v1_official-runner,baseline-official-v3,v1.0.1-official-4c,MEX,MUT,MUT,,stress,r0,2034,basic_valid,historical_reduced_form_positive_total_revenue,5000,0.3534884306300639,0.4832584615826671,0.5985066133957426,0.737110688202162,0.9715212412834392,1.0,True,1.0,0.0162,True,0.0382,0.0,0.3970342617310789,0.4104952934991808,0.024,0.0,0.4408949276132092,0.4573426997287195,0.0162,0.0,0.4871980761760349,0.5053051180250634,0.0034,0.0,0.6301194772048848,0.6522228009224799,0.0004,0.0,0.8779797743776414,0.9015030175767798,0.0382
official_4c_tierB_mc_baseline_official_v3,deterministic-engine-v1_official-runner,baseline-official-v3,v1.0.1-official-4c,MEX,MUT,MUT,,stress,r0,2034,support_valid,historical_reduced_form_positive_total_revenue,5000,0.3534884306300639,0.4832584615826671,0.5985066133957426,0.737110688202162,0.9715212412834392,1.0,True,1.0,0.0162,True,0.0382,0.0,0.3970342617310789,0.4104952934991808,0.024,0.0,0.4408949276132092,0.4573426997287195,0.0162,0.0,0.4871980761760349,0.5053051180250634,0.0034,0.0,0.6301194772048848,0.6522228009224799,0.0004,0.0,0.8779797743776414,0.9015030175767798,0.0382
official_4c_tierB_mc_baseline_official_v3,deterministic-engine-v1_official-runner,baseline-official-v3,v1.0.1-official-4c,MEX,MUT,MUT,,stress,r0,2034,all_draw,historical_reduced_form_mixture_total_revenue,5000,0.3490142322382546,0.4818908303577476,0.5994856607534556,0.741657368345651,0.976959876815068,1.0,True,1.0,0.0186,True,0.0406,0.0,0.3975935751580216,0.4098147258465999,0.0272,0.0,0.4418213412047221,0.4562063782757682,0.0186,0.0,0.4877771997996247,0.5042620594427255,0.0044,0.0,0.6299673948959319,0.6513722223138337,0.0006,0.0,0.8773791924440129,0.90076981161755,0.0406
official_4c_tierB_mc_baseline_official_v3,deterministic-engine-v1_official-runner,baseline-official-v3,v1.0.1-official-4c,MEX,MUT,MUT,,stress,r0,2034,basic_valid,historical_reduced_form_mixture_total_revenue,5000,0.3490142322382546,0.4818908303577476,0.5994856607534556,0.741657368345651,0.976959876815068,1.0,True,1.0,0.0186,True,0.0406,0.0,0.3975935751580216,0.4098147258465999,0.0272,0.0,0.4418213412047221,0.4562063782757682,0.0186,0.0,0.4877771997996247,0.5042620594427255,0.0044,0.0,0.6299673948959319,0.6513722223138337,0.0006,0.0,0.8773791924440129,0.90076981161755,0.0406
official_4c_tierB_mc_baseline_official_v3,deterministic-engine-v1_official-runner,baseline-official-v3,v1.0.1-official-4c,MEX,MUT,MUT,,stress,r0,2034,support_valid,historical_reduced_form_mixture_total_revenue,5000,0.3490142322382546,0.4818908303577476,0.5994856607534556,0.741657368345651,0.976959876815068,1.0,True,1.0,0.0186,True,0.0406,0.0,0.3975935751580216,0.4098147258465999,0.0272,0.0,0.4418213412047221,0.4562063782757682,0.0186,0.0,0.4877771997996247,0.5042620594427255,0.0044,0.0,0.6299673948959319,0.6513722223138337,0.0006,0.0,0.8773791924440129,0.90076981161755,0.0406
official_4c_tierB_mc_baseline_official_v3,deterministic-engine-v1_official-runner,baseline-official-v3,v1.0.1-official-4c,MEX,PBI,PBI,,stress,r0,2034,all_draw,historical_reduced_form_positive_tax,5000,0.1567422017927728,0.2195067629275376,0.2741235393144348,0.3454912720030694,0.4627841439112912,1.0,True,1.0,0.0,True,0.0,0.0,0.7114239441959584,0.7258764606855652,0.0,0.0,0.7614239441959585,0.7758764606855653,0.0,0.0,0.8114239441959585,0.8258764606855653,0.0,0.0,0.9614239441959584,0.9758764606855652,0.0,0.0,1.2114239441959584,1.2258764606855652,0.0
official_4c_tierB_mc_baseline_official_v3,deterministic-engine-v1_official-runner,baseline-official-v3,v1.0.1-official-4c,MEX,PBI,PBI,,stress,r0,2034,basic_valid,historical_reduced_form_positive_tax,5000,0.1567422017927728,0.2195067629275376,0.2741235393144348,0.3454912720030694,0.4627841439112912,1.0,True,1.0,0.0,True,0.0,0.0,0.7114239441959584,0.7258764606855652,0.0,0.0,0.7614239441959585,0.7758764606855653,0.0,0.0,0.8114239441959585,0.8258764606855653,0.0,0.0,0.9614239441959584,0.9758764606855652,0.0,0.0,1.2114239441959584,1.2258764606855652,0.0
official_4c_tierB_mc_baseline_official_v3,deterministic-engine-v1_official-runner,baseline-official-v3,v1.0.1-official-4c,MEX,PBI,PBI,,stress,r0,2034,support_valid,historical_reduced_form_positive_tax,5000,0.1567422017927728,0.2195067629275376,0.2741235393144348,0.3454912720030694,0.4627841439112912,1.0,True,1.0,0.0,True,0.0,0.0,0.7114239441959584,0.7258764606855652,0.0,0.0,0.7614239441959585,0.7758764606855653,0.0,0.0,0.8114239441959585,0.8258764606855653,0.0,0.0,0.9614239441959584,0.9758764606855652,0.0,0.0,1.2114239441959584,1.2258764606855652,0.0
official_4c_tierB_mc_baseline_official_v3,deterministic-engine-v1_official-runner,baseline-official-v3,v1.0.1-official-4c,MEX,PBI,PBI,,stress,r0,2034,all_draw,historical_reduced_form_mixture_tax,5000,0.1561074299807343,0.2182976584833109,0.2740805078511134,0.3448884710712772,0.4665251037821164,1.0,True,1.0,0.0,True,0.0,0.0,0.7116465328799021,0.7259194921488867,0.0,0.0,0.761646532879902,0.7759194921488868,0.0,0.0,0.8116465328799022,0.8259194921488868,0.0,0.0,0.961646532879902,0.9759194921488868,0.0,0.0,1.211646532879902,1.2259194921488867,0.0
official_4c_tierB_mc_baseline_official_v3,deterministic-engine-v1_official-runner,baseline-official-v3,v1.0.1-official-4c,MEX,PBI,PBI,,stress,r0,2034,basic_valid,historical_reduced_form_mixture_tax,5000,0.1561074299807343,0.2182976584833109,0.2740805078511134,0.3448884710712772,0.4665251037821164,1.0,True,1.0,0.0,True,0.0,0.0,0.7116465328799021,0.7259194921488867,0.0,0.0,0.761646532879902,0.7759194921488868,0.0,0.0,0.8116465328799022,0.8259194921488868,0.0,0.0,0.961646532879902,0.9759194921488868,0.0,0.0,1.211646532879902,1.2259194921488867,0.0
official_4c_tierB_mc_baseline_official_v3,deterministic-engine-v1_official-runner,baseline-official-v3,v1.0.1-official-4c,MEX,PBI,PBI,,stress,r0,2034,support_valid,historical_reduced_form_mixture_tax,5000,0.1561074299807343,0.2182976584833109,0.2740805078511134,0.3448884710712772,0.4665251037821164,1.0,True,1.0,0.0,True,0.0,0.0,0.7116465328799021,0.7259194921488867,0.0,0.0,0.761646532879902,0.7759194921488868,0.0,0.0,0.8116465328799022,0.8259194921488868,0.0,0.0,0.961646532879902,0.9759194921488868,0.0,0.0,1.211646532879902,1.2259194921488867,0.0
official_4c_tierB_mc_baseline_official_v3,deterministic-engine-v1_official-runner,baseline-official-v3,v1.0.1-official-4c,MEX,PBI,PBI,,stress,r0,2034,all_draw,historical_reduced_form_positive_total_revenue,5000,0.2395238564879338,0.3294714596817813,0.4049287577649519,0.4978371669349387,0.6514128813028749,1.0,True,1.0,0.0,True,0.0,0.0,0.5792266191292029,0.595071242235048,0.0,0.0,0.6292266191292031,0.6450712422350481,0.0,0.0,0.679226619129203,0.6950712422350481,0.0,0.0,0.829226619129203,0.845071242235048,0.0,0.0,1.079226619129203,1.095071242235048,0.0
official_4c_tierB_mc_baseline_official_v3,deterministic-engine-v1_official-runner,baseline-official-v3,v1.0.1-official-4c,MEX,PBI,PBI,,stress,r0,2034,basic_valid,historical_reduced_form_positive_total_revenue,5000,0.2395238564879338,0.3294714596817813,0.4049287577649519,0.4978371669349387,0.6514128813028749,1.0,True,1.0,0.0,True,0.0,0.0,0.5792266191292029,0.595071242235048,0.0,0.0,0.6292266191292031,0.6450712422350481,0.0,0.0,0.679226619129203,0.6950712422350481,0.0,0.0,0.829226619129203,0.845071242235048,0.0,0.0,1.079226619129203,1.095071242235048,0.0
official_4c_tierB_mc_baseline_official_v3,deterministic-engine-v1_official-runner,baseline-official-v3,v1.0.1-official-4c,MEX,PBI,PBI,,stress,r0,2034,support_valid,historical_reduced_form_positive_total_revenue,5000,0.2395238564879338,0.3294714596817813,0.4049287577649519,0.4978371669349387,0.6514128813028749,1.0,True,1.0,0.0,True,0.0,0.0,0.5792266191292029,0.595071242235048,0.0,0.0,0.6292266191292031,0.6450712422350481,0.0,0.0,0.679226619129203,0.6950712422350481,0.0,0.0,0.829226619129203,0.845071242235048,0.0,0.0,1.079226619129203,1.095071242235048,0.0
official_4c_tierB_mc_baseline_official_v3,deterministic-engine-v1_official-runner,baseline-official-v3,v1.0.1-official-4c,MEX,PBI,PBI,,stress,r0,2034,all_draw,historical_reduced_form_mixture_total_revenue,5000,0.2418127529857905,0.3247560650811247,0.4078523742838004,0.4985522905420297,0.6596781271261035,1.0,True,1.0,0.0004,True,0.0006,0.0,0.5784399255877951,0.5924968155015351,0.0004,0.0,0.6283228132976063,0.6423477173686238,0.0004,0.0,0.6783228132976065,0.6923477173686239,0.0,0.0,0.8280447897165235,0.8421476257161997,0.0,0.0,1.0780447897165235,1.0921476257161995,0.0006
official_4c_tierB_mc_baseline_official_v3,deterministic-engine-v1_official-runner,baseline-official-v3,v1.0.1-official-4c,MEX,PBI,PBI,,stress,r0,2034,basic_valid,historical_reduced_form_mixture_total_revenue,5000,0.2418127529857905,0.3247560650811247,0.4078523742838004,0.4985522905420297,0.6596781271261035,1.0,True,1.0,0.0004,True,0.0006,0.0,0.5784399255877951,0.5924968155015351,0.0004,0.0,0.6283228132976063,0.6423477173686238,0.0004,0.0,0.6783228132976065,0.6923477173686239,0.0,0.0,0.8280447897165235,0.8421476257161997,0.0,0.0,1.0780447897165235,1.0921476257161995,0.0006
official_4c_tierB_mc_baseline_official_v3,deterministic-engine-v1_official-runner,baseline-official-v3,v1.0.1-official-4c,MEX,PBI,PBI,,stress,r0,2034,support_valid,historical_reduced_form_mixture_total_revenue,5000,0.2418127529857905,0.3247560650811247,0.4078523742838004,0.4985522905420297,0.6596781271261035,1.0,True,1.0,0.0004,True,0.0006,0.0,0.5784399255877951,0.5924968155015351,0.0004,0.0,0.6283228132976063,0.6423477173686238,0.0004,0.0,0.6783228132976065,0.6923477173686239,0.0,0.0,0.8280447897165235,0.8421476257161997,0.0,0.0,1.0780447897165235,1.0921476257161995,0.0006
official_4c_tierB_mc_baseline_official_v3,deterministic-engine-v1_official-runner,baseline-official-v3,v1.0.1-official-4c,MEX,UBI,UBI,,stress,r0,2034,all_draw,historical_reduced_form_positive_tax,5000,0.0582386833236633,0.0824507719584389,0.1035173080651356,0.128520094089191,0.1738227108497047,1.0,True,1.0,0.0,True,0.0,0.0,0.8919903963865153,0.8964826919348644,0.0,0.0,0.9419903963865156,0.9464826919348645,0.0,0.0,0.9919903963865156,0.9964826919348644,0.0,0.0,1.1419903963865154,1.1464826919348643,0.0,0.0,1.3919903963865154,1.3964826919348643,0.0
official_4c_tierB_mc_baseline_official_v3,deterministic-engine-v1_official-runner,baseline-official-v3,v1.0.1-official-4c,MEX,UBI,UBI,,stress,r0,2034,basic_valid,historical_reduced_form_positive_tax,5000,0.0582386833236633,0.0824507719584389,0.1035173080651356,0.128520094089191,0.1738227108497047,1.0,True,1.0,0.0,True,0.0,0.0,0.8919903963865153,0.8964826919348644,0.0,0.0,0.9419903963865156,0.9464826919348645,0.0,0.0,0.9919903963865156,0.9964826919348644,0.0,0.0,1.1419903963865154,1.1464826919348643,0.0,0.0,1.3919903963865154,1.3964826919348643,0.0
official_4c_tierB_mc_baseline_official_v3,deterministic-engine-v1_official-runner,baseline-official-v3,v1.0.1-official-4c,MEX,UBI,UBI,,stress,r0,2034,support_valid,historical_reduced_form_positive_tax,5000,0.0582386833236633,0.0824507719584389,0.1035173080651356,0.128520094089191,0.1738227108497047,1.0,True,1.0,0.0,True,0.0,0.0,0.8919903963865153,0.8964826919348644,0.0,0.0,0.9419903963865156,0.9464826919348645,0.0,0.0,0.9919903963865156,0.9964826919348644,0.0,0.0,1.1419903963865154,1.1464826919348643,0.0,0.0,1.3919903963865154,1.3964826919348643,0.0
official_4c_tierB_mc_baseline_official_v3,deterministic-engine-v1_official-runner,baseline-official-v3,v1.0.1-official-4c,MEX,UBI,UBI,,stress,r0,2034,all_draw,historical_reduced_form_mixture_tax,5000,0.057697177873295,0.0812660549191692,0.1024999678111969,0.1286359324125636,0.1746150107554392,1.0,True,1.0,0.0,True,0.0,0.0,0.8924408857039587,0.8975000321888031,0.0,0.0,0.9424408857039588,0.9475000321888032,0.0,0.0,0.9924408857039588,0.9975000321888032,0.0,0.0,1.1424408857039587,1.1475000321888031,0.0,0.0,1.3924408857039587,1.3975000321888031,0.0
official_4c_tierB_mc_baseline_official_v3,deterministic-engine-v1_official-runner,baseline-official-v3,v1.0.1-official-4c,MEX,UBI,UBI,,stress,r0,2034,basic_valid,historical_reduced_form_mixture_tax,5000,0.057697177873295,0.0812660549191692,0.1024999678111969,0.1286359324125636,0.1746150107554392,1.0,True,1.0,0.0,True,0.0,0.0,0.8924408857039587,0.8975000321888031,0.0,0.0,0.9424408857039588,0.9475000321888032,0.0,0.0,0.9924408857039588,0.9975000321888032,0.0,0.0,1.1424408857039587,1.1475000321888031,0.0,0.0,1.3924408857039587,1.3975000321888031,0.0
official_4c_tierB_mc_baseline_official_v3,deterministic-engine-v1_official-runner,baseline-official-v3,v1.0.1-official-4c,MEX,UBI,UBI,,stress,r0,2034,support_valid,historical_reduced_form_mixture_tax,5000,0.057697177873295,0.0812660549191692,0.1024999678111969,0.1286359324125636,0.1746150107554392,1.0,True,1.0,0.0,True,0.0,0.0,0.8924408857039587,0.8975000321888031,0.0,0.0,0.9424408857039588,0.9475000321888032,0.0,0.0,0.9924408857039588,0.9975000321888032,0.0,0.0,1.1424408857039587,1.1475000321888031,0.0,0.0,1.3924408857039587,1.3975000321888031,0.0
official_4c_tierB_mc_baseline_official_v3,deterministic-engine-v1_official-runner,baseline-official-v3,v1.0.1-official-4c,MEX,UBI,UBI,,stress,r0,2034,all_draw,historical_reduced_form_positive_total_revenue,5000,0.0900977698335716,0.123587037493582,0.1527524970584224,0.1893565646795119,0.2485921510911427,1.0,True,1.0,0.0,True,0.0,0.0,0.8407292847485697,0.8472475029415776,0.0,0.0,0.8907292847485696,0.8972475029415776,0.0,0.0,0.9407292847485696,0.9472475029415776,0.0,0.0,1.0907292847485697,1.0972475029415776,0.0,0.0,1.3407292847485697,1.3472475029415776,0.0
official_4c_tierB_mc_baseline_official_v3,deterministic-engine-v1_official-runner,baseline-official-v3,v1.0.1-official-4c,MEX,UBI,UBI,,stress,r0,2034,basic_valid,historical_reduced_form_positive_total_revenue,5000,0.0900977698335716,0.123587037493582,0.1527524970584224,0.1893565646795119,0.2485921510911427,1.0,True,1.0,0.0,True,0.0,0.0,0.8407292847485697,0.8472475029415776,0.0,0.0,0.8907292847485696,0.8972475029415776,0.0,0.0,0.9407292847485696,0.9472475029415776,0.0,0.0,1.0907292847485697,1.0972475029415776,0.0,0.0,1.3407292847485697,1.3472475029415776,0.0
official_4c_tierB_mc_baseline_official_v3,deterministic-engine-v1_official-runner,baseline-official-v3,v1.0.1-official-4c,MEX,UBI,UBI,,stress,r0,2034,support_valid,historical_reduced_form_positive_total_revenue,5000,0.0900977698335716,0.123587037493582,0.1527524970584224,0.1893565646795119,0.2485921510911427,1.0,True,1.0,0.0,True,0.0,0.0,0.8407292847485697,0.8472475029415776,0.0,0.0,0.8907292847485696,0.8972475029415776,0.0,0.0,0.9407292847485696,0.9472475029415776,0.0,0.0,1.0907292847485697,1.0972475029415776,0.0,0.0,1.3407292847485697,1.3472475029415776,0.0
official_4c_tierB_mc_baseline_official_v3,deterministic-engine-v1_official-runner,baseline-official-v3,v1.0.1-official-4c,MEX,UBI,UBI,,stress,r0,2034,all_draw,historical_reduced_form_mixture_total_revenue,5000,0.0905413942410202,0.1230321180173487,0.1534059198132372,0.1880901494740008,0.2476791686758287,1.0,True,1.0,0.0,True,0.0,0.0,0.8409843161735635,0.8465940801867627,0.0,0.0,0.8909843161735634,0.8965940801867628,0.0,0.0,0.9409843161735636,0.9465940801867628,0.0,0.0,1.0909843161735635,1.0965940801867626,0.0,0.0,1.3409843161735635,1.3465940801867626,0.0
official_4c_tierB_mc_baseline_official_v3,deterministic-engine-v1_official-runner,baseline-official-v3,v1.0.1-official-4c,MEX,UBI,UBI,,stress,r0,2034,basic_valid,historical_reduced_form_mixture_total_revenue,5000,0.0905413942410202,0.1230321180173487,0.1534059198132372,0.1880901494740008,0.2476791686758287,1.0,True,1.0,0.0,True,0.0,0.0,0.8409843161735635,0.8465940801867627,0.0,0.0,0.8909843161735634,0.8965940801867628,0.0,0.0,0.9409843161735636,0.9465940801867628,0.0,0.0,1.0909843161735635,1.0965940801867626,0.0,0.0,1.3409843161735635,1.3465940801867626,0.0
official_4c_tierB_mc_baseline_official_v3,deterministic-engine-v1_official-runner,baseline-official-v3,v1.0.1-official-4c,MEX,UBI,UBI,,stress,r0,2034,support_valid,historical_reduced_form_mixture_total_revenue,5000,0.0905413942410202,0.1230321180173487,0.1534059198132372,0.1880901494740008,0.2476791686758287,1.0,True,1.0,0.0,True,0.0,0.0,0.8409843161735635,0.8465940801867627,0.0,0.0,0.8909843161735634,0.8965940801867628,0.0,0.0,0.9409843161735636,0.9465940801867628,0.0,0.0,1.0909843161735635,1.0965940801867626,0.0,0.0,1.3409843161735635,1.3465940801867626,0.0
