country_id,policy_variant_id,scenario_id,regime_id,requirement_basis,g_ai_required,mfc_required_gross,q_prod_required,historical_total_revenue_class,flags
PER,PEN,low,r0,baseline,0.0803401385209352,2.6186862411420764,,extreme_or_outside_historical_support,frontier_exceeds_one;ai_rent_capture_impossible
PER,PEN,low,r0,debt_consistent,0.1527380916651536,4.978497006668828,,extreme_or_outside_historical_support,frontier_exceeds_one;ai_rent_capture_impossible
PER,GMI:GMI_ideal_aggregate,low,r0,baseline,0.3495769751876287,11.39445900887217,,extreme_or_outside_historical_support,frontier_exceeds_one;ai_rent_capture_impossible
PER,GMI:GMI_ideal_aggregate,low,r0,debt_consistent,0.4219749283318471,13.754269774398924,,extreme_or_outside_historical_support,frontier_exceeds_one;ai_rent_capture_impossible
PER,GMI:GMI_loaded_aggregate,low,r0,baseline,0.5057384207179074,16.484540210318404,,extreme_or_outside_historical_support,frontier_exceeds_one;ai_rent_capture_impossible
PER,GMI:GMI_loaded_aggregate,low,r0,debt_consistent,0.5781363738621258,18.84435097584516,,extreme_or_outside_historical_support,frontier_exceeds_one;ai_rent_capture_impossible
PER,MUT,low,r0,baseline,0.6102410215960605,19.89080173937801,,extreme_or_outside_historical_support,frontier_exceeds_one;ai_rent_capture_impossible
PER,MUT,low,r0,debt_consistent,0.6826389747402789,22.25061250490476,,extreme_or_outside_historical_support,frontier_exceeds_one;ai_rent_capture_impossible
PER,PBI,low,r0,baseline,0.9019643713806303,29.39952224154224,,extreme_or_outside_historical_support,frontier_exceeds_one;ai_rent_capture_impossible
PER,PBI,low,r0,debt_consistent,0.9743623245248486,31.759333007068985,,extreme_or_outside_historical_support,frontier_exceeds_one;ai_rent_capture_impossible
PER,UBI,low,r0,baseline,2.400729675527005,78.25176662305397,,extreme_or_outside_historical_support,frontier_exceeds_one;ai_rent_capture_impossible
PER,UBI,low,r0,debt_consistent,2.473127628671224,80.61157738858073,,extreme_or_outside_historical_support,frontier_exceeds_one;ai_rent_capture_impossible
PER,PEN,low,r1,baseline,0.076053508271099,2.6107172407010544,,extreme_or_outside_historical_support,frontier_exceeds_one;ai_rent_capture_impossible
PER,PEN,low,r1,debt_consistent,0.144797792323103,4.970528006227807,,extreme_or_outside_historical_support,frontier_exceeds_one;ai_rent_capture_impossible
PER,GMI:GMI_ideal_aggregate,low,r1,baseline,0.3314514196457392,11.37785692462004,,extreme_or_outside_historical_support,frontier_exceeds_one;ai_rent_capture_impossible
PER,GMI:GMI_ideal_aggregate,low,r1,debt_consistent,0.4001957036977432,13.737667690146791,,extreme_or_outside_historical_support,frontier_exceeds_one;ai_rent_capture_impossible
PER,GMI:GMI_loaded_aggregate,low,r1,baseline,0.4797319483524038,16.467938126066276,,extreme_or_outside_historical_support,frontier_exceeds_one;ai_rent_capture_impossible
PER,GMI:GMI_loaded_aggregate,low,r1,debt_consistent,0.5484762324044078,18.82774889159303,,extreme_or_outside_historical_support,frontier_exceeds_one;ai_rent_capture_impossible
PER,MUT,low,r1,baseline,0.579289546974389,19.88548907241733,,extreme_or_outside_historical_support,frontier_exceeds_one;ai_rent_capture_impossible
PER,MUT,low,r1,debt_consistent,0.6480338310263929,22.24529983794408,,extreme_or_outside_historical_support,frontier_exceeds_one;ai_rent_capture_impossible
PER,PBI,low,r1,baseline,0.8563293404163071,29.395537741321725,,extreme_or_outside_historical_support,frontier_exceeds_one;ai_rent_capture_impossible
PER,PBI,low,r1,debt_consistent,0.9250736244683112,31.75534850684848,,extreme_or_outside_historical_support,frontier_exceeds_one;ai_rent_capture_impossible
PER,UBI,low,r1,baseline,2.279476596686553,78.24844620620354,,extreme_or_outside_historical_support,frontier_exceeds_one;ai_rent_capture_impossible
PER,UBI,low,r1,debt_consistent,2.348220880738557,80.6082569717303,,extreme_or_outside_historical_support,frontier_exceeds_one;ai_rent_capture_impossible
PER,PEN,low,r2,baseline,0.0727850052936051,2.6107172407010544,,extreme_or_outside_historical_support,frontier_exceeds_one;ai_rent_capture_impossible
PER,PEN,low,r2,debt_consistent,0.1385749102220488,4.970528006227807,,extreme_or_outside_historical_support,frontier_exceeds_one;ai_rent_capture_impossible
PER,GMI:GMI_ideal_aggregate,low,r2,baseline,0.3172068439958564,11.37785692462004,,extreme_or_outside_historical_support,frontier_exceeds_one;ai_rent_capture_impossible
PER,GMI:GMI_ideal_aggregate,low,r2,debt_consistent,0.3829967489243001,13.737667690146791,,extreme_or_outside_historical_support,frontier_exceeds_one;ai_rent_capture_impossible
PER,GMI:GMI_loaded_aggregate,low,r2,baseline,0.4591148152676358,16.467938126066276,,extreme_or_outside_historical_support,frontier_exceeds_one;ai_rent_capture_impossible
PER,GMI:GMI_loaded_aggregate,low,r2,debt_consistent,0.5249047201960795,18.82774889159303,,extreme_or_outside_historical_support,frontier_exceeds_one;ai_rent_capture_impossible
PER,MUT,low,r2,baseline,0.554393790655461,19.88548907241733,,extreme_or_outside_historical_support,frontier_exceeds_one;ai_rent_capture_impossible
PER,MUT,low,r2,debt_consistent,0.6201836955839047,22.24529983794408,,extreme_or_outside_historical_support,frontier_exceeds_one;ai_rent_capture_impossible
PER,PBI,low,r2,baseline,0.8195274221025711,29.395537741321725,,extreme_or_outside_historical_support,frontier_exceeds_one;ai_rent_capture_impossible
PER,PBI,low,r2,debt_consistent,0.8853173270310148,31.75534850684848,,extreme_or_outside_historical_support,frontier_exceeds_one;ai_rent_capture_impossible
PER,UBI,low,r2,baseline,2.181512989053363,78.24844620620354,,extreme_or_outside_historical_support,frontier_exceeds_one;ai_rent_capture_impossible
PER,UBI,low,r2,debt_consistent,2.2473028939818067,80.6082569717303,,extreme_or_outside_historical_support,frontier_exceeds_one;ai_rent_capture_impossible
PER,PEN,low,r3,baseline,0.0834620906743959,2.6154986409656678,,extreme_or_outside_historical_support,frontier_exceeds_one;ai_rent_capture_impossible
PER,PEN,low,r3,debt_consistent,0.1587650317663828,4.97530940649242,,extreme_or_outside_historical_support,frontier_exceeds_one;ai_rent_capture_impossible
PER,GMI:GMI_ideal_aggregate,low,r3,baseline,0.3633919353782446,11.38781817517132,,extreme_or_outside_historical_support,frontier_exceeds_one;ai_rent_capture_impossible
PER,GMI:GMI_ideal_aggregate,low,r3,debt_consistent,0.4386948764702315,13.747628940698071,,extreme_or_outside_historical_support,frontier_exceeds_one;ai_rent_capture_impossible
PER,GMI:GMI_loaded_aggregate,low,r3,baseline,0.5258194022181022,16.477899376617554,,extreme_or_outside_historical_support,frontier_exceeds_one;ai_rent_capture_impossible
PER,GMI:GMI_loaded_aggregate,low,r3,debt_consistent,0.6011223433100892,18.837710142144307,,extreme_or_outside_historical_support,frontier_exceeds_one;ai_rent_capture_impossible
PER,MUT,low,r3,baseline,0.6346592997000723,19.88867667259374,,extreme_or_outside_historical_support,frontier_exceeds_one;ai_rent_capture_impossible
PER,MUT,low,r3,debt_consistent,0.7099622407920592,22.24848743812049,,extreme_or_outside_historical_support,frontier_exceeds_one;ai_rent_capture_impossible
PER,PBI,low,r3,baseline,0.9381050828281604,29.39792844145403,,extreme_or_outside_historical_support,frontier_exceeds_one;ai_rent_capture_impossible
PER,PBI,low,r3,debt_consistent,1.0134080239201473,31.75773920698078,,extreme_or_outside_historical_support,frontier_exceeds_one;ai_rent_capture_impossible
PER,UBI,low,r3,baseline,2.4970172369658776,78.2504384563138,,extreme_or_outside_historical_support,frontier_exceeds_one;ai_rent_capture_impossible
PER,UBI,low,r3,debt_consistent,2.5723201780578644,80.61024922184055,,extreme_or_outside_historical_support,frontier_exceeds_one;ai_rent_capture_impossible
PER,PEN,low,r4,baseline,0.0668291214703286,2.6027482402600315,,extreme_or_outside_historical_support,frontier_exceeds_one;ai_rent_capture_impossible
PER,PEN,low,r4,debt_consistent,0.1274204909531568,4.962559005786783,,extreme_or_outside_historical_support,frontier_exceeds_one;ai_rent_capture_impossible
PER,GMI:GMI_ideal_aggregate,low,r4,baseline,0.2917157595336423,11.361254840367913,,extreme_or_outside_historical_support,frontier_exceeds_one;ai_rent_capture_impossible
PER,GMI:GMI_ideal_aggregate,low,r4,debt_consistent,0.3523071290164705,13.721065605894662,,extreme_or_outside_historical_support,frontier_exceeds_one;ai_rent_capture_impossible
PER,GMI:GMI_loaded_aggregate,low,r4,baseline,0.4224105573029809,16.451336041814145,,extreme_or_outside_historical_support,frontier_exceeds_one;ai_rent_capture_impossible
PER,GMI:GMI_loaded_aggregate,low,r4,debt_consistent,0.4830019267858091,18.811146807340897,,extreme_or_outside_historical_support,frontier_exceeds_one;ai_rent_capture_impossible
PER,MUT,low,r4,baseline,0.5104507240850502,19.88017640545665,,extreme_or_outside_historical_support,frontier_exceeds_one;ai_rent_capture_impossible
PER,MUT,low,r4,debt_consistent,0.5710420935678785,22.2399871709834,,extreme_or_outside_historical_support,frontier_exceeds_one;ai_rent_capture_impossible
PER,PBI,low,r4,baseline,0.7546683353265649,29.391553241101214,,extreme_or_outside_historical_support,frontier_exceeds_one;ai_rent_capture_impossible
PER,PBI,low,r4,debt_consistent,0.8152597048093929,31.751364006627963,,extreme_or_outside_historical_support,frontier_exceeds_one;ai_rent_capture_impossible
PER,UBI,low,r4,baseline,2.0090506392256384,78.24512578935311,,extreme_or_outside_historical_support,frontier_exceeds_one;ai_rent_capture_impossible
PER,UBI,low,r4,debt_consistent,2.069642008708467,80.60493655487987,,extreme_or_outside_historical_support,frontier_exceeds_one;ai_rent_capture_impossible
PER,PEN,mid,r0,baseline,0.0930780545727182,0.3049656645066527,,fiscally_demanding,frontier_exceeds_one;ai_rent_capture_impossible
PER,PEN,mid,r0,debt_consistent,0.1769546915535554,0.5797833371671834,,extreme_or_outside_historical_support,frontier_exceeds_one;ai_rent_capture_impossible
PER,GMI:GMI_ideal_aggregate,mid,r0,baseline,0.4050023484263854,1.3269702604077591,,extreme_or_outside_historical_support,frontier_exceeds_one;ai_rent_capture_impossible
PER,GMI:GMI_ideal_aggregate,mid,r0,debt_consistent,0.4888789854072226,1.6017879330682898,,extreme_or_outside_historical_support,frontier_exceeds_one;ai_rent_capture_impossible
PER,GMI:GMI_loaded_aggregate,mid,r0,baseline,0.5859231660502464,1.919748414431616,,extreme_or_outside_historical_support,frontier_exceeds_one;ai_rent_capture_impossible
PER,GMI:GMI_loaded_aggregate,mid,r0,debt_consistent,0.6697998030310837,2.1945660870921464,,extreme_or_outside_historical_support,frontier_exceeds_one;ai_rent_capture_impossible
PER,MUT,mid,r0,baseline,0.7069946375039964,2.316433131513287,,extreme_or_outside_historical_support,frontier_exceeds_one;ai_rent_capture_impossible
PER,MUT,mid,r0,debt_consistent,0.7908712744848335,2.591250804173818,,extreme_or_outside_historical_support,frontier_exceeds_one;ai_rent_capture_impossible
PER,PBI,mid,r0,baseline,1.0449706775167822,3.4237949914380765,,extreme_or_outside_historical_support,frontier_exceeds_one;ai_rent_capture_impossible
PER,PBI,mid,r0,debt_consistent,1.1288473144976194,3.698612664098607,,extreme_or_outside_historical_support,frontier_exceeds_one;ai_rent_capture_impossible
PER,UBI,mid,r0,baseline,2.7813649797830293,9.1130054575043,,extreme_or_outside_historical_support,frontier_exceeds_one;ai_rent_capture_impossible
PER,UBI,mid,r0,debt_consistent,2.8652416167638664,9.387823130164833,,extreme_or_outside_historical_support,frontier_exceeds_one;ai_rent_capture_impossible
PER,PEN,mid,r1,baseline,0.0879595921251269,0.3040376146025564,,fiscally_demanding,frontier_exceeds_one;ai_rent_capture_impossible
PER,PEN,mid,r1,debt_consistent,0.1674657099046527,0.5788552872630872,,extreme_or_outside_historical_support,frontier_exceeds_one;ai_rent_capture_impossible
PER,GMI:GMI_ideal_aggregate,mid,r1,baseline,0.3833397346695761,1.3250368231075584,,extreme_or_outside_historical_support,frontier_exceeds_one;ai_rent_capture_impossible
PER,GMI:GMI_ideal_aggregate,mid,r1,debt_consistent,0.4628458524491019,1.5998544957680891,,extreme_or_outside_historical_support,frontier_exceeds_one;ai_rent_capture_impossible
PER,GMI:GMI_loaded_aggregate,mid,r1,baseline,0.5548333990860108,1.9178149771314152,,extreme_or_outside_historical_support,frontier_exceeds_one;ai_rent_capture_impossible
PER,GMI:GMI_loaded_aggregate,mid,r1,debt_consistent,0.6343395168655366,2.192632649791946,,extreme_or_outside_historical_support,frontier_exceeds_one;ai_rent_capture_impossible
PER,MUT,mid,r1,baseline,0.6699766182065765,2.315814431577223,,extreme_or_outside_historical_support,frontier_exceeds_one;ai_rent_capture_impossible
PER,MUT,mid,r1,debt_consistent,0.7494827359861023,2.5906321042377534,,extreme_or_outside_historical_support,frontier_exceeds_one;ai_rent_capture_impossible
PER,PBI,mid,r1,baseline,0.9903866530299236,3.4233309664860285,,extreme_or_outside_historical_support,frontier_exceeds_one;ai_rent_capture_impossible
PER,PBI,mid,r1,debt_consistent,1.0698927708094494,3.69814863914656,,extreme_or_outside_historical_support,frontier_exceeds_one;ai_rent_capture_impossible
PER,UBI,mid,r1,baseline,2.636325874522663,9.11261877004426,,extreme_or_outside_historical_support,frontier_exceeds_one;ai_rent_capture_impossible
PER,UBI,mid,r1,debt_consistent,2.715831992302189,9.38743644270479,,extreme_or_outside_historical_support,frontier_exceeds_one;ai_rent_capture_impossible
PER,PEN,mid,r2,baseline,0.0840785922521413,0.3040376146025564,,fiscally_demanding,frontier_exceeds_one;ai_rent_capture_impossible
PER,PEN,mid,r2,debt_consistent,0.1600766988466565,0.5788552872630872,,extreme_or_outside_historical_support,frontier_exceeds_one;ai_rent_capture_impossible
PER,GMI:GMI_ideal_aggregate,mid,r2,baseline,0.3664258151570053,1.3250368231075584,,extreme_or_outside_historical_support,frontier_exceeds_one;ai_rent_capture_impossible
PER,GMI:GMI_ideal_aggregate,mid,r2,debt_consistent,0.4424239217515205,1.5998544957680891,,extreme_or_outside_historical_support,frontier_exceeds_one;ai_rent_capture_impossible
PER,GMI:GMI_loaded_aggregate,mid,r2,baseline,0.5303527449656759,1.9178149771314152,,extreme_or_outside_historical_support,frontier_exceeds_one;ai_rent_capture_impossible
PER,GMI:GMI_loaded_aggregate,mid,r2,debt_consistent,0.6063508515601911,2.192632649791946,,extreme_or_outside_historical_support,frontier_exceeds_one;ai_rent_capture_impossible
PER,MUT,mid,r2,baseline,0.6404155537752619,2.315814431577223,,extreme_or_outside_historical_support,frontier_exceeds_one;ai_rent_capture_impossible
PER,MUT,mid,r2,debt_consistent,0.716413660369777,2.5906321042377534,,extreme_or_outside_historical_support,frontier_exceeds_one;ai_rent_capture_impossible
PER,PBI,mid,r2,baseline,0.9466882867488714,3.4233309664860285,,extreme_or_outside_historical_support,frontier_exceeds_one;ai_rent_capture_impossible
PER,PBI,mid,r2,debt_consistent,1.0226863933433867,3.69814863914656,,extreme_or_outside_historical_support,frontier_exceeds_one;ai_rent_capture_impossible
PER,UBI,mid,r2,baseline,2.5200045031182103,9.11261877004426,,extreme_or_outside_historical_support,frontier_exceeds_one;ai_rent_capture_impossible
PER,UBI,mid,r2,debt_consistent,2.5960026097127256,9.38743644270479,,extreme_or_outside_historical_support,frontier_exceeds_one;ai_rent_capture_impossible
PER,PEN,mid,r3,baseline,0.094833365540356,0.3045944445450142,,fiscally_demanding,frontier_exceeds_one;ai_rent_capture_impossible
PER,PEN,mid,r3,debt_consistent,0.1803959398916242,0.579412117205545,,extreme_or_outside_historical_support,frontier_exceeds_one;ai_rent_capture_impossible
PER,GMI:GMI_ideal_aggregate,mid,r3,baseline,0.4129021926443846,1.326196885487679,,extreme_or_outside_historical_support,frontier_exceeds_one;ai_rent_capture_impossible
PER,GMI:GMI_ideal_aggregate,mid,r3,debt_consistent,0.4984647669956528,1.6010145581482096,,extreme_or_outside_historical_support,frontier_exceeds_one;ai_rent_capture_impossible
PER,GMI:GMI_loaded_aggregate,mid,r3,baseline,0.5974595553003348,1.918975039511536,,extreme_or_outside_historical_support,frontier_exceeds_one;ai_rent_capture_impossible
PER,GMI:GMI_loaded_aggregate,mid,r3,debt_consistent,0.683022129651603,2.1937927121720664,,extreme_or_outside_historical_support,frontier_exceeds_one;ai_rent_capture_impossible
PER,MUT,mid,r3,baseline,0.72112832156153,2.316185651538861,,extreme_or_outside_historical_support,frontier_exceeds_one;ai_rent_capture_impossible
PER,MUT,mid,r3,debt_consistent,0.8066908959127981,2.591003324199392,,extreme_or_outside_historical_support,frontier_exceeds_one;ai_rent_capture_impossible
PER,PBI,mid,r3,baseline,1.0659170111395349,3.423609381457257,,extreme_or_outside_historical_support,frontier_exceeds_one;ai_rent_capture_impossible
PER,PBI,mid,r3,debt_consistent,1.151479585490803,3.698427054117788,,extreme_or_outside_historical_support,frontier_exceeds_one;ai_rent_capture_impossible
PER,UBI,mid,r3,baseline,2.8372228215270368,9.112850782520283,,extreme_or_outside_historical_support,frontier_exceeds_one;ai_rent_capture_impossible
PER,UBI,mid,r3,debt_consistent,2.922785395878305,9.387668455180814,,extreme_or_outside_historical_support,frontier_exceeds_one;ai_rent_capture_impossible
PER,PEN,mid,r4,baseline,0.0753100315197287,0.3031095646984601,,fiscally_demanding,frontier_exceeds_one;ai_rent_capture_impossible
PER,PEN,mid,r4,debt_consistent,0.1435907128332082,0.5779272373589909,,extreme_or_outside_historical_support,frontier_exceeds_one;ai_rent_capture_impossible
PER,GMI:GMI_ideal_aggregate,mid,r4,baseline,0.3287357750922142,1.3231033858073578,,extreme_or_outside_historical_support,frontier_exceeds_one;ai_rent_capture_impossible
PER,GMI:GMI_ideal_aggregate,mid,r4,debt_consistent,0.3970164564056937,1.597921058467889,,extreme_or_outside_historical_support,frontier_exceeds_one;ai_rent_capture_impossible
PER,GMI:GMI_loaded_aggregate,mid,r4,baseline,0.4760163187073727,1.9158815398312143,,extreme_or_outside_historical_support,frontier_exceeds_one;ai_rent_capture_impossible
PER,GMI:GMI_loaded_aggregate,mid,r4,debt_consistent,0.5442970000208522,2.190699212491745,,extreme_or_outside_historical_support,frontier_exceeds_one;ai_rent_capture_impossible
PER,MUT,mid,r4,baseline,0.5752291706719701,2.315195731641159,,extreme_or_outside_historical_support,frontier_exceeds_one;ai_rent_capture_impossible
PER,MUT,mid,r4,debt_consistent,0.6435098519854497,2.59001340430169,,extreme_or_outside_historical_support,frontier_exceeds_one;ai_rent_capture_impossible
PER,PBI,mid,r4,baseline,0.8504390731160294,3.4228669415339805,,extreme_or_outside_historical_support,frontier_exceeds_one;ai_rent_capture_impossible
PER,PBI,mid,r4,debt_consistent,0.9187197544295088,3.697684614194511,,extreme_or_outside_historical_support,frontier_exceeds_one;ai_rent_capture_impossible
PER,UBI,mid,r4,baseline,2.264008019797032,9.11223208258422,,extreme_or_outside_historical_support,frontier_exceeds_one;ai_rent_capture_impossible
PER,UBI,mid,r4,debt_consistent,2.332288701110511,9.38704975524475,,extreme_or_outside_historical_support,frontier_exceeds_one;ai_rent_capture_impossible
PER,PEN,high,r0,baseline,0.0951650751274467,0.3413781812957472,,fiscally_demanding,frontier_exceeds_one;ai_rent_capture_impossible
PER,PEN,high,r0,debt_consistent,0.1809224160641637,0.6490087384358459,,extreme_or_outside_historical_support,frontier_exceeds_one;ai_rent_capture_impossible
PER,GMI:GMI_ideal_aggregate,high,r0,baseline,0.4140834173180738,1.4854088405800283,,extreme_or_outside_historical_support,frontier_exceeds_one;ai_rent_capture_impossible
PER,GMI:GMI_ideal_aggregate,high,r0,debt_consistent,0.4998407582547908,1.793039397720127,,extreme_or_outside_historical_support,frontier_exceeds_one;ai_rent_capture_impossible
PER,GMI:GMI_loaded_aggregate,high,r0,baseline,0.5990608889716373,2.148963960661752,,extreme_or_outside_historical_support,frontier_exceeds_one;ai_rent_capture_impossible
PER,GMI:GMI_loaded_aggregate,high,r0,debt_consistent,0.6848182299083543,2.4565945178018507,,extreme_or_outside_historical_support,frontier_exceeds_one;ai_rent_capture_impossible
PER,MUT,high,r0,baseline,0.7228470567163136,2.593012334055619,,extreme_or_outside_historical_support,frontier_exceeds_one;ai_rent_capture_impossible
PER,MUT,high,r0,debt_consistent,0.8086043976530306,2.900642891195718,,extreme_or_outside_historical_support,frontier_exceeds_one;ai_rent_capture_impossible
PER,PBI,high,r0,baseline,1.0684012841520152,3.8325918073348286,,extreme_or_outside_historical_support,frontier_exceeds_one;ai_rent_capture_impossible
PER,PBI,high,r0,debt_consistent,1.154158625088732,4.140222364474927,,extreme_or_outside_historical_support,frontier_exceeds_one;ai_rent_capture_impossible
PER,UBI,high,r0,baseline,2.8437294749334323,10.20108684777257,,extreme_or_outside_historical_support,frontier_exceeds_one;ai_rent_capture_impossible
PER,UBI,high,r0,debt_consistent,2.929486815870149,10.50871740491267,,extreme_or_outside_historical_support,frontier_exceeds_one;ai_rent_capture_impossible
PER,PEN,high,r1,baseline,0.0899431266613055,0.3403393234003032,,fiscally_demanding,frontier_exceeds_one;ai_rent_capture_impossible
PER,PEN,high,r1,debt_consistent,0.1712421487352126,0.6479698805404018,,extreme_or_outside_historical_support,frontier_exceeds_one;ai_rent_capture_impossible
PER,GMI:GMI_ideal_aggregate,high,r1,baseline,0.3919842450002399,1.483244553297853,,extreme_or_outside_historical_support,frontier_exceeds_one;ai_rent_capture_impossible
PER,GMI:GMI_ideal_aggregate,high,r1,debt_consistent,0.4732832670741471,1.790875110437952,,extreme_or_outside_historical_support,frontier_exceeds_one;ai_rent_capture_impossible
PER,GMI:GMI_loaded_aggregate,high,r1,baseline,0.567345180715772,2.1467996733795767,,extreme_or_outside_historical_support,frontier_exceeds_one;ai_rent_capture_impossible
PER,GMI:GMI_loaded_aggregate,high,r1,debt_consistent,0.6486442027896792,2.454430230519676,,extreme_or_outside_historical_support,frontier_exceeds_one;ai_rent_capture_impossible
PER,MUT,high,r1,baseline,0.6850849392951329,2.592319762125323,,extreme_or_outside_historical_support,frontier_exceeds_one;ai_rent_capture_impossible
PER,MUT,high,r1,debt_consistent,0.7663839613690401,2.8999503192654217,,extreme_or_outside_historical_support,frontier_exceeds_one;ai_rent_capture_impossible
PER,PBI,high,r1,baseline,1.0127203869979098,3.8320723783871062,,extreme_or_outside_historical_support,frontier_exceeds_one;ai_rent_capture_impossible
PER,PBI,high,r1,debt_consistent,1.0940194090718172,4.139702935527206,,extreme_or_outside_historical_support,frontier_exceeds_one;ai_rent_capture_impossible
PER,UBI,high,r1,baseline,2.695776393725822,10.200653990316134,,extreme_or_outside_historical_support,frontier_exceeds_one;ai_rent_capture_impossible
PER,UBI,high,r1,debt_consistent,2.7770754157997293,10.508284547456231,,extreme_or_outside_historical_support,frontier_exceeds_one;ai_rent_capture_impossible
PER,PEN,high,r2,baseline,0.0859712738058841,0.3403393234003032,,fiscally_demanding,frontier_exceeds_one;ai_rent_capture_impossible
PER,PEN,high,r2,debt_consistent,0.1636801632598394,0.6479698805404018,,extreme_or_outside_historical_support,frontier_exceeds_one;ai_rent_capture_impossible
PER,GMI:GMI_ideal_aggregate,high,r2,baseline,0.3746743759688113,1.483244553297853,,extreme_or_outside_historical_support,frontier_exceeds_one;ai_rent_capture_impossible
PER,GMI:GMI_ideal_aggregate,high,r2,debt_consistent,0.4523832654227666,1.790875110437952,,extreme_or_outside_historical_support,frontier_exceeds_one;ai_rent_capture_impossible
PER,GMI:GMI_loaded_aggregate,high,r2,baseline,0.5422914422069801,2.1467996733795767,,extreme_or_outside_historical_support,frontier_exceeds_one;ai_rent_capture_impossible
PER,GMI:GMI_loaded_aggregate,high,r2,debt_consistent,0.6200003316609354,2.454430230519676,,extreme_or_outside_historical_support,frontier_exceeds_one;ai_rent_capture_impossible
PER,MUT,high,r2,baseline,0.6548318596730278,2.592319762125323,,extreme_or_outside_historical_support,frontier_exceeds_one;ai_rent_capture_impossible
PER,MUT,high,r2,debt_consistent,0.7325407491269832,2.8999503192654217,,extreme_or_outside_historical_support,frontier_exceeds_one;ai_rent_capture_impossible
PER,PBI,high,r2,baseline,0.9679990557505764,3.8320723783871062,,extreme_or_outside_historical_support,frontier_exceeds_one;ai_rent_capture_impossible
PER,PBI,high,r2,debt_consistent,1.045707945204532,4.139702935527206,,extreme_or_outside_historical_support,frontier_exceeds_one;ai_rent_capture_impossible
PER,UBI,high,r2,baseline,2.5767319757202403,10.200653990316134,,extreme_or_outside_historical_support,frontier_exceeds_one;ai_rent_capture_impossible
PER,UBI,high,r2,debt_consistent,2.6544408651741955,10.508284547456231,,extreme_or_outside_historical_support,frontier_exceeds_one;ai_rent_capture_impossible
PER,PEN,high,r3,baseline,0.095218225513035,0.3409626381375696,,fiscally_demanding,frontier_exceeds_one;ai_rent_capture_impossible
PER,PEN,high,r3,debt_consistent,0.1811280364074707,0.6485931952776683,,extreme_or_outside_historical_support,frontier_exceeds_one;ai_rent_capture_impossible
PER,GMI:GMI_ideal_aggregate,high,r3,baseline,0.4145778637088327,1.4845431256671586,,extreme_or_outside_historical_support,frontier_exceeds_one;ai_rent_capture_impossible
PER,GMI:GMI_ideal_aggregate,high,r3,debt_consistent,0.5004876746032685,1.7921736828072572,,extreme_or_outside_historical_support,frontier_exceeds_one;ai_rent_capture_impossible
PER,GMI:GMI_loaded_aggregate,high,r3,baseline,0.5998842110828171,2.148098245748882,,extreme_or_outside_historical_support,frontier_exceeds_one;ai_rent_capture_impossible
PER,GMI:GMI_loaded_aggregate,high,r3,debt_consistent,0.6857940219772528,2.4557288028889808,,extreme_or_outside_historical_support,frontier_exceeds_one;ai_rent_capture_impossible
PER,MUT,high,r3,baseline,0.7240548593317846,2.592735305283501,,extreme_or_outside_historical_support,frontier_exceeds_one;ai_rent_capture_impossible
PER,MUT,high,r3,debt_consistent,0.8099646702262202,2.9003658624235995,,extreme_or_outside_historical_support,frontier_exceeds_one;ai_rent_capture_impossible
PER,PBI,high,r3,baseline,1.0702427965785286,3.83238403575574,,extreme_or_outside_historical_support,frontier_exceeds_one;ai_rent_capture_impossible
PER,PBI,high,r3,debt_consistent,1.1561526074729642,4.140014592895838,,extreme_or_outside_historical_support,frontier_exceeds_one;ai_rent_capture_impossible
PER,UBI,high,r3,baseline,2.848737054849405,10.200913704789995,,extreme_or_outside_historical_support,frontier_exceeds_one;ai_rent_capture_impossible
PER,UBI,high,r3,debt_consistent,2.934646865743841,10.508544261930094,,extreme_or_outside_historical_support,frontier_exceeds_one;ai_rent_capture_impossible
PER,PEN,high,r4,baseline,0.075258749808182,0.3393004655048591,,fiscally_demanding,frontier_exceeds_one;ai_rent_capture_impossible
PER,PEN,high,r4,debt_consistent,0.1434929359850554,0.6469310226449577,,extreme_or_outside_historical_support,frontier_exceeds_one;ai_rent_capture_impossible
PER,GMI:GMI_ideal_aggregate,high,r4,baseline,0.3285119253227592,1.481080266015678,,extreme_or_outside_historical_support,frontier_exceeds_one;ai_rent_capture_impossible
PER,GMI:GMI_ideal_aggregate,high,r4,debt_consistent,0.3967461114996325,1.788710823155777,,extreme_or_outside_historical_support,frontier_exceeds_one;ai_rent_capture_impossible
PER,GMI:GMI_loaded_aggregate,high,r4,baseline,0.4756921795315572,2.1446353860974017,,extreme_or_outside_historical_support,frontier_exceeds_one;ai_rent_capture_impossible
PER,GMI:GMI_loaded_aggregate,high,r4,debt_consistent,0.5439263657084306,2.4522659432375,,extreme_or_outside_historical_support,frontier_exceeds_one;ai_rent_capture_impossible
PER,MUT,high,r4,baseline,0.5748374733667329,2.591627190195027,,extreme_or_outside_historical_support,frontier_exceeds_one;ai_rent_capture_impossible
PER,MUT,high,r4,debt_consistent,0.6430716595436062,2.899257747335126,,extreme_or_outside_historical_support,frontier_exceeds_one;ai_rent_capture_impossible
PER,PBI,high,r4,baseline,0.8498599740191966,3.8315529494393847,,extreme_or_outside_historical_support,frontier_exceeds_one;ai_rent_capture_impossible
PER,PBI,high,r4,debt_consistent,0.9180941601960698,4.139183506579483,,extreme_or_outside_historical_support,frontier_exceeds_one;ai_rent_capture_impossible
PER,UBI,high,r4,baseline,2.262466363209355,10.2002211328597,,extreme_or_outside_historical_support,frontier_exceeds_one;ai_rent_capture_impossible
PER,UBI,high,r4,debt_consistent,2.3307005493862283,10.507851689999798,,extreme_or_outside_historical_support,frontier_exceeds_one;ai_rent_capture_impossible
PER,PEN,stress,r0,baseline,0.0999721807025207,0.0839172321326687,0.1173826778266382,fiscally_ordinary,
PER,PEN,stress,r0,debt_consistent,0.1900614111603496,0.1595386581319568,,fiscally_ordinary,frontier_exceeds_one
PER,GMI:GMI_ideal_aggregate,stress,r0,baseline,0.4350001528039612,0.3651416678527647,,extreme_or_outside_historical_support,frontier_exceeds_one;ai_rent_capture_impossible
PER,GMI:GMI_ideal_aggregate,stress,r0,debt_consistent,0.5250893832617901,0.4407630938520527,,extreme_or_outside_historical_support,frontier_exceeds_one;ai_rent_capture_impossible
PER,GMI:GMI_loaded_aggregate,stress,r0,baseline,0.6293214539460015,0.5282561025051604,,extreme_or_outside_historical_support,frontier_exceeds_one;ai_rent_capture_impossible
PER,GMI:GMI_loaded_aggregate,stress,r0,debt_consistent,0.7194106844038304,0.6038775285044485,,extreme_or_outside_historical_support,frontier_exceeds_one;ai_rent_capture_impossible
PER,MUT,stress,r0,baseline,0.7593604741818418,0.6374116152763316,,extreme_or_outside_historical_support,frontier_exceeds_one;ai_rent_capture_impossible
PER,MUT,stress,r0,debt_consistent,0.8494497046396707,0.7130330412756196,,extreme_or_outside_historical_support,frontier_exceeds_one;ai_rent_capture_impossible
PER,PBI,stress,r0,baseline,1.1223697989940964,0.9421237618207674,,extreme_or_outside_historical_support,frontier_exceeds_one;ai_rent_capture_impossible
PER,PBI,stress,r0,debt_consistent,1.212459029451925,1.0177451878200554,,extreme_or_outside_historical_support,frontier_exceeds_one;ai_rent_capture_impossible
PER,UBI,stress,r0,baseline,2.9873757421658964,2.507620638673516,,extreme_or_outside_historical_support,frontier_exceeds_one;ai_rent_capture_impossible
PER,UBI,stress,r0,debt_consistent,3.077464972623725,2.583242064672804,,extreme_or_outside_historical_support,frontier_exceeds_one;ai_rent_capture_impossible
PER,PEN,stress,r1,baseline,0.0944755888991784,0.0836618611571895,0.1111834472512639,fiscally_ordinary,
PER,PEN,stress,r1,debt_consistent,0.1798714748603459,0.1592832871564775,,fiscally_ordinary,frontier_exceeds_one
PER,GMI:GMI_ideal_aggregate,stress,r1,baseline,0.4117373251326994,0.3646096449871828,,extreme_or_outside_historical_support,frontier_exceeds_one;ai_rent_capture_impossible
PER,GMI:GMI_ideal_aggregate,stress,r1,debt_consistent,0.4971332110938668,0.4402310709864708,,extreme_or_outside_historical_support,frontier_exceeds_one;ai_rent_capture_impossible
PER,GMI:GMI_loaded_aggregate,stress,r1,baseline,0.5959351430940724,0.5277240796395787,,extreme_or_outside_historical_support,frontier_exceeds_one;ai_rent_capture_impossible
PER,GMI:GMI_loaded_aggregate,stress,r1,debt_consistent,0.6813310290552398,0.6033455056388667,,extreme_or_outside_historical_support,frontier_exceeds_one;ai_rent_capture_impossible
PER,MUT,stress,r1,baseline,0.7196081066827139,0.6372413679593454,,extreme_or_outside_historical_support,frontier_exceeds_one;ai_rent_capture_impossible
PER,MUT,stress,r1,debt_consistent,0.8050039926438814,0.7128627939586335,,extreme_or_outside_historical_support,frontier_exceeds_one;ai_rent_capture_impossible
PER,PBI,stress,r1,baseline,1.0637539354409926,0.9419960763330278,,extreme_or_outside_historical_support,frontier_exceeds_one;ai_rent_capture_impossible
PER,PBI,stress,r1,debt_consistent,1.1491498214021605,1.017617502332316,,extreme_or_outside_historical_support,frontier_exceeds_one;ai_rent_capture_impossible
PER,UBI,stress,r1,baseline,2.8316234023841065,2.5075142341003995,,extreme_or_outside_historical_support,frontier_exceeds_one;ai_rent_capture_impossible
PER,UBI,stress,r1,debt_consistent,2.917019288345274,2.5831356600996878,,extreme_or_outside_historical_support,frontier_exceeds_one;ai_rent_capture_impossible
PER,PEN,stress,r2,baseline,0.090281494348363,0.0836618611571895,0.1064343388387812,fiscally_ordinary,requirement_already_covered
PER,PEN,stress,r2,debt_consistent,0.1718863648298174,0.1592832871564775,,fiscally_ordinary,frontier_exceeds_one
PER,GMI:GMI_ideal_aggregate,stress,r2,baseline,0.3934588968971343,0.3646096449871828,,extreme_or_outside_historical_support,frontier_exceeds_one;ai_rent_capture_impossible
PER,GMI:GMI_ideal_aggregate,stress,r2,debt_consistent,0.4750637673785888,0.4402310709864708,,extreme_or_outside_historical_support,frontier_exceeds_one;ai_rent_capture_impossible
PER,GMI:GMI_loaded_aggregate,stress,r2,baseline,0.5694795436592008,0.5277240796395787,,extreme_or_outside_historical_support,frontier_exceeds_one;ai_rent_capture_impossible
PER,GMI:GMI_loaded_aggregate,stress,r2,debt_consistent,0.6510844141406553,0.6033455056388667,,extreme_or_outside_historical_support,frontier_exceeds_one;ai_rent_capture_impossible
PER,MUT,stress,r2,baseline,0.6876622413631401,0.6372413679593454,,extreme_or_outside_historical_support,frontier_exceeds_one;ai_rent_capture_impossible
PER,MUT,stress,r2,debt_consistent,0.7692671118445946,0.7128627939586335,,extreme_or_outside_historical_support,frontier_exceeds_one;ai_rent_capture_impossible
PER,PBI,stress,r2,baseline,1.016530259610798,0.9419960763330278,,extreme_or_outside_historical_support,frontier_exceeds_one;ai_rent_capture_impossible
PER,PBI,stress,r2,debt_consistent,1.0981351300922526,1.017617502332316,,extreme_or_outside_historical_support,frontier_exceeds_one;ai_rent_capture_impossible
PER,UBI,stress,r2,baseline,2.705917953809719,2.5075142341003995,,extreme_or_outside_historical_support,frontier_exceeds_one;ai_rent_capture_impossible
PER,UBI,stress,r2,debt_consistent,2.7875228242911736,2.5831356600996878,,extreme_or_outside_historical_support,frontier_exceeds_one;ai_rent_capture_impossible
PER,PEN,stress,r3,baseline,0.0974293898017232,0.083815083742477,0.1145183113777666,fiscally_ordinary,
PER,PEN,stress,r3,debt_consistent,0.185334204329909,0.159436509741765,,fiscally_ordinary,frontier_exceeds_one
PER,GMI:GMI_ideal_aggregate,stress,r3,baseline,0.4242052198391792,0.3649288587065319,,extreme_or_outside_historical_support,frontier_exceeds_one;ai_rent_capture_impossible
PER,GMI:GMI_ideal_aggregate,stress,r3,debt_consistent,0.512110034367365,0.4405502847058199,,extreme_or_outside_historical_support,frontier_exceeds_one;ai_rent_capture_impossible
PER,GMI:GMI_loaded_aggregate,stress,r3,baseline,0.6138147641649333,0.5280432933589277,,extreme_or_outside_historical_support,frontier_exceeds_one;ai_rent_capture_impossible
PER,GMI:GMI_loaded_aggregate,stress,r3,debt_consistent,0.7017195786931191,0.6036647193582158,,extreme_or_outside_historical_support,frontier_exceeds_one;ai_rent_capture_impossible
PER,MUT,stress,r3,baseline,0.7408689118871585,0.6373435163495372,,extreme_or_outside_historical_support,frontier_exceeds_one;ai_rent_capture_impossible
PER,MUT,stress,r3,debt_consistent,0.8287737264153442,0.7129649423488251,,extreme_or_outside_historical_support,frontier_exceeds_one;ai_rent_capture_impossible
PER,PBI,stress,r3,baseline,1.09509604961144,0.9420726876256716,,extreme_or_outside_historical_support,frontier_exceeds_one;ai_rent_capture_impossible
PER,PBI,stress,r3,debt_consistent,1.1830008641396257,1.0176941136249595,,extreme_or_outside_historical_support,frontier_exceeds_one;ai_rent_capture_impossible
PER,UBI,stress,r3,baseline,2.914890625865949,2.5075780768442693,,extreme_or_outside_historical_support,frontier_exceeds_one;ai_rent_capture_impossible
PER,UBI,stress,r3,debt_consistent,3.0027954403941357,2.583199502843557,,extreme_or_outside_historical_support,frontier_exceeds_one;ai_rent_capture_impossible
PER,PEN,stress,r4,baseline,0.0764586709452878,0.0834064901817102,0.0906650576363045,fiscally_ordinary,requirement_already_covered
PER,PEN,stress,r4,debt_consistent,0.1457807790246047,0.1590279161809982,0.1679894898554811,fiscally_ordinary,
PER,GMI:GMI_ideal_aggregate,stress,r4,baseline,0.3337497003853371,0.364077622121601,,extreme_or_outside_historical_support,frontier_exceeds_one;ai_rent_capture_impossible
PER,GMI:GMI_ideal_aggregate,stress,r4,debt_consistent,0.4030718084646539,0.439699048120889,,extreme_or_outside_historical_support,frontier_exceeds_one;ai_rent_capture_impossible
PER,GMI:GMI_loaded_aggregate,stress,r4,baseline,0.4832765880213427,0.5271920567739968,,extreme_or_outside_historical_support,frontier_exceeds_one;ai_rent_capture_impossible
PER,GMI:GMI_loaded_aggregate,stress,r4,debt_consistent,0.5525986961006596,0.6028134827732848,,extreme_or_outside_historical_support,frontier_exceeds_one;ai_rent_capture_impossible
PER,MUT,stress,r4,baseline,0.5840026486646385,0.6370711206423593,,extreme_or_outside_historical_support,frontier_exceeds_one;ai_rent_capture_impossible
PER,MUT,stress,r4,debt_consistent,0.6533247567439554,0.7126925466416474,,extreme_or_outside_historical_support,frontier_exceeds_one;ai_rent_capture_impossible
PER,PBI,stress,r4,baseline,0.8634100920985552,0.9418683908452882,,extreme_or_outside_historical_support,frontier_exceeds_one;ai_rent_capture_impossible
PER,PBI,stress,r4,debt_consistent,0.932732200177872,1.017489816844576,,extreme_or_outside_historical_support,frontier_exceeds_one;ai_rent_capture_impossible
PER,UBI,stress,r4,baseline,2.2985389955361617,2.507407829527283,,extreme_or_outside_historical_support,frontier_exceeds_one;ai_rent_capture_impossible
PER,UBI,stress,r4,debt_consistent,2.367861103615479,2.583029255526571,,extreme_or_outside_historical_support,frontier_exceeds_one;ai_rent_capture_impossible
CHL,PEN,low,r0,baseline,0.3483180573904323,9.993216125682856,,extreme_or_outside_historical_support,frontier_exceeds_one;ai_rent_capture_impossible
CHL,PEN,low,r0,debt_consistent,0.3483180573904323,9.993216125682856,,extreme_or_outside_historical_support,frontier_exceeds_one;ai_rent_capture_impossible
CHL,GMI:GMI_ideal_aggregate,low,r0,baseline,0.0510979207687922,1.4659951012622583,,extreme_or_outside_historical_support,frontier_exceeds_one;ai_rent_capture_impossible
CHL,GMI:GMI_ideal_aggregate,low,r0,debt_consistent,0.0510979207687922,1.4659951012622583,,extreme_or_outside_historical_support,frontier_exceeds_one;ai_rent_capture_impossible
CHL,GMI:GMI_loaded_aggregate,low,r0,baseline,0.0589075065774193,1.690051469233436,,extreme_or_outside_historical_support,frontier_exceeds_one;ai_rent_capture_impossible
CHL,GMI:GMI_loaded_aggregate,low,r0,debt_consistent,0.0589075065774193,1.690051469233436,,extreme_or_outside_historical_support,frontier_exceeds_one;ai_rent_capture_impossible
CHL,MUT,low,r0,baseline,0.321257398483536,9.216848070044328,,extreme_or_outside_historical_support,frontier_exceeds_one;ai_rent_capture_impossible
CHL,MUT,low,r0,debt_consistent,0.321257398483536,9.216848070044328,,extreme_or_outside_historical_support,frontier_exceeds_one;ai_rent_capture_impossible
CHL,PBI,low,r0,baseline,0.5262733274432806,15.09873803765485,,extreme_or_outside_historical_support,frontier_exceeds_one;ai_rent_capture_impossible
CHL,PBI,low,r0,debt_consistent,0.5262733274432806,15.09873803765485,,extreme_or_outside_historical_support,frontier_exceeds_one;ai_rent_capture_impossible
CHL,UBI,low,r0,baseline,1.2467125448504832,35.76807932563182,,extreme_or_outside_historical_support,frontier_exceeds_one;ai_rent_capture_impossible
CHL,UBI,low,r0,debt_consistent,1.2467125448504832,35.76807932563182,,extreme_or_outside_historical_support,frontier_exceeds_one;ai_rent_capture_impossible
CHL,PEN,low,r1,baseline,0.3327316171675878,9.986536122643894,,extreme_or_outside_historical_support,frontier_exceeds_one;ai_rent_capture_impossible
CHL,PEN,low,r1,debt_consistent,0.3327316171675878,9.986536122643894,,extreme_or_outside_historical_support,frontier_exceeds_one;ai_rent_capture_impossible
CHL,GMI:GMI_ideal_aggregate,low,r1,baseline,0.048380379118148,1.4520784282644252,,extreme_or_outside_historical_support,frontier_exceeds_one;ai_rent_capture_impossible
CHL,GMI:GMI_ideal_aggregate,low,r1,debt_consistent,0.048380379118148,1.4520784282644252,,extreme_or_outside_historical_support,frontier_exceeds_one;ai_rent_capture_impossible
CHL,GMI:GMI_loaded_aggregate,low,r1,baseline,0.055845493822205,1.6761347962356024,,extreme_or_outside_historical_support,frontier_exceeds_one;ai_rent_capture_impossible
CHL,GMI:GMI_loaded_aggregate,low,r1,debt_consistent,0.055845493822205,1.6761347962356024,,extreme_or_outside_historical_support,frontier_exceeds_one;ai_rent_capture_impossible
CHL,MUT,low,r1,baseline,0.3069387583856658,9.21239473468502,,extreme_or_outside_historical_support,frontier_exceeds_one;ai_rent_capture_impossible
CHL,MUT,low,r1,debt_consistent,0.3069387583856658,9.21239473468502,,extreme_or_outside_historical_support,frontier_exceeds_one;ai_rent_capture_impossible
CHL,PBI,low,r1,baseline,0.5029487841097409,15.095398036135371,,extreme_or_outside_historical_support,frontier_exceeds_one;ai_rent_capture_impossible
CHL,PBI,low,r1,debt_consistent,0.5029487841097409,15.095398036135371,,extreme_or_outside_historical_support,frontier_exceeds_one;ai_rent_capture_impossible
CHL,UBI,low,r1,baseline,1.1916288718558268,35.76529599103225,,extreme_or_outside_historical_support,frontier_exceeds_one;ai_rent_capture_impossible
CHL,UBI,low,r1,debt_consistent,1.1916288718558268,35.76529599103225,,extreme_or_outside_historical_support,frontier_exceeds_one;ai_rent_capture_impossible
CHL,PEN,low,r2,baseline,0.3185001731267274,9.986536122643894,,extreme_or_outside_historical_support,frontier_exceeds_one;ai_rent_capture_impossible
CHL,PEN,low,r2,debt_consistent,0.3185001731267274,9.986536122643894,,extreme_or_outside_historical_support,frontier_exceeds_one;ai_rent_capture_impossible
CHL,GMI:GMI_ideal_aggregate,low,r2,baseline,0.0463110757439852,1.4520784282644252,,extreme_or_outside_historical_support,frontier_exceeds_one;ai_rent_capture_impossible
CHL,GMI:GMI_ideal_aggregate,low,r2,debt_consistent,0.0463110757439852,1.4520784282644252,,extreme_or_outside_historical_support,frontier_exceeds_one;ai_rent_capture_impossible
CHL,GMI:GMI_loaded_aggregate,low,r2,baseline,0.0534568959876186,1.6761347962356024,,extreme_or_outside_historical_support,frontier_exceeds_one;ai_rent_capture_impossible
CHL,GMI:GMI_loaded_aggregate,low,r2,debt_consistent,0.0534568959876186,1.6761347962356024,,extreme_or_outside_historical_support,frontier_exceeds_one;ai_rent_capture_impossible
CHL,MUT,low,r2,baseline,0.2938105146644307,9.21239473468502,,extreme_or_outside_historical_support,frontier_exceeds_one;ai_rent_capture_impossible
CHL,MUT,low,r2,debt_consistent,0.2938105146644307,9.21239473468502,,extreme_or_outside_historical_support,frontier_exceeds_one;ai_rent_capture_impossible
CHL,PBI,low,r2,baseline,0.4814368895161127,15.095398036135371,,extreme_or_outside_historical_support,frontier_exceeds_one;ai_rent_capture_impossible
CHL,PBI,low,r2,debt_consistent,0.4814368895161127,15.095398036135371,,extreme_or_outside_historical_support,frontier_exceeds_one;ai_rent_capture_impossible
CHL,UBI,low,r2,baseline,1.1406610685804677,35.76529599103225,,extreme_or_outside_historical_support,frontier_exceeds_one;ai_rent_capture_impossible
CHL,UBI,low,r2,debt_consistent,1.1406610685804677,35.76529599103225,,extreme_or_outside_historical_support,frontier_exceeds_one;ai_rent_capture_impossible
CHL,PEN,low,r3,baseline,0.3643877175114076,9.990544124467272,,extreme_or_outside_historical_support,frontier_exceeds_one;ai_rent_capture_impossible
CHL,PEN,low,r3,debt_consistent,0.3643877175114076,9.990544124467272,,extreme_or_outside_historical_support,frontier_exceeds_one;ai_rent_capture_impossible
CHL,GMI:GMI_ideal_aggregate,low,r3,baseline,0.0532665865160394,1.460428432063125,,extreme_or_outside_historical_support,frontier_exceeds_one;ai_rent_capture_impossible
CHL,GMI:GMI_ideal_aggregate,low,r3,debt_consistent,0.0532665865160394,1.460428432063125,,extreme_or_outside_historical_support,frontier_exceeds_one;ai_rent_capture_impossible
CHL,GMI:GMI_loaded_aggregate,low,r3,baseline,0.061438652772067,1.6844848000343022,,extreme_or_outside_historical_support,frontier_exceeds_one;ai_rent_capture_impossible
CHL,GMI:GMI_loaded_aggregate,low,r3,debt_consistent,0.061438652772067,1.6844848000343022,,extreme_or_outside_historical_support,frontier_exceeds_one;ai_rent_capture_impossible
CHL,MUT,low,r3,baseline,0.336103528774432,9.215066735900606,,extreme_or_outside_historical_support,frontier_exceeds_one;ai_rent_capture_impossible
CHL,MUT,low,r3,debt_consistent,0.336103528774432,9.215066735900606,,extreme_or_outside_historical_support,frontier_exceeds_one;ai_rent_capture_impossible
CHL,PBI,low,r3,baseline,0.5506514760451049,15.09740203704706,,extreme_or_outside_historical_support,frontier_exceeds_one;ai_rent_capture_impossible
CHL,PBI,low,r3,debt_consistent,0.5506514760451049,15.09740203704706,,extreme_or_outside_historical_support,frontier_exceeds_one;ai_rent_capture_impossible
CHL,UBI,low,r3,baseline,1.304537864773425,35.76696599179199,,extreme_or_outside_historical_support,frontier_exceeds_one;ai_rent_capture_impossible
CHL,UBI,low,r3,debt_consistent,1.304537864773425,35.76696599179199,,extreme_or_outside_historical_support,frontier_exceeds_one;ai_rent_capture_impossible
CHL,PEN,low,r4,baseline,0.2932641767830541,9.979856119604936,,extreme_or_outside_historical_support,frontier_exceeds_one;ai_rent_capture_impossible
CHL,PEN,low,r4,debt_consistent,0.2932641767830541,9.979856119604936,,extreme_or_outside_historical_support,frontier_exceeds_one;ai_rent_capture_impossible
CHL,GMI:GMI_ideal_aggregate,low,r4,baseline,0.0422612629064461,1.4381617552665915,,extreme_or_outside_historical_support,frontier_exceeds_one;ai_rent_capture_impossible
CHL,GMI:GMI_ideal_aggregate,low,r4,debt_consistent,0.0422612629064461,1.4381617552665915,,extreme_or_outside_historical_support,frontier_exceeds_one;ai_rent_capture_impossible
CHL,GMI:GMI_loaded_aggregate,low,r4,baseline,0.0488452963352436,1.662218123237769,,extreme_or_outside_historical_support,frontier_exceeds_one;ai_rent_capture_impossible
CHL,GMI:GMI_loaded_aggregate,low,r4,debt_consistent,0.0488452963352436,1.662218123237769,,extreme_or_outside_historical_support,frontier_exceeds_one;ai_rent_capture_impossible
CHL,MUT,low,r4,baseline,0.2705809905450577,9.207941399325716,,extreme_or_outside_historical_support,frontier_exceeds_one;ai_rent_capture_impossible
CHL,MUT,low,r4,debt_consistent,0.2705809905450577,9.207941399325716,,extreme_or_outside_historical_support,frontier_exceeds_one;ai_rent_capture_impossible
CHL,PBI,low,r4,baseline,0.4434893572051732,15.09205803461589,,extreme_or_outside_historical_support,frontier_exceeds_one;ai_rent_capture_impossible
CHL,PBI,low,r4,debt_consistent,0.4434893572051732,15.09205803461589,,extreme_or_outside_historical_support,frontier_exceeds_one;ai_rent_capture_impossible
CHL,UBI,low,r4,baseline,1.0509033104474717,35.76251265643268,,extreme_or_outside_historical_support,frontier_exceeds_one;ai_rent_capture_impossible
CHL,UBI,low,r4,debt_consistent,1.0509033104474717,35.76251265643268,,extreme_or_outside_historical_support,frontier_exceeds_one;ai_rent_capture_impossible
CHL,PEN,mid,r0,baseline,0.401920655763519,1.1615055065554287,,extreme_or_outside_historical_support,frontier_exceeds_one;ai_rent_capture_impossible
CHL,PEN,mid,r0,debt_consistent,0.401920655763519,1.1615055065554287,,extreme_or_outside_historical_support,frontier_exceeds_one;ai_rent_capture_impossible
CHL,GMI:GMI_ideal_aggregate,mid,r0,baseline,0.058961369896838,0.1703917298779569,,fiscally_ordinary,frontier_exceeds_one;ai_rent_capture_impossible
CHL,GMI:GMI_ideal_aggregate,mid,r0,debt_consistent,0.058961369896838,0.1703917298779569,,fiscally_ordinary,frontier_exceeds_one;ai_rent_capture_impossible
CHL,GMI:GMI_loaded_aggregate,mid,r0,baseline,0.0679727713526245,0.1964336669184759,,fiscally_ordinary,frontier_exceeds_one;ai_rent_capture_impossible
CHL,GMI:GMI_loaded_aggregate,mid,r0,debt_consistent,0.0679727713526245,0.1964336669184759,,fiscally_ordinary,frontier_exceeds_one;ai_rent_capture_impossible
CHL,MUT,mid,r0,baseline,0.3706956372998297,1.0712687138756083,,extreme_or_outside_historical_support,frontier_exceeds_one;ai_rent_capture_impossible
CHL,MUT,mid,r0,debt_consistent,0.3706956372998297,1.0712687138756083,,extreme_or_outside_historical_support,frontier_exceeds_one;ai_rent_capture_impossible
CHL,PBI,mid,r0,baseline,0.607261427850001,1.754917251084236,,extreme_or_outside_historical_support,frontier_exceeds_one;ai_rent_capture_impossible
CHL,PBI,mid,r0,debt_consistent,0.607261427850001,1.754917251084236,,extreme_or_outside_historical_support,frontier_exceeds_one;ai_rent_capture_impossible
CHL,UBI,mid,r0,baseline,1.4385688968552328,4.157302371241761,,extreme_or_outside_historical_support,frontier_exceeds_one;ai_rent_capture_impossible
CHL,UBI,mid,r0,debt_consistent,1.4385688968552328,4.157302371241761,,extreme_or_outside_historical_support,frontier_exceeds_one;ai_rent_capture_impossible
CHL,PEN,mid,r1,baseline,0.3834008097899107,1.160729093815428,,extreme_or_outside_historical_support,frontier_exceeds_one;ai_rent_capture_impossible
CHL,PEN,mid,r1,debt_consistent,0.3834008097899107,1.160729093815428,,extreme_or_outside_historical_support,frontier_exceeds_one;ai_rent_capture_impossible
CHL,GMI:GMI_ideal_aggregate,mid,r1,baseline,0.055747862766219,0.1687742033362891,,fiscally_ordinary,frontier_exceeds_one;ai_rent_capture_impossible
CHL,GMI:GMI_ideal_aggregate,mid,r1,debt_consistent,0.055747862766219,0.1687742033362891,,fiscally_ordinary,frontier_exceeds_one;ai_rent_capture_impossible
CHL,GMI:GMI_loaded_aggregate,mid,r1,baseline,0.0643497835787773,0.1948161403768081,,fiscally_ordinary,frontier_exceeds_one;ai_rent_capture_impossible
CHL,GMI:GMI_loaded_aggregate,mid,r1,debt_consistent,0.0643497835787773,0.1948161403768081,,fiscally_ordinary,frontier_exceeds_one;ai_rent_capture_impossible
CHL,MUT,mid,r1,baseline,0.3536801507555609,1.0707511053822747,,extreme_or_outside_historical_support,frontier_exceeds_one;ai_rent_capture_impossible
CHL,MUT,mid,r1,debt_consistent,0.3536801507555609,1.0707511053822747,,extreme_or_outside_historical_support,frontier_exceeds_one;ai_rent_capture_impossible
CHL,PBI,mid,r1,baseline,0.5795390674081986,1.754529044714236,,extreme_or_outside_historical_support,frontier_exceeds_one;ai_rent_capture_impossible
CHL,PBI,mid,r1,debt_consistent,0.5795390674081986,1.754529044714236,,extreme_or_outside_historical_support,frontier_exceeds_one;ai_rent_capture_impossible
CHL,UBI,mid,r1,baseline,1.373093060189853,4.156978865933428,,extreme_or_outside_historical_support,frontier_exceeds_one;ai_rent_capture_impossible
CHL,UBI,mid,r1,debt_consistent,1.373093060189853,4.156978865933428,,extreme_or_outside_historical_support,frontier_exceeds_one;ai_rent_capture_impossible
CHL,PEN,mid,r2,baseline,0.3665309948144641,1.160729093815428,,extreme_or_outside_historical_support,frontier_exceeds_one;ai_rent_capture_impossible
CHL,PEN,mid,r2,debt_consistent,0.3665309948144641,1.160729093815428,,extreme_or_outside_historical_support,frontier_exceeds_one;ai_rent_capture_impossible
CHL,GMI:GMI_ideal_aggregate,mid,r2,baseline,0.0532949307271395,0.1687742033362891,,fiscally_ordinary,frontier_exceeds_one;ai_rent_capture_impossible
CHL,GMI:GMI_ideal_aggregate,mid,r2,debt_consistent,0.0532949307271395,0.1687742033362891,,fiscally_ordinary,frontier_exceeds_one;ai_rent_capture_impossible
CHL,GMI:GMI_loaded_aggregate,mid,r2,baseline,0.0615183630001957,0.1948161403768081,,fiscally_ordinary,frontier_exceeds_one;ai_rent_capture_impossible
CHL,GMI:GMI_loaded_aggregate,mid,r2,debt_consistent,0.0615183630001957,0.1948161403768081,,fiscally_ordinary,frontier_exceeds_one;ai_rent_capture_impossible
CHL,MUT,mid,r2,baseline,0.3381180586801586,1.0707511053822747,,extreme_or_outside_historical_support,frontier_exceeds_one;ai_rent_capture_impossible
CHL,MUT,mid,r2,debt_consistent,0.3381180586801586,1.0707511053822747,,extreme_or_outside_historical_support,frontier_exceeds_one;ai_rent_capture_impossible
CHL,PBI,mid,r2,baseline,0.5540390773492926,1.754529044714236,,extreme_or_outside_historical_support,frontier_exceeds_one;ai_rent_capture_impossible
CHL,PBI,mid,r2,debt_consistent,0.5540390773492926,1.754529044714236,,extreme_or_outside_historical_support,frontier_exceeds_one;ai_rent_capture_impossible
CHL,UBI,mid,r2,baseline,1.312676323245125,4.156978865933428,,extreme_or_outside_historical_support,frontier_exceeds_one;ai_rent_capture_impossible
CHL,UBI,mid,r2,debt_consistent,1.312676323245125,4.156978865933428,,extreme_or_outside_historical_support,frontier_exceeds_one;ai_rent_capture_impossible
CHL,PEN,mid,r3,baseline,0.4128195911411244,1.1611949414594285,,extreme_or_outside_historical_support,frontier_exceeds_one;ai_rent_capture_impossible
CHL,PEN,mid,r3,debt_consistent,0.4128195911411244,1.1611949414594285,,extreme_or_outside_historical_support,frontier_exceeds_one;ai_rent_capture_impossible
CHL,GMI:GMI_ideal_aggregate,mid,r3,baseline,0.0603464096353531,0.1697447192612898,,fiscally_ordinary,frontier_exceeds_one;ai_rent_capture_impossible
CHL,GMI:GMI_ideal_aggregate,mid,r3,debt_consistent,0.0603464096353531,0.1697447192612898,,fiscally_ordinary,frontier_exceeds_one;ai_rent_capture_impossible
CHL,GMI:GMI_loaded_aggregate,mid,r3,baseline,0.0696046499339874,0.1957866563018087,,fiscally_ordinary,frontier_exceeds_one;ai_rent_capture_impossible
CHL,GMI:GMI_loaded_aggregate,mid,r3,debt_consistent,0.0696046499339874,0.1957866563018087,,fiscally_ordinary,frontier_exceeds_one;ai_rent_capture_impossible
CHL,MUT,mid,r3,baseline,0.3807760653332297,1.071061670478275,,extreme_or_outside_historical_support,frontier_exceeds_one;ai_rent_capture_impossible
CHL,MUT,mid,r3,debt_consistent,0.3807760653332297,1.071061670478275,,extreme_or_outside_historical_support,frontier_exceeds_one;ai_rent_capture_impossible
CHL,PBI,mid,r3,baseline,0.6238402291786368,1.754761968536236,,extreme_or_outside_historical_support,frontier_exceeds_one;ai_rent_capture_impossible
CHL,PBI,mid,r3,debt_consistent,0.6238402291786368,1.754761968536236,,extreme_or_outside_historical_support,frontier_exceeds_one;ai_rent_capture_impossible
CHL,UBI,mid,r3,baseline,1.4779279379717871,4.157172969118427,,extreme_or_outside_historical_support,frontier_exceeds_one;ai_rent_capture_impossible
CHL,UBI,mid,r3,debt_consistent,1.4779279379717871,4.157172969118427,,extreme_or_outside_historical_support,frontier_exceeds_one;ai_rent_capture_impossible
CHL,PEN,mid,r4,baseline,0.3295014306497393,1.1599526810754277,,extreme_or_outside_historical_support,frontier_exceeds_one;ai_rent_capture_impossible
CHL,PEN,mid,r4,debt_consistent,0.3295014306497393,1.1599526810754277,,extreme_or_outside_historical_support,frontier_exceeds_one;ai_rent_capture_impossible
CHL,GMI:GMI_ideal_aggregate,mid,r4,baseline,0.0474832853486911,0.1671566767946213,,fiscally_ordinary,frontier_exceeds_one;ai_rent_capture_impossible
CHL,GMI:GMI_ideal_aggregate,mid,r4,debt_consistent,0.0474832853486911,0.1671566767946213,,fiscally_ordinary,frontier_exceeds_one;ai_rent_capture_impossible
CHL,GMI:GMI_loaded_aggregate,mid,r4,baseline,0.0548808763467875,0.1931986138351403,,fiscally_ordinary,frontier_exceeds_one;ai_rent_capture_impossible
CHL,GMI:GMI_loaded_aggregate,mid,r4,debt_consistent,0.0548808763467875,0.1931986138351403,,fiscally_ordinary,frontier_exceeds_one;ai_rent_capture_impossible
CHL,MUT,mid,r4,baseline,0.3040153914099607,1.070233496888941,,extreme_or_outside_historical_support,frontier_exceeds_one;ai_rent_capture_impossible
CHL,MUT,mid,r4,debt_consistent,0.3040153914099607,1.070233496888941,,extreme_or_outside_historical_support,frontier_exceeds_one;ai_rent_capture_impossible
CHL,PBI,mid,r4,baseline,0.4982892192289126,1.7541408383442356,,extreme_or_outside_historical_support,frontier_exceeds_one;ai_rent_capture_impossible
CHL,PBI,mid,r4,debt_consistent,0.4982892192289126,1.7541408383442356,,extreme_or_outside_historical_support,frontier_exceeds_one;ai_rent_capture_impossible
CHL,UBI,mid,r4,baseline,1.1807584140191445,4.156655360625093,,extreme_or_outside_historical_support,frontier_exceeds_one;ai_rent_capture_impossible
CHL,UBI,mid,r4,debt_consistent,1.1807584140191445,4.156655360625093,,extreme_or_outside_historical_support,frontier_exceeds_one;ai_rent_capture_impossible
CHL,PEN,high,r0,baseline,0.4114399497679841,1.323246322567358,,extreme_or_outside_historical_support,frontier_exceeds_one;ai_rent_capture_impossible
CHL,PEN,high,r0,debt_consistent,0.4114399497679841,1.323246322567358,,extreme_or_outside_historical_support,frontier_exceeds_one;ai_rent_capture_impossible
CHL,GMI:GMI_ideal_aggregate,high,r0,baseline,0.0603578410831416,0.1941189505209955,,fiscally_ordinary,frontier_exceeds_one;ai_rent_capture_impossible
CHL,GMI:GMI_ideal_aggregate,high,r0,debt_consistent,0.0603578410831416,0.1941189505209955,,fiscally_ordinary,frontier_exceeds_one;ai_rent_capture_impossible
CHL,GMI:GMI_loaded_aggregate,high,r0,baseline,0.0695826731716159,0.2237872536215051,,fiscally_ordinary,frontier_exceeds_one;ai_rent_capture_impossible
CHL,GMI:GMI_loaded_aggregate,high,r0,debt_consistent,0.0695826731716159,0.2237872536215051,,fiscally_ordinary,frontier_exceeds_one;ai_rent_capture_impossible
CHL,MUT,high,r0,baseline,0.3794753820256292,1.2204439652819798,,extreme_or_outside_historical_support,frontier_exceeds_one;ai_rent_capture_impossible
CHL,MUT,high,r0,debt_consistent,0.3794753820256292,1.2204439652819798,,extreme_or_outside_historical_support,frontier_exceeds_one;ai_rent_capture_impossible
CHL,PBI,high,r0,baseline,0.6216441175336003,1.9992912524314528,,extreme_or_outside_historical_support,frontier_exceeds_one;ai_rent_capture_impossible
CHL,PBI,high,r0,debt_consistent,0.6216441175336003,1.9992912524314528,,extreme_or_outside_historical_support,frontier_exceeds_one;ai_rent_capture_impossible
CHL,UBI,high,r0,baseline,1.4726406970438284,4.736210929262345,,extreme_or_outside_historical_support,frontier_exceeds_one;ai_rent_capture_impossible
CHL,UBI,high,r0,debt_consistent,1.4726406970438284,4.736210929262345,,extreme_or_outside_historical_support,frontier_exceeds_one;ai_rent_capture_impossible
CHL,PEN,high,r1,baseline,0.3925578148465961,1.3223617935683978,,extreme_or_outside_historical_support,frontier_exceeds_one;ai_rent_capture_impossible
CHL,PEN,high,r1,debt_consistent,0.3925578148465961,1.3223617935683978,,extreme_or_outside_historical_support,frontier_exceeds_one;ai_rent_capture_impossible
CHL,GMI:GMI_ideal_aggregate,high,r1,baseline,0.0570793243808395,0.1922761817731619,,fiscally_ordinary,frontier_exceeds_one;ai_rent_capture_impossible
CHL,GMI:GMI_ideal_aggregate,high,r1,debt_consistent,0.0570793243808395,0.1922761817731619,,fiscally_ordinary,frontier_exceeds_one;ai_rent_capture_impossible
CHL,GMI:GMI_loaded_aggregate,high,r1,baseline,0.0658866903316617,0.2219444848736715,,fiscally_ordinary,frontier_exceeds_one;ai_rent_capture_impossible
CHL,GMI:GMI_loaded_aggregate,high,r1,debt_consistent,0.0658866903316617,0.2219444848736715,,fiscally_ordinary,frontier_exceeds_one;ai_rent_capture_impossible
CHL,MUT,high,r1,baseline,0.362127318435495,1.219854279282673,,extreme_or_outside_historical_support,frontier_exceeds_one;ai_rent_capture_impossible
CHL,MUT,high,r1,debt_consistent,0.362127318435495,1.219854279282673,,extreme_or_outside_historical_support,frontier_exceeds_one;ai_rent_capture_impossible
CHL,PBI,high,r1,baseline,0.5933805670485137,1.9988489879319733,,extreme_or_outside_historical_support,frontier_exceeds_one;ai_rent_capture_impossible
CHL,PBI,high,r1,debt_consistent,0.5933805670485137,1.9988489879319733,,extreme_or_outside_historical_support,frontier_exceeds_one;ai_rent_capture_impossible
CHL,UBI,high,r1,baseline,1.405887513864449,4.735842375512778,,extreme_or_outside_historical_support,frontier_exceeds_one;ai_rent_capture_impossible
CHL,UBI,high,r1,debt_consistent,1.405887513864449,4.735842375512778,,extreme_or_outside_historical_support,frontier_exceeds_one;ai_rent_capture_impossible
CHL,PEN,high,r2,baseline,0.3752701613104064,1.3223617935683978,,extreme_or_outside_historical_support,frontier_exceeds_one;ai_rent_capture_impossible
CHL,PEN,high,r2,debt_consistent,0.3752701613104064,1.3223617935683978,,extreme_or_outside_historical_support,frontier_exceeds_one;ai_rent_capture_impossible
CHL,GMI:GMI_ideal_aggregate,high,r2,baseline,0.0545656371055999,0.1922761817731619,,fiscally_ordinary,frontier_exceeds_one;ai_rent_capture_impossible
CHL,GMI:GMI_ideal_aggregate,high,r2,debt_consistent,0.0545656371055999,0.1922761817731619,,fiscally_ordinary,frontier_exceeds_one;ai_rent_capture_impossible
CHL,GMI:GMI_loaded_aggregate,high,r2,baseline,0.0629851399560945,0.2219444848736715,,fiscally_ordinary,frontier_exceeds_one;ai_rent_capture_impossible
CHL,GMI:GMI_loaded_aggregate,high,r2,debt_consistent,0.0629851399560945,0.2219444848736715,,fiscally_ordinary,frontier_exceeds_one;ai_rent_capture_impossible
CHL,MUT,high,r2,baseline,0.3461797780214831,1.219854279282673,,extreme_or_outside_historical_support,frontier_exceeds_one;ai_rent_capture_impossible
CHL,MUT,high,r2,debt_consistent,0.3461797780214831,1.219854279282673,,extreme_or_outside_historical_support,frontier_exceeds_one;ai_rent_capture_impossible
CHL,PBI,high,r2,baseline,0.567248982679849,1.9988489879319733,,extreme_or_outside_historical_support,frontier_exceeds_one;ai_rent_capture_impossible
CHL,PBI,high,r2,debt_consistent,0.567248982679849,1.9988489879319733,,extreme_or_outside_historical_support,frontier_exceeds_one;ai_rent_capture_impossible
CHL,UBI,high,r2,baseline,1.343974350168953,4.735842375512778,,extreme_or_outside_historical_support,frontier_exceeds_one;ai_rent_capture_impossible
CHL,UBI,high,r2,debt_consistent,1.343974350168953,4.735842375512778,,extreme_or_outside_historical_support,frontier_exceeds_one;ai_rent_capture_impossible
CHL,PEN,high,r3,baseline,0.4153496735660293,1.322892510967774,,extreme_or_outside_historical_support,frontier_exceeds_one;ai_rent_capture_impossible
CHL,PEN,high,r3,debt_consistent,0.4153496735660293,1.322892510967774,,extreme_or_outside_historical_support,frontier_exceeds_one;ai_rent_capture_impossible
CHL,GMI:GMI_ideal_aggregate,high,r3,baseline,0.0607162597919372,0.1933818430218621,,fiscally_ordinary,frontier_exceeds_one;ai_rent_capture_impossible
CHL,GMI:GMI_ideal_aggregate,high,r3,debt_consistent,0.0607162597919372,0.1933818430218621,,fiscally_ordinary,frontier_exceeds_one;ai_rent_capture_impossible
CHL,GMI:GMI_loaded_aggregate,high,r3,baseline,0.0700312418527547,0.2230501461223717,,fiscally_ordinary,frontier_exceeds_one;ai_rent_capture_impossible
CHL,GMI:GMI_loaded_aggregate,high,r3,debt_consistent,0.0700312418527547,0.2230501461223717,,fiscally_ordinary,frontier_exceeds_one;ai_rent_capture_impossible
CHL,MUT,high,r3,baseline,0.3831097598850339,1.2202080908822577,,extreme_or_outside_historical_support,frontier_exceeds_one;ai_rent_capture_impossible
CHL,MUT,high,r3,debt_consistent,0.3831097598850339,1.2202080908822577,,extreme_or_outside_historical_support,frontier_exceeds_one;ai_rent_capture_impossible
CHL,PBI,high,r3,baseline,0.6276636116771045,1.9991143466316608,,extreme_or_outside_historical_support,frontier_exceeds_one;ai_rent_capture_impossible
CHL,PBI,high,r3,debt_consistent,0.6276636116771045,1.9991143466316608,,extreme_or_outside_historical_support,frontier_exceeds_one;ai_rent_capture_impossible
CHL,UBI,high,r3,baseline,1.486985840216209,4.736063507762519,,extreme_or_outside_historical_support,frontier_exceeds_one;ai_rent_capture_impossible
CHL,UBI,high,r3,debt_consistent,1.486985840216209,4.736063507762519,,extreme_or_outside_historical_support,frontier_exceeds_one;ai_rent_capture_impossible
CHL,PEN,high,r4,baseline,0.3300117632711078,1.321477264569438,,extreme_or_outside_historical_support,frontier_exceeds_one;ai_rent_capture_impossible
CHL,PEN,high,r4,debt_consistent,0.3300117632711078,1.321477264569438,,extreme_or_outside_historical_support,frontier_exceeds_one;ai_rent_capture_impossible
CHL,GMI:GMI_ideal_aggregate,high,r4,baseline,0.0475568275771281,0.1904334130253283,,fiscally_ordinary,frontier_exceeds_one;ai_rent_capture_impossible
CHL,GMI:GMI_ideal_aggregate,high,r4,debt_consistent,0.0475568275771281,0.1904334130253283,,fiscally_ordinary,frontier_exceeds_one;ai_rent_capture_impossible
CHL,GMI:GMI_loaded_aggregate,high,r4,baseline,0.0549658759822484,0.2201017161258379,,fiscally_ordinary,frontier_exceeds_one;ai_rent_capture_impossible
CHL,GMI:GMI_loaded_aggregate,high,r4,debt_consistent,0.0549658759822484,0.2201017161258379,,fiscally_ordinary,frontier_exceeds_one;ai_rent_capture_impossible
CHL,MUT,high,r4,baseline,0.3044862511914454,1.2192645932833666,,extreme_or_outside_historical_support,frontier_exceeds_one;ai_rent_capture_impossible
CHL,MUT,high,r4,debt_consistent,0.3044862511914454,1.2192645932833666,,extreme_or_outside_historical_support,frontier_exceeds_one;ai_rent_capture_impossible
CHL,PBI,high,r4,baseline,0.4990609707898917,1.998406723432493,,extreme_or_outside_historical_support,frontier_exceeds_one;ai_rent_capture_impossible
CHL,PBI,high,r4,debt_consistent,0.4990609707898917,1.998406723432493,,extreme_or_outside_historical_support,frontier_exceeds_one;ai_rent_capture_impossible
CHL,UBI,high,r4,baseline,1.1825871755375426,4.735473821763211,,extreme_or_outside_historical_support,frontier_exceeds_one;ai_rent_capture_impossible
CHL,UBI,high,r4,debt_consistent,1.1825871755375426,4.735473821763211,,extreme_or_outside_historical_support,frontier_exceeds_one;ai_rent_capture_impossible
CHL,PEN,stress,r0,baseline,0.4329821000963693,0.317805701836519,,fiscally_moderate,frontier_exceeds_one;ai_rent_capture_impossible
CHL,PEN,stress,r0,debt_consistent,0.4329821000963693,0.317805701836519,,fiscally_moderate,frontier_exceeds_one;ai_rent_capture_impossible
CHL,GMI:GMI_ideal_aggregate,stress,r0,baseline,0.0635180536168128,0.0466217878394694,0.07573616388301,fiscally_ordinary,requirement_already_covered
CHL,GMI:GMI_ideal_aggregate,stress,r0,debt_consistent,0.0635180536168128,0.0466217878394694,0.07573616388301,fiscally_ordinary,requirement_already_covered
CHL,GMI:GMI_loaded_aggregate,stress,r0,baseline,0.073225878957926,0.0537472607981717,0.0869507571900382,fiscally_ordinary,requirement_already_covered
CHL,GMI:GMI_loaded_aggregate,stress,r0,debt_consistent,0.073225878957926,0.0537472607981717,0.0869507571900382,fiscally_ordinary,requirement_already_covered
CHL,MUT,stress,r0,baseline,0.3993439332689572,0.2931155328556299,,fiscally_ordinary,frontier_exceeds_one;ai_rent_capture_impossible
CHL,MUT,stress,r0,debt_consistent,0.3993439332689572,0.2931155328556299,,fiscally_ordinary,frontier_exceeds_one;ai_rent_capture_impossible
CHL,PBI,stress,r0,baseline,0.6541921261511807,0.4801722467074891,,extreme_or_outside_historical_support,frontier_exceeds_one;ai_rent_capture_impossible
CHL,PBI,stress,r0,debt_consistent,0.6541921261511807,0.4801722467074891,,extreme_or_outside_historical_support,frontier_exceeds_one;ai_rent_capture_impossible
CHL,UBI,stress,r0,baseline,1.5497451379064755,1.1375016221466898,,extreme_or_outside_historical_support,frontier_exceeds_one;ai_rent_capture_impossible
CHL,UBI,stress,r0,debt_consistent,1.5497451379064755,1.1375016221466898,,extreme_or_outside_historical_support,frontier_exceeds_one;ai_rent_capture_impossible
CHL,PEN,stress,r1,baseline,0.413119671184108,0.3175932634155576,,fiscally_moderate,frontier_exceeds_one;ai_rent_capture_impossible
CHL,PEN,stress,r1,debt_consistent,0.413119671184108,0.3175932634155576,,fiscally_moderate,frontier_exceeds_one;ai_rent_capture_impossible
CHL,GMI:GMI_ideal_aggregate,stress,r1,baseline,0.0600690925713408,0.0461792077957997,0.071729694873811,fiscally_ordinary,requirement_already_covered
CHL,GMI:GMI_ideal_aggregate,stress,r1,debt_consistent,0.0600690925713408,0.0461792077957997,0.071729694873811,fiscally_ordinary,requirement_already_covered
CHL,GMI:GMI_loaded_aggregate,stress,r1,baseline,0.0693377811262322,0.053304680754502,0.0824701849720439,fiscally_ordinary,requirement_already_covered
CHL,GMI:GMI_loaded_aggregate,stress,r1,debt_consistent,0.0693377811262322,0.053304680754502,0.0824701849720439,fiscally_ordinary,requirement_already_covered
CHL,MUT,stress,r1,baseline,0.3810952503322752,0.2929739072416556,,fiscally_ordinary,frontier_exceeds_one;ai_rent_capture_impossible
CHL,MUT,stress,r1,debt_consistent,0.3810952503322752,0.2929739072416556,,fiscally_ordinary,frontier_exceeds_one;ai_rent_capture_impossible
CHL,PBI,stress,r1,baseline,0.6244613544170974,0.4800660274970084,,extreme_or_outside_historical_support,frontier_exceeds_one;ai_rent_capture_impossible
CHL,PBI,stress,r1,debt_consistent,0.6244613544170974,0.4800660274970084,,extreme_or_outside_historical_support,frontier_exceeds_one;ai_rent_capture_impossible
CHL,UBI,stress,r1,baseline,1.4795267486306178,1.137413106137956,,extreme_or_outside_historical_support,frontier_exceeds_one;ai_rent_capture_impossible
CHL,UBI,stress,r1,debt_consistent,1.4795267486306178,1.137413106137956,,extreme_or_outside_historical_support,frontier_exceeds_one;ai_rent_capture_impossible
CHL,PEN,stress,r2,baseline,0.394820444591291,0.3175932634155576,,fiscally_moderate,frontier_exceeds_one;ai_rent_capture_impossible
CHL,PEN,stress,r2,debt_consistent,0.394820444591291,0.3175932634155576,,fiscally_moderate,frontier_exceeds_one;ai_rent_capture_impossible
CHL,GMI:GMI_ideal_aggregate,stress,r2,baseline,0.0574083189193934,0.0461792077957997,0.0686307955270862,fiscally_ordinary,requirement_already_covered
CHL,GMI:GMI_ideal_aggregate,stress,r2,debt_consistent,0.0574083189193934,0.0461792077957997,0.0686307955270862,fiscally_ordinary,requirement_already_covered
CHL,GMI:GMI_loaded_aggregate,stress,r2,baseline,0.0662664488785198,0.053304680754502,0.0789204607690686,fiscally_ordinary,requirement_already_covered
CHL,GMI:GMI_loaded_aggregate,stress,r2,debt_consistent,0.0662664488785198,0.053304680754502,0.0789204607690686,fiscally_ordinary,requirement_already_covered
CHL,MUT,stress,r2,baseline,0.364214552496493,0.2929739072416556,,fiscally_ordinary,frontier_exceeds_one;ai_rent_capture_impossible
CHL,MUT,stress,r2,debt_consistent,0.364214552496493,0.2929739072416556,,fiscally_ordinary,frontier_exceeds_one;ai_rent_capture_impossible
CHL,PBI,stress,r2,baseline,0.5968007015360989,0.4800660274970084,,extreme_or_outside_historical_support,frontier_exceeds_one;ai_rent_capture_impossible
CHL,PBI,stress,r2,debt_consistent,0.5968007015360989,0.4800660274970084,,extreme_or_outside_historical_support,frontier_exceeds_one;ai_rent_capture_impossible
CHL,UBI,stress,r2,baseline,1.4139907862647405,1.137413106137956,,extreme_or_outside_historical_support,frontier_exceeds_one;ai_rent_capture_impossible
CHL,UBI,stress,r2,debt_consistent,1.4139907862647405,1.137413106137956,,extreme_or_outside_historical_support,frontier_exceeds_one;ai_rent_capture_impossible
CHL,PEN,stress,r3,baseline,0.4262167406675866,0.3177207264681345,,fiscally_moderate,frontier_exceeds_one;ai_rent_capture_impossible
CHL,PEN,stress,r3,debt_consistent,0.4262167406675866,0.3177207264681345,,fiscally_moderate,frontier_exceeds_one;ai_rent_capture_impossible
CHL,GMI:GMI_ideal_aggregate,stress,r3,baseline,0.0623048192908522,0.0464447558220015,0.0743281510510759,fiscally_ordinary,requirement_already_covered
CHL,GMI:GMI_ideal_aggregate,stress,r3,debt_consistent,0.0623048192908522,0.0464447558220015,0.0743281510510759,fiscally_ordinary,requirement_already_covered
CHL,GMI:GMI_loaded_aggregate,stress,r3,baseline,0.0718635153631329,0.0535702287807038,0.0853824596008165,fiscally_ordinary,requirement_already_covered
CHL,GMI:GMI_loaded_aggregate,stress,r3,debt_consistent,0.0718635153631329,0.0535702287807038,0.0853824596008165,fiscally_ordinary,requirement_already_covered
CHL,MUT,stress,r3,baseline,0.3931333128884294,0.2930588826100402,,fiscally_ordinary,frontier_exceeds_one;ai_rent_capture_impossible
CHL,MUT,stress,r3,debt_consistent,0.3931333128884294,0.2930588826100402,,fiscally_ordinary,frontier_exceeds_one;ai_rent_capture_impossible
CHL,PBI,stress,r3,baseline,0.644085588193276,0.4801297590232968,,extreme_or_outside_historical_support,frontier_exceeds_one;ai_rent_capture_impossible
CHL,PBI,stress,r3,debt_consistent,0.644085588193276,0.4801297590232968,,extreme_or_outside_historical_support,frontier_exceeds_one;ai_rent_capture_impossible
CHL,UBI,stress,r3,baseline,1.5258908302357237,1.1374662157431965,,extreme_or_outside_historical_support,frontier_exceeds_one;ai_rent_capture_impossible
CHL,UBI,stress,r3,debt_consistent,1.5258908302357237,1.1374662157431965,,extreme_or_outside_historical_support,frontier_exceeds_one;ai_rent_capture_impossible
CHL,PEN,stress,r4,baseline,0.3362861768571635,0.3173808249945961,,fiscally_moderate,frontier_exceeds_one;ai_rent_capture_impossible
CHL,PEN,stress,r4,debt_consistent,0.3362861768571635,0.3173808249945961,,fiscally_moderate,frontier_exceeds_one;ai_rent_capture_impossible
CHL,GMI:GMI_ideal_aggregate,stress,r4,baseline,0.04846101111926,0.0457366277521299,0.058158483206631,fiscally_ordinary,requirement_already_covered
CHL,GMI:GMI_ideal_aggregate,stress,r4,debt_consistent,0.04846101111926,0.0457366277521299,0.058158483206631,fiscally_ordinary,requirement_already_covered
CHL,GMI:GMI_loaded_aggregate,stress,r4,baseline,0.0560109255150711,0.0528621007108323,0.0670004941236687,fiscally_ordinary,requirement_already_covered
CHL,GMI:GMI_loaded_aggregate,stress,r4,debt_consistent,0.0560109255150711,0.0528621007108323,0.0670004941236687,fiscally_ordinary,requirement_already_covered
CHL,MUT,stress,r4,baseline,0.3102753559563966,0.2928322816276813,,fiscally_ordinary,frontier_exceeds_one;ai_rent_capture_impossible
CHL,MUT,stress,r4,debt_consistent,0.3102753559563966,0.2928322816276813,,fiscally_ordinary,frontier_exceeds_one;ai_rent_capture_impossible
CHL,PBI,stress,r4,baseline,0.5085494656979408,0.4799598082865276,,extreme_or_outside_historical_support,frontier_exceeds_one;ai_rent_capture_impossible
CHL,PBI,stress,r4,debt_consistent,0.5085494656979408,0.4799598082865276,,extreme_or_outside_historical_support,frontier_exceeds_one;ai_rent_capture_impossible
CHL,UBI,stress,r4,baseline,1.2050713469117378,1.137324590129222,,extreme_or_outside_historical_support,frontier_exceeds_one;ai_rent_capture_impossible
CHL,UBI,stress,r4,debt_consistent,1.2050713469117378,1.137324590129222,,extreme_or_outside_historical_support,frontier_exceeds_one;ai_rent_capture_impossible
COL,PEN,low,r0,baseline,0.1199227958483677,3.900071507296967,,extreme_or_outside_historical_support,frontier_exceeds_one;ai_rent_capture_impossible
COL,PEN,low,r0,debt_consistent,0.2865590689362585,9.31933626138071,,extreme_or_outside_historical_support,frontier_exceeds_one;ai_rent_capture_impossible
COL,GMI:GMI_ideal_aggregate,low,r0,baseline,0.3739353786625664,12.160946595476055,,extreme_or_outside_historical_support,frontier_exceeds_one;ai_rent_capture_impossible
COL,GMI:GMI_ideal_aggregate,low,r0,debt_consistent,0.5405716517504572,17.5802113495598,,extreme_or_outside_historical_support,frontier_exceeds_one;ai_rent_capture_impossible
COL,GMI:GMI_loaded_aggregate,low,r0,baseline,0.5421713476255,17.632235889668785,,extreme_or_outside_historical_support,frontier_exceeds_one;ai_rent_capture_impossible
COL,GMI:GMI_loaded_aggregate,low,r0,debt_consistent,0.7088076207133909,23.05150064375253,,extreme_or_outside_historical_support,frontier_exceeds_one;ai_rent_capture_impossible
COL,MUT,low,r0,baseline,0.546749804414427,17.781134260020842,,extreme_or_outside_historical_support,frontier_exceeds_one;ai_rent_capture_impossible
COL,MUT,low,r0,debt_consistent,0.7133860775023179,23.200399014104587,,extreme_or_outside_historical_support,frontier_exceeds_one;ai_rent_capture_impossible
COL,PBI,low,r0,baseline,0.8464855969503563,27.528997590897013,,extreme_or_outside_historical_support,frontier_exceeds_one;ai_rent_capture_impossible
COL,PBI,low,r0,debt_consistent,1.0131218700382472,32.94826234498076,,extreme_or_outside_historical_support,frontier_exceeds_one;ai_rent_capture_impossible
COL,UBI,low,r0,baseline,2.146538701662073,69.80869959242553,,extreme_or_outside_historical_support,frontier_exceeds_one;ai_rent_capture_impossible
COL,UBI,low,r0,debt_consistent,2.313174974749964,75.22796434650927,,extreme_or_outside_historical_support,frontier_exceeds_one;ai_rent_capture_impossible
COL,PEN,low,r1,baseline,0.113051335316336,3.8920757876861063,,extreme_or_outside_historical_support,frontier_exceeds_one;ai_rent_capture_impossible
COL,PEN,low,r1,debt_consistent,0.2704622261371837,9.311340541769852,,extreme_or_outside_historical_support,frontier_exceeds_one;ai_rent_capture_impossible
COL,GMI:GMI_ideal_aggregate,low,r1,baseline,0.3527495725760851,12.144288846286765,,extreme_or_outside_historical_support,frontier_exceeds_one;ai_rent_capture_impossible
COL,GMI:GMI_ideal_aggregate,low,r1,debt_consistent,0.5101604633969329,17.563553600370508,,extreme_or_outside_historical_support,frontier_exceeds_one;ai_rent_capture_impossible
COL,GMI:GMI_loaded_aggregate,low,r1,baseline,0.5116715962857493,17.615578140479492,,extreme_or_outside_historical_support,frontier_exceeds_one;ai_rent_capture_impossible
COL,GMI:GMI_loaded_aggregate,low,r1,debt_consistent,0.6690824871065971,23.03484289456324,,extreme_or_outside_historical_support,frontier_exceeds_one;ai_rent_capture_impossible
COL,MUT,low,r1,baseline,0.5163255967522101,17.775803780280267,,extreme_or_outside_historical_support,frontier_exceeds_one;ai_rent_capture_impossible
COL,MUT,low,r1,debt_consistent,0.6737364875730578,23.19506853436401,,extreme_or_outside_historical_support,frontier_exceeds_one;ai_rent_capture_impossible
COL,PBI,low,r1,baseline,0.7995060075722894,27.524999731091583,,extreme_or_outside_historical_support,frontier_exceeds_one;ai_rent_capture_impossible
COL,PBI,low,r1,debt_consistent,0.956916898393137,32.944264485175324,,extreme_or_outside_historical_support,frontier_exceeds_one;ai_rent_capture_impossible
COL,UBI,low,r1,baseline,2.0276044198395438,69.80536804258766,,extreme_or_outside_historical_support,frontier_exceeds_one;ai_rent_capture_impossible
COL,UBI,low,r1,debt_consistent,2.185015310660391,75.2246327966714,,extreme_or_outside_historical_support,frontier_exceeds_one;ai_rent_capture_impossible
COL,PEN,low,r2,baseline,0.1081496201040991,3.8920757876861063,,extreme_or_outside_historical_support,frontier_exceeds_one;ai_rent_capture_impossible
COL,PEN,low,r2,debt_consistent,0.2587354402086277,9.311340541769852,,extreme_or_outside_historical_support,frontier_exceeds_one;ai_rent_capture_impossible
COL,GMI:GMI_ideal_aggregate,low,r2,baseline,0.3374549461024748,12.144288846286765,,extreme_or_outside_historical_support,frontier_exceeds_one;ai_rent_capture_impossible
COL,GMI:GMI_ideal_aggregate,low,r2,debt_consistent,0.4880407662070033,17.563553600370508,,extreme_or_outside_historical_support,frontier_exceeds_one;ai_rent_capture_impossible
COL,GMI:GMI_loaded_aggregate,low,r2,baseline,0.4894863789226339,17.615578140479492,,extreme_or_outside_historical_support,frontier_exceeds_one;ai_rent_capture_impossible
COL,GMI:GMI_loaded_aggregate,low,r2,debt_consistent,0.6400721990271625,23.03484289456324,,extreme_or_outside_historical_support,frontier_exceeds_one;ai_rent_capture_impossible
COL,MUT,low,r2,baseline,0.4939385897789112,17.775803780280267,,extreme_or_outside_historical_support,frontier_exceeds_one;ai_rent_capture_impossible
COL,MUT,low,r2,debt_consistent,0.6445244098834397,23.19506853436401,,extreme_or_outside_historical_support,frontier_exceeds_one;ai_rent_capture_impossible
COL,PBI,low,r2,baseline,0.7648407756347279,27.524999731091583,,extreme_or_outside_historical_support,frontier_exceeds_one;ai_rent_capture_impossible
COL,PBI,low,r2,debt_consistent,0.9154265957392564,32.944264485175324,,extreme_or_outside_historical_support,frontier_exceeds_one;ai_rent_capture_impossible
COL,UBI,low,r2,baseline,1.939690912216516,69.80536804258766,,extreme_or_outside_historical_support,frontier_exceeds_one;ai_rent_capture_impossible
COL,UBI,low,r2,debt_consistent,2.0902767323210445,75.2246327966714,,extreme_or_outside_historical_support,frontier_exceeds_one;ai_rent_capture_impossible
COL,PEN,low,r3,baseline,0.1240480355974587,3.896873219452623,,extreme_or_outside_historical_support,frontier_exceeds_one;ai_rent_capture_impossible
COL,PEN,low,r3,debt_consistent,0.2965579196170013,9.316137973536367,,extreme_or_outside_historical_support,frontier_exceeds_one;ai_rent_capture_impossible
COL,GMI:GMI_ideal_aggregate,low,r3,baseline,0.3869037833261682,12.15428349580034,,extreme_or_outside_historical_support,frontier_exceeds_one;ai_rent_capture_impossible
COL,GMI:GMI_ideal_aggregate,low,r3,debt_consistent,0.559413667345711,17.573548249884084,,extreme_or_outside_historical_support,frontier_exceeds_one;ai_rent_capture_impossible
COL,GMI:GMI_loaded_aggregate,low,r3,baseline,0.5610697494505034,17.62557278999307,,extreme_or_outside_historical_support,frontier_exceeds_one;ai_rent_capture_impossible
COL,GMI:GMI_loaded_aggregate,low,r3,debt_consistent,0.7335796334700461,23.044837544076813,,extreme_or_outside_historical_support,frontier_exceeds_one;ai_rent_capture_impossible
COL,MUT,low,r3,baseline,0.5659538191862973,17.779002068124612,,extreme_or_outside_historical_support,frontier_exceeds_one;ai_rent_capture_impossible
COL,MUT,low,r3,debt_consistent,0.7384637032058399,23.198266822208357,,extreme_or_outside_historical_support,frontier_exceeds_one;ai_rent_capture_impossible
COL,PBI,low,r3,baseline,0.8762716953197199,27.52739844697484,,extreme_or_outside_historical_support,frontier_exceeds_one;ai_rent_capture_impossible
COL,PBI,low,r3,debt_consistent,1.0487815793392623,32.94666320105859,,extreme_or_outside_historical_support,frontier_exceeds_one;ai_rent_capture_impossible
COL,UBI,low,r3,baseline,2.2221576775814915,69.80736697249039,,extreme_or_outside_historical_support,frontier_exceeds_one;ai_rent_capture_impossible
COL,UBI,low,r3,debt_consistent,2.3946675616010342,75.22663172657413,,extreme_or_outside_historical_support,frontier_exceeds_one;ai_rent_capture_impossible
COL,PEN,low,r4,baseline,0.0993208996970228,3.884080068075247,,extreme_or_outside_historical_support,frontier_exceeds_one;ai_rent_capture_impossible
COL,PEN,low,r4,debt_consistent,0.2378984371417363,9.303344822158992,,extreme_or_outside_historical_support,frontier_exceeds_one;ai_rent_capture_impossible
COL,GMI:GMI_ideal_aggregate,low,r4,baseline,0.3101190528119612,12.127631097097472,,extreme_or_outside_historical_support,frontier_exceeds_one;ai_rent_capture_impossible
COL,GMI:GMI_ideal_aggregate,low,r4,debt_consistent,0.4486965902566747,17.546895851181215,,extreme_or_outside_historical_support,frontier_exceeds_one;ai_rent_capture_impossible
COL,GMI:GMI_loaded_aggregate,low,r4,baseline,0.4500269243485021,17.5989203912902,,extreme_or_outside_historical_support,frontier_exceeds_one;ai_rent_capture_impossible
COL,GMI:GMI_loaded_aggregate,low,r4,debt_consistent,0.5886044617932157,23.018185145373945,,extreme_or_outside_historical_support,frontier_exceeds_one;ai_rent_capture_impossible
COL,MUT,low,r4,baseline,0.4544137518581485,17.770473300539695,,extreme_or_outside_historical_support,frontier_exceeds_one;ai_rent_capture_impossible
COL,MUT,low,r4,debt_consistent,0.592991289302862,23.18973805462344,,extreme_or_outside_historical_support,frontier_exceeds_one;ai_rent_capture_impossible
COL,PBI,low,r4,baseline,0.7037472499309547,27.521001871286156,,extreme_or_outside_historical_support,frontier_exceeds_one;ai_rent_capture_impossible
COL,PBI,low,r4,debt_consistent,0.8423247873756683,32.9402666253699,,extreme_or_outside_historical_support,frontier_exceeds_one;ai_rent_capture_impossible
COL,UBI,low,r4,baseline,1.7849274329146043,69.8020364927498,,extreme_or_outside_historical_support,frontier_exceeds_one;ai_rent_capture_impossible
COL,UBI,low,r4,debt_consistent,1.923504970359318,75.22130124683355,,extreme_or_outside_historical_support,frontier_exceeds_one;ai_rent_capture_impossible
COL,PEN,mid,r0,baseline,0.1313672264737986,0.4542080169969672,,extreme_or_outside_historical_support,frontier_exceeds_one;ai_rent_capture_impossible
COL,PEN,mid,r0,debt_consistent,0.3139058745317165,1.0853434956487202,,extreme_or_outside_historical_support,frontier_exceeds_one;ai_rent_capture_impossible
COL,GMI:GMI_ideal_aggregate,mid,r0,baseline,0.4096206499174913,1.4162815803768314,,extreme_or_outside_historical_support,frontier_exceeds_one;ai_rent_capture_impossible
COL,GMI:GMI_ideal_aggregate,mid,r0,debt_consistent,0.5921592979754092,2.0474170590285845,,extreme_or_outside_historical_support,frontier_exceeds_one;ai_rent_capture_impossible
COL,GMI:GMI_loaded_aggregate,mid,r0,baseline,0.5939116554719077,2.053475912860846,,extreme_or_outside_historical_support,frontier_exceeds_one;ai_rent_capture_impossible
COL,GMI:GMI_loaded_aggregate,mid,r0,debt_consistent,0.7764503035298255,2.684611391512599,,extreme_or_outside_historical_support,frontier_exceeds_one;ai_rent_capture_impossible
COL,MUT,mid,r0,baseline,0.5989270419598275,2.070816834278608,,extreme_or_outside_historical_support,frontier_exceeds_one;ai_rent_capture_impossible
COL,MUT,mid,r0,debt_consistent,0.7814656900177452,2.7019523129303606,,extreme_or_outside_historical_support,frontier_exceeds_one;ai_rent_capture_impossible
COL,PBI,mid,r0,baseline,0.9272671166038337,3.206067217557692,,extreme_or_outside_historical_support,frontier_exceeds_one;ai_rent_capture_impossible
COL,PBI,mid,r0,debt_consistent,1.1098057646617514,3.837202696209445,,extreme_or_outside_historical_support,frontier_exceeds_one;ai_rent_capture_impossible
COL,UBI,mid,r0,baseline,2.351386437925959,8.130022988472925,,extreme_or_outside_historical_support,frontier_exceeds_one;ai_rent_capture_impossible
COL,UBI,mid,r0,debt_consistent,2.5339250859838764,8.761158467124678,,extreme_or_outside_historical_support,frontier_exceeds_one;ai_rent_capture_impossible
COL,PEN,mid,r1,baseline,0.1239941760124873,0.4532768238272734,,extreme_or_outside_historical_support,frontier_exceeds_one;ai_rent_capture_impossible
COL,PEN,mid,r1,debt_consistent,0.2966417051027718,1.0844123024790264,,extreme_or_outside_historical_support,frontier_exceeds_one;ai_rent_capture_impossible
COL,GMI:GMI_ideal_aggregate,mid,r1,baseline,0.3868940819490567,1.4143415946066358,,extreme_or_outside_historical_support,frontier_exceeds_one;ai_rent_capture_impossible
COL,GMI:GMI_ideal_aggregate,mid,r1,debt_consistent,0.5595416110393412,2.0454770732583887,,extreme_or_outside_historical_support,frontier_exceeds_one;ai_rent_capture_impossible
COL,GMI:GMI_loaded_aggregate,mid,r1,baseline,0.5611990145266142,2.0515359270906504,,extreme_or_outside_historical_support,frontier_exceeds_one;ai_rent_capture_impossible
COL,GMI:GMI_loaded_aggregate,mid,r1,debt_consistent,0.7338465436168987,2.682671405742404,,extreme_or_outside_historical_support,frontier_exceeds_one;ai_rent_capture_impossible
COL,MUT,mid,r1,baseline,0.5663035004788217,2.0701960388321448,,extreme_or_outside_historical_support,frontier_exceeds_one;ai_rent_capture_impossible
COL,MUT,mid,r1,debt_consistent,0.7389510295691062,2.701331517483898,,extreme_or_outside_historical_support,frontier_exceeds_one;ai_rent_capture_impossible
COL,PBI,mid,r1,baseline,0.8768944510789388,3.2056016209728453,,extreme_or_outside_historical_support,frontier_exceeds_one;ai_rent_capture_impossible
COL,PBI,mid,r1,debt_consistent,1.0495419801692232,3.8367370996245977,,extreme_or_outside_historical_support,frontier_exceeds_one;ai_rent_capture_impossible
COL,UBI,mid,r1,baseline,2.22386704777783,8.129634991318886,,extreme_or_outside_historical_support,frontier_exceeds_one;ai_rent_capture_impossible
COL,UBI,mid,r1,debt_consistent,2.3965145768681144,8.76077046997064,,extreme_or_outside_historical_support,frontier_exceeds_one;ai_rent_capture_impossible
COL,PEN,mid,r2,baseline,0.1184490265221956,0.4532768238272734,,extreme_or_outside_historical_support,frontier_exceeds_one;ai_rent_capture_impossible
COL,PEN,mid,r2,debt_consistent,0.2833755771865362,1.0844123024790264,,extreme_or_outside_historical_support,frontier_exceeds_one;ai_rent_capture_impossible
COL,GMI:GMI_ideal_aggregate,mid,r2,baseline,0.3695917731607744,1.4143415946066358,,extreme_or_outside_historical_support,frontier_exceeds_one;ai_rent_capture_impossible
COL,GMI:GMI_ideal_aggregate,mid,r2,debt_consistent,0.534518323825115,2.0454770732583887,,extreme_or_outside_historical_support,frontier_exceeds_one;ai_rent_capture_impossible
COL,GMI:GMI_loaded_aggregate,mid,r2,baseline,0.5361016064915703,2.0515359270906504,,extreme_or_outside_historical_support,frontier_exceeds_one;ai_rent_capture_impossible
COL,GMI:GMI_loaded_aggregate,mid,r2,debt_consistent,0.7010281571559109,2.682671405742404,,extreme_or_outside_historical_support,frontier_exceeds_one;ai_rent_capture_impossible
COL,MUT,mid,r2,baseline,0.5409778144827773,2.0701960388321448,,extreme_or_outside_historical_support,frontier_exceeds_one;ai_rent_capture_impossible
COL,MUT,mid,r2,debt_consistent,0.7059043651471177,2.701331517483898,,extreme_or_outside_historical_support,frontier_exceeds_one;ai_rent_capture_impossible
COL,PBI,mid,r2,baseline,0.8376788122899825,3.2056016209728453,,extreme_or_outside_historical_support,frontier_exceeds_one;ai_rent_capture_impossible
COL,PBI,mid,r2,debt_consistent,1.002605362954323,3.8367370996245977,,extreme_or_outside_historical_support,frontier_exceeds_one;ai_rent_capture_impossible
COL,UBI,mid,r2,baseline,2.124413382911992,8.129634991318886,,extreme_or_outside_historical_support,frontier_exceeds_one;ai_rent_capture_impossible
COL,UBI,mid,r2,debt_consistent,2.2893399335763323,8.76077046997064,,extreme_or_outside_historical_support,frontier_exceeds_one;ai_rent_capture_impossible
COL,PEN,mid,r3,baseline,0.1337443947765384,0.4538355397290897,,extreme_or_outside_historical_support,frontier_exceeds_one;ai_rent_capture_impossible
COL,PEN,mid,r3,debt_consistent,0.3197387147997508,1.0849710183808428,,extreme_or_outside_historical_support,frontier_exceeds_one;ai_rent_capture_impossible
COL,GMI:GMI_ideal_aggregate,mid,r3,baseline,0.4171465681700117,1.415505586068753,,extreme_or_outside_historical_support,frontier_exceeds_one;ai_rent_capture_impossible
COL,GMI:GMI_ideal_aggregate,mid,r3,debt_consistent,0.6031408881932241,2.0466410647205064,,extreme_or_outside_historical_support,frontier_exceeds_one;ai_rent_capture_impossible
COL,GMI:GMI_loaded_aggregate,mid,r3,baseline,0.6049264198845479,2.052699918552768,,extreme_or_outside_historical_support,frontier_exceeds_one;ai_rent_capture_impossible
COL,GMI:GMI_loaded_aggregate,mid,r3,debt_consistent,0.7909207399077604,2.683835397204521,,extreme_or_outside_historical_support,frontier_exceeds_one;ai_rent_capture_impossible
COL,MUT,mid,r3,baseline,0.6101922586196318,2.070568516100023,,extreme_or_outside_historical_support,frontier_exceeds_one;ai_rent_capture_impossible
COL,MUT,mid,r3,debt_consistent,0.796186578642844,2.701703994751776,,extreme_or_outside_historical_support,frontier_exceeds_one;ai_rent_capture_impossible
COL,PBI,mid,r3,baseline,0.9447664929628936,3.205880978923753,,extreme_or_outside_historical_support,frontier_exceeds_one;ai_rent_capture_impossible
COL,PBI,mid,r3,debt_consistent,1.130760812986106,3.8370164575755066,,extreme_or_outside_historical_support,frontier_exceeds_one;ai_rent_capture_impossible
COL,UBI,mid,r3,baseline,2.395855220558313,8.129867789611309,,extreme_or_outside_historical_support,frontier_exceeds_one;ai_rent_capture_impossible
COL,UBI,mid,r3,debt_consistent,2.581849540581525,8.761003268263062,,extreme_or_outside_historical_support,frontier_exceeds_one;ai_rent_capture_impossible
COL,PEN,mid,r4,baseline,0.1061965167154648,0.4523456306575796,,extreme_or_outside_historical_support,frontier_exceeds_one;ai_rent_capture_impossible
COL,PEN,mid,r4,debt_consistent,0.254367262414787,1.0834811093093326,,extreme_or_outside_historical_support,frontier_exceeds_one;ai_rent_capture_impossible
COL,GMI:GMI_ideal_aggregate,mid,r4,baseline,0.3315874430879398,1.4124016088364404,,extreme_or_outside_historical_support,frontier_exceeds_one;ai_rent_capture_impossible
COL,GMI:GMI_ideal_aggregate,mid,r4,debt_consistent,0.479758188787262,2.0435370874881933,,extreme_or_outside_historical_support,frontier_exceeds_one;ai_rent_capture_impossible
COL,GMI:GMI_loaded_aggregate,mid,r4,baseline,0.4811806169675431,2.049595941320455,,extreme_or_outside_historical_support,frontier_exceeds_one;ai_rent_capture_impossible
COL,GMI:GMI_loaded_aggregate,mid,r4,debt_consistent,0.6293513626668653,2.680731419972208,,extreme_or_outside_historical_support,frontier_exceeds_one;ai_rent_capture_impossible
COL,MUT,mid,r4,baseline,0.4858711282534571,2.0695752433856827,,extreme_or_outside_historical_support,frontier_exceeds_one;ai_rent_capture_impossible
COL,MUT,mid,r4,debt_consistent,0.6340418739527793,2.700710722037436,,extreme_or_outside_historical_support,frontier_exceeds_one;ai_rent_capture_impossible
COL,PBI,mid,r4,baseline,0.7524650583989345,3.2051360243879983,,extreme_or_outside_historical_support,frontier_exceeds_one;ai_rent_capture_impossible
COL,PBI,mid,r4,debt_consistent,0.9006358040982567,3.836271503039752,,extreme_or_outside_historical_support,frontier_exceeds_one;ai_rent_capture_impossible
COL,UBI,mid,r4,baseline,1.908491330058796,8.129246994164847,,extreme_or_outside_historical_support,frontier_exceeds_one;ai_rent_capture_impossible
COL,UBI,mid,r4,debt_consistent,2.0566620757581187,8.760382472816598,,extreme_or_outside_historical_support,frontier_exceeds_one;ai_rent_capture_impossible
COL,PEN,high,r0,baseline,0.1362416605369713,0.4586506239210813,,extreme_or_outside_historical_support,frontier_exceeds_one;ai_rent_capture_impossible
COL,PEN,high,r0,debt_consistent,0.3255534789496462,1.095959236341037,,extreme_or_outside_historical_support,frontier_exceeds_one;ai_rent_capture_impossible
COL,GMI:GMI_ideal_aggregate,high,r0,baseline,0.4248197897831334,1.430134225244435,,extreme_or_outside_historical_support,frontier_exceeds_one;ai_rent_capture_impossible
COL,GMI:GMI_ideal_aggregate,high,r0,debt_consistent,0.6141316081958084,2.0674428376643905,,extreme_or_outside_historical_support,frontier_exceeds_one;ai_rent_capture_impossible
COL,GMI:GMI_loaded_aggregate,high,r0,baseline,0.6159489876258673,2.07356095312344,,extreme_or_outside_historical_support,frontier_exceeds_one;ai_rent_capture_impossible
COL,GMI:GMI_loaded_aggregate,high,r0,debt_consistent,0.8052608060385422,2.710869565543396,,extreme_or_outside_historical_support,frontier_exceeds_one;ai_rent_capture_impossible
COL,MUT,high,r0,baseline,0.621150472057642,2.0910714860290622,,extreme_or_outside_historical_support,frontier_exceeds_one;ai_rent_capture_impossible
COL,MUT,high,r0,debt_consistent,0.8104622904703169,2.7283800984490183,,extreme_or_outside_historical_support,frontier_exceeds_one;ai_rent_capture_impossible
COL,PBI,high,r0,baseline,0.96167373795193,3.23742574908267,,extreme_or_outside_historical_support,frontier_exceeds_one;ai_rent_capture_impossible
COL,PBI,high,r0,debt_consistent,1.150985556364605,3.8747343615026257,,extreme_or_outside_historical_support,frontier_exceeds_one;ai_rent_capture_impossible
COL,UBI,high,r0,baseline,2.438635582605089,8.209542713070913,,extreme_or_outside_historical_support,frontier_exceeds_one;ai_rent_capture_impossible
COL,UBI,high,r0,debt_consistent,2.627947401017764,8.846851325490867,,extreme_or_outside_historical_support,frontier_exceeds_one;ai_rent_capture_impossible
COL,PEN,high,r1,baseline,0.1284964868970161,0.4577103227544598,,extreme_or_outside_historical_support,frontier_exceeds_one;ai_rent_capture_impossible
COL,PEN,high,r1,debt_consistent,0.3074129624363008,1.0950189351744155,,extreme_or_outside_historical_support,frontier_exceeds_one;ai_rent_capture_impossible
COL,GMI:GMI_ideal_aggregate,high,r1,baseline,0.4009424630290164,1.4281752644806398,,extreme_or_outside_historical_support,frontier_exceeds_one;ai_rent_capture_impossible
COL,GMI:GMI_ideal_aggregate,high,r1,debt_consistent,0.5798589385683011,2.065483876900596,,extreme_or_outside_historical_support,frontier_exceeds_one;ai_rent_capture_impossible
COL,GMI:GMI_loaded_aggregate,high,r1,baseline,0.5815765234769987,2.0716019923596454,,extreme_or_outside_historical_support,frontier_exceeds_one;ai_rent_capture_impossible
COL,GMI:GMI_loaded_aggregate,high,r1,debt_consistent,0.7604929990162835,2.708910604779601,,extreme_or_outside_historical_support,frontier_exceeds_one;ai_rent_capture_impossible
COL,MUT,high,r1,baseline,0.5868663567043898,2.090444618584648,,extreme_or_outside_historical_support,frontier_exceeds_one;ai_rent_capture_impossible
COL,MUT,high,r1,debt_consistent,0.7657828322436745,2.727753231004604,,extreme_or_outside_historical_support,frontier_exceeds_one;ai_rent_capture_impossible
COL,PBI,high,r1,baseline,0.9087350710067492,3.236955598499359,,extreme_or_outside_historical_support,frontier_exceeds_one;ai_rent_capture_impossible
COL,PBI,high,r1,debt_consistent,1.0876515465460337,3.8742642109193146,,extreme_or_outside_historical_support,frontier_exceeds_one;ai_rent_capture_impossible
COL,UBI,high,r1,baseline,2.304617137313864,8.209150920918153,,extreme_or_outside_historical_support,frontier_exceeds_one;ai_rent_capture_impossible
COL,UBI,high,r1,debt_consistent,2.483533612853148,8.846459533338109,,extreme_or_outside_historical_support,frontier_exceeds_one;ai_rent_capture_impossible
COL,PEN,high,r2,baseline,0.1227318022202892,0.4577103227544598,,extreme_or_outside_historical_support,frontier_exceeds_one;ai_rent_capture_impossible
COL,PEN,high,r2,debt_consistent,0.2936216220130871,1.0950189351744155,,extreme_or_outside_historical_support,frontier_exceeds_one;ai_rent_capture_impossible
COL,GMI:GMI_ideal_aggregate,high,r2,baseline,0.3829551473545815,1.4281752644806398,,extreme_or_outside_historical_support,frontier_exceeds_one;ai_rent_capture_impossible
COL,GMI:GMI_ideal_aggregate,high,r2,debt_consistent,0.5538449671473794,2.065483876900596,,extreme_or_outside_historical_support,frontier_exceeds_one;ai_rent_capture_impossible
COL,GMI:GMI_loaded_aggregate,high,r2,baseline,0.5554854967556307,2.0716019923596454,,extreme_or_outside_historical_support,frontier_exceeds_one;ai_rent_capture_impossible
COL,GMI:GMI_loaded_aggregate,high,r2,debt_consistent,0.7263753165484288,2.708910604779601,,extreme_or_outside_historical_support,frontier_exceeds_one;ai_rent_capture_impossible
COL,MUT,high,r2,baseline,0.5605380143856482,2.090444618584648,,extreme_or_outside_historical_support,frontier_exceeds_one;ai_rent_capture_impossible
COL,MUT,high,r2,debt_consistent,0.7314278341784461,2.727753231004604,,extreme_or_outside_historical_support,frontier_exceeds_one;ai_rent_capture_impossible
COL,PBI,high,r2,baseline,0.8679668658554642,3.236955598499359,,extreme_or_outside_historical_support,frontier_exceeds_one;ai_rent_capture_impossible
COL,PBI,high,r2,debt_consistent,1.0388566856482622,3.8742642109193146,,extreme_or_outside_historical_support,frontier_exceeds_one;ai_rent_capture_impossible
COL,UBI,high,r2,baseline,2.201226053105912,8.209150920918153,,extreme_or_outside_historical_support,frontier_exceeds_one;ai_rent_capture_impossible
COL,UBI,high,r2,debt_consistent,2.3721158728987093,8.846459533338109,,extreme_or_outside_historical_support,frontier_exceeds_one;ai_rent_capture_impossible
COL,PEN,high,r3,baseline,0.1361664848796717,0.4582745034544327,,extreme_or_outside_historical_support,frontier_exceeds_one;ai_rent_capture_impossible
COL,PEN,high,r3,debt_consistent,0.3255291329925953,1.0955831158743885,,extreme_or_outside_historical_support,frontier_exceeds_one;ai_rent_capture_impossible
COL,GMI:GMI_ideal_aggregate,high,r3,baseline,0.4247010273756385,1.429350640938917,,extreme_or_outside_historical_support,frontier_exceeds_one;ai_rent_capture_impossible
COL,GMI:GMI_ideal_aggregate,high,r3,debt_consistent,0.6140636754885621,2.066659253358873,,extreme_or_outside_historical_support,frontier_exceeds_one;ai_rent_capture_impossible
COL,GMI:GMI_loaded_aggregate,high,r3,baseline,0.6158815428799772,2.0727773688179223,,extreme_or_outside_historical_support,frontier_exceeds_one;ai_rent_capture_impossible
COL,GMI:GMI_loaded_aggregate,high,r3,debt_consistent,0.8052441909929008,2.7100859812378784,,extreme_or_outside_historical_support,frontier_exceeds_one;ai_rent_capture_impossible
COL,MUT,high,r3,baseline,0.6212427451322107,2.090820739051297,,extreme_or_outside_historical_support,frontier_exceeds_one;ai_rent_capture_impossible
COL,MUT,high,r3,debt_consistent,0.8106053932451341,2.728129351471252,,extreme_or_outside_historical_support,frontier_exceeds_one;ai_rent_capture_impossible
COL,PBI,high,r3,baseline,0.9618760666104526,3.237237688849345,,extreme_or_outside_historical_support,frontier_exceeds_one;ai_rent_capture_impossible
COL,PBI,high,r3,debt_consistent,1.1512387147233762,3.8745463012693016,,extreme_or_outside_historical_support,frontier_exceeds_one;ai_rent_capture_impossible
COL,UBI,high,r3,baseline,2.439243784452525,8.209385996209809,,extreme_or_outside_historical_support,frontier_exceeds_one;ai_rent_capture_impossible
COL,UBI,high,r3,debt_consistent,2.6286064325654483,8.846694608629765,,extreme_or_outside_historical_support,frontier_exceeds_one;ai_rent_capture_impossible
COL,PEN,high,r4,baseline,0.1075842320068289,0.4567700215878382,,extreme_or_outside_historical_support,frontier_exceeds_one;ai_rent_capture_impossible
COL,PEN,high,r4,debt_consistent,0.257691188194963,1.094078634007794,,extreme_or_outside_historical_support,frontier_exceeds_one;ai_rent_capture_impossible
COL,GMI:GMI_ideal_aggregate,high,r4,baseline,0.3359204379867306,1.426216303716845,,extreme_or_outside_historical_support,frontier_exceeds_one;ai_rent_capture_impossible
COL,GMI:GMI_ideal_aggregate,high,r4,debt_consistent,0.4860273941748648,2.063524916136801,,extreme_or_outside_historical_support,frontier_exceeds_one;ai_rent_capture_impossible
COL,GMI:GMI_loaded_aggregate,high,r4,baseline,0.4874684098323785,2.06964303159585,,extreme_or_outside_historical_support,frontier_exceeds_one;ai_rent_capture_impossible
COL,GMI:GMI_loaded_aggregate,high,r4,debt_consistent,0.6375753660205127,2.706951644015806,,extreme_or_outside_historical_support,frontier_exceeds_one;ai_rent_capture_impossible
COL,MUT,high,r4,baseline,0.4922202140348315,2.0898177511402336,,extreme_or_outside_historical_support,frontier_exceeds_one;ai_rent_capture_impossible
COL,MUT,high,r4,debt_consistent,0.6423271702229658,2.7271263635601897,,extreme_or_outside_historical_support,frontier_exceeds_one;ai_rent_capture_impossible
COL,PBI,high,r4,baseline,0.7622978410555932,3.2364854479160483,,extreme_or_outside_historical_support,frontier_exceeds_one;ai_rent_capture_impossible
COL,PBI,high,r4,debt_consistent,0.9124047972437274,3.873794060336005,,extreme_or_outside_historical_support,frontier_exceeds_one;ai_rent_capture_impossible
COL,UBI,high,r4,baseline,1.9334304023002569,8.208759128765394,,extreme_or_outside_historical_support,frontier_exceeds_one;ai_rent_capture_impossible
COL,UBI,high,r4,debt_consistent,2.0835373584883907,8.84606774118535,,extreme_or_outside_historical_support,frontier_exceeds_one;ai_rent_capture_impossible
COL,PEN,stress,r0,baseline,0.1442569860903322,0.1249964191781216,0.1663356102892723,fiscally_ordinary,
COL,PEN,stress,r0,debt_consistent,0.3447063365155782,0.2986826420002645,,fiscally_ordinary,frontier_exceeds_one;ai_rent_capture_impossible
COL,GMI:GMI_ideal_aggregate,stress,r0,baseline,0.4498126510210377,0.3897556174051789,,fiscally_demanding,frontier_exceeds_one;ai_rent_capture_impossible
COL,GMI:GMI_ideal_aggregate,stress,r0,debt_consistent,0.6502620014462837,0.5634418402273218,,extreme_or_outside_historical_support,frontier_exceeds_one;ai_rent_capture_impossible
COL,GMI:GMI_loaded_aggregate,stress,r0,baseline,0.6521863003584487,0.5651092150974607,,extreme_or_outside_historical_support,frontier_exceeds_one;ai_rent_capture_impossible
COL,GMI:GMI_loaded_aggregate,stress,r0,debt_consistent,0.8526356507836946,0.7387954379196037,,extreme_or_outside_historical_support,frontier_exceeds_one;ai_rent_capture_impossible
COL,MUT,stress,r0,baseline,0.6576937968493622,0.5698813745516252,,extreme_or_outside_historical_support,frontier_exceeds_one;ai_rent_capture_impossible
COL,MUT,stress,r0,debt_consistent,0.8581431472746082,0.7435675973737682,,extreme_or_outside_historical_support,frontier_exceeds_one;ai_rent_capture_impossible
COL,PBI,stress,r0,baseline,1.018250618000383,0.8822982132474141,,extreme_or_outside_historical_support,frontier_exceeds_one;ai_rent_capture_impossible
COL,PBI,stress,r0,debt_consistent,1.218699968425629,1.0559844360695572,,extreme_or_outside_historical_support,frontier_exceeds_one;ai_rent_capture_impossible
COL,UBI,stress,r0,baseline,2.5821046068635365,2.2373532024242366,,extreme_or_outside_historical_support,frontier_exceeds_one;ai_rent_capture_impossible
COL,UBI,stress,r0,debt_consistent,2.782553957288782,2.41103942524638,,extreme_or_outside_historical_support,frontier_exceeds_one;ai_rent_capture_impossible
COL,PEN,stress,r1,baseline,0.1359338361500187,0.1247401581536147,0.1572667743603523,fiscally_ordinary,
COL,PEN,stress,r1,debt_consistent,0.3252059591302208,0.2984263809757577,,fiscally_ordinary,frontier_exceeds_one;ai_rent_capture_impossible
COL,GMI:GMI_ideal_aggregate,stress,r1,baseline,0.4241489272671848,0.3892217402707897,,fiscally_demanding,frontier_exceeds_one;ai_rent_capture_impossible
COL,GMI:GMI_ideal_aggregate,stress,r1,debt_consistent,0.6134210502473868,0.5629079630929327,,extreme_or_outside_historical_support,frontier_exceeds_one;ai_rent_capture_impossible
COL,GMI:GMI_loaded_aggregate,stress,r1,baseline,0.6152380486042351,0.5645753379630715,,extreme_or_outside_historical_support,frontier_exceeds_one;ai_rent_capture_impossible
COL,GMI:GMI_loaded_aggregate,stress,r1,debt_consistent,0.8045101715844373,0.7382615607852145,,extreme_or_outside_historical_support,frontier_exceeds_one;ai_rent_capture_impossible
COL,MUT,stress,r1,baseline,0.620834056250494,0.5697105338686207,,extreme_or_outside_historical_support,frontier_exceeds_one;ai_rent_capture_impossible
COL,MUT,stress,r1,debt_consistent,0.810106179230696,0.7433967566907635,,extreme_or_outside_historical_support,frontier_exceeds_one;ai_rent_capture_impossible
COL,PBI,stress,r1,baseline,0.9613324630813356,0.8821700827351607,,extreme_or_outside_historical_support,frontier_exceeds_one;ai_rent_capture_impossible
COL,PBI,stress,r1,debt_consistent,1.1506045860615377,1.0558563055573036,,extreme_or_outside_historical_support,frontier_exceeds_one;ai_rent_capture_impossible
COL,UBI,stress,r1,baseline,2.4380078856414453,2.2372464269973587,,extreme_or_outside_historical_support,frontier_exceeds_one;ai_rent_capture_impossible
COL,UBI,stress,r1,debt_consistent,2.6272800086216472,2.4109326498195016,,extreme_or_outside_historical_support,frontier_exceeds_one;ai_rent_capture_impossible
COL,PEN,stress,r2,baseline,0.1297873823160552,0.1247401581536147,0.1505311794299241,fiscally_ordinary,
COL,PEN,stress,r2,debt_consistent,0.3105012802148273,0.2984263809757577,,fiscally_ordinary,frontier_exceeds_one;ai_rent_capture_impossible
COL,GMI:GMI_ideal_aggregate,stress,r2,baseline,0.4049703925181487,0.3892217402707897,,fiscally_demanding,frontier_exceeds_one;ai_rent_capture_impossible
COL,GMI:GMI_ideal_aggregate,stress,r2,debt_consistent,0.5856842904169208,0.5629079630929327,,extreme_or_outside_historical_support,frontier_exceeds_one;ai_rent_capture_impossible
COL,GMI:GMI_loaded_aggregate,stress,r2,baseline,0.5874191304470929,0.5645753379630715,,extreme_or_outside_historical_support,frontier_exceeds_one;ai_rent_capture_impossible
COL,GMI:GMI_loaded_aggregate,stress,r2,debt_consistent,0.7681330283458652,0.7382615607852145,,extreme_or_outside_historical_support,frontier_exceeds_one;ai_rent_capture_impossible
COL,MUT,stress,r2,baseline,0.5927621061505596,0.5697105338686207,,extreme_or_outside_historical_support,frontier_exceeds_one;ai_rent_capture_impossible
COL,MUT,stress,r2,debt_consistent,0.7734760040493317,0.7433967566907635,,extreme_or_outside_historical_support,frontier_exceeds_one;ai_rent_capture_impossible
COL,PBI,stress,r2,baseline,0.917864362932239,0.8821700827351607,,extreme_or_outside_historical_support,frontier_exceeds_one;ai_rent_capture_impossible
COL,PBI,stress,r2,debt_consistent,1.098578260831011,1.0558563055573036,,extreme_or_outside_historical_support,frontier_exceeds_one;ai_rent_capture_impossible
COL,UBI,stress,r2,baseline,2.3277696746091574,2.2372464269973587,,extreme_or_outside_historical_support,frontier_exceeds_one;ai_rent_capture_impossible
COL,UBI,stress,r2,debt_consistent,2.508483572507929,2.4109326498195016,,extreme_or_outside_historical_support,frontier_exceeds_one;ai_rent_capture_impossible
COL,PEN,stress,r3,baseline,0.1404062621366382,0.1248939147683188,0.1621472984126727,fiscally_ordinary,
COL,PEN,stress,r3,debt_consistent,0.3356650413680053,0.2985801375904618,,fiscally_ordinary,frontier_exceeds_one;ai_rent_capture_impossible
COL,GMI:GMI_ideal_aggregate,stress,r3,baseline,0.4379248229261274,0.3895420665514232,,fiscally_demanding,frontier_exceeds_one;ai_rent_capture_impossible
COL,GMI:GMI_ideal_aggregate,stress,r3,debt_consistent,0.6331836021574946,0.5632282893735662,,extreme_or_outside_historical_support,frontier_exceeds_one;ai_rent_capture_impossible
COL,GMI:GMI_loaded_aggregate,stress,r3,baseline,0.635058071970784,0.5648956642437051,,extreme_or_outside_historical_support,frontier_exceeds_one;ai_rent_capture_impossible
COL,GMI:GMI_loaded_aggregate,stress,r3,debt_consistent,0.8303168512021512,0.738581887065848,,extreme_or_outside_historical_support,frontier_exceeds_one;ai_rent_capture_impossible
COL,MUT,stress,r3,baseline,0.6405862044584503,0.5698130382784234,,extreme_or_outside_historical_support,frontier_exceeds_one;ai_rent_capture_impossible
COL,MUT,stress,r3,debt_consistent,0.8358449836898173,0.7434992611005663,,extreme_or_outside_historical_support,frontier_exceeds_one;ai_rent_capture_impossible
COL,PBI,stress,r3,baseline,0.9918257291492126,0.8822469610425128,,extreme_or_outside_historical_support,frontier_exceeds_one;ai_rent_capture_impossible
COL,PBI,stress,r3,debt_consistent,1.18708450838058,1.0559331838646555,,extreme_or_outside_historical_support,frontier_exceeds_one;ai_rent_capture_impossible
COL,UBI,stress,r3,baseline,2.515193827010042,2.237310492253485,,extreme_or_outside_historical_support,frontier_exceeds_one;ai_rent_capture_impossible
COL,UBI,stress,r3,debt_consistent,2.7104526062414087,2.4109967150756284,,extreme_or_outside_historical_support,frontier_exceeds_one;ai_rent_capture_impossible
COL,PEN,stress,r4,baseline,0.1101213620481759,0.1244838971291079,0.1287563389353645,fiscally_ordinary,
COL,PEN,stress,r4,debt_consistent,0.2637682502584664,0.2981701199512509,,fiscally_ordinary,frontier_exceeds_one;ai_rent_capture_impossible
COL,GMI:GMI_ideal_aggregate,stress,r4,baseline,0.3438423594321008,0.3886878631364004,,fiscally_demanding,frontier_exceeds_one;ai_rent_capture_impossible
COL,GMI:GMI_ideal_aggregate,stress,r4,debt_consistent,0.4974892476423913,0.5623740859585434,,extreme_or_outside_historical_support,frontier_exceeds_one;ai_rent_capture_impossible
COL,GMI:GMI_loaded_aggregate,stress,r4,baseline,0.4989642463850331,0.5640414608286822,,extreme_or_outside_historical_support,frontier_exceeds_one;ai_rent_capture_impossible
COL,GMI:GMI_loaded_aggregate,stress,r4,debt_consistent,0.6526111345953237,0.7377276836508252,,extreme_or_outside_historical_support,frontier_exceeds_one;ai_rent_capture_impossible
COL,MUT,stress,r4,baseline,0.5038281111094396,0.5695396931856161,,extreme_or_outside_historical_support,frontier_exceeds_one;ai_rent_capture_impossible
COL,MUT,stress,r4,debt_consistent,0.6574749993197302,0.7432259160077592,,extreme_or_outside_historical_support,frontier_exceeds_one;ai_rent_capture_impossible
COL,PBI,stress,r4,baseline,0.7802749062529666,0.8820419522229074,,extreme_or_outside_historical_support,frontier_exceeds_one;ai_rent_capture_impossible
COL,PBI,stress,r4,debt_consistent,0.9339217944632572,1.0557281750450505,,extreme_or_outside_historical_support,frontier_exceeds_one;ai_rent_capture_impossible
COL,UBI,stress,r4,baseline,1.979025972069424,2.2371396515704807,,extreme_or_outside_historical_support,frontier_exceeds_one;ai_rent_capture_impossible
COL,UBI,stress,r4,debt_consistent,2.132672860279714,2.410825874392624,,extreme_or_outside_historical_support,frontier_exceeds_one;ai_rent_capture_impossible
MEX,PEN,low,r0,baseline,0.1496539934061666,5.93063862733334,,extreme_or_outside_historical_support,frontier_exceeds_one;ai_rent_capture_impossible
MEX,PEN,low,r0,debt_consistent,0.4029515159925912,15.968567034507997,,extreme_or_outside_historical_support,frontier_exceeds_one;ai_rent_capture_impossible
MEX,GMI:GMI_ideal_aggregate,low,r0,baseline,0.1143730390154516,4.532489562571141,,extreme_or_outside_historical_support,frontier_exceeds_one;ai_rent_capture_impossible
MEX,GMI:GMI_ideal_aggregate,low,r0,debt_consistent,0.3676705616018762,14.5704179697458,,extreme_or_outside_historical_support,frontier_exceeds_one;ai_rent_capture_impossible
MEX,GMI:GMI_loaded_aggregate,low,r0,baseline,0.1574184249141704,6.238335310679939,,extreme_or_outside_historical_support,frontier_exceeds_one;ai_rent_capture_impossible
MEX,GMI:GMI_loaded_aggregate,low,r0,debt_consistent,0.410715947500595,16.276263717854597,,extreme_or_outside_historical_support,frontier_exceeds_one;ai_rent_capture_impossible
MEX,MUT,low,r0,baseline,0.3453424028435051,13.685575288333128,,extreme_or_outside_historical_support,frontier_exceeds_one;ai_rent_capture_impossible
MEX,MUT,low,r0,debt_consistent,0.5986399254299298,23.723503695507787,,extreme_or_outside_historical_support,frontier_exceeds_one;ai_rent_capture_impossible
MEX,PBI,low,r0,baseline,0.5091598775201371,20.17749856439721,,extreme_or_outside_historical_support,frontier_exceeds_one;ai_rent_capture_impossible
MEX,PBI,low,r0,debt_consistent,0.7624574001065617,30.215426971571876,,extreme_or_outside_historical_support,frontier_exceeds_one;ai_rent_capture_impossible
MEX,UBI,low,r0,baseline,1.3508247627785657,53.53183924167069,,extreme_or_outside_historical_support,frontier_exceeds_one;ai_rent_capture_impossible
MEX,UBI,low,r0,debt_consistent,1.60412228536499,63.56976764884535,,extreme_or_outside_historical_support,frontier_exceeds_one;ai_rent_capture_impossible
MEX,PEN,low,r1,baseline,0.1480373453806846,5.923283224838525,,extreme_or_outside_historical_support,frontier_exceeds_one;ai_rent_capture_impossible
MEX,PEN,low,r1,debt_consistent,0.3989097447095232,15.961211632013184,,extreme_or_outside_historical_support,frontier_exceeds_one;ai_rent_capture_impossible
MEX,GMI:GMI_ideal_aggregate,low,r1,baseline,0.1128950295612812,4.517165807373609,,extreme_or_outside_historical_support,frontier_exceeds_one;ai_rent_capture_impossible
MEX,GMI:GMI_ideal_aggregate,low,r1,debt_consistent,0.3637674288901197,14.555094214548268,,extreme_or_outside_historical_support,frontier_exceeds_one;ai_rent_capture_impossible
MEX,GMI:GMI_loaded_aggregate,low,r1,baseline,0.1555282899665927,6.223011555482408,,extreme_or_outside_historical_support,frontier_exceeds_one;ai_rent_capture_impossible
MEX,GMI:GMI_loaded_aggregate,low,r1,debt_consistent,0.4064006892954313,16.260939962657066,,extreme_or_outside_historical_support,frontier_exceeds_one;ai_rent_capture_impossible
MEX,MUT,low,r1,baseline,0.3419134697167074,13.680671686669918,,extreme_or_outside_historical_support,frontier_exceeds_one;ai_rent_capture_impossible
MEX,MUT,low,r1,debt_consistent,0.5927858690455459,23.71860009384457,,extreme_or_outside_historical_support,frontier_exceeds_one;ai_rent_capture_impossible
MEX,PBI,low,r1,baseline,0.5041931600101032,20.17382086314981,,extreme_or_outside_historical_support,frontier_exceeds_one;ai_rent_capture_impossible
MEX,PBI,low,r1,debt_consistent,0.7550655593389417,30.21174927032447,,extreme_or_outside_historical_support,frontier_exceeds_one;ai_rent_capture_impossible
MEX,UBI,low,r1,baseline,1.3378150894161194,53.52877449063118,,extreme_or_outside_historical_support,frontier_exceeds_one;ai_rent_capture_impossible
MEX,UBI,low,r1,debt_consistent,1.5886874887449578,63.56670289780584,,extreme_or_outside_historical_support,frontier_exceeds_one;ai_rent_capture_impossible
MEX,PEN,low,r2,baseline,0.1420128084283526,5.923283224838525,,extreme_or_outside_historical_support,frontier_exceeds_one;ai_rent_capture_impossible
MEX,PEN,low,r2,debt_consistent,0.3826756890969492,15.961211632013184,,extreme_or_outside_historical_support,frontier_exceeds_one;ai_rent_capture_impossible
MEX,GMI:GMI_ideal_aggregate,low,r2,baseline,0.1083006464643839,4.517165807373609,,extreme_or_outside_historical_support,frontier_exceeds_one;ai_rent_capture_impossible
MEX,GMI:GMI_ideal_aggregate,low,r2,debt_consistent,0.3489635271329805,14.555094214548268,,extreme_or_outside_historical_support,frontier_exceeds_one;ai_rent_capture_impossible
MEX,GMI:GMI_loaded_aggregate,low,r2,baseline,0.1491989010706541,6.223011555482408,,extreme_or_outside_historical_support,frontier_exceeds_one;ai_rent_capture_impossible
MEX,GMI:GMI_loaded_aggregate,low,r2,debt_consistent,0.3898617817392507,16.260939962657066,,extreme_or_outside_historical_support,frontier_exceeds_one;ai_rent_capture_impossible
MEX,MUT,low,r2,baseline,0.3279989380320754,13.680671686669918,,extreme_or_outside_historical_support,frontier_exceeds_one;ai_rent_capture_impossible
MEX,MUT,low,r2,debt_consistent,0.568661818700672,23.71860009384457,,extreme_or_outside_historical_support,frontier_exceeds_one;ai_rent_capture_impossible
MEX,PBI,low,r2,baseline,0.4836744840247782,20.17382086314981,,extreme_or_outside_historical_support,frontier_exceeds_one;ai_rent_capture_impossible
MEX,PBI,low,r2,debt_consistent,0.724337364693375,30.21174927032447,,extreme_or_outside_historical_support,frontier_exceeds_one;ai_rent_capture_impossible
MEX,UBI,low,r2,baseline,1.2833712838963107,53.52877449063118,,extreme_or_outside_historical_support,frontier_exceeds_one;ai_rent_capture_impossible
MEX,UBI,low,r2,debt_consistent,1.5240341645649071,63.56670289780584,,extreme_or_outside_historical_support,frontier_exceeds_one;ai_rent_capture_impossible
MEX,PEN,low,r3,baseline,0.1616291991808708,5.927696466335413,,extreme_or_outside_historical_support,frontier_exceeds_one;ai_rent_capture_impossible
MEX,PEN,low,r3,debt_consistent,0.4353311910255308,15.965624873510071,,extreme_or_outside_historical_support,frontier_exceeds_one;ai_rent_capture_impossible
MEX,GMI:GMI_ideal_aggregate,low,r3,baseline,0.1234192668157824,4.526360060492128,,extreme_or_outside_historical_support,frontier_exceeds_one;ai_rent_capture_impossible
MEX,GMI:GMI_ideal_aggregate,low,r3,debt_consistent,0.3971212586604423,14.564288467666788,,extreme_or_outside_historical_support,frontier_exceeds_one;ai_rent_capture_impossible
MEX,GMI:GMI_loaded_aggregate,low,r3,baseline,0.1699321886158032,6.232205808600927,,extreme_or_outside_historical_support,frontier_exceeds_one;ai_rent_capture_impossible
MEX,GMI:GMI_loaded_aggregate,low,r3,debt_consistent,0.4436341804604632,16.270134215775588,,extreme_or_outside_historical_support,frontier_exceeds_one;ai_rent_capture_impossible
MEX,MUT,low,r3,baseline,0.3731080969916997,13.683613847667845,,extreme_or_outside_historical_support,frontier_exceeds_one;ai_rent_capture_impossible
MEX,MUT,low,r3,debt_consistent,0.6468100888363597,23.721542254842504,,extreme_or_outside_historical_support,frontier_exceeds_one;ai_rent_capture_impossible
MEX,PBI,low,r3,baseline,0.5501353153613371,20.176027483898253,,extreme_or_outside_historical_support,frontier_exceeds_one;ai_rent_capture_impossible
MEX,PBI,low,r3,debt_consistent,0.823837307205997,30.21395589107291,,extreme_or_outside_historical_support,frontier_exceeds_one;ai_rent_capture_impossible
MEX,UBI,low,r3,baseline,1.4596074908937988,53.530613341254885,,extreme_or_outside_historical_support,frontier_exceeds_one;ai_rent_capture_impossible
MEX,UBI,low,r3,debt_consistent,1.7333094827384588,63.568541748429546,,extreme_or_outside_historical_support,frontier_exceeds_one;ai_rent_capture_impossible
MEX,PEN,low,r4,baseline,0.131254526906676,5.91592782234371,,extreme_or_outside_historical_support,frontier_exceeds_one;ai_rent_capture_impossible
MEX,PEN,low,r4,debt_consistent,0.3539623732111346,15.95385622951837,,extreme_or_outside_historical_support,frontier_exceeds_one;ai_rent_capture_impossible
MEX,GMI:GMI_ideal_aggregate,low,r4,baseline,0.0998807231107933,4.501842052176079,,extreme_or_outside_historical_support,frontier_exceeds_one;ai_rent_capture_impossible
MEX,GMI:GMI_ideal_aggregate,low,r4,debt_consistent,0.322588569415252,14.539770459350738,,extreme_or_outside_historical_support,frontier_exceeds_one;ai_rent_capture_impossible
MEX,GMI:GMI_loaded_aggregate,low,r4,baseline,0.1377276988291486,6.207687800284877,,extreme_or_outside_historical_support,frontier_exceeds_one;ai_rent_capture_impossible
MEX,GMI:GMI_loaded_aggregate,low,r4,debt_consistent,0.3604355451336073,16.245616207459538,,extreme_or_outside_historical_support,frontier_exceeds_one;ai_rent_capture_impossible
MEX,MUT,low,r4,baseline,0.3034192647353576,13.675768085006707,,extreme_or_outside_historical_support,frontier_exceeds_one;ai_rent_capture_impossible
MEX,MUT,low,r4,debt_consistent,0.5261271110398162,23.713696492181366,,extreme_or_outside_historical_support,frontier_exceeds_one;ai_rent_capture_impossible
MEX,PBI,low,r4,baseline,0.447507589317849,20.1701431619024,,extreme_or_outside_historical_support,frontier_exceeds_one;ai_rent_capture_impossible
MEX,PBI,low,r4,debt_consistent,0.6702154356223076,30.20807156907706,,extreme_or_outside_historical_support,frontier_exceeds_one;ai_rent_capture_impossible
MEX,UBI,low,r4,baseline,1.1875553455334211,53.52570973959167,,extreme_or_outside_historical_support,frontier_exceeds_one;ai_rent_capture_impossible
MEX,UBI,low,r4,debt_consistent,1.4102631918378798,63.56363814676633,,extreme_or_outside_historical_support,frontier_exceeds_one;ai_rent_capture_impossible
MEX,PEN,mid,r0,baseline,0.1941043528095463,0.6900821949601332,,extreme_or_outside_historical_support,frontier_exceeds_one;ai_rent_capture_impossible
MEX,PEN,mid,r0,debt_consistent,0.5226365260637582,1.8580838391929104,,extreme_or_outside_historical_support,frontier_exceeds_one;ai_rent_capture_impossible
MEX,GMI:GMI_ideal_aggregate,mid,r0,baseline,0.1483442186317258,0.5273952001657148,,extreme_or_outside_historical_support,frontier_exceeds_one;ai_rent_capture_impossible
MEX,GMI:GMI_ideal_aggregate,mid,r0,debt_consistent,0.4768763918859376,1.695396844398492,,extreme_or_outside_historical_support,frontier_exceeds_one;ai_rent_capture_impossible
MEX,GMI:GMI_loaded_aggregate,mid,r0,baseline,0.2041749825234142,0.7258854222293101,,extreme_or_outside_historical_support,frontier_exceeds_one;ai_rent_capture_impossible
MEX,GMI:GMI_loaded_aggregate,mid,r0,debt_consistent,0.5327071557776261,1.8938870664620877,,extreme_or_outside_historical_support,frontier_exceeds_one;ai_rent_capture_impossible
MEX,MUT,mid,r0,baseline,0.4479163039752876,1.5924375818041665,,extreme_or_outside_historical_support,frontier_exceeds_one;ai_rent_capture_impossible
MEX,MUT,mid,r0,debt_consistent,0.7764484772294996,2.760439226036944,,extreme_or_outside_historical_support,frontier_exceeds_one;ai_rent_capture_impossible
MEX,PBI,mid,r0,baseline,0.6603909875923281,2.3478302039767063,,extreme_or_outside_historical_support,frontier_exceeds_one;ai_rent_capture_impossible
MEX,PBI,mid,r0,debt_consistent,0.9889231608465398,3.5158318482094835,,extreme_or_outside_historical_support,frontier_exceeds_one;ai_rent_capture_impossible
MEX,UBI,mid,r0,baseline,1.752047909784934,6.228902390695059,,extreme_or_outside_historical_support,frontier_exceeds_one;ai_rent_capture_impossible
MEX,UBI,mid,r0,debt_consistent,2.0805800830391457,7.396904034927837,,extreme_or_outside_historical_support,frontier_exceeds_one;ai_rent_capture_impossible
MEX,PEN,mid,r1,baseline,0.1905643693250285,0.6892263289029698,,extreme_or_outside_historical_support,frontier_exceeds_one;ai_rent_capture_impossible
MEX,PEN,mid,r1,debt_consistent,0.5135054517675575,1.857227973135747,,extreme_or_outside_historical_support,frontier_exceeds_one;ai_rent_capture_impossible
MEX,GMI:GMI_ideal_aggregate,mid,r1,baseline,0.1453266407402293,0.5256121458799576,,extreme_or_outside_historical_support,frontier_exceeds_one;ai_rent_capture_impossible
MEX,GMI:GMI_ideal_aggregate,mid,r1,debt_consistent,0.4682677231827583,1.6936137901127348,,extreme_or_outside_historical_support,frontier_exceeds_one;ai_rent_capture_impossible
MEX,GMI:GMI_loaded_aggregate,mid,r1,baseline,0.2002072545509924,0.7241023679435528,,extreme_or_outside_historical_support,frontier_exceeds_one;ai_rent_capture_impossible
MEX,GMI:GMI_loaded_aggregate,mid,r1,debt_consistent,0.5231483369935215,1.8921040121763304,,extreme_or_outside_historical_support,frontier_exceeds_one;ai_rent_capture_impossible
MEX,MUT,mid,r1,baseline,0.440135727594572,1.591867004432724,,extreme_or_outside_historical_support,frontier_exceeds_one;ai_rent_capture_impossible
MEX,MUT,mid,r1,debt_consistent,0.7630768100371009,2.759868648665501,,extreme_or_outside_historical_support,frontier_exceeds_one;ai_rent_capture_impossible
MEX,PBI,mid,r1,baseline,0.6490338725558829,2.3474022709481246,,extreme_or_outside_historical_support,frontier_exceeds_one;ai_rent_capture_impossible
MEX,PBI,mid,r1,debt_consistent,0.971974954998412,3.5154039151809022,,extreme_or_outside_historical_support,frontier_exceeds_one;ai_rent_capture_impossible
MEX,UBI,mid,r1,baseline,1.722132264210089,6.228545779837908,,extreme_or_outside_historical_support,frontier_exceeds_one;ai_rent_capture_impossible
MEX,UBI,mid,r1,debt_consistent,2.0450733466526176,7.396547424070684,,extreme_or_outside_historical_support,frontier_exceeds_one;ai_rent_capture_impossible
MEX,PEN,mid,r2,baseline,0.1825665696407639,0.6892263289029698,,extreme_or_outside_historical_support,frontier_exceeds_one;ai_rent_capture_impossible
MEX,PEN,mid,r2,debt_consistent,0.4919541315781578,1.857227973135747,,extreme_or_outside_historical_support,frontier_exceeds_one;ai_rent_capture_impossible
MEX,GMI:GMI_ideal_aggregate,mid,r2,baseline,0.1392274241576948,0.5256121458799576,,extreme_or_outside_historical_support,frontier_exceeds_one;ai_rent_capture_impossible
MEX,GMI:GMI_ideal_aggregate,mid,r2,debt_consistent,0.4486149860950887,1.6936137901127348,,extreme_or_outside_historical_support,frontier_exceeds_one;ai_rent_capture_impossible
MEX,GMI:GMI_loaded_aggregate,mid,r2,baseline,0.1918047524310691,0.7241023679435528,,extreme_or_outside_historical_support,frontier_exceeds_one;ai_rent_capture_impossible
MEX,GMI:GMI_loaded_aggregate,mid,r2,debt_consistent,0.501192314368463,1.8921040121763304,,extreme_or_outside_historical_support,frontier_exceeds_one;ai_rent_capture_impossible
MEX,MUT,mid,r2,baseline,0.4216636627712394,1.591867004432724,,extreme_or_outside_historical_support,frontier_exceeds_one;ai_rent_capture_impossible
MEX,MUT,mid,r2,debt_consistent,0.7310512247086333,2.759868648665501,,extreme_or_outside_historical_support,frontier_exceeds_one;ai_rent_capture_impossible
MEX,PBI,mid,r2,baseline,0.6217945574657104,2.3474022709481246,,extreme_or_outside_historical_support,frontier_exceeds_one;ai_rent_capture_impossible
MEX,PBI,mid,r2,debt_consistent,0.9311821194031044,3.5154039151809022,,extreme_or_outside_historical_support,frontier_exceeds_one;ai_rent_capture_impossible
MEX,UBI,mid,r2,baseline,1.649856062065136,6.228545779837908,,extreme_or_outside_historical_support,frontier_exceeds_one;ai_rent_capture_impossible
MEX,UBI,mid,r2,debt_consistent,1.95924362400253,7.396547424070684,,extreme_or_outside_historical_support,frontier_exceeds_one;ai_rent_capture_impossible
MEX,PEN,mid,r3,baseline,0.2049683681683067,0.6897398485372678,,extreme_or_outside_historical_support,frontier_exceeds_one;ai_rent_capture_impossible
MEX,PEN,mid,r3,debt_consistent,0.5520606690466665,1.857741492770045,,extreme_or_outside_historical_support,frontier_exceeds_one;ai_rent_capture_impossible
MEX,GMI:GMI_ideal_aggregate,mid,r3,baseline,0.1565128445105464,0.5266819784514118,,extreme_or_outside_historical_support,frontier_exceeds_one;ai_rent_capture_impossible
MEX,GMI:GMI_ideal_aggregate,mid,r3,debt_consistent,0.5036051453889061,1.6946836226841893,,extreme_or_outside_historical_support,frontier_exceeds_one;ai_rent_capture_impossible
MEX,GMI:GMI_loaded_aggregate,mid,r3,baseline,0.2154977168504859,0.7251722005150072,,extreme_or_outside_historical_support,frontier_exceeds_one;ai_rent_capture_impossible
MEX,GMI:GMI_loaded_aggregate,mid,r3,debt_consistent,0.5625900177288456,1.8931738447477848,,extreme_or_outside_historical_support,frontier_exceeds_one;ai_rent_capture_impossible
MEX,MUT,mid,r3,baseline,0.4731531071015912,1.5922093508555897,,extreme_or_outside_historical_support,frontier_exceeds_one;ai_rent_capture_impossible
MEX,MUT,mid,r3,debt_consistent,0.8202454079799509,2.760210995088366,,extreme_or_outside_historical_support,frontier_exceeds_one;ai_rent_capture_impossible
MEX,PBI,mid,r3,baseline,0.6976483112756491,2.3476590307652736,,extreme_or_outside_historical_support,frontier_exceeds_one;ai_rent_capture_impossible
MEX,PBI,mid,r3,debt_consistent,1.0447406121540086,3.515660674998051,,extreme_or_outside_historical_support,frontier_exceeds_one;ai_rent_capture_impossible
MEX,UBI,mid,r3,baseline,1.8509858805892443,6.228759746352199,,extreme_or_outside_historical_support,frontier_exceeds_one;ai_rent_capture_impossible
MEX,UBI,mid,r3,debt_consistent,2.198078181467604,7.396761390584976,,extreme_or_outside_historical_support,frontier_exceeds_one;ai_rent_capture_impossible
MEX,PEN,mid,r4,baseline,0.1649733225691208,0.6883704628458064,,extreme_or_outside_historical_support,frontier_exceeds_one;ai_rent_capture_impossible
MEX,PEN,mid,r4,debt_consistent,0.4448939792728926,1.856372107078584,,extreme_or_outside_historical_support,frontier_exceeds_one;ai_rent_capture_impossible
MEX,GMI:GMI_ideal_aggregate,mid,r4,baseline,0.1255397062526446,0.5238290915942003,,extreme_or_outside_historical_support,frontier_exceeds_one;ai_rent_capture_impossible
MEX,GMI:GMI_ideal_aggregate,mid,r4,debt_consistent,0.4054603629564164,1.6918307358269775,,extreme_or_outside_historical_support,frontier_exceeds_one;ai_rent_capture_impossible
MEX,GMI:GMI_loaded_aggregate,mid,r4,baseline,0.1731094280793768,0.7223193136577957,,extreme_or_outside_historical_support,frontier_exceeds_one;ai_rent_capture_impossible
MEX,GMI:GMI_loaded_aggregate,mid,r4,debt_consistent,0.4530300847831486,1.890320957890573,,extreme_or_outside_historical_support,frontier_exceeds_one;ai_rent_capture_impossible
MEX,MUT,mid,r4,baseline,0.3813665358030833,1.5912964270612815,,extreme_or_outside_historical_support,frontier_exceeds_one;ai_rent_capture_impossible
MEX,MUT,mid,r4,debt_consistent,0.6612871925068552,2.759298071294059,,extreme_or_outside_historical_support,frontier_exceeds_one;ai_rent_capture_impossible
MEX,PBI,mid,r4,baseline,0.5624706105348668,2.346974337919543,,extreme_or_outside_historical_support,frontier_exceeds_one;ai_rent_capture_impossible
MEX,PBI,mid,r4,debt_consistent,0.8423912672386386,3.51497598215232,,extreme_or_outside_historical_support,frontier_exceeds_one;ai_rent_capture_impossible
MEX,UBI,mid,r4,baseline,1.4926338596052189,6.228189168980756,,extreme_or_outside_historical_support,frontier_exceeds_one;ai_rent_capture_impossible
MEX,UBI,mid,r4,debt_consistent,1.7725545163089904,7.396190813213533,,extreme_or_outside_historical_support,frontier_exceeds_one;ai_rent_capture_impossible
MEX,PEN,high,r0,baseline,0.1947237290618143,0.9610941532012468,,extreme_or_outside_historical_support,frontier_exceeds_one;ai_rent_capture_impossible
MEX,PEN,high,r0,debt_consistent,0.5243042303069974,2.587798275405728,,extreme_or_outside_historical_support,frontier_exceeds_one;ai_rent_capture_impossible
MEX,GMI:GMI_ideal_aggregate,high,r0,baseline,0.1488175768272109,0.7345160431721506,,extreme_or_outside_historical_support,frontier_exceeds_one;ai_rent_capture_impossible
MEX,GMI:GMI_ideal_aggregate,high,r0,debt_consistent,0.478398078072394,2.361220165376632,,extreme_or_outside_historical_support,frontier_exceeds_one;ai_rent_capture_impossible
MEX,GMI:GMI_loaded_aggregate,high,r0,baseline,0.2048264935980077,1.0109581732345836,,extreme_or_outside_historical_support,frontier_exceeds_one;ai_rent_capture_impossible
MEX,GMI:GMI_loaded_aggregate,high,r0,debt_consistent,0.5344069948431909,2.637662295439064,,extreme_or_outside_historical_support,frontier_exceeds_one;ai_rent_capture_impossible
MEX,MUT,high,r0,baseline,0.4493455801232476,2.2178263116878907,,extreme_or_outside_historical_support,frontier_exceeds_one;ai_rent_capture_impossible
MEX,MUT,high,r0,debt_consistent,0.7789260813684309,3.844530433892372,,extreme_or_outside_historical_support,frontier_exceeds_one;ai_rent_capture_impossible
MEX,PBI,high,r0,baseline,0.6624982587019449,3.269879875514919,,extreme_or_outside_historical_support,frontier_exceeds_one;ai_rent_capture_impossible
MEX,PBI,high,r0,debt_consistent,0.992078759947128,4.896583997719399,,extreme_or_outside_historical_support,frontier_exceeds_one;ai_rent_capture_impossible
MEX,UBI,high,r0,baseline,1.757638597744524,8.675142921060496,,extreme_or_outside_historical_support,frontier_exceeds_one;ai_rent_capture_impossible
MEX,UBI,high,r0,debt_consistent,2.0872190989897077,10.301847043264976,,extreme_or_outside_historical_support,frontier_exceeds_one;ai_rent_capture_impossible
MEX,PEN,high,r1,baseline,0.1914346246544494,0.9599021678559202,,extreme_or_outside_historical_support,frontier_exceeds_one;ai_rent_capture_impossible
MEX,PEN,high,r1,debt_consistent,0.5158504906521624,2.5866062900604008,,extreme_or_outside_historical_support,frontier_exceeds_one;ai_rent_capture_impossible
MEX,GMI:GMI_ideal_aggregate,high,r1,baseline,0.145990307741878,0.732032740369387,,extreme_or_outside_historical_support,frontier_exceeds_one;ai_rent_capture_impossible
MEX,GMI:GMI_ideal_aggregate,high,r1,debt_consistent,0.470406173739591,2.358736862573868,,extreme_or_outside_historical_support,frontier_exceeds_one;ai_rent_capture_impossible
MEX,GMI:GMI_loaded_aggregate,high,r1,baseline,0.201121546298599,1.00847487043182,,extreme_or_outside_historical_support,frontier_exceeds_one;ai_rent_capture_impossible
MEX,GMI:GMI_loaded_aggregate,high,r1,debt_consistent,0.525537412296312,2.635178992636301,,extreme_or_outside_historical_support,frontier_exceeds_one;ai_rent_capture_impossible
MEX,MUT,high,r1,baseline,0.4421457070254824,2.2170316547910063,,extreme_or_outside_historical_support,frontier_exceeds_one;ai_rent_capture_impossible
MEX,MUT,high,r1,debt_consistent,0.7665615730231954,3.843735776995487,,extreme_or_outside_historical_support,frontier_exceeds_one;ai_rent_capture_impossible
MEX,PBI,high,r1,baseline,0.6519978326527627,3.269283882842256,,extreme_or_outside_historical_support,frontier_exceeds_one;ai_rent_capture_impossible
MEX,PBI,high,r1,debt_consistent,0.9764136986504756,4.895988005046737,,extreme_or_outside_historical_support,frontier_exceeds_one;ai_rent_capture_impossible
MEX,UBI,high,r1,baseline,1.729996771023219,8.674646260499943,,extreme_or_outside_historical_support,frontier_exceeds_one;ai_rent_capture_impossible
MEX,UBI,high,r1,debt_consistent,2.054412637020932,10.301350382704422,,extreme_or_outside_historical_support,frontier_exceeds_one;ai_rent_capture_impossible
MEX,PEN,high,r2,baseline,0.1834167994474691,0.9599021678559202,,extreme_or_outside_historical_support,frontier_exceeds_one;ai_rent_capture_impossible
MEX,PEN,high,r2,debt_consistent,0.4942452085646101,2.5866062900604008,,extreme_or_outside_historical_support,frontier_exceeds_one;ai_rent_capture_impossible
MEX,GMI:GMI_ideal_aggregate,high,r2,baseline,0.1398758194589955,0.732032740369387,,extreme_or_outside_historical_support,frontier_exceeds_one;ai_rent_capture_impossible
MEX,GMI:GMI_ideal_aggregate,high,r2,debt_consistent,0.4507042285761364,2.358736862573868,,extreme_or_outside_historical_support,frontier_exceeds_one;ai_rent_capture_impossible
MEX,GMI:GMI_loaded_aggregate,high,r2,baseline,0.1926980053300279,1.00847487043182,,extreme_or_outside_historical_support,frontier_exceeds_one;ai_rent_capture_impossible
MEX,GMI:GMI_loaded_aggregate,high,r2,debt_consistent,0.5035264144471691,2.635178992636301,,extreme_or_outside_historical_support,frontier_exceeds_one;ai_rent_capture_impossible
MEX,MUT,high,r2,baseline,0.4236273903868593,2.2170316547910063,,extreme_or_outside_historical_support,frontier_exceeds_one;ai_rent_capture_impossible
MEX,MUT,high,r2,debt_consistent,0.7344557995040003,3.843735776995487,,extreme_or_outside_historical_support,frontier_exceeds_one;ai_rent_capture_impossible
MEX,PBI,high,r2,baseline,0.6246903136134249,3.269283882842256,,extreme_or_outside_historical_support,frontier_exceeds_one;ai_rent_capture_impossible
MEX,PBI,high,r2,debt_consistent,0.935518722730566,4.895988005046737,,extreme_or_outside_historical_support,frontier_exceeds_one;ai_rent_capture_impossible
MEX,UBI,high,r2,baseline,1.6575395980131526,8.674646260499943,,extreme_or_outside_historical_support,frontier_exceeds_one;ai_rent_capture_impossible
MEX,UBI,high,r2,debt_consistent,1.9683680071302936,10.301350382704422,,extreme_or_outside_historical_support,frontier_exceeds_one;ai_rent_capture_impossible
MEX,PEN,high,r3,baseline,0.2027077631123516,0.960617359063116,,extreme_or_outside_historical_support,frontier_exceeds_one;ai_rent_capture_impossible
MEX,PEN,high,r3,debt_consistent,0.5459719678934422,2.5873214812675966,,extreme_or_outside_historical_support,frontier_exceeds_one;ai_rent_capture_impossible
MEX,GMI:GMI_ideal_aggregate,high,r3,baseline,0.1547866575345544,0.7335227220510451,,extreme_or_outside_historical_support,frontier_exceeds_one;ai_rent_capture_impossible
MEX,GMI:GMI_ideal_aggregate,high,r3,debt_consistent,0.4980508623156449,2.360226844255526,,extreme_or_outside_historical_support,frontier_exceeds_one;ai_rent_capture_impossible
MEX,GMI:GMI_loaded_aggregate,high,r3,baseline,0.2131209831495132,1.0099648521134783,,extreme_or_outside_historical_support,frontier_exceeds_one;ai_rent_capture_impossible
MEX,GMI:GMI_loaded_aggregate,high,r3,debt_consistent,0.5563851879306038,2.6366689743179594,,extreme_or_outside_historical_support,frontier_exceeds_one;ai_rent_capture_impossible
MEX,MUT,high,r3,baseline,0.4679346808843496,2.217508448929137,,extreme_or_outside_historical_support,frontier_exceeds_one;ai_rent_capture_impossible
MEX,MUT,high,r3,debt_consistent,0.8111988856654402,3.844212571133618,,extreme_or_outside_historical_support,frontier_exceeds_one;ai_rent_capture_impossible
MEX,PBI,high,r3,baseline,0.6899539176780318,3.269641478445854,,extreme_or_outside_historical_support,frontier_exceeds_one;ai_rent_capture_impossible
MEX,PBI,high,r3,debt_consistent,1.033218122459122,4.896345600650334,,extreme_or_outside_historical_support,frontier_exceeds_one;ai_rent_capture_impossible
MEX,UBI,high,r3,baseline,1.8305712767283904,8.674944256836275,,extreme_or_outside_historical_support,frontier_exceeds_one;ai_rent_capture_impossible
MEX,UBI,high,r3,debt_consistent,2.173835481509481,10.301648379040754,,extreme_or_outside_historical_support,frontier_exceeds_one;ai_rent_capture_impossible
MEX,PEN,high,r4,baseline,0.1625399985103678,0.9587101825105936,,extreme_or_outside_historical_support,frontier_exceeds_one;ai_rent_capture_impossible
MEX,PEN,high,r4,debt_consistent,0.4383318805862671,2.5854143047150746,,extreme_or_outside_historical_support,frontier_exceeds_one;ai_rent_capture_impossible
MEX,GMI:GMI_ideal_aggregate,high,r4,baseline,0.1236880202782328,0.7295494375666235,,extreme_or_outside_historical_support,frontier_exceeds_one;ai_rent_capture_impossible
MEX,GMI:GMI_ideal_aggregate,high,r4,debt_consistent,0.3994799023541321,2.3562535597711043,,extreme_or_outside_historical_support,frontier_exceeds_one;ai_rent_capture_impossible
MEX,GMI:GMI_loaded_aggregate,high,r4,baseline,0.1705560980646647,1.0059915676290567,,extreme_or_outside_historical_support,frontier_exceeds_one;ai_rent_capture_impossible
MEX,GMI:GMI_loaded_aggregate,high,r4,debt_consistent,0.446347980140564,2.6326956898335374,,extreme_or_outside_historical_support,frontier_exceeds_one;ai_rent_capture_impossible
MEX,MUT,high,r4,baseline,0.3757414544122172,2.216236997894122,,extreme_or_outside_historical_support,frontier_exceeds_one;ai_rent_capture_impossible
MEX,MUT,high,r4,debt_consistent,0.6515333364881164,3.842941120098603,,extreme_or_outside_historical_support,frontier_exceeds_one;ai_rent_capture_impossible
MEX,PBI,high,r4,baseline,0.5541742796636586,3.268687890169593,,extreme_or_outside_historical_support,frontier_exceeds_one;ai_rent_capture_impossible
MEX,PBI,high,r4,debt_consistent,0.8299661617395578,4.8953920123740735,,extreme_or_outside_historical_support,frontier_exceeds_one;ai_rent_capture_impossible
MEX,UBI,high,r4,baseline,1.47061780376707,8.674149599939389,,extreme_or_outside_historical_support,frontier_exceeds_one;ai_rent_capture_impossible
MEX,UBI,high,r4,debt_consistent,1.746409685842969,10.30085372214387,,extreme_or_outside_historical_support,frontier_exceeds_one;ai_rent_capture_impossible
MEX,PEN,stress,r0,baseline,0.2082277824849501,0.1894253031229381,,fiscally_ordinary,frontier_exceeds_one
MEX,PEN,stress,r0,debt_consistent,0.5606646285499575,0.510037930318262,,extreme_or_outside_historical_support,frontier_exceeds_one;ai_rent_capture_impossible
MEX,GMI:GMI_ideal_aggregate,stress,r0,baseline,0.1591380473597895,0.1447682557042999,0.1824029412178695,fiscally_ordinary,
MEX,GMI:GMI_ideal_aggregate,stress,r0,debt_consistent,0.5115748934247969,0.4653808828996237,,extreme_or_outside_historical_support,frontier_exceeds_one;ai_rent_capture_impossible
MEX,GMI:GMI_loaded_aggregate,stress,r0,baseline,0.2190311718123564,0.199253171785214,,fiscally_ordinary,frontier_exceeds_one;ai_rent_capture_impossible
MEX,GMI:GMI_loaded_aggregate,stress,r0,debt_consistent,0.5714680178773638,0.5198657989805379,,extreme_or_outside_historical_support,frontier_exceeds_one;ai_rent_capture_impossible
MEX,MUT,stress,r0,baseline,0.4805076102911686,0.4371189024157322,,extreme_or_outside_historical_support,frontier_exceeds_one;ai_rent_capture_impossible
MEX,MUT,stress,r0,debt_consistent,0.8329444563561761,0.757731529611056,,extreme_or_outside_historical_support,frontier_exceeds_one;ai_rent_capture_impossible
MEX,PBI,stress,r0,baseline,0.7084423864225349,0.6444717039760317,,extreme_or_outside_historical_support,frontier_exceeds_one;ai_rent_capture_impossible
MEX,PBI,stress,r0,debt_consistent,1.0608792324875422,0.9650843311713556,,extreme_or_outside_historical_support,frontier_exceeds_one;ai_rent_capture_impossible
MEX,UBI,stress,r0,baseline,1.8795304988336463,1.7098133122370591,,extreme_or_outside_historical_support,frontier_exceeds_one;ai_rent_capture_impossible
MEX,UBI,stress,r0,debt_consistent,2.2319673448986537,2.030425939432383,,extreme_or_outside_historical_support,frontier_exceeds_one;ai_rent_capture_impossible
MEX,PEN,stress,r1,baseline,0.2046279484060528,0.1891903706924322,,fiscally_ordinary,frontier_exceeds_one
MEX,PEN,stress,r1,debt_consistent,0.551401961776481,0.5098029978877561,,extreme_or_outside_historical_support,frontier_exceeds_one;ai_rent_capture_impossible
MEX,GMI:GMI_ideal_aggregate,stress,r1,baseline,0.1560516923953153,0.144278813140746,0.1790858729163492,fiscally_ordinary,
MEX,GMI:GMI_ideal_aggregate,stress,r1,debt_consistent,0.5028257057657435,0.4648914403360698,,extreme_or_outside_historical_support,frontier_exceeds_one;ai_rent_capture_impossible
MEX,GMI:GMI_loaded_aggregate,stress,r1,baseline,0.2149824749499866,0.19876372922166,,fiscally_ordinary,frontier_exceeds_one;ai_rent_capture_impossible
MEX,GMI:GMI_loaded_aggregate,stress,r1,debt_consistent,0.5617564883204149,0.519376356416984,,extreme_or_outside_historical_support,frontier_exceeds_one;ai_rent_capture_impossible
MEX,MUT,stress,r1,baseline,0.4726175794398815,0.4369622807953949,,extreme_or_outside_historical_support,frontier_exceeds_one;ai_rent_capture_impossible
MEX,MUT,stress,r1,debt_consistent,0.8193915928103096,0.7575749079907187,,extreme_or_outside_historical_support,frontier_exceeds_one;ai_rent_capture_impossible
MEX,PBI,stress,r1,baseline,0.6969323292573281,0.6443542377607788,,extreme_or_outside_historical_support,frontier_exceeds_one;ai_rent_capture_impossible
MEX,PBI,stress,r1,debt_consistent,1.0437063426277562,0.9649668649561028,,extreme_or_outside_historical_support,frontier_exceeds_one;ai_rent_capture_impossible
MEX,UBI,stress,r1,baseline,1.849224980290676,1.7097154237243484,,extreme_or_outside_historical_support,frontier_exceeds_one;ai_rent_capture_impossible
MEX,UBI,stress,r1,debt_consistent,2.195998993661104,2.0303280509196724,,extreme_or_outside_historical_support,frontier_exceeds_one;ai_rent_capture_impossible
MEX,PEN,stress,r2,baseline,0.1960061068078001,0.1891903706924322,,fiscally_ordinary,frontier_exceeds_one
MEX,PEN,stress,r2,debt_consistent,0.5281690631991626,0.5098029978877561,,extreme_or_outside_historical_support,frontier_exceeds_one;ai_rent_capture_impossible
MEX,GMI:GMI_ideal_aggregate,stress,r2,baseline,0.1494765740722707,0.144278813140746,0.1719925876749402,fiscally_ordinary,
MEX,GMI:GMI_ideal_aggregate,stress,r2,debt_consistent,0.4816395304636331,0.4648914403360698,,extreme_or_outside_historical_support,frontier_exceeds_one;ai_rent_capture_impossible
MEX,GMI:GMI_loaded_aggregate,stress,r2,baseline,0.2059243533206722,0.19876372922166,,fiscally_ordinary,frontier_exceeds_one;ai_rent_capture_impossible
MEX,GMI:GMI_loaded_aggregate,stress,r2,debt_consistent,0.5380873097120348,0.519376356416984,,extreme_or_outside_historical_support,frontier_exceeds_one;ai_rent_capture_impossible
MEX,MUT,stress,r2,baseline,0.4527042003622867,0.4369622807953949,,extreme_or_outside_historical_support,frontier_exceeds_one;ai_rent_capture_impossible
MEX,MUT,stress,r2,debt_consistent,0.784867156753649,0.7575749079907187,,extreme_or_outside_historical_support,frontier_exceeds_one;ai_rent_capture_impossible
MEX,PBI,stress,r2,baseline,0.6675676203093875,0.6443542377607788,,extreme_or_outside_historical_support,frontier_exceeds_one;ai_rent_capture_impossible
MEX,PBI,stress,r2,debt_consistent,0.99973057670075,0.9649668649561028,,extreme_or_outside_historical_support,frontier_exceeds_one;ai_rent_capture_impossible
MEX,UBI,stress,r2,baseline,1.771309304627642,1.7097154237243484,,extreme_or_outside_historical_support,frontier_exceeds_one;ai_rent_capture_impossible
MEX,UBI,stress,r2,debt_consistent,2.103472261019004,2.0303280509196724,,extreme_or_outside_historical_support,frontier_exceeds_one;ai_rent_capture_impossible
MEX,PEN,stress,r3,baseline,0.2116114406031111,0.1893313301507357,,fiscally_ordinary,frontier_exceeds_one;ai_rent_capture_impossible
MEX,PEN,stress,r3,debt_consistent,0.5699530835965648,0.5099439573460596,,extreme_or_outside_historical_support,frontier_exceeds_one;ai_rent_capture_impossible
MEX,GMI:GMI_ideal_aggregate,stress,r3,baseline,0.1615854621654182,0.1445724786788783,,fiscally_ordinary,frontier_exceeds_one
MEX,GMI:GMI_ideal_aggregate,stress,r3,debt_consistent,0.519927105158872,0.4651851058742022,,extreme_or_outside_historical_support,frontier_exceeds_one;ai_rent_capture_impossible
MEX,GMI:GMI_loaded_aggregate,stress,r3,baseline,0.2224820479224746,0.1990573947597924,,fiscally_ordinary,frontier_exceeds_one;ai_rent_capture_impossible
MEX,GMI:GMI_loaded_aggregate,stress,r3,debt_consistent,0.5808236909159284,0.5196700219551164,,extreme_or_outside_historical_support,frontier_exceeds_one;ai_rent_capture_impossible
MEX,MUT,stress,r3,baseline,0.4884881092354211,0.4370562537675973,,extreme_or_outside_historical_support,frontier_exceeds_one;ai_rent_capture_impossible
MEX,MUT,stress,r3,debt_consistent,0.8468297522288749,0.7576688809629212,,extreme_or_outside_historical_support,frontier_exceeds_one;ai_rent_capture_impossible
MEX,PBI,stress,r3,baseline,0.720259255136106,0.6444247174899306,,extreme_or_outside_historical_support,frontier_exceeds_one;ai_rent_capture_impossible
MEX,PBI,stress,r3,debt_consistent,1.0786008981295598,0.9650373446852544,,extreme_or_outside_historical_support,frontier_exceeds_one;ai_rent_capture_impossible
MEX,UBI,stress,r3,baseline,1.9109767630382744,1.7097741568319749,,extreme_or_outside_historical_support,frontier_exceeds_one;ai_rent_capture_impossible
MEX,UBI,stress,r3,debt_consistent,2.269318406031728,2.0303867840272987,,extreme_or_outside_historical_support,frontier_exceeds_one;ai_rent_capture_impossible
MEX,PEN,stress,r4,baseline,0.168504585446331,0.1889554382619263,,fiscally_ordinary,frontier_exceeds_one
MEX,PEN,stress,r4,debt_consistent,0.4544169589209655,0.5095680654572502,,extreme_or_outside_historical_support,frontier_exceeds_one;ai_rent_capture_impossible
MEX,GMI:GMI_ideal_aggregate,stress,r4,baseline,0.1282268904434103,0.1437893705771921,0.1488158647399367,fiscally_ordinary,
MEX,GMI:GMI_ideal_aggregate,stress,r4,debt_consistent,0.4141392639180449,0.4644019977725159,,extreme_or_outside_historical_support,frontier_exceeds_one;ai_rent_capture_impossible
MEX,GMI:GMI_loaded_aggregate,stress,r4,baseline,0.1768148447343374,0.1982742866581061,,fiscally_ordinary,frontier_exceeds_one
MEX,GMI:GMI_loaded_aggregate,stress,r4,debt_consistent,0.4627272182089719,0.51888691385343,,extreme_or_outside_historical_support,frontier_exceeds_one;ai_rent_capture_impossible
MEX,MUT,stress,r4,baseline,0.3895297070935655,0.4368056591750577,,extreme_or_outside_historical_support,frontier_exceeds_one;ai_rent_capture_impossible
MEX,MUT,stress,r4,debt_consistent,0.6754420805682,0.7574182863703816,,extreme_or_outside_historical_support,frontier_exceeds_one;ai_rent_capture_impossible
MEX,PBI,stress,r4,baseline,0.5745103243235695,0.6442367715455259,,extreme_or_outside_historical_support,frontier_exceeds_one;ai_rent_capture_impossible
MEX,PBI,stress,r4,debt_consistent,0.8604226977982039,0.9648493987408496,,extreme_or_outside_historical_support,frontier_exceeds_one;ai_rent_capture_impossible
MEX,UBI,stress,r4,baseline,1.5245837679637808,1.7096175352116376,,extreme_or_outside_historical_support,frontier_exceeds_one;ai_rent_capture_impossible
MEX,UBI,stress,r4,debt_consistent,1.8104961414384155,2.030230162406961,,extreme_or_outside_historical_support,frontier_exceeds_one;ai_rent_capture_impossible
