parameter_name,module,country_id,baseline_value,low_value,high_value,distribution,truncation_rule,source_id,justification,double_counting_note,parameter_set_id,dataset_version,assumption_id,created_at,created_by_script,audit_status,author_approval_date,author_approval_note,is_observed,is_scenario,is_structural_unobserved,sensitivity_level,included_in_primary
A_aipi_total,adoption_translation,PER,0.491133,0.441133,0.541133,bounded_PERT,"truncated_to_[0,1]_and_checked_q_bar_nonnegative",Saisana_Saltelli_Tarantola_2005_JRSSA;Hoyland_Moene_Willumsen_2012_JDE,A: incertidumbre de puntajes de indices compuestos. La literatura ancla la existencia y el orden de magnitud de la incertidumbre; el rango exacto +/-0.05 es declaracion del autor dentro de esa clase. Nota de honestidad: la literatura ancla la existencia y el orden de magnitud de la incertidumbre para esta clase de objetos; los valores exactos son declaracion del autor. La sensibilidad de intensidad del factor rho 0.3-0.8 cubre parcialmente rangos mas anchos.,none,baseline-official-v3,v1.0.1-official-4c,OFFICIAL_V3_MEASUREMENT_A_aipi_total_PER,2026-07-09T12:13:19.415601+00:00,materialize_official_v3_measurement_uncertainty.py,author_approved,2026-07-09,cumplimiento del vector Theta_channel del paper; incertidumbre de medicion informada por literatura,True,False,False,baseline,True
Gap_excluded_indicators,adoption_translation,PER,0.26508123256559324,0.21508123256559325,0.31508123256559323,bounded_PERT,"truncated_to_[0,1]_and_checked_q_bar_nonnegative",Saisana_Saltelli_Tarantola_2005_JRSSA;Hoyland_Moene_Willumsen_2012_JDE,Gap: incertidumbre de puntajes de indices compuestos construidos desde cobertura ITU y velocidades Ookla excluidas del AIPI. La literatura ancla clase y orden de magnitud; +/-0.05 es declaracion del autor. Nota de honestidad: la literatura ancla la existencia y el orden de magnitud de la incertidumbre para esta clase de objetos; los valores exactos son declaracion del autor. La sensibilidad de intensidad del factor rho 0.3-0.8 cubre parcialmente rangos mas anchos.,"gap_index = 1 - average(normalized LTE coverage, fixed speed, mobile speed); excluded indicators verified against AIPI note",baseline-official-v3,v1.0.1-official-4c,OFFICIAL_V3_MEASUREMENT_Gap_excluded_indicators_PER,2026-07-09T12:13:19.415601+00:00,materialize_official_v3_measurement_uncertainty.py,author_approved,2026-07-09,cumplimiento del vector Theta_channel del paper; incertidumbre de medicion informada por literatura,True,False,False,baseline,True
I_adopt_informality,adoption_translation,PER,0.6746800000000001,0.63468,0.7146800000000001,bounded_PERT,"truncated_to_[0,1]_and_checked_q_bar_nonnegative",Gasparini_Tornarolli_2007_CEDLAS_WP46;Gasparini_Tornarolli_2009_followup,I: dispersion inter-definicion de informalidad en LAC. Gasparini y Tornarolli documentan brechas de varios puntos porcentuales; +/-0.04 es conservador frente a ese orden de magnitud. Nota de honestidad: la literatura ancla la existencia y el orden de magnitud de la incertidumbre para esta clase de objetos; los valores exactos son declaracion del autor. La sensibilidad de intensidad del factor rho 0.3-0.8 cubre parcialmente rangos mas anchos.,none,baseline-official-v3,v1.0.1-official-4c,OFFICIAL_V3_MEASUREMENT_I_adopt_informality_PER,2026-07-09T12:13:19.415601+00:00,materialize_official_v3_measurement_uncertainty.py,author_approved,2026-07-09,cumplimiento del vector Theta_channel del paper; incertidumbre de medicion informada por literatura,True,False,False,baseline,True
q_use_target,adoption_translation,PER,0.1106241740078193,0.07743692180547351,0.1438114262101651,bounded_PERT,0_to_1,FRONTIER_BENCHMARK;IMF_AIPI_DATA360,OECD-Eurostat benchmark adoption average scaled by country AIPI relative to benchmark AIPI; support +/-30%.,none,baseline-official-v3,v1.0.1-official-4c,A4A_PER_Q_USE_TARGET,2026-07-09T12:13:19.415601+00:00,materialize_official_v3_measurement_uncertainty.py,registered,,,False,False,True,baseline,True
q_bar,adoption_translation,PER,0.5301193837172034,0.295179075575805,0.7650596918586017,derived_bounded_PERT,0_to_1,PAPER_ADOPTION_MODULE,1 - omega_I*I - omega_G*Gap,none,baseline-official-v3,v1.0.1-official-4c,A4A_PER_Q_BAR,2026-07-09T12:13:19.415601+00:00,materialize_official_v3_measurement_uncertainty.py,registered,,,False,False,True,baseline,True
q_use_target_adj,adoption_translation,PER,0.1106241740078193,0.07743692180547351,0.1438114262101651,derived_bounded_PERT,0_to_1,PLAN_02_SEC_7_3,Target projected to interior support,none,baseline-official-v3,v1.0.1-official-4c,A4A_PER_Q_USE_TARGET_ADJ,2026-07-09T12:13:19.415601+00:00,materialize_official_v3_measurement_uncertainty.py,registered,,,False,False,True,baseline,True
q_prod_t0,adoption_translation,PER,0.1106241740078193,0.07743692180547351,0.1438114262101651,derived_bounded_PERT,0_to_1,PLAN_02_SEC_7_3,Initial condition q_prod_t0=q_use_target_adj,none,baseline-official-v3,v1.0.1-official-4c,A4A_PER_Q_PROD_T0,2026-07-09T12:13:19.415601+00:00,materialize_official_v3_measurement_uncertainty.py,registered,,,False,False,True,baseline,True
mu_t0_derived_not_free,adoption_translation,PER,-1.3541658538070795,-1.3541658538070795,-1.3541658538070795,fixed_derived,declared,PLAN_02_SEC_7_3,"Derived by logit inversion; primitive is q_use_target, not mu",none,baseline-official-v3,v1.0.1-official-4c,A4A_PER_MU_T0_DERIVED_NOT_FREE,2026-07-09T12:13:19.415601+00:00,materialize_official_v3_measurement_uncertainty.py,registered,,,False,False,True,baseline,True
labor_share,fiscal_channels,PER,0.447212278842926,0.447212278842926,0.447212278842926,fixed_observed,0_to_1,PWT_10_01,country-specific PWT labsh,none,baseline-official-v3,v1.0.1-official-4c,A4A_PER_LABOR_SHARE,2026-07-09T12:13:19.415601+00:00,materialize_official_v3_measurement_uncertainty.py,registered,,,True,False,False,baseline,True
tau_L_eff,fiscal_channels,PER,0.0804966095753286,0.0,1.0,fixed_derived,0_to_1,OECD_REVSTAT_LAC;PWT_10_01,(PIT_GDP+social_contrib_GDP)/labor_share_GDP,none,baseline-official-v3,v1.0.1-official-4c,A4A_PER_TAU_L_EFF,2026-07-09T12:13:19.415601+00:00,materialize_official_v3_measurement_uncertainty.py,registered,,,False,True,True,baseline,True
tau_K_eff,fiscal_channels,PER,0.0679185390505772,0.0,1.0,fixed_derived,0_to_1,OECD_REVSTAT_LAC;PWT_10_01,CIT_GDP/(1-labor_share),none,baseline-official-v3,v1.0.1-official-4c,A4A_PER_TAU_K_EFF,2026-07-09T12:13:19.415601+00:00,materialize_official_v3_measurement_uncertainty.py,registered,,,False,True,True,baseline,True
tau_C_eff,fiscal_channels,PER,0.08476226759934355,0.0,1.0,fixed_derived,0_to_1,OECD_REVSTAT_LAC;WDI,VAT_GDP/final_consumption_GDP_share,none,baseline-official-v3,v1.0.1-official-4c,A4A_PER_TAU_C_EFF,2026-07-09T12:13:19.415601+00:00,materialize_official_v3_measurement_uncertainty.py,registered,,,False,True,True,baseline,True
E_prod,fiscal_channels_labor,PER,0.11,0.08,0.14,bounded_PERT,declared,PLAN_01_02,LAC fallback; is_lac_fallback=TRUE for official 4C until country occupation exposure is available.,none,baseline-official-v3,v1.0.1-official-4c,A4A_PER_E_PROD,2026-07-09T12:13:19.415601+00:00,materialize_official_v3_measurement_uncertainty.py,registered,,,False,False,True,baseline,True
E_auto,fiscal_channels_labor,PER,0.035,0.02,0.05,bounded_PERT,declared,PAPER_LAC_AUTOMATION_RISK_ANCHOR,LAC automation-risk anchor.,none,baseline-official-v3,v1.0.1-official-4c,A4A_PER_E_AUTO,2026-07-09T12:13:19.415601+00:00,materialize_official_v3_measurement_uncertainty.py,registered,,,False,False,True,baseline,True
m_M,fiscal_channels_consumption,PER,0.30730450686855254,0.30730450686855254,0.30730450686855254,fixed_derived,0_to_1,WDI,"imports_GDP_share/final_consumption_GDP_share capped [0,1]",none,baseline-official-v3,v1.0.1-official-4c,A4A_PER_M_M,2026-07-09T12:13:19.415601+00:00,materialize_official_v3_measurement_uncertainty.py,registered,,,False,False,True,baseline,True
theta_R_dom,fiscal_channels_consumption,PER,0.6926954931314475,0.6926954931314475,0.6926954931314475,fixed_derived,0_to_1,WDI;AUTHOR_CONVENTION_4A,theta_R_dom anchored to (1-m_M) by author-review convention.,none,baseline-official-v3,v1.0.1-official-4c,A4A_PER_THETA_R_DOM,2026-07-09T12:13:19.415601+00:00,materialize_official_v3_measurement_uncertainty.py,registered,,,False,False,True,baseline,True
tau_available_frozen_r0_note,fiscal_channels_consumption,PER,1.0,1.0,1.0,fixed_note,declared,AUTHOR_CONVENTION_4A,Disposable tax rates are frozen at r0 in the consumption chain; favorable second-order bias for r>=1 is declared.,none,baseline-official-v3,v1.0.1-official-4c,A4A_PER_TAU_AVAILABLE_FROZEN_R0_NOTE,2026-07-09T12:13:19.415601+00:00,materialize_official_v3_measurement_uncertainty.py,registered,,,False,True,True,baseline,True
A_aipi_total,adoption_translation,CHL,0.585751,0.535751,0.6357510000000001,bounded_PERT,"truncated_to_[0,1]_and_checked_q_bar_nonnegative",Saisana_Saltelli_Tarantola_2005_JRSSA;Hoyland_Moene_Willumsen_2012_JDE,A: incertidumbre de puntajes de indices compuestos. La literatura ancla la existencia y el orden de magnitud de la incertidumbre; el rango exacto +/-0.05 es declaracion del autor dentro de esa clase. Nota de honestidad: la literatura ancla la existencia y el orden de magnitud de la incertidumbre para esta clase de objetos; los valores exactos son declaracion del autor. La sensibilidad de intensidad del factor rho 0.3-0.8 cubre parcialmente rangos mas anchos.,none,baseline-official-v3,v1.0.1-official-4c,OFFICIAL_V3_MEASUREMENT_A_aipi_total_CHL,2026-07-09T12:13:19.415601+00:00,materialize_official_v3_measurement_uncertainty.py,author_approved,2026-07-09,cumplimiento del vector Theta_channel del paper; incertidumbre de medicion informada por literatura,True,False,False,baseline,True
Gap_excluded_indicators,adoption_translation,CHL,0.0886511843200829,0.038651184320082896,0.1386511843200829,bounded_PERT,"truncated_to_[0,1]_and_checked_q_bar_nonnegative",Saisana_Saltelli_Tarantola_2005_JRSSA;Hoyland_Moene_Willumsen_2012_JDE,Gap: incertidumbre de puntajes de indices compuestos construidos desde cobertura ITU y velocidades Ookla excluidas del AIPI. La literatura ancla clase y orden de magnitud; +/-0.05 es declaracion del autor. Nota de honestidad: la literatura ancla la existencia y el orden de magnitud de la incertidumbre para esta clase de objetos; los valores exactos son declaracion del autor. La sensibilidad de intensidad del factor rho 0.3-0.8 cubre parcialmente rangos mas anchos.,"gap_index = 1 - average(normalized LTE coverage, fixed speed, mobile speed); excluded indicators verified against AIPI note",baseline-official-v3,v1.0.1-official-4c,OFFICIAL_V3_MEASUREMENT_Gap_excluded_indicators_CHL,2026-07-09T12:13:19.415601+00:00,materialize_official_v3_measurement_uncertainty.py,author_approved,2026-07-09,cumplimiento del vector Theta_channel del paper; incertidumbre de medicion informada por literatura,True,False,False,baseline,True
I_adopt_informality,adoption_translation,CHL,0.27458,0.23457999999999998,0.31457999999999997,bounded_PERT,"truncated_to_[0,1]_and_checked_q_bar_nonnegative",Gasparini_Tornarolli_2007_CEDLAS_WP46;Gasparini_Tornarolli_2009_followup,I: dispersion inter-definicion de informalidad en LAC. Gasparini y Tornarolli documentan brechas de varios puntos porcentuales; +/-0.04 es conservador frente a ese orden de magnitud. Nota de honestidad: la literatura ancla la existencia y el orden de magnitud de la incertidumbre para esta clase de objetos; los valores exactos son declaracion del autor. La sensibilidad de intensidad del factor rho 0.3-0.8 cubre parcialmente rangos mas anchos.,none,baseline-official-v3,v1.0.1-official-4c,OFFICIAL_V3_MEASUREMENT_I_adopt_informality_CHL,2026-07-09T12:13:19.415601+00:00,materialize_official_v3_measurement_uncertainty.py,author_approved,2026-07-09,cumplimiento del vector Theta_channel del paper; incertidumbre de medicion informada por literatura,True,False,False,baseline,True
q_use_target,adoption_translation,CHL,0.13193619762722963,0.09235533833906073,0.17151705691539854,bounded_PERT,0_to_1,FRONTIER_BENCHMARK;IMF_AIPI_DATA360,OECD-Eurostat benchmark adoption average scaled by country AIPI relative to benchmark AIPI; support +/-30%.,none,baseline-official-v3,v1.0.1-official-4c,A4A_CHL_Q_USE_TARGET,2026-07-09T12:13:19.415601+00:00,materialize_official_v3_measurement_uncertainty.py,registered,,,False,False,True,baseline,True
q_bar,adoption_translation,CHL,0.8183844078399585,0.7275766117599378,0.9091922039199793,derived_bounded_PERT,0_to_1,PAPER_ADOPTION_MODULE,1 - omega_I*I - omega_G*Gap,none,baseline-official-v3,v1.0.1-official-4c,A4A_CHL_Q_BAR,2026-07-09T12:13:19.415601+00:00,materialize_official_v3_measurement_uncertainty.py,registered,,,False,False,True,baseline,True
q_use_target_adj,adoption_translation,CHL,0.13193619762722963,0.09235533833906073,0.17151705691539854,derived_bounded_PERT,0_to_1,PLAN_02_SEC_7_3,Target projected to interior support,none,baseline-official-v3,v1.0.1-official-4c,A4A_CHL_Q_USE_TARGET_ADJ,2026-07-09T12:13:19.415601+00:00,materialize_official_v3_measurement_uncertainty.py,registered,,,False,False,True,baseline,True
q_prod_t0,adoption_translation,CHL,0.13193619762722963,0.09235533833906073,0.17151705691539854,derived_bounded_PERT,0_to_1,PLAN_02_SEC_7_3,Initial condition q_prod_t0=q_use_target_adj,none,baseline-official-v3,v1.0.1-official-4c,A4A_CHL_Q_PROD_T0,2026-07-09T12:13:19.415601+00:00,materialize_official_v3_measurement_uncertainty.py,registered,,,False,False,True,baseline,True
mu_t0_derived_not_free,adoption_translation,CHL,-2.053347735445556,-2.053347735445556,-2.053347735445556,fixed_derived,declared,PLAN_02_SEC_7_3,"Derived by logit inversion; primitive is q_use_target, not mu",none,baseline-official-v3,v1.0.1-official-4c,A4A_CHL_MU_T0_DERIVED_NOT_FREE,2026-07-09T12:13:19.415601+00:00,materialize_official_v3_measurement_uncertainty.py,registered,,,False,False,True,baseline,True
labor_share,fiscal_channels,CHL,0.4396144151687622,0.4396144151687622,0.4396144151687622,fixed_observed,0_to_1,PWT_10_01,country-specific PWT labsh,none,baseline-official-v3,v1.0.1-official-4c,A4A_CHL_LABOR_SHARE,2026-07-09T12:13:19.415601+00:00,materialize_official_v3_measurement_uncertainty.py,registered,,,True,False,False,baseline,True
tau_L_eff,fiscal_channels,CHL,0.07823103988119534,0.0,1.0,fixed_derived,0_to_1,OECD_REVSTAT_LAC;PWT_10_01,(PIT_GDP+social_contrib_GDP)/labor_share_GDP,none,baseline-official-v3,v1.0.1-official-4c,A4A_CHL_TAU_L_EFF,2026-07-09T12:13:19.415601+00:00,materialize_official_v3_measurement_uncertainty.py,registered,,,False,True,True,baseline,True
tau_K_eff,fiscal_channels,CHL,0.0758952644530852,0.0,1.0,fixed_derived,0_to_1,OECD_REVSTAT_LAC;PWT_10_01,CIT_GDP/(1-labor_share),none,baseline-official-v3,v1.0.1-official-4c,A4A_CHL_TAU_K_EFF,2026-07-09T12:13:19.415601+00:00,materialize_official_v3_measurement_uncertainty.py,registered,,,False,True,True,baseline,True
tau_C_eff,fiscal_channels,CHL,0.117114874990871,0.0,1.0,fixed_derived,0_to_1,OECD_REVSTAT_LAC;WDI,VAT_GDP/final_consumption_GDP_share,none,baseline-official-v3,v1.0.1-official-4c,A4A_CHL_TAU_C_EFF,2026-07-09T12:13:19.415601+00:00,materialize_official_v3_measurement_uncertainty.py,registered,,,False,True,True,baseline,True
E_prod,fiscal_channels_labor,CHL,0.11,0.08,0.14,bounded_PERT,declared,PLAN_01_02,LAC fallback; is_lac_fallback=TRUE for official 4C until country occupation exposure is available.,none,baseline-official-v3,v1.0.1-official-4c,A4A_CHL_E_PROD,2026-07-09T12:13:19.415601+00:00,materialize_official_v3_measurement_uncertainty.py,registered,,,False,False,True,baseline,True
E_auto,fiscal_channels_labor,CHL,0.035,0.02,0.05,bounded_PERT,declared,PAPER_LAC_AUTOMATION_RISK_ANCHOR,LAC automation-risk anchor.,none,baseline-official-v3,v1.0.1-official-4c,A4A_CHL_E_AUTO,2026-07-09T12:13:19.415601+00:00,materialize_official_v3_measurement_uncertainty.py,registered,,,False,False,True,baseline,True
m_M,fiscal_channels_consumption,CHL,0.41193796880047395,0.41193796880047395,0.41193796880047395,fixed_derived,0_to_1,WDI,"imports_GDP_share/final_consumption_GDP_share capped [0,1]",none,baseline-official-v3,v1.0.1-official-4c,A4A_CHL_M_M,2026-07-09T12:13:19.415601+00:00,materialize_official_v3_measurement_uncertainty.py,registered,,,False,False,True,baseline,True
theta_R_dom,fiscal_channels_consumption,CHL,0.588062031199526,0.588062031199526,0.588062031199526,fixed_derived,0_to_1,WDI;AUTHOR_CONVENTION_4A,theta_R_dom anchored to (1-m_M) by author-review convention.,none,baseline-official-v3,v1.0.1-official-4c,A4A_CHL_THETA_R_DOM,2026-07-09T12:13:19.415601+00:00,materialize_official_v3_measurement_uncertainty.py,registered,,,False,False,True,baseline,True
tau_available_frozen_r0_note,fiscal_channels_consumption,CHL,1.0,1.0,1.0,fixed_note,declared,AUTHOR_CONVENTION_4A,Disposable tax rates are frozen at r0 in the consumption chain; favorable second-order bias for r>=1 is declared.,none,baseline-official-v3,v1.0.1-official-4c,A4A_CHL_TAU_AVAILABLE_FROZEN_R0_NOTE,2026-07-09T12:13:19.415601+00:00,materialize_official_v3_measurement_uncertainty.py,registered,,,False,True,True,baseline,True
A_aipi_total,adoption_translation,COL,0.489494,0.439494,0.539494,bounded_PERT,"truncated_to_[0,1]_and_checked_q_bar_nonnegative",Saisana_Saltelli_Tarantola_2005_JRSSA;Hoyland_Moene_Willumsen_2012_JDE,A: incertidumbre de puntajes de indices compuestos. La literatura ancla la existencia y el orden de magnitud de la incertidumbre; el rango exacto +/-0.05 es declaracion del autor dentro de esa clase. Nota de honestidad: la literatura ancla la existencia y el orden de magnitud de la incertidumbre para esta clase de objetos; los valores exactos son declaracion del autor. La sensibilidad de intensidad del factor rho 0.3-0.8 cubre parcialmente rangos mas anchos.,none,baseline-official-v3,v1.0.1-official-4c,OFFICIAL_V3_MEASUREMENT_A_aipi_total_COL,2026-07-09T12:13:19.415601+00:00,materialize_official_v3_measurement_uncertainty.py,author_approved,2026-07-09,cumplimiento del vector Theta_channel del paper; incertidumbre de medicion informada por literatura,True,False,False,baseline,True
Gap_excluded_indicators,adoption_translation,COL,0.23850844421210804,0.18850844421210805,0.28850844421210803,bounded_PERT,"truncated_to_[0,1]_and_checked_q_bar_nonnegative",Saisana_Saltelli_Tarantola_2005_JRSSA;Hoyland_Moene_Willumsen_2012_JDE,Gap: incertidumbre de puntajes de indices compuestos construidos desde cobertura ITU y velocidades Ookla excluidas del AIPI. La literatura ancla clase y orden de magnitud; +/-0.05 es declaracion del autor. Nota de honestidad: la literatura ancla la existencia y el orden de magnitud de la incertidumbre para esta clase de objetos; los valores exactos son declaracion del autor. La sensibilidad de intensidad del factor rho 0.3-0.8 cubre parcialmente rangos mas anchos.,"gap_index = 1 - average(normalized LTE coverage, fixed speed, mobile speed); excluded indicators verified against AIPI note",baseline-official-v3,v1.0.1-official-4c,OFFICIAL_V3_MEASUREMENT_Gap_excluded_indicators_COL,2026-07-09T12:13:19.415601+00:00,materialize_official_v3_measurement_uncertainty.py,author_approved,2026-07-09,cumplimiento del vector Theta_channel del paper; incertidumbre de medicion informada por literatura,True,False,False,baseline,True
I_adopt_informality,adoption_translation,COL,0.56143,0.52143,0.60143,bounded_PERT,"truncated_to_[0,1]_and_checked_q_bar_nonnegative",Gasparini_Tornarolli_2007_CEDLAS_WP46;Gasparini_Tornarolli_2009_followup,I: dispersion inter-definicion de informalidad en LAC. Gasparini y Tornarolli documentan brechas de varios puntos porcentuales; +/-0.04 es conservador frente a ese orden de magnitud. Nota de honestidad: la literatura ancla la existencia y el orden de magnitud de la incertidumbre para esta clase de objetos; los valores exactos son declaracion del autor. La sensibilidad de intensidad del factor rho 0.3-0.8 cubre parcialmente rangos mas anchos.,none,baseline-official-v3,v1.0.1-official-4c,OFFICIAL_V3_MEASUREMENT_I_adopt_informality_COL,2026-07-09T12:13:19.415601+00:00,materialize_official_v3_measurement_uncertainty.py,author_approved,2026-07-09,cumplimiento del vector Theta_channel del paper; incertidumbre de medicion informada por literatura,True,False,False,baseline,True
q_use_target,adoption_translation,COL,0.11025500105222721,0.07717850073655905,0.14333150136789538,bounded_PERT,0_to_1,FRONTIER_BENCHMARK;IMF_AIPI_DATA360,OECD-Eurostat benchmark adoption average scaled by country AIPI relative to benchmark AIPI; support +/-30%.,none,baseline-official-v3,v1.0.1-official-4c,A4A_COL_Q_USE_TARGET,2026-07-09T12:13:19.415601+00:00,materialize_official_v3_measurement_uncertainty.py,registered,,,False,False,True,baseline,True
q_bar,adoption_translation,COL,0.600030777893946,0.400046166840919,0.800015388946973,derived_bounded_PERT,0_to_1,PAPER_ADOPTION_MODULE,1 - omega_I*I - omega_G*Gap,none,baseline-official-v3,v1.0.1-official-4c,A4A_COL_Q_BAR,2026-07-09T12:13:19.415601+00:00,materialize_official_v3_measurement_uncertainty.py,registered,,,False,False,True,baseline,True
q_use_target_adj,adoption_translation,COL,0.11025500105222721,0.07717850073655905,0.14333150136789538,derived_bounded_PERT,0_to_1,PLAN_02_SEC_7_3,Target projected to interior support,none,baseline-official-v3,v1.0.1-official-4c,A4A_COL_Q_USE_TARGET_ADJ,2026-07-09T12:13:19.415601+00:00,materialize_official_v3_measurement_uncertainty.py,registered,,,False,False,True,baseline,True
q_prod_t0,adoption_translation,COL,0.11025500105222721,0.07717850073655905,0.14333150136789538,derived_bounded_PERT,0_to_1,PLAN_02_SEC_7_3,Initial condition q_prod_t0=q_use_target_adj,none,baseline-official-v3,v1.0.1-official-4c,A4A_COL_Q_PROD_T0,2026-07-09T12:13:19.415601+00:00,materialize_official_v3_measurement_uncertainty.py,registered,,,False,False,True,baseline,True
mu_t0_derived_not_free,adoption_translation,COL,-1.5806765916702576,-1.5806765916702576,-1.5806765916702576,fixed_derived,declared,PLAN_02_SEC_7_3,"Derived by logit inversion; primitive is q_use_target, not mu",none,baseline-official-v3,v1.0.1-official-4c,A4A_COL_MU_T0_DERIVED_NOT_FREE,2026-07-09T12:13:19.415601+00:00,materialize_official_v3_measurement_uncertainty.py,registered,,,False,False,True,baseline,True
labor_share,fiscal_channels,COL,0.4952113628387451,0.4952113628387451,0.4952113628387451,fixed_observed,0_to_1,PWT_10_01,country-specific PWT labsh,none,baseline-official-v3,v1.0.1-official-4c,A4A_COL_LABOR_SHARE,2026-07-09T12:13:19.415601+00:00,materialize_official_v3_measurement_uncertainty.py,registered,,,True,False,False,baseline,True
tau_L_eff,fiscal_channels,COL,0.06452914158536067,0.0,1.0,fixed_derived,0_to_1,OECD_REVSTAT_LAC;PWT_10_01,(PIT_GDP+social_contrib_GDP)/labor_share_GDP,none,baseline-official-v3,v1.0.1-official-4c,A4A_COL_TAU_L_EFF,2026-07-09T12:13:19.415601+00:00,materialize_official_v3_measurement_uncertainty.py,registered,,,False,True,True,baseline,True
tau_K_eff,fiscal_channels,COL,0.1065034343683816,0.0,1.0,fixed_derived,0_to_1,OECD_REVSTAT_LAC;PWT_10_01,CIT_GDP/(1-labor_share),none,baseline-official-v3,v1.0.1-official-4c,A4A_COL_TAU_K_EFF,2026-07-09T12:13:19.415601+00:00,materialize_official_v3_measurement_uncertainty.py,registered,,,False,True,True,baseline,True
tau_C_eff,fiscal_channels,COL,0.06394529573605691,0.0,1.0,fixed_derived,0_to_1,OECD_REVSTAT_LAC;WDI,VAT_GDP/final_consumption_GDP_share,none,baseline-official-v3,v1.0.1-official-4c,A4A_COL_TAU_C_EFF,2026-07-09T12:13:19.415601+00:00,materialize_official_v3_measurement_uncertainty.py,registered,,,False,True,True,baseline,True
E_prod,fiscal_channels_labor,COL,0.11,0.08,0.14,bounded_PERT,declared,PLAN_01_02,LAC fallback; is_lac_fallback=TRUE for official 4C until country occupation exposure is available.,none,baseline-official-v3,v1.0.1-official-4c,A4A_COL_E_PROD,2026-07-09T12:13:19.415601+00:00,materialize_official_v3_measurement_uncertainty.py,registered,,,False,False,True,baseline,True
E_auto,fiscal_channels_labor,COL,0.035,0.02,0.05,bounded_PERT,declared,PAPER_LAC_AUTOMATION_RISK_ANCHOR,LAC automation-risk anchor.,none,baseline-official-v3,v1.0.1-official-4c,A4A_COL_E_AUTO,2026-07-09T12:13:19.415601+00:00,materialize_official_v3_measurement_uncertainty.py,registered,,,False,False,True,baseline,True
m_M,fiscal_channels_consumption,COL,0.23079944059593502,0.23079944059593502,0.23079944059593502,fixed_derived,0_to_1,WDI,"imports_GDP_share/final_consumption_GDP_share capped [0,1]",none,baseline-official-v3,v1.0.1-official-4c,A4A_COL_M_M,2026-07-09T12:13:19.415601+00:00,materialize_official_v3_measurement_uncertainty.py,registered,,,False,False,True,baseline,True
theta_R_dom,fiscal_channels_consumption,COL,0.769200559404065,0.769200559404065,0.769200559404065,fixed_derived,0_to_1,WDI;AUTHOR_CONVENTION_4A,theta_R_dom anchored to (1-m_M) by author-review convention.,none,baseline-official-v3,v1.0.1-official-4c,A4A_COL_THETA_R_DOM,2026-07-09T12:13:19.415601+00:00,materialize_official_v3_measurement_uncertainty.py,registered,,,False,False,True,baseline,True
tau_available_frozen_r0_note,fiscal_channels_consumption,COL,1.0,1.0,1.0,fixed_note,declared,AUTHOR_CONVENTION_4A,Disposable tax rates are frozen at r0 in the consumption chain; favorable second-order bias for r>=1 is declared.,none,baseline-official-v3,v1.0.1-official-4c,A4A_COL_TAU_AVAILABLE_FROZEN_R0_NOTE,2026-07-09T12:13:19.415601+00:00,materialize_official_v3_measurement_uncertainty.py,registered,,,False,True,True,baseline,True
A_aipi_total,adoption_translation,MEX,0.532044,0.482044,0.582044,bounded_PERT,"truncated_to_[0,1]_and_checked_q_bar_nonnegative",Saisana_Saltelli_Tarantola_2005_JRSSA;Hoyland_Moene_Willumsen_2012_JDE,A: incertidumbre de puntajes de indices compuestos. La literatura ancla la existencia y el orden de magnitud de la incertidumbre; el rango exacto +/-0.05 es declaracion del autor dentro de esa clase. Nota de honestidad: la literatura ancla la existencia y el orden de magnitud de la incertidumbre para esta clase de objetos; los valores exactos son declaracion del autor. La sensibilidad de intensidad del factor rho 0.3-0.8 cubre parcialmente rangos mas anchos.,none,baseline-official-v3,v1.0.1-official-4c,OFFICIAL_V3_MEASUREMENT_A_aipi_total_MEX,2026-07-09T12:13:19.415601+00:00,materialize_official_v3_measurement_uncertainty.py,author_approved,2026-07-09,cumplimiento del vector Theta_channel del paper; incertidumbre de medicion informada por literatura,True,False,False,baseline,True
Gap_excluded_indicators,adoption_translation,MEX,0.3512321314632644,0.3012321314632644,0.40123213146326436,bounded_PERT,"truncated_to_[0,1]_and_checked_q_bar_nonnegative",Saisana_Saltelli_Tarantola_2005_JRSSA;Hoyland_Moene_Willumsen_2012_JDE,Gap: incertidumbre de puntajes de indices compuestos construidos desde cobertura ITU y velocidades Ookla excluidas del AIPI. La literatura ancla clase y orden de magnitud; +/-0.05 es declaracion del autor. Nota de honestidad: la literatura ancla la existencia y el orden de magnitud de la incertidumbre para esta clase de objetos; los valores exactos son declaracion del autor. La sensibilidad de intensidad del factor rho 0.3-0.8 cubre parcialmente rangos mas anchos.,"gap_index = 1 - average(normalized LTE coverage, fixed speed, mobile speed); excluded indicators verified against AIPI note",baseline-official-v3,v1.0.1-official-4c,OFFICIAL_V3_MEASUREMENT_Gap_excluded_indicators_MEX,2026-07-09T12:13:19.415601+00:00,materialize_official_v3_measurement_uncertainty.py,author_approved,2026-07-09,cumplimiento del vector Theta_channel del paper; incertidumbre de medicion informada por literatura,True,False,False,baseline,True
I_adopt_informality,adoption_translation,MEX,0.50592,0.46592000000000006,0.5459200000000001,bounded_PERT,"truncated_to_[0,1]_and_checked_q_bar_nonnegative",Gasparini_Tornarolli_2007_CEDLAS_WP46;Gasparini_Tornarolli_2009_followup,I: dispersion inter-definicion de informalidad en LAC. Gasparini y Tornarolli documentan brechas de varios puntos porcentuales; +/-0.04 es conservador frente a ese orden de magnitud. Nota de honestidad: la literatura ancla la existencia y el orden de magnitud de la incertidumbre para esta clase de objetos; los valores exactos son declaracion del autor. La sensibilidad de intensidad del factor rho 0.3-0.8 cubre parcialmente rangos mas anchos.,none,baseline-official-v3,v1.0.1-official-4c,OFFICIAL_V3_MEASUREMENT_I_adopt_informality_MEX,2026-07-09T12:13:19.415601+00:00,materialize_official_v3_measurement_uncertainty.py,author_approved,2026-07-09,cumplimiento del vector Theta_channel del paper; incertidumbre de medicion informada por literatura,True,False,False,baseline,True
q_use_target,adoption_translation,MEX,0.11983908235817226,0.08388735765072057,0.15579080706562393,bounded_PERT,0_to_1,FRONTIER_BENCHMARK;IMF_AIPI_DATA360,OECD-Eurostat benchmark adoption average scaled by country AIPI relative to benchmark AIPI; support +/-30%.,none,baseline-official-v3,v1.0.1-official-4c,A4A_MEX_Q_USE_TARGET,2026-07-09T12:13:19.415601+00:00,materialize_official_v3_measurement_uncertainty.py,registered,,,False,False,True,baseline,True
q_bar,adoption_translation,MEX,0.5714239342683678,0.3571359014025517,0.7857119671341839,derived_bounded_PERT,0_to_1,PAPER_ADOPTION_MODULE,1 - omega_I*I - omega_G*Gap,none,baseline-official-v3,v1.0.1-official-4c,A4A_MEX_Q_BAR,2026-07-09T12:13:19.415601+00:00,materialize_official_v3_measurement_uncertainty.py,registered,,,False,False,True,baseline,True
q_use_target_adj,adoption_translation,MEX,0.11983908235817226,0.08388735765072057,0.15579080706562393,derived_bounded_PERT,0_to_1,PLAN_02_SEC_7_3,Target projected to interior support,none,baseline-official-v3,v1.0.1-official-4c,A4A_MEX_Q_USE_TARGET_ADJ,2026-07-09T12:13:19.415601+00:00,materialize_official_v3_measurement_uncertainty.py,registered,,,False,False,True,baseline,True
q_prod_t0,adoption_translation,MEX,0.11983908235817226,0.08388735765072057,0.15579080706562393,derived_bounded_PERT,0_to_1,PLAN_02_SEC_7_3,Initial condition q_prod_t0=q_use_target_adj,none,baseline-official-v3,v1.0.1-official-4c,A4A_MEX_Q_PROD_T0,2026-07-09T12:13:19.415601+00:00,materialize_official_v3_measurement_uncertainty.py,registered,,,False,False,True,baseline,True
mu_t0_derived_not_free,adoption_translation,MEX,-1.4300813603093334,-1.4300813603093334,-1.4300813603093334,fixed_derived,declared,PLAN_02_SEC_7_3,"Derived by logit inversion; primitive is q_use_target, not mu",none,baseline-official-v3,v1.0.1-official-4c,A4A_MEX_MU_T0_DERIVED_NOT_FREE,2026-07-09T12:13:19.415601+00:00,materialize_official_v3_measurement_uncertainty.py,registered,,,False,False,True,baseline,True
labor_share,fiscal_channels,MEX,0.3602636754512787,0.3602636754512787,0.3602636754512787,fixed_observed,0_to_1,PWT_10_01,country-specific PWT labsh,none,baseline-official-v3,v1.0.1-official-4c,A4A_MEX_LABOR_SHARE,2026-07-09T12:13:19.415601+00:00,materialize_official_v3_measurement_uncertainty.py,registered,,,True,False,False,baseline,True
tau_L_eff,fiscal_channels,MEX,0.17874025728691667,0.0,1.0,fixed_derived,0_to_1,OECD_REVSTAT_LAC;PWT_10_01,(PIT_GDP+social_contrib_GDP)/labor_share_GDP,none,baseline-official-v3,v1.0.1-official-4c,A4A_MEX_TAU_L_EFF,2026-07-09T12:13:19.415601+00:00,materialize_official_v3_measurement_uncertainty.py,registered,,,False,True,True,baseline,True
tau_K_eff,fiscal_channels,MEX,0.0585849305740002,0.0,1.0,fixed_derived,0_to_1,OECD_REVSTAT_LAC;PWT_10_01,CIT_GDP/(1-labor_share),none,baseline-official-v3,v1.0.1-official-4c,A4A_MEX_TAU_K_EFF,2026-07-09T12:13:19.415601+00:00,materialize_official_v3_measurement_uncertainty.py,registered,,,False,True,True,baseline,True
tau_C_eff,fiscal_channels,MEX,0.05044454280782222,0.0,1.0,fixed_derived,0_to_1,OECD_REVSTAT_LAC;WDI,VAT_GDP/final_consumption_GDP_share,none,baseline-official-v3,v1.0.1-official-4c,A4A_MEX_TAU_C_EFF,2026-07-09T12:13:19.415601+00:00,materialize_official_v3_measurement_uncertainty.py,registered,,,False,True,True,baseline,True
E_prod,fiscal_channels_labor,MEX,0.11,0.08,0.14,bounded_PERT,declared,PLAN_01_02,LAC fallback; is_lac_fallback=TRUE for official 4C until country occupation exposure is available.,none,baseline-official-v3,v1.0.1-official-4c,A4A_MEX_E_PROD,2026-07-09T12:13:19.415601+00:00,materialize_official_v3_measurement_uncertainty.py,registered,,,False,False,True,baseline,True
E_auto,fiscal_channels_labor,MEX,0.035,0.02,0.05,bounded_PERT,declared,PAPER_LAC_AUTOMATION_RISK_ANCHOR,LAC automation-risk anchor.,none,baseline-official-v3,v1.0.1-official-4c,A4A_MEX_E_AUTO,2026-07-09T12:13:19.415601+00:00,materialize_official_v3_measurement_uncertainty.py,registered,,,False,False,True,baseline,True
m_M,fiscal_channels_consumption,MEX,0.4634474210605287,0.4634474210605287,0.4634474210605287,fixed_derived,0_to_1,WDI,"imports_GDP_share/final_consumption_GDP_share capped [0,1]",none,baseline-official-v3,v1.0.1-official-4c,A4A_MEX_M_M,2026-07-09T12:13:19.415601+00:00,materialize_official_v3_measurement_uncertainty.py,registered,,,False,False,True,baseline,True
theta_R_dom,fiscal_channels_consumption,MEX,0.5365525789394713,0.5365525789394713,0.5365525789394713,fixed_derived,0_to_1,WDI;AUTHOR_CONVENTION_4A,theta_R_dom anchored to (1-m_M) by author-review convention.,none,baseline-official-v3,v1.0.1-official-4c,A4A_MEX_THETA_R_DOM,2026-07-09T12:13:19.415601+00:00,materialize_official_v3_measurement_uncertainty.py,registered,,,False,False,True,baseline,True
tau_available_frozen_r0_note,fiscal_channels_consumption,MEX,1.0,1.0,1.0,fixed_note,declared,AUTHOR_CONVENTION_4A,Disposable tax rates are frozen at r0 in the consumption chain; favorable second-order bias for r>=1 is declared.,none,baseline-official-v3,v1.0.1-official-4c,A4A_MEX_TAU_AVAILABLE_FROZEN_R0_NOTE,2026-07-09T12:13:19.415601+00:00,materialize_official_v3_measurement_uncertainty.py,registered,,,False,True,True,baseline,True
phi_Y_nom_high,ai_shock,,0.0038013043701647,0.0017888491153716,0.0058137596249581,derived_bounded_PERT,declared,oecd2025g7;PAPER_TABLE_PHI_SCENARIO_LADDER;PAPER_SEC_10_4,"phi_high_Y (0.00380) < phi_mid (0.00425) por el puente LP->Y del propio paper (ecuación de midpoints); los labels de escenario están disciplinados por fuente, NO son monótonos en phi_Y; toda tabla reporta phi_high_LP y phi_high_Y juntos; la cláusula de clase 'cruza solo en high' es inerte de facto en el determinístico.",none,baseline-official-v3,v1.0.1-official-4c,OFFICIAL_V2_phi_Y_nom_high_GLOBAL_high__,2026-07-09T12:13:19.415601+00:00,materialize_official_v3_measurement_uncertainty.py,registered,,,False,True,True,baseline,True
phi_raw_high,ai_shock,,0.0085,0.004,0.013,bounded_PERT,declared,oecd2025g7;PAPER_TABLE_PHI_SCENARIO_LADDER,Raw source-unit AI shock. Nominal GDP-equivalent value is derived separately.,none,baseline-official-v3,v1.0.1-official-4c,OFFICIAL_V2_phi_raw_high_GLOBAL_high__,2026-07-09T12:13:19.415601+00:00,materialize_official_v3_measurement_uncertainty.py,registered,,,False,True,True,baseline,True
pi_AI_Y_high,ai_shock,,0.0,0.0,0.0,fixed,declared,PAPER_SEC_PARAMETERS,Nominal bridge is multiplicative; baseline sets explicit AI price wedge to zero.,none,baseline-official-v3,v1.0.1-official-4c,OFFICIAL_V2_pi_AI_Y_high_GLOBAL_high__,2026-07-09T12:13:19.415601+00:00,materialize_official_v3_measurement_uncertainty.py,registered,,,False,False,True,baseline,True
kappa_TFP_to_Y_low,ai_shock,,1.0,1.0,1.0,fixed,declared,PAPER_SEC_PARAMETERS,TFP/Y shocks use identity bridge; LP high scenario uses observed Peru labor share as conservative output bridge.,none,baseline-official-v3,v1.0.1-official-4c,OFFICIAL_V2_kappa_TFP_to_Y_low_GLOBAL_low__,2026-07-09T12:13:19.415601+00:00,materialize_official_v3_measurement_uncertainty.py,registered,,,False,False,True,baseline,True
phi_Y_nom_low,ai_shock,,0.0004999999999999,0.0002999999999999,0.0006999999999999,derived_bounded_PERT,declared,acemoglu2024simple;PAPER_TABLE_PHI_SCENARIO_LADDER;PAPER_SEC_10_4,Derived for calibration only; no economic result is computed in Etapa 3A.,none,baseline-official-v3,v1.0.1-official-4c,OFFICIAL_V2_phi_Y_nom_low_GLOBAL_low__,2026-07-09T12:13:19.415601+00:00,materialize_official_v3_measurement_uncertainty.py,registered,,,False,True,True,baseline,True
phi_raw_low,ai_shock,,0.0005,0.0003,0.0007,bounded_PERT,declared,acemoglu2024simple;PAPER_TABLE_PHI_SCENARIO_LADDER,Raw source-unit AI shock. Nominal GDP-equivalent value is derived separately.,none,baseline-official-v3,v1.0.1-official-4c,OFFICIAL_V2_phi_raw_low_GLOBAL_low__,2026-07-09T12:13:19.415601+00:00,materialize_official_v3_measurement_uncertainty.py,registered,,,False,True,True,baseline,True
pi_AI_Y_low,ai_shock,,0.0,0.0,0.0,fixed,declared,PAPER_SEC_PARAMETERS,Nominal bridge is multiplicative; baseline sets explicit AI price wedge to zero.,none,baseline-official-v3,v1.0.1-official-4c,OFFICIAL_V2_pi_AI_Y_low_GLOBAL_low__,2026-07-09T12:13:19.415601+00:00,materialize_official_v3_measurement_uncertainty.py,registered,,,False,False,True,baseline,True
kappa_TFP_to_Y_mid,ai_shock,,1.0,1.0,1.0,fixed,declared,PAPER_SEC_PARAMETERS,TFP/Y shocks use identity bridge; LP high scenario uses observed Peru labor share as conservative output bridge.,none,baseline-official-v3,v1.0.1-official-4c,OFFICIAL_V2_kappa_TFP_to_Y_mid_GLOBAL_mid__,2026-07-09T12:13:19.415601+00:00,materialize_official_v3_measurement_uncertainty.py,registered,,,False,False,True,baseline,True
phi_Y_nom_mid,ai_shock,,0.00425,0.0024999999999999,0.006,derived_bounded_PERT,declared,filippucci2024miracle;OECD_MICRO_TO_MACRO;PAPER_TABLE_PHI_SCENARIO_LADDER;PAPER_SEC_10_4,Derived for calibration only; no economic result is computed in Etapa 3A.,none,baseline-official-v3,v1.0.1-official-4c,OFFICIAL_V2_phi_Y_nom_mid_GLOBAL_mid__,2026-07-09T12:13:19.415601+00:00,materialize_official_v3_measurement_uncertainty.py,registered,,,False,True,True,baseline,True
phi_raw_mid,ai_shock,,0.00425,0.0025,0.006,bounded_PERT,declared,filippucci2024miracle;OECD_MICRO_TO_MACRO;PAPER_TABLE_PHI_SCENARIO_LADDER,Raw source-unit AI shock. Nominal GDP-equivalent value is derived separately.,none,baseline-official-v3,v1.0.1-official-4c,OFFICIAL_V2_phi_raw_mid_GLOBAL_mid__,2026-07-09T12:13:19.415601+00:00,materialize_official_v3_measurement_uncertainty.py,registered,,,False,True,True,baseline,True
pi_AI_Y_mid,ai_shock,,0.0,0.0,0.0,fixed,declared,PAPER_SEC_PARAMETERS,Nominal bridge is multiplicative; baseline sets explicit AI price wedge to zero.,none,baseline-official-v3,v1.0.1-official-4c,OFFICIAL_V2_pi_AI_Y_mid_GLOBAL_mid__,2026-07-09T12:13:19.415601+00:00,materialize_official_v3_measurement_uncertainty.py,registered,,,False,False,True,baseline,True
kappa_Y_to_Y_stress,ai_shock,,1.0,1.0,1.0,fixed,declared,PAPER_SEC_PARAMETERS,TFP/Y shocks use identity bridge; LP high scenario uses observed Peru labor share as conservative output bridge.,none,baseline-official-v3,v1.0.1-official-4c,OFFICIAL_V2_kappa_Y_to_Y_stress_GLOBAL_stress__,2026-07-09T12:13:19.415601+00:00,materialize_official_v3_measurement_uncertainty.py,registered,,,False,False,True,baseline,True
phi_Y_nom_stress,ai_shock,,0.0149999999999999,0.01,0.02,derived_bounded_PERT,declared,PAPER_TABLE_PHI_SCENARIO_LADDER_STRESS_DIAGNOSTIC;PAPER_SEC_10_4,Derived for calibration only; no economic result is computed in Etapa 3A.,none,baseline-official-v3,v1.0.1-official-4c,OFFICIAL_V2_phi_Y_nom_stress_GLOBAL_stress__,2026-07-09T12:13:19.415601+00:00,materialize_official_v3_measurement_uncertainty.py,registered,,,False,True,True,baseline,True
phi_raw_stress,ai_shock,,0.015,0.01,0.02,bounded_PERT,declared,PAPER_TABLE_PHI_SCENARIO_LADDER_STRESS_DIAGNOSTIC,Raw source-unit AI shock. Nominal GDP-equivalent value is derived separately.,none,baseline-official-v3,v1.0.1-official-4c,OFFICIAL_V2_phi_raw_stress_GLOBAL_stress__,2026-07-09T12:13:19.415601+00:00,materialize_official_v3_measurement_uncertainty.py,registered,,,False,True,True,baseline,True
pi_AI_Y_stress,ai_shock,,0.0,0.0,0.0,fixed,declared,PAPER_SEC_PARAMETERS,Nominal bridge is multiplicative; baseline sets explicit AI price wedge to zero.,none,baseline-official-v3,v1.0.1-official-4c,OFFICIAL_V2_pi_AI_Y_stress_GLOBAL_stress__,2026-07-09T12:13:19.415601+00:00,materialize_official_v3_measurement_uncertainty.py,registered,,,False,False,True,baseline,True
epsilon_ero_AI_r0,behavioral_erosion,,0.0,0.0,0.0,fixed,declared,PLAN_02_SEC_7_4_2;PAPER_APP_FISCAL_CONVERSION,Companion mandatory for any headline result relying on r>=1; Etapa 3A only registers the grid.,behavioral_response_not_in_capital_chain,baseline-official-v3,v1.0.1-official-4c,OFFICIAL_V2_epsilon_ero_AI_r0_GLOBAL___r0,2026-07-09T12:13:19.415601+00:00,materialize_official_v3_measurement_uncertainty.py,registered,,,False,False,True,baseline,True
epsilon_ero_C_r0,behavioral_erosion,,0.0,0.0,0.0,fixed,declared,PLAN_02_SEC_7_4_2;PAPER_APP_FISCAL_CONVERSION,Companion mandatory for any headline result relying on r>=1; Etapa 3A only registers the grid.,behavioral_response_not_in_capital_chain,baseline-official-v3,v1.0.1-official-4c,OFFICIAL_V2_epsilon_ero_C_r0_GLOBAL___r0,2026-07-09T12:13:19.415601+00:00,materialize_official_v3_measurement_uncertainty.py,registered,,,False,False,True,baseline,True
epsilon_ero_K_r0,behavioral_erosion,,0.0,0.0,0.0,fixed,declared,PLAN_02_SEC_7_4_2;PAPER_APP_FISCAL_CONVERSION,Companion mandatory for any headline result relying on r>=1; Etapa 3A only registers the grid.,behavioral_response_not_in_capital_chain,baseline-official-v3,v1.0.1-official-4c,OFFICIAL_V2_epsilon_ero_K_r0_GLOBAL___r0,2026-07-09T12:13:19.415601+00:00,materialize_official_v3_measurement_uncertainty.py,registered,,,False,False,True,baseline,True
epsilon_ero_L_r0,behavioral_erosion,,0.0,0.0,0.0,fixed,declared,PLAN_02_SEC_7_4_2;PAPER_APP_FISCAL_CONVERSION,Companion mandatory for any headline result relying on r>=1; Etapa 3A only registers the grid.,behavioral_response_not_in_capital_chain,baseline-official-v3,v1.0.1-official-4c,OFFICIAL_V2_epsilon_ero_L_r0_GLOBAL___r0,2026-07-09T12:13:19.415601+00:00,materialize_official_v3_measurement_uncertainty.py,registered,,,False,False,True,baseline,True
epsilon_ero_AI_r1,behavioral_erosion,,0.5,0.0,1.0,discrete_grid_or_bounded_PERT,declared,PLAN_02_SEC_7_4_2;PAPER_APP_FISCAL_CONVERSION,Companion mandatory for any headline result relying on r>=1; Etapa 3A only registers the grid.,behavioral_response_not_in_capital_chain,baseline-official-v3,v1.0.1-official-4c,OFFICIAL_V2_epsilon_ero_AI_r1_GLOBAL___r1,2026-07-09T12:13:19.415601+00:00,materialize_official_v3_measurement_uncertainty.py,registered,,,False,False,True,baseline,True
epsilon_ero_C_r1,behavioral_erosion,,0.5,0.0,1.0,discrete_grid_or_bounded_PERT,declared,PLAN_02_SEC_7_4_2;PAPER_APP_FISCAL_CONVERSION,Companion mandatory for any headline result relying on r>=1; Etapa 3A only registers the grid.,behavioral_response_not_in_capital_chain,baseline-official-v3,v1.0.1-official-4c,OFFICIAL_V2_epsilon_ero_C_r1_GLOBAL___r1,2026-07-09T12:13:19.415601+00:00,materialize_official_v3_measurement_uncertainty.py,registered,,,False,False,True,baseline,True
epsilon_ero_K_r1,behavioral_erosion,,0.5,0.0,1.0,discrete_grid_or_bounded_PERT,declared,PLAN_02_SEC_7_4_2;PAPER_APP_FISCAL_CONVERSION,Companion mandatory for any headline result relying on r>=1; Etapa 3A only registers the grid.,behavioral_response_not_in_capital_chain,baseline-official-v3,v1.0.1-official-4c,OFFICIAL_V2_epsilon_ero_K_r1_GLOBAL___r1,2026-07-09T12:13:19.415601+00:00,materialize_official_v3_measurement_uncertainty.py,registered,,,False,False,True,baseline,True
epsilon_ero_L_r1,behavioral_erosion,,0.5,0.0,1.0,discrete_grid_or_bounded_PERT,declared,PLAN_02_SEC_7_4_2;PAPER_APP_FISCAL_CONVERSION,Companion mandatory for any headline result relying on r>=1; Etapa 3A only registers the grid.,behavioral_response_not_in_capital_chain,baseline-official-v3,v1.0.1-official-4c,OFFICIAL_V2_epsilon_ero_L_r1_GLOBAL___r1,2026-07-09T12:13:19.415601+00:00,materialize_official_v3_measurement_uncertainty.py,registered,,,False,False,True,baseline,True
epsilon_ero_AI_r2,behavioral_erosion,,0.5,0.0,1.0,discrete_grid_or_bounded_PERT,declared,PLAN_02_SEC_7_4_2;PAPER_APP_FISCAL_CONVERSION,Companion mandatory for any headline result relying on r>=1; Etapa 3A only registers the grid.,behavioral_response_not_in_capital_chain,baseline-official-v3,v1.0.1-official-4c,OFFICIAL_V2_epsilon_ero_AI_r2_GLOBAL___r2,2026-07-09T12:13:19.415601+00:00,materialize_official_v3_measurement_uncertainty.py,registered,,,False,False,True,baseline,True
epsilon_ero_C_r2,behavioral_erosion,,0.5,0.0,1.0,discrete_grid_or_bounded_PERT,declared,PLAN_02_SEC_7_4_2;PAPER_APP_FISCAL_CONVERSION,Companion mandatory for any headline result relying on r>=1; Etapa 3A only registers the grid.,behavioral_response_not_in_capital_chain,baseline-official-v3,v1.0.1-official-4c,OFFICIAL_V2_epsilon_ero_C_r2_GLOBAL___r2,2026-07-09T12:13:19.415601+00:00,materialize_official_v3_measurement_uncertainty.py,registered,,,False,False,True,baseline,True
epsilon_ero_K_r2,behavioral_erosion,,0.5,0.0,1.0,discrete_grid_or_bounded_PERT,declared,PLAN_02_SEC_7_4_2;PAPER_APP_FISCAL_CONVERSION,Companion mandatory for any headline result relying on r>=1; Etapa 3A only registers the grid.,behavioral_response_not_in_capital_chain,baseline-official-v3,v1.0.1-official-4c,OFFICIAL_V2_epsilon_ero_K_r2_GLOBAL___r2,2026-07-09T12:13:19.415601+00:00,materialize_official_v3_measurement_uncertainty.py,registered,,,False,False,True,baseline,True
epsilon_ero_L_r2,behavioral_erosion,,0.5,0.0,1.0,discrete_grid_or_bounded_PERT,declared,PLAN_02_SEC_7_4_2;PAPER_APP_FISCAL_CONVERSION,Companion mandatory for any headline result relying on r>=1; Etapa 3A only registers the grid.,behavioral_response_not_in_capital_chain,baseline-official-v3,v1.0.1-official-4c,OFFICIAL_V2_epsilon_ero_L_r2_GLOBAL___r2,2026-07-09T12:13:19.415601+00:00,materialize_official_v3_measurement_uncertainty.py,registered,,,False,False,True,baseline,True
epsilon_ero_AI_r3,behavioral_erosion,,0.5,0.0,1.0,discrete_grid_or_bounded_PERT,declared,PLAN_02_SEC_7_4_2;PAPER_APP_FISCAL_CONVERSION,Companion mandatory for any headline result relying on r>=1; Etapa 3A only registers the grid.,behavioral_response_not_in_capital_chain,baseline-official-v3,v1.0.1-official-4c,OFFICIAL_V2_epsilon_ero_AI_r3_GLOBAL___r3,2026-07-09T12:13:19.415601+00:00,materialize_official_v3_measurement_uncertainty.py,registered,,,False,False,True,baseline,True
epsilon_ero_C_r3,behavioral_erosion,,0.5,0.0,1.0,discrete_grid_or_bounded_PERT,declared,PLAN_02_SEC_7_4_2;PAPER_APP_FISCAL_CONVERSION,Companion mandatory for any headline result relying on r>=1; Etapa 3A only registers the grid.,behavioral_response_not_in_capital_chain,baseline-official-v3,v1.0.1-official-4c,OFFICIAL_V2_epsilon_ero_C_r3_GLOBAL___r3,2026-07-09T12:13:19.415601+00:00,materialize_official_v3_measurement_uncertainty.py,registered,,,False,False,True,baseline,True
epsilon_ero_K_r3,behavioral_erosion,,0.5,0.0,1.0,discrete_grid_or_bounded_PERT,declared,PLAN_02_SEC_7_4_2;PAPER_APP_FISCAL_CONVERSION,Companion mandatory for any headline result relying on r>=1; Etapa 3A only registers the grid.,behavioral_response_not_in_capital_chain,baseline-official-v3,v1.0.1-official-4c,OFFICIAL_V2_epsilon_ero_K_r3_GLOBAL___r3,2026-07-09T12:13:19.415601+00:00,materialize_official_v3_measurement_uncertainty.py,registered,,,False,False,True,baseline,True
epsilon_ero_L_r3,behavioral_erosion,,0.5,0.0,1.0,discrete_grid_or_bounded_PERT,declared,PLAN_02_SEC_7_4_2;PAPER_APP_FISCAL_CONVERSION,Companion mandatory for any headline result relying on r>=1; Etapa 3A only registers the grid.,behavioral_response_not_in_capital_chain,baseline-official-v3,v1.0.1-official-4c,OFFICIAL_V2_epsilon_ero_L_r3_GLOBAL___r3,2026-07-09T12:13:19.415601+00:00,materialize_official_v3_measurement_uncertainty.py,registered,,,False,False,True,baseline,True
epsilon_ero_AI_r4,behavioral_erosion,,0.5,0.0,1.0,discrete_grid_or_bounded_PERT,declared,PLAN_02_SEC_7_4_2;PAPER_APP_FISCAL_CONVERSION,Companion mandatory for any headline result relying on r>=1; Etapa 3A only registers the grid.,behavioral_response_not_in_capital_chain,baseline-official-v3,v1.0.1-official-4c,OFFICIAL_V2_epsilon_ero_AI_r4_GLOBAL___r4,2026-07-09T12:13:19.415601+00:00,materialize_official_v3_measurement_uncertainty.py,registered,,,False,False,True,baseline,True
epsilon_ero_C_r4,behavioral_erosion,,0.5,0.0,1.0,discrete_grid_or_bounded_PERT,declared,PLAN_02_SEC_7_4_2;PAPER_APP_FISCAL_CONVERSION,Companion mandatory for any headline result relying on r>=1; Etapa 3A only registers the grid.,behavioral_response_not_in_capital_chain,baseline-official-v3,v1.0.1-official-4c,OFFICIAL_V2_epsilon_ero_C_r4_GLOBAL___r4,2026-07-09T12:13:19.415601+00:00,materialize_official_v3_measurement_uncertainty.py,registered,,,False,False,True,baseline,True
epsilon_ero_K_r4,behavioral_erosion,,0.5,0.0,1.0,discrete_grid_or_bounded_PERT,declared,PLAN_02_SEC_7_4_2;PAPER_APP_FISCAL_CONVERSION,Companion mandatory for any headline result relying on r>=1; Etapa 3A only registers the grid.,behavioral_response_not_in_capital_chain,baseline-official-v3,v1.0.1-official-4c,OFFICIAL_V2_epsilon_ero_K_r4_GLOBAL___r4,2026-07-09T12:13:19.415601+00:00,materialize_official_v3_measurement_uncertainty.py,registered,,,False,False,True,baseline,True
epsilon_ero_L_r4,behavioral_erosion,,0.5,0.0,1.0,discrete_grid_or_bounded_PERT,declared,PLAN_02_SEC_7_4_2;PAPER_APP_FISCAL_CONVERSION,Companion mandatory for any headline result relying on r>=1; Etapa 3A only registers the grid.,behavioral_response_not_in_capital_chain,baseline-official-v3,v1.0.1-official-4c,OFFICIAL_V2_epsilon_ero_L_r4_GLOBAL___r4,2026-07-09T12:13:19.415601+00:00,materialize_official_v3_measurement_uncertainty.py,registered,,,False,False,True,baseline,True
lambda_AI_high,fiscal_channels_ai_rent,,0.06,0.03,0.1,bounded_PERT,declared,PAPER_APP_FISCAL_CONVERSION;PLAN_02_SEC_7_4_1,"AI-rent share is an economic scenario object, not regime-indexed. Subset convention is used, so lambda_AI_Kbase mirrors this value.",capital_profit_overlap,baseline-official-v3,v1.0.1-official-4c,OFFICIAL_V2_lambda_AI_high_GLOBAL_high__,2026-07-09T12:13:19.415601+00:00,materialize_official_v3_measurement_uncertainty.py,author_approved,2026-07-08,ratificacion del autor registrada pre-resultados,False,True,True,baseline,True
lambda_AI_low,fiscal_channels_ai_rent,,0.0,0.0,0.02,bounded_PERT,declared,PAPER_APP_FISCAL_CONVERSION;PLAN_02_SEC_7_4_1,"AI-rent share is an economic scenario object, not regime-indexed. Subset convention is used, so lambda_AI_Kbase mirrors this value.",capital_profit_overlap,baseline-official-v3,v1.0.1-official-4c,OFFICIAL_V2_lambda_AI_low_GLOBAL_low__,2026-07-09T12:13:19.415601+00:00,materialize_official_v3_measurement_uncertainty.py,author_approved,2026-07-08,ratificacion del autor registrada pre-resultados,False,True,True,baseline,True
lambda_AI_mid,fiscal_channels_ai_rent,,0.03,0.01,0.06,bounded_PERT,declared,PAPER_APP_FISCAL_CONVERSION;PLAN_02_SEC_7_4_1,"AI-rent share is an economic scenario object, not regime-indexed. Subset convention is used, so lambda_AI_Kbase mirrors this value.",capital_profit_overlap,baseline-official-v3,v1.0.1-official-4c,OFFICIAL_V2_lambda_AI_mid_GLOBAL_mid__,2026-07-09T12:13:19.415601+00:00,materialize_official_v3_measurement_uncertainty.py,author_approved,2026-07-08,ratificacion del autor registrada pre-resultados,False,True,True,baseline,True
lambda_AI_stress,fiscal_channels_ai_rent,,0.1,0.05,0.15,bounded_PERT,declared,PAPER_APP_FISCAL_CONVERSION;PLAN_02_SEC_7_4_1,"AI-rent share is an economic scenario object, not regime-indexed. Subset convention is used, so lambda_AI_Kbase mirrors this value.",capital_profit_overlap,baseline-official-v3,v1.0.1-official-4c,OFFICIAL_V2_lambda_AI_stress_GLOBAL_stress__,2026-07-09T12:13:19.415601+00:00,materialize_official_v3_measurement_uncertainty.py,author_approved,2026-07-08,ratificacion del autor registrada pre-resultados,False,True,True,baseline,True
lambda_AI_Kbase_high,fiscal_channels_capital,,0.06,0.03,0.1,derived_bounded_PERT,declared,PAPER_APP_FISCAL_CONVERSION;PLAN_02_SEC_7_4_1,Netting field for omega_K_net. This prevents counting the same AI rents in capital and AI-rent channels.,capital_profit_overlap,baseline-official-v3,v1.0.1-official-4c,OFFICIAL_V2_lambda_AI_Kbase_high_GLOBAL_high__,2026-07-09T12:13:19.415601+00:00,materialize_official_v3_measurement_uncertainty.py,registered,,,False,True,True,baseline,True
lambda_AI_Kbase_low,fiscal_channels_capital,,0.0,0.0,0.02,derived_bounded_PERT,declared,PAPER_APP_FISCAL_CONVERSION;PLAN_02_SEC_7_4_1,Netting field for omega_K_net. This prevents counting the same AI rents in capital and AI-rent channels.,capital_profit_overlap,baseline-official-v3,v1.0.1-official-4c,OFFICIAL_V2_lambda_AI_Kbase_low_GLOBAL_low__,2026-07-09T12:13:19.415601+00:00,materialize_official_v3_measurement_uncertainty.py,registered,,,False,True,True,baseline,True
lambda_AI_Kbase_mid,fiscal_channels_capital,,0.03,0.01,0.06,derived_bounded_PERT,declared,PAPER_APP_FISCAL_CONVERSION;PLAN_02_SEC_7_4_1,Netting field for omega_K_net. This prevents counting the same AI rents in capital and AI-rent channels.,capital_profit_overlap,baseline-official-v3,v1.0.1-official-4c,OFFICIAL_V2_lambda_AI_Kbase_mid_GLOBAL_mid__,2026-07-09T12:13:19.415601+00:00,materialize_official_v3_measurement_uncertainty.py,registered,,,False,True,True,baseline,True
lambda_AI_Kbase_stress,fiscal_channels_capital,,0.1,0.05,0.15,derived_bounded_PERT,declared,PAPER_APP_FISCAL_CONVERSION;PLAN_02_SEC_7_4_1,Netting field for omega_K_net. This prevents counting the same AI rents in capital and AI-rent channels.,capital_profit_overlap,baseline-official-v3,v1.0.1-official-4c,OFFICIAL_V2_lambda_AI_Kbase_stress_GLOBAL_stress__,2026-07-09T12:13:19.415601+00:00,materialize_official_v3_measurement_uncertainty.py,registered,,,False,True,True,baseline,True
base_broadening_delta_r0,fiscal_regime,,0.0,0.0,0.0,fixed,declared,PLAN_02_SEC_15_1;PAPER_APP_FISCAL_CONVERSION,Registered for regime audit. Primary effective-rate convention does not apply base-side and rate-side margins twice.,base_vs_rate_same_margin,baseline-official-v3,v1.0.1-official-4c,OFFICIAL_V2_base_broadening_delta_r0_GLOBAL___r0,2026-07-09T12:13:19.415601+00:00,materialize_official_v3_measurement_uncertainty.py,registered,,,False,True,True,baseline,True
leakage_multiplier_r0,fiscal_regime,,1.0,0.85,1.0,fixed,declared,PLAN_02_SEC_15_1,Only a pre-run ordered scalar for later engine use; leakage is not subtracted here.,leakage_vs_technology_shifting,baseline-official-v3,v1.0.1-official-4c,OFFICIAL_V2_leakage_multiplier_r0_GLOBAL___r0,2026-07-09T12:13:19.415601+00:00,materialize_official_v3_measurement_uncertainty.py,registered,,,False,True,True,baseline,True
tau_AI_eff_r0,fiscal_regime,,0.0,0.0,0.0,fixed,declared,PLAN_02_SEC_15_1;PAPER_APP_FISCAL_CONVERSION,Status quo and non-rent regimes have zero AI rent capture.,ai_rent_capture_without_lambda,baseline-official-v3,v1.0.1-official-4c,OFFICIAL_V2_tau_AI_eff_r0_GLOBAL___r0,2026-07-09T12:13:19.415601+00:00,materialize_official_v3_measurement_uncertainty.py,registered,,,False,True,True,baseline,True
tau_C_relative_delta_r0,fiscal_regime,,0.0,0.0,0.0,fixed,declared,PLAN_02_SEC_15_1;PAPER_APP_FISCAL_CONVERSION;brollo2024fiscal,Mechanical reform-regime delta for pre-run calibration; no behavioral result is computed here.,regime_mechanical_upper_bound,baseline-official-v3,v1.0.1-official-4c,OFFICIAL_V2_tau_C_relative_delta_r0_GLOBAL___r0,2026-07-09T12:13:19.415601+00:00,materialize_official_v3_measurement_uncertainty.py,registered,,,False,True,True,baseline,True
tau_K_relative_delta_r0,fiscal_regime,,0.0,0.0,0.0,fixed,declared,PLAN_02_SEC_15_1;PAPER_APP_FISCAL_CONVERSION;brollo2024fiscal,Mechanical reform-regime delta for pre-run calibration; no behavioral result is computed here.,regime_mechanical_upper_bound,baseline-official-v3,v1.0.1-official-4c,OFFICIAL_V2_tau_K_relative_delta_r0_GLOBAL___r0,2026-07-09T12:13:19.415601+00:00,materialize_official_v3_measurement_uncertainty.py,registered,,,False,True,True,baseline,True
tau_L_relative_delta_r0,fiscal_regime,,0.0,0.0,0.0,fixed,declared,PLAN_02_SEC_15_1;PAPER_APP_FISCAL_CONVERSION;brollo2024fiscal,Mechanical reform-regime delta for pre-run calibration; no behavioral result is computed here.,regime_mechanical_upper_bound,baseline-official-v3,v1.0.1-official-4c,OFFICIAL_V2_tau_L_relative_delta_r0_GLOBAL___r0,2026-07-09T12:13:19.415601+00:00,materialize_official_v3_measurement_uncertainty.py,registered,,,False,True,True,baseline,True
base_broadening_delta_r1,fiscal_regime,,0.05,0.02,0.08,bounded_PERT,declared,PLAN_02_SEC_15_1;PAPER_APP_FISCAL_CONVERSION,Registered for regime audit. Primary effective-rate convention does not apply base-side and rate-side margins twice.,base_vs_rate_same_margin,baseline-official-v3,v1.0.1-official-4c,OFFICIAL_V2_base_broadening_delta_r1_GLOBAL___r1,2026-07-09T12:13:19.415601+00:00,materialize_official_v3_measurement_uncertainty.py,author_approved,2026-07-08,ratificacion del autor registrada pre-resultados,False,True,True,baseline,True
leakage_multiplier_r1,fiscal_regime,,0.75,0.6,0.9,bounded_PERT,declared,PLAN_02_SEC_15_1,Only a pre-run ordered scalar for later engine use; leakage is not subtracted here.,leakage_vs_technology_shifting,baseline-official-v3,v1.0.1-official-4c,OFFICIAL_V2_leakage_multiplier_r1_GLOBAL___r1,2026-07-09T12:13:19.415601+00:00,materialize_official_v3_measurement_uncertainty.py,author_approved,2026-07-08,ratificacion del autor registrada pre-resultados,False,True,True,baseline,True
tau_AI_eff_r1,fiscal_regime,,0.0,0.0,0.0,fixed,declared,PLAN_02_SEC_15_1;PAPER_APP_FISCAL_CONVERSION,Status quo and non-rent regimes have zero AI rent capture.,ai_rent_capture_without_lambda,baseline-official-v3,v1.0.1-official-4c,OFFICIAL_V2_tau_AI_eff_r1_GLOBAL___r1,2026-07-09T12:13:19.415601+00:00,materialize_official_v3_measurement_uncertainty.py,registered,,,False,True,True,baseline,True
tau_C_relative_delta_r1,fiscal_regime,,0.1,0.05,0.15,bounded_PERT,declared,PLAN_02_SEC_15_1;PAPER_APP_FISCAL_CONVERSION;brollo2024fiscal,Mechanical reform-regime delta for pre-run calibration; no behavioral result is computed here.,regime_mechanical_upper_bound,baseline-official-v3,v1.0.1-official-4c,OFFICIAL_V2_tau_C_relative_delta_r1_GLOBAL___r1,2026-07-09T12:13:19.415601+00:00,materialize_official_v3_measurement_uncertainty.py,author_approved,2026-07-08,ratificacion del autor registrada pre-resultados,False,True,True,baseline,True
tau_K_relative_delta_r1,fiscal_regime,,0.1,0.05,0.15,bounded_PERT,declared,PLAN_02_SEC_15_1;PAPER_APP_FISCAL_CONVERSION;brollo2024fiscal,Mechanical reform-regime delta for pre-run calibration; no behavioral result is computed here.,regime_mechanical_upper_bound,baseline-official-v3,v1.0.1-official-4c,OFFICIAL_V2_tau_K_relative_delta_r1_GLOBAL___r1,2026-07-09T12:13:19.415601+00:00,materialize_official_v3_measurement_uncertainty.py,author_approved,2026-07-08,ratificacion del autor registrada pre-resultados,False,True,True,baseline,True
tau_L_relative_delta_r1,fiscal_regime,,0.1,0.05,0.15,bounded_PERT,declared,PLAN_02_SEC_15_1;PAPER_APP_FISCAL_CONVERSION;brollo2024fiscal,Mechanical reform-regime delta for pre-run calibration; no behavioral result is computed here.,regime_mechanical_upper_bound,baseline-official-v3,v1.0.1-official-4c,OFFICIAL_V2_tau_L_relative_delta_r1_GLOBAL___r1,2026-07-09T12:13:19.415601+00:00,materialize_official_v3_measurement_uncertainty.py,author_approved,2026-07-08,ratificacion del autor registrada pre-resultados,False,True,True,baseline,True
base_broadening_delta_r2,fiscal_regime,,0.1,0.05,0.2,bounded_PERT,declared,PLAN_02_SEC_15_1;PAPER_APP_FISCAL_CONVERSION,Registered for regime audit. Primary effective-rate convention does not apply base-side and rate-side margins twice.,base_vs_rate_same_margin,baseline-official-v3,v1.0.1-official-4c,OFFICIAL_V2_base_broadening_delta_r2_GLOBAL___r2,2026-07-09T12:13:19.415601+00:00,materialize_official_v3_measurement_uncertainty.py,author_approved,2026-07-08,ratificacion del autor registrada pre-resultados,False,True,True,baseline,True
leakage_multiplier_r2,fiscal_regime,,0.75,0.6,0.9,bounded_PERT,declared,PLAN_02_SEC_15_1,Only a pre-run ordered scalar for later engine use; leakage is not subtracted here.,leakage_vs_technology_shifting,baseline-official-v3,v1.0.1-official-4c,OFFICIAL_V2_leakage_multiplier_r2_GLOBAL___r2,2026-07-09T12:13:19.415601+00:00,materialize_official_v3_measurement_uncertainty.py,author_approved,2026-07-08,ratificacion del autor registrada pre-resultados,False,True,True,baseline,True
tau_AI_eff_r2,fiscal_regime,,0.0,0.0,0.0,fixed,declared,PLAN_02_SEC_15_1;PAPER_APP_FISCAL_CONVERSION,Status quo and non-rent regimes have zero AI rent capture.,ai_rent_capture_without_lambda,baseline-official-v3,v1.0.1-official-4c,OFFICIAL_V2_tau_AI_eff_r2_GLOBAL___r2,2026-07-09T12:13:19.415601+00:00,materialize_official_v3_measurement_uncertainty.py,registered,,,False,True,True,baseline,True
tau_C_relative_delta_r2,fiscal_regime,,0.15,0.1,0.25,bounded_PERT,declared,PLAN_02_SEC_15_1;PAPER_APP_FISCAL_CONVERSION;brollo2024fiscal,Mechanical reform-regime delta for pre-run calibration; no behavioral result is computed here.,regime_mechanical_upper_bound,baseline-official-v3,v1.0.1-official-4c,OFFICIAL_V2_tau_C_relative_delta_r2_GLOBAL___r2,2026-07-09T12:13:19.415601+00:00,materialize_official_v3_measurement_uncertainty.py,author_approved,2026-07-08,ratificacion del autor registrada pre-resultados,False,True,True,baseline,True
tau_K_relative_delta_r2,fiscal_regime,,0.15,0.1,0.25,bounded_PERT,declared,PLAN_02_SEC_15_1;PAPER_APP_FISCAL_CONVERSION;brollo2024fiscal,Mechanical reform-regime delta for pre-run calibration; no behavioral result is computed here.,regime_mechanical_upper_bound,baseline-official-v3,v1.0.1-official-4c,OFFICIAL_V2_tau_K_relative_delta_r2_GLOBAL___r2,2026-07-09T12:13:19.415601+00:00,materialize_official_v3_measurement_uncertainty.py,author_approved,2026-07-08,ratificacion del autor registrada pre-resultados,False,True,True,baseline,True
tau_L_relative_delta_r2,fiscal_regime,,0.15,0.1,0.25,bounded_PERT,declared,PLAN_02_SEC_15_1;PAPER_APP_FISCAL_CONVERSION;brollo2024fiscal,Mechanical reform-regime delta for pre-run calibration; no behavioral result is computed here.,regime_mechanical_upper_bound,baseline-official-v3,v1.0.1-official-4c,OFFICIAL_V2_tau_L_relative_delta_r2_GLOBAL___r2,2026-07-09T12:13:19.415601+00:00,materialize_official_v3_measurement_uncertainty.py,author_approved,2026-07-08,ratificacion del autor registrada pre-resultados,False,True,True,baseline,True
base_broadening_delta_r3,fiscal_regime,,0.05,0.02,0.08,bounded_PERT,declared,PLAN_02_SEC_15_1;PAPER_APP_FISCAL_CONVERSION,Registered for regime audit. Primary effective-rate convention does not apply base-side and rate-side margins twice.,base_vs_rate_same_margin,baseline-official-v3,v1.0.1-official-4c,OFFICIAL_V2_base_broadening_delta_r3_GLOBAL___r3,2026-07-09T12:13:19.415601+00:00,materialize_official_v3_measurement_uncertainty.py,author_approved,2026-07-08,ratificacion del autor registrada pre-resultados,False,True,True,baseline,True
leakage_multiplier_r3,fiscal_regime,,0.9,0.75,1.0,bounded_PERT,declared,PLAN_02_SEC_15_1,Only a pre-run ordered scalar for later engine use; leakage is not subtracted here.,leakage_vs_technology_shifting,baseline-official-v3,v1.0.1-official-4c,OFFICIAL_V2_leakage_multiplier_r3_GLOBAL___r3,2026-07-09T12:13:19.415601+00:00,materialize_official_v3_measurement_uncertainty.py,author_approved,2026-07-08,ratificacion del autor registrada pre-resultados,False,True,True,baseline,True
tau_AI_eff_r3,fiscal_regime,,0.05,0.02,0.1,bounded_PERT,declared,PLAN_02_SEC_15_1;PAPER_APP_FISCAL_CONVERSION,Status quo and non-rent regimes have zero AI rent capture.,ai_rent_capture_without_lambda,baseline-official-v3,v1.0.1-official-4c,OFFICIAL_V2_tau_AI_eff_r3_GLOBAL___r3,2026-07-09T12:13:19.415601+00:00,materialize_official_v3_measurement_uncertainty.py,author_approved,2026-07-08,ratificacion del autor registrada pre-resultados,False,True,True,baseline,True
tau_C_relative_delta_r3,fiscal_regime,,0.0,0.0,0.1,bounded_PERT,declared,PLAN_02_SEC_15_1;PAPER_APP_FISCAL_CONVERSION;brollo2024fiscal,Mechanical reform-regime delta for pre-run calibration; no behavioral result is computed here.,regime_mechanical_upper_bound,baseline-official-v3,v1.0.1-official-4c,OFFICIAL_V2_tau_C_relative_delta_r3_GLOBAL___r3,2026-07-09T12:13:19.415601+00:00,materialize_official_v3_measurement_uncertainty.py,author_approved,2026-07-08,ratificacion del autor registrada pre-resultados,False,True,True,baseline,True
tau_K_relative_delta_r3,fiscal_regime,,0.0,0.0,0.1,bounded_PERT,declared,PLAN_02_SEC_15_1;PAPER_APP_FISCAL_CONVERSION;brollo2024fiscal,Mechanical reform-regime delta for pre-run calibration; no behavioral result is computed here.,regime_mechanical_upper_bound,baseline-official-v3,v1.0.1-official-4c,OFFICIAL_V2_tau_K_relative_delta_r3_GLOBAL___r3,2026-07-09T12:13:19.415601+00:00,materialize_official_v3_measurement_uncertainty.py,author_approved,2026-07-08,ratificacion del autor registrada pre-resultados,False,True,True,baseline,True
tau_L_relative_delta_r3,fiscal_regime,,0.0,0.0,0.1,bounded_PERT,declared,PLAN_02_SEC_15_1;PAPER_APP_FISCAL_CONVERSION;brollo2024fiscal,Mechanical reform-regime delta for pre-run calibration; no behavioral result is computed here.,regime_mechanical_upper_bound,baseline-official-v3,v1.0.1-official-4c,OFFICIAL_V2_tau_L_relative_delta_r3_GLOBAL___r3,2026-07-09T12:13:19.415601+00:00,materialize_official_v3_measurement_uncertainty.py,author_approved,2026-07-08,ratificacion del autor registrada pre-resultados,False,True,True,baseline,True
base_broadening_delta_r4,fiscal_regime,,0.2,0.1,0.3,bounded_PERT,declared,PLAN_02_SEC_15_1;PAPER_APP_FISCAL_CONVERSION,Registered for regime audit. Primary effective-rate convention does not apply base-side and rate-side margins twice.,base_vs_rate_same_margin,baseline-official-v3,v1.0.1-official-4c,OFFICIAL_V2_base_broadening_delta_r4_GLOBAL___r4,2026-07-09T12:13:19.415601+00:00,materialize_official_v3_measurement_uncertainty.py,author_approved,2026-07-08,ratificacion del autor registrada pre-resultados,False,True,True,baseline,True
leakage_multiplier_r4,fiscal_regime,,0.5,0.35,0.65,bounded_PERT,declared,PLAN_02_SEC_15_1,Only a pre-run ordered scalar for later engine use; leakage is not subtracted here.,leakage_vs_technology_shifting,baseline-official-v3,v1.0.1-official-4c,OFFICIAL_V2_leakage_multiplier_r4_GLOBAL___r4,2026-07-09T12:13:19.415601+00:00,materialize_official_v3_measurement_uncertainty.py,author_approved,2026-07-08,ratificacion del autor registrada pre-resultados,False,True,True,baseline,True
tau_AI_eff_r4,fiscal_regime,,0.08,0.04,0.15,bounded_PERT,declared,PLAN_02_SEC_15_1;PAPER_APP_FISCAL_CONVERSION,Status quo and non-rent regimes have zero AI rent capture.,ai_rent_capture_without_lambda,baseline-official-v3,v1.0.1-official-4c,OFFICIAL_V2_tau_AI_eff_r4_GLOBAL___r4,2026-07-09T12:13:19.415601+00:00,materialize_official_v3_measurement_uncertainty.py,author_approved,2026-07-08,ratificacion del autor registrada pre-resultados,False,True,True,baseline,True
tau_C_relative_delta_r4,fiscal_regime,,0.25,0.15,0.35,bounded_PERT,declared,PLAN_02_SEC_15_1;PAPER_APP_FISCAL_CONVERSION;brollo2024fiscal,Mechanical reform-regime delta for pre-run calibration; no behavioral result is computed here.,regime_mechanical_upper_bound,baseline-official-v3,v1.0.1-official-4c,OFFICIAL_V2_tau_C_relative_delta_r4_GLOBAL___r4,2026-07-09T12:13:19.415601+00:00,materialize_official_v3_measurement_uncertainty.py,author_approved,2026-07-08,ratificacion del autor registrada pre-resultados,False,True,True,baseline,True
tau_K_relative_delta_r4,fiscal_regime,,0.25,0.15,0.35,bounded_PERT,declared,PLAN_02_SEC_15_1;PAPER_APP_FISCAL_CONVERSION;brollo2024fiscal,Mechanical reform-regime delta for pre-run calibration; no behavioral result is computed here.,regime_mechanical_upper_bound,baseline-official-v3,v1.0.1-official-4c,OFFICIAL_V2_tau_K_relative_delta_r4_GLOBAL___r4,2026-07-09T12:13:19.415601+00:00,materialize_official_v3_measurement_uncertainty.py,author_approved,2026-07-08,ratificacion del autor registrada pre-resultados,False,True,True,baseline,True
tau_L_relative_delta_r4,fiscal_regime,,0.25,0.15,0.35,bounded_PERT,declared,PLAN_02_SEC_15_1;PAPER_APP_FISCAL_CONVERSION;brollo2024fiscal,Mechanical reform-regime delta for pre-run calibration; no behavioral result is computed here.,regime_mechanical_upper_bound,baseline-official-v3,v1.0.1-official-4c,OFFICIAL_V2_tau_L_relative_delta_r4_GLOBAL___r4,2026-07-09T12:13:19.415601+00:00,materialize_official_v3_measurement_uncertainty.py,author_approved,2026-07-08,ratificacion del autor registrada pre-resultados,False,True,True,baseline,True
frontier_benchmark_avg_adoption_proxy,frontier_benchmark,,0.1517625,0.1517625,0.1517625,fixed_observed_average,declared,FRONTIER_BENCHMARK,Used only to calibrate q_use_target prior and document benchmark choice; s_frontier_score is computed in 3B.,none,baseline-official-v3,v1.0.1-official-4c,OFFICIAL_V2_frontier_benchmark_avg_adoption_proxy_GLOBAL___,2026-07-09T12:13:19.415601+00:00,materialize_official_v3_measurement_uncertainty.py,registered,,,False,False,True,baseline,True
frontier_benchmark_avg_aipi,frontier_benchmark,,0.6734721666666669,0.6734721666666669,0.6734721666666669,fixed_observed_average,0_to_1,IMF_AIPI_DATA360;FRONTIER_BENCHMARK,Population-consistency scalar for q_use_target prior.,none,baseline-official-v3,v1.0.1-official-4c,OFFICIAL_V2_frontier_benchmark_avg_aipi_GLOBAL___,2026-07-09T12:13:19.415601+00:00,materialize_official_v3_measurement_uncertainty.py,registered,,,False,False,True,baseline,True
frontier_benchmark_member_count,frontier_benchmark,,24.0,24.0,24.0,fixed,declared,FRONTIER_BENCHMARK;PAPER_SEC_10_6;PLAN_02_SEC_10_6,Benchmark chosen as OECD/advanced Eurostat economies available in isoc_eb_ai because phi_mid is disciplined by OECD micro-to-macro evidence.,none,baseline-official-v3,v1.0.1-official-4c,OFFICIAL_V2_frontier_benchmark_member_count_GLOBAL___,2026-07-09T12:13:19.415601+00:00,materialize_official_v3_measurement_uncertainty.py,registered,,,False,False,True,baseline,True
I_ceiling_informality,adoption_translation,PER,0.6746800000000001,0.0,1.0,bounded_PERT,0_to_1,ILOSTAT,Same observed informality used for adoption ceiling.,none,baseline-official-v3,v1.0.1-official-4c,OFFICIAL_V2_I_ceiling_informality_PER___,2026-07-09T12:13:19.415601+00:00,materialize_official_v3_measurement_uncertainty.py,registered,,,False,False,True,baseline,True
LS_labor_share,fiscal_channels,PER,0.447212278842926,0.447212278842926,0.447212278842926,fixed,0_to_1,PWT_10_01,PWT labor share carried forward to 2024.,none,baseline-official-v3,v1.0.1-official-4c,OFFICIAL_V2_LS_labor_share_PER___,2026-07-09T12:13:19.415601+00:00,materialize_official_v3_measurement_uncertainty.py,registered,,,False,False,True,baseline,True
E_aug,fiscal_channels,PER,0.11,0.08,0.14,bounded_PERT,0_to_1,PLAN_01_02,No automation/augmentation split in snapshot; augmentation uses LAC productive-exposure fallback.,none,baseline-official-v3,v1.0.1-official-4c,OFFICIAL_V2_E_aug_PER___,2026-07-09T12:13:19.415601+00:00,materialize_official_v3_measurement_uncertainty.py,author_approved,2026-07-08,ratificacion del autor registrada pre-resultados,False,False,True,baseline,True
RST,fiscal_channels,PER,0.39759036144578314,0.0,1.0,bounded_PERT,0_to_1,IMF_AIPI_DATA360;PLAN_01_SEC_14_6,"RST proxy uses AIPI human_capital_labor residualized on total AIPI over the international AIPI sample, then percentile-ranked.",none,baseline-official-v3,v1.0.1-official-4c,OFFICIAL_V2_RST_PER___,2026-07-09T12:13:19.415601+00:00,materialize_official_v3_measurement_uncertainty.py,author_approved,2026-07-08,ratificacion del autor registrada pre-resultados,False,False,True,baseline,True
tau_L_disp,fiscal_channels,PER,0.0804966095753286,0.0804966095753286,0.0804966095753286,fixed,0_to_1,OECD_REVSTAT_LAC;PWT_10_01,Disposable labor rate frozen at r0 observed effective labor rate.,none,baseline-official-v3,v1.0.1-official-4c,OFFICIAL_V2_tau_L_disp_PER___,2026-07-09T12:13:19.415601+00:00,materialize_official_v3_measurement_uncertainty.py,registered,,,False,True,True,baseline,True
tau_K_disp,fiscal_channels,PER,0.0679185390505772,0.0679185390505772,0.0679185390505772,fixed,0_to_1,OECD_REVSTAT_LAC;PWT_10_01,Disposable capital rate frozen at r0 observed effective capital rate.,none,baseline-official-v3,v1.0.1-official-4c,OFFICIAL_V2_tau_K_disp_PER___,2026-07-09T12:13:19.415601+00:00,materialize_official_v3_measurement_uncertainty.py,registered,,,False,True,True,baseline,True
tau_C_disp,fiscal_channels,PER,0.08476226759934355,0.08476226759934355,0.08476226759934355,fixed,0_to_1,OECD_REVSTAT_LAC;WDI,"Observed consumption effective tax rate; MFC uses regime-indexed rate, disposable chain freezes r0.",none,baseline-official-v3,v1.0.1-official-4c,OFFICIAL_V2_tau_C_disp_PER___,2026-07-09T12:13:19.415601+00:00,materialize_official_v3_measurement_uncertainty.py,registered,,,False,True,True,baseline,True
mpc_W,fiscal_channels,PER,0.7418444417661,0.5918444417661,0.8418444417661,bounded_PERT,0_to_1,WDI;PAPER_APP_FISCAL_CONVERSION,Final-consumption/GDP share as transparent proxy for labor-income MPC.,none,baseline-official-v3,v1.0.1-official-4c,OFFICIAL_V2_mpc_W_PER___,2026-07-09T12:13:19.415601+00:00,materialize_official_v3_measurement_uncertainty.py,author_approved,2026-07-08,ratificacion del autor registrada pre-resultados,False,False,True,baseline,True
mpc_Pi,fiscal_channels,PER,0.37092222088305,0.22092222088305,0.52092222088305,bounded_PERT,0_to_1,WDI;PAPER_APP_FISCAL_CONVERSION,Profit-income MPC proxy set below labor-income proxy.,none,baseline-official-v3,v1.0.1-official-4c,OFFICIAL_V2_mpc_Pi_PER___,2026-07-09T12:13:19.415601+00:00,materialize_official_v3_measurement_uncertainty.py,author_approved,2026-07-08,ratificacion del autor registrada pre-resultados,False,False,True,baseline,True
mpc_R,fiscal_channels,PER,0.556383331324575,0.40638333132457494,0.706383331324575,bounded_PERT,0_to_1,WDI;PAPER_APP_FISCAL_CONVERSION,Residual-income MPC proxy between labor and profit proxies.,none,baseline-official-v3,v1.0.1-official-4c,OFFICIAL_V2_mpc_R_PER___,2026-07-09T12:13:19.415601+00:00,materialize_official_v3_measurement_uncertainty.py,author_approved,2026-07-08,ratificacion del autor registrada pre-resultados,False,False,True,baseline,True
sPB_plus_gdp_ratio,fiscal_channels,PER,0.007106971419037426,0.007106971419037426,0.007106971419037426,fixed,declared,IMF_WEO_GFS;PLAN_02_SEC_7_7,"max(0,-pb_gap_gdp_pp)/100 because anchor stores IMF percent-of-GDP values in percentage points.",none,baseline-official-v3,v1.0.1-official-4c,OFFICIAL_V2_sPB_plus_gdp_ratio_PER___,2026-07-09T12:13:19.415601+00:00,materialize_official_v3_measurement_uncertainty.py,registered,,,False,False,True,baseline,True
beta_translation,adoption_translation,PER,1.0,0.5,2.0,bounded_PERT,declared,PAPER_TRANSLATION_GRID,"Baseline unit elasticity; sensitivity grid {0.5,1,1.5,2}.",none,baseline-official-v3,v1.0.1-official-4c,OFFICIAL_V2_beta_translation_PER___,2026-07-09T12:13:19.415601+00:00,materialize_official_v3_measurement_uncertainty.py,registered,,,False,False,True,baseline,True
gamma_translation,adoption_translation,PER,1.0,0.5,2.0,bounded_PERT,declared,PAPER_TRANSLATION_GRID,"Baseline unit elasticity; sensitivity grid {0.5,1,1.5,2}.",none,baseline-official-v3,v1.0.1-official-4c,OFFICIAL_V2_gamma_translation_PER___,2026-07-09T12:13:19.415601+00:00,materialize_official_v3_measurement_uncertainty.py,registered,,,False,False,True,baseline,True
epsilon,adoption_translation,PER,1e-09,1e-09,1e-09,fixed,declared,PLAN_02_SEC_7_7,Frozen numerical floor for support checks and de-flooring.,none,baseline-official-v3,v1.0.1-official-4c,OFFICIAL_V2_epsilon_PER___,2026-07-09T12:13:19.415601+00:00,materialize_official_v3_measurement_uncertainty.py,registered,,,False,False,True,baseline,True
epsilon_mu,adoption_translation,PER,1e-06,1e-06,1e-06,fixed,declared,PLAN_02_SEC_7_3,Frozen logit inversion floor; q_use_target_adj is projected to interior support.,none,baseline-official-v3,v1.0.1-official-4c,OFFICIAL_V2_epsilon_mu_PER___,2026-07-09T12:13:19.415601+00:00,materialize_official_v3_measurement_uncertainty.py,registered,,,False,False,True,baseline,True
lambda_q_baseline_mid,adoption_translation,PER,0.3,0.15,0.5,bounded_PERT,declared,PLAN_02_SEC_7_3,"Baseline diffusion-speed grid {0.15,0.30,0.50}; frozen baseline keeps q_prod at anchor.",none,baseline-official-v3,v1.0.1-official-4c,OFFICIAL_V2_lambda_q_baseline_mid_PER___,2026-07-09T12:13:19.415601+00:00,materialize_official_v3_measurement_uncertainty.py,registered,,,False,False,True,baseline,True
lambda_q_stress_instant,adoption_translation,PER,1.0,1.0,1.0,fixed,declared,PLAN_02_SEC_7_3,"Instant-adoption stress only, not baseline primary.",none,baseline-official-v3,v1.0.1-official-4c,OFFICIAL_V2_lambda_q_stress_instant_PER___,2026-07-09T12:13:19.415601+00:00,materialize_official_v3_measurement_uncertainty.py,registered,,,False,False,True,baseline,True
nu_A,adoption_translation,PER,1.0,0.25,2.0,bounded_PERT,declared,PLAN_02_SEC_7_3,Preparedness coefficient; inert in frozen baseline because mu is inverted to target.,none,baseline-official-v3,v1.0.1-official-4c,OFFICIAL_V2_nu_A_PER___,2026-07-09T12:13:19.415601+00:00,materialize_official_v3_measurement_uncertainty.py,author_approved,2026-07-08,ratificacion del autor registrada pre-resultados,False,False,True,baseline,True
nu_I,adoption_translation,PER,0.5,0.0,1.0,bounded_PERT,declared,PLAN_02_SEC_7_3,Informality coefficient; inert in frozen baseline because mu is inverted to target.,none,baseline-official-v3,v1.0.1-official-4c,OFFICIAL_V2_nu_I_PER___,2026-07-09T12:13:19.415601+00:00,materialize_official_v3_measurement_uncertainty.py,author_approved,2026-07-08,ratificacion del autor registrada pre-resultados,False,False,True,baseline,True
nu_G,adoption_translation,PER,0.5,0.0,1.0,bounded_PERT,declared,PLAN_02_SEC_7_3,Gap coefficient; inert in frozen baseline because mu is inverted to target.,none,baseline-official-v3,v1.0.1-official-4c,OFFICIAL_V2_nu_G_PER___,2026-07-09T12:13:19.415601+00:00,materialize_official_v3_measurement_uncertainty.py,author_approved,2026-07-08,ratificacion del autor registrada pre-resultados,False,False,True,baseline,True
omega_I,adoption_translation,PER,0.5,0.25,0.75,bounded_PERT,declared,PLAN_02_SEC_7_3,Informality ceiling penalty; omega_I<1 is the paper economic restriction.,none,baseline-official-v3,v1.0.1-official-4c,OFFICIAL_V2_omega_I_PER___,2026-07-09T12:13:19.415601+00:00,materialize_official_v3_measurement_uncertainty.py,author_approved,2026-07-08,ratificacion del autor registrada pre-resultados,False,False,True,baseline,True
omega_G,adoption_translation,PER,0.5,0.25,0.75,bounded_PERT,declared,PLAN_02_SEC_7_3,"Digital-gap ceiling penalty, now based on excluded coverage+speed Gap.",none,baseline-official-v3,v1.0.1-official-4c,OFFICIAL_V2_omega_G_PER___,2026-07-09T12:13:19.415601+00:00,materialize_official_v3_measurement_uncertainty.py,author_approved,2026-07-08,ratificacion del autor registrada pre-resultados,False,False,True,baseline,True
delta_s,fiscal_channels,PER,0.5,0.25,1.0,bounded_PERT,declared,PAPER_MASTER_CALIBRATION_MATRIX,"Automation pressure grid {0.25,0.50,1.00}.",none,baseline-official-v3,v1.0.1-official-4c,OFFICIAL_V2_delta_s_PER___,2026-07-09T12:13:19.415601+00:00,materialize_official_v3_measurement_uncertainty.py,registered,,,False,True,True,baseline,True
psi_s,fiscal_channels,PER,0.5,0.25,1.0,bounded_PERT,declared,PAPER_MASTER_CALIBRATION_MATRIX,"Augmentation pressure grid {0.25,0.50,1.00}.",none,baseline-official-v3,v1.0.1-official-4c,OFFICIAL_V2_psi_s_PER___,2026-07-09T12:13:19.415601+00:00,materialize_official_v3_measurement_uncertainty.py,registered,,,False,False,True,baseline,True
zeta_s,fiscal_channels,PER,0.5,0.25,1.0,bounded_PERT,declared,PAPER_MASTER_CALIBRATION_MATRIX,"Reskilling mitigation grid {0.25,0.50,1.00}; engine enforces zeta*RST through the weight formula.",none,baseline-official-v3,v1.0.1-official-4c,OFFICIAL_V2_zeta_s_PER___,2026-07-09T12:13:19.415601+00:00,materialize_official_v3_measurement_uncertainty.py,registered,,,False,False,True,baseline,True
lambda_LS,fiscal_channels,PER,0.5,0.25,1.0,bounded_PERT,declared,PAPER_MASTER_CALIBRATION_MATRIX,"Labor-share partial-adjustment grid {0.25,0.50,1.00}.",none,baseline-official-v3,v1.0.1-official-4c,OFFICIAL_V2_lambda_LS_PER___,2026-07-09T12:13:19.415601+00:00,materialize_official_v3_measurement_uncertainty.py,registered,,,False,False,True,baseline,True
chi_Kbase,fiscal_channels,PER,0.7,0.55,0.85,bounded_PERT,0_to_1,AUTHOR_REVIEW_PENDING_NATIONAL_ACCOUNTS;PLAN_02_SEC_7_4_1,Share of non-labor surplus that is corporate taxable base; 1.0 only favorable variant.,none,baseline-official-v3,v1.0.1-official-4c,OFFICIAL_V2_chi_Kbase_PER___,2026-07-09T12:13:19.415601+00:00,materialize_official_v3_measurement_uncertainty.py,author_approved,2026-07-08,ratificacion del autor registrada pre-resultados,False,False,True,baseline,True
chi_dom,fiscal_channels,PER,0.95,0.85,1.0,bounded_PERT,0_to_1,AUTHOR_REVIEW_PENDING_NATIONAL_ACCOUNTS;PLAN_02_SEC_7_4_1,Domestic share of incremental corporate base.,none,baseline-official-v3,v1.0.1-official-4c,OFFICIAL_V2_chi_dom_PER___,2026-07-09T12:13:19.415601+00:00,materialize_official_v3_measurement_uncertainty.py,author_approved,2026-07-08,ratificacion del autor registrada pre-resultados,False,False,True,baseline,True
psi_shift,fiscal_channels,PER,0.15,0.0,0.3,bounded_PERT,0_to_1,PAPER_APP_FISCAL_CONVERSION;PLAN_02_SEC_10_8,Ordinary shifting of incremental capital base; central conservative-moderate; zero only favorable labeled variant.,none,baseline-official-v3,v1.0.1-official-4c,OFFICIAL_V2_psi_shift_PER___,2026-07-09T12:13:19.415601+00:00,materialize_official_v3_measurement_uncertainty.py,author_approved,2026-07-08,ratificacion del autor registrada pre-resultados,False,False,True,baseline,True
tau_R_disp,fiscal_channels,PER,0.0,0.0,0.0,fixed,0_to_1,PAPER_APP_FISCAL_CONVERSION,Residual non-labor income is routed through consumption only in primary.,none,baseline-official-v3,v1.0.1-official-4c,OFFICIAL_V2_tau_R_disp_PER___,2026-07-09T12:13:19.415601+00:00,materialize_official_v3_measurement_uncertainty.py,registered,,,False,True,True,baseline,True
exempt_C,fiscal_channels,PER,0.0,0.0,0.0,fixed,0_to_1,PLAN_02_SEC_10_8,Observed tau_C_eff already embeds exemptions and informal untaxed consumption; base-side exempt_C is zero to avoid double count.,none,baseline-official-v3,v1.0.1-official-4c,OFFICIAL_V2_exempt_C_PER___,2026-07-09T12:13:19.415601+00:00,materialize_official_v3_measurement_uncertainty.py,registered,,,False,False,True,baseline,True
kappa_LP_to_Y_high,ai_shock,PER,0.447212278842926,0.447212278842926,0.447212278842926,fixed,declared,PWT_10_01;PAPER_SEC_PARAMETERS,Country-specific LP to Y bridge for high scenario.,none,baseline-official-v3,v1.0.1-official-4c,OFFICIAL_V2_kappa_LP_to_Y_high_PER_high__,2026-07-09T12:13:19.415601+00:00,materialize_official_v3_measurement_uncertainty.py,registered,,,False,False,True,baseline,True
phi_Y_nom_high,ai_shock,PER,0.003801304370164793,0.0017888491153716934,0.005813759624958115,derived_bounded_PERT,declared,OECD2025G7;PWT_10_01;PAPER_SEC_10_4,High-scenario nominal GDP-equivalent shock is country-specific because kappa_LP_to_Y equals labor share.,none,baseline-official-v3,v1.0.1-official-4c,OFFICIAL_V2_phi_Y_nom_high_PER_high__,2026-07-09T12:13:19.415601+00:00,materialize_official_v3_measurement_uncertainty.py,registered,,,False,True,True,baseline,True
I_ceiling_informality,adoption_translation,CHL,0.27458,0.0,1.0,bounded_PERT,0_to_1,ILOSTAT,Same observed informality used for adoption ceiling.,none,baseline-official-v3,v1.0.1-official-4c,OFFICIAL_V2_I_ceiling_informality_CHL___,2026-07-09T12:13:19.415601+00:00,materialize_official_v3_measurement_uncertainty.py,registered,,,False,False,True,baseline,True
LS_labor_share,fiscal_channels,CHL,0.4396144151687622,0.4396144151687622,0.4396144151687622,fixed,0_to_1,PWT_10_01,PWT labor share carried forward to 2024.,none,baseline-official-v3,v1.0.1-official-4c,OFFICIAL_V2_LS_labor_share_CHL___,2026-07-09T12:13:19.415601+00:00,materialize_official_v3_measurement_uncertainty.py,registered,,,False,False,True,baseline,True
E_aug,fiscal_channels,CHL,0.11,0.08,0.14,bounded_PERT,0_to_1,PLAN_01_02,No automation/augmentation split in snapshot; augmentation uses LAC productive-exposure fallback.,none,baseline-official-v3,v1.0.1-official-4c,OFFICIAL_V2_E_aug_CHL___,2026-07-09T12:13:19.415601+00:00,materialize_official_v3_measurement_uncertainty.py,author_approved,2026-07-08,ratificacion del autor registrada pre-resultados,False,False,True,baseline,True
RST,fiscal_channels,CHL,0.5,0.0,1.0,bounded_PERT,0_to_1,IMF_AIPI_DATA360;PLAN_01_SEC_14_6,"RST proxy uses AIPI human_capital_labor residualized on total AIPI over the international AIPI sample, then percentile-ranked.",none,baseline-official-v3,v1.0.1-official-4c,OFFICIAL_V2_RST_CHL___,2026-07-09T12:13:19.415601+00:00,materialize_official_v3_measurement_uncertainty.py,author_approved,2026-07-08,ratificacion del autor registrada pre-resultados,False,False,True,baseline,True
tau_L_disp,fiscal_channels,CHL,0.07823103988119534,0.07823103988119534,0.07823103988119534,fixed,0_to_1,OECD_REVSTAT_LAC;PWT_10_01,Disposable labor rate frozen at r0 observed effective labor rate.,none,baseline-official-v3,v1.0.1-official-4c,OFFICIAL_V2_tau_L_disp_CHL___,2026-07-09T12:13:19.415601+00:00,materialize_official_v3_measurement_uncertainty.py,registered,,,False,True,True,baseline,True
tau_K_disp,fiscal_channels,CHL,0.0758952644530852,0.0758952644530852,0.0758952644530852,fixed,0_to_1,OECD_REVSTAT_LAC;PWT_10_01,Disposable capital rate frozen at r0 observed effective capital rate.,none,baseline-official-v3,v1.0.1-official-4c,OFFICIAL_V2_tau_K_disp_CHL___,2026-07-09T12:13:19.415601+00:00,materialize_official_v3_measurement_uncertainty.py,registered,,,False,True,True,baseline,True
tau_C_disp,fiscal_channels,CHL,0.117114874990871,0.117114874990871,0.117114874990871,fixed,0_to_1,OECD_REVSTAT_LAC;WDI,"Observed consumption effective tax rate; MFC uses regime-indexed rate, disposable chain freezes r0.",none,baseline-official-v3,v1.0.1-official-4c,OFFICIAL_V2_tau_C_disp_CHL___,2026-07-09T12:13:19.415601+00:00,materialize_official_v3_measurement_uncertainty.py,registered,,,False,True,True,baseline,True
mpc_W,fiscal_channels,CHL,0.7337433879854539,0.5837433879854539,0.8337433879854539,bounded_PERT,0_to_1,WDI;PAPER_APP_FISCAL_CONVERSION,Final-consumption/GDP share as transparent proxy for labor-income MPC.,none,baseline-official-v3,v1.0.1-official-4c,OFFICIAL_V2_mpc_W_CHL___,2026-07-09T12:13:19.415601+00:00,materialize_official_v3_measurement_uncertainty.py,author_approved,2026-07-08,ratificacion del autor registrada pre-resultados,False,False,True,baseline,True
mpc_Pi,fiscal_channels,CHL,0.36687169399272695,0.21687169399272696,0.5168716939927269,bounded_PERT,0_to_1,WDI;PAPER_APP_FISCAL_CONVERSION,Profit-income MPC proxy set below labor-income proxy.,none,baseline-official-v3,v1.0.1-official-4c,OFFICIAL_V2_mpc_Pi_CHL___,2026-07-09T12:13:19.415601+00:00,materialize_official_v3_measurement_uncertainty.py,author_approved,2026-07-08,ratificacion del autor registrada pre-resultados,False,False,True,baseline,True
mpc_R,fiscal_channels,CHL,0.5503075409890904,0.4003075409890904,0.7003075409890904,bounded_PERT,0_to_1,WDI;PAPER_APP_FISCAL_CONVERSION,Residual-income MPC proxy between labor and profit proxies.,none,baseline-official-v3,v1.0.1-official-4c,OFFICIAL_V2_mpc_R_CHL___,2026-07-09T12:13:19.415601+00:00,materialize_official_v3_measurement_uncertainty.py,author_approved,2026-07-08,ratificacion del autor registrada pre-resultados,False,False,True,baseline,True
sPB_plus_gdp_ratio,fiscal_channels,CHL,0.0,0.0,0.0,fixed,declared,IMF_WEO_GFS;PLAN_02_SEC_7_7,"max(0,-pb_gap_gdp_pp)/100 because anchor stores IMF percent-of-GDP values in percentage points.",none,baseline-official-v3,v1.0.1-official-4c,OFFICIAL_V2_sPB_plus_gdp_ratio_CHL___,2026-07-09T12:13:19.415601+00:00,materialize_official_v3_measurement_uncertainty.py,registered,,,False,False,True,baseline,True
beta_translation,adoption_translation,CHL,1.0,0.5,2.0,bounded_PERT,declared,PAPER_TRANSLATION_GRID,"Baseline unit elasticity; sensitivity grid {0.5,1,1.5,2}.",none,baseline-official-v3,v1.0.1-official-4c,OFFICIAL_V2_beta_translation_CHL___,2026-07-09T12:13:19.415601+00:00,materialize_official_v3_measurement_uncertainty.py,registered,,,False,False,True,baseline,True
gamma_translation,adoption_translation,CHL,1.0,0.5,2.0,bounded_PERT,declared,PAPER_TRANSLATION_GRID,"Baseline unit elasticity; sensitivity grid {0.5,1,1.5,2}.",none,baseline-official-v3,v1.0.1-official-4c,OFFICIAL_V2_gamma_translation_CHL___,2026-07-09T12:13:19.415601+00:00,materialize_official_v3_measurement_uncertainty.py,registered,,,False,False,True,baseline,True
epsilon,adoption_translation,CHL,1e-09,1e-09,1e-09,fixed,declared,PLAN_02_SEC_7_7,Frozen numerical floor for support checks and de-flooring.,none,baseline-official-v3,v1.0.1-official-4c,OFFICIAL_V2_epsilon_CHL___,2026-07-09T12:13:19.415601+00:00,materialize_official_v3_measurement_uncertainty.py,registered,,,False,False,True,baseline,True
epsilon_mu,adoption_translation,CHL,1e-06,1e-06,1e-06,fixed,declared,PLAN_02_SEC_7_3,Frozen logit inversion floor; q_use_target_adj is projected to interior support.,none,baseline-official-v3,v1.0.1-official-4c,OFFICIAL_V2_epsilon_mu_CHL___,2026-07-09T12:13:19.415601+00:00,materialize_official_v3_measurement_uncertainty.py,registered,,,False,False,True,baseline,True
lambda_q_baseline_mid,adoption_translation,CHL,0.3,0.15,0.5,bounded_PERT,declared,PLAN_02_SEC_7_3,"Baseline diffusion-speed grid {0.15,0.30,0.50}; frozen baseline keeps q_prod at anchor.",none,baseline-official-v3,v1.0.1-official-4c,OFFICIAL_V2_lambda_q_baseline_mid_CHL___,2026-07-09T12:13:19.415601+00:00,materialize_official_v3_measurement_uncertainty.py,registered,,,False,False,True,baseline,True
lambda_q_stress_instant,adoption_translation,CHL,1.0,1.0,1.0,fixed,declared,PLAN_02_SEC_7_3,"Instant-adoption stress only, not baseline primary.",none,baseline-official-v3,v1.0.1-official-4c,OFFICIAL_V2_lambda_q_stress_instant_CHL___,2026-07-09T12:13:19.415601+00:00,materialize_official_v3_measurement_uncertainty.py,registered,,,False,False,True,baseline,True
nu_A,adoption_translation,CHL,1.0,0.25,2.0,bounded_PERT,declared,PLAN_02_SEC_7_3,Preparedness coefficient; inert in frozen baseline because mu is inverted to target.,none,baseline-official-v3,v1.0.1-official-4c,OFFICIAL_V2_nu_A_CHL___,2026-07-09T12:13:19.415601+00:00,materialize_official_v3_measurement_uncertainty.py,author_approved,2026-07-08,ratificacion del autor registrada pre-resultados,False,False,True,baseline,True
nu_I,adoption_translation,CHL,0.5,0.0,1.0,bounded_PERT,declared,PLAN_02_SEC_7_3,Informality coefficient; inert in frozen baseline because mu is inverted to target.,none,baseline-official-v3,v1.0.1-official-4c,OFFICIAL_V2_nu_I_CHL___,2026-07-09T12:13:19.415601+00:00,materialize_official_v3_measurement_uncertainty.py,author_approved,2026-07-08,ratificacion del autor registrada pre-resultados,False,False,True,baseline,True
nu_G,adoption_translation,CHL,0.5,0.0,1.0,bounded_PERT,declared,PLAN_02_SEC_7_3,Gap coefficient; inert in frozen baseline because mu is inverted to target.,none,baseline-official-v3,v1.0.1-official-4c,OFFICIAL_V2_nu_G_CHL___,2026-07-09T12:13:19.415601+00:00,materialize_official_v3_measurement_uncertainty.py,author_approved,2026-07-08,ratificacion del autor registrada pre-resultados,False,False,True,baseline,True
omega_I,adoption_translation,CHL,0.5,0.25,0.75,bounded_PERT,declared,PLAN_02_SEC_7_3,Informality ceiling penalty; omega_I<1 is the paper economic restriction.,none,baseline-official-v3,v1.0.1-official-4c,OFFICIAL_V2_omega_I_CHL___,2026-07-09T12:13:19.415601+00:00,materialize_official_v3_measurement_uncertainty.py,author_approved,2026-07-08,ratificacion del autor registrada pre-resultados,False,False,True,baseline,True
omega_G,adoption_translation,CHL,0.5,0.25,0.75,bounded_PERT,declared,PLAN_02_SEC_7_3,"Digital-gap ceiling penalty, now based on excluded coverage+speed Gap.",none,baseline-official-v3,v1.0.1-official-4c,OFFICIAL_V2_omega_G_CHL___,2026-07-09T12:13:19.415601+00:00,materialize_official_v3_measurement_uncertainty.py,author_approved,2026-07-08,ratificacion del autor registrada pre-resultados,False,False,True,baseline,True
delta_s,fiscal_channels,CHL,0.5,0.25,1.0,bounded_PERT,declared,PAPER_MASTER_CALIBRATION_MATRIX,"Automation pressure grid {0.25,0.50,1.00}.",none,baseline-official-v3,v1.0.1-official-4c,OFFICIAL_V2_delta_s_CHL___,2026-07-09T12:13:19.415601+00:00,materialize_official_v3_measurement_uncertainty.py,registered,,,False,True,True,baseline,True
psi_s,fiscal_channels,CHL,0.5,0.25,1.0,bounded_PERT,declared,PAPER_MASTER_CALIBRATION_MATRIX,"Augmentation pressure grid {0.25,0.50,1.00}.",none,baseline-official-v3,v1.0.1-official-4c,OFFICIAL_V2_psi_s_CHL___,2026-07-09T12:13:19.415601+00:00,materialize_official_v3_measurement_uncertainty.py,registered,,,False,False,True,baseline,True
zeta_s,fiscal_channels,CHL,0.5,0.25,1.0,bounded_PERT,declared,PAPER_MASTER_CALIBRATION_MATRIX,"Reskilling mitigation grid {0.25,0.50,1.00}; engine enforces zeta*RST through the weight formula.",none,baseline-official-v3,v1.0.1-official-4c,OFFICIAL_V2_zeta_s_CHL___,2026-07-09T12:13:19.415601+00:00,materialize_official_v3_measurement_uncertainty.py,registered,,,False,False,True,baseline,True
lambda_LS,fiscal_channels,CHL,0.5,0.25,1.0,bounded_PERT,declared,PAPER_MASTER_CALIBRATION_MATRIX,"Labor-share partial-adjustment grid {0.25,0.50,1.00}.",none,baseline-official-v3,v1.0.1-official-4c,OFFICIAL_V2_lambda_LS_CHL___,2026-07-09T12:13:19.415601+00:00,materialize_official_v3_measurement_uncertainty.py,registered,,,False,False,True,baseline,True
chi_Kbase,fiscal_channels,CHL,0.7,0.55,0.85,bounded_PERT,0_to_1,AUTHOR_REVIEW_PENDING_NATIONAL_ACCOUNTS;PLAN_02_SEC_7_4_1,Share of non-labor surplus that is corporate taxable base; 1.0 only favorable variant.,none,baseline-official-v3,v1.0.1-official-4c,OFFICIAL_V2_chi_Kbase_CHL___,2026-07-09T12:13:19.415601+00:00,materialize_official_v3_measurement_uncertainty.py,author_approved,2026-07-08,ratificacion del autor registrada pre-resultados,False,False,True,baseline,True
chi_dom,fiscal_channels,CHL,0.95,0.85,1.0,bounded_PERT,0_to_1,AUTHOR_REVIEW_PENDING_NATIONAL_ACCOUNTS;PLAN_02_SEC_7_4_1,Domestic share of incremental corporate base.,none,baseline-official-v3,v1.0.1-official-4c,OFFICIAL_V2_chi_dom_CHL___,2026-07-09T12:13:19.415601+00:00,materialize_official_v3_measurement_uncertainty.py,author_approved,2026-07-08,ratificacion del autor registrada pre-resultados,False,False,True,baseline,True
psi_shift,fiscal_channels,CHL,0.15,0.0,0.3,bounded_PERT,0_to_1,PAPER_APP_FISCAL_CONVERSION;PLAN_02_SEC_10_8,Ordinary shifting of incremental capital base; central conservative-moderate; zero only favorable labeled variant.,none,baseline-official-v3,v1.0.1-official-4c,OFFICIAL_V2_psi_shift_CHL___,2026-07-09T12:13:19.415601+00:00,materialize_official_v3_measurement_uncertainty.py,author_approved,2026-07-08,ratificacion del autor registrada pre-resultados,False,False,True,baseline,True
tau_R_disp,fiscal_channels,CHL,0.0,0.0,0.0,fixed,0_to_1,PAPER_APP_FISCAL_CONVERSION,Residual non-labor income is routed through consumption only in primary.,none,baseline-official-v3,v1.0.1-official-4c,OFFICIAL_V2_tau_R_disp_CHL___,2026-07-09T12:13:19.415601+00:00,materialize_official_v3_measurement_uncertainty.py,registered,,,False,True,True,baseline,True
exempt_C,fiscal_channels,CHL,0.0,0.0,0.0,fixed,0_to_1,PLAN_02_SEC_10_8,Observed tau_C_eff already embeds exemptions and informal untaxed consumption; base-side exempt_C is zero to avoid double count.,none,baseline-official-v3,v1.0.1-official-4c,OFFICIAL_V2_exempt_C_CHL___,2026-07-09T12:13:19.415601+00:00,materialize_official_v3_measurement_uncertainty.py,registered,,,False,False,True,baseline,True
kappa_LP_to_Y_high,ai_shock,CHL,0.4396144151687622,0.4396144151687622,0.4396144151687622,fixed,declared,PWT_10_01;PAPER_SEC_PARAMETERS,Country-specific LP to Y bridge for high scenario.,none,baseline-official-v3,v1.0.1-official-4c,OFFICIAL_V2_kappa_LP_to_Y_high_CHL_high__,2026-07-09T12:13:19.415601+00:00,materialize_official_v3_measurement_uncertainty.py,registered,,,False,False,True,baseline,True
phi_Y_nom_high,ai_shock,CHL,0.003736722528934422,0.0017584576606750613,0.005714987397194005,derived_bounded_PERT,declared,OECD2025G7;PWT_10_01;PAPER_SEC_10_4,High-scenario nominal GDP-equivalent shock is country-specific because kappa_LP_to_Y equals labor share.,none,baseline-official-v3,v1.0.1-official-4c,OFFICIAL_V2_phi_Y_nom_high_CHL_high__,2026-07-09T12:13:19.415601+00:00,materialize_official_v3_measurement_uncertainty.py,registered,,,False,True,True,baseline,True
I_ceiling_informality,adoption_translation,COL,0.56143,0.0,1.0,bounded_PERT,0_to_1,ILOSTAT,Same observed informality used for adoption ceiling.,none,baseline-official-v3,v1.0.1-official-4c,OFFICIAL_V2_I_ceiling_informality_COL___,2026-07-09T12:13:19.415601+00:00,materialize_official_v3_measurement_uncertainty.py,registered,,,False,False,True,baseline,True
LS_labor_share,fiscal_channels,COL,0.4952113628387451,0.4952113628387451,0.4952113628387451,fixed,0_to_1,PWT_10_01,PWT labor share carried forward to 2024.,none,baseline-official-v3,v1.0.1-official-4c,OFFICIAL_V2_LS_labor_share_COL___,2026-07-09T12:13:19.415601+00:00,materialize_official_v3_measurement_uncertainty.py,registered,,,False,False,True,baseline,True
E_aug,fiscal_channels,COL,0.11,0.08,0.14,bounded_PERT,0_to_1,PLAN_01_02,No automation/augmentation split in snapshot; augmentation uses LAC productive-exposure fallback.,none,baseline-official-v3,v1.0.1-official-4c,OFFICIAL_V2_E_aug_COL___,2026-07-09T12:13:19.415601+00:00,materialize_official_v3_measurement_uncertainty.py,author_approved,2026-07-08,ratificacion del autor registrada pre-resultados,False,False,True,baseline,True
RST,fiscal_channels,COL,0.6987951807228916,0.0,1.0,bounded_PERT,0_to_1,IMF_AIPI_DATA360;PLAN_01_SEC_14_6,"RST proxy uses AIPI human_capital_labor residualized on total AIPI over the international AIPI sample, then percentile-ranked.",none,baseline-official-v3,v1.0.1-official-4c,OFFICIAL_V2_RST_COL___,2026-07-09T12:13:19.415601+00:00,materialize_official_v3_measurement_uncertainty.py,author_approved,2026-07-08,ratificacion del autor registrada pre-resultados,False,False,True,baseline,True
tau_L_disp,fiscal_channels,COL,0.06452914158536067,0.06452914158536067,0.06452914158536067,fixed,0_to_1,OECD_REVSTAT_LAC;PWT_10_01,Disposable labor rate frozen at r0 observed effective labor rate.,none,baseline-official-v3,v1.0.1-official-4c,OFFICIAL_V2_tau_L_disp_COL___,2026-07-09T12:13:19.415601+00:00,materialize_official_v3_measurement_uncertainty.py,registered,,,False,True,True,baseline,True
tau_K_disp,fiscal_channels,COL,0.1065034343683816,0.1065034343683816,0.1065034343683816,fixed,0_to_1,OECD_REVSTAT_LAC;PWT_10_01,Disposable capital rate frozen at r0 observed effective capital rate.,none,baseline-official-v3,v1.0.1-official-4c,OFFICIAL_V2_tau_K_disp_COL___,2026-07-09T12:13:19.415601+00:00,materialize_official_v3_measurement_uncertainty.py,registered,,,False,True,True,baseline,True
tau_C_disp,fiscal_channels,COL,0.06394529573605691,0.06394529573605691,0.06394529573605691,fixed,0_to_1,OECD_REVSTAT_LAC;WDI,"Observed consumption effective tax rate; MFC uses regime-indexed rate, disposable chain freezes r0.",none,baseline-official-v3,v1.0.1-official-4c,OFFICIAL_V2_tau_C_disp_COL___,2026-07-09T12:13:19.415601+00:00,materialize_official_v3_measurement_uncertainty.py,registered,,,False,True,True,baseline,True
mpc_W,fiscal_channels,COL,0.876845252130955,0.726845252130955,0.976845252130955,bounded_PERT,0_to_1,WDI;PAPER_APP_FISCAL_CONVERSION,Final-consumption/GDP share as transparent proxy for labor-income MPC.,none,baseline-official-v3,v1.0.1-official-4c,OFFICIAL_V2_mpc_W_COL___,2026-07-09T12:13:19.415601+00:00,materialize_official_v3_measurement_uncertainty.py,author_approved,2026-07-08,ratificacion del autor registrada pre-resultados,False,False,True,baseline,True
mpc_Pi,fiscal_channels,COL,0.4384226260654775,0.2884226260654775,0.5884226260654775,bounded_PERT,0_to_1,WDI;PAPER_APP_FISCAL_CONVERSION,Profit-income MPC proxy set below labor-income proxy.,none,baseline-official-v3,v1.0.1-official-4c,OFFICIAL_V2_mpc_Pi_COL___,2026-07-09T12:13:19.415601+00:00,materialize_official_v3_measurement_uncertainty.py,author_approved,2026-07-08,ratificacion del autor registrada pre-resultados,False,False,True,baseline,True
mpc_R,fiscal_channels,COL,0.6576339390982162,0.5076339390982162,0.8076339390982162,bounded_PERT,0_to_1,WDI;PAPER_APP_FISCAL_CONVERSION,Residual-income MPC proxy between labor and profit proxies.,none,baseline-official-v3,v1.0.1-official-4c,OFFICIAL_V2_mpc_R_COL___,2026-07-09T12:13:19.415601+00:00,materialize_official_v3_measurement_uncertainty.py,author_approved,2026-07-08,ratificacion del autor registrada pre-resultados,False,False,True,baseline,True
sPB_plus_gdp_ratio,fiscal_channels,COL,0.01626649762972663,0.01626649762972663,0.01626649762972663,fixed,declared,IMF_WEO_GFS;PLAN_02_SEC_7_7,"max(0,-pb_gap_gdp_pp)/100 because anchor stores IMF percent-of-GDP values in percentage points.",none,baseline-official-v3,v1.0.1-official-4c,OFFICIAL_V2_sPB_plus_gdp_ratio_COL___,2026-07-09T12:13:19.415601+00:00,materialize_official_v3_measurement_uncertainty.py,registered,,,False,False,True,baseline,True
beta_translation,adoption_translation,COL,1.0,0.5,2.0,bounded_PERT,declared,PAPER_TRANSLATION_GRID,"Baseline unit elasticity; sensitivity grid {0.5,1,1.5,2}.",none,baseline-official-v3,v1.0.1-official-4c,OFFICIAL_V2_beta_translation_COL___,2026-07-09T12:13:19.415601+00:00,materialize_official_v3_measurement_uncertainty.py,registered,,,False,False,True,baseline,True
gamma_translation,adoption_translation,COL,1.0,0.5,2.0,bounded_PERT,declared,PAPER_TRANSLATION_GRID,"Baseline unit elasticity; sensitivity grid {0.5,1,1.5,2}.",none,baseline-official-v3,v1.0.1-official-4c,OFFICIAL_V2_gamma_translation_COL___,2026-07-09T12:13:19.415601+00:00,materialize_official_v3_measurement_uncertainty.py,registered,,,False,False,True,baseline,True
epsilon,adoption_translation,COL,1e-09,1e-09,1e-09,fixed,declared,PLAN_02_SEC_7_7,Frozen numerical floor for support checks and de-flooring.,none,baseline-official-v3,v1.0.1-official-4c,OFFICIAL_V2_epsilon_COL___,2026-07-09T12:13:19.415601+00:00,materialize_official_v3_measurement_uncertainty.py,registered,,,False,False,True,baseline,True
epsilon_mu,adoption_translation,COL,1e-06,1e-06,1e-06,fixed,declared,PLAN_02_SEC_7_3,Frozen logit inversion floor; q_use_target_adj is projected to interior support.,none,baseline-official-v3,v1.0.1-official-4c,OFFICIAL_V2_epsilon_mu_COL___,2026-07-09T12:13:19.415601+00:00,materialize_official_v3_measurement_uncertainty.py,registered,,,False,False,True,baseline,True
lambda_q_baseline_mid,adoption_translation,COL,0.3,0.15,0.5,bounded_PERT,declared,PLAN_02_SEC_7_3,"Baseline diffusion-speed grid {0.15,0.30,0.50}; frozen baseline keeps q_prod at anchor.",none,baseline-official-v3,v1.0.1-official-4c,OFFICIAL_V2_lambda_q_baseline_mid_COL___,2026-07-09T12:13:19.415601+00:00,materialize_official_v3_measurement_uncertainty.py,registered,,,False,False,True,baseline,True
lambda_q_stress_instant,adoption_translation,COL,1.0,1.0,1.0,fixed,declared,PLAN_02_SEC_7_3,"Instant-adoption stress only, not baseline primary.",none,baseline-official-v3,v1.0.1-official-4c,OFFICIAL_V2_lambda_q_stress_instant_COL___,2026-07-09T12:13:19.415601+00:00,materialize_official_v3_measurement_uncertainty.py,registered,,,False,False,True,baseline,True
nu_A,adoption_translation,COL,1.0,0.25,2.0,bounded_PERT,declared,PLAN_02_SEC_7_3,Preparedness coefficient; inert in frozen baseline because mu is inverted to target.,none,baseline-official-v3,v1.0.1-official-4c,OFFICIAL_V2_nu_A_COL___,2026-07-09T12:13:19.415601+00:00,materialize_official_v3_measurement_uncertainty.py,author_approved,2026-07-08,ratificacion del autor registrada pre-resultados,False,False,True,baseline,True
nu_I,adoption_translation,COL,0.5,0.0,1.0,bounded_PERT,declared,PLAN_02_SEC_7_3,Informality coefficient; inert in frozen baseline because mu is inverted to target.,none,baseline-official-v3,v1.0.1-official-4c,OFFICIAL_V2_nu_I_COL___,2026-07-09T12:13:19.415601+00:00,materialize_official_v3_measurement_uncertainty.py,author_approved,2026-07-08,ratificacion del autor registrada pre-resultados,False,False,True,baseline,True
nu_G,adoption_translation,COL,0.5,0.0,1.0,bounded_PERT,declared,PLAN_02_SEC_7_3,Gap coefficient; inert in frozen baseline because mu is inverted to target.,none,baseline-official-v3,v1.0.1-official-4c,OFFICIAL_V2_nu_G_COL___,2026-07-09T12:13:19.415601+00:00,materialize_official_v3_measurement_uncertainty.py,author_approved,2026-07-08,ratificacion del autor registrada pre-resultados,False,False,True,baseline,True
omega_I,adoption_translation,COL,0.5,0.25,0.75,bounded_PERT,declared,PLAN_02_SEC_7_3,Informality ceiling penalty; omega_I<1 is the paper economic restriction.,none,baseline-official-v3,v1.0.1-official-4c,OFFICIAL_V2_omega_I_COL___,2026-07-09T12:13:19.415601+00:00,materialize_official_v3_measurement_uncertainty.py,author_approved,2026-07-08,ratificacion del autor registrada pre-resultados,False,False,True,baseline,True
omega_G,adoption_translation,COL,0.5,0.25,0.75,bounded_PERT,declared,PLAN_02_SEC_7_3,"Digital-gap ceiling penalty, now based on excluded coverage+speed Gap.",none,baseline-official-v3,v1.0.1-official-4c,OFFICIAL_V2_omega_G_COL___,2026-07-09T12:13:19.415601+00:00,materialize_official_v3_measurement_uncertainty.py,author_approved,2026-07-08,ratificacion del autor registrada pre-resultados,False,False,True,baseline,True
delta_s,fiscal_channels,COL,0.5,0.25,1.0,bounded_PERT,declared,PAPER_MASTER_CALIBRATION_MATRIX,"Automation pressure grid {0.25,0.50,1.00}.",none,baseline-official-v3,v1.0.1-official-4c,OFFICIAL_V2_delta_s_COL___,2026-07-09T12:13:19.415601+00:00,materialize_official_v3_measurement_uncertainty.py,registered,,,False,True,True,baseline,True
psi_s,fiscal_channels,COL,0.5,0.25,1.0,bounded_PERT,declared,PAPER_MASTER_CALIBRATION_MATRIX,"Augmentation pressure grid {0.25,0.50,1.00}.",none,baseline-official-v3,v1.0.1-official-4c,OFFICIAL_V2_psi_s_COL___,2026-07-09T12:13:19.415601+00:00,materialize_official_v3_measurement_uncertainty.py,registered,,,False,False,True,baseline,True
zeta_s,fiscal_channels,COL,0.5,0.25,1.0,bounded_PERT,declared,PAPER_MASTER_CALIBRATION_MATRIX,"Reskilling mitigation grid {0.25,0.50,1.00}; engine enforces zeta*RST through the weight formula.",none,baseline-official-v3,v1.0.1-official-4c,OFFICIAL_V2_zeta_s_COL___,2026-07-09T12:13:19.415601+00:00,materialize_official_v3_measurement_uncertainty.py,registered,,,False,False,True,baseline,True
lambda_LS,fiscal_channels,COL,0.5,0.25,1.0,bounded_PERT,declared,PAPER_MASTER_CALIBRATION_MATRIX,"Labor-share partial-adjustment grid {0.25,0.50,1.00}.",none,baseline-official-v3,v1.0.1-official-4c,OFFICIAL_V2_lambda_LS_COL___,2026-07-09T12:13:19.415601+00:00,materialize_official_v3_measurement_uncertainty.py,registered,,,False,False,True,baseline,True
chi_Kbase,fiscal_channels,COL,0.7,0.55,0.85,bounded_PERT,0_to_1,AUTHOR_REVIEW_PENDING_NATIONAL_ACCOUNTS;PLAN_02_SEC_7_4_1,Share of non-labor surplus that is corporate taxable base; 1.0 only favorable variant.,none,baseline-official-v3,v1.0.1-official-4c,OFFICIAL_V2_chi_Kbase_COL___,2026-07-09T12:13:19.415601+00:00,materialize_official_v3_measurement_uncertainty.py,author_approved,2026-07-08,ratificacion del autor registrada pre-resultados,False,False,True,baseline,True
chi_dom,fiscal_channels,COL,0.95,0.85,1.0,bounded_PERT,0_to_1,AUTHOR_REVIEW_PENDING_NATIONAL_ACCOUNTS;PLAN_02_SEC_7_4_1,Domestic share of incremental corporate base.,none,baseline-official-v3,v1.0.1-official-4c,OFFICIAL_V2_chi_dom_COL___,2026-07-09T12:13:19.415601+00:00,materialize_official_v3_measurement_uncertainty.py,author_approved,2026-07-08,ratificacion del autor registrada pre-resultados,False,False,True,baseline,True
psi_shift,fiscal_channels,COL,0.15,0.0,0.3,bounded_PERT,0_to_1,PAPER_APP_FISCAL_CONVERSION;PLAN_02_SEC_10_8,Ordinary shifting of incremental capital base; central conservative-moderate; zero only favorable labeled variant.,none,baseline-official-v3,v1.0.1-official-4c,OFFICIAL_V2_psi_shift_COL___,2026-07-09T12:13:19.415601+00:00,materialize_official_v3_measurement_uncertainty.py,author_approved,2026-07-08,ratificacion del autor registrada pre-resultados,False,False,True,baseline,True
tau_R_disp,fiscal_channels,COL,0.0,0.0,0.0,fixed,0_to_1,PAPER_APP_FISCAL_CONVERSION,Residual non-labor income is routed through consumption only in primary.,none,baseline-official-v3,v1.0.1-official-4c,OFFICIAL_V2_tau_R_disp_COL___,2026-07-09T12:13:19.415601+00:00,materialize_official_v3_measurement_uncertainty.py,registered,,,False,True,True,baseline,True
exempt_C,fiscal_channels,COL,0.0,0.0,0.0,fixed,0_to_1,PLAN_02_SEC_10_8,Observed tau_C_eff already embeds exemptions and informal untaxed consumption; base-side exempt_C is zero to avoid double count.,none,baseline-official-v3,v1.0.1-official-4c,OFFICIAL_V2_exempt_C_COL___,2026-07-09T12:13:19.415601+00:00,materialize_official_v3_measurement_uncertainty.py,registered,,,False,False,True,baseline,True
kappa_LP_to_Y_high,ai_shock,COL,0.4952113628387451,0.4952113628387451,0.4952113628387451,fixed,declared,PWT_10_01;PAPER_SEC_PARAMETERS,Country-specific LP to Y bridge for high scenario.,none,baseline-official-v3,v1.0.1-official-4c,OFFICIAL_V2_kappa_LP_to_Y_high_COL_high__,2026-07-09T12:13:19.415601+00:00,materialize_official_v3_measurement_uncertainty.py,registered,,,False,False,True,baseline,True
phi_Y_nom_high,ai_shock,COL,0.004209296584129385,0.0019808454513550178,0.006437747716903752,derived_bounded_PERT,declared,OECD2025G7;PWT_10_01;PAPER_SEC_10_4,High-scenario nominal GDP-equivalent shock is country-specific because kappa_LP_to_Y equals labor share.,none,baseline-official-v3,v1.0.1-official-4c,OFFICIAL_V2_phi_Y_nom_high_COL_high__,2026-07-09T12:13:19.415601+00:00,materialize_official_v3_measurement_uncertainty.py,registered,,,False,True,True,baseline,True
I_ceiling_informality,adoption_translation,MEX,0.50592,0.0,1.0,bounded_PERT,0_to_1,ILOSTAT,Same observed informality used for adoption ceiling.,none,baseline-official-v3,v1.0.1-official-4c,OFFICIAL_V2_I_ceiling_informality_MEX___,2026-07-09T12:13:19.415601+00:00,materialize_official_v3_measurement_uncertainty.py,registered,,,False,False,True,baseline,True
LS_labor_share,fiscal_channels,MEX,0.3602636754512787,0.3602636754512787,0.3602636754512787,fixed,0_to_1,PWT_10_01,PWT labor share carried forward to 2024.,none,baseline-official-v3,v1.0.1-official-4c,OFFICIAL_V2_LS_labor_share_MEX___,2026-07-09T12:13:19.415601+00:00,materialize_official_v3_measurement_uncertainty.py,registered,,,False,False,True,baseline,True
E_aug,fiscal_channels,MEX,0.11,0.08,0.14,bounded_PERT,0_to_1,PLAN_01_02,No automation/augmentation split in snapshot; augmentation uses LAC productive-exposure fallback.,none,baseline-official-v3,v1.0.1-official-4c,OFFICIAL_V2_E_aug_MEX___,2026-07-09T12:13:19.415601+00:00,materialize_official_v3_measurement_uncertainty.py,author_approved,2026-07-08,ratificacion del autor registrada pre-resultados,False,False,True,baseline,True
RST,fiscal_channels,MEX,0.5963855421686747,0.0,1.0,bounded_PERT,0_to_1,IMF_AIPI_DATA360;PLAN_01_SEC_14_6,"RST proxy uses AIPI human_capital_labor residualized on total AIPI over the international AIPI sample, then percentile-ranked.",none,baseline-official-v3,v1.0.1-official-4c,OFFICIAL_V2_RST_MEX___,2026-07-09T12:13:19.415601+00:00,materialize_official_v3_measurement_uncertainty.py,author_approved,2026-07-08,ratificacion del autor registrada pre-resultados,False,False,True,baseline,True
tau_L_disp,fiscal_channels,MEX,0.17874025728691667,0.17874025728691667,0.17874025728691667,fixed,0_to_1,OECD_REVSTAT_LAC;PWT_10_01,Disposable labor rate frozen at r0 observed effective labor rate.,none,baseline-official-v3,v1.0.1-official-4c,OFFICIAL_V2_tau_L_disp_MEX___,2026-07-09T12:13:19.415601+00:00,materialize_official_v3_measurement_uncertainty.py,registered,,,False,True,True,baseline,True
tau_K_disp,fiscal_channels,MEX,0.0585849305740002,0.0585849305740002,0.0585849305740002,fixed,0_to_1,OECD_REVSTAT_LAC;PWT_10_01,Disposable capital rate frozen at r0 observed effective capital rate.,none,baseline-official-v3,v1.0.1-official-4c,OFFICIAL_V2_tau_K_disp_MEX___,2026-07-09T12:13:19.415601+00:00,materialize_official_v3_measurement_uncertainty.py,registered,,,False,True,True,baseline,True
tau_C_disp,fiscal_channels,MEX,0.05044454280782222,0.05044454280782222,0.05044454280782222,fixed,0_to_1,OECD_REVSTAT_LAC;WDI,"Observed consumption effective tax rate; MFC uses regime-indexed rate, disposable chain freezes r0.",none,baseline-official-v3,v1.0.1-official-4c,OFFICIAL_V2_tau_C_disp_MEX___,2026-07-09T12:13:19.415601+00:00,materialize_official_v3_measurement_uncertainty.py,registered,,,False,True,True,baseline,True
mpc_W,fiscal_channels,MEX,0.823012138536076,0.673012138536076,0.923012138536076,bounded_PERT,0_to_1,WDI;PAPER_APP_FISCAL_CONVERSION,Final-consumption/GDP share as transparent proxy for labor-income MPC.,none,baseline-official-v3,v1.0.1-official-4c,OFFICIAL_V2_mpc_W_MEX___,2026-07-09T12:13:19.415601+00:00,materialize_official_v3_measurement_uncertainty.py,author_approved,2026-07-08,ratificacion del autor registrada pre-resultados,False,False,True,baseline,True
mpc_Pi,fiscal_channels,MEX,0.411506069268038,0.261506069268038,0.561506069268038,bounded_PERT,0_to_1,WDI;PAPER_APP_FISCAL_CONVERSION,Profit-income MPC proxy set below labor-income proxy.,none,baseline-official-v3,v1.0.1-official-4c,OFFICIAL_V2_mpc_Pi_MEX___,2026-07-09T12:13:19.415601+00:00,materialize_official_v3_measurement_uncertainty.py,author_approved,2026-07-08,ratificacion del autor registrada pre-resultados,False,False,True,baseline,True
mpc_R,fiscal_channels,MEX,0.617259103902057,0.46725910390205694,0.767259103902057,bounded_PERT,0_to_1,WDI;PAPER_APP_FISCAL_CONVERSION,Residual-income MPC proxy between labor and profit proxies.,none,baseline-official-v3,v1.0.1-official-4c,OFFICIAL_V2_mpc_R_MEX___,2026-07-09T12:13:19.415601+00:00,materialize_official_v3_measurement_uncertainty.py,author_approved,2026-07-08,ratificacion del autor registrada pre-resultados,False,False,True,baseline,True
sPB_plus_gdp_ratio,fiscal_channels,MEX,0.03275283466024046,0.03275283466024046,0.03275283466024046,fixed,declared,IMF_WEO_GFS;PLAN_02_SEC_7_7,"max(0,-pb_gap_gdp_pp)/100 because anchor stores IMF percent-of-GDP values in percentage points.",none,baseline-official-v3,v1.0.1-official-4c,OFFICIAL_V2_sPB_plus_gdp_ratio_MEX___,2026-07-09T12:13:19.415601+00:00,materialize_official_v3_measurement_uncertainty.py,registered,,,False,False,True,baseline,True
beta_translation,adoption_translation,MEX,1.0,0.5,2.0,bounded_PERT,declared,PAPER_TRANSLATION_GRID,"Baseline unit elasticity; sensitivity grid {0.5,1,1.5,2}.",none,baseline-official-v3,v1.0.1-official-4c,OFFICIAL_V2_beta_translation_MEX___,2026-07-09T12:13:19.415601+00:00,materialize_official_v3_measurement_uncertainty.py,registered,,,False,False,True,baseline,True
gamma_translation,adoption_translation,MEX,1.0,0.5,2.0,bounded_PERT,declared,PAPER_TRANSLATION_GRID,"Baseline unit elasticity; sensitivity grid {0.5,1,1.5,2}.",none,baseline-official-v3,v1.0.1-official-4c,OFFICIAL_V2_gamma_translation_MEX___,2026-07-09T12:13:19.415601+00:00,materialize_official_v3_measurement_uncertainty.py,registered,,,False,False,True,baseline,True
epsilon,adoption_translation,MEX,1e-09,1e-09,1e-09,fixed,declared,PLAN_02_SEC_7_7,Frozen numerical floor for support checks and de-flooring.,none,baseline-official-v3,v1.0.1-official-4c,OFFICIAL_V2_epsilon_MEX___,2026-07-09T12:13:19.415601+00:00,materialize_official_v3_measurement_uncertainty.py,registered,,,False,False,True,baseline,True
epsilon_mu,adoption_translation,MEX,1e-06,1e-06,1e-06,fixed,declared,PLAN_02_SEC_7_3,Frozen logit inversion floor; q_use_target_adj is projected to interior support.,none,baseline-official-v3,v1.0.1-official-4c,OFFICIAL_V2_epsilon_mu_MEX___,2026-07-09T12:13:19.415601+00:00,materialize_official_v3_measurement_uncertainty.py,registered,,,False,False,True,baseline,True
lambda_q_baseline_mid,adoption_translation,MEX,0.3,0.15,0.5,bounded_PERT,declared,PLAN_02_SEC_7_3,"Baseline diffusion-speed grid {0.15,0.30,0.50}; frozen baseline keeps q_prod at anchor.",none,baseline-official-v3,v1.0.1-official-4c,OFFICIAL_V2_lambda_q_baseline_mid_MEX___,2026-07-09T12:13:19.415601+00:00,materialize_official_v3_measurement_uncertainty.py,registered,,,False,False,True,baseline,True
lambda_q_stress_instant,adoption_translation,MEX,1.0,1.0,1.0,fixed,declared,PLAN_02_SEC_7_3,"Instant-adoption stress only, not baseline primary.",none,baseline-official-v3,v1.0.1-official-4c,OFFICIAL_V2_lambda_q_stress_instant_MEX___,2026-07-09T12:13:19.415601+00:00,materialize_official_v3_measurement_uncertainty.py,registered,,,False,False,True,baseline,True
nu_A,adoption_translation,MEX,1.0,0.25,2.0,bounded_PERT,declared,PLAN_02_SEC_7_3,Preparedness coefficient; inert in frozen baseline because mu is inverted to target.,none,baseline-official-v3,v1.0.1-official-4c,OFFICIAL_V2_nu_A_MEX___,2026-07-09T12:13:19.415601+00:00,materialize_official_v3_measurement_uncertainty.py,author_approved,2026-07-08,ratificacion del autor registrada pre-resultados,False,False,True,baseline,True
nu_I,adoption_translation,MEX,0.5,0.0,1.0,bounded_PERT,declared,PLAN_02_SEC_7_3,Informality coefficient; inert in frozen baseline because mu is inverted to target.,none,baseline-official-v3,v1.0.1-official-4c,OFFICIAL_V2_nu_I_MEX___,2026-07-09T12:13:19.415601+00:00,materialize_official_v3_measurement_uncertainty.py,author_approved,2026-07-08,ratificacion del autor registrada pre-resultados,False,False,True,baseline,True
nu_G,adoption_translation,MEX,0.5,0.0,1.0,bounded_PERT,declared,PLAN_02_SEC_7_3,Gap coefficient; inert in frozen baseline because mu is inverted to target.,none,baseline-official-v3,v1.0.1-official-4c,OFFICIAL_V2_nu_G_MEX___,2026-07-09T12:13:19.415601+00:00,materialize_official_v3_measurement_uncertainty.py,author_approved,2026-07-08,ratificacion del autor registrada pre-resultados,False,False,True,baseline,True
omega_I,adoption_translation,MEX,0.5,0.25,0.75,bounded_PERT,declared,PLAN_02_SEC_7_3,Informality ceiling penalty; omega_I<1 is the paper economic restriction.,none,baseline-official-v3,v1.0.1-official-4c,OFFICIAL_V2_omega_I_MEX___,2026-07-09T12:13:19.415601+00:00,materialize_official_v3_measurement_uncertainty.py,author_approved,2026-07-08,ratificacion del autor registrada pre-resultados,False,False,True,baseline,True
omega_G,adoption_translation,MEX,0.5,0.25,0.75,bounded_PERT,declared,PLAN_02_SEC_7_3,"Digital-gap ceiling penalty, now based on excluded coverage+speed Gap.",none,baseline-official-v3,v1.0.1-official-4c,OFFICIAL_V2_omega_G_MEX___,2026-07-09T12:13:19.415601+00:00,materialize_official_v3_measurement_uncertainty.py,author_approved,2026-07-08,ratificacion del autor registrada pre-resultados,False,False,True,baseline,True
delta_s,fiscal_channels,MEX,0.5,0.25,1.0,bounded_PERT,declared,PAPER_MASTER_CALIBRATION_MATRIX,"Automation pressure grid {0.25,0.50,1.00}.",none,baseline-official-v3,v1.0.1-official-4c,OFFICIAL_V2_delta_s_MEX___,2026-07-09T12:13:19.415601+00:00,materialize_official_v3_measurement_uncertainty.py,registered,,,False,True,True,baseline,True
psi_s,fiscal_channels,MEX,0.5,0.25,1.0,bounded_PERT,declared,PAPER_MASTER_CALIBRATION_MATRIX,"Augmentation pressure grid {0.25,0.50,1.00}.",none,baseline-official-v3,v1.0.1-official-4c,OFFICIAL_V2_psi_s_MEX___,2026-07-09T12:13:19.415601+00:00,materialize_official_v3_measurement_uncertainty.py,registered,,,False,False,True,baseline,True
zeta_s,fiscal_channels,MEX,0.5,0.25,1.0,bounded_PERT,declared,PAPER_MASTER_CALIBRATION_MATRIX,"Reskilling mitigation grid {0.25,0.50,1.00}; engine enforces zeta*RST through the weight formula.",none,baseline-official-v3,v1.0.1-official-4c,OFFICIAL_V2_zeta_s_MEX___,2026-07-09T12:13:19.415601+00:00,materialize_official_v3_measurement_uncertainty.py,registered,,,False,False,True,baseline,True
lambda_LS,fiscal_channels,MEX,0.5,0.25,1.0,bounded_PERT,declared,PAPER_MASTER_CALIBRATION_MATRIX,"Labor-share partial-adjustment grid {0.25,0.50,1.00}.",none,baseline-official-v3,v1.0.1-official-4c,OFFICIAL_V2_lambda_LS_MEX___,2026-07-09T12:13:19.415601+00:00,materialize_official_v3_measurement_uncertainty.py,registered,,,False,False,True,baseline,True
chi_Kbase,fiscal_channels,MEX,0.7,0.55,0.85,bounded_PERT,0_to_1,AUTHOR_REVIEW_PENDING_NATIONAL_ACCOUNTS;PLAN_02_SEC_7_4_1,Share of non-labor surplus that is corporate taxable base; 1.0 only favorable variant.,none,baseline-official-v3,v1.0.1-official-4c,OFFICIAL_V2_chi_Kbase_MEX___,2026-07-09T12:13:19.415601+00:00,materialize_official_v3_measurement_uncertainty.py,author_approved,2026-07-08,ratificacion del autor registrada pre-resultados,False,False,True,baseline,True
chi_dom,fiscal_channels,MEX,0.95,0.85,1.0,bounded_PERT,0_to_1,AUTHOR_REVIEW_PENDING_NATIONAL_ACCOUNTS;PLAN_02_SEC_7_4_1,Domestic share of incremental corporate base.,none,baseline-official-v3,v1.0.1-official-4c,OFFICIAL_V2_chi_dom_MEX___,2026-07-09T12:13:19.415601+00:00,materialize_official_v3_measurement_uncertainty.py,author_approved,2026-07-08,ratificacion del autor registrada pre-resultados,False,False,True,baseline,True
psi_shift,fiscal_channels,MEX,0.15,0.0,0.3,bounded_PERT,0_to_1,PAPER_APP_FISCAL_CONVERSION;PLAN_02_SEC_10_8,Ordinary shifting of incremental capital base; central conservative-moderate; zero only favorable labeled variant.,none,baseline-official-v3,v1.0.1-official-4c,OFFICIAL_V2_psi_shift_MEX___,2026-07-09T12:13:19.415601+00:00,materialize_official_v3_measurement_uncertainty.py,author_approved,2026-07-08,ratificacion del autor registrada pre-resultados,False,False,True,baseline,True
tau_R_disp,fiscal_channels,MEX,0.0,0.0,0.0,fixed,0_to_1,PAPER_APP_FISCAL_CONVERSION,Residual non-labor income is routed through consumption only in primary.,none,baseline-official-v3,v1.0.1-official-4c,OFFICIAL_V2_tau_R_disp_MEX___,2026-07-09T12:13:19.415601+00:00,materialize_official_v3_measurement_uncertainty.py,registered,,,False,True,True,baseline,True
exempt_C,fiscal_channels,MEX,0.0,0.0,0.0,fixed,0_to_1,PLAN_02_SEC_10_8,Observed tau_C_eff already embeds exemptions and informal untaxed consumption; base-side exempt_C is zero to avoid double count.,none,baseline-official-v3,v1.0.1-official-4c,OFFICIAL_V2_exempt_C_MEX___,2026-07-09T12:13:19.415601+00:00,materialize_official_v3_measurement_uncertainty.py,registered,,,False,False,True,baseline,True
kappa_LP_to_Y_high,ai_shock,MEX,0.3602636754512787,0.3602636754512787,0.3602636754512787,fixed,declared,PWT_10_01;PAPER_SEC_PARAMETERS,Country-specific LP to Y bridge for high scenario.,none,baseline-official-v3,v1.0.1-official-4c,OFFICIAL_V2_kappa_LP_to_Y_high_MEX_high__,2026-07-09T12:13:19.415601+00:00,materialize_official_v3_measurement_uncertainty.py,registered,,,False,False,True,baseline,True
phi_Y_nom_high,ai_shock,MEX,0.003062241241335917,0.0014410547018051112,0.004683427780866722,derived_bounded_PERT,declared,OECD2025G7;PWT_10_01;PAPER_SEC_10_4,High-scenario nominal GDP-equivalent shock is country-specific because kappa_LP_to_Y equals labor share.,none,baseline-official-v3,v1.0.1-official-4c,OFFICIAL_V2_phi_Y_nom_high_MEX_high__,2026-07-09T12:13:19.415601+00:00,materialize_official_v3_measurement_uncertainty.py,registered,,,False,True,True,baseline,True
policy_cost_gross_gdp_PEN,policy_cost,PER,0.004324768262351125,0.004324768262351125,0.004324768262351125,fixed_observed_or_mechanical,declared,PER_PEN_2024_OFFICIAL,Gross recurring cost is the primary cost convention.,none,baseline-official-v3,v1.0.1-official-4c,OFFICIAL_V2_policy_cost_gross_gdp_PEN_PER__PEN_,2026-07-09T12:13:19.415601+00:00,materialize_official_v3_measurement_uncertainty.py,registered,,,False,False,True,baseline,True
policy_cost_gross_gdp_GMI_ideal_aggregate,policy_cost,PER,0.02787208206208022,0.02787208206208022,0.02787208206208022,fixed_observed_or_mechanical,declared,PER_GMI_ideal_aggregate_2024,Gross recurring cost is the primary cost convention.,none,baseline-official-v3,v1.0.1-official-4c,OFFICIAL_V2_policy_cost_gross_gdp_GMI_ideal_aggregate_PER__GMI_,2026-07-09T12:13:19.415601+00:00,materialize_official_v3_measurement_uncertainty.py,registered,,,False,False,True,baseline,True
chi_gmi_GMI_ideal_aggregate,policy_cost,PER,1.0,1.0,1.0,fixed,0_to_1,PLAN_02_SEC_10_10,GMI aggregate gap-coverage parameter.,none,baseline-official-v3,v1.0.1-official-4c,OFFICIAL_V2_chi_gmi_GMI_ideal_aggregate_PER__GMI_,2026-07-09T12:13:19.415601+00:00,materialize_official_v3_measurement_uncertainty.py,registered,,,False,False,True,baseline,True
policy_cost_gross_gdp_GMI_loaded_aggregate,policy_cost,PER,0.04180812309312033,0.04180812309312033,0.04180812309312033,fixed_observed_or_mechanical,declared,PER_GMI_loaded_aggregate_2024,Gross recurring cost is the primary cost convention.,none,baseline-official-v3,v1.0.1-official-4c,OFFICIAL_V2_policy_cost_gross_gdp_GMI_loaded_aggregate_PER__GMI_,2026-07-09T12:13:19.415601+00:00,materialize_official_v3_measurement_uncertainty.py,registered,,,False,False,True,baseline,True
chi_gmi_GMI_loaded_aggregate,policy_cost,PER,1.0,1.0,1.0,fixed,0_to_1,PLAN_02_SEC_10_10,GMI aggregate gap-coverage parameter.,none,baseline-official-v3,v1.0.1-official-4c,OFFICIAL_V2_chi_gmi_GMI_loaded_aggregate_PER__GMI_,2026-07-09T12:13:19.415601+00:00,materialize_official_v3_measurement_uncertainty.py,registered,,,False,False,True,baseline,True
theta_target_GMI_loaded,policy_cost,PER,1.5,1.0,1.5,bounded_PERT,declared,PLAN_02_SEC_10_10,Loaded aggregate GMI is companion mandatory in rankings.,none,baseline-official-v3,v1.0.1-official-4c,OFFICIAL_V2_theta_target_GMI_loaded_PER__GMI_,2026-07-09T12:13:19.415601+00:00,materialize_official_v3_measurement_uncertainty.py,registered,,,False,False,True,baseline,True
policy_cost_gross_gdp_MUT,policy_cost,PER,0.0533947932223759,0.0533947932223759,0.0533947932223759,fixed_observed_or_mechanical,declared,PER_MUT_2024_ASSUMED_ETA,Gross recurring cost is the primary cost convention.,none,baseline-official-v3,v1.0.1-official-4c,OFFICIAL_V2_policy_cost_gross_gdp_MUT_PER__MUT_,2026-07-09T12:13:19.415601+00:00,materialize_official_v3_measurement_uncertainty.py,registered,,,False,False,True,baseline,True
eta_MUT,policy_cost,PER,0.25,0.1,0.4,bounded_PERT,declared,PLAN_01_02,Policy eta ladder registered for MUT/PBI/UBI.,none,baseline-official-v3,v1.0.1-official-4c,OFFICIAL_V2_eta_MUT_PER__MUT_,2026-07-09T12:13:19.415601+00:00,materialize_official_v3_measurement_uncertainty.py,registered,,,False,False,True,baseline,True
policy_cost_gross_gdp_PBI,policy_cost,PER,0.07576692890942052,0.07576692890942052,0.07576692890942052,fixed_observed_or_mechanical,declared,PER_PBI_2024_ASSUMED_ETA,Gross recurring cost is the primary cost convention.,none,baseline-official-v3,v1.0.1-official-4c,OFFICIAL_V2_policy_cost_gross_gdp_PBI_PER__PBI_,2026-07-09T12:13:19.415601+00:00,materialize_official_v3_measurement_uncertainty.py,registered,,,False,False,True,baseline,True
eta_PBI,policy_cost,PER,0.5,0.25,1.0,bounded_PERT,declared,PLAN_01_02,Policy eta ladder registered for MUT/PBI/UBI.,none,baseline-official-v3,v1.0.1-official-4c,OFFICIAL_V2_eta_PBI_PER__PBI_,2026-07-09T12:13:19.415601+00:00,materialize_official_v3_measurement_uncertainty.py,registered,,,False,False,True,baseline,True
policy_cost_gross_gdp_UBI,policy_cost,PER,0.2135791728895036,0.2135791728895036,0.2135791728895036,fixed_observed_or_mechanical,declared,PER_UBI_2024_ASSUMED_ETA,Gross recurring cost is the primary cost convention.,none,baseline-official-v3,v1.0.1-official-4c,OFFICIAL_V2_policy_cost_gross_gdp_UBI_PER__UBI_,2026-07-09T12:13:19.415601+00:00,materialize_official_v3_measurement_uncertainty.py,registered,,,False,False,True,baseline,True
eta_UBI,policy_cost,PER,1.0,0.25,1.0,bounded_PERT,declared,PLAN_01_02,Policy eta ladder registered for MUT/PBI/UBI.,none,baseline-official-v3,v1.0.1-official-4c,OFFICIAL_V2_eta_UBI_PER__UBI_,2026-07-09T12:13:19.415601+00:00,materialize_official_v3_measurement_uncertainty.py,registered,,,False,False,True,baseline,True
policy_cost_gross_gdp_PEN,policy_cost,CHL,0.023124413031215346,0.023124413031215346,0.023124413031215346,fixed_observed_or_mechanical,declared,CHL_PEN_2024_OFFICIAL,Gross recurring cost is the primary cost convention.,none,baseline-official-v3,v1.0.1-official-4c,OFFICIAL_V2_policy_cost_gross_gdp_PEN_CHL__PEN_,2026-07-09T12:13:19.415601+00:00,materialize_official_v3_measurement_uncertainty.py,registered,,,False,False,True,baseline,True
policy_cost_gross_gdp_GMI_ideal_aggregate,policy_cost,CHL,0.0014636228592727473,0.0014636228592727473,0.0014636228592727473,fixed_observed_or_mechanical,declared,CHL_GMI_ideal_aggregate_2024,Gross recurring cost is the primary cost convention.,none,baseline-official-v3,v1.0.1-official-4c,OFFICIAL_V2_policy_cost_gross_gdp_GMI_ideal_aggregate_CHL__GMI_,2026-07-09T12:13:19.415601+00:00,materialize_official_v3_measurement_uncertainty.py,registered,,,False,False,True,baseline,True
chi_gmi_GMI_ideal_aggregate,policy_cost,CHL,1.0,1.0,1.0,fixed,0_to_1,PLAN_02_SEC_10_10,GMI aggregate gap-coverage parameter.,none,baseline-official-v3,v1.0.1-official-4c,OFFICIAL_V2_chi_gmi_GMI_ideal_aggregate_CHL__GMI_,2026-07-09T12:13:19.415601+00:00,materialize_official_v3_measurement_uncertainty.py,registered,,,False,False,True,baseline,True
policy_cost_gross_gdp_GMI_loaded_aggregate,policy_cost,CHL,0.002195434288909121,0.002195434288909121,0.002195434288909121,fixed_observed_or_mechanical,declared,CHL_GMI_loaded_aggregate_2024,Gross recurring cost is the primary cost convention.,none,baseline-official-v3,v1.0.1-official-4c,OFFICIAL_V2_policy_cost_gross_gdp_GMI_loaded_aggregate_CHL__GMI_,2026-07-09T12:13:19.415601+00:00,materialize_official_v3_measurement_uncertainty.py,registered,,,False,False,True,baseline,True
chi_gmi_GMI_loaded_aggregate,policy_cost,CHL,1.0,1.0,1.0,fixed,0_to_1,PLAN_02_SEC_10_10,GMI aggregate gap-coverage parameter.,none,baseline-official-v3,v1.0.1-official-4c,OFFICIAL_V2_chi_gmi_GMI_loaded_aggregate_CHL__GMI_,2026-07-09T12:13:19.415601+00:00,materialize_official_v3_measurement_uncertainty.py,registered,,,False,False,True,baseline,True
theta_target_GMI_loaded,policy_cost,CHL,1.5,1.0,1.5,bounded_PERT,declared,PLAN_02_SEC_10_10,Loaded aggregate GMI is companion mandatory in rankings.,none,baseline-official-v3,v1.0.1-official-4c,OFFICIAL_V2_theta_target_GMI_loaded_CHL__GMI_,2026-07-09T12:13:19.415601+00:00,materialize_official_v3_measurement_uncertainty.py,registered,,,False,False,True,baseline,True
policy_cost_gross_gdp_MUT,policy_cost,CHL,0.029040136096681494,0.029040136096681494,0.029040136096681494,fixed_observed_or_mechanical,declared,CHL_MUT_2024_ASSUMED_ETA,Gross recurring cost is the primary cost convention.,none,baseline-official-v3,v1.0.1-official-4c,OFFICIAL_V2_policy_cost_gross_gdp_MUT_CHL__MUT_,2026-07-09T12:13:19.415601+00:00,materialize_official_v3_measurement_uncertainty.py,registered,,,False,False,True,baseline,True
eta_MUT,policy_cost,CHL,0.25,0.1,0.4,bounded_PERT,declared,PLAN_01_02,Policy eta ladder registered for MUT/PBI/UBI.,none,baseline-official-v3,v1.0.1-official-4c,OFFICIAL_V2_eta_MUT_CHL__MUT_,2026-07-09T12:13:19.415601+00:00,materialize_official_v3_measurement_uncertainty.py,registered,,,False,False,True,baseline,True
policy_cost_gross_gdp_PBI,policy_cost,CHL,0.04607610192567735,0.04607610192567735,0.04607610192567735,fixed_observed_or_mechanical,declared,CHL_PBI_2024_ASSUMED_ETA,Gross recurring cost is the primary cost convention.,none,baseline-official-v3,v1.0.1-official-4c,OFFICIAL_V2_policy_cost_gross_gdp_PBI_CHL__PBI_,2026-07-09T12:13:19.415601+00:00,materialize_official_v3_measurement_uncertainty.py,registered,,,False,False,True,baseline,True
eta_PBI,policy_cost,CHL,0.5,0.25,1.0,bounded_PERT,declared,PLAN_01_02,Policy eta ladder registered for MUT/PBI/UBI.,none,baseline-official-v3,v1.0.1-official-4c,OFFICIAL_V2_eta_PBI_CHL__PBI_,2026-07-09T12:13:19.415601+00:00,materialize_official_v3_measurement_uncertainty.py,registered,,,False,False,True,baseline,True
policy_cost_gross_gdp_UBI,policy_cost,CHL,0.11616054438672598,0.11616054438672598,0.11616054438672598,fixed_observed_or_mechanical,declared,CHL_UBI_2024_ASSUMED_ETA,Gross recurring cost is the primary cost convention.,none,baseline-official-v3,v1.0.1-official-4c,OFFICIAL_V2_policy_cost_gross_gdp_UBI_CHL__UBI_,2026-07-09T12:13:19.415601+00:00,materialize_official_v3_measurement_uncertainty.py,registered,,,False,False,True,baseline,True
eta_UBI,policy_cost,CHL,1.0,0.25,1.0,bounded_PERT,declared,PLAN_01_02,Policy eta ladder registered for MUT/PBI/UBI.,none,baseline-official-v3,v1.0.1-official-4c,OFFICIAL_V2_eta_UBI_CHL__UBI_,2026-07-09T12:13:19.415601+00:00,materialize_official_v3_measurement_uncertainty.py,registered,,,False,False,True,baseline,True
policy_cost_gross_gdp_PEN,policy_cost,COL,0.006335029054768649,0.006335029054768649,0.006335029054768649,fixed_observed_or_mechanical,declared,COL_PEN_2024_OFFICIAL,Gross recurring cost is the primary cost convention.,none,baseline-official-v3,v1.0.1-official-4c,OFFICIAL_V2_policy_cost_gross_gdp_PEN_COL__PEN_,2026-07-09T12:13:19.415601+00:00,materialize_official_v3_measurement_uncertainty.py,registered,,,False,False,True,baseline,True
policy_cost_gross_gdp_GMI_ideal_aggregate,policy_cost,COL,0.029859372366793622,0.029859372366793622,0.029859372366793622,fixed_observed_or_mechanical,declared,COL_GMI_ideal_aggregate_2024,Gross recurring cost is the primary cost convention.,none,baseline-official-v3,v1.0.1-official-4c,OFFICIAL_V2_policy_cost_gross_gdp_GMI_ideal_aggregate_COL__GMI_,2026-07-09T12:13:19.415601+00:00,materialize_official_v3_measurement_uncertainty.py,registered,,,False,False,True,baseline,True
chi_gmi_GMI_ideal_aggregate,policy_cost,COL,1.0,1.0,1.0,fixed,0_to_1,PLAN_02_SEC_10_10,GMI aggregate gap-coverage parameter.,none,baseline-official-v3,v1.0.1-official-4c,OFFICIAL_V2_chi_gmi_GMI_ideal_aggregate_COL__GMI_,2026-07-09T12:13:19.415601+00:00,materialize_official_v3_measurement_uncertainty.py,registered,,,False,False,True,baseline,True
policy_cost_gross_gdp_GMI_loaded_aggregate,policy_cost,COL,0.04478905855019043,0.04478905855019043,0.04478905855019043,fixed_observed_or_mechanical,declared,COL_GMI_loaded_aggregate_2024,Gross recurring cost is the primary cost convention.,none,baseline-official-v3,v1.0.1-official-4c,OFFICIAL_V2_policy_cost_gross_gdp_GMI_loaded_aggregate_COL__GMI_,2026-07-09T12:13:19.415601+00:00,materialize_official_v3_measurement_uncertainty.py,registered,,,False,False,True,baseline,True
chi_gmi_GMI_loaded_aggregate,policy_cost,COL,1.0,1.0,1.0,fixed,0_to_1,PLAN_02_SEC_10_10,GMI aggregate gap-coverage parameter.,none,baseline-official-v3,v1.0.1-official-4c,OFFICIAL_V2_chi_gmi_GMI_loaded_aggregate_COL__GMI_,2026-07-09T12:13:19.415601+00:00,materialize_official_v3_measurement_uncertainty.py,registered,,,False,False,True,baseline,True
theta_target_GMI_loaded,policy_cost,COL,1.5,1.0,1.5,bounded_PERT,declared,PLAN_02_SEC_10_10,Loaded aggregate GMI is companion mandatory in rankings.,none,baseline-official-v3,v1.0.1-official-4c,OFFICIAL_V2_theta_target_GMI_loaded_COL__GMI_,2026-07-09T12:13:19.415601+00:00,materialize_official_v3_measurement_uncertainty.py,registered,,,False,False,True,baseline,True
policy_cost_gross_gdp_MUT,policy_cost,COL,0.047456090856315365,0.047456090856315365,0.047456090856315365,fixed_observed_or_mechanical,declared,COL_MUT_2024_ASSUMED_ETA,Gross recurring cost is the primary cost convention.,none,baseline-official-v3,v1.0.1-official-4c,OFFICIAL_V2_policy_cost_gross_gdp_MUT_COL__MUT_,2026-07-09T12:13:19.415601+00:00,materialize_official_v3_measurement_uncertainty.py,registered,,,False,False,True,baseline,True
eta_MUT,policy_cost,COL,0.25,0.1,0.4,bounded_PERT,declared,PLAN_01_02,Policy eta ladder registered for MUT/PBI/UBI.,none,baseline-official-v3,v1.0.1-official-4c,OFFICIAL_V2_eta_MUT_COL__MUT_,2026-07-09T12:13:19.415601+00:00,materialize_official_v3_measurement_uncertainty.py,registered,,,False,False,True,baseline,True
policy_cost_gross_gdp_PBI,policy_cost,COL,0.07145982588629725,0.07145982588629725,0.07145982588629725,fixed_observed_or_mechanical,declared,COL_PBI_2024_ASSUMED_ETA,Gross recurring cost is the primary cost convention.,none,baseline-official-v3,v1.0.1-official-4c,OFFICIAL_V2_policy_cost_gross_gdp_PBI_COL__PBI_,2026-07-09T12:13:19.415601+00:00,materialize_official_v3_measurement_uncertainty.py,registered,,,False,False,True,baseline,True
eta_PBI,policy_cost,COL,0.5,0.25,1.0,bounded_PERT,declared,PLAN_01_02,Policy eta ladder registered for MUT/PBI/UBI.,none,baseline-official-v3,v1.0.1-official-4c,OFFICIAL_V2_eta_PBI_COL__PBI_,2026-07-09T12:13:19.415601+00:00,materialize_official_v3_measurement_uncertainty.py,registered,,,False,False,True,baseline,True
policy_cost_gross_gdp_UBI,policy_cost,COL,0.18982436342526146,0.18982436342526146,0.18982436342526146,fixed_observed_or_mechanical,declared,COL_UBI_2024_ASSUMED_ETA,Gross recurring cost is the primary cost convention.,none,baseline-official-v3,v1.0.1-official-4c,OFFICIAL_V2_policy_cost_gross_gdp_UBI_COL__UBI_,2026-07-09T12:13:19.415601+00:00,materialize_official_v3_measurement_uncertainty.py,registered,,,False,False,True,baseline,True
eta_UBI,policy_cost,COL,1.0,0.25,1.0,bounded_PERT,declared,PLAN_01_02,Policy eta ladder registered for MUT/PBI/UBI.,none,baseline-official-v3,v1.0.1-official-4c,OFFICIAL_V2_eta_UBI_COL__UBI_,2026-07-09T12:13:19.415601+00:00,materialize_official_v3_measurement_uncertainty.py,registered,,,False,False,True,baseline,True
policy_cost_gross_gdp_PEN,policy_cost,MEX,0.011597322930556823,0.011597322930556823,0.011597322930556823,fixed_observed_or_mechanical,declared,MEX_PEN_2024_OFFICIAL,Gross recurring cost is the primary cost convention.,none,baseline-official-v3,v1.0.1-official-4c,OFFICIAL_V2_policy_cost_gross_gdp_PEN_MEX__PEN_,2026-07-09T12:13:19.415601+00:00,materialize_official_v3_measurement_uncertainty.py,registered,,,False,False,True,baseline,True
policy_cost_gross_gdp_GMI_ideal_aggregate,policy_cost,MEX,0.010120031558367331,0.010120031558367331,0.010120031558367331,fixed_observed_or_mechanical,declared,MEX_GMI_ideal_aggregate_2024,Gross recurring cost is the primary cost convention.,none,baseline-official-v3,v1.0.1-official-4c,OFFICIAL_V2_policy_cost_gross_gdp_GMI_ideal_aggregate_MEX__GMI_,2026-07-09T12:13:19.415601+00:00,materialize_official_v3_measurement_uncertainty.py,registered,,,False,False,True,baseline,True
chi_gmi_GMI_ideal_aggregate,policy_cost,MEX,1.0,1.0,1.0,fixed,0_to_1,PLAN_02_SEC_10_10,GMI aggregate gap-coverage parameter.,none,baseline-official-v3,v1.0.1-official-4c,OFFICIAL_V2_chi_gmi_GMI_ideal_aggregate_MEX__GMI_,2026-07-09T12:13:19.415601+00:00,materialize_official_v3_measurement_uncertainty.py,registered,,,False,False,True,baseline,True
policy_cost_gross_gdp_GMI_loaded_aggregate,policy_cost,MEX,0.015180047337550994,0.015180047337550994,0.015180047337550994,fixed_observed_or_mechanical,declared,MEX_GMI_loaded_aggregate_2024,Gross recurring cost is the primary cost convention.,none,baseline-official-v3,v1.0.1-official-4c,OFFICIAL_V2_policy_cost_gross_gdp_GMI_loaded_aggregate_MEX__GMI_,2026-07-09T12:13:19.415601+00:00,materialize_official_v3_measurement_uncertainty.py,registered,,,False,False,True,baseline,True
chi_gmi_GMI_loaded_aggregate,policy_cost,MEX,1.0,1.0,1.0,fixed,0_to_1,PLAN_02_SEC_10_10,GMI aggregate gap-coverage parameter.,none,baseline-official-v3,v1.0.1-official-4c,OFFICIAL_V2_chi_gmi_GMI_loaded_aggregate_MEX__GMI_,2026-07-09T12:13:19.415601+00:00,materialize_official_v3_measurement_uncertainty.py,registered,,,False,False,True,baseline,True
theta_target_GMI_loaded,policy_cost,MEX,1.5,1.0,1.5,bounded_PERT,declared,PLAN_02_SEC_10_10,Loaded aggregate GMI is companion mandatory in rankings.,none,baseline-official-v3,v1.0.1-official-4c,OFFICIAL_V2_theta_target_GMI_loaded_MEX__GMI_,2026-07-09T12:13:19.415601+00:00,materialize_official_v3_measurement_uncertainty.py,registered,,,False,False,True,baseline,True
policy_cost_gross_gdp_MUT,policy_cost,MEX,0.03953137327487238,0.03953137327487238,0.03953137327487238,fixed_observed_or_mechanical,declared,MEX_MUT_2024_ASSUMED_ETA,Gross recurring cost is the primary cost convention.,none,baseline-official-v3,v1.0.1-official-4c,OFFICIAL_V2_policy_cost_gross_gdp_MUT_MEX__MUT_,2026-07-09T12:13:19.415601+00:00,materialize_official_v3_measurement_uncertainty.py,registered,,,False,False,True,baseline,True
eta_MUT,policy_cost,MEX,0.25,0.1,0.4,bounded_PERT,declared,PLAN_01_02,Policy eta ladder registered for MUT/PBI/UBI.,none,baseline-official-v3,v1.0.1-official-4c,OFFICIAL_V2_eta_MUT_MEX__MUT_,2026-07-09T12:13:19.415601+00:00,materialize_official_v3_measurement_uncertainty.py,registered,,,False,False,True,baseline,True
policy_cost_gross_gdp_PBI,policy_cost,MEX,0.05564183037154088,0.05564183037154088,0.05564183037154088,fixed_observed_or_mechanical,declared,MEX_PBI_2024_ASSUMED_ETA,Gross recurring cost is the primary cost convention.,none,baseline-official-v3,v1.0.1-official-4c,OFFICIAL_V2_policy_cost_gross_gdp_PBI_MEX__PBI_,2026-07-09T12:13:19.415601+00:00,materialize_official_v3_measurement_uncertainty.py,registered,,,False,False,True,baseline,True
eta_PBI,policy_cost,MEX,0.5,0.25,1.0,bounded_PERT,declared,PLAN_01_02,Policy eta ladder registered for MUT/PBI/UBI.,none,baseline-official-v3,v1.0.1-official-4c,OFFICIAL_V2_eta_PBI_MEX__PBI_,2026-07-09T12:13:19.415601+00:00,materialize_official_v3_measurement_uncertainty.py,registered,,,False,False,True,baseline,True
policy_cost_gross_gdp_UBI,policy_cost,MEX,0.15812549309948953,0.15812549309948953,0.15812549309948953,fixed_observed_or_mechanical,declared,MEX_UBI_2024_ASSUMED_ETA,Gross recurring cost is the primary cost convention.,none,baseline-official-v3,v1.0.1-official-4c,OFFICIAL_V2_policy_cost_gross_gdp_UBI_MEX__UBI_,2026-07-09T12:13:19.415601+00:00,materialize_official_v3_measurement_uncertainty.py,registered,,,False,False,True,baseline,True
eta_UBI,policy_cost,MEX,1.0,0.25,1.0,bounded_PERT,declared,PLAN_01_02,Policy eta ladder registered for MUT/PBI/UBI.,none,baseline-official-v3,v1.0.1-official-4c,OFFICIAL_V2_eta_UBI_MEX__UBI_,2026-07-09T12:13:19.415601+00:00,materialize_official_v3_measurement_uncertainty.py,registered,,,False,False,True,baseline,True
GMI_admin_cost_new_gdp,policy_admin_transition_cost,PER,0.0025,0.0025,0.0025,fixed_registered_assumption,declared,ASPIRE_LITERATURE_ASSUMPTION;PLAN_01_02,Administrative and transition cost from official 4C assumption registry.,none,baseline-official-v3,v1.0.1-official-4c,OFFICIAL_V2_GMI_admin_cost_new_gdp_PER__GMI_,2026-07-09T12:13:19.415601+00:00,materialize_official_v3_measurement_uncertainty.py,registered,,,False,False,True,baseline,True
GMI_transition_oneoff_gdp,policy_admin_transition_cost,PER,0.002,0.002,0.002,fixed_registered_assumption,declared,ASPIRE_LITERATURE_ASSUMPTION;PLAN_01_02,Administrative and transition cost from official 4C assumption registry.,none,baseline-official-v3,v1.0.1-official-4c,OFFICIAL_V2_GMI_transition_oneoff_gdp_PER__GMI_,2026-07-09T12:13:19.415601+00:00,materialize_official_v3_measurement_uncertainty.py,registered,,,False,False,True,baseline,True
GMI_transition_recurring_gdp,policy_admin_transition_cost,PER,0.00025,0.00025,0.00025,fixed_registered_assumption,declared,ASPIRE_LITERATURE_ASSUMPTION;PLAN_01_02,Administrative and transition cost from official 4C assumption registry.,none,baseline-official-v3,v1.0.1-official-4c,OFFICIAL_V2_GMI_transition_recurring_gdp_PER__GMI_,2026-07-09T12:13:19.415601+00:00,materialize_official_v3_measurement_uncertainty.py,registered,,,False,False,True,baseline,True
GMI_transition_horizon_years,policy_admin_transition_cost,PER,3.0,3.0,3.0,fixed_registered_assumption,declared,ASPIRE_LITERATURE_ASSUMPTION;PLAN_01_02,Administrative and transition cost from official 4C assumption registry.,none,baseline-official-v3,v1.0.1-official-4c,OFFICIAL_V2_GMI_transition_horizon_years_PER__GMI_,2026-07-09T12:13:19.415601+00:00,materialize_official_v3_measurement_uncertainty.py,registered,,,False,False,True,baseline,True
GMI_transition_discount_rate,policy_admin_transition_cost,PER,0.03,0.03,0.03,fixed_registered_assumption,declared,ASPIRE_LITERATURE_ASSUMPTION;PLAN_01_02,Administrative and transition cost from official 4C assumption registry.,none,baseline-official-v3,v1.0.1-official-4c,OFFICIAL_V2_GMI_transition_discount_rate_PER__GMI_,2026-07-09T12:13:19.415601+00:00,materialize_official_v3_measurement_uncertainty.py,registered,,,False,False,True,baseline,True
GMI_leakage_fixed_gdp,policy_admin_transition_cost,PER,0.0002,0.0002,0.0002,fixed_registered_assumption,declared,ASPIRE_LITERATURE_ASSUMPTION;PLAN_01_02,Administrative and transition cost from official 4C assumption registry.,none,baseline-official-v3,v1.0.1-official-4c,OFFICIAL_V2_GMI_leakage_fixed_gdp_PER__GMI_,2026-07-09T12:13:19.415601+00:00,materialize_official_v3_measurement_uncertainty.py,registered,,,False,False,True,baseline,True
PEN_admin_cost_new_gdp,policy_admin_transition_cost,PER,0.0012,0.0012,0.0012,fixed_registered_assumption,declared,ASPIRE_LITERATURE_ASSUMPTION;PLAN_01_02,Administrative and transition cost from official 4C assumption registry.,none,baseline-official-v3,v1.0.1-official-4c,OFFICIAL_V2_PEN_admin_cost_new_gdp_PER__PEN_,2026-07-09T12:13:19.415601+00:00,materialize_official_v3_measurement_uncertainty.py,registered,,,False,False,True,baseline,True
PEN_transition_oneoff_gdp,policy_admin_transition_cost,PER,0.0009599999999999999,0.0009599999999999999,0.0009599999999999999,fixed_registered_assumption,declared,ASPIRE_LITERATURE_ASSUMPTION;PLAN_01_02,Administrative and transition cost from official 4C assumption registry.,none,baseline-official-v3,v1.0.1-official-4c,OFFICIAL_V2_PEN_transition_oneoff_gdp_PER__PEN_,2026-07-09T12:13:19.415601+00:00,materialize_official_v3_measurement_uncertainty.py,registered,,,False,False,True,baseline,True
PEN_transition_recurring_gdp,policy_admin_transition_cost,PER,0.00011999999999999999,0.00011999999999999999,0.00011999999999999999,fixed_registered_assumption,declared,ASPIRE_LITERATURE_ASSUMPTION;PLAN_01_02,Administrative and transition cost from official 4C assumption registry.,none,baseline-official-v3,v1.0.1-official-4c,OFFICIAL_V2_PEN_transition_recurring_gdp_PER__PEN_,2026-07-09T12:13:19.415601+00:00,materialize_official_v3_measurement_uncertainty.py,registered,,,False,False,True,baseline,True
PEN_transition_horizon_years,policy_admin_transition_cost,PER,3.0,3.0,3.0,fixed_registered_assumption,declared,ASPIRE_LITERATURE_ASSUMPTION;PLAN_01_02,Administrative and transition cost from official 4C assumption registry.,none,baseline-official-v3,v1.0.1-official-4c,OFFICIAL_V2_PEN_transition_horizon_years_PER__PEN_,2026-07-09T12:13:19.415601+00:00,materialize_official_v3_measurement_uncertainty.py,registered,,,False,False,True,baseline,True
PEN_transition_discount_rate,policy_admin_transition_cost,PER,0.03,0.03,0.03,fixed_registered_assumption,declared,ASPIRE_LITERATURE_ASSUMPTION;PLAN_01_02,Administrative and transition cost from official 4C assumption registry.,none,baseline-official-v3,v1.0.1-official-4c,OFFICIAL_V2_PEN_transition_discount_rate_PER__PEN_,2026-07-09T12:13:19.415601+00:00,materialize_official_v3_measurement_uncertainty.py,registered,,,False,False,True,baseline,True
PEN_leakage_fixed_gdp,policy_admin_transition_cost,PER,9.599999999999999e-05,9.599999999999999e-05,9.599999999999999e-05,fixed_registered_assumption,declared,ASPIRE_LITERATURE_ASSUMPTION;PLAN_01_02,Administrative and transition cost from official 4C assumption registry.,none,baseline-official-v3,v1.0.1-official-4c,OFFICIAL_V2_PEN_leakage_fixed_gdp_PER__PEN_,2026-07-09T12:13:19.415601+00:00,materialize_official_v3_measurement_uncertainty.py,registered,,,False,False,True,baseline,True
MUT_admin_cost_new_gdp,policy_admin_transition_cost,PER,0.0008,0.0008,0.0008,fixed_registered_assumption,declared,ASPIRE_LITERATURE_ASSUMPTION;PLAN_01_02,Administrative and transition cost from official 4C assumption registry.,none,baseline-official-v3,v1.0.1-official-4c,OFFICIAL_V2_MUT_admin_cost_new_gdp_PER__MUT_,2026-07-09T12:13:19.415601+00:00,materialize_official_v3_measurement_uncertainty.py,registered,,,False,False,True,baseline,True
MUT_transition_oneoff_gdp,policy_admin_transition_cost,PER,0.00064,0.00064,0.00064,fixed_registered_assumption,declared,ASPIRE_LITERATURE_ASSUMPTION;PLAN_01_02,Administrative and transition cost from official 4C assumption registry.,none,baseline-official-v3,v1.0.1-official-4c,OFFICIAL_V2_MUT_transition_oneoff_gdp_PER__MUT_,2026-07-09T12:13:19.415601+00:00,materialize_official_v3_measurement_uncertainty.py,registered,,,False,False,True,baseline,True
MUT_transition_recurring_gdp,policy_admin_transition_cost,PER,8e-05,8e-05,8e-05,fixed_registered_assumption,declared,ASPIRE_LITERATURE_ASSUMPTION;PLAN_01_02,Administrative and transition cost from official 4C assumption registry.,none,baseline-official-v3,v1.0.1-official-4c,OFFICIAL_V2_MUT_transition_recurring_gdp_PER__MUT_,2026-07-09T12:13:19.415601+00:00,materialize_official_v3_measurement_uncertainty.py,registered,,,False,False,True,baseline,True
MUT_transition_horizon_years,policy_admin_transition_cost,PER,3.0,3.0,3.0,fixed_registered_assumption,declared,ASPIRE_LITERATURE_ASSUMPTION;PLAN_01_02,Administrative and transition cost from official 4C assumption registry.,none,baseline-official-v3,v1.0.1-official-4c,OFFICIAL_V2_MUT_transition_horizon_years_PER__MUT_,2026-07-09T12:13:19.415601+00:00,materialize_official_v3_measurement_uncertainty.py,registered,,,False,False,True,baseline,True
MUT_transition_discount_rate,policy_admin_transition_cost,PER,0.03,0.03,0.03,fixed_registered_assumption,declared,ASPIRE_LITERATURE_ASSUMPTION;PLAN_01_02,Administrative and transition cost from official 4C assumption registry.,none,baseline-official-v3,v1.0.1-official-4c,OFFICIAL_V2_MUT_transition_discount_rate_PER__MUT_,2026-07-09T12:13:19.415601+00:00,materialize_official_v3_measurement_uncertainty.py,registered,,,False,False,True,baseline,True
MUT_leakage_fixed_gdp,policy_admin_transition_cost,PER,6.400000000000001e-05,6.400000000000001e-05,6.400000000000001e-05,fixed_registered_assumption,declared,ASPIRE_LITERATURE_ASSUMPTION;PLAN_01_02,Administrative and transition cost from official 4C assumption registry.,none,baseline-official-v3,v1.0.1-official-4c,OFFICIAL_V2_MUT_leakage_fixed_gdp_PER__MUT_,2026-07-09T12:13:19.415601+00:00,materialize_official_v3_measurement_uncertainty.py,registered,,,False,False,True,baseline,True
PBI_admin_cost_new_gdp,policy_admin_transition_cost,PER,0.0006,0.0006,0.0006,fixed_registered_assumption,declared,ASPIRE_LITERATURE_ASSUMPTION;PLAN_01_02,Administrative and transition cost from official 4C assumption registry.,none,baseline-official-v3,v1.0.1-official-4c,OFFICIAL_V2_PBI_admin_cost_new_gdp_PER__PBI_,2026-07-09T12:13:19.415601+00:00,materialize_official_v3_measurement_uncertainty.py,registered,,,False,False,True,baseline,True
PBI_transition_oneoff_gdp,policy_admin_transition_cost,PER,0.00047999999999999996,0.00047999999999999996,0.00047999999999999996,fixed_registered_assumption,declared,ASPIRE_LITERATURE_ASSUMPTION;PLAN_01_02,Administrative and transition cost from official 4C assumption registry.,none,baseline-official-v3,v1.0.1-official-4c,OFFICIAL_V2_PBI_transition_oneoff_gdp_PER__PBI_,2026-07-09T12:13:19.415601+00:00,materialize_official_v3_measurement_uncertainty.py,registered,,,False,False,True,baseline,True
PBI_transition_recurring_gdp,policy_admin_transition_cost,PER,5.9999999999999995e-05,5.9999999999999995e-05,5.9999999999999995e-05,fixed_registered_assumption,declared,ASPIRE_LITERATURE_ASSUMPTION;PLAN_01_02,Administrative and transition cost from official 4C assumption registry.,none,baseline-official-v3,v1.0.1-official-4c,OFFICIAL_V2_PBI_transition_recurring_gdp_PER__PBI_,2026-07-09T12:13:19.415601+00:00,materialize_official_v3_measurement_uncertainty.py,registered,,,False,False,True,baseline,True
PBI_transition_horizon_years,policy_admin_transition_cost,PER,3.0,3.0,3.0,fixed_registered_assumption,declared,ASPIRE_LITERATURE_ASSUMPTION;PLAN_01_02,Administrative and transition cost from official 4C assumption registry.,none,baseline-official-v3,v1.0.1-official-4c,OFFICIAL_V2_PBI_transition_horizon_years_PER__PBI_,2026-07-09T12:13:19.415601+00:00,materialize_official_v3_measurement_uncertainty.py,registered,,,False,False,True,baseline,True
PBI_transition_discount_rate,policy_admin_transition_cost,PER,0.03,0.03,0.03,fixed_registered_assumption,declared,ASPIRE_LITERATURE_ASSUMPTION;PLAN_01_02,Administrative and transition cost from official 4C assumption registry.,none,baseline-official-v3,v1.0.1-official-4c,OFFICIAL_V2_PBI_transition_discount_rate_PER__PBI_,2026-07-09T12:13:19.415601+00:00,materialize_official_v3_measurement_uncertainty.py,registered,,,False,False,True,baseline,True
PBI_leakage_fixed_gdp,policy_admin_transition_cost,PER,4.7999999999999994e-05,4.7999999999999994e-05,4.7999999999999994e-05,fixed_registered_assumption,declared,ASPIRE_LITERATURE_ASSUMPTION;PLAN_01_02,Administrative and transition cost from official 4C assumption registry.,none,baseline-official-v3,v1.0.1-official-4c,OFFICIAL_V2_PBI_leakage_fixed_gdp_PER__PBI_,2026-07-09T12:13:19.415601+00:00,materialize_official_v3_measurement_uncertainty.py,registered,,,False,False,True,baseline,True
UBI_admin_cost_new_gdp,policy_admin_transition_cost,PER,0.0005,0.0005,0.0005,fixed_registered_assumption,declared,ASPIRE_LITERATURE_ASSUMPTION;PLAN_01_02,Administrative and transition cost from official 4C assumption registry.,none,baseline-official-v3,v1.0.1-official-4c,OFFICIAL_V2_UBI_admin_cost_new_gdp_PER__UBI_,2026-07-09T12:13:19.415601+00:00,materialize_official_v3_measurement_uncertainty.py,registered,,,False,False,True,baseline,True
UBI_transition_oneoff_gdp,policy_admin_transition_cost,PER,0.0004,0.0004,0.0004,fixed_registered_assumption,declared,ASPIRE_LITERATURE_ASSUMPTION;PLAN_01_02,Administrative and transition cost from official 4C assumption registry.,none,baseline-official-v3,v1.0.1-official-4c,OFFICIAL_V2_UBI_transition_oneoff_gdp_PER__UBI_,2026-07-09T12:13:19.415601+00:00,materialize_official_v3_measurement_uncertainty.py,registered,,,False,False,True,baseline,True
UBI_transition_recurring_gdp,policy_admin_transition_cost,PER,5e-05,5e-05,5e-05,fixed_registered_assumption,declared,ASPIRE_LITERATURE_ASSUMPTION;PLAN_01_02,Administrative and transition cost from official 4C assumption registry.,none,baseline-official-v3,v1.0.1-official-4c,OFFICIAL_V2_UBI_transition_recurring_gdp_PER__UBI_,2026-07-09T12:13:19.415601+00:00,materialize_official_v3_measurement_uncertainty.py,registered,,,False,False,True,baseline,True
UBI_transition_horizon_years,policy_admin_transition_cost,PER,3.0,3.0,3.0,fixed_registered_assumption,declared,ASPIRE_LITERATURE_ASSUMPTION;PLAN_01_02,Administrative and transition cost from official 4C assumption registry.,none,baseline-official-v3,v1.0.1-official-4c,OFFICIAL_V2_UBI_transition_horizon_years_PER__UBI_,2026-07-09T12:13:19.415601+00:00,materialize_official_v3_measurement_uncertainty.py,registered,,,False,False,True,baseline,True
UBI_transition_discount_rate,policy_admin_transition_cost,PER,0.03,0.03,0.03,fixed_registered_assumption,declared,ASPIRE_LITERATURE_ASSUMPTION;PLAN_01_02,Administrative and transition cost from official 4C assumption registry.,none,baseline-official-v3,v1.0.1-official-4c,OFFICIAL_V2_UBI_transition_discount_rate_PER__UBI_,2026-07-09T12:13:19.415601+00:00,materialize_official_v3_measurement_uncertainty.py,registered,,,False,False,True,baseline,True
UBI_leakage_fixed_gdp,policy_admin_transition_cost,PER,4e-05,4e-05,4e-05,fixed_registered_assumption,declared,ASPIRE_LITERATURE_ASSUMPTION;PLAN_01_02,Administrative and transition cost from official 4C assumption registry.,none,baseline-official-v3,v1.0.1-official-4c,OFFICIAL_V2_UBI_leakage_fixed_gdp_PER__UBI_,2026-07-09T12:13:19.415601+00:00,materialize_official_v3_measurement_uncertainty.py,registered,,,False,False,True,baseline,True
GMI_admin_cost_new_gdp,policy_admin_transition_cost,CHL,0.0025,0.0025,0.0025,fixed_registered_assumption,declared,ASPIRE_LITERATURE_ASSUMPTION;PLAN_01_02,Administrative and transition cost from official 4C assumption registry.,none,baseline-official-v3,v1.0.1-official-4c,OFFICIAL_V2_GMI_admin_cost_new_gdp_CHL__GMI_,2026-07-09T12:13:19.415601+00:00,materialize_official_v3_measurement_uncertainty.py,registered,,,False,False,True,baseline,True
GMI_transition_oneoff_gdp,policy_admin_transition_cost,CHL,0.002,0.002,0.002,fixed_registered_assumption,declared,ASPIRE_LITERATURE_ASSUMPTION;PLAN_01_02,Administrative and transition cost from official 4C assumption registry.,none,baseline-official-v3,v1.0.1-official-4c,OFFICIAL_V2_GMI_transition_oneoff_gdp_CHL__GMI_,2026-07-09T12:13:19.415601+00:00,materialize_official_v3_measurement_uncertainty.py,registered,,,False,False,True,baseline,True
GMI_transition_recurring_gdp,policy_admin_transition_cost,CHL,0.00025,0.00025,0.00025,fixed_registered_assumption,declared,ASPIRE_LITERATURE_ASSUMPTION;PLAN_01_02,Administrative and transition cost from official 4C assumption registry.,none,baseline-official-v3,v1.0.1-official-4c,OFFICIAL_V2_GMI_transition_recurring_gdp_CHL__GMI_,2026-07-09T12:13:19.415601+00:00,materialize_official_v3_measurement_uncertainty.py,registered,,,False,False,True,baseline,True
GMI_transition_horizon_years,policy_admin_transition_cost,CHL,3.0,3.0,3.0,fixed_registered_assumption,declared,ASPIRE_LITERATURE_ASSUMPTION;PLAN_01_02,Administrative and transition cost from official 4C assumption registry.,none,baseline-official-v3,v1.0.1-official-4c,OFFICIAL_V2_GMI_transition_horizon_years_CHL__GMI_,2026-07-09T12:13:19.415601+00:00,materialize_official_v3_measurement_uncertainty.py,registered,,,False,False,True,baseline,True
GMI_transition_discount_rate,policy_admin_transition_cost,CHL,0.03,0.03,0.03,fixed_registered_assumption,declared,ASPIRE_LITERATURE_ASSUMPTION;PLAN_01_02,Administrative and transition cost from official 4C assumption registry.,none,baseline-official-v3,v1.0.1-official-4c,OFFICIAL_V2_GMI_transition_discount_rate_CHL__GMI_,2026-07-09T12:13:19.415601+00:00,materialize_official_v3_measurement_uncertainty.py,registered,,,False,False,True,baseline,True
GMI_leakage_fixed_gdp,policy_admin_transition_cost,CHL,0.0002,0.0002,0.0002,fixed_registered_assumption,declared,ASPIRE_LITERATURE_ASSUMPTION;PLAN_01_02,Administrative and transition cost from official 4C assumption registry.,none,baseline-official-v3,v1.0.1-official-4c,OFFICIAL_V2_GMI_leakage_fixed_gdp_CHL__GMI_,2026-07-09T12:13:19.415601+00:00,materialize_official_v3_measurement_uncertainty.py,registered,,,False,False,True,baseline,True
PEN_admin_cost_new_gdp,policy_admin_transition_cost,CHL,0.0012,0.0012,0.0012,fixed_registered_assumption,declared,ASPIRE_LITERATURE_ASSUMPTION;PLAN_01_02,Administrative and transition cost from official 4C assumption registry.,none,baseline-official-v3,v1.0.1-official-4c,OFFICIAL_V2_PEN_admin_cost_new_gdp_CHL__PEN_,2026-07-09T12:13:19.415601+00:00,materialize_official_v3_measurement_uncertainty.py,registered,,,False,False,True,baseline,True
PEN_transition_oneoff_gdp,policy_admin_transition_cost,CHL,0.0009599999999999999,0.0009599999999999999,0.0009599999999999999,fixed_registered_assumption,declared,ASPIRE_LITERATURE_ASSUMPTION;PLAN_01_02,Administrative and transition cost from official 4C assumption registry.,none,baseline-official-v3,v1.0.1-official-4c,OFFICIAL_V2_PEN_transition_oneoff_gdp_CHL__PEN_,2026-07-09T12:13:19.415601+00:00,materialize_official_v3_measurement_uncertainty.py,registered,,,False,False,True,baseline,True
PEN_transition_recurring_gdp,policy_admin_transition_cost,CHL,0.00011999999999999999,0.00011999999999999999,0.00011999999999999999,fixed_registered_assumption,declared,ASPIRE_LITERATURE_ASSUMPTION;PLAN_01_02,Administrative and transition cost from official 4C assumption registry.,none,baseline-official-v3,v1.0.1-official-4c,OFFICIAL_V2_PEN_transition_recurring_gdp_CHL__PEN_,2026-07-09T12:13:19.415601+00:00,materialize_official_v3_measurement_uncertainty.py,registered,,,False,False,True,baseline,True
PEN_transition_horizon_years,policy_admin_transition_cost,CHL,3.0,3.0,3.0,fixed_registered_assumption,declared,ASPIRE_LITERATURE_ASSUMPTION;PLAN_01_02,Administrative and transition cost from official 4C assumption registry.,none,baseline-official-v3,v1.0.1-official-4c,OFFICIAL_V2_PEN_transition_horizon_years_CHL__PEN_,2026-07-09T12:13:19.415601+00:00,materialize_official_v3_measurement_uncertainty.py,registered,,,False,False,True,baseline,True
PEN_transition_discount_rate,policy_admin_transition_cost,CHL,0.03,0.03,0.03,fixed_registered_assumption,declared,ASPIRE_LITERATURE_ASSUMPTION;PLAN_01_02,Administrative and transition cost from official 4C assumption registry.,none,baseline-official-v3,v1.0.1-official-4c,OFFICIAL_V2_PEN_transition_discount_rate_CHL__PEN_,2026-07-09T12:13:19.415601+00:00,materialize_official_v3_measurement_uncertainty.py,registered,,,False,False,True,baseline,True
PEN_leakage_fixed_gdp,policy_admin_transition_cost,CHL,9.599999999999999e-05,9.599999999999999e-05,9.599999999999999e-05,fixed_registered_assumption,declared,ASPIRE_LITERATURE_ASSUMPTION;PLAN_01_02,Administrative and transition cost from official 4C assumption registry.,none,baseline-official-v3,v1.0.1-official-4c,OFFICIAL_V2_PEN_leakage_fixed_gdp_CHL__PEN_,2026-07-09T12:13:19.415601+00:00,materialize_official_v3_measurement_uncertainty.py,registered,,,False,False,True,baseline,True
MUT_admin_cost_new_gdp,policy_admin_transition_cost,CHL,0.0008,0.0008,0.0008,fixed_registered_assumption,declared,ASPIRE_LITERATURE_ASSUMPTION;PLAN_01_02,Administrative and transition cost from official 4C assumption registry.,none,baseline-official-v3,v1.0.1-official-4c,OFFICIAL_V2_MUT_admin_cost_new_gdp_CHL__MUT_,2026-07-09T12:13:19.415601+00:00,materialize_official_v3_measurement_uncertainty.py,registered,,,False,False,True,baseline,True
MUT_transition_oneoff_gdp,policy_admin_transition_cost,CHL,0.00064,0.00064,0.00064,fixed_registered_assumption,declared,ASPIRE_LITERATURE_ASSUMPTION;PLAN_01_02,Administrative and transition cost from official 4C assumption registry.,none,baseline-official-v3,v1.0.1-official-4c,OFFICIAL_V2_MUT_transition_oneoff_gdp_CHL__MUT_,2026-07-09T12:13:19.415601+00:00,materialize_official_v3_measurement_uncertainty.py,registered,,,False,False,True,baseline,True
MUT_transition_recurring_gdp,policy_admin_transition_cost,CHL,8e-05,8e-05,8e-05,fixed_registered_assumption,declared,ASPIRE_LITERATURE_ASSUMPTION;PLAN_01_02,Administrative and transition cost from official 4C assumption registry.,none,baseline-official-v3,v1.0.1-official-4c,OFFICIAL_V2_MUT_transition_recurring_gdp_CHL__MUT_,2026-07-09T12:13:19.415601+00:00,materialize_official_v3_measurement_uncertainty.py,registered,,,False,False,True,baseline,True
MUT_transition_horizon_years,policy_admin_transition_cost,CHL,3.0,3.0,3.0,fixed_registered_assumption,declared,ASPIRE_LITERATURE_ASSUMPTION;PLAN_01_02,Administrative and transition cost from official 4C assumption registry.,none,baseline-official-v3,v1.0.1-official-4c,OFFICIAL_V2_MUT_transition_horizon_years_CHL__MUT_,2026-07-09T12:13:19.415601+00:00,materialize_official_v3_measurement_uncertainty.py,registered,,,False,False,True,baseline,True
MUT_transition_discount_rate,policy_admin_transition_cost,CHL,0.03,0.03,0.03,fixed_registered_assumption,declared,ASPIRE_LITERATURE_ASSUMPTION;PLAN_01_02,Administrative and transition cost from official 4C assumption registry.,none,baseline-official-v3,v1.0.1-official-4c,OFFICIAL_V2_MUT_transition_discount_rate_CHL__MUT_,2026-07-09T12:13:19.415601+00:00,materialize_official_v3_measurement_uncertainty.py,registered,,,False,False,True,baseline,True
MUT_leakage_fixed_gdp,policy_admin_transition_cost,CHL,6.400000000000001e-05,6.400000000000001e-05,6.400000000000001e-05,fixed_registered_assumption,declared,ASPIRE_LITERATURE_ASSUMPTION;PLAN_01_02,Administrative and transition cost from official 4C assumption registry.,none,baseline-official-v3,v1.0.1-official-4c,OFFICIAL_V2_MUT_leakage_fixed_gdp_CHL__MUT_,2026-07-09T12:13:19.415601+00:00,materialize_official_v3_measurement_uncertainty.py,registered,,,False,False,True,baseline,True
PBI_admin_cost_new_gdp,policy_admin_transition_cost,CHL,0.0006,0.0006,0.0006,fixed_registered_assumption,declared,ASPIRE_LITERATURE_ASSUMPTION;PLAN_01_02,Administrative and transition cost from official 4C assumption registry.,none,baseline-official-v3,v1.0.1-official-4c,OFFICIAL_V2_PBI_admin_cost_new_gdp_CHL__PBI_,2026-07-09T12:13:19.415601+00:00,materialize_official_v3_measurement_uncertainty.py,registered,,,False,False,True,baseline,True
PBI_transition_oneoff_gdp,policy_admin_transition_cost,CHL,0.00047999999999999996,0.00047999999999999996,0.00047999999999999996,fixed_registered_assumption,declared,ASPIRE_LITERATURE_ASSUMPTION;PLAN_01_02,Administrative and transition cost from official 4C assumption registry.,none,baseline-official-v3,v1.0.1-official-4c,OFFICIAL_V2_PBI_transition_oneoff_gdp_CHL__PBI_,2026-07-09T12:13:19.415601+00:00,materialize_official_v3_measurement_uncertainty.py,registered,,,False,False,True,baseline,True
PBI_transition_recurring_gdp,policy_admin_transition_cost,CHL,5.9999999999999995e-05,5.9999999999999995e-05,5.9999999999999995e-05,fixed_registered_assumption,declared,ASPIRE_LITERATURE_ASSUMPTION;PLAN_01_02,Administrative and transition cost from official 4C assumption registry.,none,baseline-official-v3,v1.0.1-official-4c,OFFICIAL_V2_PBI_transition_recurring_gdp_CHL__PBI_,2026-07-09T12:13:19.415601+00:00,materialize_official_v3_measurement_uncertainty.py,registered,,,False,False,True,baseline,True
PBI_transition_horizon_years,policy_admin_transition_cost,CHL,3.0,3.0,3.0,fixed_registered_assumption,declared,ASPIRE_LITERATURE_ASSUMPTION;PLAN_01_02,Administrative and transition cost from official 4C assumption registry.,none,baseline-official-v3,v1.0.1-official-4c,OFFICIAL_V2_PBI_transition_horizon_years_CHL__PBI_,2026-07-09T12:13:19.415601+00:00,materialize_official_v3_measurement_uncertainty.py,registered,,,False,False,True,baseline,True
PBI_transition_discount_rate,policy_admin_transition_cost,CHL,0.03,0.03,0.03,fixed_registered_assumption,declared,ASPIRE_LITERATURE_ASSUMPTION;PLAN_01_02,Administrative and transition cost from official 4C assumption registry.,none,baseline-official-v3,v1.0.1-official-4c,OFFICIAL_V2_PBI_transition_discount_rate_CHL__PBI_,2026-07-09T12:13:19.415601+00:00,materialize_official_v3_measurement_uncertainty.py,registered,,,False,False,True,baseline,True
PBI_leakage_fixed_gdp,policy_admin_transition_cost,CHL,4.7999999999999994e-05,4.7999999999999994e-05,4.7999999999999994e-05,fixed_registered_assumption,declared,ASPIRE_LITERATURE_ASSUMPTION;PLAN_01_02,Administrative and transition cost from official 4C assumption registry.,none,baseline-official-v3,v1.0.1-official-4c,OFFICIAL_V2_PBI_leakage_fixed_gdp_CHL__PBI_,2026-07-09T12:13:19.415601+00:00,materialize_official_v3_measurement_uncertainty.py,registered,,,False,False,True,baseline,True
UBI_admin_cost_new_gdp,policy_admin_transition_cost,CHL,0.0005,0.0005,0.0005,fixed_registered_assumption,declared,ASPIRE_LITERATURE_ASSUMPTION;PLAN_01_02,Administrative and transition cost from official 4C assumption registry.,none,baseline-official-v3,v1.0.1-official-4c,OFFICIAL_V2_UBI_admin_cost_new_gdp_CHL__UBI_,2026-07-09T12:13:19.415601+00:00,materialize_official_v3_measurement_uncertainty.py,registered,,,False,False,True,baseline,True
UBI_transition_oneoff_gdp,policy_admin_transition_cost,CHL,0.0004,0.0004,0.0004,fixed_registered_assumption,declared,ASPIRE_LITERATURE_ASSUMPTION;PLAN_01_02,Administrative and transition cost from official 4C assumption registry.,none,baseline-official-v3,v1.0.1-official-4c,OFFICIAL_V2_UBI_transition_oneoff_gdp_CHL__UBI_,2026-07-09T12:13:19.415601+00:00,materialize_official_v3_measurement_uncertainty.py,registered,,,False,False,True,baseline,True
UBI_transition_recurring_gdp,policy_admin_transition_cost,CHL,5e-05,5e-05,5e-05,fixed_registered_assumption,declared,ASPIRE_LITERATURE_ASSUMPTION;PLAN_01_02,Administrative and transition cost from official 4C assumption registry.,none,baseline-official-v3,v1.0.1-official-4c,OFFICIAL_V2_UBI_transition_recurring_gdp_CHL__UBI_,2026-07-09T12:13:19.415601+00:00,materialize_official_v3_measurement_uncertainty.py,registered,,,False,False,True,baseline,True
UBI_transition_horizon_years,policy_admin_transition_cost,CHL,3.0,3.0,3.0,fixed_registered_assumption,declared,ASPIRE_LITERATURE_ASSUMPTION;PLAN_01_02,Administrative and transition cost from official 4C assumption registry.,none,baseline-official-v3,v1.0.1-official-4c,OFFICIAL_V2_UBI_transition_horizon_years_CHL__UBI_,2026-07-09T12:13:19.415601+00:00,materialize_official_v3_measurement_uncertainty.py,registered,,,False,False,True,baseline,True
UBI_transition_discount_rate,policy_admin_transition_cost,CHL,0.03,0.03,0.03,fixed_registered_assumption,declared,ASPIRE_LITERATURE_ASSUMPTION;PLAN_01_02,Administrative and transition cost from official 4C assumption registry.,none,baseline-official-v3,v1.0.1-official-4c,OFFICIAL_V2_UBI_transition_discount_rate_CHL__UBI_,2026-07-09T12:13:19.415601+00:00,materialize_official_v3_measurement_uncertainty.py,registered,,,False,False,True,baseline,True
UBI_leakage_fixed_gdp,policy_admin_transition_cost,CHL,4e-05,4e-05,4e-05,fixed_registered_assumption,declared,ASPIRE_LITERATURE_ASSUMPTION;PLAN_01_02,Administrative and transition cost from official 4C assumption registry.,none,baseline-official-v3,v1.0.1-official-4c,OFFICIAL_V2_UBI_leakage_fixed_gdp_CHL__UBI_,2026-07-09T12:13:19.415601+00:00,materialize_official_v3_measurement_uncertainty.py,registered,,,False,False,True,baseline,True
GMI_admin_cost_new_gdp,policy_admin_transition_cost,COL,0.0025,0.0025,0.0025,fixed_registered_assumption,declared,ASPIRE_LITERATURE_ASSUMPTION;PLAN_01_02,Administrative and transition cost from official 4C assumption registry.,none,baseline-official-v3,v1.0.1-official-4c,OFFICIAL_V2_GMI_admin_cost_new_gdp_COL__GMI_,2026-07-09T12:13:19.415601+00:00,materialize_official_v3_measurement_uncertainty.py,registered,,,False,False,True,baseline,True
GMI_transition_oneoff_gdp,policy_admin_transition_cost,COL,0.002,0.002,0.002,fixed_registered_assumption,declared,ASPIRE_LITERATURE_ASSUMPTION;PLAN_01_02,Administrative and transition cost from official 4C assumption registry.,none,baseline-official-v3,v1.0.1-official-4c,OFFICIAL_V2_GMI_transition_oneoff_gdp_COL__GMI_,2026-07-09T12:13:19.415601+00:00,materialize_official_v3_measurement_uncertainty.py,registered,,,False,False,True,baseline,True
GMI_transition_recurring_gdp,policy_admin_transition_cost,COL,0.00025,0.00025,0.00025,fixed_registered_assumption,declared,ASPIRE_LITERATURE_ASSUMPTION;PLAN_01_02,Administrative and transition cost from official 4C assumption registry.,none,baseline-official-v3,v1.0.1-official-4c,OFFICIAL_V2_GMI_transition_recurring_gdp_COL__GMI_,2026-07-09T12:13:19.415601+00:00,materialize_official_v3_measurement_uncertainty.py,registered,,,False,False,True,baseline,True
GMI_transition_horizon_years,policy_admin_transition_cost,COL,3.0,3.0,3.0,fixed_registered_assumption,declared,ASPIRE_LITERATURE_ASSUMPTION;PLAN_01_02,Administrative and transition cost from official 4C assumption registry.,none,baseline-official-v3,v1.0.1-official-4c,OFFICIAL_V2_GMI_transition_horizon_years_COL__GMI_,2026-07-09T12:13:19.415601+00:00,materialize_official_v3_measurement_uncertainty.py,registered,,,False,False,True,baseline,True
GMI_transition_discount_rate,policy_admin_transition_cost,COL,0.03,0.03,0.03,fixed_registered_assumption,declared,ASPIRE_LITERATURE_ASSUMPTION;PLAN_01_02,Administrative and transition cost from official 4C assumption registry.,none,baseline-official-v3,v1.0.1-official-4c,OFFICIAL_V2_GMI_transition_discount_rate_COL__GMI_,2026-07-09T12:13:19.415601+00:00,materialize_official_v3_measurement_uncertainty.py,registered,,,False,False,True,baseline,True
GMI_leakage_fixed_gdp,policy_admin_transition_cost,COL,0.0002,0.0002,0.0002,fixed_registered_assumption,declared,ASPIRE_LITERATURE_ASSUMPTION;PLAN_01_02,Administrative and transition cost from official 4C assumption registry.,none,baseline-official-v3,v1.0.1-official-4c,OFFICIAL_V2_GMI_leakage_fixed_gdp_COL__GMI_,2026-07-09T12:13:19.415601+00:00,materialize_official_v3_measurement_uncertainty.py,registered,,,False,False,True,baseline,True
PEN_admin_cost_new_gdp,policy_admin_transition_cost,COL,0.0012,0.0012,0.0012,fixed_registered_assumption,declared,ASPIRE_LITERATURE_ASSUMPTION;PLAN_01_02,Administrative and transition cost from official 4C assumption registry.,none,baseline-official-v3,v1.0.1-official-4c,OFFICIAL_V2_PEN_admin_cost_new_gdp_COL__PEN_,2026-07-09T12:13:19.415601+00:00,materialize_official_v3_measurement_uncertainty.py,registered,,,False,False,True,baseline,True
PEN_transition_oneoff_gdp,policy_admin_transition_cost,COL,0.0009599999999999999,0.0009599999999999999,0.0009599999999999999,fixed_registered_assumption,declared,ASPIRE_LITERATURE_ASSUMPTION;PLAN_01_02,Administrative and transition cost from official 4C assumption registry.,none,baseline-official-v3,v1.0.1-official-4c,OFFICIAL_V2_PEN_transition_oneoff_gdp_COL__PEN_,2026-07-09T12:13:19.415601+00:00,materialize_official_v3_measurement_uncertainty.py,registered,,,False,False,True,baseline,True
PEN_transition_recurring_gdp,policy_admin_transition_cost,COL,0.00011999999999999999,0.00011999999999999999,0.00011999999999999999,fixed_registered_assumption,declared,ASPIRE_LITERATURE_ASSUMPTION;PLAN_01_02,Administrative and transition cost from official 4C assumption registry.,none,baseline-official-v3,v1.0.1-official-4c,OFFICIAL_V2_PEN_transition_recurring_gdp_COL__PEN_,2026-07-09T12:13:19.415601+00:00,materialize_official_v3_measurement_uncertainty.py,registered,,,False,False,True,baseline,True
PEN_transition_horizon_years,policy_admin_transition_cost,COL,3.0,3.0,3.0,fixed_registered_assumption,declared,ASPIRE_LITERATURE_ASSUMPTION;PLAN_01_02,Administrative and transition cost from official 4C assumption registry.,none,baseline-official-v3,v1.0.1-official-4c,OFFICIAL_V2_PEN_transition_horizon_years_COL__PEN_,2026-07-09T12:13:19.415601+00:00,materialize_official_v3_measurement_uncertainty.py,registered,,,False,False,True,baseline,True
PEN_transition_discount_rate,policy_admin_transition_cost,COL,0.03,0.03,0.03,fixed_registered_assumption,declared,ASPIRE_LITERATURE_ASSUMPTION;PLAN_01_02,Administrative and transition cost from official 4C assumption registry.,none,baseline-official-v3,v1.0.1-official-4c,OFFICIAL_V2_PEN_transition_discount_rate_COL__PEN_,2026-07-09T12:13:19.415601+00:00,materialize_official_v3_measurement_uncertainty.py,registered,,,False,False,True,baseline,True
PEN_leakage_fixed_gdp,policy_admin_transition_cost,COL,9.599999999999999e-05,9.599999999999999e-05,9.599999999999999e-05,fixed_registered_assumption,declared,ASPIRE_LITERATURE_ASSUMPTION;PLAN_01_02,Administrative and transition cost from official 4C assumption registry.,none,baseline-official-v3,v1.0.1-official-4c,OFFICIAL_V2_PEN_leakage_fixed_gdp_COL__PEN_,2026-07-09T12:13:19.415601+00:00,materialize_official_v3_measurement_uncertainty.py,registered,,,False,False,True,baseline,True
MUT_admin_cost_new_gdp,policy_admin_transition_cost,COL,0.0008,0.0008,0.0008,fixed_registered_assumption,declared,ASPIRE_LITERATURE_ASSUMPTION;PLAN_01_02,Administrative and transition cost from official 4C assumption registry.,none,baseline-official-v3,v1.0.1-official-4c,OFFICIAL_V2_MUT_admin_cost_new_gdp_COL__MUT_,2026-07-09T12:13:19.415601+00:00,materialize_official_v3_measurement_uncertainty.py,registered,,,False,False,True,baseline,True
MUT_transition_oneoff_gdp,policy_admin_transition_cost,COL,0.00064,0.00064,0.00064,fixed_registered_assumption,declared,ASPIRE_LITERATURE_ASSUMPTION;PLAN_01_02,Administrative and transition cost from official 4C assumption registry.,none,baseline-official-v3,v1.0.1-official-4c,OFFICIAL_V2_MUT_transition_oneoff_gdp_COL__MUT_,2026-07-09T12:13:19.415601+00:00,materialize_official_v3_measurement_uncertainty.py,registered,,,False,False,True,baseline,True
MUT_transition_recurring_gdp,policy_admin_transition_cost,COL,8e-05,8e-05,8e-05,fixed_registered_assumption,declared,ASPIRE_LITERATURE_ASSUMPTION;PLAN_01_02,Administrative and transition cost from official 4C assumption registry.,none,baseline-official-v3,v1.0.1-official-4c,OFFICIAL_V2_MUT_transition_recurring_gdp_COL__MUT_,2026-07-09T12:13:19.415601+00:00,materialize_official_v3_measurement_uncertainty.py,registered,,,False,False,True,baseline,True
MUT_transition_horizon_years,policy_admin_transition_cost,COL,3.0,3.0,3.0,fixed_registered_assumption,declared,ASPIRE_LITERATURE_ASSUMPTION;PLAN_01_02,Administrative and transition cost from official 4C assumption registry.,none,baseline-official-v3,v1.0.1-official-4c,OFFICIAL_V2_MUT_transition_horizon_years_COL__MUT_,2026-07-09T12:13:19.415601+00:00,materialize_official_v3_measurement_uncertainty.py,registered,,,False,False,True,baseline,True
MUT_transition_discount_rate,policy_admin_transition_cost,COL,0.03,0.03,0.03,fixed_registered_assumption,declared,ASPIRE_LITERATURE_ASSUMPTION;PLAN_01_02,Administrative and transition cost from official 4C assumption registry.,none,baseline-official-v3,v1.0.1-official-4c,OFFICIAL_V2_MUT_transition_discount_rate_COL__MUT_,2026-07-09T12:13:19.415601+00:00,materialize_official_v3_measurement_uncertainty.py,registered,,,False,False,True,baseline,True
MUT_leakage_fixed_gdp,policy_admin_transition_cost,COL,6.400000000000001e-05,6.400000000000001e-05,6.400000000000001e-05,fixed_registered_assumption,declared,ASPIRE_LITERATURE_ASSUMPTION;PLAN_01_02,Administrative and transition cost from official 4C assumption registry.,none,baseline-official-v3,v1.0.1-official-4c,OFFICIAL_V2_MUT_leakage_fixed_gdp_COL__MUT_,2026-07-09T12:13:19.415601+00:00,materialize_official_v3_measurement_uncertainty.py,registered,,,False,False,True,baseline,True
PBI_admin_cost_new_gdp,policy_admin_transition_cost,COL,0.0006,0.0006,0.0006,fixed_registered_assumption,declared,ASPIRE_LITERATURE_ASSUMPTION;PLAN_01_02,Administrative and transition cost from official 4C assumption registry.,none,baseline-official-v3,v1.0.1-official-4c,OFFICIAL_V2_PBI_admin_cost_new_gdp_COL__PBI_,2026-07-09T12:13:19.415601+00:00,materialize_official_v3_measurement_uncertainty.py,registered,,,False,False,True,baseline,True
PBI_transition_oneoff_gdp,policy_admin_transition_cost,COL,0.00047999999999999996,0.00047999999999999996,0.00047999999999999996,fixed_registered_assumption,declared,ASPIRE_LITERATURE_ASSUMPTION;PLAN_01_02,Administrative and transition cost from official 4C assumption registry.,none,baseline-official-v3,v1.0.1-official-4c,OFFICIAL_V2_PBI_transition_oneoff_gdp_COL__PBI_,2026-07-09T12:13:19.415601+00:00,materialize_official_v3_measurement_uncertainty.py,registered,,,False,False,True,baseline,True
PBI_transition_recurring_gdp,policy_admin_transition_cost,COL,5.9999999999999995e-05,5.9999999999999995e-05,5.9999999999999995e-05,fixed_registered_assumption,declared,ASPIRE_LITERATURE_ASSUMPTION;PLAN_01_02,Administrative and transition cost from official 4C assumption registry.,none,baseline-official-v3,v1.0.1-official-4c,OFFICIAL_V2_PBI_transition_recurring_gdp_COL__PBI_,2026-07-09T12:13:19.415601+00:00,materialize_official_v3_measurement_uncertainty.py,registered,,,False,False,True,baseline,True
PBI_transition_horizon_years,policy_admin_transition_cost,COL,3.0,3.0,3.0,fixed_registered_assumption,declared,ASPIRE_LITERATURE_ASSUMPTION;PLAN_01_02,Administrative and transition cost from official 4C assumption registry.,none,baseline-official-v3,v1.0.1-official-4c,OFFICIAL_V2_PBI_transition_horizon_years_COL__PBI_,2026-07-09T12:13:19.415601+00:00,materialize_official_v3_measurement_uncertainty.py,registered,,,False,False,True,baseline,True
PBI_transition_discount_rate,policy_admin_transition_cost,COL,0.03,0.03,0.03,fixed_registered_assumption,declared,ASPIRE_LITERATURE_ASSUMPTION;PLAN_01_02,Administrative and transition cost from official 4C assumption registry.,none,baseline-official-v3,v1.0.1-official-4c,OFFICIAL_V2_PBI_transition_discount_rate_COL__PBI_,2026-07-09T12:13:19.415601+00:00,materialize_official_v3_measurement_uncertainty.py,registered,,,False,False,True,baseline,True
PBI_leakage_fixed_gdp,policy_admin_transition_cost,COL,4.7999999999999994e-05,4.7999999999999994e-05,4.7999999999999994e-05,fixed_registered_assumption,declared,ASPIRE_LITERATURE_ASSUMPTION;PLAN_01_02,Administrative and transition cost from official 4C assumption registry.,none,baseline-official-v3,v1.0.1-official-4c,OFFICIAL_V2_PBI_leakage_fixed_gdp_COL__PBI_,2026-07-09T12:13:19.415601+00:00,materialize_official_v3_measurement_uncertainty.py,registered,,,False,False,True,baseline,True
UBI_admin_cost_new_gdp,policy_admin_transition_cost,COL,0.0005,0.0005,0.0005,fixed_registered_assumption,declared,ASPIRE_LITERATURE_ASSUMPTION;PLAN_01_02,Administrative and transition cost from official 4C assumption registry.,none,baseline-official-v3,v1.0.1-official-4c,OFFICIAL_V2_UBI_admin_cost_new_gdp_COL__UBI_,2026-07-09T12:13:19.415601+00:00,materialize_official_v3_measurement_uncertainty.py,registered,,,False,False,True,baseline,True
UBI_transition_oneoff_gdp,policy_admin_transition_cost,COL,0.0004,0.0004,0.0004,fixed_registered_assumption,declared,ASPIRE_LITERATURE_ASSUMPTION;PLAN_01_02,Administrative and transition cost from official 4C assumption registry.,none,baseline-official-v3,v1.0.1-official-4c,OFFICIAL_V2_UBI_transition_oneoff_gdp_COL__UBI_,2026-07-09T12:13:19.415601+00:00,materialize_official_v3_measurement_uncertainty.py,registered,,,False,False,True,baseline,True
UBI_transition_recurring_gdp,policy_admin_transition_cost,COL,5e-05,5e-05,5e-05,fixed_registered_assumption,declared,ASPIRE_LITERATURE_ASSUMPTION;PLAN_01_02,Administrative and transition cost from official 4C assumption registry.,none,baseline-official-v3,v1.0.1-official-4c,OFFICIAL_V2_UBI_transition_recurring_gdp_COL__UBI_,2026-07-09T12:13:19.415601+00:00,materialize_official_v3_measurement_uncertainty.py,registered,,,False,False,True,baseline,True
UBI_transition_horizon_years,policy_admin_transition_cost,COL,3.0,3.0,3.0,fixed_registered_assumption,declared,ASPIRE_LITERATURE_ASSUMPTION;PLAN_01_02,Administrative and transition cost from official 4C assumption registry.,none,baseline-official-v3,v1.0.1-official-4c,OFFICIAL_V2_UBI_transition_horizon_years_COL__UBI_,2026-07-09T12:13:19.415601+00:00,materialize_official_v3_measurement_uncertainty.py,registered,,,False,False,True,baseline,True
UBI_transition_discount_rate,policy_admin_transition_cost,COL,0.03,0.03,0.03,fixed_registered_assumption,declared,ASPIRE_LITERATURE_ASSUMPTION;PLAN_01_02,Administrative and transition cost from official 4C assumption registry.,none,baseline-official-v3,v1.0.1-official-4c,OFFICIAL_V2_UBI_transition_discount_rate_COL__UBI_,2026-07-09T12:13:19.415601+00:00,materialize_official_v3_measurement_uncertainty.py,registered,,,False,False,True,baseline,True
UBI_leakage_fixed_gdp,policy_admin_transition_cost,COL,4e-05,4e-05,4e-05,fixed_registered_assumption,declared,ASPIRE_LITERATURE_ASSUMPTION;PLAN_01_02,Administrative and transition cost from official 4C assumption registry.,none,baseline-official-v3,v1.0.1-official-4c,OFFICIAL_V2_UBI_leakage_fixed_gdp_COL__UBI_,2026-07-09T12:13:19.415601+00:00,materialize_official_v3_measurement_uncertainty.py,registered,,,False,False,True,baseline,True
GMI_admin_cost_new_gdp,policy_admin_transition_cost,MEX,0.0025,0.0025,0.0025,fixed_registered_assumption,declared,ASPIRE_LITERATURE_ASSUMPTION;PLAN_01_02,Administrative and transition cost from official 4C assumption registry.,none,baseline-official-v3,v1.0.1-official-4c,OFFICIAL_V2_GMI_admin_cost_new_gdp_MEX__GMI_,2026-07-09T12:13:19.415601+00:00,materialize_official_v3_measurement_uncertainty.py,registered,,,False,False,True,baseline,True
GMI_transition_oneoff_gdp,policy_admin_transition_cost,MEX,0.002,0.002,0.002,fixed_registered_assumption,declared,ASPIRE_LITERATURE_ASSUMPTION;PLAN_01_02,Administrative and transition cost from official 4C assumption registry.,none,baseline-official-v3,v1.0.1-official-4c,OFFICIAL_V2_GMI_transition_oneoff_gdp_MEX__GMI_,2026-07-09T12:13:19.415601+00:00,materialize_official_v3_measurement_uncertainty.py,registered,,,False,False,True,baseline,True
GMI_transition_recurring_gdp,policy_admin_transition_cost,MEX,0.00025,0.00025,0.00025,fixed_registered_assumption,declared,ASPIRE_LITERATURE_ASSUMPTION;PLAN_01_02,Administrative and transition cost from official 4C assumption registry.,none,baseline-official-v3,v1.0.1-official-4c,OFFICIAL_V2_GMI_transition_recurring_gdp_MEX__GMI_,2026-07-09T12:13:19.415601+00:00,materialize_official_v3_measurement_uncertainty.py,registered,,,False,False,True,baseline,True
GMI_transition_horizon_years,policy_admin_transition_cost,MEX,3.0,3.0,3.0,fixed_registered_assumption,declared,ASPIRE_LITERATURE_ASSUMPTION;PLAN_01_02,Administrative and transition cost from official 4C assumption registry.,none,baseline-official-v3,v1.0.1-official-4c,OFFICIAL_V2_GMI_transition_horizon_years_MEX__GMI_,2026-07-09T12:13:19.415601+00:00,materialize_official_v3_measurement_uncertainty.py,registered,,,False,False,True,baseline,True
GMI_transition_discount_rate,policy_admin_transition_cost,MEX,0.03,0.03,0.03,fixed_registered_assumption,declared,ASPIRE_LITERATURE_ASSUMPTION;PLAN_01_02,Administrative and transition cost from official 4C assumption registry.,none,baseline-official-v3,v1.0.1-official-4c,OFFICIAL_V2_GMI_transition_discount_rate_MEX__GMI_,2026-07-09T12:13:19.415601+00:00,materialize_official_v3_measurement_uncertainty.py,registered,,,False,False,True,baseline,True
GMI_leakage_fixed_gdp,policy_admin_transition_cost,MEX,0.0002,0.0002,0.0002,fixed_registered_assumption,declared,ASPIRE_LITERATURE_ASSUMPTION;PLAN_01_02,Administrative and transition cost from official 4C assumption registry.,none,baseline-official-v3,v1.0.1-official-4c,OFFICIAL_V2_GMI_leakage_fixed_gdp_MEX__GMI_,2026-07-09T12:13:19.415601+00:00,materialize_official_v3_measurement_uncertainty.py,registered,,,False,False,True,baseline,True
PEN_admin_cost_new_gdp,policy_admin_transition_cost,MEX,0.0012,0.0012,0.0012,fixed_registered_assumption,declared,ASPIRE_LITERATURE_ASSUMPTION;PLAN_01_02,Administrative and transition cost from official 4C assumption registry.,none,baseline-official-v3,v1.0.1-official-4c,OFFICIAL_V2_PEN_admin_cost_new_gdp_MEX__PEN_,2026-07-09T12:13:19.415601+00:00,materialize_official_v3_measurement_uncertainty.py,registered,,,False,False,True,baseline,True
PEN_transition_oneoff_gdp,policy_admin_transition_cost,MEX,0.0009599999999999999,0.0009599999999999999,0.0009599999999999999,fixed_registered_assumption,declared,ASPIRE_LITERATURE_ASSUMPTION;PLAN_01_02,Administrative and transition cost from official 4C assumption registry.,none,baseline-official-v3,v1.0.1-official-4c,OFFICIAL_V2_PEN_transition_oneoff_gdp_MEX__PEN_,2026-07-09T12:13:19.415601+00:00,materialize_official_v3_measurement_uncertainty.py,registered,,,False,False,True,baseline,True
PEN_transition_recurring_gdp,policy_admin_transition_cost,MEX,0.00011999999999999999,0.00011999999999999999,0.00011999999999999999,fixed_registered_assumption,declared,ASPIRE_LITERATURE_ASSUMPTION;PLAN_01_02,Administrative and transition cost from official 4C assumption registry.,none,baseline-official-v3,v1.0.1-official-4c,OFFICIAL_V2_PEN_transition_recurring_gdp_MEX__PEN_,2026-07-09T12:13:19.415601+00:00,materialize_official_v3_measurement_uncertainty.py,registered,,,False,False,True,baseline,True
PEN_transition_horizon_years,policy_admin_transition_cost,MEX,3.0,3.0,3.0,fixed_registered_assumption,declared,ASPIRE_LITERATURE_ASSUMPTION;PLAN_01_02,Administrative and transition cost from official 4C assumption registry.,none,baseline-official-v3,v1.0.1-official-4c,OFFICIAL_V2_PEN_transition_horizon_years_MEX__PEN_,2026-07-09T12:13:19.415601+00:00,materialize_official_v3_measurement_uncertainty.py,registered,,,False,False,True,baseline,True
PEN_transition_discount_rate,policy_admin_transition_cost,MEX,0.03,0.03,0.03,fixed_registered_assumption,declared,ASPIRE_LITERATURE_ASSUMPTION;PLAN_01_02,Administrative and transition cost from official 4C assumption registry.,none,baseline-official-v3,v1.0.1-official-4c,OFFICIAL_V2_PEN_transition_discount_rate_MEX__PEN_,2026-07-09T12:13:19.415601+00:00,materialize_official_v3_measurement_uncertainty.py,registered,,,False,False,True,baseline,True
PEN_leakage_fixed_gdp,policy_admin_transition_cost,MEX,9.599999999999999e-05,9.599999999999999e-05,9.599999999999999e-05,fixed_registered_assumption,declared,ASPIRE_LITERATURE_ASSUMPTION;PLAN_01_02,Administrative and transition cost from official 4C assumption registry.,none,baseline-official-v3,v1.0.1-official-4c,OFFICIAL_V2_PEN_leakage_fixed_gdp_MEX__PEN_,2026-07-09T12:13:19.415601+00:00,materialize_official_v3_measurement_uncertainty.py,registered,,,False,False,True,baseline,True
MUT_admin_cost_new_gdp,policy_admin_transition_cost,MEX,0.0008,0.0008,0.0008,fixed_registered_assumption,declared,ASPIRE_LITERATURE_ASSUMPTION;PLAN_01_02,Administrative and transition cost from official 4C assumption registry.,none,baseline-official-v3,v1.0.1-official-4c,OFFICIAL_V2_MUT_admin_cost_new_gdp_MEX__MUT_,2026-07-09T12:13:19.415601+00:00,materialize_official_v3_measurement_uncertainty.py,registered,,,False,False,True,baseline,True
MUT_transition_oneoff_gdp,policy_admin_transition_cost,MEX,0.00064,0.00064,0.00064,fixed_registered_assumption,declared,ASPIRE_LITERATURE_ASSUMPTION;PLAN_01_02,Administrative and transition cost from official 4C assumption registry.,none,baseline-official-v3,v1.0.1-official-4c,OFFICIAL_V2_MUT_transition_oneoff_gdp_MEX__MUT_,2026-07-09T12:13:19.415601+00:00,materialize_official_v3_measurement_uncertainty.py,registered,,,False,False,True,baseline,True
MUT_transition_recurring_gdp,policy_admin_transition_cost,MEX,8e-05,8e-05,8e-05,fixed_registered_assumption,declared,ASPIRE_LITERATURE_ASSUMPTION;PLAN_01_02,Administrative and transition cost from official 4C assumption registry.,none,baseline-official-v3,v1.0.1-official-4c,OFFICIAL_V2_MUT_transition_recurring_gdp_MEX__MUT_,2026-07-09T12:13:19.415601+00:00,materialize_official_v3_measurement_uncertainty.py,registered,,,False,False,True,baseline,True
MUT_transition_horizon_years,policy_admin_transition_cost,MEX,3.0,3.0,3.0,fixed_registered_assumption,declared,ASPIRE_LITERATURE_ASSUMPTION;PLAN_01_02,Administrative and transition cost from official 4C assumption registry.,none,baseline-official-v3,v1.0.1-official-4c,OFFICIAL_V2_MUT_transition_horizon_years_MEX__MUT_,2026-07-09T12:13:19.415601+00:00,materialize_official_v3_measurement_uncertainty.py,registered,,,False,False,True,baseline,True
MUT_transition_discount_rate,policy_admin_transition_cost,MEX,0.03,0.03,0.03,fixed_registered_assumption,declared,ASPIRE_LITERATURE_ASSUMPTION;PLAN_01_02,Administrative and transition cost from official 4C assumption registry.,none,baseline-official-v3,v1.0.1-official-4c,OFFICIAL_V2_MUT_transition_discount_rate_MEX__MUT_,2026-07-09T12:13:19.415601+00:00,materialize_official_v3_measurement_uncertainty.py,registered,,,False,False,True,baseline,True
MUT_leakage_fixed_gdp,policy_admin_transition_cost,MEX,6.400000000000001e-05,6.400000000000001e-05,6.400000000000001e-05,fixed_registered_assumption,declared,ASPIRE_LITERATURE_ASSUMPTION;PLAN_01_02,Administrative and transition cost from official 4C assumption registry.,none,baseline-official-v3,v1.0.1-official-4c,OFFICIAL_V2_MUT_leakage_fixed_gdp_MEX__MUT_,2026-07-09T12:13:19.415601+00:00,materialize_official_v3_measurement_uncertainty.py,registered,,,False,False,True,baseline,True
PBI_admin_cost_new_gdp,policy_admin_transition_cost,MEX,0.0006,0.0006,0.0006,fixed_registered_assumption,declared,ASPIRE_LITERATURE_ASSUMPTION;PLAN_01_02,Administrative and transition cost from official 4C assumption registry.,none,baseline-official-v3,v1.0.1-official-4c,OFFICIAL_V2_PBI_admin_cost_new_gdp_MEX__PBI_,2026-07-09T12:13:19.415601+00:00,materialize_official_v3_measurement_uncertainty.py,registered,,,False,False,True,baseline,True
PBI_transition_oneoff_gdp,policy_admin_transition_cost,MEX,0.00047999999999999996,0.00047999999999999996,0.00047999999999999996,fixed_registered_assumption,declared,ASPIRE_LITERATURE_ASSUMPTION;PLAN_01_02,Administrative and transition cost from official 4C assumption registry.,none,baseline-official-v3,v1.0.1-official-4c,OFFICIAL_V2_PBI_transition_oneoff_gdp_MEX__PBI_,2026-07-09T12:13:19.415601+00:00,materialize_official_v3_measurement_uncertainty.py,registered,,,False,False,True,baseline,True
PBI_transition_recurring_gdp,policy_admin_transition_cost,MEX,5.9999999999999995e-05,5.9999999999999995e-05,5.9999999999999995e-05,fixed_registered_assumption,declared,ASPIRE_LITERATURE_ASSUMPTION;PLAN_01_02,Administrative and transition cost from official 4C assumption registry.,none,baseline-official-v3,v1.0.1-official-4c,OFFICIAL_V2_PBI_transition_recurring_gdp_MEX__PBI_,2026-07-09T12:13:19.415601+00:00,materialize_official_v3_measurement_uncertainty.py,registered,,,False,False,True,baseline,True
PBI_transition_horizon_years,policy_admin_transition_cost,MEX,3.0,3.0,3.0,fixed_registered_assumption,declared,ASPIRE_LITERATURE_ASSUMPTION;PLAN_01_02,Administrative and transition cost from official 4C assumption registry.,none,baseline-official-v3,v1.0.1-official-4c,OFFICIAL_V2_PBI_transition_horizon_years_MEX__PBI_,2026-07-09T12:13:19.415601+00:00,materialize_official_v3_measurement_uncertainty.py,registered,,,False,False,True,baseline,True
PBI_transition_discount_rate,policy_admin_transition_cost,MEX,0.03,0.03,0.03,fixed_registered_assumption,declared,ASPIRE_LITERATURE_ASSUMPTION;PLAN_01_02,Administrative and transition cost from official 4C assumption registry.,none,baseline-official-v3,v1.0.1-official-4c,OFFICIAL_V2_PBI_transition_discount_rate_MEX__PBI_,2026-07-09T12:13:19.415601+00:00,materialize_official_v3_measurement_uncertainty.py,registered,,,False,False,True,baseline,True
PBI_leakage_fixed_gdp,policy_admin_transition_cost,MEX,4.7999999999999994e-05,4.7999999999999994e-05,4.7999999999999994e-05,fixed_registered_assumption,declared,ASPIRE_LITERATURE_ASSUMPTION;PLAN_01_02,Administrative and transition cost from official 4C assumption registry.,none,baseline-official-v3,v1.0.1-official-4c,OFFICIAL_V2_PBI_leakage_fixed_gdp_MEX__PBI_,2026-07-09T12:13:19.415601+00:00,materialize_official_v3_measurement_uncertainty.py,registered,,,False,False,True,baseline,True
UBI_admin_cost_new_gdp,policy_admin_transition_cost,MEX,0.0005,0.0005,0.0005,fixed_registered_assumption,declared,ASPIRE_LITERATURE_ASSUMPTION;PLAN_01_02,Administrative and transition cost from official 4C assumption registry.,none,baseline-official-v3,v1.0.1-official-4c,OFFICIAL_V2_UBI_admin_cost_new_gdp_MEX__UBI_,2026-07-09T12:13:19.415601+00:00,materialize_official_v3_measurement_uncertainty.py,registered,,,False,False,True,baseline,True
UBI_transition_oneoff_gdp,policy_admin_transition_cost,MEX,0.0004,0.0004,0.0004,fixed_registered_assumption,declared,ASPIRE_LITERATURE_ASSUMPTION;PLAN_01_02,Administrative and transition cost from official 4C assumption registry.,none,baseline-official-v3,v1.0.1-official-4c,OFFICIAL_V2_UBI_transition_oneoff_gdp_MEX__UBI_,2026-07-09T12:13:19.415601+00:00,materialize_official_v3_measurement_uncertainty.py,registered,,,False,False,True,baseline,True
UBI_transition_recurring_gdp,policy_admin_transition_cost,MEX,5e-05,5e-05,5e-05,fixed_registered_assumption,declared,ASPIRE_LITERATURE_ASSUMPTION;PLAN_01_02,Administrative and transition cost from official 4C assumption registry.,none,baseline-official-v3,v1.0.1-official-4c,OFFICIAL_V2_UBI_transition_recurring_gdp_MEX__UBI_,2026-07-09T12:13:19.415601+00:00,materialize_official_v3_measurement_uncertainty.py,registered,,,False,False,True,baseline,True
UBI_transition_horizon_years,policy_admin_transition_cost,MEX,3.0,3.0,3.0,fixed_registered_assumption,declared,ASPIRE_LITERATURE_ASSUMPTION;PLAN_01_02,Administrative and transition cost from official 4C assumption registry.,none,baseline-official-v3,v1.0.1-official-4c,OFFICIAL_V2_UBI_transition_horizon_years_MEX__UBI_,2026-07-09T12:13:19.415601+00:00,materialize_official_v3_measurement_uncertainty.py,registered,,,False,False,True,baseline,True
UBI_transition_discount_rate,policy_admin_transition_cost,MEX,0.03,0.03,0.03,fixed_registered_assumption,declared,ASPIRE_LITERATURE_ASSUMPTION;PLAN_01_02,Administrative and transition cost from official 4C assumption registry.,none,baseline-official-v3,v1.0.1-official-4c,OFFICIAL_V2_UBI_transition_discount_rate_MEX__UBI_,2026-07-09T12:13:19.415601+00:00,materialize_official_v3_measurement_uncertainty.py,registered,,,False,False,True,baseline,True
UBI_leakage_fixed_gdp,policy_admin_transition_cost,MEX,4e-05,4e-05,4e-05,fixed_registered_assumption,declared,ASPIRE_LITERATURE_ASSUMPTION;PLAN_01_02,Administrative and transition cost from official 4C assumption registry.,none,baseline-official-v3,v1.0.1-official-4c,OFFICIAL_V2_UBI_leakage_fixed_gdp_MEX__UBI_,2026-07-09T12:13:19.415601+00:00,materialize_official_v3_measurement_uncertainty.py,registered,,,False,False,True,baseline,True
E_prod_frontier,frontier_benchmark,,0.134,0.11,0.2,bounded_PERT,declared,Gmyrek_Berg_Bescond_2023_ILO_WP96;ILO_WP140_2025,"Gmyrek, Berg & Bescond (2023), ILO Working Paper 96, Generative AI and jobs: potencial de aumento = 13.4% del empleo en paises de ingreso alto; cola superior justificada por ILO Working Paper 140 (2025). Re-anclado durante la ratificacion de autor PRE-oficial por regla de jerarquia (literatura > prior calibrado). Direccion del cambio: favorable a factibilidad; el rango conserva el prior anterior 0.17.",Mismo linaje metodologico OIT que el ancla LAC de E_prod; consistencia de medicion en numerador y denominador de T.,baseline-official-v3,v1.0.1-official-4c,OFFICIAL_V2_E_prod_frontier_GLOBAL___,2026-07-09T12:13:19.415601+00:00,materialize_official_v3_measurement_uncertainty.py,author_approved,2026-07-08,ratificacion del autor registrada pre-resultados,False,False,True,baseline,True
rank_corr_A_aipi_total_q_use_target,monte_carlo_dependency,,0.5,0.5,0.5,fixed_proposal,not_used_until_author_signature,PLAN_02_SEC_14_2,AIPI-q_prod translated to A<->q_use_target; q_prod is derived after logit inversion.,Not applied in MC_independent_baseline; exported for Etapa 5B review.,baseline-official-v3,v1.0.1-official-4c,rank_corr_A_aipi_total_q_use_target,2026-07-09T12:13:19.415601+00:00,materialize_official_v3_measurement_uncertainty.py,author_review,,,False,False,True,baseline,False
rank_corr_Gap_excluded_indicators_q_use_target,monte_carlo_dependency,,-0.5,-0.5,-0.5,fixed_proposal,not_used_until_author_signature,PLAN_02_SEC_14_2,Gap-q_prod translated to Gap<->q_use_target; q_prod is derived.,Not applied in MC_independent_baseline; exported for Etapa 5B review.,baseline-official-v3,v1.0.1-official-4c,rank_corr_Gap_excluded_indicators_q_use_target,2026-07-09T12:13:19.415601+00:00,materialize_official_v3_measurement_uncertainty.py,author_review,,,False,False,True,baseline,False
rank_corr_I_adopt_informality_q_use_target,monte_carlo_dependency,,-0.5,-0.5,-0.5,fixed_proposal,not_used_until_author_signature,PLAN_02_SEC_14_2,informality-q_prod translated to I<->q_use_target; q_prod is derived.,Not applied in MC_independent_baseline; exported for Etapa 5B review.,baseline-official-v3,v1.0.1-official-4c,rank_corr_I_adopt_informality_q_use_target,2026-07-09T12:13:19.415601+00:00,materialize_official_v3_measurement_uncertainty.py,author_review,,,False,False,True,baseline,False
rank_corr_I_adopt_informality_chi_Kbase,monte_carlo_dependency,,-0.5,-0.5,-0.5,fixed_proposal,not_used_until_author_signature,PLAN_02_SEC_14_2,Direct primitive pair from plan 14.2.,Not applied in MC_independent_baseline; exported for Etapa 5B review.,baseline-official-v3,v1.0.1-official-4c,rank_corr_I_adopt_informality_chi_Kbase,2026-07-09T12:13:19.415601+00:00,materialize_official_v3_measurement_uncertainty.py,author_review,,,False,False,True,baseline,False
rank_corr_A_aipi_total_E_prod,monte_carlo_dependency,,0.5,0.5,0.5,fixed_proposal,not_used_until_author_signature,PLAN_02_SEC_14_2,Direct primitive pair from plan 14.2.,Not applied in MC_independent_baseline; exported for Etapa 5B review.,baseline-official-v3,v1.0.1-official-4c,rank_corr_A_aipi_total_E_prod,2026-07-09T12:13:19.415601+00:00,materialize_official_v3_measurement_uncertainty.py,author_review,,,False,False,True,baseline,False
rank_corr_A_aipi_total_tau_L_eff_tau_K_eff_tau_C_eff,monte_carlo_dependency,,,,,fixed_proposal,not_used_until_author_signature,PLAN_02_SEC_14_2,"A<->tau_effs would use +0.3 only if effective tau primitives are drawn; baseline-official-v2 keeps tau effective fixed/derived, so it is omitted.",Not applied in MC_independent_baseline; exported for Etapa 5B review.,baseline-official-v3,v1.0.1-official-4c,rank_corr_A_aipi_total_tau_L_eff_tau_K_eff_tau_C_eff,2026-07-09T12:13:19.415601+00:00,materialize_official_v3_measurement_uncertainty.py,author_review,,,False,True,True,baseline,False
rank_corr_I_adopt_informality_tau_L_eff_tau_K_eff_tau_C_eff,monte_carlo_dependency,,,,,fixed_proposal,not_used_until_author_signature,PLAN_02_SEC_14_2,"I<->tau_effs would use -0.5 only if effective tau primitives are drawn; baseline-official-v2 keeps tau effective fixed/derived, so it is omitted.",Not applied in MC_independent_baseline; exported for Etapa 5B review.,baseline-official-v3,v1.0.1-official-4c,rank_corr_I_adopt_informality_tau_L_eff_tau_K_eff_tau_C_eff,2026-07-09T12:13:19.415601+00:00,materialize_official_v3_measurement_uncertainty.py,author_review,,,False,True,True,baseline,False
rank_corr_admin_cost_Vgross,monte_carlo_dependency,,,,,fixed_proposal,not_used_until_author_signature,PLAN_02_SEC_14_2,inducidos por derivación; NO se imponen (doble conteo de dependencia).,Not applied in MC_independent_baseline; exported for Etapa 5B review.,baseline-official-v3,v1.0.1-official-4c,rank_corr_admin_cost_Vgross,2026-07-09T12:13:19.415601+00:00,materialize_official_v3_measurement_uncertainty.py,author_review,,,False,False,True,baseline,False
rank_corr_theta_target_Vgross_GMI,monte_carlo_dependency,,,,,fixed_proposal,not_used_until_author_signature,PLAN_02_SEC_14_2,inducidos por derivación; NO se imponen (doble conteo de dependencia).,Not applied in MC_independent_baseline; exported for Etapa 5B review.,baseline-official-v3,v1.0.1-official-4c,rank_corr_theta_target_Vgross_GMI,2026-07-09T12:13:19.415601+00:00,materialize_official_v3_measurement_uncertainty.py,author_review,,,False,False,True,baseline,False
rank_corr_S_frontier_exigency_T,monte_carlo_dependency,,,,,fixed_proposal,not_used_until_author_signature,PLAN_02_SEC_14_2,inducidos por derivación; NO se imponen (doble conteo de dependencia).,Not applied in MC_independent_baseline; exported for Etapa 5B review.,baseline-official-v3,v1.0.1-official-4c,rank_corr_S_frontier_exigency_T,2026-07-09T12:13:19.415601+00:00,materialize_official_v3_measurement_uncertainty.py,author_review,,,False,False,True,baseline,False
rank_corr_leakage_MFCeff,monte_carlo_dependency,,,,,fixed_proposal,not_used_until_author_signature,PLAN_02_SEC_14_2,inducidos por derivación; NO se imponen (doble conteo de dependencia).,Not applied in MC_independent_baseline; exported for Etapa 5B review.,baseline-official-v3,v1.0.1-official-4c,rank_corr_leakage_MFCeff,2026-07-09T12:13:19.415601+00:00,materialize_official_v3_measurement_uncertainty.py,author_review,,,False,False,True,baseline,False
