run_id,country_id,policy_id,scenario_id,regime_id,endpoint_year,phi_y_nominal,translation_factor,g_ai_level,mfc_gross,mfc_tilde_gross,fs_gross,fs_eff,cost_gross_gdp,cost_net_gdp,v_gross,v_net,xi,crosses_v1,crosses_buffer,debt_guardrail_pass,historical_plausibility_class,cell_result_class,country_policy_result_class
pilot_per_tierA_baseline_pilot_v3,PER,PEN,low,r0,2034,0.0004999999999999449,0.4718709379579163,0.0023618612160059005,0.10172149735671993,0.10172149735671993,0.00024025205944088352,-0.0007878366105098554,0.005573845262039806,0.005573845262039806,-0.14134526049285023,-0.14134526049285023,0.0,False,False,False,fiscally_ordinary,not_feasible,fragile_feasibility
pilot_per_tierA_baseline_pilot_v3,PER,PEN,low,r0,2034,0.0004999999999999449,0.4718709379579163,0.0023618612160059005,0.10172149735671993,0.10172149735671993,0.00024025205944088352,-0.0007878366105098554,0.005573845262039806,0.005573845262039806,-0.14134526049285023,-0.14134526049285023,0.05,False,False,False,fiscally_ordinary,not_feasible,fragile_feasibility
pilot_per_tierA_baseline_pilot_v3,PER,PEN,low,r0,2034,0.0004999999999999449,0.4718709379579163,0.0023618612160059005,0.10172149735671993,0.10172149735671993,0.00024025205944088352,-0.0007878366105098554,0.005573845262039806,0.005573845262039806,-0.14134526049285023,-0.14134526049285023,0.1,False,False,False,fiscally_ordinary,not_feasible,fragile_feasibility
pilot_per_tierA_baseline_pilot_v3,PER,PEN,low,r0,2034,0.0004999999999999449,0.4718709379579163,0.0023618612160059005,0.10172149735671993,0.10172149735671993,0.00024025205944088352,-0.0007878366105098554,0.005573845262039806,0.005573845262039806,-0.14134526049285023,-0.14134526049285023,0.25,False,False,False,fiscally_ordinary,not_feasible,fragile_feasibility
pilot_per_tierA_baseline_pilot_v3,PER,PEN,low,r0,2034,0.0004999999999999449,0.4718709379579163,0.0023618612160059005,0.10172149735671993,0.10172149735671993,0.00024025205944088352,-0.0007878366105098554,0.005573845262039806,0.005573845262039806,-0.14134526049285023,-0.14134526049285023,0.5,False,False,False,fiscally_ordinary,not_feasible,fragile_feasibility
pilot_per_tierA_baseline_pilot_v3,PER,GMI,low,r0,2034,0.0004999999999999449,0.4718709379579163,0.0023618612160059005,0.10172149735671993,0.10172149735671993,0.00024025205944088352,-0.003416808667208312,0.04180812064947627,0.04180812064947627,-0.08172595692246488,-0.08172595692246488,0.0,False,False,False,fiscally_ordinary,not_feasible,not_feasible
pilot_per_tierA_baseline_pilot_v3,PER,GMI,low,r0,2034,0.0004999999999999449,0.4718709379579163,0.0023618612160059005,0.10172149735671993,0.10172149735671993,0.00024025205944088352,-0.003416808667208312,0.04180812064947627,0.04180812064947627,-0.08172595692246488,-0.08172595692246488,0.05,False,False,False,fiscally_ordinary,not_feasible,not_feasible
pilot_per_tierA_baseline_pilot_v3,PER,GMI,low,r0,2034,0.0004999999999999449,0.4718709379579163,0.0023618612160059005,0.10172149735671993,0.10172149735671993,0.00024025205944088352,-0.003416808667208312,0.04180812064947627,0.04180812064947627,-0.08172595692246488,-0.08172595692246488,0.1,False,False,False,fiscally_ordinary,not_feasible,not_feasible
pilot_per_tierA_baseline_pilot_v3,PER,GMI,low,r0,2034,0.0004999999999999449,0.4718709379579163,0.0023618612160059005,0.10172149735671993,0.10172149735671993,0.00024025205944088352,-0.003416808667208312,0.04180812064947627,0.04180812064947627,-0.08172595692246488,-0.08172595692246488,0.25,False,False,False,fiscally_ordinary,not_feasible,not_feasible
pilot_per_tierA_baseline_pilot_v3,PER,GMI,low,r0,2034,0.0004999999999999449,0.4718709379579163,0.0023618612160059005,0.10172149735671993,0.10172149735671993,0.00024025205944088352,-0.003416808667208312,0.04180812064947627,0.04180812064947627,-0.08172595692246488,-0.08172595692246488,0.5,False,False,False,fiscally_ordinary,not_feasible,not_feasible
pilot_per_tierA_baseline_pilot_v3,PER,MUT,low,r0,2034,0.0004999999999999449,0.4718709379579163,0.0023618612160059005,0.10172149735671993,0.10172149735671993,0.00024025205944088352,-0.0007210533592783283,0.053394790101502256,0.053394790101502256,-0.013504189414503223,-0.013504189414503223,0.0,False,False,False,fiscally_ordinary,not_feasible,not_feasible
pilot_per_tierA_baseline_pilot_v3,PER,MUT,low,r0,2034,0.0004999999999999449,0.4718709379579163,0.0023618612160059005,0.10172149735671993,0.10172149735671993,0.00024025205944088352,-0.0007210533592783283,0.053394790101502256,0.053394790101502256,-0.013504189414503223,-0.013504189414503223,0.05,False,False,False,fiscally_ordinary,not_feasible,not_feasible
pilot_per_tierA_baseline_pilot_v3,PER,MUT,low,r0,2034,0.0004999999999999449,0.4718709379579163,0.0023618612160059005,0.10172149735671993,0.10172149735671993,0.00024025205944088352,-0.0007210533592783283,0.053394790101502256,0.053394790101502256,-0.013504189414503223,-0.013504189414503223,0.1,False,False,False,fiscally_ordinary,not_feasible,not_feasible
pilot_per_tierA_baseline_pilot_v3,PER,MUT,low,r0,2034,0.0004999999999999449,0.4718709379579163,0.0023618612160059005,0.10172149735671993,0.10172149735671993,0.00024025205944088352,-0.0007210533592783283,0.053394790101502256,0.053394790101502256,-0.013504189414503223,-0.013504189414503223,0.25,False,False,False,fiscally_ordinary,not_feasible,not_feasible
pilot_per_tierA_baseline_pilot_v3,PER,MUT,low,r0,2034,0.0004999999999999449,0.4718709379579163,0.0023618612160059005,0.10172149735671993,0.10172149735671993,0.00024025205944088352,-0.0007210533592783283,0.053394790101502256,0.053394790101502256,-0.013504189414503223,-0.013504189414503223,0.5,False,False,False,fiscally_ordinary,not_feasible,not_feasible
pilot_per_tierA_baseline_pilot_v3,PER,PBI,low,r0,2034,0.0004999999999999449,0.4718709379579163,0.0023618612160059005,0.10172149735671993,0.10172149735671993,0.00024025205944088352,-0.0006210533592783283,0.0796945147314945,0.0796945147314945,-0.007792924787493487,-0.007792924787493487,0.0,False,False,False,fiscally_ordinary,not_feasible,not_feasible
pilot_per_tierA_baseline_pilot_v3,PER,PBI,low,r0,2034,0.0004999999999999449,0.4718709379579163,0.0023618612160059005,0.10172149735671993,0.10172149735671993,0.00024025205944088352,-0.0006210533592783283,0.0796945147314945,0.0796945147314945,-0.007792924787493487,-0.007792924787493487,0.05,False,False,False,fiscally_ordinary,not_feasible,not_feasible
pilot_per_tierA_baseline_pilot_v3,PER,PBI,low,r0,2034,0.0004999999999999449,0.4718709379579163,0.0023618612160059005,0.10172149735671993,0.10172149735671993,0.00024025205944088352,-0.0006210533592783283,0.0796945147314945,0.0796945147314945,-0.007792924787493487,-0.007792924787493487,0.1,False,False,False,fiscally_ordinary,not_feasible,not_feasible
pilot_per_tierA_baseline_pilot_v3,PER,PBI,low,r0,2034,0.0004999999999999449,0.4718709379579163,0.0023618612160059005,0.10172149735671993,0.10172149735671993,0.00024025205944088352,-0.0006210533592783283,0.0796945147314945,0.0796945147314945,-0.007792924787493487,-0.007792924787493487,0.25,False,False,False,fiscally_ordinary,not_feasible,not_feasible
pilot_per_tierA_baseline_pilot_v3,PER,PBI,low,r0,2034,0.0004999999999999449,0.4718709379579163,0.0023618612160059005,0.10172149735671993,0.10172149735671993,0.00024025205944088352,-0.0006210533592783283,0.0796945147314945,0.0796945147314945,-0.007792924787493487,-0.007792924787493487,0.5,False,False,False,fiscally_ordinary,not_feasible,not_feasible
pilot_per_tierA_baseline_pilot_v3,PER,UBI,low,r0,2034,0.0004999999999999449,0.4718709379579163,0.0023618612160059005,0.10172149735671993,0.10172149735671993,0.00024025205944088352,-0.0007533144430221704,0.21357916040600902,0.21357916040600902,-0.0035270971268457894,-0.0035270971268457894,0.0,False,False,False,fiscally_ordinary,not_feasible,stress_benchmark_only
pilot_per_tierA_baseline_pilot_v3,PER,UBI,low,r0,2034,0.0004999999999999449,0.4718709379579163,0.0023618612160059005,0.10172149735671993,0.10172149735671993,0.00024025205944088352,-0.0007533144430221704,0.21357916040600902,0.21357916040600902,-0.0035270971268457894,-0.0035270971268457894,0.05,False,False,False,fiscally_ordinary,not_feasible,stress_benchmark_only
pilot_per_tierA_baseline_pilot_v3,PER,UBI,low,r0,2034,0.0004999999999999449,0.4718709379579163,0.0023618612160059005,0.10172149735671993,0.10172149735671993,0.00024025205944088352,-0.0007533144430221704,0.21357916040600902,0.21357916040600902,-0.0035270971268457894,-0.0035270971268457894,0.1,False,False,False,fiscally_ordinary,not_feasible,stress_benchmark_only
pilot_per_tierA_baseline_pilot_v3,PER,UBI,low,r0,2034,0.0004999999999999449,0.4718709379579163,0.0023618612160059005,0.10172149735671993,0.10172149735671993,0.00024025205944088352,-0.0007533144430221704,0.21357916040600902,0.21357916040600902,-0.0035270971268457894,-0.0035270971268457894,0.25,False,False,False,fiscally_ordinary,not_feasible,stress_benchmark_only
pilot_per_tierA_baseline_pilot_v3,PER,UBI,low,r0,2034,0.0004999999999999449,0.4718709379579163,0.0023618612160059005,0.10172149735671993,0.10172149735671993,0.00024025205944088352,-0.0007533144430221704,0.21357916040600902,0.21357916040600902,-0.0035270971268457894,-0.0035270971268457894,0.5,False,False,False,fiscally_ordinary,not_feasible,stress_benchmark_only
pilot_per_tierA_baseline_pilot_v3,PER,PEN,low,r1,2034,0.0004999999999999449,0.4718709379579163,0.0023618612160059005,0.10707602352958367,0.10707602352958367,0.0002528987071386589,-0.00075518996281208,0.005573845262039806,0.005573845262039806,-0.1354881463888559,-0.1354881463888559,0.0,False,False,False,fiscally_ordinary,not_feasible,fragile_feasibility
pilot_per_tierA_baseline_pilot_v3,PER,PEN,low,r1,2034,0.0004999999999999449,0.4718709379579163,0.0023618612160059005,0.10707602352958367,0.10707602352958367,0.0002528987071386589,-0.00075518996281208,0.005573845262039806,0.005573845262039806,-0.1354881463888559,-0.1354881463888559,0.05,False,False,False,fiscally_ordinary,not_feasible,fragile_feasibility
pilot_per_tierA_baseline_pilot_v3,PER,PEN,low,r1,2034,0.0004999999999999449,0.4718709379579163,0.0023618612160059005,0.10707602352958367,0.10707602352958367,0.0002528987071386589,-0.00075518996281208,0.005573845262039806,0.005573845262039806,-0.1354881463888559,-0.1354881463888559,0.1,False,False,False,fiscally_ordinary,not_feasible,fragile_feasibility
pilot_per_tierA_baseline_pilot_v3,PER,PEN,low,r1,2034,0.0004999999999999449,0.4718709379579163,0.0023618612160059005,0.10707602352958367,0.10707602352958367,0.0002528987071386589,-0.00075518996281208,0.005573845262039806,0.005573845262039806,-0.1354881463888559,-0.1354881463888559,0.25,False,False,False,fiscally_ordinary,not_feasible,fragile_feasibility
pilot_per_tierA_baseline_pilot_v3,PER,PEN,low,r1,2034,0.0004999999999999449,0.4718709379579163,0.0023618612160059005,0.10707602352958367,0.10707602352958367,0.0002528987071386589,-0.00075518996281208,0.005573845262039806,0.005573845262039806,-0.1354881463888559,-0.1354881463888559,0.5,False,False,False,fiscally_ordinary,not_feasible,fragile_feasibility
pilot_per_tierA_baseline_pilot_v3,PER,GMI,low,r1,2034,0.0004999999999999449,0.4718709379579163,0.0023618612160059005,0.10707602352958367,0.10707602352958367,0.0002528987071386589,-0.0033541620195105364,0.04180812064947627,0.04180812064947627,-0.08022752439967794,-0.08022752439967794,0.0,False,False,False,fiscally_ordinary,not_feasible,not_feasible
pilot_per_tierA_baseline_pilot_v3,PER,GMI,low,r1,2034,0.0004999999999999449,0.4718709379579163,0.0023618612160059005,0.10707602352958367,0.10707602352958367,0.0002528987071386589,-0.0033541620195105364,0.04180812064947627,0.04180812064947627,-0.08022752439967794,-0.08022752439967794,0.05,False,False,False,fiscally_ordinary,not_feasible,not_feasible
pilot_per_tierA_baseline_pilot_v3,PER,GMI,low,r1,2034,0.0004999999999999449,0.4718709379579163,0.0023618612160059005,0.10707602352958367,0.10707602352958367,0.0002528987071386589,-0.0033541620195105364,0.04180812064947627,0.04180812064947627,-0.08022752439967794,-0.08022752439967794,0.1,False,False,False,fiscally_ordinary,not_feasible,not_feasible
pilot_per_tierA_baseline_pilot_v3,PER,GMI,low,r1,2034,0.0004999999999999449,0.4718709379579163,0.0023618612160059005,0.10707602352958367,0.10707602352958367,0.0002528987071386589,-0.0033541620195105364,0.04180812064947627,0.04180812064947627,-0.08022752439967794,-0.08022752439967794,0.25,False,False,False,fiscally_ordinary,not_feasible,not_feasible
pilot_per_tierA_baseline_pilot_v3,PER,GMI,low,r1,2034,0.0004999999999999449,0.4718709379579163,0.0023618612160059005,0.10707602352958367,0.10707602352958367,0.0002528987071386589,-0.0033541620195105364,0.04180812064947627,0.04180812064947627,-0.08022752439967794,-0.08022752439967794,0.5,False,False,False,fiscally_ordinary,not_feasible,not_feasible
pilot_per_tierA_baseline_pilot_v3,PER,MUT,low,r1,2034,0.0004999999999999449,0.4718709379579163,0.0023618612160059005,0.10707602352958367,0.10707602352958367,0.0002528987071386589,-0.0006959067115805528,0.053394790101502256,0.053394790101502256,-0.013033232460651129,-0.013033232460651129,0.0,False,False,False,fiscally_ordinary,not_feasible,not_feasible
pilot_per_tierA_baseline_pilot_v3,PER,MUT,low,r1,2034,0.0004999999999999449,0.4718709379579163,0.0023618612160059005,0.10707602352958367,0.10707602352958367,0.0002528987071386589,-0.0006959067115805528,0.053394790101502256,0.053394790101502256,-0.013033232460651129,-0.013033232460651129,0.05,False,False,False,fiscally_ordinary,not_feasible,not_feasible
pilot_per_tierA_baseline_pilot_v3,PER,MUT,low,r1,2034,0.0004999999999999449,0.4718709379579163,0.0023618612160059005,0.10707602352958367,0.10707602352958367,0.0002528987071386589,-0.0006959067115805528,0.053394790101502256,0.053394790101502256,-0.013033232460651129,-0.013033232460651129,0.1,False,False,False,fiscally_ordinary,not_feasible,not_feasible
pilot_per_tierA_baseline_pilot_v3,PER,MUT,low,r1,2034,0.0004999999999999449,0.4718709379579163,0.0023618612160059005,0.10707602352958367,0.10707602352958367,0.0002528987071386589,-0.0006959067115805528,0.053394790101502256,0.053394790101502256,-0.013033232460651129,-0.013033232460651129,0.25,False,False,False,fiscally_ordinary,not_feasible,not_feasible
pilot_per_tierA_baseline_pilot_v3,PER,MUT,low,r1,2034,0.0004999999999999449,0.4718709379579163,0.0023618612160059005,0.10707602352958367,0.10707602352958367,0.0002528987071386589,-0.0006959067115805528,0.053394790101502256,0.053394790101502256,-0.013033232460651129,-0.013033232460651129,0.5,False,False,False,fiscally_ordinary,not_feasible,not_feasible
pilot_per_tierA_baseline_pilot_v3,PER,PBI,low,r1,2034,0.0004999999999999449,0.4718709379579163,0.0023618612160059005,0.10707602352958367,0.10707602352958367,0.0002528987071386589,-0.0005959067115805529,0.0796945147314945,0.0796945147314945,-0.0074773867886425115,-0.0074773867886425115,0.0,False,False,False,fiscally_ordinary,not_feasible,not_feasible
pilot_per_tierA_baseline_pilot_v3,PER,PBI,low,r1,2034,0.0004999999999999449,0.4718709379579163,0.0023618612160059005,0.10707602352958367,0.10707602352958367,0.0002528987071386589,-0.0005959067115805529,0.0796945147314945,0.0796945147314945,-0.0074773867886425115,-0.0074773867886425115,0.05,False,False,False,fiscally_ordinary,not_feasible,not_feasible
pilot_per_tierA_baseline_pilot_v3,PER,PBI,low,r1,2034,0.0004999999999999449,0.4718709379579163,0.0023618612160059005,0.10707602352958367,0.10707602352958367,0.0002528987071386589,-0.0005959067115805529,0.0796945147314945,0.0796945147314945,-0.0074773867886425115,-0.0074773867886425115,0.1,False,False,False,fiscally_ordinary,not_feasible,not_feasible
pilot_per_tierA_baseline_pilot_v3,PER,PBI,low,r1,2034,0.0004999999999999449,0.4718709379579163,0.0023618612160059005,0.10707602352958367,0.10707602352958367,0.0002528987071386589,-0.0005959067115805529,0.0796945147314945,0.0796945147314945,-0.0074773867886425115,-0.0074773867886425115,0.25,False,False,False,fiscally_ordinary,not_feasible,not_feasible
pilot_per_tierA_baseline_pilot_v3,PER,PBI,low,r1,2034,0.0004999999999999449,0.4718709379579163,0.0023618612160059005,0.10707602352958367,0.10707602352958367,0.0002528987071386589,-0.0005959067115805529,0.0796945147314945,0.0796945147314945,-0.0074773867886425115,-0.0074773867886425115,0.5,False,False,False,fiscally_ordinary,not_feasible,not_feasible
pilot_per_tierA_baseline_pilot_v3,PER,UBI,low,r1,2034,0.0004999999999999449,0.4718709379579163,0.0023618612160059005,0.10707602352958367,0.10707602352958367,0.0002528987071386589,-0.0007331677953243951,0.21357916040600902,0.21357916040600902,-0.0034327684120991023,-0.0034327684120991023,0.0,False,False,False,fiscally_ordinary,not_feasible,stress_benchmark_only
pilot_per_tierA_baseline_pilot_v3,PER,UBI,low,r1,2034,0.0004999999999999449,0.4718709379579163,0.0023618612160059005,0.10707602352958367,0.10707602352958367,0.0002528987071386589,-0.0007331677953243951,0.21357916040600902,0.21357916040600902,-0.0034327684120991023,-0.0034327684120991023,0.05,False,False,False,fiscally_ordinary,not_feasible,stress_benchmark_only
pilot_per_tierA_baseline_pilot_v3,PER,UBI,low,r1,2034,0.0004999999999999449,0.4718709379579163,0.0023618612160059005,0.10707602352958367,0.10707602352958367,0.0002528987071386589,-0.0007331677953243951,0.21357916040600902,0.21357916040600902,-0.0034327684120991023,-0.0034327684120991023,0.1,False,False,False,fiscally_ordinary,not_feasible,stress_benchmark_only
pilot_per_tierA_baseline_pilot_v3,PER,UBI,low,r1,2034,0.0004999999999999449,0.4718709379579163,0.0023618612160059005,0.10707602352958367,0.10707602352958367,0.0002528987071386589,-0.0007331677953243951,0.21357916040600902,0.21357916040600902,-0.0034327684120991023,-0.0034327684120991023,0.25,False,False,False,fiscally_ordinary,not_feasible,stress_benchmark_only
pilot_per_tierA_baseline_pilot_v3,PER,UBI,low,r1,2034,0.0004999999999999449,0.4718709379579163,0.0023618612160059005,0.10707602352958367,0.10707602352958367,0.0002528987071386589,-0.0007331677953243951,0.21357916040600902,0.21357916040600902,-0.0034327684120991023,-0.0034327684120991023,0.5,False,False,False,fiscally_ordinary,not_feasible,stress_benchmark_only
pilot_per_tierA_baseline_pilot_v3,PER,PEN,low,r2,2034,0.0004999999999999449,0.4718709379579163,0.0023618612160059005,0.11185033331578029,0.11185033331578029,0.0002641749642558741,-0.0007439137056948649,0.005573845262039806,0.005573845262039806,-0.13346508033892243,-0.13346508033892243,0.0,False,False,False,fiscally_ordinary,not_feasible,fragile_feasibility
pilot_per_tierA_baseline_pilot_v3,PER,PEN,low,r2,2034,0.0004999999999999449,0.4718709379579163,0.0023618612160059005,0.11185033331578029,0.11185033331578029,0.0002641749642558741,-0.0007439137056948649,0.005573845262039806,0.005573845262039806,-0.13346508033892243,-0.13346508033892243,0.05,False,False,False,fiscally_ordinary,not_feasible,fragile_feasibility
pilot_per_tierA_baseline_pilot_v3,PER,PEN,low,r2,2034,0.0004999999999999449,0.4718709379579163,0.0023618612160059005,0.11185033331578029,0.11185033331578029,0.0002641749642558741,-0.0007439137056948649,0.005573845262039806,0.005573845262039806,-0.13346508033892243,-0.13346508033892243,0.1,False,False,False,fiscally_ordinary,not_feasible,fragile_feasibility
pilot_per_tierA_baseline_pilot_v3,PER,PEN,low,r2,2034,0.0004999999999999449,0.4718709379579163,0.0023618612160059005,0.11185033331578029,0.11185033331578029,0.0002641749642558741,-0.0007439137056948649,0.005573845262039806,0.005573845262039806,-0.13346508033892243,-0.13346508033892243,0.25,False,False,False,fiscally_ordinary,not_feasible,fragile_feasibility
pilot_per_tierA_baseline_pilot_v3,PER,PEN,low,r2,2034,0.0004999999999999449,0.4718709379579163,0.0023618612160059005,0.11185033331578029,0.11185033331578029,0.0002641749642558741,-0.0007439137056948649,0.005573845262039806,0.005573845262039806,-0.13346508033892243,-0.13346508033892243,0.5,False,False,False,fiscally_ordinary,not_feasible,fragile_feasibility
pilot_per_tierA_baseline_pilot_v3,PER,GMI,low,r2,2034,0.0004999999999999449,0.4718709379579163,0.0023618612160059005,0.11185033331578029,0.11185033331578029,0.0002641749642558741,-0.003342885762393321,0.04180812064947627,0.04180812064947627,-0.07995780988149243,-0.07995780988149243,0.0,False,False,False,fiscally_ordinary,not_feasible,not_feasible
pilot_per_tierA_baseline_pilot_v3,PER,GMI,low,r2,2034,0.0004999999999999449,0.4718709379579163,0.0023618612160059005,0.11185033331578029,0.11185033331578029,0.0002641749642558741,-0.003342885762393321,0.04180812064947627,0.04180812064947627,-0.07995780988149243,-0.07995780988149243,0.05,False,False,False,fiscally_ordinary,not_feasible,not_feasible
pilot_per_tierA_baseline_pilot_v3,PER,GMI,low,r2,2034,0.0004999999999999449,0.4718709379579163,0.0023618612160059005,0.11185033331578029,0.11185033331578029,0.0002641749642558741,-0.003342885762393321,0.04180812064947627,0.04180812064947627,-0.07995780988149243,-0.07995780988149243,0.1,False,False,False,fiscally_ordinary,not_feasible,not_feasible
pilot_per_tierA_baseline_pilot_v3,PER,GMI,low,r2,2034,0.0004999999999999449,0.4718709379579163,0.0023618612160059005,0.11185033331578029,0.11185033331578029,0.0002641749642558741,-0.003342885762393321,0.04180812064947627,0.04180812064947627,-0.07995780988149243,-0.07995780988149243,0.25,False,False,False,fiscally_ordinary,not_feasible,not_feasible
pilot_per_tierA_baseline_pilot_v3,PER,GMI,low,r2,2034,0.0004999999999999449,0.4718709379579163,0.0023618612160059005,0.11185033331578029,0.11185033331578029,0.0002641749642558741,-0.003342885762393321,0.04180812064947627,0.04180812064947627,-0.07995780988149243,-0.07995780988149243,0.5,False,False,False,fiscally_ordinary,not_feasible,not_feasible
pilot_per_tierA_baseline_pilot_v3,PER,MUT,low,r2,2034,0.0004999999999999449,0.4718709379579163,0.0023618612160059005,0.11185033331578029,0.11185033331578029,0.0002641749642558741,-0.0006846304544633377,0.053394790101502256,0.053394790101502256,-0.012822045992911877,-0.012822045992911877,0.0,False,False,False,fiscally_ordinary,not_feasible,not_feasible
pilot_per_tierA_baseline_pilot_v3,PER,MUT,low,r2,2034,0.0004999999999999449,0.4718709379579163,0.0023618612160059005,0.11185033331578029,0.11185033331578029,0.0002641749642558741,-0.0006846304544633377,0.053394790101502256,0.053394790101502256,-0.012822045992911877,-0.012822045992911877,0.05,False,False,False,fiscally_ordinary,not_feasible,not_feasible
pilot_per_tierA_baseline_pilot_v3,PER,MUT,low,r2,2034,0.0004999999999999449,0.4718709379579163,0.0023618612160059005,0.11185033331578029,0.11185033331578029,0.0002641749642558741,-0.0006846304544633377,0.053394790101502256,0.053394790101502256,-0.012822045992911877,-0.012822045992911877,0.1,False,False,False,fiscally_ordinary,not_feasible,not_feasible
pilot_per_tierA_baseline_pilot_v3,PER,MUT,low,r2,2034,0.0004999999999999449,0.4718709379579163,0.0023618612160059005,0.11185033331578029,0.11185033331578029,0.0002641749642558741,-0.0006846304544633377,0.053394790101502256,0.053394790101502256,-0.012822045992911877,-0.012822045992911877,0.25,False,False,False,fiscally_ordinary,not_feasible,not_feasible
pilot_per_tierA_baseline_pilot_v3,PER,MUT,low,r2,2034,0.0004999999999999449,0.4718709379579163,0.0023618612160059005,0.11185033331578029,0.11185033331578029,0.0002641749642558741,-0.0006846304544633377,0.053394790101502256,0.053394790101502256,-0.012822045992911877,-0.012822045992911877,0.5,False,False,False,fiscally_ordinary,not_feasible,not_feasible
pilot_per_tierA_baseline_pilot_v3,PER,PBI,low,r2,2034,0.0004999999999999449,0.4718709379579163,0.0023618612160059005,0.11185033331578029,0.11185033331578029,0.0002641749642558741,-0.0005846304544633377,0.0796945147314945,0.0796945147314945,-0.0073358932723671805,-0.0073358932723671805,0.0,False,False,False,fiscally_ordinary,not_feasible,not_feasible
pilot_per_tierA_baseline_pilot_v3,PER,PBI,low,r2,2034,0.0004999999999999449,0.4718709379579163,0.0023618612160059005,0.11185033331578029,0.11185033331578029,0.0002641749642558741,-0.0005846304544633377,0.0796945147314945,0.0796945147314945,-0.0073358932723671805,-0.0073358932723671805,0.05,False,False,False,fiscally_ordinary,not_feasible,not_feasible
pilot_per_tierA_baseline_pilot_v3,PER,PBI,low,r2,2034,0.0004999999999999449,0.4718709379579163,0.0023618612160059005,0.11185033331578029,0.11185033331578029,0.0002641749642558741,-0.0005846304544633377,0.0796945147314945,0.0796945147314945,-0.0073358932723671805,-0.0073358932723671805,0.1,False,False,False,fiscally_ordinary,not_feasible,not_feasible
pilot_per_tierA_baseline_pilot_v3,PER,PBI,low,r2,2034,0.0004999999999999449,0.4718709379579163,0.0023618612160059005,0.11185033331578029,0.11185033331578029,0.0002641749642558741,-0.0005846304544633377,0.0796945147314945,0.0796945147314945,-0.0073358932723671805,-0.0073358932723671805,0.25,False,False,False,fiscally_ordinary,not_feasible,not_feasible
pilot_per_tierA_baseline_pilot_v3,PER,PBI,low,r2,2034,0.0004999999999999449,0.4718709379579163,0.0023618612160059005,0.11185033331578029,0.11185033331578029,0.0002641749642558741,-0.0005846304544633377,0.0796945147314945,0.0796945147314945,-0.0073358932723671805,-0.0073358932723671805,0.5,False,False,False,fiscally_ordinary,not_feasible,not_feasible
pilot_per_tierA_baseline_pilot_v3,PER,UBI,low,r2,2034,0.0004999999999999449,0.4718709379579163,0.0023618612160059005,0.11185033331578029,0.11185033331578029,0.0002641749642558741,-0.0007218915382071799,0.21357916040600902,0.21357916040600902,-0.003379971795164289,-0.003379971795164289,0.0,False,False,False,fiscally_ordinary,not_feasible,stress_benchmark_only
pilot_per_tierA_baseline_pilot_v3,PER,UBI,low,r2,2034,0.0004999999999999449,0.4718709379579163,0.0023618612160059005,0.11185033331578029,0.11185033331578029,0.0002641749642558741,-0.0007218915382071799,0.21357916040600902,0.21357916040600902,-0.003379971795164289,-0.003379971795164289,0.05,False,False,False,fiscally_ordinary,not_feasible,stress_benchmark_only
pilot_per_tierA_baseline_pilot_v3,PER,UBI,low,r2,2034,0.0004999999999999449,0.4718709379579163,0.0023618612160059005,0.11185033331578029,0.11185033331578029,0.0002641749642558741,-0.0007218915382071799,0.21357916040600902,0.21357916040600902,-0.003379971795164289,-0.003379971795164289,0.1,False,False,False,fiscally_ordinary,not_feasible,stress_benchmark_only
pilot_per_tierA_baseline_pilot_v3,PER,UBI,low,r2,2034,0.0004999999999999449,0.4718709379579163,0.0023618612160059005,0.11185033331578029,0.11185033331578029,0.0002641749642558741,-0.0007218915382071799,0.21357916040600902,0.21357916040600902,-0.003379971795164289,-0.003379971795164289,0.25,False,False,False,fiscally_ordinary,not_feasible,stress_benchmark_only
pilot_per_tierA_baseline_pilot_v3,PER,UBI,low,r2,2034,0.0004999999999999449,0.4718709379579163,0.0023618612160059005,0.11185033331578029,0.11185033331578029,0.0002641749642558741,-0.0007218915382071799,0.21357916040600902,0.21357916040600902,-0.003379971795164289,-0.003379971795164289,0.5,False,False,False,fiscally_ordinary,not_feasible,stress_benchmark_only
pilot_per_tierA_baseline_pilot_v3,PER,PEN,low,r3,2034,0.0004999999999999449,0.4718709379579163,0.0023618612160059005,0.0977517757027618,0.0977517757027618,0.00023087612782806105,-0.0007892125421226779,0.005573845262039806,0.005573845262039806,-0.1415921155001453,-0.1415921155001453,0.0,False,False,False,fiscally_ordinary,not_feasible,fragile_feasibility
pilot_per_tierA_baseline_pilot_v3,PER,PEN,low,r3,2034,0.0004999999999999449,0.4718709379579163,0.0023618612160059005,0.0977517757027618,0.0977517757027618,0.00023087612782806105,-0.0007892125421226779,0.005573845262039806,0.005573845262039806,-0.1415921155001453,-0.1415921155001453,0.05,False,False,False,fiscally_ordinary,not_feasible,fragile_feasibility
pilot_per_tierA_baseline_pilot_v3,PER,PEN,low,r3,2034,0.0004999999999999449,0.4718709379579163,0.0023618612160059005,0.0977517757027618,0.0977517757027618,0.00023087612782806105,-0.0007892125421226779,0.005573845262039806,0.005573845262039806,-0.1415921155001453,-0.1415921155001453,0.1,False,False,False,fiscally_ordinary,not_feasible,fragile_feasibility
pilot_per_tierA_baseline_pilot_v3,PER,PEN,low,r3,2034,0.0004999999999999449,0.4718709379579163,0.0023618612160059005,0.0977517757027618,0.0977517757027618,0.00023087612782806105,-0.0007892125421226779,0.005573845262039806,0.005573845262039806,-0.1415921155001453,-0.1415921155001453,0.25,False,False,False,fiscally_ordinary,not_feasible,fragile_feasibility
pilot_per_tierA_baseline_pilot_v3,PER,PEN,low,r3,2034,0.0004999999999999449,0.4718709379579163,0.0023618612160059005,0.0977517757027618,0.0977517757027618,0.00023087612782806105,-0.0007892125421226779,0.005573845262039806,0.005573845262039806,-0.1415921155001453,-0.1415921155001453,0.5,False,False,False,fiscally_ordinary,not_feasible,fragile_feasibility
pilot_per_tierA_baseline_pilot_v3,PER,GMI,low,r3,2034,0.0004999999999999449,0.4718709379579163,0.0023618612160059005,0.0977517757027618,0.0977517757027618,0.00023087612782806105,-0.003406184598821134,0.04180812064947627,0.04180812064947627,-0.08147184197488684,-0.08147184197488684,0.0,False,False,False,fiscally_ordinary,not_feasible,not_feasible
pilot_per_tierA_baseline_pilot_v3,PER,GMI,low,r3,2034,0.0004999999999999449,0.4718709379579163,0.0023618612160059005,0.0977517757027618,0.0977517757027618,0.00023087612782806105,-0.003406184598821134,0.04180812064947627,0.04180812064947627,-0.08147184197488684,-0.08147184197488684,0.05,False,False,False,fiscally_ordinary,not_feasible,not_feasible
pilot_per_tierA_baseline_pilot_v3,PER,GMI,low,r3,2034,0.0004999999999999449,0.4718709379579163,0.0023618612160059005,0.0977517757027618,0.0977517757027618,0.00023087612782806105,-0.003406184598821134,0.04180812064947627,0.04180812064947627,-0.08147184197488684,-0.08147184197488684,0.1,False,False,False,fiscally_ordinary,not_feasible,not_feasible
pilot_per_tierA_baseline_pilot_v3,PER,GMI,low,r3,2034,0.0004999999999999449,0.4718709379579163,0.0023618612160059005,0.0977517757027618,0.0977517757027618,0.00023087612782806105,-0.003406184598821134,0.04180812064947627,0.04180812064947627,-0.08147184197488684,-0.08147184197488684,0.25,False,False,False,fiscally_ordinary,not_feasible,not_feasible
pilot_per_tierA_baseline_pilot_v3,PER,GMI,low,r3,2034,0.0004999999999999449,0.4718709379579163,0.0023618612160059005,0.0977517757027618,0.0977517757027618,0.00023087612782806105,-0.003406184598821134,0.04180812064947627,0.04180812064947627,-0.08147184197488684,-0.08147184197488684,0.5,False,False,False,fiscally_ordinary,not_feasible,not_feasible
pilot_per_tierA_baseline_pilot_v3,PER,MUT,low,r3,2034,0.0004999999999999449,0.4718709379579163,0.0023618612160059005,0.0977517757027618,0.0977517757027618,0.00023087612782806105,-0.0007254292908911508,0.053394790101502256,0.053394790101502256,-0.01358614369514566,-0.01358614369514566,0.0,False,False,False,fiscally_ordinary,not_feasible,not_feasible
pilot_per_tierA_baseline_pilot_v3,PER,MUT,low,r3,2034,0.0004999999999999449,0.4718709379579163,0.0023618612160059005,0.0977517757027618,0.0977517757027618,0.00023087612782806105,-0.0007254292908911508,0.053394790101502256,0.053394790101502256,-0.01358614369514566,-0.01358614369514566,0.05,False,False,False,fiscally_ordinary,not_feasible,not_feasible
pilot_per_tierA_baseline_pilot_v3,PER,MUT,low,r3,2034,0.0004999999999999449,0.4718709379579163,0.0023618612160059005,0.0977517757027618,0.0977517757027618,0.00023087612782806105,-0.0007254292908911508,0.053394790101502256,0.053394790101502256,-0.01358614369514566,-0.01358614369514566,0.1,False,False,False,fiscally_ordinary,not_feasible,not_feasible
pilot_per_tierA_baseline_pilot_v3,PER,MUT,low,r3,2034,0.0004999999999999449,0.4718709379579163,0.0023618612160059005,0.0977517757027618,0.0977517757027618,0.00023087612782806105,-0.0007254292908911508,0.053394790101502256,0.053394790101502256,-0.01358614369514566,-0.01358614369514566,0.25,False,False,False,fiscally_ordinary,not_feasible,not_feasible
pilot_per_tierA_baseline_pilot_v3,PER,MUT,low,r3,2034,0.0004999999999999449,0.4718709379579163,0.0023618612160059005,0.0977517757027618,0.0977517757027618,0.00023087612782806105,-0.0007254292908911508,0.053394790101502256,0.053394790101502256,-0.01358614369514566,-0.01358614369514566,0.5,False,False,False,fiscally_ordinary,not_feasible,not_feasible
pilot_per_tierA_baseline_pilot_v3,PER,PBI,low,r3,2034,0.0004999999999999449,0.4718709379579163,0.0023618612160059005,0.0977517757027618,0.0977517757027618,0.00023087612782806105,-0.0006254292908911507,0.0796945147314945,0.0796945147314945,-0.007847833605591768,-0.007847833605591768,0.0,False,False,False,fiscally_ordinary,not_feasible,not_feasible
pilot_per_tierA_baseline_pilot_v3,PER,PBI,low,r3,2034,0.0004999999999999449,0.4718709379579163,0.0023618612160059005,0.0977517757027618,0.0977517757027618,0.00023087612782806105,-0.0006254292908911507,0.0796945147314945,0.0796945147314945,-0.007847833605591768,-0.007847833605591768,0.05,False,False,False,fiscally_ordinary,not_feasible,not_feasible
pilot_per_tierA_baseline_pilot_v3,PER,PBI,low,r3,2034,0.0004999999999999449,0.4718709379579163,0.0023618612160059005,0.0977517757027618,0.0977517757027618,0.00023087612782806105,-0.0006254292908911507,0.0796945147314945,0.0796945147314945,-0.007847833605591768,-0.007847833605591768,0.1,False,False,False,fiscally_ordinary,not_feasible,not_feasible
pilot_per_tierA_baseline_pilot_v3,PER,PBI,low,r3,2034,0.0004999999999999449,0.4718709379579163,0.0023618612160059005,0.0977517757027618,0.0977517757027618,0.00023087612782806105,-0.0006254292908911507,0.0796945147314945,0.0796945147314945,-0.007847833605591768,-0.007847833605591768,0.25,False,False,False,fiscally_ordinary,not_feasible,not_feasible
pilot_per_tierA_baseline_pilot_v3,PER,PBI,low,r3,2034,0.0004999999999999449,0.4718709379579163,0.0023618612160059005,0.0977517757027618,0.0977517757027618,0.00023087612782806105,-0.0006254292908911507,0.0796945147314945,0.0796945147314945,-0.007847833605591768,-0.007847833605591768,0.5,False,False,False,fiscally_ordinary,not_feasible,not_feasible
pilot_per_tierA_baseline_pilot_v3,PER,UBI,low,r3,2034,0.0004999999999999449,0.4718709379579163,0.0023618612160059005,0.0977517757027618,0.0977517757027618,0.00023087612782806105,-0.000759690374634993,0.21357916040600902,0.21357916040600902,-0.0035569499064929335,-0.0035569499064929335,0.0,False,False,False,fiscally_ordinary,not_feasible,stress_benchmark_only
pilot_per_tierA_baseline_pilot_v3,PER,UBI,low,r3,2034,0.0004999999999999449,0.4718709379579163,0.0023618612160059005,0.0977517757027618,0.0977517757027618,0.00023087612782806105,-0.000759690374634993,0.21357916040600902,0.21357916040600902,-0.0035569499064929335,-0.0035569499064929335,0.05,False,False,False,fiscally_ordinary,not_feasible,stress_benchmark_only
pilot_per_tierA_baseline_pilot_v3,PER,UBI,low,r3,2034,0.0004999999999999449,0.4718709379579163,0.0023618612160059005,0.0977517757027618,0.0977517757027618,0.00023087612782806105,-0.000759690374634993,0.21357916040600902,0.21357916040600902,-0.0035569499064929335,-0.0035569499064929335,0.1,False,False,False,fiscally_ordinary,not_feasible,stress_benchmark_only
pilot_per_tierA_baseline_pilot_v3,PER,UBI,low,r3,2034,0.0004999999999999449,0.4718709379579163,0.0023618612160059005,0.0977517757027618,0.0977517757027618,0.00023087612782806105,-0.000759690374634993,0.21357916040600902,0.21357916040600902,-0.0035569499064929335,-0.0035569499064929335,0.25,False,False,False,fiscally_ordinary,not_feasible,stress_benchmark_only
pilot_per_tierA_baseline_pilot_v3,PER,UBI,low,r3,2034,0.0004999999999999449,0.4718709379579163,0.0023618612160059005,0.0977517757027618,0.0977517757027618,0.00023087612782806105,-0.000759690374634993,0.21357916040600902,0.21357916040600902,-0.0035569499064929335,-0.0035569499064929335,0.5,False,False,False,fiscally_ordinary,not_feasible,stress_benchmark_only
pilot_per_tierA_baseline_pilot_v3,PER,PEN,low,r4,2034,0.0004999999999999449,0.4718709379579163,0.0023618612160059005,0.12137300370136112,0.12137300370136112,0.0002866661901123854,-0.0007014224798383536,0.005573845262039806,0.005573845262039806,-0.12584175678778367,-0.12584175678778367,0.0,False,False,False,fiscally_ordinary,not_feasible,fragile_feasibility
pilot_per_tierA_baseline_pilot_v3,PER,PEN,low,r4,2034,0.0004999999999999449,0.4718709379579163,0.0023618612160059005,0.12137300370136112,0.12137300370136112,0.0002866661901123854,-0.0007014224798383536,0.005573845262039806,0.005573845262039806,-0.12584175678778367,-0.12584175678778367,0.05,False,False,False,fiscally_ordinary,not_feasible,fragile_feasibility
pilot_per_tierA_baseline_pilot_v3,PER,PEN,low,r4,2034,0.0004999999999999449,0.4718709379579163,0.0023618612160059005,0.12137300370136112,0.12137300370136112,0.0002866661901123854,-0.0007014224798383536,0.005573845262039806,0.005573845262039806,-0.12584175678778367,-0.12584175678778367,0.1,False,False,False,fiscally_ordinary,not_feasible,fragile_feasibility
pilot_per_tierA_baseline_pilot_v3,PER,PEN,low,r4,2034,0.0004999999999999449,0.4718709379579163,0.0023618612160059005,0.12137300370136112,0.12137300370136112,0.0002866661901123854,-0.0007014224798383536,0.005573845262039806,0.005573845262039806,-0.12584175678778367,-0.12584175678778367,0.25,False,False,False,fiscally_ordinary,not_feasible,fragile_feasibility
pilot_per_tierA_baseline_pilot_v3,PER,PEN,low,r4,2034,0.0004999999999999449,0.4718709379579163,0.0023618612160059005,0.12137300370136112,0.12137300370136112,0.0002866661901123854,-0.0007014224798383536,0.005573845262039806,0.005573845262039806,-0.12584175678778367,-0.12584175678778367,0.5,False,False,False,fiscally_ordinary,not_feasible,fragile_feasibility
pilot_per_tierA_baseline_pilot_v3,PER,GMI,low,r4,2034,0.0004999999999999449,0.4718709379579163,0.0023618612160059005,0.12137300370136112,0.12137300370136112,0.0002866661901123854,-0.0032703945365368096,0.04180812064947627,0.04180812064947627,-0.07822390688058296,-0.07822390688058296,0.0,False,False,False,fiscally_ordinary,not_feasible,not_feasible
pilot_per_tierA_baseline_pilot_v3,PER,GMI,low,r4,2034,0.0004999999999999449,0.4718709379579163,0.0023618612160059005,0.12137300370136112,0.12137300370136112,0.0002866661901123854,-0.0032703945365368096,0.04180812064947627,0.04180812064947627,-0.07822390688058296,-0.07822390688058296,0.05,False,False,False,fiscally_ordinary,not_feasible,not_feasible
pilot_per_tierA_baseline_pilot_v3,PER,GMI,low,r4,2034,0.0004999999999999449,0.4718709379579163,0.0023618612160059005,0.12137300370136112,0.12137300370136112,0.0002866661901123854,-0.0032703945365368096,0.04180812064947627,0.04180812064947627,-0.07822390688058296,-0.07822390688058296,0.1,False,False,False,fiscally_ordinary,not_feasible,not_feasible
pilot_per_tierA_baseline_pilot_v3,PER,GMI,low,r4,2034,0.0004999999999999449,0.4718709379579163,0.0023618612160059005,0.12137300370136112,0.12137300370136112,0.0002866661901123854,-0.0032703945365368096,0.04180812064947627,0.04180812064947627,-0.07822390688058296,-0.07822390688058296,0.25,False,False,False,fiscally_ordinary,not_feasible,not_feasible
pilot_per_tierA_baseline_pilot_v3,PER,GMI,low,r4,2034,0.0004999999999999449,0.4718709379579163,0.0023618612160059005,0.12137300370136112,0.12137300370136112,0.0002866661901123854,-0.0032703945365368096,0.04180812064947627,0.04180812064947627,-0.07822390688058296,-0.07822390688058296,0.5,False,False,False,fiscally_ordinary,not_feasible,not_feasible
pilot_per_tierA_baseline_pilot_v3,PER,MUT,low,r4,2034,0.0004999999999999449,0.4718709379579163,0.0023618612160059005,0.12137300370136112,0.12137300370136112,0.0002866661901123854,-0.0006496392286068263,0.053394790101502256,0.053394790101502256,-0.012166715654689854,-0.012166715654689854,0.0,False,False,False,fiscally_ordinary,not_feasible,not_feasible
pilot_per_tierA_baseline_pilot_v3,PER,MUT,low,r4,2034,0.0004999999999999449,0.4718709379579163,0.0023618612160059005,0.12137300370136112,0.12137300370136112,0.0002866661901123854,-0.0006496392286068263,0.053394790101502256,0.053394790101502256,-0.012166715654689854,-0.012166715654689854,0.05,False,False,False,fiscally_ordinary,not_feasible,not_feasible
pilot_per_tierA_baseline_pilot_v3,PER,MUT,low,r4,2034,0.0004999999999999449,0.4718709379579163,0.0023618612160059005,0.12137300370136112,0.12137300370136112,0.0002866661901123854,-0.0006496392286068263,0.053394790101502256,0.053394790101502256,-0.012166715654689854,-0.012166715654689854,0.1,False,False,False,fiscally_ordinary,not_feasible,not_feasible
pilot_per_tierA_baseline_pilot_v3,PER,MUT,low,r4,2034,0.0004999999999999449,0.4718709379579163,0.0023618612160059005,0.12137300370136112,0.12137300370136112,0.0002866661901123854,-0.0006496392286068263,0.053394790101502256,0.053394790101502256,-0.012166715654689854,-0.012166715654689854,0.25,False,False,False,fiscally_ordinary,not_feasible,not_feasible
pilot_per_tierA_baseline_pilot_v3,PER,MUT,low,r4,2034,0.0004999999999999449,0.4718709379579163,0.0023618612160059005,0.12137300370136112,0.12137300370136112,0.0002866661901123854,-0.0006496392286068263,0.053394790101502256,0.053394790101502256,-0.012166715654689854,-0.012166715654689854,0.5,False,False,False,fiscally_ordinary,not_feasible,not_feasible
pilot_per_tierA_baseline_pilot_v3,PER,PBI,low,r4,2034,0.0004999999999999449,0.4718709379579163,0.0023618612160059005,0.12137300370136112,0.12137300370136112,0.0002866661901123854,-0.0005496392286068264,0.0796945147314945,0.0796945147314945,-0.006896826343176343,-0.006896826343176343,0.0,False,False,False,fiscally_ordinary,not_feasible,not_feasible
pilot_per_tierA_baseline_pilot_v3,PER,PBI,low,r4,2034,0.0004999999999999449,0.4718709379579163,0.0023618612160059005,0.12137300370136112,0.12137300370136112,0.0002866661901123854,-0.0005496392286068264,0.0796945147314945,0.0796945147314945,-0.006896826343176343,-0.006896826343176343,0.05,False,False,False,fiscally_ordinary,not_feasible,not_feasible
pilot_per_tierA_baseline_pilot_v3,PER,PBI,low,r4,2034,0.0004999999999999449,0.4718709379579163,0.0023618612160059005,0.12137300370136112,0.12137300370136112,0.0002866661901123854,-0.0005496392286068264,0.0796945147314945,0.0796945147314945,-0.006896826343176343,-0.006896826343176343,0.1,False,False,False,fiscally_ordinary,not_feasible,not_feasible
pilot_per_tierA_baseline_pilot_v3,PER,PBI,low,r4,2034,0.0004999999999999449,0.4718709379579163,0.0023618612160059005,0.12137300370136112,0.12137300370136112,0.0002866661901123854,-0.0005496392286068264,0.0796945147314945,0.0796945147314945,-0.006896826343176343,-0.006896826343176343,0.25,False,False,False,fiscally_ordinary,not_feasible,not_feasible
pilot_per_tierA_baseline_pilot_v3,PER,PBI,low,r4,2034,0.0004999999999999449,0.4718709379579163,0.0023618612160059005,0.12137300370136112,0.12137300370136112,0.0002866661901123854,-0.0005496392286068264,0.0796945147314945,0.0796945147314945,-0.006896826343176343,-0.006896826343176343,0.5,False,False,False,fiscally_ordinary,not_feasible,not_feasible
pilot_per_tierA_baseline_pilot_v3,PER,UBI,low,r4,2034,0.0004999999999999449,0.4718709379579163,0.0023618612160059005,0.12137300370136112,0.12137300370136112,0.0002866661901123854,-0.0006919003123506686,0.21357916040600902,0.21357916040600902,-0.0032395497343251194,-0.0032395497343251194,0.0,False,False,False,fiscally_ordinary,not_feasible,stress_benchmark_only
pilot_per_tierA_baseline_pilot_v3,PER,UBI,low,r4,2034,0.0004999999999999449,0.4718709379579163,0.0023618612160059005,0.12137300370136112,0.12137300370136112,0.0002866661901123854,-0.0006919003123506686,0.21357916040600902,0.21357916040600902,-0.0032395497343251194,-0.0032395497343251194,0.05,False,False,False,fiscally_ordinary,not_feasible,stress_benchmark_only
pilot_per_tierA_baseline_pilot_v3,PER,UBI,low,r4,2034,0.0004999999999999449,0.4718709379579163,0.0023618612160059005,0.12137300370136112,0.12137300370136112,0.0002866661901123854,-0.0006919003123506686,0.21357916040600902,0.21357916040600902,-0.0032395497343251194,-0.0032395497343251194,0.1,False,False,False,fiscally_ordinary,not_feasible,stress_benchmark_only
pilot_per_tierA_baseline_pilot_v3,PER,UBI,low,r4,2034,0.0004999999999999449,0.4718709379579163,0.0023618612160059005,0.12137300370136112,0.12137300370136112,0.0002866661901123854,-0.0006919003123506686,0.21357916040600902,0.21357916040600902,-0.0032395497343251194,-0.0032395497343251194,0.25,False,False,False,fiscally_ordinary,not_feasible,stress_benchmark_only
pilot_per_tierA_baseline_pilot_v3,PER,UBI,low,r4,2034,0.0004999999999999449,0.4718709379579163,0.0023618612160059005,0.12137300370136112,0.12137300370136112,0.0002866661901123854,-0.0006919003123506686,0.21357916040600902,0.21357916040600902,-0.0032395497343251194,-0.0032395497343251194,0.5,False,False,False,fiscally_ordinary,not_feasible,stress_benchmark_only
pilot_per_tierA_baseline_pilot_v3,PER,PEN,mid,r0,2034,0.004250000000000087,0.4718709379579163,0.020236468744621483,0.08514959924161579,0.08514959924161579,0.001723127203670003,0.000695038533719264,0.005573845262039806,0.005573845262039806,0.12469641711311297,0.12469641711311297,0.0,False,False,False,fiscally_ordinary,not_feasible,fragile_feasibility
pilot_per_tierA_baseline_pilot_v3,PER,PEN,mid,r0,2034,0.004250000000000087,0.4718709379579163,0.020236468744621483,0.08514959924161579,0.08514959924161579,0.001723127203670003,0.000695038533719264,0.005573845262039806,0.005573845262039806,0.12469641711311297,0.12469641711311297,0.05,False,False,False,fiscally_ordinary,not_feasible,fragile_feasibility
pilot_per_tierA_baseline_pilot_v3,PER,PEN,mid,r0,2034,0.004250000000000087,0.4718709379579163,0.020236468744621483,0.08514959924161579,0.08514959924161579,0.001723127203670003,0.000695038533719264,0.005573845262039806,0.005573845262039806,0.12469641711311297,0.12469641711311297,0.1,False,False,False,fiscally_ordinary,not_feasible,fragile_feasibility
pilot_per_tierA_baseline_pilot_v3,PER,PEN,mid,r0,2034,0.004250000000000087,0.4718709379579163,0.020236468744621483,0.08514959924161579,0.08514959924161579,0.001723127203670003,0.000695038533719264,0.005573845262039806,0.005573845262039806,0.12469641711311297,0.12469641711311297,0.25,False,False,False,fiscally_ordinary,not_feasible,fragile_feasibility
pilot_per_tierA_baseline_pilot_v3,PER,PEN,mid,r0,2034,0.004250000000000087,0.4718709379579163,0.020236468744621483,0.08514959924161579,0.08514959924161579,0.001723127203670003,0.000695038533719264,0.005573845262039806,0.005573845262039806,0.12469641711311297,0.12469641711311297,0.5,False,False,False,fiscally_ordinary,not_feasible,fragile_feasibility
pilot_per_tierA_baseline_pilot_v3,PER,GMI,mid,r0,2034,0.004250000000000087,0.4718709379579163,0.020236468744621483,0.08514959924161579,0.08514959924161579,0.001723127203670003,-0.0019339335229791926,0.04180812064947627,0.04180812064947627,-0.04625736562505397,-0.04625736562505397,0.0,False,False,False,fiscally_ordinary,not_feasible,not_feasible
pilot_per_tierA_baseline_pilot_v3,PER,GMI,mid,r0,2034,0.004250000000000087,0.4718709379579163,0.020236468744621483,0.08514959924161579,0.08514959924161579,0.001723127203670003,-0.0019339335229791926,0.04180812064947627,0.04180812064947627,-0.04625736562505397,-0.04625736562505397,0.05,False,False,False,fiscally_ordinary,not_feasible,not_feasible
pilot_per_tierA_baseline_pilot_v3,PER,GMI,mid,r0,2034,0.004250000000000087,0.4718709379579163,0.020236468744621483,0.08514959924161579,0.08514959924161579,0.001723127203670003,-0.0019339335229791926,0.04180812064947627,0.04180812064947627,-0.04625736562505397,-0.04625736562505397,0.1,False,False,False,fiscally_ordinary,not_feasible,not_feasible
pilot_per_tierA_baseline_pilot_v3,PER,GMI,mid,r0,2034,0.004250000000000087,0.4718709379579163,0.020236468744621483,0.08514959924161579,0.08514959924161579,0.001723127203670003,-0.0019339335229791926,0.04180812064947627,0.04180812064947627,-0.04625736562505397,-0.04625736562505397,0.25,False,False,False,fiscally_ordinary,not_feasible,not_feasible
pilot_per_tierA_baseline_pilot_v3,PER,GMI,mid,r0,2034,0.004250000000000087,0.4718709379579163,0.020236468744621483,0.08514959924161579,0.08514959924161579,0.001723127203670003,-0.0019339335229791926,0.04180812064947627,0.04180812064947627,-0.04625736562505397,-0.04625736562505397,0.5,False,False,False,fiscally_ordinary,not_feasible,not_feasible
pilot_per_tierA_baseline_pilot_v3,PER,MUT,mid,r0,2034,0.004250000000000087,0.4718709379579163,0.020236468744621483,0.08514959924161579,0.08514959924161579,0.001723127203670003,0.0007618217849507911,0.053394790101502256,0.053394790101502256,0.01426771757136952,0.01426771757136952,0.0,False,False,False,fiscally_ordinary,not_feasible,not_feasible
pilot_per_tierA_baseline_pilot_v3,PER,MUT,mid,r0,2034,0.004250000000000087,0.4718709379579163,0.020236468744621483,0.08514959924161579,0.08514959924161579,0.001723127203670003,0.0007618217849507911,0.053394790101502256,0.053394790101502256,0.01426771757136952,0.01426771757136952,0.05,False,False,False,fiscally_ordinary,not_feasible,not_feasible
pilot_per_tierA_baseline_pilot_v3,PER,MUT,mid,r0,2034,0.004250000000000087,0.4718709379579163,0.020236468744621483,0.08514959924161579,0.08514959924161579,0.001723127203670003,0.0007618217849507911,0.053394790101502256,0.053394790101502256,0.01426771757136952,0.01426771757136952,0.1,False,False,False,fiscally_ordinary,not_feasible,not_feasible
pilot_per_tierA_baseline_pilot_v3,PER,MUT,mid,r0,2034,0.004250000000000087,0.4718709379579163,0.020236468744621483,0.08514959924161579,0.08514959924161579,0.001723127203670003,0.0007618217849507911,0.053394790101502256,0.053394790101502256,0.01426771757136952,0.01426771757136952,0.25,False,False,False,fiscally_ordinary,not_feasible,not_feasible
pilot_per_tierA_baseline_pilot_v3,PER,MUT,mid,r0,2034,0.004250000000000087,0.4718709379579163,0.020236468744621483,0.08514959924161579,0.08514959924161579,0.001723127203670003,0.0007618217849507911,0.053394790101502256,0.053394790101502256,0.01426771757136952,0.01426771757136952,0.5,False,False,False,fiscally_ordinary,not_feasible,not_feasible
pilot_per_tierA_baseline_pilot_v3,PER,PBI,mid,r0,2034,0.004250000000000087,0.4718709379579163,0.020236468744621483,0.08514959924161579,0.08514959924161579,0.001723127203670003,0.0008618217849507911,0.0796945147314945,0.0796945147314945,0.01081406653713154,0.01081406653713154,0.0,False,False,False,fiscally_ordinary,not_feasible,not_feasible
pilot_per_tierA_baseline_pilot_v3,PER,PBI,mid,r0,2034,0.004250000000000087,0.4718709379579163,0.020236468744621483,0.08514959924161579,0.08514959924161579,0.001723127203670003,0.0008618217849507911,0.0796945147314945,0.0796945147314945,0.01081406653713154,0.01081406653713154,0.05,False,False,False,fiscally_ordinary,not_feasible,not_feasible
pilot_per_tierA_baseline_pilot_v3,PER,PBI,mid,r0,2034,0.004250000000000087,0.4718709379579163,0.020236468744621483,0.08514959924161579,0.08514959924161579,0.001723127203670003,0.0008618217849507911,0.0796945147314945,0.0796945147314945,0.01081406653713154,0.01081406653713154,0.1,False,False,False,fiscally_ordinary,not_feasible,not_feasible
pilot_per_tierA_baseline_pilot_v3,PER,PBI,mid,r0,2034,0.004250000000000087,0.4718709379579163,0.020236468744621483,0.08514959924161579,0.08514959924161579,0.001723127203670003,0.0008618217849507911,0.0796945147314945,0.0796945147314945,0.01081406653713154,0.01081406653713154,0.25,False,False,False,fiscally_ordinary,not_feasible,not_feasible
pilot_per_tierA_baseline_pilot_v3,PER,PBI,mid,r0,2034,0.004250000000000087,0.4718709379579163,0.020236468744621483,0.08514959924161579,0.08514959924161579,0.001723127203670003,0.0008618217849507911,0.0796945147314945,0.0796945147314945,0.01081406653713154,0.01081406653713154,0.5,False,False,False,fiscally_ordinary,not_feasible,not_feasible
pilot_per_tierA_baseline_pilot_v3,PER,UBI,mid,r0,2034,0.004250000000000087,0.4718709379579163,0.020236468744621483,0.08514959924161579,0.08514959924161579,0.001723127203670003,0.0007295607012069489,0.21357916040600902,0.21357916040600902,0.0034158796196223965,0.0034158796196223965,0.0,False,False,False,fiscally_ordinary,not_feasible,stress_benchmark_only
pilot_per_tierA_baseline_pilot_v3,PER,UBI,mid,r0,2034,0.004250000000000087,0.4718709379579163,0.020236468744621483,0.08514959924161579,0.08514959924161579,0.001723127203670003,0.0007295607012069489,0.21357916040600902,0.21357916040600902,0.0034158796196223965,0.0034158796196223965,0.05,False,False,False,fiscally_ordinary,not_feasible,stress_benchmark_only
pilot_per_tierA_baseline_pilot_v3,PER,UBI,mid,r0,2034,0.004250000000000087,0.4718709379579163,0.020236468744621483,0.08514959924161579,0.08514959924161579,0.001723127203670003,0.0007295607012069489,0.21357916040600902,0.21357916040600902,0.0034158796196223965,0.0034158796196223965,0.1,False,False,False,fiscally_ordinary,not_feasible,stress_benchmark_only
pilot_per_tierA_baseline_pilot_v3,PER,UBI,mid,r0,2034,0.004250000000000087,0.4718709379579163,0.020236468744621483,0.08514959924161579,0.08514959924161579,0.001723127203670003,0.0007295607012069489,0.21357916040600902,0.21357916040600902,0.0034158796196223965,0.0034158796196223965,0.25,False,False,False,fiscally_ordinary,not_feasible,stress_benchmark_only
pilot_per_tierA_baseline_pilot_v3,PER,UBI,mid,r0,2034,0.004250000000000087,0.4718709379579163,0.020236468744621483,0.08514959924161579,0.08514959924161579,0.001723127203670003,0.0007295607012069489,0.21357916040600902,0.21357916040600902,0.0034158796196223965,0.0034158796196223965,0.5,False,False,False,fiscally_ordinary,not_feasible,stress_benchmark_only
pilot_per_tierA_baseline_pilot_v3,PER,PEN,mid,r1,2034,0.004250000000000087,0.4718709379579163,0.020236468744621483,0.08982348456689693,0.08982348456689693,0.0018177101379709998,0.000809621468020261,0.005573845262039806,0.005573845262039806,0.1452536677927029,0.1452536677927029,0.0,False,False,False,fiscally_ordinary,not_feasible,fragile_feasibility
pilot_per_tierA_baseline_pilot_v3,PER,PEN,mid,r1,2034,0.004250000000000087,0.4718709379579163,0.020236468744621483,0.08982348456689693,0.08982348456689693,0.0018177101379709998,0.000809621468020261,0.005573845262039806,0.005573845262039806,0.1452536677927029,0.1452536677927029,0.05,False,False,False,fiscally_ordinary,not_feasible,fragile_feasibility
pilot_per_tierA_baseline_pilot_v3,PER,PEN,mid,r1,2034,0.004250000000000087,0.4718709379579163,0.020236468744621483,0.08982348456689693,0.08982348456689693,0.0018177101379709998,0.000809621468020261,0.005573845262039806,0.005573845262039806,0.1452536677927029,0.1452536677927029,0.1,False,False,False,fiscally_ordinary,not_feasible,fragile_feasibility
pilot_per_tierA_baseline_pilot_v3,PER,PEN,mid,r1,2034,0.004250000000000087,0.4718709379579163,0.020236468744621483,0.08982348456689693,0.08982348456689693,0.0018177101379709998,0.000809621468020261,0.005573845262039806,0.005573845262039806,0.1452536677927029,0.1452536677927029,0.25,False,False,False,fiscally_ordinary,not_feasible,fragile_feasibility
pilot_per_tierA_baseline_pilot_v3,PER,PEN,mid,r1,2034,0.004250000000000087,0.4718709379579163,0.020236468744621483,0.08982348456689693,0.08982348456689693,0.0018177101379709998,0.000809621468020261,0.005573845262039806,0.005573845262039806,0.1452536677927029,0.1452536677927029,0.5,False,False,False,fiscally_ordinary,not_feasible,fragile_feasibility
pilot_per_tierA_baseline_pilot_v3,PER,GMI,mid,r1,2034,0.004250000000000087,0.4718709379579163,0.020236468744621483,0.08982348456689693,0.08982348456689693,0.0018177101379709998,-0.0017893505886781955,0.04180812064947627,0.04180812064947627,-0.042799115599581744,-0.042799115599581744,0.0,False,False,False,fiscally_ordinary,not_feasible,not_feasible
pilot_per_tierA_baseline_pilot_v3,PER,GMI,mid,r1,2034,0.004250000000000087,0.4718709379579163,0.020236468744621483,0.08982348456689693,0.08982348456689693,0.0018177101379709998,-0.0017893505886781955,0.04180812064947627,0.04180812064947627,-0.042799115599581744,-0.042799115599581744,0.05,False,False,False,fiscally_ordinary,not_feasible,not_feasible
pilot_per_tierA_baseline_pilot_v3,PER,GMI,mid,r1,2034,0.004250000000000087,0.4718709379579163,0.020236468744621483,0.08982348456689693,0.08982348456689693,0.0018177101379709998,-0.0017893505886781955,0.04180812064947627,0.04180812064947627,-0.042799115599581744,-0.042799115599581744,0.1,False,False,False,fiscally_ordinary,not_feasible,not_feasible
pilot_per_tierA_baseline_pilot_v3,PER,GMI,mid,r1,2034,0.004250000000000087,0.4718709379579163,0.020236468744621483,0.08982348456689693,0.08982348456689693,0.0018177101379709998,-0.0017893505886781955,0.04180812064947627,0.04180812064947627,-0.042799115599581744,-0.042799115599581744,0.25,False,False,False,fiscally_ordinary,not_feasible,not_feasible
pilot_per_tierA_baseline_pilot_v3,PER,GMI,mid,r1,2034,0.004250000000000087,0.4718709379579163,0.020236468744621483,0.08982348456689693,0.08982348456689693,0.0018177101379709998,-0.0017893505886781955,0.04180812064947627,0.04180812064947627,-0.042799115599581744,-0.042799115599581744,0.5,False,False,False,fiscally_ordinary,not_feasible,not_feasible
pilot_per_tierA_baseline_pilot_v3,PER,MUT,mid,r1,2034,0.004250000000000087,0.4718709379579163,0.020236468744621483,0.08982348456689693,0.08982348456689693,0.0018177101379709998,0.0008689047192517881,0.053394790101502256,0.053394790101502256,0.016273211629824192,0.016273211629824192,0.0,False,False,False,fiscally_ordinary,not_feasible,not_feasible
pilot_per_tierA_baseline_pilot_v3,PER,MUT,mid,r1,2034,0.004250000000000087,0.4718709379579163,0.020236468744621483,0.08982348456689693,0.08982348456689693,0.0018177101379709998,0.0008689047192517881,0.053394790101502256,0.053394790101502256,0.016273211629824192,0.016273211629824192,0.05,False,False,False,fiscally_ordinary,not_feasible,not_feasible
pilot_per_tierA_baseline_pilot_v3,PER,MUT,mid,r1,2034,0.004250000000000087,0.4718709379579163,0.020236468744621483,0.08982348456689693,0.08982348456689693,0.0018177101379709998,0.0008689047192517881,0.053394790101502256,0.053394790101502256,0.016273211629824192,0.016273211629824192,0.1,False,False,False,fiscally_ordinary,not_feasible,not_feasible
pilot_per_tierA_baseline_pilot_v3,PER,MUT,mid,r1,2034,0.004250000000000087,0.4718709379579163,0.020236468744621483,0.08982348456689693,0.08982348456689693,0.0018177101379709998,0.0008689047192517881,0.053394790101502256,0.053394790101502256,0.016273211629824192,0.016273211629824192,0.25,False,False,False,fiscally_ordinary,not_feasible,not_feasible
pilot_per_tierA_baseline_pilot_v3,PER,MUT,mid,r1,2034,0.004250000000000087,0.4718709379579163,0.020236468744621483,0.08982348456689693,0.08982348456689693,0.0018177101379709998,0.0008689047192517881,0.053394790101502256,0.053394790101502256,0.016273211629824192,0.016273211629824192,0.5,False,False,False,fiscally_ordinary,not_feasible,not_feasible
pilot_per_tierA_baseline_pilot_v3,PER,PBI,mid,r1,2034,0.004250000000000087,0.4718709379579163,0.020236468744621483,0.08982348456689693,0.08982348456689693,0.0018177101379709998,0.0009689047192517879,0.0796945147314945,0.0796945147314945,0.01215773409896787,0.01215773409896787,0.0,False,False,False,fiscally_ordinary,not_feasible,not_feasible
pilot_per_tierA_baseline_pilot_v3,PER,PBI,mid,r1,2034,0.004250000000000087,0.4718709379579163,0.020236468744621483,0.08982348456689693,0.08982348456689693,0.0018177101379709998,0.0009689047192517879,0.0796945147314945,0.0796945147314945,0.01215773409896787,0.01215773409896787,0.05,False,False,False,fiscally_ordinary,not_feasible,not_feasible
pilot_per_tierA_baseline_pilot_v3,PER,PBI,mid,r1,2034,0.004250000000000087,0.4718709379579163,0.020236468744621483,0.08982348456689693,0.08982348456689693,0.0018177101379709998,0.0009689047192517879,0.0796945147314945,0.0796945147314945,0.01215773409896787,0.01215773409896787,0.1,False,False,False,fiscally_ordinary,not_feasible,not_feasible
pilot_per_tierA_baseline_pilot_v3,PER,PBI,mid,r1,2034,0.004250000000000087,0.4718709379579163,0.020236468744621483,0.08982348456689693,0.08982348456689693,0.0018177101379709998,0.0009689047192517879,0.0796945147314945,0.0796945147314945,0.01215773409896787,0.01215773409896787,0.25,False,False,False,fiscally_ordinary,not_feasible,not_feasible
pilot_per_tierA_baseline_pilot_v3,PER,PBI,mid,r1,2034,0.004250000000000087,0.4718709379579163,0.020236468744621483,0.08982348456689693,0.08982348456689693,0.0018177101379709998,0.0009689047192517879,0.0796945147314945,0.0796945147314945,0.01215773409896787,0.01215773409896787,0.5,False,False,False,fiscally_ordinary,not_feasible,not_feasible
pilot_per_tierA_baseline_pilot_v3,PER,UBI,mid,r1,2034,0.004250000000000087,0.4718709379579163,0.020236468744621483,0.08982348456689693,0.08982348456689693,0.0018177101379709998,0.0008316436355079459,0.21357916040600902,0.21357916040600902,0.0038938426105197283,0.0038938426105197283,0.0,False,False,False,fiscally_ordinary,not_feasible,stress_benchmark_only
pilot_per_tierA_baseline_pilot_v3,PER,UBI,mid,r1,2034,0.004250000000000087,0.4718709379579163,0.020236468744621483,0.08982348456689693,0.08982348456689693,0.0018177101379709998,0.0008316436355079459,0.21357916040600902,0.21357916040600902,0.0038938426105197283,0.0038938426105197283,0.05,False,False,False,fiscally_ordinary,not_feasible,stress_benchmark_only
pilot_per_tierA_baseline_pilot_v3,PER,UBI,mid,r1,2034,0.004250000000000087,0.4718709379579163,0.020236468744621483,0.08982348456689693,0.08982348456689693,0.0018177101379709998,0.0008316436355079459,0.21357916040600902,0.21357916040600902,0.0038938426105197283,0.0038938426105197283,0.1,False,False,False,fiscally_ordinary,not_feasible,stress_benchmark_only
pilot_per_tierA_baseline_pilot_v3,PER,UBI,mid,r1,2034,0.004250000000000087,0.4718709379579163,0.020236468744621483,0.08982348456689693,0.08982348456689693,0.0018177101379709998,0.0008316436355079459,0.21357916040600902,0.21357916040600902,0.0038938426105197283,0.0038938426105197283,0.25,False,False,False,fiscally_ordinary,not_feasible,stress_benchmark_only
pilot_per_tierA_baseline_pilot_v3,PER,UBI,mid,r1,2034,0.004250000000000087,0.4718709379579163,0.020236468744621483,0.08982348456689693,0.08982348456689693,0.0018177101379709998,0.0008316436355079459,0.21357916040600902,0.21357916040600902,0.0038938426105197283,0.0038938426105197283,0.5,False,False,False,fiscally_ordinary,not_feasible,stress_benchmark_only
pilot_per_tierA_baseline_pilot_v3,PER,PEN,mid,r2,2034,0.004250000000000087,0.4718709379579163,0.020236468744621483,0.09396511091456727,0.09396511091456727,0.0019015220301075316,0.0008934333601567927,0.005573845262039806,0.005573845262039806,0.1602903055528728,0.1602903055528728,0.0,False,False,False,fiscally_ordinary,not_feasible,fragile_feasibility
pilot_per_tierA_baseline_pilot_v3,PER,PEN,mid,r2,2034,0.004250000000000087,0.4718709379579163,0.020236468744621483,0.09396511091456727,0.09396511091456727,0.0019015220301075316,0.0008934333601567927,0.005573845262039806,0.005573845262039806,0.1602903055528728,0.1602903055528728,0.05,False,False,False,fiscally_ordinary,not_feasible,fragile_feasibility
pilot_per_tierA_baseline_pilot_v3,PER,PEN,mid,r2,2034,0.004250000000000087,0.4718709379579163,0.020236468744621483,0.09396511091456727,0.09396511091456727,0.0019015220301075316,0.0008934333601567927,0.005573845262039806,0.005573845262039806,0.1602903055528728,0.1602903055528728,0.1,False,False,False,fiscally_ordinary,not_feasible,fragile_feasibility
pilot_per_tierA_baseline_pilot_v3,PER,PEN,mid,r2,2034,0.004250000000000087,0.4718709379579163,0.020236468744621483,0.09396511091456727,0.09396511091456727,0.0019015220301075316,0.0008934333601567927,0.005573845262039806,0.005573845262039806,0.1602903055528728,0.1602903055528728,0.25,False,False,False,fiscally_ordinary,not_feasible,fragile_feasibility
pilot_per_tierA_baseline_pilot_v3,PER,PEN,mid,r2,2034,0.004250000000000087,0.4718709379579163,0.020236468744621483,0.09396511091456727,0.09396511091456727,0.0019015220301075316,0.0008934333601567927,0.005573845262039806,0.005573845262039806,0.1602903055528728,0.1602903055528728,0.5,False,False,False,fiscally_ordinary,not_feasible,fragile_feasibility
pilot_per_tierA_baseline_pilot_v3,PER,GMI,mid,r2,2034,0.004250000000000087,0.4718709379579163,0.020236468744621483,0.09396511091456727,0.09396511091456727,0.0019015220301075316,-0.0017055386965416637,0.04180812064947627,0.04180812064947627,-0.04079443586668441,-0.04079443586668441,0.0,False,False,False,fiscally_ordinary,not_feasible,not_feasible
pilot_per_tierA_baseline_pilot_v3,PER,GMI,mid,r2,2034,0.004250000000000087,0.4718709379579163,0.020236468744621483,0.09396511091456727,0.09396511091456727,0.0019015220301075316,-0.0017055386965416637,0.04180812064947627,0.04180812064947627,-0.04079443586668441,-0.04079443586668441,0.05,False,False,False,fiscally_ordinary,not_feasible,not_feasible
pilot_per_tierA_baseline_pilot_v3,PER,GMI,mid,r2,2034,0.004250000000000087,0.4718709379579163,0.020236468744621483,0.09396511091456727,0.09396511091456727,0.0019015220301075316,-0.0017055386965416637,0.04180812064947627,0.04180812064947627,-0.04079443586668441,-0.04079443586668441,0.1,False,False,False,fiscally_ordinary,not_feasible,not_feasible
pilot_per_tierA_baseline_pilot_v3,PER,GMI,mid,r2,2034,0.004250000000000087,0.4718709379579163,0.020236468744621483,0.09396511091456727,0.09396511091456727,0.0019015220301075316,-0.0017055386965416637,0.04180812064947627,0.04180812064947627,-0.04079443586668441,-0.04079443586668441,0.25,False,False,False,fiscally_ordinary,not_feasible,not_feasible
pilot_per_tierA_baseline_pilot_v3,PER,GMI,mid,r2,2034,0.004250000000000087,0.4718709379579163,0.020236468744621483,0.09396511091456727,0.09396511091456727,0.0019015220301075316,-0.0017055386965416637,0.04180812064947627,0.04180812064947627,-0.04079443586668441,-0.04079443586668441,0.5,False,False,False,fiscally_ordinary,not_feasible,not_feasible
pilot_per_tierA_baseline_pilot_v3,PER,MUT,mid,r2,2034,0.004250000000000087,0.4718709379579163,0.020236468744621483,0.09396511091456727,0.09396511091456727,0.0019015220301075316,0.0009527166113883199,0.053394790101502256,0.053394790101502256,0.017842875860682807,0.017842875860682807,0.0,False,False,False,fiscally_ordinary,not_feasible,not_feasible
pilot_per_tierA_baseline_pilot_v3,PER,MUT,mid,r2,2034,0.004250000000000087,0.4718709379579163,0.020236468744621483,0.09396511091456727,0.09396511091456727,0.0019015220301075316,0.0009527166113883199,0.053394790101502256,0.053394790101502256,0.017842875860682807,0.017842875860682807,0.05,False,False,False,fiscally_ordinary,not_feasible,not_feasible
pilot_per_tierA_baseline_pilot_v3,PER,MUT,mid,r2,2034,0.004250000000000087,0.4718709379579163,0.020236468744621483,0.09396511091456727,0.09396511091456727,0.0019015220301075316,0.0009527166113883199,0.053394790101502256,0.053394790101502256,0.017842875860682807,0.017842875860682807,0.1,False,False,False,fiscally_ordinary,not_feasible,not_feasible
pilot_per_tierA_baseline_pilot_v3,PER,MUT,mid,r2,2034,0.004250000000000087,0.4718709379579163,0.020236468744621483,0.09396511091456727,0.09396511091456727,0.0019015220301075316,0.0009527166113883199,0.053394790101502256,0.053394790101502256,0.017842875860682807,0.017842875860682807,0.25,False,False,False,fiscally_ordinary,not_feasible,not_feasible
pilot_per_tierA_baseline_pilot_v3,PER,MUT,mid,r2,2034,0.004250000000000087,0.4718709379579163,0.020236468744621483,0.09396511091456727,0.09396511091456727,0.0019015220301075316,0.0009527166113883199,0.053394790101502256,0.053394790101502256,0.017842875860682807,0.017842875860682807,0.5,False,False,False,fiscally_ordinary,not_feasible,not_feasible
pilot_per_tierA_baseline_pilot_v3,PER,PBI,mid,r2,2034,0.004250000000000087,0.4718709379579163,0.020236468744621483,0.09396511091456727,0.09396511091456727,0.0019015220301075316,0.0010527166113883197,0.0796945147314945,0.0796945147314945,0.013209398600833646,0.013209398600833646,0.0,False,False,False,fiscally_ordinary,not_feasible,not_feasible
pilot_per_tierA_baseline_pilot_v3,PER,PBI,mid,r2,2034,0.004250000000000087,0.4718709379579163,0.020236468744621483,0.09396511091456727,0.09396511091456727,0.0019015220301075316,0.0010527166113883197,0.0796945147314945,0.0796945147314945,0.013209398600833646,0.013209398600833646,0.05,False,False,False,fiscally_ordinary,not_feasible,not_feasible
pilot_per_tierA_baseline_pilot_v3,PER,PBI,mid,r2,2034,0.004250000000000087,0.4718709379579163,0.020236468744621483,0.09396511091456727,0.09396511091456727,0.0019015220301075316,0.0010527166113883197,0.0796945147314945,0.0796945147314945,0.013209398600833646,0.013209398600833646,0.1,False,False,False,fiscally_ordinary,not_feasible,not_feasible
pilot_per_tierA_baseline_pilot_v3,PER,PBI,mid,r2,2034,0.004250000000000087,0.4718709379579163,0.020236468744621483,0.09396511091456727,0.09396511091456727,0.0019015220301075316,0.0010527166113883197,0.0796945147314945,0.0796945147314945,0.013209398600833646,0.013209398600833646,0.25,False,False,False,fiscally_ordinary,not_feasible,not_feasible
pilot_per_tierA_baseline_pilot_v3,PER,PBI,mid,r2,2034,0.004250000000000087,0.4718709379579163,0.020236468744621483,0.09396511091456727,0.09396511091456727,0.0019015220301075316,0.0010527166113883197,0.0796945147314945,0.0796945147314945,0.013209398600833646,0.013209398600833646,0.5,False,False,False,fiscally_ordinary,not_feasible,not_feasible
pilot_per_tierA_baseline_pilot_v3,PER,UBI,mid,r2,2034,0.004250000000000087,0.4718709379579163,0.020236468744621483,0.09396511091456727,0.09396511091456727,0.0019015220301075316,0.0009154555276444777,0.21357916040600902,0.21357916040600902,0.004286258668234382,0.004286258668234382,0.0,False,False,False,fiscally_ordinary,not_feasible,stress_benchmark_only
pilot_per_tierA_baseline_pilot_v3,PER,UBI,mid,r2,2034,0.004250000000000087,0.4718709379579163,0.020236468744621483,0.09396511091456727,0.09396511091456727,0.0019015220301075316,0.0009154555276444777,0.21357916040600902,0.21357916040600902,0.004286258668234382,0.004286258668234382,0.05,False,False,False,fiscally_ordinary,not_feasible,stress_benchmark_only
pilot_per_tierA_baseline_pilot_v3,PER,UBI,mid,r2,2034,0.004250000000000087,0.4718709379579163,0.020236468744621483,0.09396511091456727,0.09396511091456727,0.0019015220301075316,0.0009154555276444777,0.21357916040600902,0.21357916040600902,0.004286258668234382,0.004286258668234382,0.1,False,False,False,fiscally_ordinary,not_feasible,stress_benchmark_only
pilot_per_tierA_baseline_pilot_v3,PER,UBI,mid,r2,2034,0.004250000000000087,0.4718709379579163,0.020236468744621483,0.09396511091456727,0.09396511091456727,0.0019015220301075316,0.0009154555276444777,0.21357916040600902,0.21357916040600902,0.004286258668234382,0.004286258668234382,0.25,False,False,False,fiscally_ordinary,not_feasible,stress_benchmark_only
pilot_per_tierA_baseline_pilot_v3,PER,UBI,mid,r2,2034,0.004250000000000087,0.4718709379579163,0.020236468744621483,0.09396511091456727,0.09396511091456727,0.0019015220301075316,0.0009154555276444777,0.21357916040600902,0.21357916040600902,0.004286258668234382,0.004286258668234382,0.5,False,False,False,fiscally_ordinary,not_feasible,stress_benchmark_only
pilot_per_tierA_baseline_pilot_v3,PER,PEN,mid,r3,2034,0.004250000000000087,0.4718709379579163,0.020236468744621483,0.08345854165905782,0.08345854165905782,0.0016889061697552136,0.0006688174998044745,0.005573845262039806,0.005573845262039806,0.11999211825261794,0.11999211825261794,0.0,False,False,False,fiscally_ordinary,not_feasible,fragile_feasibility
pilot_per_tierA_baseline_pilot_v3,PER,PEN,mid,r3,2034,0.004250000000000087,0.4718709379579163,0.020236468744621483,0.08345854165905782,0.08345854165905782,0.0016889061697552136,0.0006688174998044745,0.005573845262039806,0.005573845262039806,0.11999211825261794,0.11999211825261794,0.05,False,False,False,fiscally_ordinary,not_feasible,fragile_feasibility
pilot_per_tierA_baseline_pilot_v3,PER,PEN,mid,r3,2034,0.004250000000000087,0.4718709379579163,0.020236468744621483,0.08345854165905782,0.08345854165905782,0.0016889061697552136,0.0006688174998044745,0.005573845262039806,0.005573845262039806,0.11999211825261794,0.11999211825261794,0.1,False,False,False,fiscally_ordinary,not_feasible,fragile_feasibility
pilot_per_tierA_baseline_pilot_v3,PER,PEN,mid,r3,2034,0.004250000000000087,0.4718709379579163,0.020236468744621483,0.08345854165905782,0.08345854165905782,0.0016889061697552136,0.0006688174998044745,0.005573845262039806,0.005573845262039806,0.11999211825261794,0.11999211825261794,0.25,False,False,False,fiscally_ordinary,not_feasible,fragile_feasibility
pilot_per_tierA_baseline_pilot_v3,PER,PEN,mid,r3,2034,0.004250000000000087,0.4718709379579163,0.020236468744621483,0.08345854165905782,0.08345854165905782,0.0016889061697552136,0.0006688174998044745,0.005573845262039806,0.005573845262039806,0.11999211825261794,0.11999211825261794,0.5,False,False,False,fiscally_ordinary,not_feasible,fragile_feasibility
pilot_per_tierA_baseline_pilot_v3,PER,GMI,mid,r3,2034,0.004250000000000087,0.4718709379579163,0.020236468744621483,0.08345854165905782,0.08345854165905782,0.0016889061697552136,-0.001948154556893982,0.04180812064947627,0.04180812064947627,-0.04659751566513877,-0.04659751566513877,0.0,False,False,False,fiscally_ordinary,not_feasible,not_feasible
pilot_per_tierA_baseline_pilot_v3,PER,GMI,mid,r3,2034,0.004250000000000087,0.4718709379579163,0.020236468744621483,0.08345854165905782,0.08345854165905782,0.0016889061697552136,-0.001948154556893982,0.04180812064947627,0.04180812064947627,-0.04659751566513877,-0.04659751566513877,0.05,False,False,False,fiscally_ordinary,not_feasible,not_feasible
pilot_per_tierA_baseline_pilot_v3,PER,GMI,mid,r3,2034,0.004250000000000087,0.4718709379579163,0.020236468744621483,0.08345854165905782,0.08345854165905782,0.0016889061697552136,-0.001948154556893982,0.04180812064947627,0.04180812064947627,-0.04659751566513877,-0.04659751566513877,0.1,False,False,False,fiscally_ordinary,not_feasible,not_feasible
pilot_per_tierA_baseline_pilot_v3,PER,GMI,mid,r3,2034,0.004250000000000087,0.4718709379579163,0.020236468744621483,0.08345854165905782,0.08345854165905782,0.0016889061697552136,-0.001948154556893982,0.04180812064947627,0.04180812064947627,-0.04659751566513877,-0.04659751566513877,0.25,False,False,False,fiscally_ordinary,not_feasible,not_feasible
pilot_per_tierA_baseline_pilot_v3,PER,GMI,mid,r3,2034,0.004250000000000087,0.4718709379579163,0.020236468744621483,0.08345854165905782,0.08345854165905782,0.0016889061697552136,-0.001948154556893982,0.04180812064947627,0.04180812064947627,-0.04659751566513877,-0.04659751566513877,0.5,False,False,False,fiscally_ordinary,not_feasible,not_feasible
pilot_per_tierA_baseline_pilot_v3,PER,MUT,mid,r3,2034,0.004250000000000087,0.4718709379579163,0.020236468744621483,0.08345854165905782,0.08345854165905782,0.0016889061697552136,0.0007326007510360016,0.053394790101502256,0.053394790101502256,0.013720453805387093,0.013720453805387093,0.0,False,False,False,fiscally_ordinary,not_feasible,not_feasible
pilot_per_tierA_baseline_pilot_v3,PER,MUT,mid,r3,2034,0.004250000000000087,0.4718709379579163,0.020236468744621483,0.08345854165905782,0.08345854165905782,0.0016889061697552136,0.0007326007510360016,0.053394790101502256,0.053394790101502256,0.013720453805387093,0.013720453805387093,0.05,False,False,False,fiscally_ordinary,not_feasible,not_feasible
pilot_per_tierA_baseline_pilot_v3,PER,MUT,mid,r3,2034,0.004250000000000087,0.4718709379579163,0.020236468744621483,0.08345854165905782,0.08345854165905782,0.0016889061697552136,0.0007326007510360016,0.053394790101502256,0.053394790101502256,0.013720453805387093,0.013720453805387093,0.1,False,False,False,fiscally_ordinary,not_feasible,not_feasible
pilot_per_tierA_baseline_pilot_v3,PER,MUT,mid,r3,2034,0.004250000000000087,0.4718709379579163,0.020236468744621483,0.08345854165905782,0.08345854165905782,0.0016889061697552136,0.0007326007510360016,0.053394790101502256,0.053394790101502256,0.013720453805387093,0.013720453805387093,0.25,False,False,False,fiscally_ordinary,not_feasible,not_feasible
pilot_per_tierA_baseline_pilot_v3,PER,MUT,mid,r3,2034,0.004250000000000087,0.4718709379579163,0.020236468744621483,0.08345854165905782,0.08345854165905782,0.0016889061697552136,0.0007326007510360016,0.053394790101502256,0.053394790101502256,0.013720453805387093,0.013720453805387093,0.5,False,False,False,fiscally_ordinary,not_feasible,not_feasible
pilot_per_tierA_baseline_pilot_v3,PER,PBI,mid,r3,2034,0.004250000000000087,0.4718709379579163,0.020236468744621483,0.08345854165905782,0.08345854165905782,0.0016889061697552136,0.0008326007510360017,0.0796945147314945,0.0796945147314945,0.01044740348618957,0.01044740348618957,0.0,False,False,False,fiscally_ordinary,not_feasible,not_feasible
pilot_per_tierA_baseline_pilot_v3,PER,PBI,mid,r3,2034,0.004250000000000087,0.4718709379579163,0.020236468744621483,0.08345854165905782,0.08345854165905782,0.0016889061697552136,0.0008326007510360017,0.0796945147314945,0.0796945147314945,0.01044740348618957,0.01044740348618957,0.05,False,False,False,fiscally_ordinary,not_feasible,not_feasible
pilot_per_tierA_baseline_pilot_v3,PER,PBI,mid,r3,2034,0.004250000000000087,0.4718709379579163,0.020236468744621483,0.08345854165905782,0.08345854165905782,0.0016889061697552136,0.0008326007510360017,0.0796945147314945,0.0796945147314945,0.01044740348618957,0.01044740348618957,0.1,False,False,False,fiscally_ordinary,not_feasible,not_feasible
pilot_per_tierA_baseline_pilot_v3,PER,PBI,mid,r3,2034,0.004250000000000087,0.4718709379579163,0.020236468744621483,0.08345854165905782,0.08345854165905782,0.0016889061697552136,0.0008326007510360017,0.0796945147314945,0.0796945147314945,0.01044740348618957,0.01044740348618957,0.25,False,False,False,fiscally_ordinary,not_feasible,not_feasible
pilot_per_tierA_baseline_pilot_v3,PER,PBI,mid,r3,2034,0.004250000000000087,0.4718709379579163,0.020236468744621483,0.08345854165905782,0.08345854165905782,0.0016889061697552136,0.0008326007510360017,0.0796945147314945,0.0796945147314945,0.01044740348618957,0.01044740348618957,0.5,False,False,False,fiscally_ordinary,not_feasible,not_feasible
pilot_per_tierA_baseline_pilot_v3,PER,UBI,mid,r3,2034,0.004250000000000087,0.4718709379579163,0.020236468744621483,0.08345854165905782,0.08345854165905782,0.0016889061697552136,0.0006983396672921594,0.21357916040600902,0.21357916040600902,0.0032696994686402547,0.0032696994686402547,0.0,False,False,False,fiscally_ordinary,not_feasible,stress_benchmark_only
pilot_per_tierA_baseline_pilot_v3,PER,UBI,mid,r3,2034,0.004250000000000087,0.4718709379579163,0.020236468744621483,0.08345854165905782,0.08345854165905782,0.0016889061697552136,0.0006983396672921594,0.21357916040600902,0.21357916040600902,0.0032696994686402547,0.0032696994686402547,0.05,False,False,False,fiscally_ordinary,not_feasible,stress_benchmark_only
pilot_per_tierA_baseline_pilot_v3,PER,UBI,mid,r3,2034,0.004250000000000087,0.4718709379579163,0.020236468744621483,0.08345854165905782,0.08345854165905782,0.0016889061697552136,0.0006983396672921594,0.21357916040600902,0.21357916040600902,0.0032696994686402547,0.0032696994686402547,0.1,False,False,False,fiscally_ordinary,not_feasible,stress_benchmark_only
pilot_per_tierA_baseline_pilot_v3,PER,UBI,mid,r3,2034,0.004250000000000087,0.4718709379579163,0.020236468744621483,0.08345854165905782,0.08345854165905782,0.0016889061697552136,0.0006983396672921594,0.21357916040600902,0.21357916040600902,0.0032696994686402547,0.0032696994686402547,0.25,False,False,False,fiscally_ordinary,not_feasible,stress_benchmark_only
pilot_per_tierA_baseline_pilot_v3,PER,UBI,mid,r3,2034,0.004250000000000087,0.4718709379579163,0.020236468744621483,0.08345854165905782,0.08345854165905782,0.0016889061697552136,0.0006983396672921594,0.21357916040600902,0.21357916040600902,0.0032696994686402547,0.0032696994686402547,0.5,False,False,False,fiscally_ordinary,not_feasible,stress_benchmark_only
pilot_per_tierA_baseline_pilot_v3,PER,PEN,mid,r4,2034,0.004250000000000087,0.4718709379579163,0.020236468744621483,0.1045645948159782,0.1045645948159782,0.0021160181547875525,0.0011279294848368137,0.005573845262039806,0.005573845262039806,0.20236110473293553,0.20236110473293553,0.0,False,False,False,fiscally_ordinary,not_feasible,fragile_feasibility
pilot_per_tierA_baseline_pilot_v3,PER,PEN,mid,r4,2034,0.004250000000000087,0.4718709379579163,0.020236468744621483,0.1045645948159782,0.1045645948159782,0.0021160181547875525,0.0011279294848368137,0.005573845262039806,0.005573845262039806,0.20236110473293553,0.20236110473293553,0.05,False,False,False,fiscally_ordinary,not_feasible,fragile_feasibility
pilot_per_tierA_baseline_pilot_v3,PER,PEN,mid,r4,2034,0.004250000000000087,0.4718709379579163,0.020236468744621483,0.1045645948159782,0.1045645948159782,0.0021160181547875525,0.0011279294848368137,0.005573845262039806,0.005573845262039806,0.20236110473293553,0.20236110473293553,0.1,False,False,False,fiscally_ordinary,not_feasible,fragile_feasibility
pilot_per_tierA_baseline_pilot_v3,PER,PEN,mid,r4,2034,0.004250000000000087,0.4718709379579163,0.020236468744621483,0.1045645948159782,0.1045645948159782,0.0021160181547875525,0.0011279294848368137,0.005573845262039806,0.005573845262039806,0.20236110473293553,0.20236110473293553,0.25,False,False,False,fiscally_ordinary,not_feasible,fragile_feasibility
pilot_per_tierA_baseline_pilot_v3,PER,PEN,mid,r4,2034,0.004250000000000087,0.4718709379579163,0.020236468744621483,0.1045645948159782,0.1045645948159782,0.0021160181547875525,0.0011279294848368137,0.005573845262039806,0.005573845262039806,0.20236110473293553,0.20236110473293553,0.5,False,False,False,fiscally_ordinary,not_feasible,fragile_feasibility
pilot_per_tierA_baseline_pilot_v3,PER,GMI,mid,r4,2034,0.004250000000000087,0.4718709379579163,0.020236468744621483,0.1045645948159782,0.1045645948159782,0.0021160181547875525,-0.001441042571861643,0.04180812064947627,0.04180812064947627,-0.03446800644170297,-0.03446800644170297,0.0,False,False,False,fiscally_ordinary,not_feasible,not_feasible
pilot_per_tierA_baseline_pilot_v3,PER,GMI,mid,r4,2034,0.004250000000000087,0.4718709379579163,0.020236468744621483,0.1045645948159782,0.1045645948159782,0.0021160181547875525,-0.001441042571861643,0.04180812064947627,0.04180812064947627,-0.03446800644170297,-0.03446800644170297,0.05,False,False,False,fiscally_ordinary,not_feasible,not_feasible
pilot_per_tierA_baseline_pilot_v3,PER,GMI,mid,r4,2034,0.004250000000000087,0.4718709379579163,0.020236468744621483,0.1045645948159782,0.1045645948159782,0.0021160181547875525,-0.001441042571861643,0.04180812064947627,0.04180812064947627,-0.03446800644170297,-0.03446800644170297,0.1,False,False,False,fiscally_ordinary,not_feasible,not_feasible
pilot_per_tierA_baseline_pilot_v3,PER,GMI,mid,r4,2034,0.004250000000000087,0.4718709379579163,0.020236468744621483,0.1045645948159782,0.1045645948159782,0.0021160181547875525,-0.001441042571861643,0.04180812064947627,0.04180812064947627,-0.03446800644170297,-0.03446800644170297,0.25,False,False,False,fiscally_ordinary,not_feasible,not_feasible
pilot_per_tierA_baseline_pilot_v3,PER,GMI,mid,r4,2034,0.004250000000000087,0.4718709379579163,0.020236468744621483,0.1045645948159782,0.1045645948159782,0.0021160181547875525,-0.001441042571861643,0.04180812064947627,0.04180812064947627,-0.03446800644170297,-0.03446800644170297,0.5,False,False,False,fiscally_ordinary,not_feasible,not_feasible
pilot_per_tierA_baseline_pilot_v3,PER,MUT,mid,r4,2034,0.004250000000000087,0.4718709379579163,0.020236468744621483,0.1045645948159782,0.1045645948159782,0.0021160181547875525,0.0011797127360683407,0.053394790101502256,0.053394790101502256,0.022094154388953194,0.022094154388953194,0.0,False,False,False,fiscally_ordinary,not_feasible,not_feasible
pilot_per_tierA_baseline_pilot_v3,PER,MUT,mid,r4,2034,0.004250000000000087,0.4718709379579163,0.020236468744621483,0.1045645948159782,0.1045645948159782,0.0021160181547875525,0.0011797127360683407,0.053394790101502256,0.053394790101502256,0.022094154388953194,0.022094154388953194,0.05,False,False,False,fiscally_ordinary,not_feasible,not_feasible
pilot_per_tierA_baseline_pilot_v3,PER,MUT,mid,r4,2034,0.004250000000000087,0.4718709379579163,0.020236468744621483,0.1045645948159782,0.1045645948159782,0.0021160181547875525,0.0011797127360683407,0.053394790101502256,0.053394790101502256,0.022094154388953194,0.022094154388953194,0.1,False,False,False,fiscally_ordinary,not_feasible,not_feasible
pilot_per_tierA_baseline_pilot_v3,PER,MUT,mid,r4,2034,0.004250000000000087,0.4718709379579163,0.020236468744621483,0.1045645948159782,0.1045645948159782,0.0021160181547875525,0.0011797127360683407,0.053394790101502256,0.053394790101502256,0.022094154388953194,0.022094154388953194,0.25,False,False,False,fiscally_ordinary,not_feasible,not_feasible
pilot_per_tierA_baseline_pilot_v3,PER,MUT,mid,r4,2034,0.004250000000000087,0.4718709379579163,0.020236468744621483,0.1045645948159782,0.1045645948159782,0.0021160181547875525,0.0011797127360683407,0.053394790101502256,0.053394790101502256,0.022094154388953194,0.022094154388953194,0.5,False,False,False,fiscally_ordinary,not_feasible,not_feasible
pilot_per_tierA_baseline_pilot_v3,PER,PBI,mid,r4,2034,0.004250000000000087,0.4718709379579163,0.020236468744621483,0.1045645948159782,0.1045645948159782,0.0021160181547875525,0.0012797127360683405,0.0796945147314945,0.0796945147314945,0.01605772668771406,0.01605772668771406,0.0,False,False,False,fiscally_ordinary,not_feasible,not_feasible
pilot_per_tierA_baseline_pilot_v3,PER,PBI,mid,r4,2034,0.004250000000000087,0.4718709379579163,0.020236468744621483,0.1045645948159782,0.1045645948159782,0.0021160181547875525,0.0012797127360683405,0.0796945147314945,0.0796945147314945,0.01605772668771406,0.01605772668771406,0.05,False,False,False,fiscally_ordinary,not_feasible,not_feasible
pilot_per_tierA_baseline_pilot_v3,PER,PBI,mid,r4,2034,0.004250000000000087,0.4718709379579163,0.020236468744621483,0.1045645948159782,0.1045645948159782,0.0021160181547875525,0.0012797127360683405,0.0796945147314945,0.0796945147314945,0.01605772668771406,0.01605772668771406,0.1,False,False,False,fiscally_ordinary,not_feasible,not_feasible
pilot_per_tierA_baseline_pilot_v3,PER,PBI,mid,r4,2034,0.004250000000000087,0.4718709379579163,0.020236468744621483,0.1045645948159782,0.1045645948159782,0.0021160181547875525,0.0012797127360683405,0.0796945147314945,0.0796945147314945,0.01605772668771406,0.01605772668771406,0.25,False,False,False,fiscally_ordinary,not_feasible,not_feasible
pilot_per_tierA_baseline_pilot_v3,PER,PBI,mid,r4,2034,0.004250000000000087,0.4718709379579163,0.020236468744621483,0.1045645948159782,0.1045645948159782,0.0021160181547875525,0.0012797127360683405,0.0796945147314945,0.0796945147314945,0.01605772668771406,0.01605772668771406,0.5,False,False,False,fiscally_ordinary,not_feasible,not_feasible
pilot_per_tierA_baseline_pilot_v3,PER,UBI,mid,r4,2034,0.004250000000000087,0.4718709379579163,0.020236468744621483,0.1045645948159782,0.1045645948159782,0.0021160181547875525,0.0011374516523244985,0.21357916040600902,0.21357916040600902,0.005325667776585643,0.005325667776585643,0.0,False,False,False,fiscally_ordinary,not_feasible,stress_benchmark_only
pilot_per_tierA_baseline_pilot_v3,PER,UBI,mid,r4,2034,0.004250000000000087,0.4718709379579163,0.020236468744621483,0.1045645948159782,0.1045645948159782,0.0021160181547875525,0.0011374516523244985,0.21357916040600902,0.21357916040600902,0.005325667776585643,0.005325667776585643,0.05,False,False,False,fiscally_ordinary,not_feasible,stress_benchmark_only
pilot_per_tierA_baseline_pilot_v3,PER,UBI,mid,r4,2034,0.004250000000000087,0.4718709379579163,0.020236468744621483,0.1045645948159782,0.1045645948159782,0.0021160181547875525,0.0011374516523244985,0.21357916040600902,0.21357916040600902,0.005325667776585643,0.005325667776585643,0.1,False,False,False,fiscally_ordinary,not_feasible,stress_benchmark_only
pilot_per_tierA_baseline_pilot_v3,PER,UBI,mid,r4,2034,0.004250000000000087,0.4718709379579163,0.020236468744621483,0.1045645948159782,0.1045645948159782,0.0021160181547875525,0.0011374516523244985,0.21357916040600902,0.21357916040600902,0.005325667776585643,0.005325667776585643,0.25,False,False,False,fiscally_ordinary,not_feasible,stress_benchmark_only
pilot_per_tierA_baseline_pilot_v3,PER,UBI,mid,r4,2034,0.004250000000000087,0.4718709379579163,0.020236468744621483,0.1045645948159782,0.1045645948159782,0.0021160181547875525,0.0011374516523244985,0.21357916040600902,0.21357916040600902,0.005325667776585643,0.005325667776585643,0.5,False,False,False,fiscally_ordinary,not_feasible,stress_benchmark_only
pilot_per_tierA_baseline_pilot_v3,PER,PEN,high,r0,2034,0.003801304370164793,0.4718709379579163,0.01808273054249221,0.08334078307918867,0.08334078307918867,0.001507028923621263,0.0004789402536705241,0.005573845262039806,0.005573845262039806,0.08592636342675417,0.08592636342675417,0.0,False,False,False,fiscally_ordinary,not_feasible,fragile_feasibility
pilot_per_tierA_baseline_pilot_v3,PER,PEN,high,r0,2034,0.003801304370164793,0.4718709379579163,0.01808273054249221,0.08334078307918867,0.08334078307918867,0.001507028923621263,0.0004789402536705241,0.005573845262039806,0.005573845262039806,0.08592636342675417,0.08592636342675417,0.05,False,False,False,fiscally_ordinary,not_feasible,fragile_feasibility
pilot_per_tierA_baseline_pilot_v3,PER,PEN,high,r0,2034,0.003801304370164793,0.4718709379579163,0.01808273054249221,0.08334078307918867,0.08334078307918867,0.001507028923621263,0.0004789402536705241,0.005573845262039806,0.005573845262039806,0.08592636342675417,0.08592636342675417,0.1,False,False,False,fiscally_ordinary,not_feasible,fragile_feasibility
pilot_per_tierA_baseline_pilot_v3,PER,PEN,high,r0,2034,0.003801304370164793,0.4718709379579163,0.01808273054249221,0.08334078307918867,0.08334078307918867,0.001507028923621263,0.0004789402536705241,0.005573845262039806,0.005573845262039806,0.08592636342675417,0.08592636342675417,0.25,False,False,False,fiscally_ordinary,not_feasible,fragile_feasibility
pilot_per_tierA_baseline_pilot_v3,PER,PEN,high,r0,2034,0.003801304370164793,0.4718709379579163,0.01808273054249221,0.08334078307918867,0.08334078307918867,0.001507028923621263,0.0004789402536705241,0.005573845262039806,0.005573845262039806,0.08592636342675417,0.08592636342675417,0.5,False,False,False,fiscally_ordinary,not_feasible,fragile_feasibility
pilot_per_tierA_baseline_pilot_v3,PER,GMI,high,r0,2034,0.003801304370164793,0.4718709379579163,0.01808273054249221,0.08334078307918867,0.08334078307918867,0.001507028923621263,-0.0021500318030279325,0.04180812064947627,0.04180812064947627,-0.05142617677206847,-0.05142617677206847,0.0,False,False,False,fiscally_ordinary,not_feasible,not_feasible
pilot_per_tierA_baseline_pilot_v3,PER,GMI,high,r0,2034,0.003801304370164793,0.4718709379579163,0.01808273054249221,0.08334078307918867,0.08334078307918867,0.001507028923621263,-0.0021500318030279325,0.04180812064947627,0.04180812064947627,-0.05142617677206847,-0.05142617677206847,0.05,False,False,False,fiscally_ordinary,not_feasible,not_feasible
pilot_per_tierA_baseline_pilot_v3,PER,GMI,high,r0,2034,0.003801304370164793,0.4718709379579163,0.01808273054249221,0.08334078307918867,0.08334078307918867,0.001507028923621263,-0.0021500318030279325,0.04180812064947627,0.04180812064947627,-0.05142617677206847,-0.05142617677206847,0.1,False,False,False,fiscally_ordinary,not_feasible,not_feasible
pilot_per_tierA_baseline_pilot_v3,PER,GMI,high,r0,2034,0.003801304370164793,0.4718709379579163,0.01808273054249221,0.08334078307918867,0.08334078307918867,0.001507028923621263,-0.0021500318030279325,0.04180812064947627,0.04180812064947627,-0.05142617677206847,-0.05142617677206847,0.25,False,False,False,fiscally_ordinary,not_feasible,not_feasible
pilot_per_tierA_baseline_pilot_v3,PER,GMI,high,r0,2034,0.003801304370164793,0.4718709379579163,0.01808273054249221,0.08334078307918867,0.08334078307918867,0.001507028923621263,-0.0021500318030279325,0.04180812064947627,0.04180812064947627,-0.05142617677206847,-0.05142617677206847,0.5,False,False,False,fiscally_ordinary,not_feasible,not_feasible
pilot_per_tierA_baseline_pilot_v3,PER,MUT,high,r0,2034,0.003801304370164793,0.4718709379579163,0.01808273054249221,0.08334078307918867,0.08334078307918867,0.001507028923621263,0.0005457235049020512,0.053394790101502256,0.053394790101502256,0.01022053844325717,0.01022053844325717,0.0,False,False,False,fiscally_ordinary,not_feasible,not_feasible
pilot_per_tierA_baseline_pilot_v3,PER,MUT,high,r0,2034,0.003801304370164793,0.4718709379579163,0.01808273054249221,0.08334078307918867,0.08334078307918867,0.001507028923621263,0.0005457235049020512,0.053394790101502256,0.053394790101502256,0.01022053844325717,0.01022053844325717,0.05,False,False,False,fiscally_ordinary,not_feasible,not_feasible
pilot_per_tierA_baseline_pilot_v3,PER,MUT,high,r0,2034,0.003801304370164793,0.4718709379579163,0.01808273054249221,0.08334078307918867,0.08334078307918867,0.001507028923621263,0.0005457235049020512,0.053394790101502256,0.053394790101502256,0.01022053844325717,0.01022053844325717,0.1,False,False,False,fiscally_ordinary,not_feasible,not_feasible
pilot_per_tierA_baseline_pilot_v3,PER,MUT,high,r0,2034,0.003801304370164793,0.4718709379579163,0.01808273054249221,0.08334078307918867,0.08334078307918867,0.001507028923621263,0.0005457235049020512,0.053394790101502256,0.053394790101502256,0.01022053844325717,0.01022053844325717,0.25,False,False,False,fiscally_ordinary,not_feasible,not_feasible
pilot_per_tierA_baseline_pilot_v3,PER,MUT,high,r0,2034,0.003801304370164793,0.4718709379579163,0.01808273054249221,0.08334078307918867,0.08334078307918867,0.001507028923621263,0.0005457235049020512,0.053394790101502256,0.053394790101502256,0.01022053844325717,0.01022053844325717,0.5,False,False,False,fiscally_ordinary,not_feasible,not_feasible
pilot_per_tierA_baseline_pilot_v3,PER,PBI,high,r0,2034,0.003801304370164793,0.4718709379579163,0.01808273054249221,0.08334078307918867,0.08334078307918867,0.001507028923621263,0.000645723504902051,0.0796945147314945,0.0796945147314945,0.008102483678802895,0.008102483678802895,0.0,False,False,False,fiscally_ordinary,not_feasible,not_feasible
pilot_per_tierA_baseline_pilot_v3,PER,PBI,high,r0,2034,0.003801304370164793,0.4718709379579163,0.01808273054249221,0.08334078307918867,0.08334078307918867,0.001507028923621263,0.000645723504902051,0.0796945147314945,0.0796945147314945,0.008102483678802895,0.008102483678802895,0.05,False,False,False,fiscally_ordinary,not_feasible,not_feasible
pilot_per_tierA_baseline_pilot_v3,PER,PBI,high,r0,2034,0.003801304370164793,0.4718709379579163,0.01808273054249221,0.08334078307918867,0.08334078307918867,0.001507028923621263,0.000645723504902051,0.0796945147314945,0.0796945147314945,0.008102483678802895,0.008102483678802895,0.1,False,False,False,fiscally_ordinary,not_feasible,not_feasible
pilot_per_tierA_baseline_pilot_v3,PER,PBI,high,r0,2034,0.003801304370164793,0.4718709379579163,0.01808273054249221,0.08334078307918867,0.08334078307918867,0.001507028923621263,0.000645723504902051,0.0796945147314945,0.0796945147314945,0.008102483678802895,0.008102483678802895,0.25,False,False,False,fiscally_ordinary,not_feasible,not_feasible
pilot_per_tierA_baseline_pilot_v3,PER,PBI,high,r0,2034,0.003801304370164793,0.4718709379579163,0.01808273054249221,0.08334078307918867,0.08334078307918867,0.001507028923621263,0.000645723504902051,0.0796945147314945,0.0796945147314945,0.008102483678802895,0.008102483678802895,0.5,False,False,False,fiscally_ordinary,not_feasible,not_feasible
pilot_per_tierA_baseline_pilot_v3,PER,UBI,high,r0,2034,0.003801304370164793,0.4718709379579163,0.01808273054249221,0.08334078307918867,0.08334078307918867,0.001507028923621263,0.0005134624211582089,0.21357916040600902,0.21357916040600902,0.002404084837594308,0.002404084837594308,0.0,False,False,False,fiscally_ordinary,not_feasible,stress_benchmark_only
pilot_per_tierA_baseline_pilot_v3,PER,UBI,high,r0,2034,0.003801304370164793,0.4718709379579163,0.01808273054249221,0.08334078307918867,0.08334078307918867,0.001507028923621263,0.0005134624211582089,0.21357916040600902,0.21357916040600902,0.002404084837594308,0.002404084837594308,0.05,False,False,False,fiscally_ordinary,not_feasible,stress_benchmark_only
pilot_per_tierA_baseline_pilot_v3,PER,UBI,high,r0,2034,0.003801304370164793,0.4718709379579163,0.01808273054249221,0.08334078307918867,0.08334078307918867,0.001507028923621263,0.0005134624211582089,0.21357916040600902,0.21357916040600902,0.002404084837594308,0.002404084837594308,0.1,False,False,False,fiscally_ordinary,not_feasible,stress_benchmark_only
pilot_per_tierA_baseline_pilot_v3,PER,UBI,high,r0,2034,0.003801304370164793,0.4718709379579163,0.01808273054249221,0.08334078307918867,0.08334078307918867,0.001507028923621263,0.0005134624211582089,0.21357916040600902,0.21357916040600902,0.002404084837594308,0.002404084837594308,0.25,False,False,False,fiscally_ordinary,not_feasible,stress_benchmark_only
pilot_per_tierA_baseline_pilot_v3,PER,UBI,high,r0,2034,0.003801304370164793,0.4718709379579163,0.01808273054249221,0.08334078307918867,0.08334078307918867,0.001507028923621263,0.0005134624211582089,0.21357916040600902,0.21357916040600902,0.002404084837594308,0.002404084837594308,0.5,False,False,False,fiscally_ordinary,not_feasible,stress_benchmark_only
pilot_per_tierA_baseline_pilot_v3,PER,PEN,high,r1,2034,0.003801304370164793,0.4718709379579163,0.01808273054249221,0.08790346025124321,0.08790346025124321,0.0015895345854759055,0.0005814459155251664,0.005573845262039806,0.005573845262039806,0.10431683841046932,0.10431683841046932,0.0,False,False,False,fiscally_ordinary,not_feasible,fragile_feasibility
pilot_per_tierA_baseline_pilot_v3,PER,PEN,high,r1,2034,0.003801304370164793,0.4718709379579163,0.01808273054249221,0.08790346025124321,0.08790346025124321,0.0015895345854759055,0.0005814459155251664,0.005573845262039806,0.005573845262039806,0.10431683841046932,0.10431683841046932,0.05,False,False,False,fiscally_ordinary,not_feasible,fragile_feasibility
pilot_per_tierA_baseline_pilot_v3,PER,PEN,high,r1,2034,0.003801304370164793,0.4718709379579163,0.01808273054249221,0.08790346025124321,0.08790346025124321,0.0015895345854759055,0.0005814459155251664,0.005573845262039806,0.005573845262039806,0.10431683841046932,0.10431683841046932,0.1,False,False,False,fiscally_ordinary,not_feasible,fragile_feasibility
pilot_per_tierA_baseline_pilot_v3,PER,PEN,high,r1,2034,0.003801304370164793,0.4718709379579163,0.01808273054249221,0.08790346025124321,0.08790346025124321,0.0015895345854759055,0.0005814459155251664,0.005573845262039806,0.005573845262039806,0.10431683841046932,0.10431683841046932,0.25,False,False,False,fiscally_ordinary,not_feasible,fragile_feasibility
pilot_per_tierA_baseline_pilot_v3,PER,PEN,high,r1,2034,0.003801304370164793,0.4718709379579163,0.01808273054249221,0.08790346025124321,0.08790346025124321,0.0015895345854759055,0.0005814459155251664,0.005573845262039806,0.005573845262039806,0.10431683841046932,0.10431683841046932,0.5,False,False,False,fiscally_ordinary,not_feasible,fragile_feasibility
pilot_per_tierA_baseline_pilot_v3,PER,GMI,high,r1,2034,0.003801304370164793,0.4718709379579163,0.01808273054249221,0.08790346025124321,0.08790346025124321,0.0015895345854759055,-0.00201752614117329,0.04180812064947627,0.04180812064947627,-0.04825680058877661,-0.04825680058877661,0.0,False,False,False,fiscally_ordinary,not_feasible,not_feasible
pilot_per_tierA_baseline_pilot_v3,PER,GMI,high,r1,2034,0.003801304370164793,0.4718709379579163,0.01808273054249221,0.08790346025124321,0.08790346025124321,0.0015895345854759055,-0.00201752614117329,0.04180812064947627,0.04180812064947627,-0.04825680058877661,-0.04825680058877661,0.05,False,False,False,fiscally_ordinary,not_feasible,not_feasible
pilot_per_tierA_baseline_pilot_v3,PER,GMI,high,r1,2034,0.003801304370164793,0.4718709379579163,0.01808273054249221,0.08790346025124321,0.08790346025124321,0.0015895345854759055,-0.00201752614117329,0.04180812064947627,0.04180812064947627,-0.04825680058877661,-0.04825680058877661,0.1,False,False,False,fiscally_ordinary,not_feasible,not_feasible
pilot_per_tierA_baseline_pilot_v3,PER,GMI,high,r1,2034,0.003801304370164793,0.4718709379579163,0.01808273054249221,0.08790346025124321,0.08790346025124321,0.0015895345854759055,-0.00201752614117329,0.04180812064947627,0.04180812064947627,-0.04825680058877661,-0.04825680058877661,0.25,False,False,False,fiscally_ordinary,not_feasible,not_feasible
pilot_per_tierA_baseline_pilot_v3,PER,GMI,high,r1,2034,0.003801304370164793,0.4718709379579163,0.01808273054249221,0.08790346025124321,0.08790346025124321,0.0015895345854759055,-0.00201752614117329,0.04180812064947627,0.04180812064947627,-0.04825680058877661,-0.04825680058877661,0.5,False,False,False,fiscally_ordinary,not_feasible,not_feasible
pilot_per_tierA_baseline_pilot_v3,PER,MUT,high,r1,2034,0.003801304370164793,0.4718709379579163,0.01808273054249221,0.08790346025124321,0.08790346025124321,0.0015895345854759055,0.0006407291667566936,0.053394790101502256,0.053394790101502256,0.01199984428328461,0.01199984428328461,0.0,False,False,False,fiscally_ordinary,not_feasible,not_feasible
pilot_per_tierA_baseline_pilot_v3,PER,MUT,high,r1,2034,0.003801304370164793,0.4718709379579163,0.01808273054249221,0.08790346025124321,0.08790346025124321,0.0015895345854759055,0.0006407291667566936,0.053394790101502256,0.053394790101502256,0.01199984428328461,0.01199984428328461,0.05,False,False,False,fiscally_ordinary,not_feasible,not_feasible
pilot_per_tierA_baseline_pilot_v3,PER,MUT,high,r1,2034,0.003801304370164793,0.4718709379579163,0.01808273054249221,0.08790346025124321,0.08790346025124321,0.0015895345854759055,0.0006407291667566936,0.053394790101502256,0.053394790101502256,0.01199984428328461,0.01199984428328461,0.1,False,False,False,fiscally_ordinary,not_feasible,not_feasible
pilot_per_tierA_baseline_pilot_v3,PER,MUT,high,r1,2034,0.003801304370164793,0.4718709379579163,0.01808273054249221,0.08790346025124321,0.08790346025124321,0.0015895345854759055,0.0006407291667566936,0.053394790101502256,0.053394790101502256,0.01199984428328461,0.01199984428328461,0.25,False,False,False,fiscally_ordinary,not_feasible,not_feasible
pilot_per_tierA_baseline_pilot_v3,PER,MUT,high,r1,2034,0.003801304370164793,0.4718709379579163,0.01808273054249221,0.08790346025124321,0.08790346025124321,0.0015895345854759055,0.0006407291667566936,0.053394790101502256,0.053394790101502256,0.01199984428328461,0.01199984428328461,0.5,False,False,False,fiscally_ordinary,not_feasible,not_feasible
pilot_per_tierA_baseline_pilot_v3,PER,PBI,high,r1,2034,0.003801304370164793,0.4718709379579163,0.01808273054249221,0.08790346025124321,0.08790346025124321,0.0015895345854759055,0.0007407291667566936,0.0796945147314945,0.0796945147314945,0.00929460665206817,0.00929460665206817,0.0,False,False,False,fiscally_ordinary,not_feasible,not_feasible
pilot_per_tierA_baseline_pilot_v3,PER,PBI,high,r1,2034,0.003801304370164793,0.4718709379579163,0.01808273054249221,0.08790346025124321,0.08790346025124321,0.0015895345854759055,0.0007407291667566936,0.0796945147314945,0.0796945147314945,0.00929460665206817,0.00929460665206817,0.05,False,False,False,fiscally_ordinary,not_feasible,not_feasible
pilot_per_tierA_baseline_pilot_v3,PER,PBI,high,r1,2034,0.003801304370164793,0.4718709379579163,0.01808273054249221,0.08790346025124321,0.08790346025124321,0.0015895345854759055,0.0007407291667566936,0.0796945147314945,0.0796945147314945,0.00929460665206817,0.00929460665206817,0.1,False,False,False,fiscally_ordinary,not_feasible,not_feasible
pilot_per_tierA_baseline_pilot_v3,PER,PBI,high,r1,2034,0.003801304370164793,0.4718709379579163,0.01808273054249221,0.08790346025124321,0.08790346025124321,0.0015895345854759055,0.0007407291667566936,0.0796945147314945,0.0796945147314945,0.00929460665206817,0.00929460665206817,0.25,False,False,False,fiscally_ordinary,not_feasible,not_feasible
pilot_per_tierA_baseline_pilot_v3,PER,PBI,high,r1,2034,0.003801304370164793,0.4718709379579163,0.01808273054249221,0.08790346025124321,0.08790346025124321,0.0015895345854759055,0.0007407291667566936,0.0796945147314945,0.0796945147314945,0.00929460665206817,0.00929460665206817,0.5,False,False,False,fiscally_ordinary,not_feasible,not_feasible
pilot_per_tierA_baseline_pilot_v3,PER,UBI,high,r1,2034,0.003801304370164793,0.4718709379579163,0.01808273054249221,0.08790346025124321,0.08790346025124321,0.0015895345854759055,0.0006034680830128514,0.21357916040600902,0.21357916040600902,0.002825500773884833,0.002825500773884833,0.0,False,False,False,fiscally_ordinary,not_feasible,stress_benchmark_only
pilot_per_tierA_baseline_pilot_v3,PER,UBI,high,r1,2034,0.003801304370164793,0.4718709379579163,0.01808273054249221,0.08790346025124321,0.08790346025124321,0.0015895345854759055,0.0006034680830128514,0.21357916040600902,0.21357916040600902,0.002825500773884833,0.002825500773884833,0.05,False,False,False,fiscally_ordinary,not_feasible,stress_benchmark_only
pilot_per_tierA_baseline_pilot_v3,PER,UBI,high,r1,2034,0.003801304370164793,0.4718709379579163,0.01808273054249221,0.08790346025124321,0.08790346025124321,0.0015895345854759055,0.0006034680830128514,0.21357916040600902,0.21357916040600902,0.002825500773884833,0.002825500773884833,0.1,False,False,False,fiscally_ordinary,not_feasible,stress_benchmark_only
pilot_per_tierA_baseline_pilot_v3,PER,UBI,high,r1,2034,0.003801304370164793,0.4718709379579163,0.01808273054249221,0.08790346025124321,0.08790346025124321,0.0015895345854759055,0.0006034680830128514,0.21357916040600902,0.21357916040600902,0.002825500773884833,0.002825500773884833,0.25,False,False,False,fiscally_ordinary,not_feasible,stress_benchmark_only
pilot_per_tierA_baseline_pilot_v3,PER,UBI,high,r1,2034,0.003801304370164793,0.4718709379579163,0.01808273054249221,0.08790346025124321,0.08790346025124321,0.0015895345854759055,0.0006034680830128514,0.21357916040600902,0.21357916040600902,0.002825500773884833,0.002825500773884833,0.5,False,False,False,fiscally_ordinary,not_feasible,stress_benchmark_only
pilot_per_tierA_baseline_pilot_v3,PER,PEN,high,r2,2034,0.003801304370164793,0.4718709379579163,0.01808273054249221,0.0919594693805498,0.0919594693805498,0.0016628783056390451,0.000654789635688306,0.005573845262039806,0.005573845262039806,0.11747538815756056,0.11747538815756056,0.0,False,False,False,fiscally_ordinary,not_feasible,fragile_feasibility
pilot_per_tierA_baseline_pilot_v3,PER,PEN,high,r2,2034,0.003801304370164793,0.4718709379579163,0.01808273054249221,0.0919594693805498,0.0919594693805498,0.0016628783056390451,0.000654789635688306,0.005573845262039806,0.005573845262039806,0.11747538815756056,0.11747538815756056,0.05,False,False,False,fiscally_ordinary,not_feasible,fragile_feasibility
pilot_per_tierA_baseline_pilot_v3,PER,PEN,high,r2,2034,0.003801304370164793,0.4718709379579163,0.01808273054249221,0.0919594693805498,0.0919594693805498,0.0016628783056390451,0.000654789635688306,0.005573845262039806,0.005573845262039806,0.11747538815756056,0.11747538815756056,0.1,False,False,False,fiscally_ordinary,not_feasible,fragile_feasibility
pilot_per_tierA_baseline_pilot_v3,PER,PEN,high,r2,2034,0.003801304370164793,0.4718709379579163,0.01808273054249221,0.0919594693805498,0.0919594693805498,0.0016628783056390451,0.000654789635688306,0.005573845262039806,0.005573845262039806,0.11747538815756056,0.11747538815756056,0.25,False,False,False,fiscally_ordinary,not_feasible,fragile_feasibility
pilot_per_tierA_baseline_pilot_v3,PER,PEN,high,r2,2034,0.003801304370164793,0.4718709379579163,0.01808273054249221,0.0919594693805498,0.0919594693805498,0.0016628783056390451,0.000654789635688306,0.005573845262039806,0.005573845262039806,0.11747538815756056,0.11747538815756056,0.5,False,False,False,fiscally_ordinary,not_feasible,fragile_feasibility
pilot_per_tierA_baseline_pilot_v3,PER,GMI,high,r2,2034,0.003801304370164793,0.4718709379579163,0.01808273054249221,0.0919594693805498,0.0919594693805498,0.0016628783056390451,-0.0019441824210101504,0.04180812064947627,0.04180812064947627,-0.04650250694859936,-0.04650250694859936,0.0,False,False,False,fiscally_ordinary,not_feasible,not_feasible
pilot_per_tierA_baseline_pilot_v3,PER,GMI,high,r2,2034,0.003801304370164793,0.4718709379579163,0.01808273054249221,0.0919594693805498,0.0919594693805498,0.0016628783056390451,-0.0019441824210101504,0.04180812064947627,0.04180812064947627,-0.04650250694859936,-0.04650250694859936,0.05,False,False,False,fiscally_ordinary,not_feasible,not_feasible
pilot_per_tierA_baseline_pilot_v3,PER,GMI,high,r2,2034,0.003801304370164793,0.4718709379579163,0.01808273054249221,0.0919594693805498,0.0919594693805498,0.0016628783056390451,-0.0019441824210101504,0.04180812064947627,0.04180812064947627,-0.04650250694859936,-0.04650250694859936,0.1,False,False,False,fiscally_ordinary,not_feasible,not_feasible
pilot_per_tierA_baseline_pilot_v3,PER,GMI,high,r2,2034,0.003801304370164793,0.4718709379579163,0.01808273054249221,0.0919594693805498,0.0919594693805498,0.0016628783056390451,-0.0019441824210101504,0.04180812064947627,0.04180812064947627,-0.04650250694859936,-0.04650250694859936,0.25,False,False,False,fiscally_ordinary,not_feasible,not_feasible
pilot_per_tierA_baseline_pilot_v3,PER,GMI,high,r2,2034,0.003801304370164793,0.4718709379579163,0.01808273054249221,0.0919594693805498,0.0919594693805498,0.0016628783056390451,-0.0019441824210101504,0.04180812064947627,0.04180812064947627,-0.04650250694859936,-0.04650250694859936,0.5,False,False,False,fiscally_ordinary,not_feasible,not_feasible
pilot_per_tierA_baseline_pilot_v3,PER,MUT,high,r2,2034,0.003801304370164793,0.4718709379579163,0.01808273054249221,0.0919594693805498,0.0919594693805498,0.0016628783056390451,0.0007140728869198332,0.053394790101502256,0.053394790101502256,0.013373456203543403,0.013373456203543403,0.0,False,False,False,fiscally_ordinary,not_feasible,not_feasible
pilot_per_tierA_baseline_pilot_v3,PER,MUT,high,r2,2034,0.003801304370164793,0.4718709379579163,0.01808273054249221,0.0919594693805498,0.0919594693805498,0.0016628783056390451,0.0007140728869198332,0.053394790101502256,0.053394790101502256,0.013373456203543403,0.013373456203543403,0.05,False,False,False,fiscally_ordinary,not_feasible,not_feasible
pilot_per_tierA_baseline_pilot_v3,PER,MUT,high,r2,2034,0.003801304370164793,0.4718709379579163,0.01808273054249221,0.0919594693805498,0.0919594693805498,0.0016628783056390451,0.0007140728869198332,0.053394790101502256,0.053394790101502256,0.013373456203543403,0.013373456203543403,0.1,False,False,False,fiscally_ordinary,not_feasible,not_feasible
pilot_per_tierA_baseline_pilot_v3,PER,MUT,high,r2,2034,0.003801304370164793,0.4718709379579163,0.01808273054249221,0.0919594693805498,0.0919594693805498,0.0016628783056390451,0.0007140728869198332,0.053394790101502256,0.053394790101502256,0.013373456203543403,0.013373456203543403,0.25,False,False,False,fiscally_ordinary,not_feasible,not_feasible
pilot_per_tierA_baseline_pilot_v3,PER,MUT,high,r2,2034,0.003801304370164793,0.4718709379579163,0.01808273054249221,0.0919594693805498,0.0919594693805498,0.0016628783056390451,0.0007140728869198332,0.053394790101502256,0.053394790101502256,0.013373456203543403,0.013373456203543403,0.5,False,False,False,fiscally_ordinary,not_feasible,not_feasible
pilot_per_tierA_baseline_pilot_v3,PER,PBI,high,r2,2034,0.003801304370164793,0.4718709379579163,0.01808273054249221,0.0919594693805498,0.0919594693805498,0.0016628783056390451,0.0008140728869198333,0.0796945147314945,0.0796945147314945,0.010214917421388345,0.010214917421388345,0.0,False,False,False,fiscally_ordinary,not_feasible,not_feasible
pilot_per_tierA_baseline_pilot_v3,PER,PBI,high,r2,2034,0.003801304370164793,0.4718709379579163,0.01808273054249221,0.0919594693805498,0.0919594693805498,0.0016628783056390451,0.0008140728869198333,0.0796945147314945,0.0796945147314945,0.010214917421388345,0.010214917421388345,0.05,False,False,False,fiscally_ordinary,not_feasible,not_feasible
pilot_per_tierA_baseline_pilot_v3,PER,PBI,high,r2,2034,0.003801304370164793,0.4718709379579163,0.01808273054249221,0.0919594693805498,0.0919594693805498,0.0016628783056390451,0.0008140728869198333,0.0796945147314945,0.0796945147314945,0.010214917421388345,0.010214917421388345,0.1,False,False,False,fiscally_ordinary,not_feasible,not_feasible
pilot_per_tierA_baseline_pilot_v3,PER,PBI,high,r2,2034,0.003801304370164793,0.4718709379579163,0.01808273054249221,0.0919594693805498,0.0919594693805498,0.0016628783056390451,0.0008140728869198333,0.0796945147314945,0.0796945147314945,0.010214917421388345,0.010214917421388345,0.25,False,False,False,fiscally_ordinary,not_feasible,not_feasible
pilot_per_tierA_baseline_pilot_v3,PER,PBI,high,r2,2034,0.003801304370164793,0.4718709379579163,0.01808273054249221,0.0919594693805498,0.0919594693805498,0.0016628783056390451,0.0008140728869198333,0.0796945147314945,0.0796945147314945,0.010214917421388345,0.010214917421388345,0.5,False,False,False,fiscally_ordinary,not_feasible,not_feasible
pilot_per_tierA_baseline_pilot_v3,PER,UBI,high,r2,2034,0.003801304370164793,0.4718709379579163,0.01808273054249221,0.0919594693805498,0.0919594693805498,0.0016628783056390451,0.000676811803175991,0.21357916040600902,0.21357916040600902,0.003168903753949531,0.003168903753949531,0.0,False,False,False,fiscally_ordinary,not_feasible,stress_benchmark_only
pilot_per_tierA_baseline_pilot_v3,PER,UBI,high,r2,2034,0.003801304370164793,0.4718709379579163,0.01808273054249221,0.0919594693805498,0.0919594693805498,0.0016628783056390451,0.000676811803175991,0.21357916040600902,0.21357916040600902,0.003168903753949531,0.003168903753949531,0.05,False,False,False,fiscally_ordinary,not_feasible,stress_benchmark_only
pilot_per_tierA_baseline_pilot_v3,PER,UBI,high,r2,2034,0.003801304370164793,0.4718709379579163,0.01808273054249221,0.0919594693805498,0.0919594693805498,0.0016628783056390451,0.000676811803175991,0.21357916040600902,0.21357916040600902,0.003168903753949531,0.003168903753949531,0.1,False,False,False,fiscally_ordinary,not_feasible,stress_benchmark_only
pilot_per_tierA_baseline_pilot_v3,PER,UBI,high,r2,2034,0.003801304370164793,0.4718709379579163,0.01808273054249221,0.0919594693805498,0.0919594693805498,0.0016628783056390451,0.000676811803175991,0.21357916040600902,0.21357916040600902,0.003168903753949531,0.003168903753949531,0.25,False,False,False,fiscally_ordinary,not_feasible,stress_benchmark_only
pilot_per_tierA_baseline_pilot_v3,PER,UBI,high,r2,2034,0.003801304370164793,0.4718709379579163,0.01808273054249221,0.0919594693805498,0.0919594693805498,0.0016628783056390451,0.000676811803175991,0.21357916040600902,0.21357916040600902,0.003168903753949531,0.003168903753949531,0.5,False,False,False,fiscally_ordinary,not_feasible,stress_benchmark_only
pilot_per_tierA_baseline_pilot_v3,PER,PEN,high,r3,2034,0.003801304370164793,0.4718709379579163,0.01808273054249221,0.08316966367483838,0.08316966367483838,0.001503934617541805,0.00048384594759106594,0.005573845262039806,0.005573845262039806,0.08680649082353563,0.08680649082353563,0.0,False,False,False,fiscally_ordinary,not_feasible,fragile_feasibility
pilot_per_tierA_baseline_pilot_v3,PER,PEN,high,r3,2034,0.003801304370164793,0.4718709379579163,0.01808273054249221,0.08316966367483838,0.08316966367483838,0.001503934617541805,0.00048384594759106594,0.005573845262039806,0.005573845262039806,0.08680649082353563,0.08680649082353563,0.05,False,False,False,fiscally_ordinary,not_feasible,fragile_feasibility
pilot_per_tierA_baseline_pilot_v3,PER,PEN,high,r3,2034,0.003801304370164793,0.4718709379579163,0.01808273054249221,0.08316966367483838,0.08316966367483838,0.001503934617541805,0.00048384594759106594,0.005573845262039806,0.005573845262039806,0.08680649082353563,0.08680649082353563,0.1,False,False,False,fiscally_ordinary,not_feasible,fragile_feasibility
pilot_per_tierA_baseline_pilot_v3,PER,PEN,high,r3,2034,0.003801304370164793,0.4718709379579163,0.01808273054249221,0.08316966367483838,0.08316966367483838,0.001503934617541805,0.00048384594759106594,0.005573845262039806,0.005573845262039806,0.08680649082353563,0.08680649082353563,0.25,False,False,False,fiscally_ordinary,not_feasible,fragile_feasibility
pilot_per_tierA_baseline_pilot_v3,PER,PEN,high,r3,2034,0.003801304370164793,0.4718709379579163,0.01808273054249221,0.08316966367483838,0.08316966367483838,0.001503934617541805,0.00048384594759106594,0.005573845262039806,0.005573845262039806,0.08680649082353563,0.08680649082353563,0.5,False,False,False,fiscally_ordinary,not_feasible,fragile_feasibility
pilot_per_tierA_baseline_pilot_v3,PER,GMI,high,r3,2034,0.003801304370164793,0.4718709379579163,0.01808273054249221,0.08316966367483838,0.08316966367483838,0.001503934617541805,-0.0021331261091073906,0.04180812064947627,0.04180812064947627,-0.05102181289113057,-0.05102181289113057,0.0,False,False,False,fiscally_ordinary,not_feasible,not_feasible
pilot_per_tierA_baseline_pilot_v3,PER,GMI,high,r3,2034,0.003801304370164793,0.4718709379579163,0.01808273054249221,0.08316966367483838,0.08316966367483838,0.001503934617541805,-0.0021331261091073906,0.04180812064947627,0.04180812064947627,-0.05102181289113057,-0.05102181289113057,0.05,False,False,False,fiscally_ordinary,not_feasible,not_feasible
pilot_per_tierA_baseline_pilot_v3,PER,GMI,high,r3,2034,0.003801304370164793,0.4718709379579163,0.01808273054249221,0.08316966367483838,0.08316966367483838,0.001503934617541805,-0.0021331261091073906,0.04180812064947627,0.04180812064947627,-0.05102181289113057,-0.05102181289113057,0.1,False,False,False,fiscally_ordinary,not_feasible,not_feasible
pilot_per_tierA_baseline_pilot_v3,PER,GMI,high,r3,2034,0.003801304370164793,0.4718709379579163,0.01808273054249221,0.08316966367483838,0.08316966367483838,0.001503934617541805,-0.0021331261091073906,0.04180812064947627,0.04180812064947627,-0.05102181289113057,-0.05102181289113057,0.25,False,False,False,fiscally_ordinary,not_feasible,not_feasible
pilot_per_tierA_baseline_pilot_v3,PER,GMI,high,r3,2034,0.003801304370164793,0.4718709379579163,0.01808273054249221,0.08316966367483838,0.08316966367483838,0.001503934617541805,-0.0021331261091073906,0.04180812064947627,0.04180812064947627,-0.05102181289113057,-0.05102181289113057,0.5,False,False,False,fiscally_ordinary,not_feasible,not_feasible
pilot_per_tierA_baseline_pilot_v3,PER,MUT,high,r3,2034,0.003801304370164793,0.4718709379579163,0.01808273054249221,0.08316966367483838,0.08316966367483838,0.001503934617541805,0.0005476291988225933,0.053394790101502256,0.053394790101502256,0.010256229077435512,0.010256229077435512,0.0,False,False,False,fiscally_ordinary,not_feasible,not_feasible
pilot_per_tierA_baseline_pilot_v3,PER,MUT,high,r3,2034,0.003801304370164793,0.4718709379579163,0.01808273054249221,0.08316966367483838,0.08316966367483838,0.001503934617541805,0.0005476291988225933,0.053394790101502256,0.053394790101502256,0.010256229077435512,0.010256229077435512,0.05,False,False,False,fiscally_ordinary,not_feasible,not_feasible
pilot_per_tierA_baseline_pilot_v3,PER,MUT,high,r3,2034,0.003801304370164793,0.4718709379579163,0.01808273054249221,0.08316966367483838,0.08316966367483838,0.001503934617541805,0.0005476291988225933,0.053394790101502256,0.053394790101502256,0.010256229077435512,0.010256229077435512,0.1,False,False,False,fiscally_ordinary,not_feasible,not_feasible
pilot_per_tierA_baseline_pilot_v3,PER,MUT,high,r3,2034,0.003801304370164793,0.4718709379579163,0.01808273054249221,0.08316966367483838,0.08316966367483838,0.001503934617541805,0.0005476291988225933,0.053394790101502256,0.053394790101502256,0.010256229077435512,0.010256229077435512,0.25,False,False,False,fiscally_ordinary,not_feasible,not_feasible
pilot_per_tierA_baseline_pilot_v3,PER,MUT,high,r3,2034,0.003801304370164793,0.4718709379579163,0.01808273054249221,0.08316966367483838,0.08316966367483838,0.001503934617541805,0.0005476291988225933,0.053394790101502256,0.053394790101502256,0.010256229077435512,0.010256229077435512,0.5,False,False,False,fiscally_ordinary,not_feasible,not_feasible
pilot_per_tierA_baseline_pilot_v3,PER,PBI,high,r3,2034,0.003801304370164793,0.4718709379579163,0.01808273054249221,0.08316966367483838,0.08316966367483838,0.001503934617541805,0.0006476291988225931,0.0796945147314945,0.0796945147314945,0.008126396164209985,0.008126396164209985,0.0,False,False,False,fiscally_ordinary,not_feasible,not_feasible
pilot_per_tierA_baseline_pilot_v3,PER,PBI,high,r3,2034,0.003801304370164793,0.4718709379579163,0.01808273054249221,0.08316966367483838,0.08316966367483838,0.001503934617541805,0.0006476291988225931,0.0796945147314945,0.0796945147314945,0.008126396164209985,0.008126396164209985,0.05,False,False,False,fiscally_ordinary,not_feasible,not_feasible
pilot_per_tierA_baseline_pilot_v3,PER,PBI,high,r3,2034,0.003801304370164793,0.4718709379579163,0.01808273054249221,0.08316966367483838,0.08316966367483838,0.001503934617541805,0.0006476291988225931,0.0796945147314945,0.0796945147314945,0.008126396164209985,0.008126396164209985,0.1,False,False,False,fiscally_ordinary,not_feasible,not_feasible
pilot_per_tierA_baseline_pilot_v3,PER,PBI,high,r3,2034,0.003801304370164793,0.4718709379579163,0.01808273054249221,0.08316966367483838,0.08316966367483838,0.001503934617541805,0.0006476291988225931,0.0796945147314945,0.0796945147314945,0.008126396164209985,0.008126396164209985,0.25,False,False,False,fiscally_ordinary,not_feasible,not_feasible
pilot_per_tierA_baseline_pilot_v3,PER,PBI,high,r3,2034,0.003801304370164793,0.4718709379579163,0.01808273054249221,0.08316966367483838,0.08316966367483838,0.001503934617541805,0.0006476291988225931,0.0796945147314945,0.0796945147314945,0.008126396164209985,0.008126396164209985,0.5,False,False,False,fiscally_ordinary,not_feasible,not_feasible
pilot_per_tierA_baseline_pilot_v3,PER,UBI,high,r3,2034,0.003801304370164793,0.4718709379579163,0.01808273054249221,0.08316966367483838,0.08316966367483838,0.001503934617541805,0.0005133681150787509,0.21357916040600902,0.21357916040600902,0.002403643286652359,0.002403643286652359,0.0,False,False,False,fiscally_ordinary,not_feasible,stress_benchmark_only
pilot_per_tierA_baseline_pilot_v3,PER,UBI,high,r3,2034,0.003801304370164793,0.4718709379579163,0.01808273054249221,0.08316966367483838,0.08316966367483838,0.001503934617541805,0.0005133681150787509,0.21357916040600902,0.21357916040600902,0.002403643286652359,0.002403643286652359,0.05,False,False,False,fiscally_ordinary,not_feasible,stress_benchmark_only
pilot_per_tierA_baseline_pilot_v3,PER,UBI,high,r3,2034,0.003801304370164793,0.4718709379579163,0.01808273054249221,0.08316966367483838,0.08316966367483838,0.001503934617541805,0.0005133681150787509,0.21357916040600902,0.21357916040600902,0.002403643286652359,0.002403643286652359,0.1,False,False,False,fiscally_ordinary,not_feasible,stress_benchmark_only
pilot_per_tierA_baseline_pilot_v3,PER,UBI,high,r3,2034,0.003801304370164793,0.4718709379579163,0.01808273054249221,0.08316966367483838,0.08316966367483838,0.001503934617541805,0.0005133681150787509,0.21357916040600902,0.21357916040600902,0.002403643286652359,0.002403643286652359,0.25,False,False,False,fiscally_ordinary,not_feasible,stress_benchmark_only
pilot_per_tierA_baseline_pilot_v3,PER,UBI,high,r3,2034,0.003801304370164793,0.4718709379579163,0.01808273054249221,0.08316966367483838,0.08316966367483838,0.001503934617541805,0.0005133681150787509,0.21357916040600902,0.21357916040600902,0.002403643286652359,0.002403643286652359,0.5,False,False,False,fiscally_ordinary,not_feasible,stress_benchmark_only
pilot_per_tierA_baseline_pilot_v3,PER,PEN,high,r4,2034,0.003801304370164793,0.4718709379579163,0.01808273054249221,0.10469217220934887,0.10469217220934887,0.0018931203399698469,0.0009050316700191081,0.005573845262039806,0.005573845262039806,0.1623711508790437,0.1623711508790437,0.0,False,False,False,fiscally_ordinary,not_feasible,fragile_feasibility
pilot_per_tierA_baseline_pilot_v3,PER,PEN,high,r4,2034,0.003801304370164793,0.4718709379579163,0.01808273054249221,0.10469217220934887,0.10469217220934887,0.0018931203399698469,0.0009050316700191081,0.005573845262039806,0.005573845262039806,0.1623711508790437,0.1623711508790437,0.05,False,False,False,fiscally_ordinary,not_feasible,fragile_feasibility
pilot_per_tierA_baseline_pilot_v3,PER,PEN,high,r4,2034,0.003801304370164793,0.4718709379579163,0.01808273054249221,0.10469217220934887,0.10469217220934887,0.0018931203399698469,0.0009050316700191081,0.005573845262039806,0.005573845262039806,0.1623711508790437,0.1623711508790437,0.1,False,False,False,fiscally_ordinary,not_feasible,fragile_feasibility
pilot_per_tierA_baseline_pilot_v3,PER,PEN,high,r4,2034,0.003801304370164793,0.4718709379579163,0.01808273054249221,0.10469217220934887,0.10469217220934887,0.0018931203399698469,0.0009050316700191081,0.005573845262039806,0.005573845262039806,0.1623711508790437,0.1623711508790437,0.25,False,False,False,fiscally_ordinary,not_feasible,fragile_feasibility
pilot_per_tierA_baseline_pilot_v3,PER,PEN,high,r4,2034,0.003801304370164793,0.4718709379579163,0.01808273054249221,0.10469217220934887,0.10469217220934887,0.0018931203399698469,0.0009050316700191081,0.005573845262039806,0.005573845262039806,0.1623711508790437,0.1623711508790437,0.5,False,False,False,fiscally_ordinary,not_feasible,fragile_feasibility
pilot_per_tierA_baseline_pilot_v3,PER,GMI,high,r4,2034,0.003801304370164793,0.4718709379579163,0.01808273054249221,0.10469217220934887,0.10469217220934887,0.0018931203399698469,-0.0016639403866793485,0.04180812064947627,0.04180812064947627,-0.039799454288558,-0.039799454288558,0.0,False,False,False,fiscally_ordinary,not_feasible,not_feasible
pilot_per_tierA_baseline_pilot_v3,PER,GMI,high,r4,2034,0.003801304370164793,0.4718709379579163,0.01808273054249221,0.10469217220934887,0.10469217220934887,0.0018931203399698469,-0.0016639403866793485,0.04180812064947627,0.04180812064947627,-0.039799454288558,-0.039799454288558,0.05,False,False,False,fiscally_ordinary,not_feasible,not_feasible
pilot_per_tierA_baseline_pilot_v3,PER,GMI,high,r4,2034,0.003801304370164793,0.4718709379579163,0.01808273054249221,0.10469217220934887,0.10469217220934887,0.0018931203399698469,-0.0016639403866793485,0.04180812064947627,0.04180812064947627,-0.039799454288558,-0.039799454288558,0.1,False,False,False,fiscally_ordinary,not_feasible,not_feasible
pilot_per_tierA_baseline_pilot_v3,PER,GMI,high,r4,2034,0.003801304370164793,0.4718709379579163,0.01808273054249221,0.10469217220934887,0.10469217220934887,0.0018931203399698469,-0.0016639403866793485,0.04180812064947627,0.04180812064947627,-0.039799454288558,-0.039799454288558,0.25,False,False,False,fiscally_ordinary,not_feasible,not_feasible
pilot_per_tierA_baseline_pilot_v3,PER,GMI,high,r4,2034,0.003801304370164793,0.4718709379579163,0.01808273054249221,0.10469217220934887,0.10469217220934887,0.0018931203399698469,-0.0016639403866793485,0.04180812064947627,0.04180812064947627,-0.039799454288558,-0.039799454288558,0.5,False,False,False,fiscally_ordinary,not_feasible,not_feasible
pilot_per_tierA_baseline_pilot_v3,PER,MUT,high,r4,2034,0.003801304370164793,0.4718709379579163,0.01808273054249221,0.10469217220934887,0.10469217220934887,0.0018931203399698469,0.0009568149212506352,0.053394790101502256,0.053394790101502256,0.017919630724865708,0.017919630724865708,0.0,False,False,False,fiscally_ordinary,not_feasible,not_feasible
pilot_per_tierA_baseline_pilot_v3,PER,MUT,high,r4,2034,0.003801304370164793,0.4718709379579163,0.01808273054249221,0.10469217220934887,0.10469217220934887,0.0018931203399698469,0.0009568149212506352,0.053394790101502256,0.053394790101502256,0.017919630724865708,0.017919630724865708,0.05,False,False,False,fiscally_ordinary,not_feasible,not_feasible
pilot_per_tierA_baseline_pilot_v3,PER,MUT,high,r4,2034,0.003801304370164793,0.4718709379579163,0.01808273054249221,0.10469217220934887,0.10469217220934887,0.0018931203399698469,0.0009568149212506352,0.053394790101502256,0.053394790101502256,0.017919630724865708,0.017919630724865708,0.1,False,False,False,fiscally_ordinary,not_feasible,not_feasible
pilot_per_tierA_baseline_pilot_v3,PER,MUT,high,r4,2034,0.003801304370164793,0.4718709379579163,0.01808273054249221,0.10469217220934887,0.10469217220934887,0.0018931203399698469,0.0009568149212506352,0.053394790101502256,0.053394790101502256,0.017919630724865708,0.017919630724865708,0.25,False,False,False,fiscally_ordinary,not_feasible,not_feasible
pilot_per_tierA_baseline_pilot_v3,PER,MUT,high,r4,2034,0.003801304370164793,0.4718709379579163,0.01808273054249221,0.10469217220934887,0.10469217220934887,0.0018931203399698469,0.0009568149212506352,0.053394790101502256,0.053394790101502256,0.017919630724865708,0.017919630724865708,0.5,False,False,False,fiscally_ordinary,not_feasible,not_feasible
pilot_per_tierA_baseline_pilot_v3,PER,PBI,high,r4,2034,0.003801304370164793,0.4718709379579163,0.01808273054249221,0.10469217220934887,0.10469217220934887,0.0018931203399698469,0.001056814921250635,0.0796945147314945,0.0796945147314945,0.013260823844793322,0.013260823844793322,0.0,False,False,False,fiscally_ordinary,not_feasible,not_feasible
pilot_per_tierA_baseline_pilot_v3,PER,PBI,high,r4,2034,0.003801304370164793,0.4718709379579163,0.01808273054249221,0.10469217220934887,0.10469217220934887,0.0018931203399698469,0.001056814921250635,0.0796945147314945,0.0796945147314945,0.013260823844793322,0.013260823844793322,0.05,False,False,False,fiscally_ordinary,not_feasible,not_feasible
pilot_per_tierA_baseline_pilot_v3,PER,PBI,high,r4,2034,0.003801304370164793,0.4718709379579163,0.01808273054249221,0.10469217220934887,0.10469217220934887,0.0018931203399698469,0.001056814921250635,0.0796945147314945,0.0796945147314945,0.013260823844793322,0.013260823844793322,0.1,False,False,False,fiscally_ordinary,not_feasible,not_feasible
pilot_per_tierA_baseline_pilot_v3,PER,PBI,high,r4,2034,0.003801304370164793,0.4718709379579163,0.01808273054249221,0.10469217220934887,0.10469217220934887,0.0018931203399698469,0.001056814921250635,0.0796945147314945,0.0796945147314945,0.013260823844793322,0.013260823844793322,0.25,False,False,False,fiscally_ordinary,not_feasible,not_feasible
pilot_per_tierA_baseline_pilot_v3,PER,PBI,high,r4,2034,0.003801304370164793,0.4718709379579163,0.01808273054249221,0.10469217220934887,0.10469217220934887,0.0018931203399698469,0.001056814921250635,0.0796945147314945,0.0796945147314945,0.013260823844793322,0.013260823844793322,0.5,False,False,False,fiscally_ordinary,not_feasible,not_feasible
pilot_per_tierA_baseline_pilot_v3,PER,UBI,high,r4,2034,0.003801304370164793,0.4718709379579163,0.01808273054249221,0.10469217220934887,0.10469217220934887,0.0018931203399698469,0.0009145538375067929,0.21357916040600902,0.21357916040600902,0.004282036860563771,0.004282036860563771,0.0,False,False,False,fiscally_ordinary,not_feasible,stress_benchmark_only
pilot_per_tierA_baseline_pilot_v3,PER,UBI,high,r4,2034,0.003801304370164793,0.4718709379579163,0.01808273054249221,0.10469217220934887,0.10469217220934887,0.0018931203399698469,0.0009145538375067929,0.21357916040600902,0.21357916040600902,0.004282036860563771,0.004282036860563771,0.05,False,False,False,fiscally_ordinary,not_feasible,stress_benchmark_only
pilot_per_tierA_baseline_pilot_v3,PER,UBI,high,r4,2034,0.003801304370164793,0.4718709379579163,0.01808273054249221,0.10469217220934887,0.10469217220934887,0.0018931203399698469,0.0009145538375067929,0.21357916040600902,0.21357916040600902,0.004282036860563771,0.004282036860563771,0.1,False,False,False,fiscally_ordinary,not_feasible,stress_benchmark_only
pilot_per_tierA_baseline_pilot_v3,PER,UBI,high,r4,2034,0.003801304370164793,0.4718709379579163,0.01808273054249221,0.10469217220934887,0.10469217220934887,0.0018931203399698469,0.0009145538375067929,0.21357916040600902,0.21357916040600902,0.004282036860563771,0.004282036860563771,0.25,False,False,False,fiscally_ordinary,not_feasible,stress_benchmark_only
pilot_per_tierA_baseline_pilot_v3,PER,UBI,high,r4,2034,0.003801304370164793,0.4718709379579163,0.01808273054249221,0.10469217220934887,0.10469217220934887,0.0018931203399698469,0.0009145538375067929,0.21357916040600902,0.21357916040600902,0.004282036860563771,0.004282036860563771,0.5,False,False,False,fiscally_ordinary,not_feasible,stress_benchmark_only
pilot_per_tierA_baseline_pilot_v3,PER,PEN,stress,r0,2034,0.014999999999999902,0.4718709379579163,0.0730781793357238,0.07900662086255744,0.07900662086255744,0.00577366000810351,0.004745571338152771,0.005573845262039806,0.005573845262039806,0.8513999070752963,0.8513999070752963,0.0,False,False,False,fiscally_ordinary,not_feasible,fragile_feasibility
pilot_per_tierA_baseline_pilot_v3,PER,PEN,stress,r0,2034,0.014999999999999902,0.4718709379579163,0.0730781793357238,0.07900662086255744,0.07900662086255744,0.00577366000810351,0.004745571338152771,0.005573845262039806,0.005573845262039806,0.8513999070752963,0.8513999070752963,0.05,False,False,False,fiscally_ordinary,not_feasible,fragile_feasibility
pilot_per_tierA_baseline_pilot_v3,PER,PEN,stress,r0,2034,0.014999999999999902,0.4718709379579163,0.0730781793357238,0.07900662086255744,0.07900662086255744,0.00577366000810351,0.004745571338152771,0.005573845262039806,0.005573845262039806,0.8513999070752963,0.8513999070752963,0.1,False,False,False,fiscally_ordinary,not_feasible,fragile_feasibility
pilot_per_tierA_baseline_pilot_v3,PER,PEN,stress,r0,2034,0.014999999999999902,0.4718709379579163,0.0730781793357238,0.07900662086255744,0.07900662086255744,0.00577366000810351,0.004745571338152771,0.005573845262039806,0.005573845262039806,0.8513999070752963,0.8513999070752963,0.25,False,False,False,fiscally_ordinary,not_feasible,fragile_feasibility
pilot_per_tierA_baseline_pilot_v3,PER,PEN,stress,r0,2034,0.014999999999999902,0.4718709379579163,0.0730781793357238,0.07900662086255744,0.07900662086255744,0.00577366000810351,0.004745571338152771,0.005573845262039806,0.005573845262039806,0.8513999070752963,0.8513999070752963,0.5,False,False,False,fiscally_ordinary,not_feasible,fragile_feasibility
pilot_per_tierA_baseline_pilot_v3,PER,GMI,stress,r0,2034,0.014999999999999902,0.4718709379579163,0.0730781793357238,0.07900662086255744,0.07900662086255744,0.00577366000810351,0.0021165992814543145,0.04180812064947627,0.04180812064947627,0.0506265110359805,0.0506265110359805,0.0,False,False,False,fiscally_ordinary,not_feasible,not_feasible
pilot_per_tierA_baseline_pilot_v3,PER,GMI,stress,r0,2034,0.014999999999999902,0.4718709379579163,0.0730781793357238,0.07900662086255744,0.07900662086255744,0.00577366000810351,0.0021165992814543145,0.04180812064947627,0.04180812064947627,0.0506265110359805,0.0506265110359805,0.05,False,False,False,fiscally_ordinary,not_feasible,not_feasible
pilot_per_tierA_baseline_pilot_v3,PER,GMI,stress,r0,2034,0.014999999999999902,0.4718709379579163,0.0730781793357238,0.07900662086255744,0.07900662086255744,0.00577366000810351,0.0021165992814543145,0.04180812064947627,0.04180812064947627,0.0506265110359805,0.0506265110359805,0.1,False,False,False,fiscally_ordinary,not_feasible,not_feasible
pilot_per_tierA_baseline_pilot_v3,PER,GMI,stress,r0,2034,0.014999999999999902,0.4718709379579163,0.0730781793357238,0.07900662086255744,0.07900662086255744,0.00577366000810351,0.0021165992814543145,0.04180812064947627,0.04180812064947627,0.0506265110359805,0.0506265110359805,0.25,False,False,False,fiscally_ordinary,not_feasible,not_feasible
pilot_per_tierA_baseline_pilot_v3,PER,GMI,stress,r0,2034,0.014999999999999902,0.4718709379579163,0.0730781793357238,0.07900662086255744,0.07900662086255744,0.00577366000810351,0.0021165992814543145,0.04180812064947627,0.04180812064947627,0.0506265110359805,0.0506265110359805,0.5,False,False,False,fiscally_ordinary,not_feasible,not_feasible
pilot_per_tierA_baseline_pilot_v3,PER,MUT,stress,r0,2034,0.014999999999999902,0.4718709379579163,0.0730781793357238,0.07900662086255744,0.07900662086255744,0.00577366000810351,0.004812354589384299,0.053394790101502256,0.053394790101502256,0.09012779299695953,0.09012779299695953,0.0,False,False,False,fiscally_ordinary,not_feasible,not_feasible
pilot_per_tierA_baseline_pilot_v3,PER,MUT,stress,r0,2034,0.014999999999999902,0.4718709379579163,0.0730781793357238,0.07900662086255744,0.07900662086255744,0.00577366000810351,0.004812354589384299,0.053394790101502256,0.053394790101502256,0.09012779299695953,0.09012779299695953,0.05,False,False,False,fiscally_ordinary,not_feasible,not_feasible
pilot_per_tierA_baseline_pilot_v3,PER,MUT,stress,r0,2034,0.014999999999999902,0.4718709379579163,0.0730781793357238,0.07900662086255744,0.07900662086255744,0.00577366000810351,0.004812354589384299,0.053394790101502256,0.053394790101502256,0.09012779299695953,0.09012779299695953,0.1,False,False,False,fiscally_ordinary,not_feasible,not_feasible
pilot_per_tierA_baseline_pilot_v3,PER,MUT,stress,r0,2034,0.014999999999999902,0.4718709379579163,0.0730781793357238,0.07900662086255744,0.07900662086255744,0.00577366000810351,0.004812354589384299,0.053394790101502256,0.053394790101502256,0.09012779299695953,0.09012779299695953,0.25,False,False,False,fiscally_ordinary,not_feasible,not_feasible
pilot_per_tierA_baseline_pilot_v3,PER,MUT,stress,r0,2034,0.014999999999999902,0.4718709379579163,0.0730781793357238,0.07900662086255744,0.07900662086255744,0.00577366000810351,0.004812354589384299,0.053394790101502256,0.053394790101502256,0.09012779299695953,0.09012779299695953,0.5,False,False,False,fiscally_ordinary,not_feasible,not_feasible
pilot_per_tierA_baseline_pilot_v3,PER,PBI,stress,r0,2034,0.014999999999999902,0.4718709379579163,0.0730781793357238,0.07900662086255744,0.07900662086255744,0.00577366000810351,0.004912354589384299,0.0796945147314945,0.0796945147314945,0.06163980803365108,0.06163980803365108,0.0,False,False,False,fiscally_ordinary,not_feasible,not_feasible
pilot_per_tierA_baseline_pilot_v3,PER,PBI,stress,r0,2034,0.014999999999999902,0.4718709379579163,0.0730781793357238,0.07900662086255744,0.07900662086255744,0.00577366000810351,0.004912354589384299,0.0796945147314945,0.0796945147314945,0.06163980803365108,0.06163980803365108,0.05,False,False,False,fiscally_ordinary,not_feasible,not_feasible
pilot_per_tierA_baseline_pilot_v3,PER,PBI,stress,r0,2034,0.014999999999999902,0.4718709379579163,0.0730781793357238,0.07900662086255744,0.07900662086255744,0.00577366000810351,0.004912354589384299,0.0796945147314945,0.0796945147314945,0.06163980803365108,0.06163980803365108,0.1,False,False,False,fiscally_ordinary,not_feasible,not_feasible
pilot_per_tierA_baseline_pilot_v3,PER,PBI,stress,r0,2034,0.014999999999999902,0.4718709379579163,0.0730781793357238,0.07900662086255744,0.07900662086255744,0.00577366000810351,0.004912354589384299,0.0796945147314945,0.0796945147314945,0.06163980803365108,0.06163980803365108,0.25,False,False,False,fiscally_ordinary,not_feasible,not_feasible
pilot_per_tierA_baseline_pilot_v3,PER,PBI,stress,r0,2034,0.014999999999999902,0.4718709379579163,0.0730781793357238,0.07900662086255744,0.07900662086255744,0.00577366000810351,0.004912354589384299,0.0796945147314945,0.0796945147314945,0.06163980803365108,0.06163980803365108,0.5,False,False,False,fiscally_ordinary,not_feasible,not_feasible
pilot_per_tierA_baseline_pilot_v3,PER,UBI,stress,r0,2034,0.014999999999999902,0.4718709379579163,0.0730781793357238,0.07900662086255744,0.07900662086255744,0.00577366000810351,0.004780093505640457,0.21357916040600902,0.21357916040600902,0.022380898476019897,0.022380898476019897,0.0,False,False,False,fiscally_ordinary,not_feasible,stress_benchmark_only
pilot_per_tierA_baseline_pilot_v3,PER,UBI,stress,r0,2034,0.014999999999999902,0.4718709379579163,0.0730781793357238,0.07900662086255744,0.07900662086255744,0.00577366000810351,0.004780093505640457,0.21357916040600902,0.21357916040600902,0.022380898476019897,0.022380898476019897,0.05,False,False,False,fiscally_ordinary,not_feasible,stress_benchmark_only
pilot_per_tierA_baseline_pilot_v3,PER,UBI,stress,r0,2034,0.014999999999999902,0.4718709379579163,0.0730781793357238,0.07900662086255744,0.07900662086255744,0.00577366000810351,0.004780093505640457,0.21357916040600902,0.21357916040600902,0.022380898476019897,0.022380898476019897,0.1,False,False,False,fiscally_ordinary,not_feasible,stress_benchmark_only
pilot_per_tierA_baseline_pilot_v3,PER,UBI,stress,r0,2034,0.014999999999999902,0.4718709379579163,0.0730781793357238,0.07900662086255744,0.07900662086255744,0.00577366000810351,0.004780093505640457,0.21357916040600902,0.21357916040600902,0.022380898476019897,0.022380898476019897,0.25,False,False,False,fiscally_ordinary,not_feasible,stress_benchmark_only
pilot_per_tierA_baseline_pilot_v3,PER,UBI,stress,r0,2034,0.014999999999999902,0.4718709379579163,0.0730781793357238,0.07900662086255744,0.07900662086255744,0.00577366000810351,0.004780093505640457,0.21357916040600902,0.21357916040600902,0.022380898476019897,0.022380898476019897,0.5,False,False,False,fiscally_ordinary,not_feasible,stress_benchmark_only
pilot_per_tierA_baseline_pilot_v3,PER,PEN,stress,r1,2034,0.014999999999999902,0.4718709379579163,0.0730781793357238,0.0833468705606005,0.0833468705606005,0.006090837553898922,0.0050827488839481835,0.005573845262039806,0.005573845262039806,0.9118927140952061,0.9118927140952061,0.0,False,False,False,fiscally_ordinary,not_feasible,fragile_feasibility
pilot_per_tierA_baseline_pilot_v3,PER,PEN,stress,r1,2034,0.014999999999999902,0.4718709379579163,0.0730781793357238,0.0833468705606005,0.0833468705606005,0.006090837553898922,0.0050827488839481835,0.005573845262039806,0.005573845262039806,0.9118927140952061,0.9118927140952061,0.05,False,False,False,fiscally_ordinary,not_feasible,fragile_feasibility
pilot_per_tierA_baseline_pilot_v3,PER,PEN,stress,r1,2034,0.014999999999999902,0.4718709379579163,0.0730781793357238,0.0833468705606005,0.0833468705606005,0.006090837553898922,0.0050827488839481835,0.005573845262039806,0.005573845262039806,0.9118927140952061,0.9118927140952061,0.1,False,False,False,fiscally_ordinary,not_feasible,fragile_feasibility
pilot_per_tierA_baseline_pilot_v3,PER,PEN,stress,r1,2034,0.014999999999999902,0.4718709379579163,0.0730781793357238,0.0833468705606005,0.0833468705606005,0.006090837553898922,0.0050827488839481835,0.005573845262039806,0.005573845262039806,0.9118927140952061,0.9118927140952061,0.25,False,False,False,fiscally_ordinary,not_feasible,fragile_feasibility
pilot_per_tierA_baseline_pilot_v3,PER,PEN,stress,r1,2034,0.014999999999999902,0.4718709379579163,0.0730781793357238,0.0833468705606005,0.0833468705606005,0.006090837553898922,0.0050827488839481835,0.005573845262039806,0.005573845262039806,0.9118927140952061,0.9118927140952061,0.5,False,False,False,fiscally_ordinary,not_feasible,fragile_feasibility
pilot_per_tierA_baseline_pilot_v3,PER,GMI,stress,r1,2034,0.014999999999999902,0.4718709379579163,0.0730781793357238,0.0833468705606005,0.0833468705606005,0.006090837553898922,0.002483776827249727,0.04180812064947627,0.04180812064947627,0.0594089566492112,0.0594089566492112,0.0,False,False,False,fiscally_ordinary,not_feasible,not_feasible
pilot_per_tierA_baseline_pilot_v3,PER,GMI,stress,r1,2034,0.014999999999999902,0.4718709379579163,0.0730781793357238,0.0833468705606005,0.0833468705606005,0.006090837553898922,0.002483776827249727,0.04180812064947627,0.04180812064947627,0.0594089566492112,0.0594089566492112,0.05,False,False,False,fiscally_ordinary,not_feasible,not_feasible
pilot_per_tierA_baseline_pilot_v3,PER,GMI,stress,r1,2034,0.014999999999999902,0.4718709379579163,0.0730781793357238,0.0833468705606005,0.0833468705606005,0.006090837553898922,0.002483776827249727,0.04180812064947627,0.04180812064947627,0.0594089566492112,0.0594089566492112,0.1,False,False,False,fiscally_ordinary,not_feasible,not_feasible
pilot_per_tierA_baseline_pilot_v3,PER,GMI,stress,r1,2034,0.014999999999999902,0.4718709379579163,0.0730781793357238,0.0833468705606005,0.0833468705606005,0.006090837553898922,0.002483776827249727,0.04180812064947627,0.04180812064947627,0.0594089566492112,0.0594089566492112,0.25,False,False,False,fiscally_ordinary,not_feasible,not_feasible
pilot_per_tierA_baseline_pilot_v3,PER,GMI,stress,r1,2034,0.014999999999999902,0.4718709379579163,0.0730781793357238,0.0833468705606005,0.0833468705606005,0.006090837553898922,0.002483776827249727,0.04180812064947627,0.04180812064947627,0.0594089566492112,0.0594089566492112,0.5,False,False,False,fiscally_ordinary,not_feasible,not_feasible
pilot_per_tierA_baseline_pilot_v3,PER,MUT,stress,r1,2034,0.014999999999999902,0.4718709379579163,0.0730781793357238,0.0833468705606005,0.0833468705606005,0.006090837553898922,0.005142032135179711,0.053394790101502256,0.053394790101502256,0.09630213220062907,0.09630213220062907,0.0,False,False,False,fiscally_ordinary,not_feasible,not_feasible
pilot_per_tierA_baseline_pilot_v3,PER,MUT,stress,r1,2034,0.014999999999999902,0.4718709379579163,0.0730781793357238,0.0833468705606005,0.0833468705606005,0.006090837553898922,0.005142032135179711,0.053394790101502256,0.053394790101502256,0.09630213220062907,0.09630213220062907,0.05,False,False,False,fiscally_ordinary,not_feasible,not_feasible
pilot_per_tierA_baseline_pilot_v3,PER,MUT,stress,r1,2034,0.014999999999999902,0.4718709379579163,0.0730781793357238,0.0833468705606005,0.0833468705606005,0.006090837553898922,0.005142032135179711,0.053394790101502256,0.053394790101502256,0.09630213220062907,0.09630213220062907,0.1,False,False,False,fiscally_ordinary,not_feasible,not_feasible
pilot_per_tierA_baseline_pilot_v3,PER,MUT,stress,r1,2034,0.014999999999999902,0.4718709379579163,0.0730781793357238,0.0833468705606005,0.0833468705606005,0.006090837553898922,0.005142032135179711,0.053394790101502256,0.053394790101502256,0.09630213220062907,0.09630213220062907,0.25,False,False,False,fiscally_ordinary,not_feasible,not_feasible
pilot_per_tierA_baseline_pilot_v3,PER,MUT,stress,r1,2034,0.014999999999999902,0.4718709379579163,0.0730781793357238,0.0833468705606005,0.0833468705606005,0.006090837553898922,0.005142032135179711,0.053394790101502256,0.053394790101502256,0.09630213220062907,0.09630213220062907,0.5,False,False,False,fiscally_ordinary,not_feasible,not_feasible
pilot_per_tierA_baseline_pilot_v3,PER,PBI,stress,r1,2034,0.014999999999999902,0.4718709379579163,0.0730781793357238,0.0833468705606005,0.0833468705606005,0.006090837553898922,0.005242032135179711,0.0796945147314945,0.0796945147314945,0.06577657386886768,0.06577657386886768,0.0,False,False,False,fiscally_ordinary,not_feasible,not_feasible
pilot_per_tierA_baseline_pilot_v3,PER,PBI,stress,r1,2034,0.014999999999999902,0.4718709379579163,0.0730781793357238,0.0833468705606005,0.0833468705606005,0.006090837553898922,0.005242032135179711,0.0796945147314945,0.0796945147314945,0.06577657386886768,0.06577657386886768,0.05,False,False,False,fiscally_ordinary,not_feasible,not_feasible
pilot_per_tierA_baseline_pilot_v3,PER,PBI,stress,r1,2034,0.014999999999999902,0.4718709379579163,0.0730781793357238,0.0833468705606005,0.0833468705606005,0.006090837553898922,0.005242032135179711,0.0796945147314945,0.0796945147314945,0.06577657386886768,0.06577657386886768,0.1,False,False,False,fiscally_ordinary,not_feasible,not_feasible
pilot_per_tierA_baseline_pilot_v3,PER,PBI,stress,r1,2034,0.014999999999999902,0.4718709379579163,0.0730781793357238,0.0833468705606005,0.0833468705606005,0.006090837553898922,0.005242032135179711,0.0796945147314945,0.0796945147314945,0.06577657386886768,0.06577657386886768,0.25,False,False,False,fiscally_ordinary,not_feasible,not_feasible
pilot_per_tierA_baseline_pilot_v3,PER,PBI,stress,r1,2034,0.014999999999999902,0.4718709379579163,0.0730781793357238,0.0833468705606005,0.0833468705606005,0.006090837553898922,0.005242032135179711,0.0796945147314945,0.0796945147314945,0.06577657386886768,0.06577657386886768,0.5,False,False,False,fiscally_ordinary,not_feasible,not_feasible
pilot_per_tierA_baseline_pilot_v3,PER,UBI,stress,r1,2034,0.014999999999999902,0.4718709379579163,0.0730781793357238,0.0833468705606005,0.0833468705606005,0.006090837553898922,0.005104771051435869,0.21357916040600902,0.21357916040600902,0.02390107275322095,0.02390107275322095,0.0,False,False,False,fiscally_ordinary,not_feasible,stress_benchmark_only
pilot_per_tierA_baseline_pilot_v3,PER,UBI,stress,r1,2034,0.014999999999999902,0.4718709379579163,0.0730781793357238,0.0833468705606005,0.0833468705606005,0.006090837553898922,0.005104771051435869,0.21357916040600902,0.21357916040600902,0.02390107275322095,0.02390107275322095,0.05,False,False,False,fiscally_ordinary,not_feasible,stress_benchmark_only
pilot_per_tierA_baseline_pilot_v3,PER,UBI,stress,r1,2034,0.014999999999999902,0.4718709379579163,0.0730781793357238,0.0833468705606005,0.0833468705606005,0.006090837553898922,0.005104771051435869,0.21357916040600902,0.21357916040600902,0.02390107275322095,0.02390107275322095,0.1,False,False,False,fiscally_ordinary,not_feasible,stress_benchmark_only
pilot_per_tierA_baseline_pilot_v3,PER,UBI,stress,r1,2034,0.014999999999999902,0.4718709379579163,0.0730781793357238,0.0833468705606005,0.0833468705606005,0.006090837553898922,0.005104771051435869,0.21357916040600902,0.21357916040600902,0.02390107275322095,0.02390107275322095,0.25,False,False,False,fiscally_ordinary,not_feasible,stress_benchmark_only
pilot_per_tierA_baseline_pilot_v3,PER,UBI,stress,r1,2034,0.014999999999999902,0.4718709379579163,0.0730781793357238,0.0833468705606005,0.0833468705606005,0.006090837553898922,0.005104771051435869,0.21357916040600902,0.21357916040600902,0.02390107275322095,0.02390107275322095,0.5,False,False,False,fiscally_ordinary,not_feasible,stress_benchmark_only
pilot_per_tierA_baseline_pilot_v3,PER,PEN,stress,r2,2034,0.014999999999999902,0.4718709379579163,0.0730781793357238,0.08721748596223203,0.08721748596223203,0.0063736950803589655,0.005365606410408227,0.005573845262039806,0.005573845262039806,0.9626400013201349,0.9626400013201349,0.0,False,False,False,fiscally_ordinary,not_feasible,fragile_feasibility
pilot_per_tierA_baseline_pilot_v3,PER,PEN,stress,r2,2034,0.014999999999999902,0.4718709379579163,0.0730781793357238,0.08721748596223203,0.08721748596223203,0.0063736950803589655,0.005365606410408227,0.005573845262039806,0.005573845262039806,0.9626400013201349,0.9626400013201349,0.05,False,False,False,fiscally_ordinary,not_feasible,fragile_feasibility
pilot_per_tierA_baseline_pilot_v3,PER,PEN,stress,r2,2034,0.014999999999999902,0.4718709379579163,0.0730781793357238,0.08721748596223203,0.08721748596223203,0.0063736950803589655,0.005365606410408227,0.005573845262039806,0.005573845262039806,0.9626400013201349,0.9626400013201349,0.1,False,False,False,fiscally_ordinary,not_feasible,fragile_feasibility
pilot_per_tierA_baseline_pilot_v3,PER,PEN,stress,r2,2034,0.014999999999999902,0.4718709379579163,0.0730781793357238,0.08721748596223203,0.08721748596223203,0.0063736950803589655,0.005365606410408227,0.005573845262039806,0.005573845262039806,0.9626400013201349,0.9626400013201349,0.25,False,False,False,fiscally_ordinary,not_feasible,fragile_feasibility
pilot_per_tierA_baseline_pilot_v3,PER,PEN,stress,r2,2034,0.014999999999999902,0.4718709379579163,0.0730781793357238,0.08721748596223203,0.08721748596223203,0.0063736950803589655,0.005365606410408227,0.005573845262039806,0.005573845262039806,0.9626400013201349,0.9626400013201349,0.5,False,False,False,fiscally_ordinary,not_feasible,fragile_feasibility
pilot_per_tierA_baseline_pilot_v3,PER,GMI,stress,r2,2034,0.014999999999999902,0.4718709379579163,0.0730781793357238,0.08721748596223203,0.08721748596223203,0.0063736950803589655,0.0027666343537097703,0.04180812064947627,0.04180812064947627,0.066174568737627,0.066174568737627,0.0,False,False,False,fiscally_ordinary,not_feasible,not_feasible
pilot_per_tierA_baseline_pilot_v3,PER,GMI,stress,r2,2034,0.014999999999999902,0.4718709379579163,0.0730781793357238,0.08721748596223203,0.08721748596223203,0.0063736950803589655,0.0027666343537097703,0.04180812064947627,0.04180812064947627,0.066174568737627,0.066174568737627,0.05,False,False,False,fiscally_ordinary,not_feasible,not_feasible
pilot_per_tierA_baseline_pilot_v3,PER,GMI,stress,r2,2034,0.014999999999999902,0.4718709379579163,0.0730781793357238,0.08721748596223203,0.08721748596223203,0.0063736950803589655,0.0027666343537097703,0.04180812064947627,0.04180812064947627,0.066174568737627,0.066174568737627,0.1,False,False,False,fiscally_ordinary,not_feasible,not_feasible
pilot_per_tierA_baseline_pilot_v3,PER,GMI,stress,r2,2034,0.014999999999999902,0.4718709379579163,0.0730781793357238,0.08721748596223203,0.08721748596223203,0.0063736950803589655,0.0027666343537097703,0.04180812064947627,0.04180812064947627,0.066174568737627,0.066174568737627,0.25,False,False,False,fiscally_ordinary,not_feasible,not_feasible
pilot_per_tierA_baseline_pilot_v3,PER,GMI,stress,r2,2034,0.014999999999999902,0.4718709379579163,0.0730781793357238,0.08721748596223203,0.08721748596223203,0.0063736950803589655,0.0027666343537097703,0.04180812064947627,0.04180812064947627,0.066174568737627,0.066174568737627,0.5,False,False,False,fiscally_ordinary,not_feasible,not_feasible
pilot_per_tierA_baseline_pilot_v3,PER,MUT,stress,r2,2034,0.014999999999999902,0.4718709379579163,0.0730781793357238,0.08721748596223203,0.08721748596223203,0.0063736950803589655,0.005424889661639754,0.053394790101502256,0.053394790101502256,0.10159960646585865,0.10159960646585865,0.0,False,False,False,fiscally_ordinary,not_feasible,not_feasible
pilot_per_tierA_baseline_pilot_v3,PER,MUT,stress,r2,2034,0.014999999999999902,0.4718709379579163,0.0730781793357238,0.08721748596223203,0.08721748596223203,0.0063736950803589655,0.005424889661639754,0.053394790101502256,0.053394790101502256,0.10159960646585865,0.10159960646585865,0.05,False,False,False,fiscally_ordinary,not_feasible,not_feasible
pilot_per_tierA_baseline_pilot_v3,PER,MUT,stress,r2,2034,0.014999999999999902,0.4718709379579163,0.0730781793357238,0.08721748596223203,0.08721748596223203,0.0063736950803589655,0.005424889661639754,0.053394790101502256,0.053394790101502256,0.10159960646585865,0.10159960646585865,0.1,False,False,False,fiscally_ordinary,not_feasible,not_feasible
pilot_per_tierA_baseline_pilot_v3,PER,MUT,stress,r2,2034,0.014999999999999902,0.4718709379579163,0.0730781793357238,0.08721748596223203,0.08721748596223203,0.0063736950803589655,0.005424889661639754,0.053394790101502256,0.053394790101502256,0.10159960646585865,0.10159960646585865,0.25,False,False,False,fiscally_ordinary,not_feasible,not_feasible
pilot_per_tierA_baseline_pilot_v3,PER,MUT,stress,r2,2034,0.014999999999999902,0.4718709379579163,0.0730781793357238,0.08721748596223203,0.08721748596223203,0.0063736950803589655,0.005424889661639754,0.053394790101502256,0.053394790101502256,0.10159960646585865,0.10159960646585865,0.5,False,False,False,fiscally_ordinary,not_feasible,not_feasible
pilot_per_tierA_baseline_pilot_v3,PER,PBI,stress,r2,2034,0.014999999999999902,0.4718709379579163,0.0730781793357238,0.08721748596223203,0.08721748596223203,0.0063736950803589655,0.005524889661639754,0.0796945147314945,0.0796945147314945,0.06932584607929573,0.06932584607929573,0.0,False,False,False,fiscally_ordinary,not_feasible,not_feasible
pilot_per_tierA_baseline_pilot_v3,PER,PBI,stress,r2,2034,0.014999999999999902,0.4718709379579163,0.0730781793357238,0.08721748596223203,0.08721748596223203,0.0063736950803589655,0.005524889661639754,0.0796945147314945,0.0796945147314945,0.06932584607929573,0.06932584607929573,0.05,False,False,False,fiscally_ordinary,not_feasible,not_feasible
pilot_per_tierA_baseline_pilot_v3,PER,PBI,stress,r2,2034,0.014999999999999902,0.4718709379579163,0.0730781793357238,0.08721748596223203,0.08721748596223203,0.0063736950803589655,0.005524889661639754,0.0796945147314945,0.0796945147314945,0.06932584607929573,0.06932584607929573,0.1,False,False,False,fiscally_ordinary,not_feasible,not_feasible
pilot_per_tierA_baseline_pilot_v3,PER,PBI,stress,r2,2034,0.014999999999999902,0.4718709379579163,0.0730781793357238,0.08721748596223203,0.08721748596223203,0.0063736950803589655,0.005524889661639754,0.0796945147314945,0.0796945147314945,0.06932584607929573,0.06932584607929573,0.25,False,False,False,fiscally_ordinary,not_feasible,not_feasible
pilot_per_tierA_baseline_pilot_v3,PER,PBI,stress,r2,2034,0.014999999999999902,0.4718709379579163,0.0730781793357238,0.08721748596223203,0.08721748596223203,0.0063736950803589655,0.005524889661639754,0.0796945147314945,0.0796945147314945,0.06932584607929573,0.06932584607929573,0.5,False,False,False,fiscally_ordinary,not_feasible,not_feasible
pilot_per_tierA_baseline_pilot_v3,PER,UBI,stress,r2,2034,0.014999999999999902,0.4718709379579163,0.0730781793357238,0.08721748596223203,0.08721748596223203,0.0063736950803589655,0.005387628577895912,0.21357916040600902,0.21357916040600902,0.025225441319528343,0.025225441319528343,0.0,False,False,False,fiscally_ordinary,not_feasible,stress_benchmark_only
pilot_per_tierA_baseline_pilot_v3,PER,UBI,stress,r2,2034,0.014999999999999902,0.4718709379579163,0.0730781793357238,0.08721748596223203,0.08721748596223203,0.0063736950803589655,0.005387628577895912,0.21357916040600902,0.21357916040600902,0.025225441319528343,0.025225441319528343,0.05,False,False,False,fiscally_ordinary,not_feasible,stress_benchmark_only
pilot_per_tierA_baseline_pilot_v3,PER,UBI,stress,r2,2034,0.014999999999999902,0.4718709379579163,0.0730781793357238,0.08721748596223203,0.08721748596223203,0.0063736950803589655,0.005387628577895912,0.21357916040600902,0.21357916040600902,0.025225441319528343,0.025225441319528343,0.1,False,False,False,fiscally_ordinary,not_feasible,stress_benchmark_only
pilot_per_tierA_baseline_pilot_v3,PER,UBI,stress,r2,2034,0.014999999999999902,0.4718709379579163,0.0730781793357238,0.08721748596223203,0.08721748596223203,0.0063736950803589655,0.005387628577895912,0.21357916040600902,0.21357916040600902,0.025225441319528343,0.025225441319528343,0.25,False,False,False,fiscally_ordinary,not_feasible,stress_benchmark_only
pilot_per_tierA_baseline_pilot_v3,PER,UBI,stress,r2,2034,0.014999999999999902,0.4718709379579163,0.0730781793357238,0.08721748596223203,0.08721748596223203,0.0063736950803589655,0.005387628577895912,0.21357916040600902,0.21357916040600902,0.025225441319528343,0.025225441319528343,0.5,False,False,False,fiscally_ordinary,not_feasible,stress_benchmark_only
pilot_per_tierA_baseline_pilot_v3,PER,PEN,stress,r3,2034,0.014999999999999902,0.4718709379579163,0.0730781793357238,0.08096088486429627,0.08096088486429627,0.0059164740632919295,0.004896385393341191,0.005573845262039806,0.005573845262039806,0.8784573598925688,0.8784573598925688,0.0,False,False,False,fiscally_ordinary,not_feasible,fragile_feasibility
pilot_per_tierA_baseline_pilot_v3,PER,PEN,stress,r3,2034,0.014999999999999902,0.4718709379579163,0.0730781793357238,0.08096088486429627,0.08096088486429627,0.0059164740632919295,0.004896385393341191,0.005573845262039806,0.005573845262039806,0.8784573598925688,0.8784573598925688,0.05,False,False,False,fiscally_ordinary,not_feasible,fragile_feasibility
pilot_per_tierA_baseline_pilot_v3,PER,PEN,stress,r3,2034,0.014999999999999902,0.4718709379579163,0.0730781793357238,0.08096088486429627,0.08096088486429627,0.0059164740632919295,0.004896385393341191,0.005573845262039806,0.005573845262039806,0.8784573598925688,0.8784573598925688,0.1,False,False,False,fiscally_ordinary,not_feasible,fragile_feasibility
pilot_per_tierA_baseline_pilot_v3,PER,PEN,stress,r3,2034,0.014999999999999902,0.4718709379579163,0.0730781793357238,0.08096088486429627,0.08096088486429627,0.0059164740632919295,0.004896385393341191,0.005573845262039806,0.005573845262039806,0.8784573598925688,0.8784573598925688,0.25,False,False,False,fiscally_ordinary,not_feasible,fragile_feasibility
pilot_per_tierA_baseline_pilot_v3,PER,PEN,stress,r3,2034,0.014999999999999902,0.4718709379579163,0.0730781793357238,0.08096088486429627,0.08096088486429627,0.0059164740632919295,0.004896385393341191,0.005573845262039806,0.005573845262039806,0.8784573598925688,0.8784573598925688,0.5,False,False,False,fiscally_ordinary,not_feasible,fragile_feasibility
pilot_per_tierA_baseline_pilot_v3,PER,GMI,stress,r3,2034,0.014999999999999902,0.4718709379579163,0.0730781793357238,0.08096088486429627,0.08096088486429627,0.0059164740632919295,0.002279413336642734,0.04180812064947627,0.04180812064947627,0.054520827562510595,0.054520827562510595,0.0,False,False,False,fiscally_ordinary,not_feasible,not_feasible
pilot_per_tierA_baseline_pilot_v3,PER,GMI,stress,r3,2034,0.014999999999999902,0.4718709379579163,0.0730781793357238,0.08096088486429627,0.08096088486429627,0.0059164740632919295,0.002279413336642734,0.04180812064947627,0.04180812064947627,0.054520827562510595,0.054520827562510595,0.05,False,False,False,fiscally_ordinary,not_feasible,not_feasible
pilot_per_tierA_baseline_pilot_v3,PER,GMI,stress,r3,2034,0.014999999999999902,0.4718709379579163,0.0730781793357238,0.08096088486429627,0.08096088486429627,0.0059164740632919295,0.002279413336642734,0.04180812064947627,0.04180812064947627,0.054520827562510595,0.054520827562510595,0.1,False,False,False,fiscally_ordinary,not_feasible,not_feasible
pilot_per_tierA_baseline_pilot_v3,PER,GMI,stress,r3,2034,0.014999999999999902,0.4718709379579163,0.0730781793357238,0.08096088486429627,0.08096088486429627,0.0059164740632919295,0.002279413336642734,0.04180812064947627,0.04180812064947627,0.054520827562510595,0.054520827562510595,0.25,False,False,False,fiscally_ordinary,not_feasible,not_feasible
pilot_per_tierA_baseline_pilot_v3,PER,GMI,stress,r3,2034,0.014999999999999902,0.4718709379579163,0.0730781793357238,0.08096088486429627,0.08096088486429627,0.0059164740632919295,0.002279413336642734,0.04180812064947627,0.04180812064947627,0.054520827562510595,0.054520827562510595,0.5,False,False,False,fiscally_ordinary,not_feasible,not_feasible
pilot_per_tierA_baseline_pilot_v3,PER,MUT,stress,r3,2034,0.014999999999999902,0.4718709379579163,0.0730781793357238,0.08096088486429627,0.08096088486429627,0.0059164740632919295,0.004960168644572718,0.053394790101502256,0.053394790101502256,0.09289611655263655,0.09289611655263655,0.0,False,False,False,fiscally_ordinary,not_feasible,not_feasible
pilot_per_tierA_baseline_pilot_v3,PER,MUT,stress,r3,2034,0.014999999999999902,0.4718709379579163,0.0730781793357238,0.08096088486429627,0.08096088486429627,0.0059164740632919295,0.004960168644572718,0.053394790101502256,0.053394790101502256,0.09289611655263655,0.09289611655263655,0.05,False,False,False,fiscally_ordinary,not_feasible,not_feasible
pilot_per_tierA_baseline_pilot_v3,PER,MUT,stress,r3,2034,0.014999999999999902,0.4718709379579163,0.0730781793357238,0.08096088486429627,0.08096088486429627,0.0059164740632919295,0.004960168644572718,0.053394790101502256,0.053394790101502256,0.09289611655263655,0.09289611655263655,0.1,False,False,False,fiscally_ordinary,not_feasible,not_feasible
pilot_per_tierA_baseline_pilot_v3,PER,MUT,stress,r3,2034,0.014999999999999902,0.4718709379579163,0.0730781793357238,0.08096088486429627,0.08096088486429627,0.0059164740632919295,0.004960168644572718,0.053394790101502256,0.053394790101502256,0.09289611655263655,0.09289611655263655,0.25,False,False,False,fiscally_ordinary,not_feasible,not_feasible
pilot_per_tierA_baseline_pilot_v3,PER,MUT,stress,r3,2034,0.014999999999999902,0.4718709379579163,0.0730781793357238,0.08096088486429627,0.08096088486429627,0.0059164740632919295,0.004960168644572718,0.053394790101502256,0.053394790101502256,0.09289611655263655,0.09289611655263655,0.5,False,False,False,fiscally_ordinary,not_feasible,not_feasible
pilot_per_tierA_baseline_pilot_v3,PER,PBI,stress,r3,2034,0.014999999999999902,0.4718709379579163,0.0730781793357238,0.08096088486429627,0.08096088486429627,0.0059164740632919295,0.005060168644572718,0.0796945147314945,0.0796945147314945,0.0634945662398643,0.0634945662398643,0.0,False,False,False,fiscally_ordinary,not_feasible,not_feasible
pilot_per_tierA_baseline_pilot_v3,PER,PBI,stress,r3,2034,0.014999999999999902,0.4718709379579163,0.0730781793357238,0.08096088486429627,0.08096088486429627,0.0059164740632919295,0.005060168644572718,0.0796945147314945,0.0796945147314945,0.0634945662398643,0.0634945662398643,0.05,False,False,False,fiscally_ordinary,not_feasible,not_feasible
pilot_per_tierA_baseline_pilot_v3,PER,PBI,stress,r3,2034,0.014999999999999902,0.4718709379579163,0.0730781793357238,0.08096088486429627,0.08096088486429627,0.0059164740632919295,0.005060168644572718,0.0796945147314945,0.0796945147314945,0.0634945662398643,0.0634945662398643,0.1,False,False,False,fiscally_ordinary,not_feasible,not_feasible
pilot_per_tierA_baseline_pilot_v3,PER,PBI,stress,r3,2034,0.014999999999999902,0.4718709379579163,0.0730781793357238,0.08096088486429627,0.08096088486429627,0.0059164740632919295,0.005060168644572718,0.0796945147314945,0.0796945147314945,0.0634945662398643,0.0634945662398643,0.25,False,False,False,fiscally_ordinary,not_feasible,not_feasible
pilot_per_tierA_baseline_pilot_v3,PER,PBI,stress,r3,2034,0.014999999999999902,0.4718709379579163,0.0730781793357238,0.08096088486429627,0.08096088486429627,0.0059164740632919295,0.005060168644572718,0.0796945147314945,0.0796945147314945,0.0634945662398643,0.0634945662398643,0.5,False,False,False,fiscally_ordinary,not_feasible,not_feasible
pilot_per_tierA_baseline_pilot_v3,PER,UBI,stress,r3,2034,0.014999999999999902,0.4718709379579163,0.0730781793357238,0.08096088486429627,0.08096088486429627,0.0059164740632919295,0.004925907560828876,0.21357916040600902,0.21357916040600902,0.02306361515545262,0.02306361515545262,0.0,False,False,False,fiscally_ordinary,not_feasible,stress_benchmark_only
pilot_per_tierA_baseline_pilot_v3,PER,UBI,stress,r3,2034,0.014999999999999902,0.4718709379579163,0.0730781793357238,0.08096088486429627,0.08096088486429627,0.0059164740632919295,0.004925907560828876,0.21357916040600902,0.21357916040600902,0.02306361515545262,0.02306361515545262,0.05,False,False,False,fiscally_ordinary,not_feasible,stress_benchmark_only
pilot_per_tierA_baseline_pilot_v3,PER,UBI,stress,r3,2034,0.014999999999999902,0.4718709379579163,0.0730781793357238,0.08096088486429627,0.08096088486429627,0.0059164740632919295,0.004925907560828876,0.21357916040600902,0.21357916040600902,0.02306361515545262,0.02306361515545262,0.1,False,False,False,fiscally_ordinary,not_feasible,stress_benchmark_only
pilot_per_tierA_baseline_pilot_v3,PER,UBI,stress,r3,2034,0.014999999999999902,0.4718709379579163,0.0730781793357238,0.08096088486429627,0.08096088486429627,0.0059164740632919295,0.004925907560828876,0.21357916040600902,0.21357916040600902,0.02306361515545262,0.02306361515545262,0.25,False,False,False,fiscally_ordinary,not_feasible,stress_benchmark_only
pilot_per_tierA_baseline_pilot_v3,PER,UBI,stress,r3,2034,0.014999999999999902,0.4718709379579163,0.0730781793357238,0.08096088486429627,0.08096088486429627,0.0059164740632919295,0.004925907560828876,0.21357916040600902,0.21357916040600902,0.02306361515545262,0.02306361515545262,0.5,False,False,False,fiscally_ordinary,not_feasible,stress_benchmark_only
pilot_per_tierA_baseline_pilot_v3,PER,PEN,stress,r4,2034,0.014999999999999902,0.4718709379579163,0.0730781793357238,0.10265691852957193,0.10265691852957193,0.0075019807023568455,0.006513892032406107,0.005573845262039806,0.005573845262039806,1.1686531875523005,1.1686531875523005,0.0,True,True,False,fiscally_ordinary,accounting_feasible_debt_failed,fragile_feasibility
pilot_per_tierA_baseline_pilot_v3,PER,PEN,stress,r4,2034,0.014999999999999902,0.4718709379579163,0.0730781793357238,0.10265691852957193,0.10265691852957193,0.0075019807023568455,0.006513892032406107,0.005573845262039806,0.005573845262039806,1.1686531875523005,1.1686531875523005,0.05,True,True,False,fiscally_ordinary,accounting_feasible_debt_failed,fragile_feasibility
pilot_per_tierA_baseline_pilot_v3,PER,PEN,stress,r4,2034,0.014999999999999902,0.4718709379579163,0.0730781793357238,0.10265691852957193,0.10265691852957193,0.0075019807023568455,0.006513892032406107,0.005573845262039806,0.005573845262039806,1.1686531875523005,1.1686531875523005,0.1,True,True,False,fiscally_ordinary,accounting_feasible_debt_failed,fragile_feasibility
pilot_per_tierA_baseline_pilot_v3,PER,PEN,stress,r4,2034,0.014999999999999902,0.4718709379579163,0.0730781793357238,0.10265691852957193,0.10265691852957193,0.0075019807023568455,0.006513892032406107,0.005573845262039806,0.005573845262039806,1.1686531875523005,1.1686531875523005,0.25,True,False,False,fiscally_ordinary,accounting_feasible_debt_failed,fragile_feasibility
pilot_per_tierA_baseline_pilot_v3,PER,PEN,stress,r4,2034,0.014999999999999902,0.4718709379579163,0.0730781793357238,0.10265691852957193,0.10265691852957193,0.0075019807023568455,0.006513892032406107,0.005573845262039806,0.005573845262039806,1.1686531875523005,1.1686531875523005,0.5,True,False,False,fiscally_ordinary,accounting_feasible_debt_failed,fragile_feasibility
pilot_per_tierA_baseline_pilot_v3,PER,GMI,stress,r4,2034,0.014999999999999902,0.4718709379579163,0.0730781793357238,0.10265691852957193,0.10265691852957193,0.0075019807023568455,0.00394491997570765,0.04180812064947627,0.04180812064947627,0.09435774472577418,0.09435774472577418,0.0,False,False,False,fiscally_ordinary,not_feasible,not_feasible
pilot_per_tierA_baseline_pilot_v3,PER,GMI,stress,r4,2034,0.014999999999999902,0.4718709379579163,0.0730781793357238,0.10265691852957193,0.10265691852957193,0.0075019807023568455,0.00394491997570765,0.04180812064947627,0.04180812064947627,0.09435774472577418,0.09435774472577418,0.05,False,False,False,fiscally_ordinary,not_feasible,not_feasible
pilot_per_tierA_baseline_pilot_v3,PER,GMI,stress,r4,2034,0.014999999999999902,0.4718709379579163,0.0730781793357238,0.10265691852957193,0.10265691852957193,0.0075019807023568455,0.00394491997570765,0.04180812064947627,0.04180812064947627,0.09435774472577418,0.09435774472577418,0.1,False,False,False,fiscally_ordinary,not_feasible,not_feasible
pilot_per_tierA_baseline_pilot_v3,PER,GMI,stress,r4,2034,0.014999999999999902,0.4718709379579163,0.0730781793357238,0.10265691852957193,0.10265691852957193,0.0075019807023568455,0.00394491997570765,0.04180812064947627,0.04180812064947627,0.09435774472577418,0.09435774472577418,0.25,False,False,False,fiscally_ordinary,not_feasible,not_feasible
pilot_per_tierA_baseline_pilot_v3,PER,GMI,stress,r4,2034,0.014999999999999902,0.4718709379579163,0.0730781793357238,0.10265691852957193,0.10265691852957193,0.0075019807023568455,0.00394491997570765,0.04180812064947627,0.04180812064947627,0.09435774472577418,0.09435774472577418,0.5,False,False,False,fiscally_ordinary,not_feasible,not_feasible
pilot_per_tierA_baseline_pilot_v3,PER,MUT,stress,r4,2034,0.014999999999999902,0.4718709379579163,0.0730781793357238,0.10265691852957193,0.10265691852957193,0.0075019807023568455,0.006565675283637634,0.053394790101502256,0.053394790101502256,0.12296471755308783,0.12296471755308783,0.0,False,False,False,fiscally_ordinary,not_feasible,not_feasible
pilot_per_tierA_baseline_pilot_v3,PER,MUT,stress,r4,2034,0.014999999999999902,0.4718709379579163,0.0730781793357238,0.10265691852957193,0.10265691852957193,0.0075019807023568455,0.006565675283637634,0.053394790101502256,0.053394790101502256,0.12296471755308783,0.12296471755308783,0.05,False,False,False,fiscally_ordinary,not_feasible,not_feasible
pilot_per_tierA_baseline_pilot_v3,PER,MUT,stress,r4,2034,0.014999999999999902,0.4718709379579163,0.0730781793357238,0.10265691852957193,0.10265691852957193,0.0075019807023568455,0.006565675283637634,0.053394790101502256,0.053394790101502256,0.12296471755308783,0.12296471755308783,0.1,False,False,False,fiscally_ordinary,not_feasible,not_feasible
pilot_per_tierA_baseline_pilot_v3,PER,MUT,stress,r4,2034,0.014999999999999902,0.4718709379579163,0.0730781793357238,0.10265691852957193,0.10265691852957193,0.0075019807023568455,0.006565675283637634,0.053394790101502256,0.053394790101502256,0.12296471755308783,0.12296471755308783,0.25,False,False,False,fiscally_ordinary,not_feasible,not_feasible
pilot_per_tierA_baseline_pilot_v3,PER,MUT,stress,r4,2034,0.014999999999999902,0.4718709379579163,0.0730781793357238,0.10265691852957193,0.10265691852957193,0.0075019807023568455,0.006565675283637634,0.053394790101502256,0.053394790101502256,0.12296471755308783,0.12296471755308783,0.5,False,False,False,fiscally_ordinary,not_feasible,not_feasible
pilot_per_tierA_baseline_pilot_v3,PER,PBI,stress,r4,2034,0.014999999999999902,0.4718709379579163,0.0730781793357238,0.10265691852957193,0.10265691852957193,0.0075019807023568455,0.0066656752836376345,0.0796945147314945,0.0796945147314945,0.08364032714290968,0.08364032714290968,0.0,False,False,False,fiscally_ordinary,not_feasible,not_feasible
pilot_per_tierA_baseline_pilot_v3,PER,PBI,stress,r4,2034,0.014999999999999902,0.4718709379579163,0.0730781793357238,0.10265691852957193,0.10265691852957193,0.0075019807023568455,0.0066656752836376345,0.0796945147314945,0.0796945147314945,0.08364032714290968,0.08364032714290968,0.05,False,False,False,fiscally_ordinary,not_feasible,not_feasible
pilot_per_tierA_baseline_pilot_v3,PER,PBI,stress,r4,2034,0.014999999999999902,0.4718709379579163,0.0730781793357238,0.10265691852957193,0.10265691852957193,0.0075019807023568455,0.0066656752836376345,0.0796945147314945,0.0796945147314945,0.08364032714290968,0.08364032714290968,0.1,False,False,False,fiscally_ordinary,not_feasible,not_feasible
pilot_per_tierA_baseline_pilot_v3,PER,PBI,stress,r4,2034,0.014999999999999902,0.4718709379579163,0.0730781793357238,0.10265691852957193,0.10265691852957193,0.0075019807023568455,0.0066656752836376345,0.0796945147314945,0.0796945147314945,0.08364032714290968,0.08364032714290968,0.25,False,False,False,fiscally_ordinary,not_feasible,not_feasible
pilot_per_tierA_baseline_pilot_v3,PER,PBI,stress,r4,2034,0.014999999999999902,0.4718709379579163,0.0730781793357238,0.10265691852957193,0.10265691852957193,0.0075019807023568455,0.0066656752836376345,0.0796945147314945,0.0796945147314945,0.08364032714290968,0.08364032714290968,0.5,False,False,False,fiscally_ordinary,not_feasible,not_feasible
pilot_per_tierA_baseline_pilot_v3,PER,UBI,stress,r4,2034,0.014999999999999902,0.4718709379579163,0.0730781793357238,0.10265691852957193,0.10265691852957193,0.0075019807023568455,0.006523414199893792,0.21357916040600902,0.21357916040600902,0.030543308567619297,0.030543308567619297,0.0,False,False,False,fiscally_ordinary,not_feasible,stress_benchmark_only
pilot_per_tierA_baseline_pilot_v3,PER,UBI,stress,r4,2034,0.014999999999999902,0.4718709379579163,0.0730781793357238,0.10265691852957193,0.10265691852957193,0.0075019807023568455,0.006523414199893792,0.21357916040600902,0.21357916040600902,0.030543308567619297,0.030543308567619297,0.05,False,False,False,fiscally_ordinary,not_feasible,stress_benchmark_only
pilot_per_tierA_baseline_pilot_v3,PER,UBI,stress,r4,2034,0.014999999999999902,0.4718709379579163,0.0730781793357238,0.10265691852957193,0.10265691852957193,0.0075019807023568455,0.006523414199893792,0.21357916040600902,0.21357916040600902,0.030543308567619297,0.030543308567619297,0.1,False,False,False,fiscally_ordinary,not_feasible,stress_benchmark_only
pilot_per_tierA_baseline_pilot_v3,PER,UBI,stress,r4,2034,0.014999999999999902,0.4718709379579163,0.0730781793357238,0.10265691852957193,0.10265691852957193,0.0075019807023568455,0.006523414199893792,0.21357916040600902,0.21357916040600902,0.030543308567619297,0.030543308567619297,0.25,False,False,False,fiscally_ordinary,not_feasible,stress_benchmark_only
pilot_per_tierA_baseline_pilot_v3,PER,UBI,stress,r4,2034,0.014999999999999902,0.4718709379579163,0.0730781793357238,0.10265691852957193,0.10265691852957193,0.0075019807023568455,0.006523414199893792,0.21357916040600902,0.21357916040600902,0.030543308567619297,0.030543308567619297,0.5,False,False,False,fiscally_ordinary,not_feasible,stress_benchmark_only
