run_id,country_id,policy_id,scenario_id,regime_id,endpoint_year,phi_y_nominal,translation_factor,g_ai_level,mfc_gross,mfc_tilde_gross,fs_gross,fs_eff,cost_gross_gdp,cost_net_gdp,v_gross,v_net,xi,crosses_v1,crosses_buffer,debt_guardrail_pass,historical_plausibility_class,cell_result_class,country_policy_result_class
pilot_per_tierA_baseline_pilot_v2,PER,PEN,low,r0,2034,0.0004999999999999449,0.08021805984449866,0.0004011627000086726,0.1644724554277886,0.1644724554277886,6.598021429646774e-05,-0.0009621084556542712,0.005573845262039806,0.005573845262039806,-0.17261126034599994,-0.17261126034599994,0.0,False,False,False,fiscally_ordinary,not_feasible,not_feasible
pilot_per_tierA_baseline_pilot_v2,PER,PEN,low,r0,2034,0.0004999999999999449,0.08021805984449866,0.0004011627000086726,0.1644724554277886,0.1644724554277886,6.598021429646774e-05,-0.0009621084556542712,0.005573845262039806,0.005573845262039806,-0.17261126034599994,-0.17261126034599994,0.05,False,False,False,fiscally_ordinary,not_feasible,not_feasible
pilot_per_tierA_baseline_pilot_v2,PER,PEN,low,r0,2034,0.0004999999999999449,0.08021805984449866,0.0004011627000086726,0.1644724554277886,0.1644724554277886,6.598021429646774e-05,-0.0009621084556542712,0.005573845262039806,0.005573845262039806,-0.17261126034599994,-0.17261126034599994,0.1,False,False,False,fiscally_ordinary,not_feasible,not_feasible
pilot_per_tierA_baseline_pilot_v2,PER,PEN,low,r0,2034,0.0004999999999999449,0.08021805984449866,0.0004011627000086726,0.1644724554277886,0.1644724554277886,6.598021429646774e-05,-0.0009621084556542712,0.005573845262039806,0.005573845262039806,-0.17261126034599994,-0.17261126034599994,0.25,False,False,False,fiscally_ordinary,not_feasible,not_feasible
pilot_per_tierA_baseline_pilot_v2,PER,PEN,low,r0,2034,0.0004999999999999449,0.08021805984449866,0.0004011627000086726,0.1644724554277886,0.1644724554277886,6.598021429646774e-05,-0.0009621084556542712,0.005573845262039806,0.005573845262039806,-0.17261126034599994,-0.17261126034599994,0.5,False,False,False,fiscally_ordinary,not_feasible,not_feasible
pilot_per_tierA_baseline_pilot_v2,PER,GMI,low,r0,2034,0.0004999999999999449,0.08021805984449866,0.0004011627000086726,0.1644724554277886,0.1644724554277886,6.598021429646774e-05,-0.0035910805123527275,0.04180812064947627,0.04180812064947627,-0.0858943300145139,-0.0858943300145139,0.0,False,False,False,fiscally_ordinary,not_feasible,not_feasible
pilot_per_tierA_baseline_pilot_v2,PER,GMI,low,r0,2034,0.0004999999999999449,0.08021805984449866,0.0004011627000086726,0.1644724554277886,0.1644724554277886,6.598021429646774e-05,-0.0035910805123527275,0.04180812064947627,0.04180812064947627,-0.0858943300145139,-0.0858943300145139,0.05,False,False,False,fiscally_ordinary,not_feasible,not_feasible
pilot_per_tierA_baseline_pilot_v2,PER,GMI,low,r0,2034,0.0004999999999999449,0.08021805984449866,0.0004011627000086726,0.1644724554277886,0.1644724554277886,6.598021429646774e-05,-0.0035910805123527275,0.04180812064947627,0.04180812064947627,-0.0858943300145139,-0.0858943300145139,0.1,False,False,False,fiscally_ordinary,not_feasible,not_feasible
pilot_per_tierA_baseline_pilot_v2,PER,GMI,low,r0,2034,0.0004999999999999449,0.08021805984449866,0.0004011627000086726,0.1644724554277886,0.1644724554277886,6.598021429646774e-05,-0.0035910805123527275,0.04180812064947627,0.04180812064947627,-0.0858943300145139,-0.0858943300145139,0.25,False,False,False,fiscally_ordinary,not_feasible,not_feasible
pilot_per_tierA_baseline_pilot_v2,PER,GMI,low,r0,2034,0.0004999999999999449,0.08021805984449866,0.0004011627000086726,0.1644724554277886,0.1644724554277886,6.598021429646774e-05,-0.0035910805123527275,0.04180812064947627,0.04180812064947627,-0.0858943300145139,-0.0858943300145139,0.5,False,False,False,fiscally_ordinary,not_feasible,not_feasible
pilot_per_tierA_baseline_pilot_v2,PER,MUT,low,r0,2034,0.0004999999999999449,0.08021805984449866,0.0004011627000086726,0.1644724554277886,0.1644724554277886,6.598021429646774e-05,-0.000895325204422744,0.053394790101502256,0.053394790101502256,-0.016768025545577603,-0.016768025545577603,0.0,False,False,False,fiscally_ordinary,not_feasible,not_feasible
pilot_per_tierA_baseline_pilot_v2,PER,MUT,low,r0,2034,0.0004999999999999449,0.08021805984449866,0.0004011627000086726,0.1644724554277886,0.1644724554277886,6.598021429646774e-05,-0.000895325204422744,0.053394790101502256,0.053394790101502256,-0.016768025545577603,-0.016768025545577603,0.05,False,False,False,fiscally_ordinary,not_feasible,not_feasible
pilot_per_tierA_baseline_pilot_v2,PER,MUT,low,r0,2034,0.0004999999999999449,0.08021805984449866,0.0004011627000086726,0.1644724554277886,0.1644724554277886,6.598021429646774e-05,-0.000895325204422744,0.053394790101502256,0.053394790101502256,-0.016768025545577603,-0.016768025545577603,0.1,False,False,False,fiscally_ordinary,not_feasible,not_feasible
pilot_per_tierA_baseline_pilot_v2,PER,MUT,low,r0,2034,0.0004999999999999449,0.08021805984449866,0.0004011627000086726,0.1644724554277886,0.1644724554277886,6.598021429646774e-05,-0.000895325204422744,0.053394790101502256,0.053394790101502256,-0.016768025545577603,-0.016768025545577603,0.25,False,False,False,fiscally_ordinary,not_feasible,not_feasible
pilot_per_tierA_baseline_pilot_v2,PER,MUT,low,r0,2034,0.0004999999999999449,0.08021805984449866,0.0004011627000086726,0.1644724554277886,0.1644724554277886,6.598021429646774e-05,-0.000895325204422744,0.053394790101502256,0.053394790101502256,-0.016768025545577603,-0.016768025545577603,0.5,False,False,False,fiscally_ordinary,not_feasible,not_feasible
pilot_per_tierA_baseline_pilot_v2,PER,PBI,low,r0,2034,0.0004999999999999449,0.08021805984449866,0.0004011627000086726,0.1644724554277886,0.1644724554277886,6.598021429646774e-05,-0.0007953252044227442,0.0796945147314945,0.0796945147314945,-0.009979673094219111,-0.009979673094219111,0.0,False,False,False,fiscally_ordinary,not_feasible,not_feasible
pilot_per_tierA_baseline_pilot_v2,PER,PBI,low,r0,2034,0.0004999999999999449,0.08021805984449866,0.0004011627000086726,0.1644724554277886,0.1644724554277886,6.598021429646774e-05,-0.0007953252044227442,0.0796945147314945,0.0796945147314945,-0.009979673094219111,-0.009979673094219111,0.05,False,False,False,fiscally_ordinary,not_feasible,not_feasible
pilot_per_tierA_baseline_pilot_v2,PER,PBI,low,r0,2034,0.0004999999999999449,0.08021805984449866,0.0004011627000086726,0.1644724554277886,0.1644724554277886,6.598021429646774e-05,-0.0007953252044227442,0.0796945147314945,0.0796945147314945,-0.009979673094219111,-0.009979673094219111,0.1,False,False,False,fiscally_ordinary,not_feasible,not_feasible
pilot_per_tierA_baseline_pilot_v2,PER,PBI,low,r0,2034,0.0004999999999999449,0.08021805984449866,0.0004011627000086726,0.1644724554277886,0.1644724554277886,6.598021429646774e-05,-0.0007953252044227442,0.0796945147314945,0.0796945147314945,-0.009979673094219111,-0.009979673094219111,0.25,False,False,False,fiscally_ordinary,not_feasible,not_feasible
pilot_per_tierA_baseline_pilot_v2,PER,PBI,low,r0,2034,0.0004999999999999449,0.08021805984449866,0.0004011627000086726,0.1644724554277886,0.1644724554277886,6.598021429646774e-05,-0.0007953252044227442,0.0796945147314945,0.0796945147314945,-0.009979673094219111,-0.009979673094219111,0.5,False,False,False,fiscally_ordinary,not_feasible,not_feasible
pilot_per_tierA_baseline_pilot_v2,PER,UBI,low,r0,2034,0.0004999999999999449,0.08021805984449866,0.0004011627000086726,0.1644724554277886,0.1644724554277886,6.598021429646774e-05,-0.0009275862881665863,0.21357916040600902,0.21357916040600902,-0.004343056159614385,-0.004343056159614385,0.0,False,False,False,fiscally_ordinary,not_feasible,stress_benchmark_only
pilot_per_tierA_baseline_pilot_v2,PER,UBI,low,r0,2034,0.0004999999999999449,0.08021805984449866,0.0004011627000086726,0.1644724554277886,0.1644724554277886,6.598021429646774e-05,-0.0009275862881665863,0.21357916040600902,0.21357916040600902,-0.004343056159614385,-0.004343056159614385,0.05,False,False,False,fiscally_ordinary,not_feasible,stress_benchmark_only
pilot_per_tierA_baseline_pilot_v2,PER,UBI,low,r0,2034,0.0004999999999999449,0.08021805984449866,0.0004011627000086726,0.1644724554277886,0.1644724554277886,6.598021429646774e-05,-0.0009275862881665863,0.21357916040600902,0.21357916040600902,-0.004343056159614385,-0.004343056159614385,0.1,False,False,False,fiscally_ordinary,not_feasible,stress_benchmark_only
pilot_per_tierA_baseline_pilot_v2,PER,UBI,low,r0,2034,0.0004999999999999449,0.08021805984449866,0.0004011627000086726,0.1644724554277886,0.1644724554277886,6.598021429646774e-05,-0.0009275862881665863,0.21357916040600902,0.21357916040600902,-0.004343056159614385,-0.004343056159614385,0.25,False,False,False,fiscally_ordinary,not_feasible,stress_benchmark_only
pilot_per_tierA_baseline_pilot_v2,PER,UBI,low,r0,2034,0.0004999999999999449,0.08021805984449866,0.0004011627000086726,0.1644724554277886,0.1644724554277886,6.598021429646774e-05,-0.0009275862881665863,0.21357916040600902,0.21357916040600902,-0.004343056159614385,-0.004343056159614385,0.5,False,False,False,fiscally_ordinary,not_feasible,stress_benchmark_only
pilot_per_tierA_baseline_pilot_v2,PER,PEN,low,r1,2034,0.0004999999999999449,0.08021805984449866,0.0004011627000086726,0.17165227141504136,0.17165227141504136,6.886048866347949e-05,-0.0009392281812872595,0.005573845262039806,0.005573845262039806,-0.1685063250111718,-0.1685063250111718,0.0,False,False,False,fiscally_ordinary,not_feasible,not_feasible
pilot_per_tierA_baseline_pilot_v2,PER,PEN,low,r1,2034,0.0004999999999999449,0.08021805984449866,0.0004011627000086726,0.17165227141504136,0.17165227141504136,6.886048866347949e-05,-0.0009392281812872595,0.005573845262039806,0.005573845262039806,-0.1685063250111718,-0.1685063250111718,0.05,False,False,False,fiscally_ordinary,not_feasible,not_feasible
pilot_per_tierA_baseline_pilot_v2,PER,PEN,low,r1,2034,0.0004999999999999449,0.08021805984449866,0.0004011627000086726,0.17165227141504136,0.17165227141504136,6.886048866347949e-05,-0.0009392281812872595,0.005573845262039806,0.005573845262039806,-0.1685063250111718,-0.1685063250111718,0.1,False,False,False,fiscally_ordinary,not_feasible,not_feasible
pilot_per_tierA_baseline_pilot_v2,PER,PEN,low,r1,2034,0.0004999999999999449,0.08021805984449866,0.0004011627000086726,0.17165227141504136,0.17165227141504136,6.886048866347949e-05,-0.0009392281812872595,0.005573845262039806,0.005573845262039806,-0.1685063250111718,-0.1685063250111718,0.25,False,False,False,fiscally_ordinary,not_feasible,not_feasible
pilot_per_tierA_baseline_pilot_v2,PER,PEN,low,r1,2034,0.0004999999999999449,0.08021805984449866,0.0004011627000086726,0.17165227141504136,0.17165227141504136,6.886048866347949e-05,-0.0009392281812872595,0.005573845262039806,0.005573845262039806,-0.1685063250111718,-0.1685063250111718,0.5,False,False,False,fiscally_ordinary,not_feasible,not_feasible
pilot_per_tierA_baseline_pilot_v2,PER,GMI,low,r1,2034,0.0004999999999999449,0.08021805984449866,0.0004011627000086726,0.17165227141504136,0.17165227141504136,6.886048866347949e-05,-0.003538200237985716,0.04180812064947627,0.04180812064947627,-0.08462949740435269,-0.08462949740435269,0.0,False,False,False,fiscally_ordinary,not_feasible,not_feasible
pilot_per_tierA_baseline_pilot_v2,PER,GMI,low,r1,2034,0.0004999999999999449,0.08021805984449866,0.0004011627000086726,0.17165227141504136,0.17165227141504136,6.886048866347949e-05,-0.003538200237985716,0.04180812064947627,0.04180812064947627,-0.08462949740435269,-0.08462949740435269,0.05,False,False,False,fiscally_ordinary,not_feasible,not_feasible
pilot_per_tierA_baseline_pilot_v2,PER,GMI,low,r1,2034,0.0004999999999999449,0.08021805984449866,0.0004011627000086726,0.17165227141504136,0.17165227141504136,6.886048866347949e-05,-0.003538200237985716,0.04180812064947627,0.04180812064947627,-0.08462949740435269,-0.08462949740435269,0.1,False,False,False,fiscally_ordinary,not_feasible,not_feasible
pilot_per_tierA_baseline_pilot_v2,PER,GMI,low,r1,2034,0.0004999999999999449,0.08021805984449866,0.0004011627000086726,0.17165227141504136,0.17165227141504136,6.886048866347949e-05,-0.003538200237985716,0.04180812064947627,0.04180812064947627,-0.08462949740435269,-0.08462949740435269,0.25,False,False,False,fiscally_ordinary,not_feasible,not_feasible
pilot_per_tierA_baseline_pilot_v2,PER,GMI,low,r1,2034,0.0004999999999999449,0.08021805984449866,0.0004011627000086726,0.17165227141504136,0.17165227141504136,6.886048866347949e-05,-0.003538200237985716,0.04180812064947627,0.04180812064947627,-0.08462949740435269,-0.08462949740435269,0.5,False,False,False,fiscally_ordinary,not_feasible,not_feasible
pilot_per_tierA_baseline_pilot_v2,PER,MUT,low,r1,2034,0.0004999999999999449,0.08021805984449866,0.0004011627000086726,0.17165227141504136,0.17165227141504136,6.886048866347949e-05,-0.0008799449300557322,0.053394790101502256,0.053394790101502256,-0.016479977323311457,-0.016479977323311457,0.0,False,False,False,fiscally_ordinary,not_feasible,not_feasible
pilot_per_tierA_baseline_pilot_v2,PER,MUT,low,r1,2034,0.0004999999999999449,0.08021805984449866,0.0004011627000086726,0.17165227141504136,0.17165227141504136,6.886048866347949e-05,-0.0008799449300557322,0.053394790101502256,0.053394790101502256,-0.016479977323311457,-0.016479977323311457,0.05,False,False,False,fiscally_ordinary,not_feasible,not_feasible
pilot_per_tierA_baseline_pilot_v2,PER,MUT,low,r1,2034,0.0004999999999999449,0.08021805984449866,0.0004011627000086726,0.17165227141504136,0.17165227141504136,6.886048866347949e-05,-0.0008799449300557322,0.053394790101502256,0.053394790101502256,-0.016479977323311457,-0.016479977323311457,0.1,False,False,False,fiscally_ordinary,not_feasible,not_feasible
pilot_per_tierA_baseline_pilot_v2,PER,MUT,low,r1,2034,0.0004999999999999449,0.08021805984449866,0.0004011627000086726,0.17165227141504136,0.17165227141504136,6.886048866347949e-05,-0.0008799449300557322,0.053394790101502256,0.053394790101502256,-0.016479977323311457,-0.016479977323311457,0.25,False,False,False,fiscally_ordinary,not_feasible,not_feasible
pilot_per_tierA_baseline_pilot_v2,PER,MUT,low,r1,2034,0.0004999999999999449,0.08021805984449866,0.0004011627000086726,0.17165227141504136,0.17165227141504136,6.886048866347949e-05,-0.0008799449300557322,0.053394790101502256,0.053394790101502256,-0.016479977323311457,-0.016479977323311457,0.5,False,False,False,fiscally_ordinary,not_feasible,not_feasible
pilot_per_tierA_baseline_pilot_v2,PER,PBI,low,r1,2034,0.0004999999999999449,0.08021805984449866,0.0004011627000086726,0.17165227141504136,0.17165227141504136,6.886048866347949e-05,-0.0007799449300557324,0.0796945147314945,0.0796945147314945,-0.009786682718170887,-0.009786682718170887,0.0,False,False,False,fiscally_ordinary,not_feasible,not_feasible
pilot_per_tierA_baseline_pilot_v2,PER,PBI,low,r1,2034,0.0004999999999999449,0.08021805984449866,0.0004011627000086726,0.17165227141504136,0.17165227141504136,6.886048866347949e-05,-0.0007799449300557324,0.0796945147314945,0.0796945147314945,-0.009786682718170887,-0.009786682718170887,0.05,False,False,False,fiscally_ordinary,not_feasible,not_feasible
pilot_per_tierA_baseline_pilot_v2,PER,PBI,low,r1,2034,0.0004999999999999449,0.08021805984449866,0.0004011627000086726,0.17165227141504136,0.17165227141504136,6.886048866347949e-05,-0.0007799449300557324,0.0796945147314945,0.0796945147314945,-0.009786682718170887,-0.009786682718170887,0.1,False,False,False,fiscally_ordinary,not_feasible,not_feasible
pilot_per_tierA_baseline_pilot_v2,PER,PBI,low,r1,2034,0.0004999999999999449,0.08021805984449866,0.0004011627000086726,0.17165227141504136,0.17165227141504136,6.886048866347949e-05,-0.0007799449300557324,0.0796945147314945,0.0796945147314945,-0.009786682718170887,-0.009786682718170887,0.25,False,False,False,fiscally_ordinary,not_feasible,not_feasible
pilot_per_tierA_baseline_pilot_v2,PER,PBI,low,r1,2034,0.0004999999999999449,0.08021805984449866,0.0004011627000086726,0.17165227141504136,0.17165227141504136,6.886048866347949e-05,-0.0007799449300557324,0.0796945147314945,0.0796945147314945,-0.009786682718170887,-0.009786682718170887,0.5,False,False,False,fiscally_ordinary,not_feasible,not_feasible
pilot_per_tierA_baseline_pilot_v2,PER,UBI,low,r1,2034,0.0004999999999999449,0.08021805984449866,0.0004011627000086726,0.17165227141504136,0.17165227141504136,6.886048866347949e-05,-0.0009172060137995745,0.21357916040600902,0.21357916040600902,-0.004294454627764184,-0.004294454627764184,0.0,False,False,False,fiscally_ordinary,not_feasible,stress_benchmark_only
pilot_per_tierA_baseline_pilot_v2,PER,UBI,low,r1,2034,0.0004999999999999449,0.08021805984449866,0.0004011627000086726,0.17165227141504136,0.17165227141504136,6.886048866347949e-05,-0.0009172060137995745,0.21357916040600902,0.21357916040600902,-0.004294454627764184,-0.004294454627764184,0.05,False,False,False,fiscally_ordinary,not_feasible,stress_benchmark_only
pilot_per_tierA_baseline_pilot_v2,PER,UBI,low,r1,2034,0.0004999999999999449,0.08021805984449866,0.0004011627000086726,0.17165227141504136,0.17165227141504136,6.886048866347949e-05,-0.0009172060137995745,0.21357916040600902,0.21357916040600902,-0.004294454627764184,-0.004294454627764184,0.1,False,False,False,fiscally_ordinary,not_feasible,stress_benchmark_only
pilot_per_tierA_baseline_pilot_v2,PER,UBI,low,r1,2034,0.0004999999999999449,0.08021805984449866,0.0004011627000086726,0.17165227141504136,0.17165227141504136,6.886048866347949e-05,-0.0009172060137995745,0.21357916040600902,0.21357916040600902,-0.004294454627764184,-0.004294454627764184,0.25,False,False,False,fiscally_ordinary,not_feasible,stress_benchmark_only
pilot_per_tierA_baseline_pilot_v2,PER,UBI,low,r1,2034,0.0004999999999999449,0.08021805984449866,0.0004011627000086726,0.17165227141504136,0.17165227141504136,6.886048866347949e-05,-0.0009172060137995745,0.21357916040600902,0.21357916040600902,-0.004294454627764184,-0.004294454627764184,0.5,False,False,False,fiscally_ordinary,not_feasible,stress_benchmark_only
pilot_per_tierA_baseline_pilot_v2,PER,PEN,low,r2,2034,0.0004999999999999449,0.08021805984449866,0.0004011627000086726,0.1783443385988055,0.1783443385988055,7.154509640355774e-05,-0.0009365435735471812,0.005573845262039806,0.005573845262039806,-0.16802468126006848,-0.16802468126006848,0.0,False,False,False,fiscally_ordinary,not_feasible,not_feasible
pilot_per_tierA_baseline_pilot_v2,PER,PEN,low,r2,2034,0.0004999999999999449,0.08021805984449866,0.0004011627000086726,0.1783443385988055,0.1783443385988055,7.154509640355774e-05,-0.0009365435735471812,0.005573845262039806,0.005573845262039806,-0.16802468126006848,-0.16802468126006848,0.05,False,False,False,fiscally_ordinary,not_feasible,not_feasible
pilot_per_tierA_baseline_pilot_v2,PER,PEN,low,r2,2034,0.0004999999999999449,0.08021805984449866,0.0004011627000086726,0.1783443385988055,0.1783443385988055,7.154509640355774e-05,-0.0009365435735471812,0.005573845262039806,0.005573845262039806,-0.16802468126006848,-0.16802468126006848,0.1,False,False,False,fiscally_ordinary,not_feasible,not_feasible
pilot_per_tierA_baseline_pilot_v2,PER,PEN,low,r2,2034,0.0004999999999999449,0.08021805984449866,0.0004011627000086726,0.1783443385988055,0.1783443385988055,7.154509640355774e-05,-0.0009365435735471812,0.005573845262039806,0.005573845262039806,-0.16802468126006848,-0.16802468126006848,0.25,False,False,False,fiscally_ordinary,not_feasible,not_feasible
pilot_per_tierA_baseline_pilot_v2,PER,PEN,low,r2,2034,0.0004999999999999449,0.08021805984449866,0.0004011627000086726,0.1783443385988055,0.1783443385988055,7.154509640355774e-05,-0.0009365435735471812,0.005573845262039806,0.005573845262039806,-0.16802468126006848,-0.16802468126006848,0.5,False,False,False,fiscally_ordinary,not_feasible,not_feasible
pilot_per_tierA_baseline_pilot_v2,PER,GMI,low,r2,2034,0.0004999999999999449,0.08021805984449866,0.0004011627000086726,0.1783443385988055,0.1783443385988055,7.154509640355774e-05,-0.0035355156302456377,0.04180812064947627,0.04180812064947627,-0.08456528481363171,-0.08456528481363171,0.0,False,False,False,fiscally_ordinary,not_feasible,not_feasible
pilot_per_tierA_baseline_pilot_v2,PER,GMI,low,r2,2034,0.0004999999999999449,0.08021805984449866,0.0004011627000086726,0.1783443385988055,0.1783443385988055,7.154509640355774e-05,-0.0035355156302456377,0.04180812064947627,0.04180812064947627,-0.08456528481363171,-0.08456528481363171,0.05,False,False,False,fiscally_ordinary,not_feasible,not_feasible
pilot_per_tierA_baseline_pilot_v2,PER,GMI,low,r2,2034,0.0004999999999999449,0.08021805984449866,0.0004011627000086726,0.1783443385988055,0.1783443385988055,7.154509640355774e-05,-0.0035355156302456377,0.04180812064947627,0.04180812064947627,-0.08456528481363171,-0.08456528481363171,0.1,False,False,False,fiscally_ordinary,not_feasible,not_feasible
pilot_per_tierA_baseline_pilot_v2,PER,GMI,low,r2,2034,0.0004999999999999449,0.08021805984449866,0.0004011627000086726,0.1783443385988055,0.1783443385988055,7.154509640355774e-05,-0.0035355156302456377,0.04180812064947627,0.04180812064947627,-0.08456528481363171,-0.08456528481363171,0.25,False,False,False,fiscally_ordinary,not_feasible,not_feasible
pilot_per_tierA_baseline_pilot_v2,PER,GMI,low,r2,2034,0.0004999999999999449,0.08021805984449866,0.0004011627000086726,0.1783443385988055,0.1783443385988055,7.154509640355774e-05,-0.0035355156302456377,0.04180812064947627,0.04180812064947627,-0.08456528481363171,-0.08456528481363171,0.5,False,False,False,fiscally_ordinary,not_feasible,not_feasible
pilot_per_tierA_baseline_pilot_v2,PER,MUT,low,r2,2034,0.0004999999999999449,0.08021805984449866,0.0004011627000086726,0.1783443385988055,0.1783443385988055,7.154509640355774e-05,-0.0008772603223156539,0.053394790101502256,0.053394790101502256,-0.016429698864776927,-0.016429698864776927,0.0,False,False,False,fiscally_ordinary,not_feasible,not_feasible
pilot_per_tierA_baseline_pilot_v2,PER,MUT,low,r2,2034,0.0004999999999999449,0.08021805984449866,0.0004011627000086726,0.1783443385988055,0.1783443385988055,7.154509640355774e-05,-0.0008772603223156539,0.053394790101502256,0.053394790101502256,-0.016429698864776927,-0.016429698864776927,0.05,False,False,False,fiscally_ordinary,not_feasible,not_feasible
pilot_per_tierA_baseline_pilot_v2,PER,MUT,low,r2,2034,0.0004999999999999449,0.08021805984449866,0.0004011627000086726,0.1783443385988055,0.1783443385988055,7.154509640355774e-05,-0.0008772603223156539,0.053394790101502256,0.053394790101502256,-0.016429698864776927,-0.016429698864776927,0.1,False,False,False,fiscally_ordinary,not_feasible,not_feasible
pilot_per_tierA_baseline_pilot_v2,PER,MUT,low,r2,2034,0.0004999999999999449,0.08021805984449866,0.0004011627000086726,0.1783443385988055,0.1783443385988055,7.154509640355774e-05,-0.0008772603223156539,0.053394790101502256,0.053394790101502256,-0.016429698864776927,-0.016429698864776927,0.25,False,False,False,fiscally_ordinary,not_feasible,not_feasible
pilot_per_tierA_baseline_pilot_v2,PER,MUT,low,r2,2034,0.0004999999999999449,0.08021805984449866,0.0004011627000086726,0.1783443385988055,0.1783443385988055,7.154509640355774e-05,-0.0008772603223156539,0.053394790101502256,0.053394790101502256,-0.016429698864776927,-0.016429698864776927,0.5,False,False,False,fiscally_ordinary,not_feasible,not_feasible
pilot_per_tierA_baseline_pilot_v2,PER,PBI,low,r2,2034,0.0004999999999999449,0.08021805984449866,0.0004011627000086726,0.1783443385988055,0.1783443385988055,7.154509640355774e-05,-0.0007772603223156541,0.0796945147314945,0.0796945147314945,-0.00975299648833282,-0.00975299648833282,0.0,False,False,False,fiscally_ordinary,not_feasible,not_feasible
pilot_per_tierA_baseline_pilot_v2,PER,PBI,low,r2,2034,0.0004999999999999449,0.08021805984449866,0.0004011627000086726,0.1783443385988055,0.1783443385988055,7.154509640355774e-05,-0.0007772603223156541,0.0796945147314945,0.0796945147314945,-0.00975299648833282,-0.00975299648833282,0.05,False,False,False,fiscally_ordinary,not_feasible,not_feasible
pilot_per_tierA_baseline_pilot_v2,PER,PBI,low,r2,2034,0.0004999999999999449,0.08021805984449866,0.0004011627000086726,0.1783443385988055,0.1783443385988055,7.154509640355774e-05,-0.0007772603223156541,0.0796945147314945,0.0796945147314945,-0.00975299648833282,-0.00975299648833282,0.1,False,False,False,fiscally_ordinary,not_feasible,not_feasible
pilot_per_tierA_baseline_pilot_v2,PER,PBI,low,r2,2034,0.0004999999999999449,0.08021805984449866,0.0004011627000086726,0.1783443385988055,0.1783443385988055,7.154509640355774e-05,-0.0007772603223156541,0.0796945147314945,0.0796945147314945,-0.00975299648833282,-0.00975299648833282,0.25,False,False,False,fiscally_ordinary,not_feasible,not_feasible
pilot_per_tierA_baseline_pilot_v2,PER,PBI,low,r2,2034,0.0004999999999999449,0.08021805984449866,0.0004011627000086726,0.1783443385988055,0.1783443385988055,7.154509640355774e-05,-0.0007772603223156541,0.0796945147314945,0.0796945147314945,-0.00975299648833282,-0.00975299648833282,0.5,False,False,False,fiscally_ordinary,not_feasible,not_feasible
pilot_per_tierA_baseline_pilot_v2,PER,UBI,low,r2,2034,0.0004999999999999449,0.08021805984449866,0.0004011627000086726,0.1783443385988055,0.1783443385988055,7.154509640355774e-05,-0.0009145214060594962,0.21357916040600902,0.21357916040600902,-0.004281885013130552,-0.004281885013130552,0.0,False,False,False,fiscally_ordinary,not_feasible,stress_benchmark_only
pilot_per_tierA_baseline_pilot_v2,PER,UBI,low,r2,2034,0.0004999999999999449,0.08021805984449866,0.0004011627000086726,0.1783443385988055,0.1783443385988055,7.154509640355774e-05,-0.0009145214060594962,0.21357916040600902,0.21357916040600902,-0.004281885013130552,-0.004281885013130552,0.05,False,False,False,fiscally_ordinary,not_feasible,stress_benchmark_only
pilot_per_tierA_baseline_pilot_v2,PER,UBI,low,r2,2034,0.0004999999999999449,0.08021805984449866,0.0004011627000086726,0.1783443385988055,0.1783443385988055,7.154509640355774e-05,-0.0009145214060594962,0.21357916040600902,0.21357916040600902,-0.004281885013130552,-0.004281885013130552,0.1,False,False,False,fiscally_ordinary,not_feasible,stress_benchmark_only
pilot_per_tierA_baseline_pilot_v2,PER,UBI,low,r2,2034,0.0004999999999999449,0.08021805984449866,0.0004011627000086726,0.1783443385988055,0.1783443385988055,7.154509640355774e-05,-0.0009145214060594962,0.21357916040600902,0.21357916040600902,-0.004281885013130552,-0.004281885013130552,0.25,False,False,False,fiscally_ordinary,not_feasible,stress_benchmark_only
pilot_per_tierA_baseline_pilot_v2,PER,UBI,low,r2,2034,0.0004999999999999449,0.08021805984449866,0.0004011627000086726,0.1783443385988055,0.1783443385988055,7.154509640355774e-05,-0.0009145214060594962,0.21357916040600902,0.21357916040600902,-0.004281885013130552,-0.004281885013130552,0.5,False,False,False,fiscally_ordinary,not_feasible,stress_benchmark_only
pilot_per_tierA_baseline_pilot_v2,PER,PEN,low,r3,2034,0.0004999999999999449,0.08021805984449866,0.0004011627000086726,0.15675543547587395,0.15675543547587395,6.288443373653686e-05,-0.0009572042362142021,0.005573845262039806,0.005573845262039806,-0.17173139748481345,-0.17173139748481345,0.0,False,False,False,fiscally_ordinary,not_feasible,not_feasible
pilot_per_tierA_baseline_pilot_v2,PER,PEN,low,r3,2034,0.0004999999999999449,0.08021805984449866,0.0004011627000086726,0.15675543547587395,0.15675543547587395,6.288443373653686e-05,-0.0009572042362142021,0.005573845262039806,0.005573845262039806,-0.17173139748481345,-0.17173139748481345,0.05,False,False,False,fiscally_ordinary,not_feasible,not_feasible
pilot_per_tierA_baseline_pilot_v2,PER,PEN,low,r3,2034,0.0004999999999999449,0.08021805984449866,0.0004011627000086726,0.15675543547587395,0.15675543547587395,6.288443373653686e-05,-0.0009572042362142021,0.005573845262039806,0.005573845262039806,-0.17173139748481345,-0.17173139748481345,0.1,False,False,False,fiscally_ordinary,not_feasible,not_feasible
pilot_per_tierA_baseline_pilot_v2,PER,PEN,low,r3,2034,0.0004999999999999449,0.08021805984449866,0.0004011627000086726,0.15675543547587395,0.15675543547587395,6.288443373653686e-05,-0.0009572042362142021,0.005573845262039806,0.005573845262039806,-0.17173139748481345,-0.17173139748481345,0.25,False,False,False,fiscally_ordinary,not_feasible,not_feasible
pilot_per_tierA_baseline_pilot_v2,PER,PEN,low,r3,2034,0.0004999999999999449,0.08021805984449866,0.0004011627000086726,0.15675543547587395,0.15675543547587395,6.288443373653686e-05,-0.0009572042362142021,0.005573845262039806,0.005573845262039806,-0.17173139748481345,-0.17173139748481345,0.5,False,False,False,fiscally_ordinary,not_feasible,not_feasible
pilot_per_tierA_baseline_pilot_v2,PER,GMI,low,r3,2034,0.0004999999999999449,0.08021805984449866,0.0004011627000086726,0.15675543547587395,0.15675543547587395,6.288443373653686e-05,-0.0035741762929126586,0.04180812064947627,0.04180812064947627,-0.08549000140137684,-0.08549000140137684,0.0,False,False,False,fiscally_ordinary,not_feasible,not_feasible
pilot_per_tierA_baseline_pilot_v2,PER,GMI,low,r3,2034,0.0004999999999999449,0.08021805984449866,0.0004011627000086726,0.15675543547587395,0.15675543547587395,6.288443373653686e-05,-0.0035741762929126586,0.04180812064947627,0.04180812064947627,-0.08549000140137684,-0.08549000140137684,0.05,False,False,False,fiscally_ordinary,not_feasible,not_feasible
pilot_per_tierA_baseline_pilot_v2,PER,GMI,low,r3,2034,0.0004999999999999449,0.08021805984449866,0.0004011627000086726,0.15675543547587395,0.15675543547587395,6.288443373653686e-05,-0.0035741762929126586,0.04180812064947627,0.04180812064947627,-0.08549000140137684,-0.08549000140137684,0.1,False,False,False,fiscally_ordinary,not_feasible,not_feasible
pilot_per_tierA_baseline_pilot_v2,PER,GMI,low,r3,2034,0.0004999999999999449,0.08021805984449866,0.0004011627000086726,0.15675543547587395,0.15675543547587395,6.288443373653686e-05,-0.0035741762929126586,0.04180812064947627,0.04180812064947627,-0.08549000140137684,-0.08549000140137684,0.25,False,False,False,fiscally_ordinary,not_feasible,not_feasible
pilot_per_tierA_baseline_pilot_v2,PER,GMI,low,r3,2034,0.0004999999999999449,0.08021805984449866,0.0004011627000086726,0.15675543547587395,0.15675543547587395,6.288443373653686e-05,-0.0035741762929126586,0.04180812064947627,0.04180812064947627,-0.08549000140137684,-0.08549000140137684,0.5,False,False,False,fiscally_ordinary,not_feasible,not_feasible
pilot_per_tierA_baseline_pilot_v2,PER,MUT,low,r3,2034,0.0004999999999999449,0.08021805984449866,0.0004011627000086726,0.15675543547587395,0.15675543547587395,6.288443373653686e-05,-0.000893420984982675,0.053394790101502256,0.053394790101502256,-0.016732362526087327,-0.016732362526087327,0.0,False,False,False,fiscally_ordinary,not_feasible,not_feasible
pilot_per_tierA_baseline_pilot_v2,PER,MUT,low,r3,2034,0.0004999999999999449,0.08021805984449866,0.0004011627000086726,0.15675543547587395,0.15675543547587395,6.288443373653686e-05,-0.000893420984982675,0.053394790101502256,0.053394790101502256,-0.016732362526087327,-0.016732362526087327,0.05,False,False,False,fiscally_ordinary,not_feasible,not_feasible
pilot_per_tierA_baseline_pilot_v2,PER,MUT,low,r3,2034,0.0004999999999999449,0.08021805984449866,0.0004011627000086726,0.15675543547587395,0.15675543547587395,6.288443373653686e-05,-0.000893420984982675,0.053394790101502256,0.053394790101502256,-0.016732362526087327,-0.016732362526087327,0.1,False,False,False,fiscally_ordinary,not_feasible,not_feasible
pilot_per_tierA_baseline_pilot_v2,PER,MUT,low,r3,2034,0.0004999999999999449,0.08021805984449866,0.0004011627000086726,0.15675543547587395,0.15675543547587395,6.288443373653686e-05,-0.000893420984982675,0.053394790101502256,0.053394790101502256,-0.016732362526087327,-0.016732362526087327,0.25,False,False,False,fiscally_ordinary,not_feasible,not_feasible
pilot_per_tierA_baseline_pilot_v2,PER,MUT,low,r3,2034,0.0004999999999999449,0.08021805984449866,0.0004011627000086726,0.15675543547587395,0.15675543547587395,6.288443373653686e-05,-0.000893420984982675,0.053394790101502256,0.053394790101502256,-0.016732362526087327,-0.016732362526087327,0.5,False,False,False,fiscally_ordinary,not_feasible,not_feasible
pilot_per_tierA_baseline_pilot_v2,PER,PBI,low,r3,2034,0.0004999999999999449,0.08021805984449866,0.0004011627000086726,0.15675543547587395,0.15675543547587395,6.288443373653686e-05,-0.0007934209849826749,0.0796945147314945,0.0796945147314945,-0.00995577911046772,-0.00995577911046772,0.0,False,False,False,fiscally_ordinary,not_feasible,not_feasible
pilot_per_tierA_baseline_pilot_v2,PER,PBI,low,r3,2034,0.0004999999999999449,0.08021805984449866,0.0004011627000086726,0.15675543547587395,0.15675543547587395,6.288443373653686e-05,-0.0007934209849826749,0.0796945147314945,0.0796945147314945,-0.00995577911046772,-0.00995577911046772,0.05,False,False,False,fiscally_ordinary,not_feasible,not_feasible
pilot_per_tierA_baseline_pilot_v2,PER,PBI,low,r3,2034,0.0004999999999999449,0.08021805984449866,0.0004011627000086726,0.15675543547587395,0.15675543547587395,6.288443373653686e-05,-0.0007934209849826749,0.0796945147314945,0.0796945147314945,-0.00995577911046772,-0.00995577911046772,0.1,False,False,False,fiscally_ordinary,not_feasible,not_feasible
pilot_per_tierA_baseline_pilot_v2,PER,PBI,low,r3,2034,0.0004999999999999449,0.08021805984449866,0.0004011627000086726,0.15675543547587395,0.15675543547587395,6.288443373653686e-05,-0.0007934209849826749,0.0796945147314945,0.0796945147314945,-0.00995577911046772,-0.00995577911046772,0.25,False,False,False,fiscally_ordinary,not_feasible,not_feasible
pilot_per_tierA_baseline_pilot_v2,PER,PBI,low,r3,2034,0.0004999999999999449,0.08021805984449866,0.0004011627000086726,0.15675543547587395,0.15675543547587395,6.288443373653686e-05,-0.0007934209849826749,0.0796945147314945,0.0796945147314945,-0.00995577911046772,-0.00995577911046772,0.5,False,False,False,fiscally_ordinary,not_feasible,not_feasible
pilot_per_tierA_baseline_pilot_v2,PER,UBI,low,r3,2034,0.0004999999999999449,0.08021805984449866,0.0004011627000086726,0.15675543547587395,0.15675543547587395,6.288443373653686e-05,-0.0009276820687265172,0.21357916040600902,0.21357916040600902,-0.00434350461422835,-0.00434350461422835,0.0,False,False,False,fiscally_ordinary,not_feasible,stress_benchmark_only
pilot_per_tierA_baseline_pilot_v2,PER,UBI,low,r3,2034,0.0004999999999999449,0.08021805984449866,0.0004011627000086726,0.15675543547587395,0.15675543547587395,6.288443373653686e-05,-0.0009276820687265172,0.21357916040600902,0.21357916040600902,-0.00434350461422835,-0.00434350461422835,0.05,False,False,False,fiscally_ordinary,not_feasible,stress_benchmark_only
pilot_per_tierA_baseline_pilot_v2,PER,UBI,low,r3,2034,0.0004999999999999449,0.08021805984449866,0.0004011627000086726,0.15675543547587395,0.15675543547587395,6.288443373653686e-05,-0.0009276820687265172,0.21357916040600902,0.21357916040600902,-0.00434350461422835,-0.00434350461422835,0.1,False,False,False,fiscally_ordinary,not_feasible,stress_benchmark_only
pilot_per_tierA_baseline_pilot_v2,PER,UBI,low,r3,2034,0.0004999999999999449,0.08021805984449866,0.0004011627000086726,0.15675543547587395,0.15675543547587395,6.288443373653686e-05,-0.0009276820687265172,0.21357916040600902,0.21357916040600902,-0.00434350461422835,-0.00434350461422835,0.25,False,False,False,fiscally_ordinary,not_feasible,stress_benchmark_only
pilot_per_tierA_baseline_pilot_v2,PER,UBI,low,r3,2034,0.0004999999999999449,0.08021805984449866,0.0004011627000086726,0.15675543547587395,0.15675543547587395,6.288443373653686e-05,-0.0009276820687265172,0.21357916040600902,0.21357916040600902,-0.00434350461422835,-0.00434350461422835,0.5,False,False,False,fiscally_ordinary,not_feasible,stress_benchmark_only
pilot_per_tierA_baseline_pilot_v2,PER,PEN,low,r4,2034,0.0004999999999999449,0.08021805984449866,0.0004011627000086726,0.19144741370875945,0.19144741370875945,7.68015613930833e-05,-0.0009112871085576556,0.005573845262039806,0.005573845262039806,-0.16349343509119246,-0.16349343509119246,0.0,False,False,False,fiscally_ordinary,not_feasible,not_feasible
pilot_per_tierA_baseline_pilot_v2,PER,PEN,low,r4,2034,0.0004999999999999449,0.08021805984449866,0.0004011627000086726,0.19144741370875945,0.19144741370875945,7.68015613930833e-05,-0.0009112871085576556,0.005573845262039806,0.005573845262039806,-0.16349343509119246,-0.16349343509119246,0.05,False,False,False,fiscally_ordinary,not_feasible,not_feasible
pilot_per_tierA_baseline_pilot_v2,PER,PEN,low,r4,2034,0.0004999999999999449,0.08021805984449866,0.0004011627000086726,0.19144741370875945,0.19144741370875945,7.68015613930833e-05,-0.0009112871085576556,0.005573845262039806,0.005573845262039806,-0.16349343509119246,-0.16349343509119246,0.1,False,False,False,fiscally_ordinary,not_feasible,not_feasible
pilot_per_tierA_baseline_pilot_v2,PER,PEN,low,r4,2034,0.0004999999999999449,0.08021805984449866,0.0004011627000086726,0.19144741370875945,0.19144741370875945,7.68015613930833e-05,-0.0009112871085576556,0.005573845262039806,0.005573845262039806,-0.16349343509119246,-0.16349343509119246,0.25,False,False,False,fiscally_ordinary,not_feasible,not_feasible
pilot_per_tierA_baseline_pilot_v2,PER,PEN,low,r4,2034,0.0004999999999999449,0.08021805984449866,0.0004011627000086726,0.19144741370875945,0.19144741370875945,7.68015613930833e-05,-0.0009112871085576556,0.005573845262039806,0.005573845262039806,-0.16349343509119246,-0.16349343509119246,0.5,False,False,False,fiscally_ordinary,not_feasible,not_feasible
pilot_per_tierA_baseline_pilot_v2,PER,GMI,low,r4,2034,0.0004999999999999449,0.08021805984449866,0.0004011627000086726,0.19144741370875945,0.19144741370875945,7.68015613930833e-05,-0.003480259165256112,0.04180812064947627,0.04180812064947627,-0.08324361657953906,-0.08324361657953906,0.0,False,False,False,fiscally_ordinary,not_feasible,not_feasible
pilot_per_tierA_baseline_pilot_v2,PER,GMI,low,r4,2034,0.0004999999999999449,0.08021805984449866,0.0004011627000086726,0.19144741370875945,0.19144741370875945,7.68015613930833e-05,-0.003480259165256112,0.04180812064947627,0.04180812064947627,-0.08324361657953906,-0.08324361657953906,0.05,False,False,False,fiscally_ordinary,not_feasible,not_feasible
pilot_per_tierA_baseline_pilot_v2,PER,GMI,low,r4,2034,0.0004999999999999449,0.08021805984449866,0.0004011627000086726,0.19144741370875945,0.19144741370875945,7.68015613930833e-05,-0.003480259165256112,0.04180812064947627,0.04180812064947627,-0.08324361657953906,-0.08324361657953906,0.1,False,False,False,fiscally_ordinary,not_feasible,not_feasible
pilot_per_tierA_baseline_pilot_v2,PER,GMI,low,r4,2034,0.0004999999999999449,0.08021805984449866,0.0004011627000086726,0.19144741370875945,0.19144741370875945,7.68015613930833e-05,-0.003480259165256112,0.04180812064947627,0.04180812064947627,-0.08324361657953906,-0.08324361657953906,0.25,False,False,False,fiscally_ordinary,not_feasible,not_feasible
pilot_per_tierA_baseline_pilot_v2,PER,GMI,low,r4,2034,0.0004999999999999449,0.08021805984449866,0.0004011627000086726,0.19144741370875945,0.19144741370875945,7.68015613930833e-05,-0.003480259165256112,0.04180812064947627,0.04180812064947627,-0.08324361657953906,-0.08324361657953906,0.5,False,False,False,fiscally_ordinary,not_feasible,not_feasible
pilot_per_tierA_baseline_pilot_v2,PER,MUT,low,r4,2034,0.0004999999999999449,0.08021805984449866,0.0004011627000086726,0.19144741370875945,0.19144741370875945,7.68015613930833e-05,-0.0008595038573261283,0.053394790101502256,0.053394790101502256,-0.016097148348972464,-0.016097148348972464,0.0,False,False,False,fiscally_ordinary,not_feasible,not_feasible
pilot_per_tierA_baseline_pilot_v2,PER,MUT,low,r4,2034,0.0004999999999999449,0.08021805984449866,0.0004011627000086726,0.19144741370875945,0.19144741370875945,7.68015613930833e-05,-0.0008595038573261283,0.053394790101502256,0.053394790101502256,-0.016097148348972464,-0.016097148348972464,0.05,False,False,False,fiscally_ordinary,not_feasible,not_feasible
pilot_per_tierA_baseline_pilot_v2,PER,MUT,low,r4,2034,0.0004999999999999449,0.08021805984449866,0.0004011627000086726,0.19144741370875945,0.19144741370875945,7.68015613930833e-05,-0.0008595038573261283,0.053394790101502256,0.053394790101502256,-0.016097148348972464,-0.016097148348972464,0.1,False,False,False,fiscally_ordinary,not_feasible,not_feasible
pilot_per_tierA_baseline_pilot_v2,PER,MUT,low,r4,2034,0.0004999999999999449,0.08021805984449866,0.0004011627000086726,0.19144741370875945,0.19144741370875945,7.68015613930833e-05,-0.0008595038573261283,0.053394790101502256,0.053394790101502256,-0.016097148348972464,-0.016097148348972464,0.25,False,False,False,fiscally_ordinary,not_feasible,not_feasible
pilot_per_tierA_baseline_pilot_v2,PER,MUT,low,r4,2034,0.0004999999999999449,0.08021805984449866,0.0004011627000086726,0.19144741370875945,0.19144741370875945,7.68015613930833e-05,-0.0008595038573261283,0.053394790101502256,0.053394790101502256,-0.016097148348972464,-0.016097148348972464,0.5,False,False,False,fiscally_ordinary,not_feasible,not_feasible
pilot_per_tierA_baseline_pilot_v2,PER,PBI,low,r4,2034,0.0004999999999999449,0.08021805984449866,0.0004011627000086726,0.19144741370875945,0.19144741370875945,7.68015613930833e-05,-0.0007595038573261285,0.0796945147314945,0.0796945147314945,-0.009530189874234594,-0.009530189874234594,0.0,False,False,False,fiscally_ordinary,not_feasible,not_feasible
pilot_per_tierA_baseline_pilot_v2,PER,PBI,low,r4,2034,0.0004999999999999449,0.08021805984449866,0.0004011627000086726,0.19144741370875945,0.19144741370875945,7.68015613930833e-05,-0.0007595038573261285,0.0796945147314945,0.0796945147314945,-0.009530189874234594,-0.009530189874234594,0.05,False,False,False,fiscally_ordinary,not_feasible,not_feasible
pilot_per_tierA_baseline_pilot_v2,PER,PBI,low,r4,2034,0.0004999999999999449,0.08021805984449866,0.0004011627000086726,0.19144741370875945,0.19144741370875945,7.68015613930833e-05,-0.0007595038573261285,0.0796945147314945,0.0796945147314945,-0.009530189874234594,-0.009530189874234594,0.1,False,False,False,fiscally_ordinary,not_feasible,not_feasible
pilot_per_tierA_baseline_pilot_v2,PER,PBI,low,r4,2034,0.0004999999999999449,0.08021805984449866,0.0004011627000086726,0.19144741370875945,0.19144741370875945,7.68015613930833e-05,-0.0007595038573261285,0.0796945147314945,0.0796945147314945,-0.009530189874234594,-0.009530189874234594,0.25,False,False,False,fiscally_ordinary,not_feasible,not_feasible
pilot_per_tierA_baseline_pilot_v2,PER,PBI,low,r4,2034,0.0004999999999999449,0.08021805984449866,0.0004011627000086726,0.19144741370875945,0.19144741370875945,7.68015613930833e-05,-0.0007595038573261285,0.0796945147314945,0.0796945147314945,-0.009530189874234594,-0.009530189874234594,0.5,False,False,False,fiscally_ordinary,not_feasible,not_feasible
pilot_per_tierA_baseline_pilot_v2,PER,UBI,low,r4,2034,0.0004999999999999449,0.08021805984449866,0.0004011627000086726,0.19144741370875945,0.19144741370875945,7.68015613930833e-05,-0.0009017649410699708,0.21357916040600902,0.21357916040600902,-0.004222157907895773,-0.004222157907895773,0.0,False,False,False,fiscally_ordinary,not_feasible,stress_benchmark_only
pilot_per_tierA_baseline_pilot_v2,PER,UBI,low,r4,2034,0.0004999999999999449,0.08021805984449866,0.0004011627000086726,0.19144741370875945,0.19144741370875945,7.68015613930833e-05,-0.0009017649410699708,0.21357916040600902,0.21357916040600902,-0.004222157907895773,-0.004222157907895773,0.05,False,False,False,fiscally_ordinary,not_feasible,stress_benchmark_only
pilot_per_tierA_baseline_pilot_v2,PER,UBI,low,r4,2034,0.0004999999999999449,0.08021805984449866,0.0004011627000086726,0.19144741370875945,0.19144741370875945,7.68015613930833e-05,-0.0009017649410699708,0.21357916040600902,0.21357916040600902,-0.004222157907895773,-0.004222157907895773,0.1,False,False,False,fiscally_ordinary,not_feasible,stress_benchmark_only
pilot_per_tierA_baseline_pilot_v2,PER,UBI,low,r4,2034,0.0004999999999999449,0.08021805984449866,0.0004011627000086726,0.19144741370875945,0.19144741370875945,7.68015613930833e-05,-0.0009017649410699708,0.21357916040600902,0.21357916040600902,-0.004222157907895773,-0.004222157907895773,0.25,False,False,False,fiscally_ordinary,not_feasible,stress_benchmark_only
pilot_per_tierA_baseline_pilot_v2,PER,UBI,low,r4,2034,0.0004999999999999449,0.08021805984449866,0.0004011627000086726,0.19144741370875945,0.19144741370875945,7.68015613930833e-05,-0.0009017649410699708,0.21357916040600902,0.21357916040600902,-0.004222157907895773,-0.004222157907895773,0.5,False,False,False,fiscally_ordinary,not_feasible,stress_benchmark_only
pilot_per_tierA_baseline_pilot_v2,PER,PEN,mid,r0,2034,0.004250000000000087,0.08021805984449866,0.003414502698713795,0.10146780910509298,0.10146780910509298,0.0003464621080219162,-0.0006816265619288228,0.005573845262039806,0.005573845262039806,-0.12229018386480549,-0.12229018386480549,0.0,False,False,False,fiscally_ordinary,not_feasible,not_feasible
pilot_per_tierA_baseline_pilot_v2,PER,PEN,mid,r0,2034,0.004250000000000087,0.08021805984449866,0.003414502698713795,0.10146780910509298,0.10146780910509298,0.0003464621080219162,-0.0006816265619288228,0.005573845262039806,0.005573845262039806,-0.12229018386480549,-0.12229018386480549,0.05,False,False,False,fiscally_ordinary,not_feasible,not_feasible
pilot_per_tierA_baseline_pilot_v2,PER,PEN,mid,r0,2034,0.004250000000000087,0.08021805984449866,0.003414502698713795,0.10146780910509298,0.10146780910509298,0.0003464621080219162,-0.0006816265619288228,0.005573845262039806,0.005573845262039806,-0.12229018386480549,-0.12229018386480549,0.1,False,False,False,fiscally_ordinary,not_feasible,not_feasible
pilot_per_tierA_baseline_pilot_v2,PER,PEN,mid,r0,2034,0.004250000000000087,0.08021805984449866,0.003414502698713795,0.10146780910509298,0.10146780910509298,0.0003464621080219162,-0.0006816265619288228,0.005573845262039806,0.005573845262039806,-0.12229018386480549,-0.12229018386480549,0.25,False,False,False,fiscally_ordinary,not_feasible,not_feasible
pilot_per_tierA_baseline_pilot_v2,PER,PEN,mid,r0,2034,0.004250000000000087,0.08021805984449866,0.003414502698713795,0.10146780910509298,0.10146780910509298,0.0003464621080219162,-0.0006816265619288228,0.005573845262039806,0.005573845262039806,-0.12229018386480549,-0.12229018386480549,0.5,False,False,False,fiscally_ordinary,not_feasible,not_feasible
pilot_per_tierA_baseline_pilot_v2,PER,GMI,mid,r0,2034,0.004250000000000087,0.08021805984449866,0.003414502698713795,0.10146780910509298,0.10146780910509298,0.0003464621080219162,-0.0033105986186272793,0.04180812064947627,0.04180812064947627,-0.07918554020602099,-0.07918554020602099,0.0,False,False,False,fiscally_ordinary,not_feasible,not_feasible
pilot_per_tierA_baseline_pilot_v2,PER,GMI,mid,r0,2034,0.004250000000000087,0.08021805984449866,0.003414502698713795,0.10146780910509298,0.10146780910509298,0.0003464621080219162,-0.0033105986186272793,0.04180812064947627,0.04180812064947627,-0.07918554020602099,-0.07918554020602099,0.05,False,False,False,fiscally_ordinary,not_feasible,not_feasible
pilot_per_tierA_baseline_pilot_v2,PER,GMI,mid,r0,2034,0.004250000000000087,0.08021805984449866,0.003414502698713795,0.10146780910509298,0.10146780910509298,0.0003464621080219162,-0.0033105986186272793,0.04180812064947627,0.04180812064947627,-0.07918554020602099,-0.07918554020602099,0.1,False,False,False,fiscally_ordinary,not_feasible,not_feasible
pilot_per_tierA_baseline_pilot_v2,PER,GMI,mid,r0,2034,0.004250000000000087,0.08021805984449866,0.003414502698713795,0.10146780910509298,0.10146780910509298,0.0003464621080219162,-0.0033105986186272793,0.04180812064947627,0.04180812064947627,-0.07918554020602099,-0.07918554020602099,0.25,False,False,False,fiscally_ordinary,not_feasible,not_feasible
pilot_per_tierA_baseline_pilot_v2,PER,GMI,mid,r0,2034,0.004250000000000087,0.08021805984449866,0.003414502698713795,0.10146780910509298,0.10146780910509298,0.0003464621080219162,-0.0033105986186272793,0.04180812064947627,0.04180812064947627,-0.07918554020602099,-0.07918554020602099,0.5,False,False,False,fiscally_ordinary,not_feasible,not_feasible
pilot_per_tierA_baseline_pilot_v2,PER,MUT,mid,r0,2034,0.004250000000000087,0.08021805984449866,0.003414502698713795,0.10146780910509298,0.10146780910509298,0.0003464621080219162,-0.0006148433106972956,0.053394790101502256,0.053394790101502256,-0.011515043125527655,-0.011515043125527655,0.0,False,False,False,fiscally_ordinary,not_feasible,not_feasible
pilot_per_tierA_baseline_pilot_v2,PER,MUT,mid,r0,2034,0.004250000000000087,0.08021805984449866,0.003414502698713795,0.10146780910509298,0.10146780910509298,0.0003464621080219162,-0.0006148433106972956,0.053394790101502256,0.053394790101502256,-0.011515043125527655,-0.011515043125527655,0.05,False,False,False,fiscally_ordinary,not_feasible,not_feasible
pilot_per_tierA_baseline_pilot_v2,PER,MUT,mid,r0,2034,0.004250000000000087,0.08021805984449866,0.003414502698713795,0.10146780910509298,0.10146780910509298,0.0003464621080219162,-0.0006148433106972956,0.053394790101502256,0.053394790101502256,-0.011515043125527655,-0.011515043125527655,0.1,False,False,False,fiscally_ordinary,not_feasible,not_feasible
pilot_per_tierA_baseline_pilot_v2,PER,MUT,mid,r0,2034,0.004250000000000087,0.08021805984449866,0.003414502698713795,0.10146780910509298,0.10146780910509298,0.0003464621080219162,-0.0006148433106972956,0.053394790101502256,0.053394790101502256,-0.011515043125527655,-0.011515043125527655,0.25,False,False,False,fiscally_ordinary,not_feasible,not_feasible
pilot_per_tierA_baseline_pilot_v2,PER,MUT,mid,r0,2034,0.004250000000000087,0.08021805984449866,0.003414502698713795,0.10146780910509298,0.10146780910509298,0.0003464621080219162,-0.0006148433106972956,0.053394790101502256,0.053394790101502256,-0.011515043125527655,-0.011515043125527655,0.5,False,False,False,fiscally_ordinary,not_feasible,not_feasible
pilot_per_tierA_baseline_pilot_v2,PER,PBI,mid,r0,2034,0.004250000000000087,0.08021805984449866,0.003414502698713795,0.10146780910509298,0.10146780910509298,0.0003464621080219162,-0.0005148433106972957,0.0796945147314945,0.0796945147314945,-0.006460210121510842,-0.006460210121510842,0.0,False,False,False,fiscally_ordinary,not_feasible,not_feasible
pilot_per_tierA_baseline_pilot_v2,PER,PBI,mid,r0,2034,0.004250000000000087,0.08021805984449866,0.003414502698713795,0.10146780910509298,0.10146780910509298,0.0003464621080219162,-0.0005148433106972957,0.0796945147314945,0.0796945147314945,-0.006460210121510842,-0.006460210121510842,0.05,False,False,False,fiscally_ordinary,not_feasible,not_feasible
pilot_per_tierA_baseline_pilot_v2,PER,PBI,mid,r0,2034,0.004250000000000087,0.08021805984449866,0.003414502698713795,0.10146780910509298,0.10146780910509298,0.0003464621080219162,-0.0005148433106972957,0.0796945147314945,0.0796945147314945,-0.006460210121510842,-0.006460210121510842,0.1,False,False,False,fiscally_ordinary,not_feasible,not_feasible
pilot_per_tierA_baseline_pilot_v2,PER,PBI,mid,r0,2034,0.004250000000000087,0.08021805984449866,0.003414502698713795,0.10146780910509298,0.10146780910509298,0.0003464621080219162,-0.0005148433106972957,0.0796945147314945,0.0796945147314945,-0.006460210121510842,-0.006460210121510842,0.25,False,False,False,fiscally_ordinary,not_feasible,not_feasible
pilot_per_tierA_baseline_pilot_v2,PER,PBI,mid,r0,2034,0.004250000000000087,0.08021805984449866,0.003414502698713795,0.10146780910509298,0.10146780910509298,0.0003464621080219162,-0.0005148433106972957,0.0796945147314945,0.0796945147314945,-0.006460210121510842,-0.006460210121510842,0.5,False,False,False,fiscally_ordinary,not_feasible,not_feasible
pilot_per_tierA_baseline_pilot_v2,PER,UBI,mid,r0,2034,0.004250000000000087,0.08021805984449866,0.003414502698713795,0.10146780910509298,0.10146780910509298,0.0003464621080219162,-0.0006471043944411378,0.21357916040600902,0.21357916040600902,-0.0030298105546018974,-0.0030298105546018974,0.0,False,False,False,fiscally_ordinary,not_feasible,stress_benchmark_only
pilot_per_tierA_baseline_pilot_v2,PER,UBI,mid,r0,2034,0.004250000000000087,0.08021805984449866,0.003414502698713795,0.10146780910509298,0.10146780910509298,0.0003464621080219162,-0.0006471043944411378,0.21357916040600902,0.21357916040600902,-0.0030298105546018974,-0.0030298105546018974,0.05,False,False,False,fiscally_ordinary,not_feasible,stress_benchmark_only
pilot_per_tierA_baseline_pilot_v2,PER,UBI,mid,r0,2034,0.004250000000000087,0.08021805984449866,0.003414502698713795,0.10146780910509298,0.10146780910509298,0.0003464621080219162,-0.0006471043944411378,0.21357916040600902,0.21357916040600902,-0.0030298105546018974,-0.0030298105546018974,0.1,False,False,False,fiscally_ordinary,not_feasible,stress_benchmark_only
pilot_per_tierA_baseline_pilot_v2,PER,UBI,mid,r0,2034,0.004250000000000087,0.08021805984449866,0.003414502698713795,0.10146780910509298,0.10146780910509298,0.0003464621080219162,-0.0006471043944411378,0.21357916040600902,0.21357916040600902,-0.0030298105546018974,-0.0030298105546018974,0.25,False,False,False,fiscally_ordinary,not_feasible,stress_benchmark_only
pilot_per_tierA_baseline_pilot_v2,PER,UBI,mid,r0,2034,0.004250000000000087,0.08021805984449866,0.003414502698713795,0.10146780910509298,0.10146780910509298,0.0003464621080219162,-0.0006471043944411378,0.21357916040600902,0.21357916040600902,-0.0030298105546018974,-0.0030298105546018974,0.5,False,False,False,fiscally_ordinary,not_feasible,stress_benchmark_only
pilot_per_tierA_baseline_pilot_v2,PER,PEN,mid,r1,2034,0.004250000000000087,0.08021805984449866,0.003414502698713795,0.10700199829164314,0.10700199829164314,0.00036535861193458437,-0.0006427300580161546,0.005573845262039806,0.005573845262039806,-0.11531178706976536,-0.11531178706976536,0.0,False,False,False,fiscally_ordinary,not_feasible,not_feasible
pilot_per_tierA_baseline_pilot_v2,PER,PEN,mid,r1,2034,0.004250000000000087,0.08021805984449866,0.003414502698713795,0.10700199829164314,0.10700199829164314,0.00036535861193458437,-0.0006427300580161546,0.005573845262039806,0.005573845262039806,-0.11531178706976536,-0.11531178706976536,0.05,False,False,False,fiscally_ordinary,not_feasible,not_feasible
pilot_per_tierA_baseline_pilot_v2,PER,PEN,mid,r1,2034,0.004250000000000087,0.08021805984449866,0.003414502698713795,0.10700199829164314,0.10700199829164314,0.00036535861193458437,-0.0006427300580161546,0.005573845262039806,0.005573845262039806,-0.11531178706976536,-0.11531178706976536,0.1,False,False,False,fiscally_ordinary,not_feasible,not_feasible
pilot_per_tierA_baseline_pilot_v2,PER,PEN,mid,r1,2034,0.004250000000000087,0.08021805984449866,0.003414502698713795,0.10700199829164314,0.10700199829164314,0.00036535861193458437,-0.0006427300580161546,0.005573845262039806,0.005573845262039806,-0.11531178706976536,-0.11531178706976536,0.25,False,False,False,fiscally_ordinary,not_feasible,not_feasible
pilot_per_tierA_baseline_pilot_v2,PER,PEN,mid,r1,2034,0.004250000000000087,0.08021805984449866,0.003414502698713795,0.10700199829164314,0.10700199829164314,0.00036535861193458437,-0.0006427300580161546,0.005573845262039806,0.005573845262039806,-0.11531178706976536,-0.11531178706976536,0.5,False,False,False,fiscally_ordinary,not_feasible,not_feasible
pilot_per_tierA_baseline_pilot_v2,PER,GMI,mid,r1,2034,0.004250000000000087,0.08021805984449866,0.003414502698713795,0.10700199829164314,0.10700199829164314,0.00036535861193458437,-0.003241702114714611,0.04180812064947627,0.04180812064947627,-0.07753761863379094,-0.07753761863379094,0.0,False,False,False,fiscally_ordinary,not_feasible,not_feasible
pilot_per_tierA_baseline_pilot_v2,PER,GMI,mid,r1,2034,0.004250000000000087,0.08021805984449866,0.003414502698713795,0.10700199829164314,0.10700199829164314,0.00036535861193458437,-0.003241702114714611,0.04180812064947627,0.04180812064947627,-0.07753761863379094,-0.07753761863379094,0.05,False,False,False,fiscally_ordinary,not_feasible,not_feasible
pilot_per_tierA_baseline_pilot_v2,PER,GMI,mid,r1,2034,0.004250000000000087,0.08021805984449866,0.003414502698713795,0.10700199829164314,0.10700199829164314,0.00036535861193458437,-0.003241702114714611,0.04180812064947627,0.04180812064947627,-0.07753761863379094,-0.07753761863379094,0.1,False,False,False,fiscally_ordinary,not_feasible,not_feasible
pilot_per_tierA_baseline_pilot_v2,PER,GMI,mid,r1,2034,0.004250000000000087,0.08021805984449866,0.003414502698713795,0.10700199829164314,0.10700199829164314,0.00036535861193458437,-0.003241702114714611,0.04180812064947627,0.04180812064947627,-0.07753761863379094,-0.07753761863379094,0.25,False,False,False,fiscally_ordinary,not_feasible,not_feasible
pilot_per_tierA_baseline_pilot_v2,PER,GMI,mid,r1,2034,0.004250000000000087,0.08021805984449866,0.003414502698713795,0.10700199829164314,0.10700199829164314,0.00036535861193458437,-0.003241702114714611,0.04180812064947627,0.04180812064947627,-0.07753761863379094,-0.07753761863379094,0.5,False,False,False,fiscally_ordinary,not_feasible,not_feasible
pilot_per_tierA_baseline_pilot_v2,PER,MUT,mid,r1,2034,0.004250000000000087,0.08021805984449866,0.003414502698713795,0.10700199829164314,0.10700199829164314,0.00036535861193458437,-0.0005834468067846274,0.053394790101502256,0.053394790101502256,-0.010927036245961612,-0.010927036245961612,0.0,False,False,False,fiscally_ordinary,not_feasible,not_feasible
pilot_per_tierA_baseline_pilot_v2,PER,MUT,mid,r1,2034,0.004250000000000087,0.08021805984449866,0.003414502698713795,0.10700199829164314,0.10700199829164314,0.00036535861193458437,-0.0005834468067846274,0.053394790101502256,0.053394790101502256,-0.010927036245961612,-0.010927036245961612,0.05,False,False,False,fiscally_ordinary,not_feasible,not_feasible
pilot_per_tierA_baseline_pilot_v2,PER,MUT,mid,r1,2034,0.004250000000000087,0.08021805984449866,0.003414502698713795,0.10700199829164314,0.10700199829164314,0.00036535861193458437,-0.0005834468067846274,0.053394790101502256,0.053394790101502256,-0.010927036245961612,-0.010927036245961612,0.1,False,False,False,fiscally_ordinary,not_feasible,not_feasible
pilot_per_tierA_baseline_pilot_v2,PER,MUT,mid,r1,2034,0.004250000000000087,0.08021805984449866,0.003414502698713795,0.10700199829164314,0.10700199829164314,0.00036535861193458437,-0.0005834468067846274,0.053394790101502256,0.053394790101502256,-0.010927036245961612,-0.010927036245961612,0.25,False,False,False,fiscally_ordinary,not_feasible,not_feasible
pilot_per_tierA_baseline_pilot_v2,PER,MUT,mid,r1,2034,0.004250000000000087,0.08021805984449866,0.003414502698713795,0.10700199829164314,0.10700199829164314,0.00036535861193458437,-0.0005834468067846274,0.053394790101502256,0.053394790101502256,-0.010927036245961612,-0.010927036245961612,0.5,False,False,False,fiscally_ordinary,not_feasible,not_feasible
pilot_per_tierA_baseline_pilot_v2,PER,PBI,mid,r1,2034,0.004250000000000087,0.08021805984449866,0.003414502698713795,0.10700199829164314,0.10700199829164314,0.00036535861193458437,-0.00048344680678462745,0.0796945147314945,0.0796945147314945,-0.006066249457863553,-0.006066249457863553,0.0,False,False,False,fiscally_ordinary,not_feasible,not_feasible
pilot_per_tierA_baseline_pilot_v2,PER,PBI,mid,r1,2034,0.004250000000000087,0.08021805984449866,0.003414502698713795,0.10700199829164314,0.10700199829164314,0.00036535861193458437,-0.00048344680678462745,0.0796945147314945,0.0796945147314945,-0.006066249457863553,-0.006066249457863553,0.05,False,False,False,fiscally_ordinary,not_feasible,not_feasible
pilot_per_tierA_baseline_pilot_v2,PER,PBI,mid,r1,2034,0.004250000000000087,0.08021805984449866,0.003414502698713795,0.10700199829164314,0.10700199829164314,0.00036535861193458437,-0.00048344680678462745,0.0796945147314945,0.0796945147314945,-0.006066249457863553,-0.006066249457863553,0.1,False,False,False,fiscally_ordinary,not_feasible,not_feasible
pilot_per_tierA_baseline_pilot_v2,PER,PBI,mid,r1,2034,0.004250000000000087,0.08021805984449866,0.003414502698713795,0.10700199829164314,0.10700199829164314,0.00036535861193458437,-0.00048344680678462745,0.0796945147314945,0.0796945147314945,-0.006066249457863553,-0.006066249457863553,0.25,False,False,False,fiscally_ordinary,not_feasible,not_feasible
pilot_per_tierA_baseline_pilot_v2,PER,PBI,mid,r1,2034,0.004250000000000087,0.08021805984449866,0.003414502698713795,0.10700199829164314,0.10700199829164314,0.00036535861193458437,-0.00048344680678462745,0.0796945147314945,0.0796945147314945,-0.006066249457863553,-0.006066249457863553,0.5,False,False,False,fiscally_ordinary,not_feasible,not_feasible
pilot_per_tierA_baseline_pilot_v2,PER,UBI,mid,r1,2034,0.004250000000000087,0.08021805984449866,0.003414502698713795,0.10700199829164314,0.10700199829164314,0.00036535861193458437,-0.0006207078905284696,0.21357916040600902,0.21357916040600902,-0.0029062193584267226,-0.0029062193584267226,0.0,False,False,False,fiscally_ordinary,not_feasible,stress_benchmark_only
pilot_per_tierA_baseline_pilot_v2,PER,UBI,mid,r1,2034,0.004250000000000087,0.08021805984449866,0.003414502698713795,0.10700199829164314,0.10700199829164314,0.00036535861193458437,-0.0006207078905284696,0.21357916040600902,0.21357916040600902,-0.0029062193584267226,-0.0029062193584267226,0.05,False,False,False,fiscally_ordinary,not_feasible,stress_benchmark_only
pilot_per_tierA_baseline_pilot_v2,PER,UBI,mid,r1,2034,0.004250000000000087,0.08021805984449866,0.003414502698713795,0.10700199829164314,0.10700199829164314,0.00036535861193458437,-0.0006207078905284696,0.21357916040600902,0.21357916040600902,-0.0029062193584267226,-0.0029062193584267226,0.1,False,False,False,fiscally_ordinary,not_feasible,stress_benchmark_only
pilot_per_tierA_baseline_pilot_v2,PER,UBI,mid,r1,2034,0.004250000000000087,0.08021805984449866,0.003414502698713795,0.10700199829164314,0.10700199829164314,0.00036535861193458437,-0.0006207078905284696,0.21357916040600902,0.21357916040600902,-0.0029062193584267226,-0.0029062193584267226,0.25,False,False,False,fiscally_ordinary,not_feasible,stress_benchmark_only
pilot_per_tierA_baseline_pilot_v2,PER,UBI,mid,r1,2034,0.004250000000000087,0.08021805984449866,0.003414502698713795,0.10700199829164314,0.10700199829164314,0.00036535861193458437,-0.0006207078905284696,0.21357916040600902,0.21357916040600902,-0.0029062193584267226,-0.0029062193584267226,0.5,False,False,False,fiscally_ordinary,not_feasible,stress_benchmark_only
pilot_per_tierA_baseline_pilot_v2,PER,PEN,mid,r2,2034,0.004250000000000087,0.08021805984449866,0.003414502698713795,0.11190644538215033,0.11190644538215033,0.00038210485976082024,-0.0006259838101899187,0.005573845262039806,0.005573845262039806,-0.11230735349851344,-0.11230735349851344,0.0,False,False,False,fiscally_ordinary,not_feasible,not_feasible
pilot_per_tierA_baseline_pilot_v2,PER,PEN,mid,r2,2034,0.004250000000000087,0.08021805984449866,0.003414502698713795,0.11190644538215033,0.11190644538215033,0.00038210485976082024,-0.0006259838101899187,0.005573845262039806,0.005573845262039806,-0.11230735349851344,-0.11230735349851344,0.05,False,False,False,fiscally_ordinary,not_feasible,not_feasible
pilot_per_tierA_baseline_pilot_v2,PER,PEN,mid,r2,2034,0.004250000000000087,0.08021805984449866,0.003414502698713795,0.11190644538215033,0.11190644538215033,0.00038210485976082024,-0.0006259838101899187,0.005573845262039806,0.005573845262039806,-0.11230735349851344,-0.11230735349851344,0.1,False,False,False,fiscally_ordinary,not_feasible,not_feasible
pilot_per_tierA_baseline_pilot_v2,PER,PEN,mid,r2,2034,0.004250000000000087,0.08021805984449866,0.003414502698713795,0.11190644538215033,0.11190644538215033,0.00038210485976082024,-0.0006259838101899187,0.005573845262039806,0.005573845262039806,-0.11230735349851344,-0.11230735349851344,0.25,False,False,False,fiscally_ordinary,not_feasible,not_feasible
pilot_per_tierA_baseline_pilot_v2,PER,PEN,mid,r2,2034,0.004250000000000087,0.08021805984449866,0.003414502698713795,0.11190644538215033,0.11190644538215033,0.00038210485976082024,-0.0006259838101899187,0.005573845262039806,0.005573845262039806,-0.11230735349851344,-0.11230735349851344,0.5,False,False,False,fiscally_ordinary,not_feasible,not_feasible
pilot_per_tierA_baseline_pilot_v2,PER,GMI,mid,r2,2034,0.004250000000000087,0.08021805984449866,0.003414502698713795,0.11190644538215033,0.11190644538215033,0.00038210485976082024,-0.003224955866888375,0.04180812064947627,0.04180812064947627,-0.07713706851180296,-0.07713706851180296,0.0,False,False,False,fiscally_ordinary,not_feasible,not_feasible
pilot_per_tierA_baseline_pilot_v2,PER,GMI,mid,r2,2034,0.004250000000000087,0.08021805984449866,0.003414502698713795,0.11190644538215033,0.11190644538215033,0.00038210485976082024,-0.003224955866888375,0.04180812064947627,0.04180812064947627,-0.07713706851180296,-0.07713706851180296,0.05,False,False,False,fiscally_ordinary,not_feasible,not_feasible
pilot_per_tierA_baseline_pilot_v2,PER,GMI,mid,r2,2034,0.004250000000000087,0.08021805984449866,0.003414502698713795,0.11190644538215033,0.11190644538215033,0.00038210485976082024,-0.003224955866888375,0.04180812064947627,0.04180812064947627,-0.07713706851180296,-0.07713706851180296,0.1,False,False,False,fiscally_ordinary,not_feasible,not_feasible
pilot_per_tierA_baseline_pilot_v2,PER,GMI,mid,r2,2034,0.004250000000000087,0.08021805984449866,0.003414502698713795,0.11190644538215033,0.11190644538215033,0.00038210485976082024,-0.003224955866888375,0.04180812064947627,0.04180812064947627,-0.07713706851180296,-0.07713706851180296,0.25,False,False,False,fiscally_ordinary,not_feasible,not_feasible
pilot_per_tierA_baseline_pilot_v2,PER,GMI,mid,r2,2034,0.004250000000000087,0.08021805984449866,0.003414502698713795,0.11190644538215033,0.11190644538215033,0.00038210485976082024,-0.003224955866888375,0.04180812064947627,0.04180812064947627,-0.07713706851180296,-0.07713706851180296,0.5,False,False,False,fiscally_ordinary,not_feasible,not_feasible
pilot_per_tierA_baseline_pilot_v2,PER,MUT,mid,r2,2034,0.004250000000000087,0.08021805984449866,0.003414502698713795,0.11190644538215033,0.11190644538215033,0.00038210485976082024,-0.0005667005589583916,0.053394790101502256,0.053394790101502256,-0.010613405500445023,-0.010613405500445023,0.0,False,False,False,fiscally_ordinary,not_feasible,not_feasible
pilot_per_tierA_baseline_pilot_v2,PER,MUT,mid,r2,2034,0.004250000000000087,0.08021805984449866,0.003414502698713795,0.11190644538215033,0.11190644538215033,0.00038210485976082024,-0.0005667005589583916,0.053394790101502256,0.053394790101502256,-0.010613405500445023,-0.010613405500445023,0.05,False,False,False,fiscally_ordinary,not_feasible,not_feasible
pilot_per_tierA_baseline_pilot_v2,PER,MUT,mid,r2,2034,0.004250000000000087,0.08021805984449866,0.003414502698713795,0.11190644538215033,0.11190644538215033,0.00038210485976082024,-0.0005667005589583916,0.053394790101502256,0.053394790101502256,-0.010613405500445023,-0.010613405500445023,0.1,False,False,False,fiscally_ordinary,not_feasible,not_feasible
pilot_per_tierA_baseline_pilot_v2,PER,MUT,mid,r2,2034,0.004250000000000087,0.08021805984449866,0.003414502698713795,0.11190644538215033,0.11190644538215033,0.00038210485976082024,-0.0005667005589583916,0.053394790101502256,0.053394790101502256,-0.010613405500445023,-0.010613405500445023,0.25,False,False,False,fiscally_ordinary,not_feasible,not_feasible
pilot_per_tierA_baseline_pilot_v2,PER,MUT,mid,r2,2034,0.004250000000000087,0.08021805984449866,0.003414502698713795,0.11190644538215033,0.11190644538215033,0.00038210485976082024,-0.0005667005589583916,0.053394790101502256,0.053394790101502256,-0.010613405500445023,-0.010613405500445023,0.5,False,False,False,fiscally_ordinary,not_feasible,not_feasible
pilot_per_tierA_baseline_pilot_v2,PER,PBI,mid,r2,2034,0.004250000000000087,0.08021805984449866,0.003414502698713795,0.11190644538215033,0.11190644538215033,0.00038210485976082024,-0.0004667005589583916,0.0796945147314945,0.0796945147314945,-0.005856118962902174,-0.005856118962902174,0.0,False,False,False,fiscally_ordinary,not_feasible,not_feasible
pilot_per_tierA_baseline_pilot_v2,PER,PBI,mid,r2,2034,0.004250000000000087,0.08021805984449866,0.003414502698713795,0.11190644538215033,0.11190644538215033,0.00038210485976082024,-0.0004667005589583916,0.0796945147314945,0.0796945147314945,-0.005856118962902174,-0.005856118962902174,0.05,False,False,False,fiscally_ordinary,not_feasible,not_feasible
pilot_per_tierA_baseline_pilot_v2,PER,PBI,mid,r2,2034,0.004250000000000087,0.08021805984449866,0.003414502698713795,0.11190644538215033,0.11190644538215033,0.00038210485976082024,-0.0004667005589583916,0.0796945147314945,0.0796945147314945,-0.005856118962902174,-0.005856118962902174,0.1,False,False,False,fiscally_ordinary,not_feasible,not_feasible
pilot_per_tierA_baseline_pilot_v2,PER,PBI,mid,r2,2034,0.004250000000000087,0.08021805984449866,0.003414502698713795,0.11190644538215033,0.11190644538215033,0.00038210485976082024,-0.0004667005589583916,0.0796945147314945,0.0796945147314945,-0.005856118962902174,-0.005856118962902174,0.25,False,False,False,fiscally_ordinary,not_feasible,not_feasible
pilot_per_tierA_baseline_pilot_v2,PER,PBI,mid,r2,2034,0.004250000000000087,0.08021805984449866,0.003414502698713795,0.11190644538215033,0.11190644538215033,0.00038210485976082024,-0.0004667005589583916,0.0796945147314945,0.0796945147314945,-0.005856118962902174,-0.005856118962902174,0.5,False,False,False,fiscally_ordinary,not_feasible,not_feasible
pilot_per_tierA_baseline_pilot_v2,PER,UBI,mid,r2,2034,0.004250000000000087,0.08021805984449866,0.003414502698713795,0.11190644538215033,0.11190644538215033,0.00038210485976082024,-0.0006039616427022337,0.21357916040600902,0.21357916040600902,-0.0028278116720475755,-0.0028278116720475755,0.0,False,False,False,fiscally_ordinary,not_feasible,stress_benchmark_only
pilot_per_tierA_baseline_pilot_v2,PER,UBI,mid,r2,2034,0.004250000000000087,0.08021805984449866,0.003414502698713795,0.11190644538215033,0.11190644538215033,0.00038210485976082024,-0.0006039616427022337,0.21357916040600902,0.21357916040600902,-0.0028278116720475755,-0.0028278116720475755,0.05,False,False,False,fiscally_ordinary,not_feasible,stress_benchmark_only
pilot_per_tierA_baseline_pilot_v2,PER,UBI,mid,r2,2034,0.004250000000000087,0.08021805984449866,0.003414502698713795,0.11190644538215033,0.11190644538215033,0.00038210485976082024,-0.0006039616427022337,0.21357916040600902,0.21357916040600902,-0.0028278116720475755,-0.0028278116720475755,0.1,False,False,False,fiscally_ordinary,not_feasible,stress_benchmark_only
pilot_per_tierA_baseline_pilot_v2,PER,UBI,mid,r2,2034,0.004250000000000087,0.08021805984449866,0.003414502698713795,0.11190644538215033,0.11190644538215033,0.00038210485976082024,-0.0006039616427022337,0.21357916040600902,0.21357916040600902,-0.0028278116720475755,-0.0028278116720475755,0.25,False,False,False,fiscally_ordinary,not_feasible,stress_benchmark_only
pilot_per_tierA_baseline_pilot_v2,PER,UBI,mid,r2,2034,0.004250000000000087,0.08021805984449866,0.003414502698713795,0.11190644538215033,0.11190644538215033,0.00038210485976082024,-0.0006039616427022337,0.21357916040600902,0.21357916040600902,-0.0028278116720475755,-0.0028278116720475755,0.5,False,False,False,fiscally_ordinary,not_feasible,stress_benchmark_only
pilot_per_tierA_baseline_pilot_v2,PER,PEN,mid,r3,2034,0.004250000000000087,0.08021805984449866,0.003414502698713795,0.09914074771906965,0.09914074771906965,0.00033851635063926683,-0.0006815723193114721,0.005573845262039806,0.005573845262039806,-0.12228045223165089,-0.12228045223165089,0.0,False,False,False,fiscally_ordinary,not_feasible,not_feasible
pilot_per_tierA_baseline_pilot_v2,PER,PEN,mid,r3,2034,0.004250000000000087,0.08021805984449866,0.003414502698713795,0.09914074771906965,0.09914074771906965,0.00033851635063926683,-0.0006815723193114721,0.005573845262039806,0.005573845262039806,-0.12228045223165089,-0.12228045223165089,0.05,False,False,False,fiscally_ordinary,not_feasible,not_feasible
pilot_per_tierA_baseline_pilot_v2,PER,PEN,mid,r3,2034,0.004250000000000087,0.08021805984449866,0.003414502698713795,0.09914074771906965,0.09914074771906965,0.00033851635063926683,-0.0006815723193114721,0.005573845262039806,0.005573845262039806,-0.12228045223165089,-0.12228045223165089,0.1,False,False,False,fiscally_ordinary,not_feasible,not_feasible
pilot_per_tierA_baseline_pilot_v2,PER,PEN,mid,r3,2034,0.004250000000000087,0.08021805984449866,0.003414502698713795,0.09914074771906965,0.09914074771906965,0.00033851635063926683,-0.0006815723193114721,0.005573845262039806,0.005573845262039806,-0.12228045223165089,-0.12228045223165089,0.25,False,False,False,fiscally_ordinary,not_feasible,not_feasible
pilot_per_tierA_baseline_pilot_v2,PER,PEN,mid,r3,2034,0.004250000000000087,0.08021805984449866,0.003414502698713795,0.09914074771906965,0.09914074771906965,0.00033851635063926683,-0.0006815723193114721,0.005573845262039806,0.005573845262039806,-0.12228045223165089,-0.12228045223165089,0.5,False,False,False,fiscally_ordinary,not_feasible,not_feasible
pilot_per_tierA_baseline_pilot_v2,PER,GMI,mid,r3,2034,0.004250000000000087,0.08021805984449866,0.003414502698713795,0.09914074771906965,0.09914074771906965,0.00033851635063926683,-0.0032985443760099285,0.04180812064947627,0.04180812064947627,-0.07889721720967263,-0.07889721720967263,0.0,False,False,False,fiscally_ordinary,not_feasible,not_feasible
pilot_per_tierA_baseline_pilot_v2,PER,GMI,mid,r3,2034,0.004250000000000087,0.08021805984449866,0.003414502698713795,0.09914074771906965,0.09914074771906965,0.00033851635063926683,-0.0032985443760099285,0.04180812064947627,0.04180812064947627,-0.07889721720967263,-0.07889721720967263,0.05,False,False,False,fiscally_ordinary,not_feasible,not_feasible
pilot_per_tierA_baseline_pilot_v2,PER,GMI,mid,r3,2034,0.004250000000000087,0.08021805984449866,0.003414502698713795,0.09914074771906965,0.09914074771906965,0.00033851635063926683,-0.0032985443760099285,0.04180812064947627,0.04180812064947627,-0.07889721720967263,-0.07889721720967263,0.1,False,False,False,fiscally_ordinary,not_feasible,not_feasible
pilot_per_tierA_baseline_pilot_v2,PER,GMI,mid,r3,2034,0.004250000000000087,0.08021805984449866,0.003414502698713795,0.09914074771906965,0.09914074771906965,0.00033851635063926683,-0.0032985443760099285,0.04180812064947627,0.04180812064947627,-0.07889721720967263,-0.07889721720967263,0.25,False,False,False,fiscally_ordinary,not_feasible,not_feasible
pilot_per_tierA_baseline_pilot_v2,PER,GMI,mid,r3,2034,0.004250000000000087,0.08021805984449866,0.003414502698713795,0.09914074771906965,0.09914074771906965,0.00033851635063926683,-0.0032985443760099285,0.04180812064947627,0.04180812064947627,-0.07889721720967263,-0.07889721720967263,0.5,False,False,False,fiscally_ordinary,not_feasible,not_feasible
pilot_per_tierA_baseline_pilot_v2,PER,MUT,mid,r3,2034,0.004250000000000087,0.08021805984449866,0.003414502698713795,0.09914074771906965,0.09914074771906965,0.00033851635063926683,-0.0006177890680799449,0.053394790101502256,0.053394790101502256,-0.011570212503982921,-0.011570212503982921,0.0,False,False,False,fiscally_ordinary,not_feasible,not_feasible
pilot_per_tierA_baseline_pilot_v2,PER,MUT,mid,r3,2034,0.004250000000000087,0.08021805984449866,0.003414502698713795,0.09914074771906965,0.09914074771906965,0.00033851635063926683,-0.0006177890680799449,0.053394790101502256,0.053394790101502256,-0.011570212503982921,-0.011570212503982921,0.05,False,False,False,fiscally_ordinary,not_feasible,not_feasible
pilot_per_tierA_baseline_pilot_v2,PER,MUT,mid,r3,2034,0.004250000000000087,0.08021805984449866,0.003414502698713795,0.09914074771906965,0.09914074771906965,0.00033851635063926683,-0.0006177890680799449,0.053394790101502256,0.053394790101502256,-0.011570212503982921,-0.011570212503982921,0.1,False,False,False,fiscally_ordinary,not_feasible,not_feasible
pilot_per_tierA_baseline_pilot_v2,PER,MUT,mid,r3,2034,0.004250000000000087,0.08021805984449866,0.003414502698713795,0.09914074771906965,0.09914074771906965,0.00033851635063926683,-0.0006177890680799449,0.053394790101502256,0.053394790101502256,-0.011570212503982921,-0.011570212503982921,0.25,False,False,False,fiscally_ordinary,not_feasible,not_feasible
pilot_per_tierA_baseline_pilot_v2,PER,MUT,mid,r3,2034,0.004250000000000087,0.08021805984449866,0.003414502698713795,0.09914074771906965,0.09914074771906965,0.00033851635063926683,-0.0006177890680799449,0.053394790101502256,0.053394790101502256,-0.011570212503982921,-0.011570212503982921,0.5,False,False,False,fiscally_ordinary,not_feasible,not_feasible
pilot_per_tierA_baseline_pilot_v2,PER,PBI,mid,r3,2034,0.004250000000000087,0.08021805984449866,0.003414502698713795,0.09914074771906965,0.09914074771906965,0.00033851635063926683,-0.000517789068079945,0.0796945147314945,0.0796945147314945,-0.0064971732348766,-0.0064971732348766,0.0,False,False,False,fiscally_ordinary,not_feasible,not_feasible
pilot_per_tierA_baseline_pilot_v2,PER,PBI,mid,r3,2034,0.004250000000000087,0.08021805984449866,0.003414502698713795,0.09914074771906965,0.09914074771906965,0.00033851635063926683,-0.000517789068079945,0.0796945147314945,0.0796945147314945,-0.0064971732348766,-0.0064971732348766,0.05,False,False,False,fiscally_ordinary,not_feasible,not_feasible
pilot_per_tierA_baseline_pilot_v2,PER,PBI,mid,r3,2034,0.004250000000000087,0.08021805984449866,0.003414502698713795,0.09914074771906965,0.09914074771906965,0.00033851635063926683,-0.000517789068079945,0.0796945147314945,0.0796945147314945,-0.0064971732348766,-0.0064971732348766,0.1,False,False,False,fiscally_ordinary,not_feasible,not_feasible
pilot_per_tierA_baseline_pilot_v2,PER,PBI,mid,r3,2034,0.004250000000000087,0.08021805984449866,0.003414502698713795,0.09914074771906965,0.09914074771906965,0.00033851635063926683,-0.000517789068079945,0.0796945147314945,0.0796945147314945,-0.0064971732348766,-0.0064971732348766,0.25,False,False,False,fiscally_ordinary,not_feasible,not_feasible
pilot_per_tierA_baseline_pilot_v2,PER,PBI,mid,r3,2034,0.004250000000000087,0.08021805984449866,0.003414502698713795,0.09914074771906965,0.09914074771906965,0.00033851635063926683,-0.000517789068079945,0.0796945147314945,0.0796945147314945,-0.0064971732348766,-0.0064971732348766,0.5,False,False,False,fiscally_ordinary,not_feasible,not_feasible
pilot_per_tierA_baseline_pilot_v2,PER,UBI,mid,r3,2034,0.004250000000000087,0.08021805984449866,0.003414502698713795,0.09914074771906965,0.09914074771906965,0.00033851635063926683,-0.0006520501518237872,0.21357916040600902,0.21357916040600902,-0.0030529671087022488,-0.0030529671087022488,0.0,False,False,False,fiscally_ordinary,not_feasible,stress_benchmark_only
pilot_per_tierA_baseline_pilot_v2,PER,UBI,mid,r3,2034,0.004250000000000087,0.08021805984449866,0.003414502698713795,0.09914074771906965,0.09914074771906965,0.00033851635063926683,-0.0006520501518237872,0.21357916040600902,0.21357916040600902,-0.0030529671087022488,-0.0030529671087022488,0.05,False,False,False,fiscally_ordinary,not_feasible,stress_benchmark_only
pilot_per_tierA_baseline_pilot_v2,PER,UBI,mid,r3,2034,0.004250000000000087,0.08021805984449866,0.003414502698713795,0.09914074771906965,0.09914074771906965,0.00033851635063926683,-0.0006520501518237872,0.21357916040600902,0.21357916040600902,-0.0030529671087022488,-0.0030529671087022488,0.1,False,False,False,fiscally_ordinary,not_feasible,stress_benchmark_only
pilot_per_tierA_baseline_pilot_v2,PER,UBI,mid,r3,2034,0.004250000000000087,0.08021805984449866,0.003414502698713795,0.09914074771906965,0.09914074771906965,0.00033851635063926683,-0.0006520501518237872,0.21357916040600902,0.21357916040600902,-0.0030529671087022488,-0.0030529671087022488,0.25,False,False,False,fiscally_ordinary,not_feasible,stress_benchmark_only
pilot_per_tierA_baseline_pilot_v2,PER,UBI,mid,r3,2034,0.004250000000000087,0.08021805984449866,0.003414502698713795,0.09914074771906965,0.09914074771906965,0.00033851635063926683,-0.0006520501518237872,0.21357916040600902,0.21357916040600902,-0.0030529671087022488,-0.0030529671087022488,0.5,False,False,False,fiscally_ordinary,not_feasible,stress_benchmark_only
pilot_per_tierA_baseline_pilot_v2,PER,PEN,mid,r4,2034,0.004250000000000087,0.08021805984449866,0.003414502698713795,0.12402663075016121,0.12402663075016121,0.0004234892654088048,-0.0005645994045419342,0.005573845262039806,0.005573845262039806,-0.1012944166905906,-0.1012944166905906,0.0,False,False,False,fiscally_ordinary,not_feasible,not_feasible
pilot_per_tierA_baseline_pilot_v2,PER,PEN,mid,r4,2034,0.004250000000000087,0.08021805984449866,0.003414502698713795,0.12402663075016121,0.12402663075016121,0.0004234892654088048,-0.0005645994045419342,0.005573845262039806,0.005573845262039806,-0.1012944166905906,-0.1012944166905906,0.05,False,False,False,fiscally_ordinary,not_feasible,not_feasible
pilot_per_tierA_baseline_pilot_v2,PER,PEN,mid,r4,2034,0.004250000000000087,0.08021805984449866,0.003414502698713795,0.12402663075016121,0.12402663075016121,0.0004234892654088048,-0.0005645994045419342,0.005573845262039806,0.005573845262039806,-0.1012944166905906,-0.1012944166905906,0.1,False,False,False,fiscally_ordinary,not_feasible,not_feasible
pilot_per_tierA_baseline_pilot_v2,PER,PEN,mid,r4,2034,0.004250000000000087,0.08021805984449866,0.003414502698713795,0.12402663075016121,0.12402663075016121,0.0004234892654088048,-0.0005645994045419342,0.005573845262039806,0.005573845262039806,-0.1012944166905906,-0.1012944166905906,0.25,False,False,False,fiscally_ordinary,not_feasible,not_feasible
pilot_per_tierA_baseline_pilot_v2,PER,PEN,mid,r4,2034,0.004250000000000087,0.08021805984449866,0.003414502698713795,0.12402663075016121,0.12402663075016121,0.0004234892654088048,-0.0005645994045419342,0.005573845262039806,0.005573845262039806,-0.1012944166905906,-0.1012944166905906,0.5,False,False,False,fiscally_ordinary,not_feasible,not_feasible
pilot_per_tierA_baseline_pilot_v2,PER,GMI,mid,r4,2034,0.004250000000000087,0.08021805984449866,0.003414502698713795,0.12402663075016121,0.12402663075016121,0.0004234892654088048,-0.0031335714612403904,0.04180812064947627,0.04180812064947627,-0.07495126335652795,-0.07495126335652795,0.0,False,False,False,fiscally_ordinary,not_feasible,not_feasible
pilot_per_tierA_baseline_pilot_v2,PER,GMI,mid,r4,2034,0.004250000000000087,0.08021805984449866,0.003414502698713795,0.12402663075016121,0.12402663075016121,0.0004234892654088048,-0.0031335714612403904,0.04180812064947627,0.04180812064947627,-0.07495126335652795,-0.07495126335652795,0.05,False,False,False,fiscally_ordinary,not_feasible,not_feasible
pilot_per_tierA_baseline_pilot_v2,PER,GMI,mid,r4,2034,0.004250000000000087,0.08021805984449866,0.003414502698713795,0.12402663075016121,0.12402663075016121,0.0004234892654088048,-0.0031335714612403904,0.04180812064947627,0.04180812064947627,-0.07495126335652795,-0.07495126335652795,0.1,False,False,False,fiscally_ordinary,not_feasible,not_feasible
pilot_per_tierA_baseline_pilot_v2,PER,GMI,mid,r4,2034,0.004250000000000087,0.08021805984449866,0.003414502698713795,0.12402663075016121,0.12402663075016121,0.0004234892654088048,-0.0031335714612403904,0.04180812064947627,0.04180812064947627,-0.07495126335652795,-0.07495126335652795,0.25,False,False,False,fiscally_ordinary,not_feasible,not_feasible
pilot_per_tierA_baseline_pilot_v2,PER,GMI,mid,r4,2034,0.004250000000000087,0.08021805984449866,0.003414502698713795,0.12402663075016121,0.12402663075016121,0.0004234892654088048,-0.0031335714612403904,0.04180812064947627,0.04180812064947627,-0.07495126335652795,-0.07495126335652795,0.5,False,False,False,fiscally_ordinary,not_feasible,not_feasible
pilot_per_tierA_baseline_pilot_v2,PER,MUT,mid,r4,2034,0.004250000000000087,0.08021805984449866,0.003414502698713795,0.12402663075016121,0.12402663075016121,0.0004234892654088048,-0.0005128161533104069,0.053394790101502256,0.053394790101502256,-0.009604235775354774,-0.009604235775354774,0.0,False,False,False,fiscally_ordinary,not_feasible,not_feasible
pilot_per_tierA_baseline_pilot_v2,PER,MUT,mid,r4,2034,0.004250000000000087,0.08021805984449866,0.003414502698713795,0.12402663075016121,0.12402663075016121,0.0004234892654088048,-0.0005128161533104069,0.053394790101502256,0.053394790101502256,-0.009604235775354774,-0.009604235775354774,0.05,False,False,False,fiscally_ordinary,not_feasible,not_feasible
pilot_per_tierA_baseline_pilot_v2,PER,MUT,mid,r4,2034,0.004250000000000087,0.08021805984449866,0.003414502698713795,0.12402663075016121,0.12402663075016121,0.0004234892654088048,-0.0005128161533104069,0.053394790101502256,0.053394790101502256,-0.009604235775354774,-0.009604235775354774,0.1,False,False,False,fiscally_ordinary,not_feasible,not_feasible
pilot_per_tierA_baseline_pilot_v2,PER,MUT,mid,r4,2034,0.004250000000000087,0.08021805984449866,0.003414502698713795,0.12402663075016121,0.12402663075016121,0.0004234892654088048,-0.0005128161533104069,0.053394790101502256,0.053394790101502256,-0.009604235775354774,-0.009604235775354774,0.25,False,False,False,fiscally_ordinary,not_feasible,not_feasible
pilot_per_tierA_baseline_pilot_v2,PER,MUT,mid,r4,2034,0.004250000000000087,0.08021805984449866,0.003414502698713795,0.12402663075016121,0.12402663075016121,0.0004234892654088048,-0.0005128161533104069,0.053394790101502256,0.053394790101502256,-0.009604235775354774,-0.009604235775354774,0.5,False,False,False,fiscally_ordinary,not_feasible,not_feasible
pilot_per_tierA_baseline_pilot_v2,PER,PBI,mid,r4,2034,0.004250000000000087,0.08021805984449866,0.003414502698713795,0.12402663075016121,0.12402663075016121,0.0004234892654088048,-0.00041281615331040705,0.0796945147314945,0.0796945147314945,-0.0051799820188536275,-0.0051799820188536275,0.0,False,False,False,fiscally_ordinary,not_feasible,not_feasible
pilot_per_tierA_baseline_pilot_v2,PER,PBI,mid,r4,2034,0.004250000000000087,0.08021805984449866,0.003414502698713795,0.12402663075016121,0.12402663075016121,0.0004234892654088048,-0.00041281615331040705,0.0796945147314945,0.0796945147314945,-0.0051799820188536275,-0.0051799820188536275,0.05,False,False,False,fiscally_ordinary,not_feasible,not_feasible
pilot_per_tierA_baseline_pilot_v2,PER,PBI,mid,r4,2034,0.004250000000000087,0.08021805984449866,0.003414502698713795,0.12402663075016121,0.12402663075016121,0.0004234892654088048,-0.00041281615331040705,0.0796945147314945,0.0796945147314945,-0.0051799820188536275,-0.0051799820188536275,0.1,False,False,False,fiscally_ordinary,not_feasible,not_feasible
pilot_per_tierA_baseline_pilot_v2,PER,PBI,mid,r4,2034,0.004250000000000087,0.08021805984449866,0.003414502698713795,0.12402663075016121,0.12402663075016121,0.0004234892654088048,-0.00041281615331040705,0.0796945147314945,0.0796945147314945,-0.0051799820188536275,-0.0051799820188536275,0.25,False,False,False,fiscally_ordinary,not_feasible,not_feasible
pilot_per_tierA_baseline_pilot_v2,PER,PBI,mid,r4,2034,0.004250000000000087,0.08021805984449866,0.003414502698713795,0.12402663075016121,0.12402663075016121,0.0004234892654088048,-0.00041281615331040705,0.0796945147314945,0.0796945147314945,-0.0051799820188536275,-0.0051799820188536275,0.5,False,False,False,fiscally_ordinary,not_feasible,not_feasible
pilot_per_tierA_baseline_pilot_v2,PER,UBI,mid,r4,2034,0.004250000000000087,0.08021805984449866,0.003414502698713795,0.12402663075016121,0.12402663075016121,0.0004234892654088048,-0.0005550772370542492,0.21357916040600902,0.21357916040600902,-0.00259892976449135,-0.00259892976449135,0.0,False,False,False,fiscally_ordinary,not_feasible,stress_benchmark_only
pilot_per_tierA_baseline_pilot_v2,PER,UBI,mid,r4,2034,0.004250000000000087,0.08021805984449866,0.003414502698713795,0.12402663075016121,0.12402663075016121,0.0004234892654088048,-0.0005550772370542492,0.21357916040600902,0.21357916040600902,-0.00259892976449135,-0.00259892976449135,0.05,False,False,False,fiscally_ordinary,not_feasible,stress_benchmark_only
pilot_per_tierA_baseline_pilot_v2,PER,UBI,mid,r4,2034,0.004250000000000087,0.08021805984449866,0.003414502698713795,0.12402663075016121,0.12402663075016121,0.0004234892654088048,-0.0005550772370542492,0.21357916040600902,0.21357916040600902,-0.00259892976449135,-0.00259892976449135,0.1,False,False,False,fiscally_ordinary,not_feasible,stress_benchmark_only
pilot_per_tierA_baseline_pilot_v2,PER,UBI,mid,r4,2034,0.004250000000000087,0.08021805984449866,0.003414502698713795,0.12402663075016121,0.12402663075016121,0.0004234892654088048,-0.0005550772370542492,0.21357916040600902,0.21357916040600902,-0.00259892976449135,-0.00259892976449135,0.25,False,False,False,fiscally_ordinary,not_feasible,stress_benchmark_only
pilot_per_tierA_baseline_pilot_v2,PER,UBI,mid,r4,2034,0.004250000000000087,0.08021805984449866,0.003414502698713795,0.12402663075016121,0.12402663075016121,0.0004234892654088048,-0.0005550772370542492,0.21357916040600902,0.21357916040600902,-0.00259892976449135,-0.00259892976449135,0.5,False,False,False,fiscally_ordinary,not_feasible,stress_benchmark_only
pilot_per_tierA_baseline_pilot_v2,PER,PEN,high,r0,2034,0.003801304370164793,0.08021805984449866,0.003053520312054969,0.10038977082117742,0.10038977082117742,0.0003065422043250085,-0.0007215464656257305,0.005573845262039806,0.005573845262039806,-0.12945218815810347,-0.12945218815810347,0.0,False,False,False,fiscally_ordinary,not_feasible,not_feasible
pilot_per_tierA_baseline_pilot_v2,PER,PEN,high,r0,2034,0.003801304370164793,0.08021805984449866,0.003053520312054969,0.10038977082117742,0.10038977082117742,0.0003065422043250085,-0.0007215464656257305,0.005573845262039806,0.005573845262039806,-0.12945218815810347,-0.12945218815810347,0.05,False,False,False,fiscally_ordinary,not_feasible,not_feasible
pilot_per_tierA_baseline_pilot_v2,PER,PEN,high,r0,2034,0.003801304370164793,0.08021805984449866,0.003053520312054969,0.10038977082117742,0.10038977082117742,0.0003065422043250085,-0.0007215464656257305,0.005573845262039806,0.005573845262039806,-0.12945218815810347,-0.12945218815810347,0.1,False,False,False,fiscally_ordinary,not_feasible,not_feasible
pilot_per_tierA_baseline_pilot_v2,PER,PEN,high,r0,2034,0.003801304370164793,0.08021805984449866,0.003053520312054969,0.10038977082117742,0.10038977082117742,0.0003065422043250085,-0.0007215464656257305,0.005573845262039806,0.005573845262039806,-0.12945218815810347,-0.12945218815810347,0.25,False,False,False,fiscally_ordinary,not_feasible,not_feasible
pilot_per_tierA_baseline_pilot_v2,PER,PEN,high,r0,2034,0.003801304370164793,0.08021805984449866,0.003053520312054969,0.10038977082117742,0.10038977082117742,0.0003065422043250085,-0.0007215464656257305,0.005573845262039806,0.005573845262039806,-0.12945218815810347,-0.12945218815810347,0.5,False,False,False,fiscally_ordinary,not_feasible,not_feasible
pilot_per_tierA_baseline_pilot_v2,PER,GMI,high,r0,2034,0.003801304370164793,0.08021805984449866,0.003053520312054969,0.10038977082117742,0.10038977082117742,0.0003065422043250085,-0.0033505185223241868,0.04180812064947627,0.04180812064947627,-0.08014037632581696,-0.08014037632581696,0.0,False,False,False,fiscally_ordinary,not_feasible,not_feasible
pilot_per_tierA_baseline_pilot_v2,PER,GMI,high,r0,2034,0.003801304370164793,0.08021805984449866,0.003053520312054969,0.10038977082117742,0.10038977082117742,0.0003065422043250085,-0.0033505185223241868,0.04180812064947627,0.04180812064947627,-0.08014037632581696,-0.08014037632581696,0.05,False,False,False,fiscally_ordinary,not_feasible,not_feasible
pilot_per_tierA_baseline_pilot_v2,PER,GMI,high,r0,2034,0.003801304370164793,0.08021805984449866,0.003053520312054969,0.10038977082117742,0.10038977082117742,0.0003065422043250085,-0.0033505185223241868,0.04180812064947627,0.04180812064947627,-0.08014037632581696,-0.08014037632581696,0.1,False,False,False,fiscally_ordinary,not_feasible,not_feasible
pilot_per_tierA_baseline_pilot_v2,PER,GMI,high,r0,2034,0.003801304370164793,0.08021805984449866,0.003053520312054969,0.10038977082117742,0.10038977082117742,0.0003065422043250085,-0.0033505185223241868,0.04180812064947627,0.04180812064947627,-0.08014037632581696,-0.08014037632581696,0.25,False,False,False,fiscally_ordinary,not_feasible,not_feasible
pilot_per_tierA_baseline_pilot_v2,PER,GMI,high,r0,2034,0.003801304370164793,0.08021805984449866,0.003053520312054969,0.10038977082117742,0.10038977082117742,0.0003065422043250085,-0.0033505185223241868,0.04180812064947627,0.04180812064947627,-0.08014037632581696,-0.08014037632581696,0.5,False,False,False,fiscally_ordinary,not_feasible,not_feasible
pilot_per_tierA_baseline_pilot_v2,PER,MUT,high,r0,2034,0.003801304370164793,0.08021805984449866,0.003053520312054969,0.10038977082117742,0.10038977082117742,0.0003065422043250085,-0.0006547632143942033,0.053394790101502256,0.053394790101502256,-0.0122626798073279,-0.0122626798073279,0.0,False,False,False,fiscally_ordinary,not_feasible,not_feasible
pilot_per_tierA_baseline_pilot_v2,PER,MUT,high,r0,2034,0.003801304370164793,0.08021805984449866,0.003053520312054969,0.10038977082117742,0.10038977082117742,0.0003065422043250085,-0.0006547632143942033,0.053394790101502256,0.053394790101502256,-0.0122626798073279,-0.0122626798073279,0.05,False,False,False,fiscally_ordinary,not_feasible,not_feasible
pilot_per_tierA_baseline_pilot_v2,PER,MUT,high,r0,2034,0.003801304370164793,0.08021805984449866,0.003053520312054969,0.10038977082117742,0.10038977082117742,0.0003065422043250085,-0.0006547632143942033,0.053394790101502256,0.053394790101502256,-0.0122626798073279,-0.0122626798073279,0.1,False,False,False,fiscally_ordinary,not_feasible,not_feasible
pilot_per_tierA_baseline_pilot_v2,PER,MUT,high,r0,2034,0.003801304370164793,0.08021805984449866,0.003053520312054969,0.10038977082117742,0.10038977082117742,0.0003065422043250085,-0.0006547632143942033,0.053394790101502256,0.053394790101502256,-0.0122626798073279,-0.0122626798073279,0.25,False,False,False,fiscally_ordinary,not_feasible,not_feasible
pilot_per_tierA_baseline_pilot_v2,PER,MUT,high,r0,2034,0.003801304370164793,0.08021805984449866,0.003053520312054969,0.10038977082117742,0.10038977082117742,0.0003065422043250085,-0.0006547632143942033,0.053394790101502256,0.053394790101502256,-0.0122626798073279,-0.0122626798073279,0.5,False,False,False,fiscally_ordinary,not_feasible,not_feasible
pilot_per_tierA_baseline_pilot_v2,PER,PBI,high,r0,2034,0.003801304370164793,0.08021805984449866,0.003053520312054969,0.10038977082117742,0.10038977082117742,0.0003065422043250085,-0.0005547632143942033,0.0796945147314945,0.0796945147314945,-0.006961121681502207,-0.006961121681502207,0.0,False,False,False,fiscally_ordinary,not_feasible,not_feasible
pilot_per_tierA_baseline_pilot_v2,PER,PBI,high,r0,2034,0.003801304370164793,0.08021805984449866,0.003053520312054969,0.10038977082117742,0.10038977082117742,0.0003065422043250085,-0.0005547632143942033,0.0796945147314945,0.0796945147314945,-0.006961121681502207,-0.006961121681502207,0.05,False,False,False,fiscally_ordinary,not_feasible,not_feasible
pilot_per_tierA_baseline_pilot_v2,PER,PBI,high,r0,2034,0.003801304370164793,0.08021805984449866,0.003053520312054969,0.10038977082117742,0.10038977082117742,0.0003065422043250085,-0.0005547632143942033,0.0796945147314945,0.0796945147314945,-0.006961121681502207,-0.006961121681502207,0.1,False,False,False,fiscally_ordinary,not_feasible,not_feasible
pilot_per_tierA_baseline_pilot_v2,PER,PBI,high,r0,2034,0.003801304370164793,0.08021805984449866,0.003053520312054969,0.10038977082117742,0.10038977082117742,0.0003065422043250085,-0.0005547632143942033,0.0796945147314945,0.0796945147314945,-0.006961121681502207,-0.006961121681502207,0.25,False,False,False,fiscally_ordinary,not_feasible,not_feasible
pilot_per_tierA_baseline_pilot_v2,PER,PBI,high,r0,2034,0.003801304370164793,0.08021805984449866,0.003053520312054969,0.10038977082117742,0.10038977082117742,0.0003065422043250085,-0.0005547632143942033,0.0796945147314945,0.0796945147314945,-0.006961121681502207,-0.006961121681502207,0.5,False,False,False,fiscally_ordinary,not_feasible,not_feasible
pilot_per_tierA_baseline_pilot_v2,PER,UBI,high,r0,2034,0.003801304370164793,0.08021805984449866,0.003053520312054969,0.10038977082117742,0.10038977082117742,0.0003065422043250085,-0.0006870242981380454,0.21357916040600902,0.21357916040600902,-0.0032167197250519584,-0.0032167197250519584,0.0,False,False,False,fiscally_ordinary,not_feasible,stress_benchmark_only
pilot_per_tierA_baseline_pilot_v2,PER,UBI,high,r0,2034,0.003801304370164793,0.08021805984449866,0.003053520312054969,0.10038977082117742,0.10038977082117742,0.0003065422043250085,-0.0006870242981380454,0.21357916040600902,0.21357916040600902,-0.0032167197250519584,-0.0032167197250519584,0.05,False,False,False,fiscally_ordinary,not_feasible,stress_benchmark_only
pilot_per_tierA_baseline_pilot_v2,PER,UBI,high,r0,2034,0.003801304370164793,0.08021805984449866,0.003053520312054969,0.10038977082117742,0.10038977082117742,0.0003065422043250085,-0.0006870242981380454,0.21357916040600902,0.21357916040600902,-0.0032167197250519584,-0.0032167197250519584,0.1,False,False,False,fiscally_ordinary,not_feasible,stress_benchmark_only
pilot_per_tierA_baseline_pilot_v2,PER,UBI,high,r0,2034,0.003801304370164793,0.08021805984449866,0.003053520312054969,0.10038977082117742,0.10038977082117742,0.0003065422043250085,-0.0006870242981380454,0.21357916040600902,0.21357916040600902,-0.0032167197250519584,-0.0032167197250519584,0.25,False,False,False,fiscally_ordinary,not_feasible,stress_benchmark_only
pilot_per_tierA_baseline_pilot_v2,PER,UBI,high,r0,2034,0.003801304370164793,0.08021805984449866,0.003053520312054969,0.10038977082117742,0.10038977082117742,0.0003065422043250085,-0.0006870242981380454,0.21357916040600902,0.21357916040600902,-0.0032167197250519584,-0.0032167197250519584,0.5,False,False,False,fiscally_ordinary,not_feasible,stress_benchmark_only
pilot_per_tierA_baseline_pilot_v2,PER,PEN,high,r1,2034,0.003801304370164793,0.08021805984449866,0.003053520312054969,0.10582793930590058,0.10582793930590058,0.0003231477622534879,-0.000684940907697251,0.005573845262039806,0.005573845262039806,-0.12288480851127716,-0.12288480851127716,0.0,False,False,False,fiscally_ordinary,not_feasible,not_feasible
pilot_per_tierA_baseline_pilot_v2,PER,PEN,high,r1,2034,0.003801304370164793,0.08021805984449866,0.003053520312054969,0.10582793930590058,0.10582793930590058,0.0003231477622534879,-0.000684940907697251,0.005573845262039806,0.005573845262039806,-0.12288480851127716,-0.12288480851127716,0.05,False,False,False,fiscally_ordinary,not_feasible,not_feasible
pilot_per_tierA_baseline_pilot_v2,PER,PEN,high,r1,2034,0.003801304370164793,0.08021805984449866,0.003053520312054969,0.10582793930590058,0.10582793930590058,0.0003231477622534879,-0.000684940907697251,0.005573845262039806,0.005573845262039806,-0.12288480851127716,-0.12288480851127716,0.1,False,False,False,fiscally_ordinary,not_feasible,not_feasible
pilot_per_tierA_baseline_pilot_v2,PER,PEN,high,r1,2034,0.003801304370164793,0.08021805984449866,0.003053520312054969,0.10582793930590058,0.10582793930590058,0.0003231477622534879,-0.000684940907697251,0.005573845262039806,0.005573845262039806,-0.12288480851127716,-0.12288480851127716,0.25,False,False,False,fiscally_ordinary,not_feasible,not_feasible
pilot_per_tierA_baseline_pilot_v2,PER,PEN,high,r1,2034,0.003801304370164793,0.08021805984449866,0.003053520312054969,0.10582793930590058,0.10582793930590058,0.0003231477622534879,-0.000684940907697251,0.005573845262039806,0.005573845262039806,-0.12288480851127716,-0.12288480851127716,0.5,False,False,False,fiscally_ordinary,not_feasible,not_feasible
pilot_per_tierA_baseline_pilot_v2,PER,GMI,high,r1,2034,0.003801304370164793,0.08021805984449866,0.003053520312054969,0.10582793930590058,0.10582793930590058,0.0003231477622534879,-0.0032839129643957073,0.04180812064947627,0.04180812064947627,-0.07854725142821853,-0.07854725142821853,0.0,False,False,False,fiscally_ordinary,not_feasible,not_feasible
pilot_per_tierA_baseline_pilot_v2,PER,GMI,high,r1,2034,0.003801304370164793,0.08021805984449866,0.003053520312054969,0.10582793930590058,0.10582793930590058,0.0003231477622534879,-0.0032839129643957073,0.04180812064947627,0.04180812064947627,-0.07854725142821853,-0.07854725142821853,0.05,False,False,False,fiscally_ordinary,not_feasible,not_feasible
pilot_per_tierA_baseline_pilot_v2,PER,GMI,high,r1,2034,0.003801304370164793,0.08021805984449866,0.003053520312054969,0.10582793930590058,0.10582793930590058,0.0003231477622534879,-0.0032839129643957073,0.04180812064947627,0.04180812064947627,-0.07854725142821853,-0.07854725142821853,0.1,False,False,False,fiscally_ordinary,not_feasible,not_feasible
pilot_per_tierA_baseline_pilot_v2,PER,GMI,high,r1,2034,0.003801304370164793,0.08021805984449866,0.003053520312054969,0.10582793930590058,0.10582793930590058,0.0003231477622534879,-0.0032839129643957073,0.04180812064947627,0.04180812064947627,-0.07854725142821853,-0.07854725142821853,0.25,False,False,False,fiscally_ordinary,not_feasible,not_feasible
pilot_per_tierA_baseline_pilot_v2,PER,GMI,high,r1,2034,0.003801304370164793,0.08021805984449866,0.003053520312054969,0.10582793930590058,0.10582793930590058,0.0003231477622534879,-0.0032839129643957073,0.04180812064947627,0.04180812064947627,-0.07854725142821853,-0.07854725142821853,0.5,False,False,False,fiscally_ordinary,not_feasible,not_feasible
pilot_per_tierA_baseline_pilot_v2,PER,MUT,high,r1,2034,0.003801304370164793,0.08021805984449866,0.003053520312054969,0.10582793930590058,0.10582793930590058,0.0003231477622534879,-0.0006256576564657239,0.053394790101502256,0.053394790101502256,-0.011717578723998413,-0.011717578723998413,0.0,False,False,False,fiscally_ordinary,not_feasible,not_feasible
pilot_per_tierA_baseline_pilot_v2,PER,MUT,high,r1,2034,0.003801304370164793,0.08021805984449866,0.003053520312054969,0.10582793930590058,0.10582793930590058,0.0003231477622534879,-0.0006256576564657239,0.053394790101502256,0.053394790101502256,-0.011717578723998413,-0.011717578723998413,0.05,False,False,False,fiscally_ordinary,not_feasible,not_feasible
pilot_per_tierA_baseline_pilot_v2,PER,MUT,high,r1,2034,0.003801304370164793,0.08021805984449866,0.003053520312054969,0.10582793930590058,0.10582793930590058,0.0003231477622534879,-0.0006256576564657239,0.053394790101502256,0.053394790101502256,-0.011717578723998413,-0.011717578723998413,0.1,False,False,False,fiscally_ordinary,not_feasible,not_feasible
pilot_per_tierA_baseline_pilot_v2,PER,MUT,high,r1,2034,0.003801304370164793,0.08021805984449866,0.003053520312054969,0.10582793930590058,0.10582793930590058,0.0003231477622534879,-0.0006256576564657239,0.053394790101502256,0.053394790101502256,-0.011717578723998413,-0.011717578723998413,0.25,False,False,False,fiscally_ordinary,not_feasible,not_feasible
pilot_per_tierA_baseline_pilot_v2,PER,MUT,high,r1,2034,0.003801304370164793,0.08021805984449866,0.003053520312054969,0.10582793930590058,0.10582793930590058,0.0003231477622534879,-0.0006256576564657239,0.053394790101502256,0.053394790101502256,-0.011717578723998413,-0.011717578723998413,0.5,False,False,False,fiscally_ordinary,not_feasible,not_feasible
pilot_per_tierA_baseline_pilot_v2,PER,PBI,high,r1,2034,0.003801304370164793,0.08021805984449866,0.003053520312054969,0.10582793930590058,0.10582793930590058,0.0003231477622534879,-0.0005256576564657239,0.0796945147314945,0.0796945147314945,-0.006595907613425609,-0.006595907613425609,0.0,False,False,False,fiscally_ordinary,not_feasible,not_feasible
pilot_per_tierA_baseline_pilot_v2,PER,PBI,high,r1,2034,0.003801304370164793,0.08021805984449866,0.003053520312054969,0.10582793930590058,0.10582793930590058,0.0003231477622534879,-0.0005256576564657239,0.0796945147314945,0.0796945147314945,-0.006595907613425609,-0.006595907613425609,0.05,False,False,False,fiscally_ordinary,not_feasible,not_feasible
pilot_per_tierA_baseline_pilot_v2,PER,PBI,high,r1,2034,0.003801304370164793,0.08021805984449866,0.003053520312054969,0.10582793930590058,0.10582793930590058,0.0003231477622534879,-0.0005256576564657239,0.0796945147314945,0.0796945147314945,-0.006595907613425609,-0.006595907613425609,0.1,False,False,False,fiscally_ordinary,not_feasible,not_feasible
pilot_per_tierA_baseline_pilot_v2,PER,PBI,high,r1,2034,0.003801304370164793,0.08021805984449866,0.003053520312054969,0.10582793930590058,0.10582793930590058,0.0003231477622534879,-0.0005256576564657239,0.0796945147314945,0.0796945147314945,-0.006595907613425609,-0.006595907613425609,0.25,False,False,False,fiscally_ordinary,not_feasible,not_feasible
pilot_per_tierA_baseline_pilot_v2,PER,PBI,high,r1,2034,0.003801304370164793,0.08021805984449866,0.003053520312054969,0.10582793930590058,0.10582793930590058,0.0003231477622534879,-0.0005256576564657239,0.0796945147314945,0.0796945147314945,-0.006595907613425609,-0.006595907613425609,0.5,False,False,False,fiscally_ordinary,not_feasible,not_feasible
pilot_per_tierA_baseline_pilot_v2,PER,UBI,high,r1,2034,0.003801304370164793,0.08021805984449866,0.003053520312054969,0.10582793930590058,0.10582793930590058,0.0003231477622534879,-0.0006629187402095661,0.21357916040600902,0.21357916040600902,-0.0031038549779359233,-0.0031038549779359233,0.0,False,False,False,fiscally_ordinary,not_feasible,stress_benchmark_only
pilot_per_tierA_baseline_pilot_v2,PER,UBI,high,r1,2034,0.003801304370164793,0.08021805984449866,0.003053520312054969,0.10582793930590058,0.10582793930590058,0.0003231477622534879,-0.0006629187402095661,0.21357916040600902,0.21357916040600902,-0.0031038549779359233,-0.0031038549779359233,0.05,False,False,False,fiscally_ordinary,not_feasible,stress_benchmark_only
pilot_per_tierA_baseline_pilot_v2,PER,UBI,high,r1,2034,0.003801304370164793,0.08021805984449866,0.003053520312054969,0.10582793930590058,0.10582793930590058,0.0003231477622534879,-0.0006629187402095661,0.21357916040600902,0.21357916040600902,-0.0031038549779359233,-0.0031038549779359233,0.1,False,False,False,fiscally_ordinary,not_feasible,stress_benchmark_only
pilot_per_tierA_baseline_pilot_v2,PER,UBI,high,r1,2034,0.003801304370164793,0.08021805984449866,0.003053520312054969,0.10582793930590058,0.10582793930590058,0.0003231477622534879,-0.0006629187402095661,0.21357916040600902,0.21357916040600902,-0.0031038549779359233,-0.0031038549779359233,0.25,False,False,False,fiscally_ordinary,not_feasible,stress_benchmark_only
pilot_per_tierA_baseline_pilot_v2,PER,UBI,high,r1,2034,0.003801304370164793,0.08021805984449866,0.003053520312054969,0.10582793930590058,0.10582793930590058,0.0003231477622534879,-0.0006629187402095661,0.21357916040600902,0.21357916040600902,-0.0031038549779359233,-0.0031038549779359233,0.5,False,False,False,fiscally_ordinary,not_feasible,stress_benchmark_only
pilot_per_tierA_baseline_pilot_v2,PER,PEN,high,r2,2034,0.003801304370164793,0.08021805984449866,0.003053520312054969,0.11066494612045896,0.11066494612045896,0.0003379176608112902,-0.0006701710091394488,0.005573845262039806,0.005573845262039806,-0.12023495049343957,-0.12023495049343957,0.0,False,False,False,fiscally_ordinary,not_feasible,not_feasible
pilot_per_tierA_baseline_pilot_v2,PER,PEN,high,r2,2034,0.003801304370164793,0.08021805984449866,0.003053520312054969,0.11066494612045896,0.11066494612045896,0.0003379176608112902,-0.0006701710091394488,0.005573845262039806,0.005573845262039806,-0.12023495049343957,-0.12023495049343957,0.05,False,False,False,fiscally_ordinary,not_feasible,not_feasible
pilot_per_tierA_baseline_pilot_v2,PER,PEN,high,r2,2034,0.003801304370164793,0.08021805984449866,0.003053520312054969,0.11066494612045896,0.11066494612045896,0.0003379176608112902,-0.0006701710091394488,0.005573845262039806,0.005573845262039806,-0.12023495049343957,-0.12023495049343957,0.1,False,False,False,fiscally_ordinary,not_feasible,not_feasible
pilot_per_tierA_baseline_pilot_v2,PER,PEN,high,r2,2034,0.003801304370164793,0.08021805984449866,0.003053520312054969,0.11066494612045896,0.11066494612045896,0.0003379176608112902,-0.0006701710091394488,0.005573845262039806,0.005573845262039806,-0.12023495049343957,-0.12023495049343957,0.25,False,False,False,fiscally_ordinary,not_feasible,not_feasible
pilot_per_tierA_baseline_pilot_v2,PER,PEN,high,r2,2034,0.003801304370164793,0.08021805984449866,0.003053520312054969,0.11066494612045896,0.11066494612045896,0.0003379176608112902,-0.0006701710091394488,0.005573845262039806,0.005573845262039806,-0.12023495049343957,-0.12023495049343957,0.5,False,False,False,fiscally_ordinary,not_feasible,not_feasible
pilot_per_tierA_baseline_pilot_v2,PER,GMI,high,r2,2034,0.003801304370164793,0.08021805984449866,0.003053520312054969,0.11066494612045896,0.11066494612045896,0.0003379176608112902,-0.003269143065837905,0.04180812064947627,0.04180812064947627,-0.07819397320551068,-0.07819397320551068,0.0,False,False,False,fiscally_ordinary,not_feasible,not_feasible
pilot_per_tierA_baseline_pilot_v2,PER,GMI,high,r2,2034,0.003801304370164793,0.08021805984449866,0.003053520312054969,0.11066494612045896,0.11066494612045896,0.0003379176608112902,-0.003269143065837905,0.04180812064947627,0.04180812064947627,-0.07819397320551068,-0.07819397320551068,0.05,False,False,False,fiscally_ordinary,not_feasible,not_feasible
pilot_per_tierA_baseline_pilot_v2,PER,GMI,high,r2,2034,0.003801304370164793,0.08021805984449866,0.003053520312054969,0.11066494612045896,0.11066494612045896,0.0003379176608112902,-0.003269143065837905,0.04180812064947627,0.04180812064947627,-0.07819397320551068,-0.07819397320551068,0.1,False,False,False,fiscally_ordinary,not_feasible,not_feasible
pilot_per_tierA_baseline_pilot_v2,PER,GMI,high,r2,2034,0.003801304370164793,0.08021805984449866,0.003053520312054969,0.11066494612045896,0.11066494612045896,0.0003379176608112902,-0.003269143065837905,0.04180812064947627,0.04180812064947627,-0.07819397320551068,-0.07819397320551068,0.25,False,False,False,fiscally_ordinary,not_feasible,not_feasible
pilot_per_tierA_baseline_pilot_v2,PER,GMI,high,r2,2034,0.003801304370164793,0.08021805984449866,0.003053520312054969,0.11066494612045896,0.11066494612045896,0.0003379176608112902,-0.003269143065837905,0.04180812064947627,0.04180812064947627,-0.07819397320551068,-0.07819397320551068,0.5,False,False,False,fiscally_ordinary,not_feasible,not_feasible
pilot_per_tierA_baseline_pilot_v2,PER,MUT,high,r2,2034,0.003801304370164793,0.08021805984449866,0.003053520312054969,0.11066494612045896,0.11066494612045896,0.0003379176608112902,-0.0006108877579079216,0.053394790101502256,0.053394790101502256,-0.011440961875618168,-0.011440961875618168,0.0,False,False,False,fiscally_ordinary,not_feasible,not_feasible
pilot_per_tierA_baseline_pilot_v2,PER,MUT,high,r2,2034,0.003801304370164793,0.08021805984449866,0.003053520312054969,0.11066494612045896,0.11066494612045896,0.0003379176608112902,-0.0006108877579079216,0.053394790101502256,0.053394790101502256,-0.011440961875618168,-0.011440961875618168,0.05,False,False,False,fiscally_ordinary,not_feasible,not_feasible
pilot_per_tierA_baseline_pilot_v2,PER,MUT,high,r2,2034,0.003801304370164793,0.08021805984449866,0.003053520312054969,0.11066494612045896,0.11066494612045896,0.0003379176608112902,-0.0006108877579079216,0.053394790101502256,0.053394790101502256,-0.011440961875618168,-0.011440961875618168,0.1,False,False,False,fiscally_ordinary,not_feasible,not_feasible
pilot_per_tierA_baseline_pilot_v2,PER,MUT,high,r2,2034,0.003801304370164793,0.08021805984449866,0.003053520312054969,0.11066494612045896,0.11066494612045896,0.0003379176608112902,-0.0006108877579079216,0.053394790101502256,0.053394790101502256,-0.011440961875618168,-0.011440961875618168,0.25,False,False,False,fiscally_ordinary,not_feasible,not_feasible
pilot_per_tierA_baseline_pilot_v2,PER,MUT,high,r2,2034,0.003801304370164793,0.08021805984449866,0.003053520312054969,0.11066494612045896,0.11066494612045896,0.0003379176608112902,-0.0006108877579079216,0.053394790101502256,0.053394790101502256,-0.011440961875618168,-0.011440961875618168,0.5,False,False,False,fiscally_ordinary,not_feasible,not_feasible
pilot_per_tierA_baseline_pilot_v2,PER,PBI,high,r2,2034,0.003801304370164793,0.08021805984449866,0.003053520312054969,0.11066494612045896,0.11066494612045896,0.0003379176608112902,-0.0005108877579079217,0.0796945147314945,0.0796945147314945,-0.006410576181173781,-0.006410576181173781,0.0,False,False,False,fiscally_ordinary,not_feasible,not_feasible
pilot_per_tierA_baseline_pilot_v2,PER,PBI,high,r2,2034,0.003801304370164793,0.08021805984449866,0.003053520312054969,0.11066494612045896,0.11066494612045896,0.0003379176608112902,-0.0005108877579079217,0.0796945147314945,0.0796945147314945,-0.006410576181173781,-0.006410576181173781,0.05,False,False,False,fiscally_ordinary,not_feasible,not_feasible
pilot_per_tierA_baseline_pilot_v2,PER,PBI,high,r2,2034,0.003801304370164793,0.08021805984449866,0.003053520312054969,0.11066494612045896,0.11066494612045896,0.0003379176608112902,-0.0005108877579079217,0.0796945147314945,0.0796945147314945,-0.006410576181173781,-0.006410576181173781,0.1,False,False,False,fiscally_ordinary,not_feasible,not_feasible
pilot_per_tierA_baseline_pilot_v2,PER,PBI,high,r2,2034,0.003801304370164793,0.08021805984449866,0.003053520312054969,0.11066494612045896,0.11066494612045896,0.0003379176608112902,-0.0005108877579079217,0.0796945147314945,0.0796945147314945,-0.006410576181173781,-0.006410576181173781,0.25,False,False,False,fiscally_ordinary,not_feasible,not_feasible
pilot_per_tierA_baseline_pilot_v2,PER,PBI,high,r2,2034,0.003801304370164793,0.08021805984449866,0.003053520312054969,0.11066494612045896,0.11066494612045896,0.0003379176608112902,-0.0005108877579079217,0.0796945147314945,0.0796945147314945,-0.006410576181173781,-0.006410576181173781,0.5,False,False,False,fiscally_ordinary,not_feasible,not_feasible
pilot_per_tierA_baseline_pilot_v2,PER,UBI,high,r2,2034,0.003801304370164793,0.08021805984449866,0.003053520312054969,0.11066494612045896,0.11066494612045896,0.0003379176608112902,-0.0006481488416517638,0.21357916040600902,0.21357916040600902,-0.0030347007658408616,-0.0030347007658408616,0.0,False,False,False,fiscally_ordinary,not_feasible,stress_benchmark_only
pilot_per_tierA_baseline_pilot_v2,PER,UBI,high,r2,2034,0.003801304370164793,0.08021805984449866,0.003053520312054969,0.11066494612045896,0.11066494612045896,0.0003379176608112902,-0.0006481488416517638,0.21357916040600902,0.21357916040600902,-0.0030347007658408616,-0.0030347007658408616,0.05,False,False,False,fiscally_ordinary,not_feasible,stress_benchmark_only
pilot_per_tierA_baseline_pilot_v2,PER,UBI,high,r2,2034,0.003801304370164793,0.08021805984449866,0.003053520312054969,0.11066494612045896,0.11066494612045896,0.0003379176608112902,-0.0006481488416517638,0.21357916040600902,0.21357916040600902,-0.0030347007658408616,-0.0030347007658408616,0.1,False,False,False,fiscally_ordinary,not_feasible,stress_benchmark_only
pilot_per_tierA_baseline_pilot_v2,PER,UBI,high,r2,2034,0.003801304370164793,0.08021805984449866,0.003053520312054969,0.11066494612045896,0.11066494612045896,0.0003379176608112902,-0.0006481488416517638,0.21357916040600902,0.21357916040600902,-0.0030347007658408616,-0.0030347007658408616,0.25,False,False,False,fiscally_ordinary,not_feasible,stress_benchmark_only
pilot_per_tierA_baseline_pilot_v2,PER,UBI,high,r2,2034,0.003801304370164793,0.08021805984449866,0.003053520312054969,0.11066494612045896,0.11066494612045896,0.0003379176608112902,-0.0006481488416517638,0.21357916040600902,0.21357916040600902,-0.0030347007658408616,-0.0030347007658408616,0.5,False,False,False,fiscally_ordinary,not_feasible,stress_benchmark_only
pilot_per_tierA_baseline_pilot_v2,PER,PEN,high,r3,2034,0.003801304370164793,0.08021805984449866,0.003053520312054969,0.09953368085744091,0.09953368085744091,0.00030392811623179266,-0.0007161605537189463,0.005573845262039806,0.005573845262039806,-0.12848590516071487,-0.12848590516071487,0.0,False,False,False,fiscally_ordinary,not_feasible,not_feasible
pilot_per_tierA_baseline_pilot_v2,PER,PEN,high,r3,2034,0.003801304370164793,0.08021805984449866,0.003053520312054969,0.09953368085744091,0.09953368085744091,0.00030392811623179266,-0.0007161605537189463,0.005573845262039806,0.005573845262039806,-0.12848590516071487,-0.12848590516071487,0.05,False,False,False,fiscally_ordinary,not_feasible,not_feasible
pilot_per_tierA_baseline_pilot_v2,PER,PEN,high,r3,2034,0.003801304370164793,0.08021805984449866,0.003053520312054969,0.09953368085744091,0.09953368085744091,0.00030392811623179266,-0.0007161605537189463,0.005573845262039806,0.005573845262039806,-0.12848590516071487,-0.12848590516071487,0.1,False,False,False,fiscally_ordinary,not_feasible,not_feasible
pilot_per_tierA_baseline_pilot_v2,PER,PEN,high,r3,2034,0.003801304370164793,0.08021805984449866,0.003053520312054969,0.09953368085744091,0.09953368085744091,0.00030392811623179266,-0.0007161605537189463,0.005573845262039806,0.005573845262039806,-0.12848590516071487,-0.12848590516071487,0.25,False,False,False,fiscally_ordinary,not_feasible,not_feasible
pilot_per_tierA_baseline_pilot_v2,PER,PEN,high,r3,2034,0.003801304370164793,0.08021805984449866,0.003053520312054969,0.09953368085744091,0.09953368085744091,0.00030392811623179266,-0.0007161605537189463,0.005573845262039806,0.005573845262039806,-0.12848590516071487,-0.12848590516071487,0.5,False,False,False,fiscally_ordinary,not_feasible,not_feasible
pilot_per_tierA_baseline_pilot_v2,PER,GMI,high,r3,2034,0.003801304370164793,0.08021805984449866,0.003053520312054969,0.09953368085744091,0.09953368085744091,0.00030392811623179266,-0.0033331326104174028,0.04180812064947627,0.04180812064947627,-0.07972452620778488,-0.07972452620778488,0.0,False,False,False,fiscally_ordinary,not_feasible,not_feasible
pilot_per_tierA_baseline_pilot_v2,PER,GMI,high,r3,2034,0.003801304370164793,0.08021805984449866,0.003053520312054969,0.09953368085744091,0.09953368085744091,0.00030392811623179266,-0.0033331326104174028,0.04180812064947627,0.04180812064947627,-0.07972452620778488,-0.07972452620778488,0.05,False,False,False,fiscally_ordinary,not_feasible,not_feasible
pilot_per_tierA_baseline_pilot_v2,PER,GMI,high,r3,2034,0.003801304370164793,0.08021805984449866,0.003053520312054969,0.09953368085744091,0.09953368085744091,0.00030392811623179266,-0.0033331326104174028,0.04180812064947627,0.04180812064947627,-0.07972452620778488,-0.07972452620778488,0.1,False,False,False,fiscally_ordinary,not_feasible,not_feasible
pilot_per_tierA_baseline_pilot_v2,PER,GMI,high,r3,2034,0.003801304370164793,0.08021805984449866,0.003053520312054969,0.09953368085744091,0.09953368085744091,0.00030392811623179266,-0.0033331326104174028,0.04180812064947627,0.04180812064947627,-0.07972452620778488,-0.07972452620778488,0.25,False,False,False,fiscally_ordinary,not_feasible,not_feasible
pilot_per_tierA_baseline_pilot_v2,PER,GMI,high,r3,2034,0.003801304370164793,0.08021805984449866,0.003053520312054969,0.09953368085744091,0.09953368085744091,0.00030392811623179266,-0.0033331326104174028,0.04180812064947627,0.04180812064947627,-0.07972452620778488,-0.07972452620778488,0.5,False,False,False,fiscally_ordinary,not_feasible,not_feasible
pilot_per_tierA_baseline_pilot_v2,PER,MUT,high,r3,2034,0.003801304370164793,0.08021805984449866,0.003053520312054969,0.09953368085744091,0.09953368085744091,0.00030392811623179266,-0.0006523773024874191,0.053394790101502256,0.053394790101502256,-0.01221799544950481,-0.01221799544950481,0.0,False,False,False,fiscally_ordinary,not_feasible,not_feasible
pilot_per_tierA_baseline_pilot_v2,PER,MUT,high,r3,2034,0.003801304370164793,0.08021805984449866,0.003053520312054969,0.09953368085744091,0.09953368085744091,0.00030392811623179266,-0.0006523773024874191,0.053394790101502256,0.053394790101502256,-0.01221799544950481,-0.01221799544950481,0.05,False,False,False,fiscally_ordinary,not_feasible,not_feasible
pilot_per_tierA_baseline_pilot_v2,PER,MUT,high,r3,2034,0.003801304370164793,0.08021805984449866,0.003053520312054969,0.09953368085744091,0.09953368085744091,0.00030392811623179266,-0.0006523773024874191,0.053394790101502256,0.053394790101502256,-0.01221799544950481,-0.01221799544950481,0.1,False,False,False,fiscally_ordinary,not_feasible,not_feasible
pilot_per_tierA_baseline_pilot_v2,PER,MUT,high,r3,2034,0.003801304370164793,0.08021805984449866,0.003053520312054969,0.09953368085744091,0.09953368085744091,0.00030392811623179266,-0.0006523773024874191,0.053394790101502256,0.053394790101502256,-0.01221799544950481,-0.01221799544950481,0.25,False,False,False,fiscally_ordinary,not_feasible,not_feasible
pilot_per_tierA_baseline_pilot_v2,PER,MUT,high,r3,2034,0.003801304370164793,0.08021805984449866,0.003053520312054969,0.09953368085744091,0.09953368085744091,0.00030392811623179266,-0.0006523773024874191,0.053394790101502256,0.053394790101502256,-0.01221799544950481,-0.01221799544950481,0.5,False,False,False,fiscally_ordinary,not_feasible,not_feasible
pilot_per_tierA_baseline_pilot_v2,PER,PBI,high,r3,2034,0.003801304370164793,0.08021805984449866,0.003053520312054969,0.09953368085744091,0.09953368085744091,0.00030392811623179266,-0.0005523773024874192,0.0796945147314945,0.0796945147314945,-0.006931183461603098,-0.006931183461603098,0.0,False,False,False,fiscally_ordinary,not_feasible,not_feasible
pilot_per_tierA_baseline_pilot_v2,PER,PBI,high,r3,2034,0.003801304370164793,0.08021805984449866,0.003053520312054969,0.09953368085744091,0.09953368085744091,0.00030392811623179266,-0.0005523773024874192,0.0796945147314945,0.0796945147314945,-0.006931183461603098,-0.006931183461603098,0.05,False,False,False,fiscally_ordinary,not_feasible,not_feasible
pilot_per_tierA_baseline_pilot_v2,PER,PBI,high,r3,2034,0.003801304370164793,0.08021805984449866,0.003053520312054969,0.09953368085744091,0.09953368085744091,0.00030392811623179266,-0.0005523773024874192,0.0796945147314945,0.0796945147314945,-0.006931183461603098,-0.006931183461603098,0.1,False,False,False,fiscally_ordinary,not_feasible,not_feasible
pilot_per_tierA_baseline_pilot_v2,PER,PBI,high,r3,2034,0.003801304370164793,0.08021805984449866,0.003053520312054969,0.09953368085744091,0.09953368085744091,0.00030392811623179266,-0.0005523773024874192,0.0796945147314945,0.0796945147314945,-0.006931183461603098,-0.006931183461603098,0.25,False,False,False,fiscally_ordinary,not_feasible,not_feasible
pilot_per_tierA_baseline_pilot_v2,PER,PBI,high,r3,2034,0.003801304370164793,0.08021805984449866,0.003053520312054969,0.09953368085744091,0.09953368085744091,0.00030392811623179266,-0.0005523773024874192,0.0796945147314945,0.0796945147314945,-0.006931183461603098,-0.006931183461603098,0.5,False,False,False,fiscally_ordinary,not_feasible,not_feasible
pilot_per_tierA_baseline_pilot_v2,PER,UBI,high,r3,2034,0.003801304370164793,0.08021805984449866,0.003053520312054969,0.09953368085744091,0.09953368085744091,0.00030392811623179266,-0.0006866383862312613,0.21357916040600902,0.21357916040600902,-0.003214912845082721,-0.003214912845082721,0.0,False,False,False,fiscally_ordinary,not_feasible,stress_benchmark_only
pilot_per_tierA_baseline_pilot_v2,PER,UBI,high,r3,2034,0.003801304370164793,0.08021805984449866,0.003053520312054969,0.09953368085744091,0.09953368085744091,0.00030392811623179266,-0.0006866383862312613,0.21357916040600902,0.21357916040600902,-0.003214912845082721,-0.003214912845082721,0.05,False,False,False,fiscally_ordinary,not_feasible,stress_benchmark_only
pilot_per_tierA_baseline_pilot_v2,PER,UBI,high,r3,2034,0.003801304370164793,0.08021805984449866,0.003053520312054969,0.09953368085744091,0.09953368085744091,0.00030392811623179266,-0.0006866383862312613,0.21357916040600902,0.21357916040600902,-0.003214912845082721,-0.003214912845082721,0.1,False,False,False,fiscally_ordinary,not_feasible,stress_benchmark_only
pilot_per_tierA_baseline_pilot_v2,PER,UBI,high,r3,2034,0.003801304370164793,0.08021805984449866,0.003053520312054969,0.09953368085744091,0.09953368085744091,0.00030392811623179266,-0.0006866383862312613,0.21357916040600902,0.21357916040600902,-0.003214912845082721,-0.003214912845082721,0.25,False,False,False,fiscally_ordinary,not_feasible,stress_benchmark_only
pilot_per_tierA_baseline_pilot_v2,PER,UBI,high,r3,2034,0.003801304370164793,0.08021805984449866,0.003053520312054969,0.09953368085744091,0.09953368085744091,0.00030392811623179266,-0.0006866383862312613,0.21357916040600902,0.21357916040600902,-0.003214912845082721,-0.003214912845082721,0.5,False,False,False,fiscally_ordinary,not_feasible,stress_benchmark_only
pilot_per_tierA_baseline_pilot_v2,PER,PEN,high,r4,2034,0.003801304370164793,0.08021805984449866,0.003053520312054969,0.1249507670366806,0.1249507670366806,0.00038153970515335267,-0.0006065489647973862,0.005573845262039806,0.005573845262039806,-0.10882056036399787,-0.10882056036399787,0.0,False,False,False,fiscally_ordinary,not_feasible,not_feasible
pilot_per_tierA_baseline_pilot_v2,PER,PEN,high,r4,2034,0.003801304370164793,0.08021805984449866,0.003053520312054969,0.1249507670366806,0.1249507670366806,0.00038153970515335267,-0.0006065489647973862,0.005573845262039806,0.005573845262039806,-0.10882056036399787,-0.10882056036399787,0.05,False,False,False,fiscally_ordinary,not_feasible,not_feasible
pilot_per_tierA_baseline_pilot_v2,PER,PEN,high,r4,2034,0.003801304370164793,0.08021805984449866,0.003053520312054969,0.1249507670366806,0.1249507670366806,0.00038153970515335267,-0.0006065489647973862,0.005573845262039806,0.005573845262039806,-0.10882056036399787,-0.10882056036399787,0.1,False,False,False,fiscally_ordinary,not_feasible,not_feasible
pilot_per_tierA_baseline_pilot_v2,PER,PEN,high,r4,2034,0.003801304370164793,0.08021805984449866,0.003053520312054969,0.1249507670366806,0.1249507670366806,0.00038153970515335267,-0.0006065489647973862,0.005573845262039806,0.005573845262039806,-0.10882056036399787,-0.10882056036399787,0.25,False,False,False,fiscally_ordinary,not_feasible,not_feasible
pilot_per_tierA_baseline_pilot_v2,PER,PEN,high,r4,2034,0.003801304370164793,0.08021805984449866,0.003053520312054969,0.1249507670366806,0.1249507670366806,0.00038153970515335267,-0.0006065489647973862,0.005573845262039806,0.005573845262039806,-0.10882056036399787,-0.10882056036399787,0.5,False,False,False,fiscally_ordinary,not_feasible,not_feasible
pilot_per_tierA_baseline_pilot_v2,PER,GMI,high,r4,2034,0.003801304370164793,0.08021805984449866,0.003053520312054969,0.1249507670366806,0.1249507670366806,0.00038153970515335267,-0.0031755210214958426,0.04180812064947627,0.04180812064947627,-0.07595464642191761,-0.07595464642191761,0.0,False,False,False,fiscally_ordinary,not_feasible,not_feasible
pilot_per_tierA_baseline_pilot_v2,PER,GMI,high,r4,2034,0.003801304370164793,0.08021805984449866,0.003053520312054969,0.1249507670366806,0.1249507670366806,0.00038153970515335267,-0.0031755210214958426,0.04180812064947627,0.04180812064947627,-0.07595464642191761,-0.07595464642191761,0.05,False,False,False,fiscally_ordinary,not_feasible,not_feasible
pilot_per_tierA_baseline_pilot_v2,PER,GMI,high,r4,2034,0.003801304370164793,0.08021805984449866,0.003053520312054969,0.1249507670366806,0.1249507670366806,0.00038153970515335267,-0.0031755210214958426,0.04180812064947627,0.04180812064947627,-0.07595464642191761,-0.07595464642191761,0.1,False,False,False,fiscally_ordinary,not_feasible,not_feasible
pilot_per_tierA_baseline_pilot_v2,PER,GMI,high,r4,2034,0.003801304370164793,0.08021805984449866,0.003053520312054969,0.1249507670366806,0.1249507670366806,0.00038153970515335267,-0.0031755210214958426,0.04180812064947627,0.04180812064947627,-0.07595464642191761,-0.07595464642191761,0.25,False,False,False,fiscally_ordinary,not_feasible,not_feasible
pilot_per_tierA_baseline_pilot_v2,PER,GMI,high,r4,2034,0.003801304370164793,0.08021805984449866,0.003053520312054969,0.1249507670366806,0.1249507670366806,0.00038153970515335267,-0.0031755210214958426,0.04180812064947627,0.04180812064947627,-0.07595464642191761,-0.07595464642191761,0.5,False,False,False,fiscally_ordinary,not_feasible,not_feasible
pilot_per_tierA_baseline_pilot_v2,PER,MUT,high,r4,2034,0.003801304370164793,0.08021805984449866,0.003053520312054969,0.1249507670366806,0.1249507670366806,0.00038153970515335267,-0.0005547657135658591,0.053394790101502256,0.053394790101502256,-0.010389884715554876,-0.010389884715554876,0.0,False,False,False,fiscally_ordinary,not_feasible,not_feasible
pilot_per_tierA_baseline_pilot_v2,PER,MUT,high,r4,2034,0.003801304370164793,0.08021805984449866,0.003053520312054969,0.1249507670366806,0.1249507670366806,0.00038153970515335267,-0.0005547657135658591,0.053394790101502256,0.053394790101502256,-0.010389884715554876,-0.010389884715554876,0.05,False,False,False,fiscally_ordinary,not_feasible,not_feasible
pilot_per_tierA_baseline_pilot_v2,PER,MUT,high,r4,2034,0.003801304370164793,0.08021805984449866,0.003053520312054969,0.1249507670366806,0.1249507670366806,0.00038153970515335267,-0.0005547657135658591,0.053394790101502256,0.053394790101502256,-0.010389884715554876,-0.010389884715554876,0.1,False,False,False,fiscally_ordinary,not_feasible,not_feasible
pilot_per_tierA_baseline_pilot_v2,PER,MUT,high,r4,2034,0.003801304370164793,0.08021805984449866,0.003053520312054969,0.1249507670366806,0.1249507670366806,0.00038153970515335267,-0.0005547657135658591,0.053394790101502256,0.053394790101502256,-0.010389884715554876,-0.010389884715554876,0.25,False,False,False,fiscally_ordinary,not_feasible,not_feasible
pilot_per_tierA_baseline_pilot_v2,PER,MUT,high,r4,2034,0.003801304370164793,0.08021805984449866,0.003053520312054969,0.1249507670366806,0.1249507670366806,0.00038153970515335267,-0.0005547657135658591,0.053394790101502256,0.053394790101502256,-0.010389884715554876,-0.010389884715554876,0.5,False,False,False,fiscally_ordinary,not_feasible,not_feasible
pilot_per_tierA_baseline_pilot_v2,PER,PBI,high,r4,2034,0.003801304370164793,0.08021805984449866,0.003053520312054969,0.1249507670366806,0.1249507670366806,0.00038153970515335267,-0.00045476571356585917,0.0796945147314945,0.0796945147314945,-0.005706361536901864,-0.005706361536901864,0.0,False,False,False,fiscally_ordinary,not_feasible,not_feasible
pilot_per_tierA_baseline_pilot_v2,PER,PBI,high,r4,2034,0.003801304370164793,0.08021805984449866,0.003053520312054969,0.1249507670366806,0.1249507670366806,0.00038153970515335267,-0.00045476571356585917,0.0796945147314945,0.0796945147314945,-0.005706361536901864,-0.005706361536901864,0.05,False,False,False,fiscally_ordinary,not_feasible,not_feasible
pilot_per_tierA_baseline_pilot_v2,PER,PBI,high,r4,2034,0.003801304370164793,0.08021805984449866,0.003053520312054969,0.1249507670366806,0.1249507670366806,0.00038153970515335267,-0.00045476571356585917,0.0796945147314945,0.0796945147314945,-0.005706361536901864,-0.005706361536901864,0.1,False,False,False,fiscally_ordinary,not_feasible,not_feasible
pilot_per_tierA_baseline_pilot_v2,PER,PBI,high,r4,2034,0.003801304370164793,0.08021805984449866,0.003053520312054969,0.1249507670366806,0.1249507670366806,0.00038153970515335267,-0.00045476571356585917,0.0796945147314945,0.0796945147314945,-0.005706361536901864,-0.005706361536901864,0.25,False,False,False,fiscally_ordinary,not_feasible,not_feasible
pilot_per_tierA_baseline_pilot_v2,PER,PBI,high,r4,2034,0.003801304370164793,0.08021805984449866,0.003053520312054969,0.1249507670366806,0.1249507670366806,0.00038153970515335267,-0.00045476571356585917,0.0796945147314945,0.0796945147314945,-0.005706361536901864,-0.005706361536901864,0.5,False,False,False,fiscally_ordinary,not_feasible,not_feasible
pilot_per_tierA_baseline_pilot_v2,PER,UBI,high,r4,2034,0.003801304370164793,0.08021805984449866,0.003053520312054969,0.1249507670366806,0.1249507670366806,0.00038153970515335267,-0.0005970267973097014,0.21357916040600902,0.21357916040600902,-0.0027953419995413752,-0.0027953419995413752,0.0,False,False,False,fiscally_ordinary,not_feasible,stress_benchmark_only
pilot_per_tierA_baseline_pilot_v2,PER,UBI,high,r4,2034,0.003801304370164793,0.08021805984449866,0.003053520312054969,0.1249507670366806,0.1249507670366806,0.00038153970515335267,-0.0005970267973097014,0.21357916040600902,0.21357916040600902,-0.0027953419995413752,-0.0027953419995413752,0.05,False,False,False,fiscally_ordinary,not_feasible,stress_benchmark_only
pilot_per_tierA_baseline_pilot_v2,PER,UBI,high,r4,2034,0.003801304370164793,0.08021805984449866,0.003053520312054969,0.1249507670366806,0.1249507670366806,0.00038153970515335267,-0.0005970267973097014,0.21357916040600902,0.21357916040600902,-0.0027953419995413752,-0.0027953419995413752,0.1,False,False,False,fiscally_ordinary,not_feasible,stress_benchmark_only
pilot_per_tierA_baseline_pilot_v2,PER,UBI,high,r4,2034,0.003801304370164793,0.08021805984449866,0.003053520312054969,0.1249507670366806,0.1249507670366806,0.00038153970515335267,-0.0005970267973097014,0.21357916040600902,0.21357916040600902,-0.0027953419995413752,-0.0027953419995413752,0.25,False,False,False,fiscally_ordinary,not_feasible,stress_benchmark_only
pilot_per_tierA_baseline_pilot_v2,PER,UBI,high,r4,2034,0.003801304370164793,0.08021805984449866,0.003053520312054969,0.1249507670366806,0.1249507670366806,0.00038153970515335267,-0.0005970267973097014,0.21357916040600902,0.21357916040600902,-0.0027953419995413752,-0.0027953419995413752,0.5,False,False,False,fiscally_ordinary,not_feasible,stress_benchmark_only
pilot_per_tierA_baseline_pilot_v2,PER,PEN,stress,r0,2034,0.014999999999999902,0.08021805984449866,0.012098072216186528,0.09088778624568578,0.09088778624568578,0.0010995670015696312,7.147833161889231e-05,0.005573845262039806,0.005573845262039806,0.01282388158596532,0.01282388158596532,0.0,False,False,False,fiscally_ordinary,not_feasible,not_feasible
pilot_per_tierA_baseline_pilot_v2,PER,PEN,stress,r0,2034,0.014999999999999902,0.08021805984449866,0.012098072216186528,0.09088778624568578,0.09088778624568578,0.0010995670015696312,7.147833161889231e-05,0.005573845262039806,0.005573845262039806,0.01282388158596532,0.01282388158596532,0.05,False,False,False,fiscally_ordinary,not_feasible,not_feasible
pilot_per_tierA_baseline_pilot_v2,PER,PEN,stress,r0,2034,0.014999999999999902,0.08021805984449866,0.012098072216186528,0.09088778624568578,0.09088778624568578,0.0010995670015696312,7.147833161889231e-05,0.005573845262039806,0.005573845262039806,0.01282388158596532,0.01282388158596532,0.1,False,False,False,fiscally_ordinary,not_feasible,not_feasible
pilot_per_tierA_baseline_pilot_v2,PER,PEN,stress,r0,2034,0.014999999999999902,0.08021805984449866,0.012098072216186528,0.09088778624568578,0.09088778624568578,0.0010995670015696312,7.147833161889231e-05,0.005573845262039806,0.005573845262039806,0.01282388158596532,0.01282388158596532,0.25,False,False,False,fiscally_ordinary,not_feasible,not_feasible
pilot_per_tierA_baseline_pilot_v2,PER,PEN,stress,r0,2034,0.014999999999999902,0.08021805984449866,0.012098072216186528,0.09088778624568578,0.09088778624568578,0.0010995670015696312,7.147833161889231e-05,0.005573845262039806,0.005573845262039806,0.01282388158596532,0.01282388158596532,0.5,False,False,False,fiscally_ordinary,not_feasible,not_feasible
pilot_per_tierA_baseline_pilot_v2,PER,GMI,stress,r0,2034,0.014999999999999902,0.08021805984449866,0.012098072216186528,0.09088778624568578,0.09088778624568578,0.0010995670015696312,-0.002557493725079564,0.04180812064947627,0.04180812064947627,-0.06117217625068258,-0.06117217625068258,0.0,False,False,False,fiscally_ordinary,not_feasible,not_feasible
pilot_per_tierA_baseline_pilot_v2,PER,GMI,stress,r0,2034,0.014999999999999902,0.08021805984449866,0.012098072216186528,0.09088778624568578,0.09088778624568578,0.0010995670015696312,-0.002557493725079564,0.04180812064947627,0.04180812064947627,-0.06117217625068258,-0.06117217625068258,0.05,False,False,False,fiscally_ordinary,not_feasible,not_feasible
pilot_per_tierA_baseline_pilot_v2,PER,GMI,stress,r0,2034,0.014999999999999902,0.08021805984449866,0.012098072216186528,0.09088778624568578,0.09088778624568578,0.0010995670015696312,-0.002557493725079564,0.04180812064947627,0.04180812064947627,-0.06117217625068258,-0.06117217625068258,0.1,False,False,False,fiscally_ordinary,not_feasible,not_feasible
pilot_per_tierA_baseline_pilot_v2,PER,GMI,stress,r0,2034,0.014999999999999902,0.08021805984449866,0.012098072216186528,0.09088778624568578,0.09088778624568578,0.0010995670015696312,-0.002557493725079564,0.04180812064947627,0.04180812064947627,-0.06117217625068258,-0.06117217625068258,0.25,False,False,False,fiscally_ordinary,not_feasible,not_feasible
pilot_per_tierA_baseline_pilot_v2,PER,GMI,stress,r0,2034,0.014999999999999902,0.08021805984449866,0.012098072216186528,0.09088778624568578,0.09088778624568578,0.0010995670015696312,-0.002557493725079564,0.04180812064947627,0.04180812064947627,-0.06117217625068258,-0.06117217625068258,0.5,False,False,False,fiscally_ordinary,not_feasible,not_feasible
pilot_per_tierA_baseline_pilot_v2,PER,MUT,stress,r0,2034,0.014999999999999902,0.08021805984449866,0.012098072216186528,0.09088778624568578,0.09088778624568578,0.0010995670015696312,0.00013826158285041947,0.053394790101502256,0.053394790101502256,0.0025894208515023173,0.0025894208515023173,0.0,False,False,False,fiscally_ordinary,not_feasible,not_feasible
pilot_per_tierA_baseline_pilot_v2,PER,MUT,stress,r0,2034,0.014999999999999902,0.08021805984449866,0.012098072216186528,0.09088778624568578,0.09088778624568578,0.0010995670015696312,0.00013826158285041947,0.053394790101502256,0.053394790101502256,0.0025894208515023173,0.0025894208515023173,0.05,False,False,False,fiscally_ordinary,not_feasible,not_feasible
pilot_per_tierA_baseline_pilot_v2,PER,MUT,stress,r0,2034,0.014999999999999902,0.08021805984449866,0.012098072216186528,0.09088778624568578,0.09088778624568578,0.0010995670015696312,0.00013826158285041947,0.053394790101502256,0.053394790101502256,0.0025894208515023173,0.0025894208515023173,0.1,False,False,False,fiscally_ordinary,not_feasible,not_feasible
pilot_per_tierA_baseline_pilot_v2,PER,MUT,stress,r0,2034,0.014999999999999902,0.08021805984449866,0.012098072216186528,0.09088778624568578,0.09088778624568578,0.0010995670015696312,0.00013826158285041947,0.053394790101502256,0.053394790101502256,0.0025894208515023173,0.0025894208515023173,0.25,False,False,False,fiscally_ordinary,not_feasible,not_feasible
pilot_per_tierA_baseline_pilot_v2,PER,MUT,stress,r0,2034,0.014999999999999902,0.08021805984449866,0.012098072216186528,0.09088778624568578,0.09088778624568578,0.0010995670015696312,0.00013826158285041947,0.053394790101502256,0.053394790101502256,0.0025894208515023173,0.0025894208515023173,0.5,False,False,False,fiscally_ordinary,not_feasible,not_feasible
pilot_per_tierA_baseline_pilot_v2,PER,PBI,stress,r0,2034,0.014999999999999902,0.08021805984449866,0.012098072216186528,0.09088778624568578,0.09088778624568578,0.0010995670015696312,0.0002382615828504194,0.0796945147314945,0.0796945147314945,0.0029896860988885693,0.0029896860988885693,0.0,False,False,False,fiscally_ordinary,not_feasible,not_feasible
pilot_per_tierA_baseline_pilot_v2,PER,PBI,stress,r0,2034,0.014999999999999902,0.08021805984449866,0.012098072216186528,0.09088778624568578,0.09088778624568578,0.0010995670015696312,0.0002382615828504194,0.0796945147314945,0.0796945147314945,0.0029896860988885693,0.0029896860988885693,0.05,False,False,False,fiscally_ordinary,not_feasible,not_feasible
pilot_per_tierA_baseline_pilot_v2,PER,PBI,stress,r0,2034,0.014999999999999902,0.08021805984449866,0.012098072216186528,0.09088778624568578,0.09088778624568578,0.0010995670015696312,0.0002382615828504194,0.0796945147314945,0.0796945147314945,0.0029896860988885693,0.0029896860988885693,0.1,False,False,False,fiscally_ordinary,not_feasible,not_feasible
pilot_per_tierA_baseline_pilot_v2,PER,PBI,stress,r0,2034,0.014999999999999902,0.08021805984449866,0.012098072216186528,0.09088778624568578,0.09088778624568578,0.0010995670015696312,0.0002382615828504194,0.0796945147314945,0.0796945147314945,0.0029896860988885693,0.0029896860988885693,0.25,False,False,False,fiscally_ordinary,not_feasible,not_feasible
pilot_per_tierA_baseline_pilot_v2,PER,PBI,stress,r0,2034,0.014999999999999902,0.08021805984449866,0.012098072216186528,0.09088778624568578,0.09088778624568578,0.0010995670015696312,0.0002382615828504194,0.0796945147314945,0.0796945147314945,0.0029896860988885693,0.0029896860988885693,0.5,False,False,False,fiscally_ordinary,not_feasible,not_feasible
pilot_per_tierA_baseline_pilot_v2,PER,UBI,stress,r0,2034,0.014999999999999902,0.08021805984449866,0.012098072216186528,0.09088778624568578,0.09088778624568578,0.0010995670015696312,0.0001060004991065772,0.21357916040600902,0.21357916040600902,0.0004963054396555952,0.0004963054396555952,0.0,False,False,False,fiscally_ordinary,not_feasible,stress_benchmark_only
pilot_per_tierA_baseline_pilot_v2,PER,UBI,stress,r0,2034,0.014999999999999902,0.08021805984449866,0.012098072216186528,0.09088778624568578,0.09088778624568578,0.0010995670015696312,0.0001060004991065772,0.21357916040600902,0.21357916040600902,0.0004963054396555952,0.0004963054396555952,0.05,False,False,False,fiscally_ordinary,not_feasible,stress_benchmark_only
pilot_per_tierA_baseline_pilot_v2,PER,UBI,stress,r0,2034,0.014999999999999902,0.08021805984449866,0.012098072216186528,0.09088778624568578,0.09088778624568578,0.0010995670015696312,0.0001060004991065772,0.21357916040600902,0.21357916040600902,0.0004963054396555952,0.0004963054396555952,0.1,False,False,False,fiscally_ordinary,not_feasible,stress_benchmark_only
pilot_per_tierA_baseline_pilot_v2,PER,UBI,stress,r0,2034,0.014999999999999902,0.08021805984449866,0.012098072216186528,0.09088778624568578,0.09088778624568578,0.0010995670015696312,0.0001060004991065772,0.21357916040600902,0.21357916040600902,0.0004963054396555952,0.0004963054396555952,0.25,False,False,False,fiscally_ordinary,not_feasible,stress_benchmark_only
pilot_per_tierA_baseline_pilot_v2,PER,UBI,stress,r0,2034,0.014999999999999902,0.08021805984449866,0.012098072216186528,0.09088778624568578,0.09088778624568578,0.0010995670015696312,0.0001060004991065772,0.21357916040600902,0.21357916040600902,0.0004963054396555952,0.0004963054396555952,0.5,False,False,False,fiscally_ordinary,not_feasible,stress_benchmark_only
pilot_per_tierA_baseline_pilot_v2,PER,PEN,stress,r1,2034,0.014999999999999902,0.08021805984449866,0.012098072216186528,0.09599612447728775,0.09599612447728775,0.0011613680464002585,0.0001532793764495196,0.005573845262039806,0.005573845262039806,0.0274997545219663,0.0274997545219663,0.0,False,False,False,fiscally_ordinary,not_feasible,not_feasible
pilot_per_tierA_baseline_pilot_v2,PER,PEN,stress,r1,2034,0.014999999999999902,0.08021805984449866,0.012098072216186528,0.09599612447728775,0.09599612447728775,0.0011613680464002585,0.0001532793764495196,0.005573845262039806,0.005573845262039806,0.0274997545219663,0.0274997545219663,0.05,False,False,False,fiscally_ordinary,not_feasible,not_feasible
pilot_per_tierA_baseline_pilot_v2,PER,PEN,stress,r1,2034,0.014999999999999902,0.08021805984449866,0.012098072216186528,0.09599612447728775,0.09599612447728775,0.0011613680464002585,0.0001532793764495196,0.005573845262039806,0.005573845262039806,0.0274997545219663,0.0274997545219663,0.1,False,False,False,fiscally_ordinary,not_feasible,not_feasible
pilot_per_tierA_baseline_pilot_v2,PER,PEN,stress,r1,2034,0.014999999999999902,0.08021805984449866,0.012098072216186528,0.09599612447728775,0.09599612447728775,0.0011613680464002585,0.0001532793764495196,0.005573845262039806,0.005573845262039806,0.0274997545219663,0.0274997545219663,0.25,False,False,False,fiscally_ordinary,not_feasible,not_feasible
pilot_per_tierA_baseline_pilot_v2,PER,PEN,stress,r1,2034,0.014999999999999902,0.08021805984449866,0.012098072216186528,0.09599612447728775,0.09599612447728775,0.0011613680464002585,0.0001532793764495196,0.005573845262039806,0.005573845262039806,0.0274997545219663,0.0274997545219663,0.5,False,False,False,fiscally_ordinary,not_feasible,not_feasible
pilot_per_tierA_baseline_pilot_v2,PER,GMI,stress,r1,2034,0.014999999999999902,0.08021805984449866,0.012098072216186528,0.09599612447728775,0.09599612447728775,0.0011613680464002585,-0.002445692680248937,0.04180812064947627,0.04180812064947627,-0.05849802962333286,-0.05849802962333286,0.0,False,False,False,fiscally_ordinary,not_feasible,not_feasible
pilot_per_tierA_baseline_pilot_v2,PER,GMI,stress,r1,2034,0.014999999999999902,0.08021805984449866,0.012098072216186528,0.09599612447728775,0.09599612447728775,0.0011613680464002585,-0.002445692680248937,0.04180812064947627,0.04180812064947627,-0.05849802962333286,-0.05849802962333286,0.05,False,False,False,fiscally_ordinary,not_feasible,not_feasible
pilot_per_tierA_baseline_pilot_v2,PER,GMI,stress,r1,2034,0.014999999999999902,0.08021805984449866,0.012098072216186528,0.09599612447728775,0.09599612447728775,0.0011613680464002585,-0.002445692680248937,0.04180812064947627,0.04180812064947627,-0.05849802962333286,-0.05849802962333286,0.1,False,False,False,fiscally_ordinary,not_feasible,not_feasible
pilot_per_tierA_baseline_pilot_v2,PER,GMI,stress,r1,2034,0.014999999999999902,0.08021805984449866,0.012098072216186528,0.09599612447728775,0.09599612447728775,0.0011613680464002585,-0.002445692680248937,0.04180812064947627,0.04180812064947627,-0.05849802962333286,-0.05849802962333286,0.25,False,False,False,fiscally_ordinary,not_feasible,not_feasible
pilot_per_tierA_baseline_pilot_v2,PER,GMI,stress,r1,2034,0.014999999999999902,0.08021805984449866,0.012098072216186528,0.09599612447728775,0.09599612447728775,0.0011613680464002585,-0.002445692680248937,0.04180812064947627,0.04180812064947627,-0.05849802962333286,-0.05849802962333286,0.5,False,False,False,fiscally_ordinary,not_feasible,not_feasible
pilot_per_tierA_baseline_pilot_v2,PER,MUT,stress,r1,2034,0.014999999999999902,0.08021805984449866,0.012098072216186528,0.09599612447728775,0.09599612447728775,0.0011613680464002585,0.00021256262768104675,0.053394790101502256,0.053394790101502256,0.003980961949227071,0.003980961949227071,0.0,False,False,False,fiscally_ordinary,not_feasible,not_feasible
pilot_per_tierA_baseline_pilot_v2,PER,MUT,stress,r1,2034,0.014999999999999902,0.08021805984449866,0.012098072216186528,0.09599612447728775,0.09599612447728775,0.0011613680464002585,0.00021256262768104675,0.053394790101502256,0.053394790101502256,0.003980961949227071,0.003980961949227071,0.05,False,False,False,fiscally_ordinary,not_feasible,not_feasible
pilot_per_tierA_baseline_pilot_v2,PER,MUT,stress,r1,2034,0.014999999999999902,0.08021805984449866,0.012098072216186528,0.09599612447728775,0.09599612447728775,0.0011613680464002585,0.00021256262768104675,0.053394790101502256,0.053394790101502256,0.003980961949227071,0.003980961949227071,0.1,False,False,False,fiscally_ordinary,not_feasible,not_feasible
pilot_per_tierA_baseline_pilot_v2,PER,MUT,stress,r1,2034,0.014999999999999902,0.08021805984449866,0.012098072216186528,0.09599612447728775,0.09599612447728775,0.0011613680464002585,0.00021256262768104675,0.053394790101502256,0.053394790101502256,0.003980961949227071,0.003980961949227071,0.25,False,False,False,fiscally_ordinary,not_feasible,not_feasible
pilot_per_tierA_baseline_pilot_v2,PER,MUT,stress,r1,2034,0.014999999999999902,0.08021805984449866,0.012098072216186528,0.09599612447728775,0.09599612447728775,0.0011613680464002585,0.00021256262768104675,0.053394790101502256,0.053394790101502256,0.003980961949227071,0.003980961949227071,0.5,False,False,False,fiscally_ordinary,not_feasible,not_feasible
pilot_per_tierA_baseline_pilot_v2,PER,PBI,stress,r1,2034,0.014999999999999902,0.08021805984449866,0.012098072216186528,0.09599612447728775,0.09599612447728775,0.0011613680464002585,0.0003125626276810467,0.0796945147314945,0.0796945147314945,0.003922009296802017,0.003922009296802017,0.0,False,False,False,fiscally_ordinary,not_feasible,not_feasible
pilot_per_tierA_baseline_pilot_v2,PER,PBI,stress,r1,2034,0.014999999999999902,0.08021805984449866,0.012098072216186528,0.09599612447728775,0.09599612447728775,0.0011613680464002585,0.0003125626276810467,0.0796945147314945,0.0796945147314945,0.003922009296802017,0.003922009296802017,0.05,False,False,False,fiscally_ordinary,not_feasible,not_feasible
pilot_per_tierA_baseline_pilot_v2,PER,PBI,stress,r1,2034,0.014999999999999902,0.08021805984449866,0.012098072216186528,0.09599612447728775,0.09599612447728775,0.0011613680464002585,0.0003125626276810467,0.0796945147314945,0.0796945147314945,0.003922009296802017,0.003922009296802017,0.1,False,False,False,fiscally_ordinary,not_feasible,not_feasible
pilot_per_tierA_baseline_pilot_v2,PER,PBI,stress,r1,2034,0.014999999999999902,0.08021805984449866,0.012098072216186528,0.09599612447728775,0.09599612447728775,0.0011613680464002585,0.0003125626276810467,0.0796945147314945,0.0796945147314945,0.003922009296802017,0.003922009296802017,0.25,False,False,False,fiscally_ordinary,not_feasible,not_feasible
pilot_per_tierA_baseline_pilot_v2,PER,PBI,stress,r1,2034,0.014999999999999902,0.08021805984449866,0.012098072216186528,0.09599612447728775,0.09599612447728775,0.0011613680464002585,0.0003125626276810467,0.0796945147314945,0.0796945147314945,0.003922009296802017,0.003922009296802017,0.5,False,False,False,fiscally_ordinary,not_feasible,not_feasible
pilot_per_tierA_baseline_pilot_v2,PER,UBI,stress,r1,2034,0.014999999999999902,0.08021805984449866,0.012098072216186528,0.09599612447728775,0.09599612447728775,0.0011613680464002585,0.00017530154393720446,0.21357916040600902,0.21357916040600902,0.0008207801903704476,0.0008207801903704476,0.0,False,False,False,fiscally_ordinary,not_feasible,stress_benchmark_only
pilot_per_tierA_baseline_pilot_v2,PER,UBI,stress,r1,2034,0.014999999999999902,0.08021805984449866,0.012098072216186528,0.09599612447728775,0.09599612447728775,0.0011613680464002585,0.00017530154393720446,0.21357916040600902,0.21357916040600902,0.0008207801903704476,0.0008207801903704476,0.05,False,False,False,fiscally_ordinary,not_feasible,stress_benchmark_only
pilot_per_tierA_baseline_pilot_v2,PER,UBI,stress,r1,2034,0.014999999999999902,0.08021805984449866,0.012098072216186528,0.09599612447728775,0.09599612447728775,0.0011613680464002585,0.00017530154393720446,0.21357916040600902,0.21357916040600902,0.0008207801903704476,0.0008207801903704476,0.1,False,False,False,fiscally_ordinary,not_feasible,stress_benchmark_only
pilot_per_tierA_baseline_pilot_v2,PER,UBI,stress,r1,2034,0.014999999999999902,0.08021805984449866,0.012098072216186528,0.09599612447728775,0.09599612447728775,0.0011613680464002585,0.00017530154393720446,0.21357916040600902,0.21357916040600902,0.0008207801903704476,0.0008207801903704476,0.25,False,False,False,fiscally_ordinary,not_feasible,stress_benchmark_only
pilot_per_tierA_baseline_pilot_v2,PER,UBI,stress,r1,2034,0.014999999999999902,0.08021805984449866,0.012098072216186528,0.09599612447728775,0.09599612447728775,0.0011613680464002585,0.00017530154393720446,0.21357916040600902,0.21357916040600902,0.0008207801903704476,0.0008207801903704476,0.5,False,False,False,fiscally_ordinary,not_feasible,stress_benchmark_only
pilot_per_tierA_baseline_pilot_v2,PER,PEN,stress,r2,2034,0.014999999999999902,0.08021805984449866,0.012098072216186528,0.10051919473874332,0.10051919473874332,0.0012160884770622336,0.00020799980711149472,0.005573845262039806,0.005573845262039806,0.03731711185598559,0.03731711185598559,0.0,False,False,False,fiscally_ordinary,not_feasible,not_feasible
pilot_per_tierA_baseline_pilot_v2,PER,PEN,stress,r2,2034,0.014999999999999902,0.08021805984449866,0.012098072216186528,0.10051919473874332,0.10051919473874332,0.0012160884770622336,0.00020799980711149472,0.005573845262039806,0.005573845262039806,0.03731711185598559,0.03731711185598559,0.05,False,False,False,fiscally_ordinary,not_feasible,not_feasible
pilot_per_tierA_baseline_pilot_v2,PER,PEN,stress,r2,2034,0.014999999999999902,0.08021805984449866,0.012098072216186528,0.10051919473874332,0.10051919473874332,0.0012160884770622336,0.00020799980711149472,0.005573845262039806,0.005573845262039806,0.03731711185598559,0.03731711185598559,0.1,False,False,False,fiscally_ordinary,not_feasible,not_feasible
pilot_per_tierA_baseline_pilot_v2,PER,PEN,stress,r2,2034,0.014999999999999902,0.08021805984449866,0.012098072216186528,0.10051919473874332,0.10051919473874332,0.0012160884770622336,0.00020799980711149472,0.005573845262039806,0.005573845262039806,0.03731711185598559,0.03731711185598559,0.25,False,False,False,fiscally_ordinary,not_feasible,not_feasible
pilot_per_tierA_baseline_pilot_v2,PER,PEN,stress,r2,2034,0.014999999999999902,0.08021805984449866,0.012098072216186528,0.10051919473874332,0.10051919473874332,0.0012160884770622336,0.00020799980711149472,0.005573845262039806,0.005573845262039806,0.03731711185598559,0.03731711185598559,0.5,False,False,False,fiscally_ordinary,not_feasible,not_feasible
pilot_per_tierA_baseline_pilot_v2,PER,GMI,stress,r2,2034,0.014999999999999902,0.08021805984449866,0.012098072216186528,0.10051919473874332,0.10051919473874332,0.0012160884770622336,-0.0023909722495869617,0.04180812064947627,0.04180812064947627,-0.05718918268613716,-0.05718918268613716,0.0,False,False,False,fiscally_ordinary,not_feasible,not_feasible
pilot_per_tierA_baseline_pilot_v2,PER,GMI,stress,r2,2034,0.014999999999999902,0.08021805984449866,0.012098072216186528,0.10051919473874332,0.10051919473874332,0.0012160884770622336,-0.0023909722495869617,0.04180812064947627,0.04180812064947627,-0.05718918268613716,-0.05718918268613716,0.05,False,False,False,fiscally_ordinary,not_feasible,not_feasible
pilot_per_tierA_baseline_pilot_v2,PER,GMI,stress,r2,2034,0.014999999999999902,0.08021805984449866,0.012098072216186528,0.10051919473874332,0.10051919473874332,0.0012160884770622336,-0.0023909722495869617,0.04180812064947627,0.04180812064947627,-0.05718918268613716,-0.05718918268613716,0.1,False,False,False,fiscally_ordinary,not_feasible,not_feasible
pilot_per_tierA_baseline_pilot_v2,PER,GMI,stress,r2,2034,0.014999999999999902,0.08021805984449866,0.012098072216186528,0.10051919473874332,0.10051919473874332,0.0012160884770622336,-0.0023909722495869617,0.04180812064947627,0.04180812064947627,-0.05718918268613716,-0.05718918268613716,0.25,False,False,False,fiscally_ordinary,not_feasible,not_feasible
pilot_per_tierA_baseline_pilot_v2,PER,GMI,stress,r2,2034,0.014999999999999902,0.08021805984449866,0.012098072216186528,0.10051919473874332,0.10051919473874332,0.0012160884770622336,-0.0023909722495869617,0.04180812064947627,0.04180812064947627,-0.05718918268613716,-0.05718918268613716,0.5,False,False,False,fiscally_ordinary,not_feasible,not_feasible
pilot_per_tierA_baseline_pilot_v2,PER,MUT,stress,r2,2034,0.014999999999999902,0.08021805984449866,0.012098072216186528,0.10051919473874332,0.10051919473874332,0.0012160884770622336,0.00026728305834302187,0.053394790101502256,0.053394790101502256,0.005005789101051301,0.005005789101051301,0.0,False,False,False,fiscally_ordinary,not_feasible,not_feasible
pilot_per_tierA_baseline_pilot_v2,PER,MUT,stress,r2,2034,0.014999999999999902,0.08021805984449866,0.012098072216186528,0.10051919473874332,0.10051919473874332,0.0012160884770622336,0.00026728305834302187,0.053394790101502256,0.053394790101502256,0.005005789101051301,0.005005789101051301,0.05,False,False,False,fiscally_ordinary,not_feasible,not_feasible
pilot_per_tierA_baseline_pilot_v2,PER,MUT,stress,r2,2034,0.014999999999999902,0.08021805984449866,0.012098072216186528,0.10051919473874332,0.10051919473874332,0.0012160884770622336,0.00026728305834302187,0.053394790101502256,0.053394790101502256,0.005005789101051301,0.005005789101051301,0.1,False,False,False,fiscally_ordinary,not_feasible,not_feasible
pilot_per_tierA_baseline_pilot_v2,PER,MUT,stress,r2,2034,0.014999999999999902,0.08021805984449866,0.012098072216186528,0.10051919473874332,0.10051919473874332,0.0012160884770622336,0.00026728305834302187,0.053394790101502256,0.053394790101502256,0.005005789101051301,0.005005789101051301,0.25,False,False,False,fiscally_ordinary,not_feasible,not_feasible
pilot_per_tierA_baseline_pilot_v2,PER,MUT,stress,r2,2034,0.014999999999999902,0.08021805984449866,0.012098072216186528,0.10051919473874332,0.10051919473874332,0.0012160884770622336,0.00026728305834302187,0.053394790101502256,0.053394790101502256,0.005005789101051301,0.005005789101051301,0.5,False,False,False,fiscally_ordinary,not_feasible,not_feasible
pilot_per_tierA_baseline_pilot_v2,PER,PBI,stress,r2,2034,0.014999999999999902,0.08021805984449866,0.012098072216186528,0.10051919473874332,0.10051919473874332,0.0012160884770622336,0.0003672830583430218,0.0796945147314945,0.0796945147314945,0.004608636611697381,0.004608636611697381,0.0,False,False,False,fiscally_ordinary,not_feasible,not_feasible
pilot_per_tierA_baseline_pilot_v2,PER,PBI,stress,r2,2034,0.014999999999999902,0.08021805984449866,0.012098072216186528,0.10051919473874332,0.10051919473874332,0.0012160884770622336,0.0003672830583430218,0.0796945147314945,0.0796945147314945,0.004608636611697381,0.004608636611697381,0.05,False,False,False,fiscally_ordinary,not_feasible,not_feasible
pilot_per_tierA_baseline_pilot_v2,PER,PBI,stress,r2,2034,0.014999999999999902,0.08021805984449866,0.012098072216186528,0.10051919473874332,0.10051919473874332,0.0012160884770622336,0.0003672830583430218,0.0796945147314945,0.0796945147314945,0.004608636611697381,0.004608636611697381,0.1,False,False,False,fiscally_ordinary,not_feasible,not_feasible
pilot_per_tierA_baseline_pilot_v2,PER,PBI,stress,r2,2034,0.014999999999999902,0.08021805984449866,0.012098072216186528,0.10051919473874332,0.10051919473874332,0.0012160884770622336,0.0003672830583430218,0.0796945147314945,0.0796945147314945,0.004608636611697381,0.004608636611697381,0.25,False,False,False,fiscally_ordinary,not_feasible,not_feasible
pilot_per_tierA_baseline_pilot_v2,PER,PBI,stress,r2,2034,0.014999999999999902,0.08021805984449866,0.012098072216186528,0.10051919473874332,0.10051919473874332,0.0012160884770622336,0.0003672830583430218,0.0796945147314945,0.0796945147314945,0.004608636611697381,0.004608636611697381,0.5,False,False,False,fiscally_ordinary,not_feasible,not_feasible
pilot_per_tierA_baseline_pilot_v2,PER,UBI,stress,r2,2034,0.014999999999999902,0.08021805984449866,0.012098072216186528,0.10051919473874332,0.10051919473874332,0.0012160884770622336,0.00023002197459917958,0.21357916040600902,0.21357916040600902,0.0010769869783265051,0.0010769869783265051,0.0,False,False,False,fiscally_ordinary,not_feasible,stress_benchmark_only
pilot_per_tierA_baseline_pilot_v2,PER,UBI,stress,r2,2034,0.014999999999999902,0.08021805984449866,0.012098072216186528,0.10051919473874332,0.10051919473874332,0.0012160884770622336,0.00023002197459917958,0.21357916040600902,0.21357916040600902,0.0010769869783265051,0.0010769869783265051,0.05,False,False,False,fiscally_ordinary,not_feasible,stress_benchmark_only
pilot_per_tierA_baseline_pilot_v2,PER,UBI,stress,r2,2034,0.014999999999999902,0.08021805984449866,0.012098072216186528,0.10051919473874332,0.10051919473874332,0.0012160884770622336,0.00023002197459917958,0.21357916040600902,0.21357916040600902,0.0010769869783265051,0.0010769869783265051,0.1,False,False,False,fiscally_ordinary,not_feasible,stress_benchmark_only
pilot_per_tierA_baseline_pilot_v2,PER,UBI,stress,r2,2034,0.014999999999999902,0.08021805984449866,0.012098072216186528,0.10051919473874332,0.10051919473874332,0.0012160884770622336,0.00023002197459917958,0.21357916040600902,0.21357916040600902,0.0010769869783265051,0.0010769869783265051,0.25,False,False,False,fiscally_ordinary,not_feasible,stress_benchmark_only
pilot_per_tierA_baseline_pilot_v2,PER,UBI,stress,r2,2034,0.014999999999999902,0.08021805984449866,0.012098072216186528,0.10051919473874332,0.10051919473874332,0.0012160884770622336,0.00023002197459917958,0.21357916040600902,0.21357916040600902,0.0010769869783265051,0.0010769869783265051,0.5,False,False,False,fiscally_ordinary,not_feasible,stress_benchmark_only
pilot_per_tierA_baseline_pilot_v2,PER,PEN,stress,r3,2034,0.014999999999999902,0.08021805984449866,0.012098072216186528,0.09250335475439772,0.09250335475439772,0.0011191122660582252,9.902359610748625e-05,0.005573845262039806,0.005573845262039806,0.017765759803537774,0.017765759803537774,0.0,False,False,False,fiscally_ordinary,not_feasible,not_feasible
pilot_per_tierA_baseline_pilot_v2,PER,PEN,stress,r3,2034,0.014999999999999902,0.08021805984449866,0.012098072216186528,0.09250335475439772,0.09250335475439772,0.0011191122660582252,9.902359610748625e-05,0.005573845262039806,0.005573845262039806,0.017765759803537774,0.017765759803537774,0.05,False,False,False,fiscally_ordinary,not_feasible,not_feasible
pilot_per_tierA_baseline_pilot_v2,PER,PEN,stress,r3,2034,0.014999999999999902,0.08021805984449866,0.012098072216186528,0.09250335475439772,0.09250335475439772,0.0011191122660582252,9.902359610748625e-05,0.005573845262039806,0.005573845262039806,0.017765759803537774,0.017765759803537774,0.1,False,False,False,fiscally_ordinary,not_feasible,not_feasible
pilot_per_tierA_baseline_pilot_v2,PER,PEN,stress,r3,2034,0.014999999999999902,0.08021805984449866,0.012098072216186528,0.09250335475439772,0.09250335475439772,0.0011191122660582252,9.902359610748625e-05,0.005573845262039806,0.005573845262039806,0.017765759803537774,0.017765759803537774,0.25,False,False,False,fiscally_ordinary,not_feasible,not_feasible
pilot_per_tierA_baseline_pilot_v2,PER,PEN,stress,r3,2034,0.014999999999999902,0.08021805984449866,0.012098072216186528,0.09250335475439772,0.09250335475439772,0.0011191122660582252,9.902359610748625e-05,0.005573845262039806,0.005573845262039806,0.017765759803537774,0.017765759803537774,0.5,False,False,False,fiscally_ordinary,not_feasible,not_feasible
pilot_per_tierA_baseline_pilot_v2,PER,GMI,stress,r3,2034,0.014999999999999902,0.08021805984449866,0.012098072216186528,0.09250335475439772,0.09250335475439772,0.0011191122660582252,-0.00251794846059097,0.04180812064947627,0.04180812064947627,-0.060226301050499684,-0.060226301050499684,0.0,False,False,False,fiscally_ordinary,not_feasible,not_feasible
pilot_per_tierA_baseline_pilot_v2,PER,GMI,stress,r3,2034,0.014999999999999902,0.08021805984449866,0.012098072216186528,0.09250335475439772,0.09250335475439772,0.0011191122660582252,-0.00251794846059097,0.04180812064947627,0.04180812064947627,-0.060226301050499684,-0.060226301050499684,0.05,False,False,False,fiscally_ordinary,not_feasible,not_feasible
pilot_per_tierA_baseline_pilot_v2,PER,GMI,stress,r3,2034,0.014999999999999902,0.08021805984449866,0.012098072216186528,0.09250335475439772,0.09250335475439772,0.0011191122660582252,-0.00251794846059097,0.04180812064947627,0.04180812064947627,-0.060226301050499684,-0.060226301050499684,0.1,False,False,False,fiscally_ordinary,not_feasible,not_feasible
pilot_per_tierA_baseline_pilot_v2,PER,GMI,stress,r3,2034,0.014999999999999902,0.08021805984449866,0.012098072216186528,0.09250335475439772,0.09250335475439772,0.0011191122660582252,-0.00251794846059097,0.04180812064947627,0.04180812064947627,-0.060226301050499684,-0.060226301050499684,0.25,False,False,False,fiscally_ordinary,not_feasible,not_feasible
pilot_per_tierA_baseline_pilot_v2,PER,GMI,stress,r3,2034,0.014999999999999902,0.08021805984449866,0.012098072216186528,0.09250335475439772,0.09250335475439772,0.0011191122660582252,-0.00251794846059097,0.04180812064947627,0.04180812064947627,-0.060226301050499684,-0.060226301050499684,0.5,False,False,False,fiscally_ordinary,not_feasible,not_feasible
pilot_per_tierA_baseline_pilot_v2,PER,MUT,stress,r3,2034,0.014999999999999902,0.08021805984449866,0.012098072216186528,0.09250335475439772,0.09250335475439772,0.0011191122660582252,0.0001628068473390134,0.053394790101502256,0.053394790101502256,0.003049114848649491,0.003049114848649491,0.0,False,False,False,fiscally_ordinary,not_feasible,not_feasible
pilot_per_tierA_baseline_pilot_v2,PER,MUT,stress,r3,2034,0.014999999999999902,0.08021805984449866,0.012098072216186528,0.09250335475439772,0.09250335475439772,0.0011191122660582252,0.0001628068473390134,0.053394790101502256,0.053394790101502256,0.003049114848649491,0.003049114848649491,0.05,False,False,False,fiscally_ordinary,not_feasible,not_feasible
pilot_per_tierA_baseline_pilot_v2,PER,MUT,stress,r3,2034,0.014999999999999902,0.08021805984449866,0.012098072216186528,0.09250335475439772,0.09250335475439772,0.0011191122660582252,0.0001628068473390134,0.053394790101502256,0.053394790101502256,0.003049114848649491,0.003049114848649491,0.1,False,False,False,fiscally_ordinary,not_feasible,not_feasible
pilot_per_tierA_baseline_pilot_v2,PER,MUT,stress,r3,2034,0.014999999999999902,0.08021805984449866,0.012098072216186528,0.09250335475439772,0.09250335475439772,0.0011191122660582252,0.0001628068473390134,0.053394790101502256,0.053394790101502256,0.003049114848649491,0.003049114848649491,0.25,False,False,False,fiscally_ordinary,not_feasible,not_feasible
pilot_per_tierA_baseline_pilot_v2,PER,MUT,stress,r3,2034,0.014999999999999902,0.08021805984449866,0.012098072216186528,0.09250335475439772,0.09250335475439772,0.0011191122660582252,0.0001628068473390134,0.053394790101502256,0.053394790101502256,0.003049114848649491,0.003049114848649491,0.5,False,False,False,fiscally_ordinary,not_feasible,not_feasible
pilot_per_tierA_baseline_pilot_v2,PER,PBI,stress,r3,2034,0.014999999999999902,0.08021805984449866,0.012098072216186528,0.09250335475439772,0.09250335475439772,0.0011191122660582252,0.00026280684733901333,0.0796945147314945,0.0796945147314945,0.00329767799232429,0.00329767799232429,0.0,False,False,False,fiscally_ordinary,not_feasible,not_feasible
pilot_per_tierA_baseline_pilot_v2,PER,PBI,stress,r3,2034,0.014999999999999902,0.08021805984449866,0.012098072216186528,0.09250335475439772,0.09250335475439772,0.0011191122660582252,0.00026280684733901333,0.0796945147314945,0.0796945147314945,0.00329767799232429,0.00329767799232429,0.05,False,False,False,fiscally_ordinary,not_feasible,not_feasible
pilot_per_tierA_baseline_pilot_v2,PER,PBI,stress,r3,2034,0.014999999999999902,0.08021805984449866,0.012098072216186528,0.09250335475439772,0.09250335475439772,0.0011191122660582252,0.00026280684733901333,0.0796945147314945,0.0796945147314945,0.00329767799232429,0.00329767799232429,0.1,False,False,False,fiscally_ordinary,not_feasible,not_feasible
pilot_per_tierA_baseline_pilot_v2,PER,PBI,stress,r3,2034,0.014999999999999902,0.08021805984449866,0.012098072216186528,0.09250335475439772,0.09250335475439772,0.0011191122660582252,0.00026280684733901333,0.0796945147314945,0.0796945147314945,0.00329767799232429,0.00329767799232429,0.25,False,False,False,fiscally_ordinary,not_feasible,not_feasible
pilot_per_tierA_baseline_pilot_v2,PER,PBI,stress,r3,2034,0.014999999999999902,0.08021805984449866,0.012098072216186528,0.09250335475439772,0.09250335475439772,0.0011191122660582252,0.00026280684733901333,0.0796945147314945,0.0796945147314945,0.00329767799232429,0.00329767799232429,0.5,False,False,False,fiscally_ordinary,not_feasible,not_feasible
pilot_per_tierA_baseline_pilot_v2,PER,UBI,stress,r3,2034,0.014999999999999902,0.08021805984449866,0.012098072216186528,0.09250335475439772,0.09250335475439772,0.0011191122660582252,0.00012854576359517113,0.21357916040600902,0.21357916040600902,0.0006018647294558543,0.0006018647294558543,0.0,False,False,False,fiscally_ordinary,not_feasible,stress_benchmark_only
pilot_per_tierA_baseline_pilot_v2,PER,UBI,stress,r3,2034,0.014999999999999902,0.08021805984449866,0.012098072216186528,0.09250335475439772,0.09250335475439772,0.0011191122660582252,0.00012854576359517113,0.21357916040600902,0.21357916040600902,0.0006018647294558543,0.0006018647294558543,0.05,False,False,False,fiscally_ordinary,not_feasible,stress_benchmark_only
pilot_per_tierA_baseline_pilot_v2,PER,UBI,stress,r3,2034,0.014999999999999902,0.08021805984449866,0.012098072216186528,0.09250335475439772,0.09250335475439772,0.0011191122660582252,0.00012854576359517113,0.21357916040600902,0.21357916040600902,0.0006018647294558543,0.0006018647294558543,0.1,False,False,False,fiscally_ordinary,not_feasible,stress_benchmark_only
pilot_per_tierA_baseline_pilot_v2,PER,UBI,stress,r3,2034,0.014999999999999902,0.08021805984449866,0.012098072216186528,0.09250335475439772,0.09250335475439772,0.0011191122660582252,0.00012854576359517113,0.21357916040600902,0.21357916040600902,0.0006018647294558543,0.0006018647294558543,0.25,False,False,False,fiscally_ordinary,not_feasible,stress_benchmark_only
pilot_per_tierA_baseline_pilot_v2,PER,UBI,stress,r3,2034,0.014999999999999902,0.08021805984449866,0.012098072216186528,0.09250335475439772,0.09250335475439772,0.0011191122660582252,0.00012854576359517113,0.21357916040600902,0.21357916040600902,0.0006018647294558543,0.0006018647294558543,0.5,False,False,False,fiscally_ordinary,not_feasible,stress_benchmark_only
pilot_per_tierA_baseline_pilot_v2,PER,PEN,stress,r4,2034,0.014999999999999902,0.08021805984449866,0.012098072216186528,0.11728250245505063,0.11728250245505063,0.0014188921843962764,0.0004308035144455375,0.005573845262039806,0.005573845262039806,0.07729018194665141,0.07729018194665141,0.0,False,False,False,fiscally_ordinary,not_feasible,not_feasible
pilot_per_tierA_baseline_pilot_v2,PER,PEN,stress,r4,2034,0.014999999999999902,0.08021805984449866,0.012098072216186528,0.11728250245505063,0.11728250245505063,0.0014188921843962764,0.0004308035144455375,0.005573845262039806,0.005573845262039806,0.07729018194665141,0.07729018194665141,0.05,False,False,False,fiscally_ordinary,not_feasible,not_feasible
pilot_per_tierA_baseline_pilot_v2,PER,PEN,stress,r4,2034,0.014999999999999902,0.08021805984449866,0.012098072216186528,0.11728250245505063,0.11728250245505063,0.0014188921843962764,0.0004308035144455375,0.005573845262039806,0.005573845262039806,0.07729018194665141,0.07729018194665141,0.1,False,False,False,fiscally_ordinary,not_feasible,not_feasible
pilot_per_tierA_baseline_pilot_v2,PER,PEN,stress,r4,2034,0.014999999999999902,0.08021805984449866,0.012098072216186528,0.11728250245505063,0.11728250245505063,0.0014188921843962764,0.0004308035144455375,0.005573845262039806,0.005573845262039806,0.07729018194665141,0.07729018194665141,0.25,False,False,False,fiscally_ordinary,not_feasible,not_feasible
pilot_per_tierA_baseline_pilot_v2,PER,PEN,stress,r4,2034,0.014999999999999902,0.08021805984449866,0.012098072216186528,0.11728250245505063,0.11728250245505063,0.0014188921843962764,0.0004308035144455375,0.005573845262039806,0.005573845262039806,0.07729018194665141,0.07729018194665141,0.5,False,False,False,fiscally_ordinary,not_feasible,not_feasible
pilot_per_tierA_baseline_pilot_v2,PER,GMI,stress,r4,2034,0.014999999999999902,0.08021805984449866,0.012098072216186528,0.11728250245505063,0.11728250245505063,0.0014188921843962764,-0.002138168542252919,0.04180812064947627,0.04180812064947627,-0.05114242183186256,-0.05114242183186256,0.0,False,False,False,fiscally_ordinary,not_feasible,not_feasible
pilot_per_tierA_baseline_pilot_v2,PER,GMI,stress,r4,2034,0.014999999999999902,0.08021805984449866,0.012098072216186528,0.11728250245505063,0.11728250245505063,0.0014188921843962764,-0.002138168542252919,0.04180812064947627,0.04180812064947627,-0.05114242183186256,-0.05114242183186256,0.05,False,False,False,fiscally_ordinary,not_feasible,not_feasible
pilot_per_tierA_baseline_pilot_v2,PER,GMI,stress,r4,2034,0.014999999999999902,0.08021805984449866,0.012098072216186528,0.11728250245505063,0.11728250245505063,0.0014188921843962764,-0.002138168542252919,0.04180812064947627,0.04180812064947627,-0.05114242183186256,-0.05114242183186256,0.1,False,False,False,fiscally_ordinary,not_feasible,not_feasible
pilot_per_tierA_baseline_pilot_v2,PER,GMI,stress,r4,2034,0.014999999999999902,0.08021805984449866,0.012098072216186528,0.11728250245505063,0.11728250245505063,0.0014188921843962764,-0.002138168542252919,0.04180812064947627,0.04180812064947627,-0.05114242183186256,-0.05114242183186256,0.25,False,False,False,fiscally_ordinary,not_feasible,not_feasible
pilot_per_tierA_baseline_pilot_v2,PER,GMI,stress,r4,2034,0.014999999999999902,0.08021805984449866,0.012098072216186528,0.11728250245505063,0.11728250245505063,0.0014188921843962764,-0.002138168542252919,0.04180812064947627,0.04180812064947627,-0.05114242183186256,-0.05114242183186256,0.5,False,False,False,fiscally_ordinary,not_feasible,not_feasible
pilot_per_tierA_baseline_pilot_v2,PER,MUT,stress,r4,2034,0.014999999999999902,0.08021805984449866,0.012098072216186528,0.11728250245505063,0.11728250245505063,0.0014188921843962764,0.0004825867656770647,0.053394790101502256,0.053394790101502256,0.009038087138458236,0.009038087138458236,0.0,False,False,False,fiscally_ordinary,not_feasible,not_feasible
pilot_per_tierA_baseline_pilot_v2,PER,MUT,stress,r4,2034,0.014999999999999902,0.08021805984449866,0.012098072216186528,0.11728250245505063,0.11728250245505063,0.0014188921843962764,0.0004825867656770647,0.053394790101502256,0.053394790101502256,0.009038087138458236,0.009038087138458236,0.05,False,False,False,fiscally_ordinary,not_feasible,not_feasible
pilot_per_tierA_baseline_pilot_v2,PER,MUT,stress,r4,2034,0.014999999999999902,0.08021805984449866,0.012098072216186528,0.11728250245505063,0.11728250245505063,0.0014188921843962764,0.0004825867656770647,0.053394790101502256,0.053394790101502256,0.009038087138458236,0.009038087138458236,0.1,False,False,False,fiscally_ordinary,not_feasible,not_feasible
pilot_per_tierA_baseline_pilot_v2,PER,MUT,stress,r4,2034,0.014999999999999902,0.08021805984449866,0.012098072216186528,0.11728250245505063,0.11728250245505063,0.0014188921843962764,0.0004825867656770647,0.053394790101502256,0.053394790101502256,0.009038087138458236,0.009038087138458236,0.25,False,False,False,fiscally_ordinary,not_feasible,not_feasible
pilot_per_tierA_baseline_pilot_v2,PER,MUT,stress,r4,2034,0.014999999999999902,0.08021805984449866,0.012098072216186528,0.11728250245505063,0.11728250245505063,0.0014188921843962764,0.0004825867656770647,0.053394790101502256,0.053394790101502256,0.009038087138458236,0.009038087138458236,0.5,False,False,False,fiscally_ordinary,not_feasible,not_feasible
pilot_per_tierA_baseline_pilot_v2,PER,PBI,stress,r4,2034,0.014999999999999902,0.08021805984449866,0.012098072216186528,0.11728250245505063,0.11728250245505063,0.0014188921843962764,0.0005825867656770646,0.0796945147314945,0.0796945147314945,0.007310249239108949,0.007310249239108949,0.0,False,False,False,fiscally_ordinary,not_feasible,not_feasible
pilot_per_tierA_baseline_pilot_v2,PER,PBI,stress,r4,2034,0.014999999999999902,0.08021805984449866,0.012098072216186528,0.11728250245505063,0.11728250245505063,0.0014188921843962764,0.0005825867656770646,0.0796945147314945,0.0796945147314945,0.007310249239108949,0.007310249239108949,0.05,False,False,False,fiscally_ordinary,not_feasible,not_feasible
pilot_per_tierA_baseline_pilot_v2,PER,PBI,stress,r4,2034,0.014999999999999902,0.08021805984449866,0.012098072216186528,0.11728250245505063,0.11728250245505063,0.0014188921843962764,0.0005825867656770646,0.0796945147314945,0.0796945147314945,0.007310249239108949,0.007310249239108949,0.1,False,False,False,fiscally_ordinary,not_feasible,not_feasible
pilot_per_tierA_baseline_pilot_v2,PER,PBI,stress,r4,2034,0.014999999999999902,0.08021805984449866,0.012098072216186528,0.11728250245505063,0.11728250245505063,0.0014188921843962764,0.0005825867656770646,0.0796945147314945,0.0796945147314945,0.007310249239108949,0.007310249239108949,0.25,False,False,False,fiscally_ordinary,not_feasible,not_feasible
pilot_per_tierA_baseline_pilot_v2,PER,PBI,stress,r4,2034,0.014999999999999902,0.08021805984449866,0.012098072216186528,0.11728250245505063,0.11728250245505063,0.0014188921843962764,0.0005825867656770646,0.0796945147314945,0.0796945147314945,0.007310249239108949,0.007310249239108949,0.5,False,False,False,fiscally_ordinary,not_feasible,not_feasible
pilot_per_tierA_baseline_pilot_v2,PER,UBI,stress,r4,2034,0.014999999999999902,0.08021805984449866,0.012098072216186528,0.11728250245505063,0.11728250245505063,0.0014188921843962764,0.0004403256819332224,0.21357916040600902,0.21357916040600902,0.002061650963961903,0.002061650963961903,0.0,False,False,False,fiscally_ordinary,not_feasible,stress_benchmark_only
pilot_per_tierA_baseline_pilot_v2,PER,UBI,stress,r4,2034,0.014999999999999902,0.08021805984449866,0.012098072216186528,0.11728250245505063,0.11728250245505063,0.0014188921843962764,0.0004403256819332224,0.21357916040600902,0.21357916040600902,0.002061650963961903,0.002061650963961903,0.05,False,False,False,fiscally_ordinary,not_feasible,stress_benchmark_only
pilot_per_tierA_baseline_pilot_v2,PER,UBI,stress,r4,2034,0.014999999999999902,0.08021805984449866,0.012098072216186528,0.11728250245505063,0.11728250245505063,0.0014188921843962764,0.0004403256819332224,0.21357916040600902,0.21357916040600902,0.002061650963961903,0.002061650963961903,0.1,False,False,False,fiscally_ordinary,not_feasible,stress_benchmark_only
pilot_per_tierA_baseline_pilot_v2,PER,UBI,stress,r4,2034,0.014999999999999902,0.08021805984449866,0.012098072216186528,0.11728250245505063,0.11728250245505063,0.0014188921843962764,0.0004403256819332224,0.21357916040600902,0.21357916040600902,0.002061650963961903,0.002061650963961903,0.25,False,False,False,fiscally_ordinary,not_feasible,stress_benchmark_only
pilot_per_tierA_baseline_pilot_v2,PER,UBI,stress,r4,2034,0.014999999999999902,0.08021805984449866,0.012098072216186528,0.11728250245505063,0.11728250245505063,0.0014188921843962764,0.0004403256819332224,0.21357916040600902,0.21357916040600902,0.002061650963961903,0.002061650963961903,0.5,False,False,False,fiscally_ordinary,not_feasible,stress_benchmark_only
