country_id,year,government_level,grd_total_revenue_ex_grants_ex_sc_gdp,grd_tax_excluding_sc_gdp,grd_tax_including_sc_gdp,oecd_tax_excluding_sc_gdp,oecd_tax_including_sc_gdp,oecd_social_contrib_gdp,imf_total_revenue_general_government_gdp,grd_minus_oecd_tax_ex_sc_gdp,grd_minus_oecd_tax_inc_sc_gdp,grd_minus_imf_total_revenue_gdp,tax_comparison_concept,comparison_role,source_excel_file,canonical_mapping_note,dataset_version,build_id,created_at,created_by_script
CHL,2000,central_government,0.19236437827948955,0.15672280701920618,0.1703851921933965,0.1735220789515567,0.187184464152609,0.0136623852010523,0.22177170548025,-0.016799271932350507,-0.01679927195921249,-0.029407327200760447,like_for_like_excluding_social_contributions: GRD canonical tax excludes social contributions; OECD comparison subtracts OECD social_contrib_gdp from total tax.,contrast_only_not_baseline_anchor,UNUWIDERGRD_2025_Central.xlsx,GRD User Guide 2025 advises most users to rely on revenue and tax figures exclusive of social contributions for completeness and comparability. The canonical total-revenue field also excludes grants for domestic fiscal-capacity use; all total-revenue variants from the file are retained.,v1.0.1-official-4c,v1.0.1-official-4c-anchors-20260709T110732Z-baseline-official-v2-author-approved,2026-07-09T11:07:42.578023+00:00,materialize_official_v2_author_signature.py
CHL,2001,central_government,0.19556652732734753,0.1600335254726954,0.17386451168967318,0.175201138103733,0.189032124076737,0.013830985973003999,0.22686639100651998,-0.015167612631037608,-0.015167612387063822,-0.03129986367917245,like_for_like_excluding_social_contributions: GRD canonical tax excludes social contributions; OECD comparison subtracts OECD social_contrib_gdp from total tax.,contrast_only_not_baseline_anchor,UNUWIDERGRD_2025_Central.xlsx,GRD User Guide 2025 advises most users to rely on revenue and tax figures exclusive of social contributions for completeness and comparability. The canonical total-revenue field also excludes grants for domestic fiscal-capacity use; all total-revenue variants from the file are retained.,v1.0.1-official-4c,v1.0.1-official-4c-anchors-20260709T110732Z-baseline-official-v2-author-approved,2026-07-09T11:07:42.578023+00:00,materialize_official_v2_author_signature.py
CHL,2002,central_government,0.18741537347011483,0.15918158642342986,0.1732000574367049,0.17537892087810353,0.18939739155270502,0.0140184706746015,0.22030860582970999,-0.016197334454673668,-0.016197334116000106,-0.032893232359595154,like_for_like_excluding_social_contributions: GRD canonical tax excludes social contributions; OECD comparison subtracts OECD social_contrib_gdp from total tax.,contrast_only_not_baseline_anchor,UNUWIDERGRD_2025_Central.xlsx,GRD User Guide 2025 advises most users to rely on revenue and tax figures exclusive of social contributions for completeness and comparability. The canonical total-revenue field also excludes grants for domestic fiscal-capacity use; all total-revenue variants from the file are retained.,v1.0.1-official-4c,v1.0.1-official-4c-anchors-20260709T110732Z-baseline-official-v2-author-approved,2026-07-09T11:07:42.578023+00:00,materialize_official_v2_author_signature.py
CHL,2003,central_government,0.1862831855061143,0.1534542190590302,0.16721632883619478,0.1725057391900294,0.186267849253377,0.013762110063347599,0.2180279934681,-0.0190515201309992,-0.01905152041718222,-0.0317448079619857,like_for_like_excluding_social_contributions: GRD canonical tax excludes social contributions; OECD comparison subtracts OECD social_contrib_gdp from total tax.,contrast_only_not_baseline_anchor,UNUWIDERGRD_2025_Central.xlsx,GRD User Guide 2025 advises most users to rely on revenue and tax figures exclusive of social contributions for completeness and comparability. The canonical total-revenue field also excludes grants for domestic fiscal-capacity use; all total-revenue variants from the file are retained.,v1.0.1-official-4c,v1.0.1-official-4c-anchors-20260709T110732Z-baseline-official-v2-author-approved,2026-07-09T11:07:42.578023+00:00,materialize_official_v2_author_signature.py
CHL,2004,central_government,0.19877089860748062,0.15087802619704943,0.1645823620019174,0.1774108546931675,0.191115190460593,0.0137043357674255,0.22866486610102998,-0.02653282849611807,-0.026532828458675606,-0.02989396749354936,like_for_like_excluding_social_contributions: GRD canonical tax excludes social contributions; OECD comparison subtracts OECD social_contrib_gdp from total tax.,contrast_only_not_baseline_anchor,UNUWIDERGRD_2025_Central.xlsx,GRD User Guide 2025 advises most users to rely on revenue and tax figures exclusive of social contributions for completeness and comparability. The canonical total-revenue field also excludes grants for domestic fiscal-capacity use; all total-revenue variants from the file are retained.,v1.0.1-official-4c,v1.0.1-official-4c-anchors-20260709T110732Z-baseline-official-v2-author-approved,2026-07-09T11:07:42.578023+00:00,materialize_official_v2_author_signature.py
CHL,2005,central_government,0.21638163788774717,0.16335807678747163,0.1769661537940239,0.1947414871284236,0.208349564165981,0.0136080770375574,0.24817124335857,-0.03138341034095196,-0.031383410371957104,-0.031789605470822824,like_for_like_excluding_social_contributions: GRD canonical tax excludes social contributions; OECD comparison subtracts OECD social_contrib_gdp from total tax.,contrast_only_not_baseline_anchor,UNUWIDERGRD_2025_Central.xlsx,GRD User Guide 2025 advises most users to rely on revenue and tax figures exclusive of social contributions for completeness and comparability. The canonical total-revenue field also excludes grants for domestic fiscal-capacity use; all total-revenue variants from the file are retained.,v1.0.1-official-4c,v1.0.1-official-4c-anchors-20260709T110732Z-baseline-official-v2-author-approved,2026-07-09T11:07:42.578023+00:00,materialize_official_v2_author_signature.py
CHL,2006,central_government,0.2330244918046247,0.1620607355213843,0.17493678069426297,0.20826508889556428,0.22114113399331198,0.0128760450977477,0.26239243428335,-0.04620435337417997,-0.04620435329904901,-0.029367942478725317,like_for_like_excluding_social_contributions: GRD canonical tax excludes social contributions; OECD comparison subtracts OECD social_contrib_gdp from total tax.,contrast_only_not_baseline_anchor,UNUWIDERGRD_2025_Central.xlsx,GRD User Guide 2025 advises most users to rely on revenue and tax figures exclusive of social contributions for completeness and comparability. The canonical total-revenue field also excludes grants for domestic fiscal-capacity use; all total-revenue variants from the file are retained.,v1.0.1-official-4c,v1.0.1-official-4c-anchors-20260709T110732Z-baseline-official-v2-author-approved,2026-07-09T11:07:42.578023+00:00,materialize_official_v2_author_signature.py
CHL,2007,central_government,0.24827630159664077,0.17930181251380123,0.19204198152032356,0.21573234592625692,0.22847251490367002,0.0127401689774131,0.27261483066023,-0.036430533412455696,-0.03643053338334645,-0.024338529063589243,like_for_like_excluding_social_contributions: GRD canonical tax excludes social contributions; OECD comparison subtracts OECD social_contrib_gdp from total tax.,contrast_only_not_baseline_anchor,UNUWIDERGRD_2025_Central.xlsx,GRD User Guide 2025 advises most users to rely on revenue and tax figures exclusive of social contributions for completeness and comparability. The canonical total-revenue field also excludes grants for domestic fiscal-capacity use; all total-revenue variants from the file are retained.,v1.0.1-official-4c,v1.0.1-official-4c-anchors-20260709T110732Z-baseline-official-v2-author-approved,2026-07-09T11:07:42.578023+00:00,materialize_official_v2_author_signature.py
CHL,2008,central_government,0.23505224288223092,0.1754959100589022,0.18923048476973653,0.2002934036470825,0.214027978460633,0.013734574813550499,0.25721567451487,-0.024797493588180314,-0.024797493690896483,-0.022163431632639063,like_for_like_excluding_social_contributions: GRD canonical tax excludes social contributions; OECD comparison subtracts OECD social_contrib_gdp from total tax.,contrast_only_not_baseline_anchor,UNUWIDERGRD_2025_Central.xlsx,GRD User Guide 2025 advises most users to rely on revenue and tax figures exclusive of social contributions for completeness and comparability. The canonical total-revenue field also excludes grants for domestic fiscal-capacity use; all total-revenue variants from the file are retained.,v1.0.1-official-4c,v1.0.1-official-4c-anchors-20260709T110732Z-baseline-official-v2-author-approved,2026-07-09T11:07:42.578023+00:00,materialize_official_v2_author_signature.py
CHL,2009,central_government,0.17546672494094118,0.13882637229628675,0.15309485295882105,0.15970333854024088,0.173971819161664,0.0142684806214231,0.20716724064601,-0.02087696624395413,-0.020876966202842934,-0.03170051570506882,like_for_like_excluding_social_contributions: GRD canonical tax excludes social contributions; OECD comparison subtracts OECD social_contrib_gdp from total tax.,contrast_only_not_baseline_anchor,UNUWIDERGRD_2025_Central.xlsx,GRD User Guide 2025 advises most users to rely on revenue and tax figures exclusive of social contributions for completeness and comparability. The canonical total-revenue field also excludes grants for domestic fiscal-capacity use; all total-revenue variants from the file are retained.,v1.0.1-official-4c,v1.0.1-official-4c-anchors-20260709T110732Z-baseline-official-v2-author-approved,2026-07-09T11:07:42.578023+00:00,materialize_official_v2_author_signature.py
CHL,2010,central_government,0.20203680324909748,0.15864362815884475,0.1721272653429603,0.1834428148770962,0.196929146055795,0.013486331178698801,0.23103754836123,-0.02479918671825146,-0.024801880712834706,-0.02900074511213252,like_for_like_excluding_social_contributions: GRD canonical tax excludes social contributions; OECD comparison subtracts OECD social_contrib_gdp from total tax.,contrast_only_not_baseline_anchor,UNUWIDERGRD_2025_Central.xlsx,GRD User Guide 2025 advises most users to rely on revenue and tax figures exclusive of social contributions for completeness and comparability. The canonical total-revenue field also excludes grants for domestic fiscal-capacity use; all total-revenue variants from the file are retained.,v1.0.1-official-4c,v1.0.1-official-4c-anchors-20260709T110732Z-baseline-official-v2-author-approved,2026-07-09T11:07:42.578023+00:00,materialize_official_v2_author_signature.py
CHL,2011,central_government,0.21330748724279835,0.1736724403292181,0.18703718847736625,0.198589861577875,0.211953596039834,0.013363734461959001,0.24312880142990997,-0.024917421248656896,-0.02491640756246774,-0.02982131418711162,like_for_like_excluding_social_contributions: GRD canonical tax excludes social contributions; OECD comparison subtracts OECD social_contrib_gdp from total tax.,contrast_only_not_baseline_anchor,UNUWIDERGRD_2025_Central.xlsx,GRD User Guide 2025 advises most users to rely on revenue and tax figures exclusive of social contributions for completeness and comparability. The canonical total-revenue field also excludes grants for domestic fiscal-capacity use; all total-revenue variants from the file are retained.,v1.0.1-official-4c,v1.0.1-official-4c-anchors-20260709T110732Z-baseline-official-v2-author-approved,2026-07-09T11:07:42.578023+00:00,materialize_official_v2_author_signature.py
CHL,2012,central_government,0.20718113923076925,0.1751540769230769,0.18764498461538462,0.19936627501115523,0.213234251709553,0.013867976698397799,0.23771789892767997,-0.024212198088078313,-0.025589267094168394,-0.03053675969691072,like_for_like_excluding_social_contributions: GRD canonical tax excludes social contributions; OECD comparison subtracts OECD social_contrib_gdp from total tax.,contrast_only_not_baseline_anchor,UNUWIDERGRD_2025_Central.xlsx,GRD User Guide 2025 advises most users to rely on revenue and tax figures exclusive of social contributions for completeness and comparability. The canonical total-revenue field also excludes grants for domestic fiscal-capacity use; all total-revenue variants from the file are retained.,v1.0.1-official-4c,v1.0.1-official-4c-anchors-20260709T110732Z-baseline-official-v2-author-approved,2026-07-09T11:07:42.578023+00:00,materialize_official_v2_author_signature.py
CHL,2013,central_government,0.1938587035688274,0.16687836853605245,0.18086817188638019,0.18505165974852902,0.19939136251094802,0.014339702762419,0.22642928278927,-0.018173291212476572,-0.018523190624567837,-0.0325705792204426,like_for_like_excluding_social_contributions: GRD canonical tax excludes social contributions; OECD comparison subtracts OECD social_contrib_gdp from total tax.,contrast_only_not_baseline_anchor,UNUWIDERGRD_2025_Central.xlsx,GRD User Guide 2025 advises most users to rely on revenue and tax figures exclusive of social contributions for completeness and comparability. The canonical total-revenue field also excludes grants for domestic fiscal-capacity use; all total-revenue variants from the file are retained.,v1.0.1-official-4c,v1.0.1-official-4c-anchors-20260709T110732Z-baseline-official-v2-author-approved,2026-07-09T11:07:42.578023+00:00,materialize_official_v2_author_signature.py
CHL,2014,central_government,0.19148108108108108,0.16555135135135135,0.1795135135135135,0.182729947103819,0.196991989296804,0.014262042192985,0.22356241478764002,-0.017178595752467662,-0.01747847578329051,-0.03208133370655894,like_for_like_excluding_social_contributions: GRD canonical tax excludes social contributions; OECD comparison subtracts OECD social_contrib_gdp from total tax.,contrast_only_not_baseline_anchor,UNUWIDERGRD_2025_Central.xlsx,GRD User Guide 2025 advises most users to rely on revenue and tax figures exclusive of social contributions for completeness and comparability. The canonical total-revenue field also excludes grants for domestic fiscal-capacity use; all total-revenue variants from the file are retained.,v1.0.1-official-4c,v1.0.1-official-4c-anchors-20260709T110732Z-baseline-official-v2-author-approved,2026-07-09T11:07:42.578023+00:00,materialize_official_v2_author_signature.py
CHL,2015,central_government,0.1966267339218159,0.17477931904161412,0.1886822194199243,0.1908996230402688,0.205099901351287,0.0142002783110182,0.2293943628365,-0.01612030399865469,-0.0164176819313627,-0.0327676289146841,like_for_like_excluding_social_contributions: GRD canonical tax excludes social contributions; OECD comparison subtracts OECD social_contrib_gdp from total tax.,contrast_only_not_baseline_anchor,UNUWIDERGRD_2025_Central.xlsx,GRD User Guide 2025 advises most users to rely on revenue and tax figures exclusive of social contributions for completeness and comparability. The canonical total-revenue field also excludes grants for domestic fiscal-capacity use; all total-revenue variants from the file are retained.,v1.0.1-official-4c,v1.0.1-official-4c-anchors-20260709T110732Z-baseline-official-v2-author-approved,2026-07-09T11:07:42.578023+00:00,materialize_official_v2_author_signature.py
CHL,2016,central_government,0.19406397459934832,0.17465309997719194,0.18911648616795024,0.1877677354194658,0.202234144288131,0.014466408868665199,0.22706036756175,-0.013114635442273842,-0.013117658120180758,-0.03299639296240167,like_for_like_excluding_social_contributions: GRD canonical tax excludes social contributions; OECD comparison subtracts OECD social_contrib_gdp from total tax.,contrast_only_not_baseline_anchor,UNUWIDERGRD_2025_Central.xlsx,GRD User Guide 2025 advises most users to rely on revenue and tax figures exclusive of social contributions for completeness and comparability. The canonical total-revenue field also excludes grants for domestic fiscal-capacity use; all total-revenue variants from the file are retained.,v1.0.1-official-4c,v1.0.1-official-4c-anchors-20260709T110732Z-baseline-official-v2-author-approved,2026-07-09T11:07:42.578023+00:00,materialize_official_v2_author_signature.py
CHL,2017,central_government,0.19704350621862798,0.17507250418293363,0.18972703290574455,0.18757212025199352,0.202225438018189,0.0146533177661955,0.22865089482106998,-0.012499616069059888,-0.01249840511244446,-0.031607388602442,like_for_like_excluding_social_contributions: GRD canonical tax excludes social contributions; OECD comparison subtracts OECD social_contrib_gdp from total tax.,contrast_only_not_baseline_anchor,UNUWIDERGRD_2025_Central.xlsx,GRD User Guide 2025 advises most users to rely on revenue and tax figures exclusive of social contributions for completeness and comparability. The canonical total-revenue field also excludes grants for domestic fiscal-capacity use; all total-revenue variants from the file are retained.,v1.0.1-official-4c,v1.0.1-official-4c-anchors-20260709T110732Z-baseline-official-v2-author-approved,2026-07-09T11:07:42.578023+00:00,materialize_official_v2_author_signature.py
CHL,2018,central_government,0.207070606246881,0.18398911004719745,0.19869963103452584,0.19810779473827747,0.21281560810491498,0.014707813366637502,0.24133439910433002,-0.014118684691080019,-0.01411597707038914,-0.034263792857449016,like_for_like_excluding_social_contributions: GRD canonical tax excludes social contributions; OECD comparison subtracts OECD social_contrib_gdp from total tax.,contrast_only_not_baseline_anchor,UNUWIDERGRD_2025_Central.xlsx,GRD User Guide 2025 advises most users to rely on revenue and tax figures exclusive of social contributions for completeness and comparability. The canonical total-revenue field also excludes grants for domestic fiscal-capacity use; all total-revenue variants from the file are retained.,v1.0.1-official-4c,v1.0.1-official-4c-anchors-20260709T110732Z-baseline-official-v2-author-approved,2026-07-09T11:07:42.578023+00:00,materialize_official_v2_author_signature.py
CHL,2019,central_government,0.20211541187766283,0.17882521261943735,0.19414442432787724,0.1944994182806907,0.209816144648457,0.0153167263677663,0.23766623207822998,-0.015674205661253354,-0.015671720320579757,-0.03555082020056716,like_for_like_excluding_social_contributions: GRD canonical tax excludes social contributions; OECD comparison subtracts OECD social_contrib_gdp from total tax.,contrast_only_not_baseline_anchor,UNUWIDERGRD_2025_Central.xlsx,GRD User Guide 2025 advises most users to rely on revenue and tax figures exclusive of social contributions for completeness and comparability. The canonical total-revenue field also excludes grants for domestic fiscal-capacity use; all total-revenue variants from the file are retained.,v1.0.1-official-4c,v1.0.1-official-4c-anchors-20260709T110732Z-baseline-official-v2-author-approved,2026-07-09T11:07:42.578023+00:00,materialize_official_v2_author_signature.py
CHL,2020,central_government,0.18391673931807698,0.16192769594525583,0.1773517734724292,0.17747655352177338,0.19290386763755699,0.015427314115783599,0.21993042724780001,-0.015548857576517555,-0.015552094165127789,-0.03601368792972304,like_for_like_excluding_social_contributions: GRD canonical tax excludes social contributions; OECD comparison subtracts OECD social_contrib_gdp from total tax.,contrast_only_not_baseline_anchor,UNUWIDERGRD_2025_Central.xlsx,GRD User Guide 2025 advises most users to rely on revenue and tax figures exclusive of social contributions for completeness and comparability. The canonical total-revenue field also excludes grants for domestic fiscal-capacity use; all total-revenue variants from the file are retained.,v1.0.1-official-4c,v1.0.1-official-4c-anchors-20260709T110732Z-baseline-official-v2-author-approved,2026-07-09T11:07:42.578023+00:00,materialize_official_v2_author_signature.py
CHL,2021,central_government,0.22974152283347243,0.19661284473326376,0.20836196994991651,0.2115472446198325,0.22330529190666099,0.011758047286828499,0.26090307464747,-0.014934399886568722,-0.01494332195674447,-0.031161551813997546,like_for_like_excluding_social_contributions: GRD canonical tax excludes social contributions; OECD comparison subtracts OECD social_contrib_gdp from total tax.,contrast_only_not_baseline_anchor,UNUWIDERGRD_2025_Central.xlsx,GRD User Guide 2025 advises most users to rely on revenue and tax figures exclusive of social contributions for completeness and comparability. The canonical total-revenue field also excludes grants for domestic fiscal-capacity use; all total-revenue variants from the file are retained.,v1.0.1-official-4c,v1.0.1-official-4c-anchors-20260709T110732Z-baseline-official-v2-author-approved,2026-07-09T11:07:42.578023+00:00,materialize_official_v2_author_signature.py
CHL,2022,central_government,0.25018953752843065,0.212770553449583,0.22251705837755875,0.2292814150628731,0.239109469307648,0.00982805424477489,0.28085085664301,-0.0165108616132901,-0.016592410930089257,-0.030661319114579366,like_for_like_excluding_social_contributions: GRD canonical tax excludes social contributions; OECD comparison subtracts OECD social_contrib_gdp from total tax.,contrast_only_not_baseline_anchor,UNUWIDERGRD_2025_Central.xlsx,GRD User Guide 2025 advises most users to rely on revenue and tax figures exclusive of social contributions for completeness and comparability. The canonical total-revenue field also excludes grants for domestic fiscal-capacity use; all total-revenue variants from the file are retained.,v1.0.1-official-4c,v1.0.1-official-4c-anchors-20260709T110732Z-baseline-official-v2-author-approved,2026-07-09T11:07:42.578023+00:00,materialize_official_v2_author_signature.py
CHL,2023,central_government,0.21778836156197945,0.17716728856367506,0.188809638702022,0.1946800729356989,0.206324179130334,0.0116441061946351,0.25122697922888,-0.017512784372023832,-0.017514540428311992,-0.03343861766690054,like_for_like_excluding_social_contributions: GRD canonical tax excludes social contributions; OECD comparison subtracts OECD social_contrib_gdp from total tax.,contrast_only_not_baseline_anchor,UNUWIDERGRD_2025_Central.xlsx,GRD User Guide 2025 advises most users to rely on revenue and tax figures exclusive of social contributions for completeness and comparability. The canonical total-revenue field also excludes grants for domestic fiscal-capacity use; all total-revenue variants from the file are retained.,v1.0.1-official-4c,v1.0.1-official-4c-anchors-20260709T110732Z-baseline-official-v2-author-approved,2026-07-09T11:07:42.578023+00:00,materialize_official_v2_author_signature.py
COL,2000,central_government,,0.10138104032802701,0.10138104032802701,0.1312583498865479,0.156828727901967,0.0255703780154191,0.23642232377138,-0.029877309558520873,-0.05544768757393999,,like_for_like_excluding_social_contributions: GRD canonical tax excludes social contributions; OECD comparison subtracts OECD social_contrib_gdp from total tax.,contrast_only_not_baseline_anchor,UNUWIDERGRD_2025_Central.xlsx,GRD User Guide 2025 advises most users to rely on revenue and tax figures exclusive of social contributions for completeness and comparability. The canonical total-revenue field also excludes grants for domestic fiscal-capacity use; all total-revenue variants from the file are retained.,v1.0.1-official-4c,v1.0.1-official-4c-anchors-20260709T110732Z-baseline-official-v2-author-approved,2026-07-09T11:07:42.578023+00:00,materialize_official_v2_author_signature.py
COL,2001,central_government,,0.11755773385300668,0.11755773385300668,0.14795404855156022,0.173280615655296,0.025326567103735802,0.24798005206094,-0.030396314698553542,-0.055722881802289334,,like_for_like_excluding_social_contributions: GRD canonical tax excludes social contributions; OECD comparison subtracts OECD social_contrib_gdp from total tax.,contrast_only_not_baseline_anchor,UNUWIDERGRD_2025_Central.xlsx,GRD User Guide 2025 advises most users to rely on revenue and tax figures exclusive of social contributions for completeness and comparability. The canonical total-revenue field also excludes grants for domestic fiscal-capacity use; all total-revenue variants from the file are retained.,v1.0.1-official-4c,v1.0.1-official-4c-anchors-20260709T110732Z-baseline-official-v2-author-approved,2026-07-09T11:07:42.578023+00:00,materialize_official_v2_author_signature.py
COL,2002,central_government,,0.11813139532403609,0.11813139532403609,0.1484802242914865,0.17153128116692598,0.0230510568754395,0.24621741411926,-0.030348828967450406,-0.05339988584288989,,like_for_like_excluding_social_contributions: GRD canonical tax excludes social contributions; OECD comparison subtracts OECD social_contrib_gdp from total tax.,contrast_only_not_baseline_anchor,UNUWIDERGRD_2025_Central.xlsx,GRD User Guide 2025 advises most users to rely on revenue and tax figures exclusive of social contributions for completeness and comparability. The canonical total-revenue field also excludes grants for domestic fiscal-capacity use; all total-revenue variants from the file are retained.,v1.0.1-official-4c,v1.0.1-official-4c-anchors-20260709T110732Z-baseline-official-v2-author-approved,2026-07-09T11:07:42.578023+00:00,materialize_official_v2_author_signature.py
COL,2003,central_government,,0.12282512415958625,0.12282512415958625,0.1517737793372512,0.172915016635671,0.0211412372984198,0.253118461392,-0.028948655177664942,-0.05008989247608474,,like_for_like_excluding_social_contributions: GRD canonical tax excludes social contributions; OECD comparison subtracts OECD social_contrib_gdp from total tax.,contrast_only_not_baseline_anchor,UNUWIDERGRD_2025_Central.xlsx,GRD User Guide 2025 advises most users to rely on revenue and tax figures exclusive of social contributions for completeness and comparability. The canonical total-revenue field also excludes grants for domestic fiscal-capacity use; all total-revenue variants from the file are retained.,v1.0.1-official-4c,v1.0.1-official-4c-anchors-20260709T110732Z-baseline-official-v2-author-approved,2026-07-09T11:07:42.578023+00:00,materialize_official_v2_author_signature.py
COL,2004,central_government,,0.12699875178162798,0.12699875178162798,0.15583564183907112,0.17968607048700602,0.0238504286479349,0.25320339981139,-0.028836890057443137,-0.052687318705378045,,like_for_like_excluding_social_contributions: GRD canonical tax excludes social contributions; OECD comparison subtracts OECD social_contrib_gdp from total tax.,contrast_only_not_baseline_anchor,UNUWIDERGRD_2025_Central.xlsx,GRD User Guide 2025 advises most users to rely on revenue and tax figures exclusive of social contributions for completeness and comparability. The canonical total-revenue field also excludes grants for domestic fiscal-capacity use; all total-revenue variants from the file are retained.,v1.0.1-official-4c,v1.0.1-official-4c-anchors-20260709T110732Z-baseline-official-v2-author-approved,2026-07-09T11:07:42.578023+00:00,materialize_official_v2_author_signature.py
COL,2005,central_government,,0.13230712520710058,0.13230712520710058,0.1593759819302398,0.182588925550453,0.0232129436202132,0.25868559962026,-0.027068856723139217,-0.05028180034335242,,like_for_like_excluding_social_contributions: GRD canonical tax excludes social contributions; OECD comparison subtracts OECD social_contrib_gdp from total tax.,contrast_only_not_baseline_anchor,UNUWIDERGRD_2025_Central.xlsx,GRD User Guide 2025 advises most users to rely on revenue and tax figures exclusive of social contributions for completeness and comparability. The canonical total-revenue field also excludes grants for domestic fiscal-capacity use; all total-revenue variants from the file are retained.,v1.0.1-official-4c,v1.0.1-official-4c-anchors-20260709T110732Z-baseline-official-v2-author-approved,2026-07-09T11:07:42.578023+00:00,materialize_official_v2_author_signature.py
COL,2006,central_government,,0.1418157072327044,0.1418157072327044,0.1702666716982974,0.192672097217946,0.0224054255196486,0.27448512670328,-0.028450964465593004,-0.05085638998524161,,like_for_like_excluding_social_contributions: GRD canonical tax excludes social contributions; OECD comparison subtracts OECD social_contrib_gdp from total tax.,contrast_only_not_baseline_anchor,UNUWIDERGRD_2025_Central.xlsx,GRD User Guide 2025 advises most users to rely on revenue and tax figures exclusive of social contributions for completeness and comparability. The canonical total-revenue field also excludes grants for domestic fiscal-capacity use; all total-revenue variants from the file are retained.,v1.0.1-official-4c,v1.0.1-official-4c-anchors-20260709T110732Z-baseline-official-v2-author-approved,2026-07-09T11:07:42.578023+00:00,materialize_official_v2_author_signature.py
COL,2007,central_government,,0.1424808239673279,0.1424808239673279,0.1703674096540586,0.192990196732886,0.0226227870788274,0.27342456233079004,-0.02788658568673072,-0.050509372765558114,,like_for_like_excluding_social_contributions: GRD canonical tax excludes social contributions; OECD comparison subtracts OECD social_contrib_gdp from total tax.,contrast_only_not_baseline_anchor,UNUWIDERGRD_2025_Central.xlsx,GRD User Guide 2025 advises most users to rely on revenue and tax figures exclusive of social contributions for completeness and comparability. The canonical total-revenue field also excludes grants for domestic fiscal-capacity use; all total-revenue variants from the file are retained.,v1.0.1-official-4c,v1.0.1-official-4c-anchors-20260709T110732Z-baseline-official-v2-author-approved,2026-07-09T11:07:42.578023+00:00,materialize_official_v2_author_signature.py
COL,2008,central_government,,0.1426273844733529,0.1426273844733529,0.1701086598418433,0.19031833177828703,0.0202096719364437,0.28470670227537,-0.027481275368490404,-0.04769094730493412,,like_for_like_excluding_social_contributions: GRD canonical tax excludes social contributions; OECD comparison subtracts OECD social_contrib_gdp from total tax.,contrast_only_not_baseline_anchor,UNUWIDERGRD_2025_Central.xlsx,GRD User Guide 2025 advises most users to rely on revenue and tax figures exclusive of social contributions for completeness and comparability. The canonical total-revenue field also excludes grants for domestic fiscal-capacity use; all total-revenue variants from the file are retained.,v1.0.1-official-4c,v1.0.1-official-4c-anchors-20260709T110732Z-baseline-official-v2-author-approved,2026-07-09T11:07:42.578023+00:00,materialize_official_v2_author_signature.py
COL,2009,central_government,,0.13805731495215312,0.13805731495215312,0.1675614056673827,0.188168032906155,0.0206066272387723,0.28240169675256,-0.02950409071522958,-0.05011071795400188,,like_for_like_excluding_social_contributions: GRD canonical tax excludes social contributions; OECD comparison subtracts OECD social_contrib_gdp from total tax.,contrast_only_not_baseline_anchor,UNUWIDERGRD_2025_Central.xlsx,GRD User Guide 2025 advises most users to rely on revenue and tax figures exclusive of social contributions for completeness and comparability. The canonical total-revenue field also excludes grants for domestic fiscal-capacity use; all total-revenue variants from the file are retained.,v1.0.1-official-4c,v1.0.1-official-4c-anchors-20260709T110732Z-baseline-official-v2-author-approved,2026-07-09T11:07:42.578023+00:00,materialize_official_v2_author_signature.py
COL,2010,central_government,,0.13104993914721558,0.13104993914721558,0.1598670179598664,0.180964112618882,0.0210970946590156,0.27047402715898,-0.02881707881265083,-0.049914173471666434,,like_for_like_excluding_social_contributions: GRD canonical tax excludes social contributions; OECD comparison subtracts OECD social_contrib_gdp from total tax.,contrast_only_not_baseline_anchor,UNUWIDERGRD_2025_Central.xlsx,GRD User Guide 2025 advises most users to rely on revenue and tax figures exclusive of social contributions for completeness and comparability. The canonical total-revenue field also excludes grants for domestic fiscal-capacity use; all total-revenue variants from the file are retained.,v1.0.1-official-4c,v1.0.1-official-4c-anchors-20260709T110732Z-baseline-official-v2-author-approved,2026-07-09T11:07:42.578023+00:00,materialize_official_v2_author_signature.py
COL,2011,central_government,,0.14358105148626818,0.14358105148626818,0.172673292222467,0.18931860327962,0.016645311057153,0.28240342252282,-0.029092240736198816,-0.045737551793351816,,like_for_like_excluding_social_contributions: GRD canonical tax excludes social contributions; OECD comparison subtracts OECD social_contrib_gdp from total tax.,contrast_only_not_baseline_anchor,UNUWIDERGRD_2025_Central.xlsx,GRD User Guide 2025 advises most users to rely on revenue and tax figures exclusive of social contributions for completeness and comparability. The canonical total-revenue field also excludes grants for domestic fiscal-capacity use; all total-revenue variants from the file are retained.,v1.0.1-official-4c,v1.0.1-official-4c-anchors-20260709T110732Z-baseline-official-v2-author-approved,2026-07-09T11:07:42.578023+00:00,materialize_official_v2_author_signature.py
COL,2012,central_government,,0.15076595918979743,0.15076595918979743,0.17947750685108188,0.19720533764082,0.017727830789738098,0.29247337110078,-0.028711547661284448,-0.046439378451022556,,like_for_like_excluding_social_contributions: GRD canonical tax excludes social contributions; OECD comparison subtracts OECD social_contrib_gdp from total tax.,contrast_only_not_baseline_anchor,UNUWIDERGRD_2025_Central.xlsx,GRD User Guide 2025 advises most users to rely on revenue and tax figures exclusive of social contributions for completeness and comparability. The canonical total-revenue field also excludes grants for domestic fiscal-capacity use; all total-revenue variants from the file are retained.,v1.0.1-official-4c,v1.0.1-official-4c-anchors-20260709T110732Z-baseline-official-v2-author-approved,2026-07-09T11:07:42.578023+00:00,materialize_official_v2_author_signature.py
COL,2013,central_government,,0.14686937291695842,0.14686937291695842,0.1769119391813554,0.200220451491878,0.0233085123105226,0.28977618802016,-0.03004256626439697,-0.05335107857491958,,like_for_like_excluding_social_contributions: GRD canonical tax excludes social contributions; OECD comparison subtracts OECD social_contrib_gdp from total tax.,contrast_only_not_baseline_anchor,UNUWIDERGRD_2025_Central.xlsx,GRD User Guide 2025 advises most users to rely on revenue and tax figures exclusive of social contributions for completeness and comparability. The canonical total-revenue field also excludes grants for domestic fiscal-capacity use; all total-revenue variants from the file are retained.,v1.0.1-official-4c,v1.0.1-official-4c-anchors-20260709T110732Z-baseline-official-v2-author-approved,2026-07-09T11:07:42.578023+00:00,materialize_official_v2_author_signature.py
COL,2014,central_government,,0.14621889251540174,0.14621889251540174,0.1775254814859475,0.19550379541122498,0.0179783139252775,0.29517126854378,-0.03130658897054575,-0.04928490289582324,,like_for_like_excluding_social_contributions: GRD canonical tax excludes social contributions; OECD comparison subtracts OECD social_contrib_gdp from total tax.,contrast_only_not_baseline_anchor,UNUWIDERGRD_2025_Central.xlsx,GRD User Guide 2025 advises most users to rely on revenue and tax figures exclusive of social contributions for completeness and comparability. The canonical total-revenue field also excludes grants for domestic fiscal-capacity use; all total-revenue variants from the file are retained.,v1.0.1-official-4c,v1.0.1-official-4c-anchors-20260709T110732Z-baseline-official-v2-author-approved,2026-07-09T11:07:42.578023+00:00,materialize_official_v2_author_signature.py
COL,2015,central_government,,0.14887467727103268,0.14887467727103268,0.18214740027688142,0.19902980696015402,0.0168824066832726,0.27757127825676003,-0.03327272300584874,-0.050155129689121336,,like_for_like_excluding_social_contributions: GRD canonical tax excludes social contributions; OECD comparison subtracts OECD social_contrib_gdp from total tax.,contrast_only_not_baseline_anchor,UNUWIDERGRD_2025_Central.xlsx,GRD User Guide 2025 advises most users to rely on revenue and tax figures exclusive of social contributions for completeness and comparability. The canonical total-revenue field also excludes grants for domestic fiscal-capacity use; all total-revenue variants from the file are retained.,v1.0.1-official-4c,v1.0.1-official-4c-anchors-20260709T110732Z-baseline-official-v2-author-approved,2026-07-09T11:07:42.578023+00:00,materialize_official_v2_author_signature.py
COL,2016,central_government,,0.13998268858532067,0.13998268858532067,0.17291050863863083,0.19078888047803702,0.0178783718394062,0.27719668486621,-0.03292782005331016,-0.050806191892716346,,like_for_like_excluding_social_contributions: GRD canonical tax excludes social contributions; OECD comparison subtracts OECD social_contrib_gdp from total tax.,contrast_only_not_baseline_anchor,UNUWIDERGRD_2025_Central.xlsx,GRD User Guide 2025 advises most users to rely on revenue and tax figures exclusive of social contributions for completeness and comparability. The canonical total-revenue field also excludes grants for domestic fiscal-capacity use; all total-revenue variants from the file are retained.,v1.0.1-official-4c,v1.0.1-official-4c-anchors-20260709T110732Z-baseline-official-v2-author-approved,2026-07-09T11:07:42.578023+00:00,materialize_official_v2_author_signature.py
COL,2017,central_government,,0.14199279630635525,0.14199279630635525,0.1753277528395105,0.189833055836751,0.0145053029972405,0.26824972175386,-0.03333495653315524,-0.04784025953039575,,like_for_like_excluding_social_contributions: GRD canonical tax excludes social contributions; OECD comparison subtracts OECD social_contrib_gdp from total tax.,contrast_only_not_baseline_anchor,UNUWIDERGRD_2025_Central.xlsx,GRD User Guide 2025 advises most users to rely on revenue and tax figures exclusive of social contributions for completeness and comparability. The canonical total-revenue field also excludes grants for domestic fiscal-capacity use; all total-revenue variants from the file are retained.,v1.0.1-official-4c,v1.0.1-official-4c-anchors-20260709T110732Z-baseline-official-v2-author-approved,2026-07-09T11:07:42.578023+00:00,materialize_official_v2_author_signature.py
COL,2018,central_government,,0.14094769963555373,0.14094769963555373,0.17423509746701638,0.192651998801821,0.0184169013348046,0.29990242298186,-0.033287397831462645,-0.05170429916626726,,like_for_like_excluding_social_contributions: GRD canonical tax excludes social contributions; OECD comparison subtracts OECD social_contrib_gdp from total tax.,contrast_only_not_baseline_anchor,UNUWIDERGRD_2025_Central.xlsx,GRD User Guide 2025 advises most users to rely on revenue and tax figures exclusive of social contributions for completeness and comparability. The canonical total-revenue field also excludes grants for domestic fiscal-capacity use; all total-revenue variants from the file are retained.,v1.0.1-official-4c,v1.0.1-official-4c-anchors-20260709T110732Z-baseline-official-v2-author-approved,2026-07-09T11:07:42.578023+00:00,materialize_official_v2_author_signature.py
COL,2019,central_government,,0.14398273188679245,0.14398273188679245,0.1784752640527802,0.196923711078421,0.0184484470256408,0.29397056421942996,-0.034492532165987744,-0.052940979191628545,,like_for_like_excluding_social_contributions: GRD canonical tax excludes social contributions; OECD comparison subtracts OECD social_contrib_gdp from total tax.,contrast_only_not_baseline_anchor,UNUWIDERGRD_2025_Central.xlsx,GRD User Guide 2025 advises most users to rely on revenue and tax figures exclusive of social contributions for completeness and comparability. The canonical total-revenue field also excludes grants for domestic fiscal-capacity use; all total-revenue variants from the file are retained.,v1.0.1-official-4c,v1.0.1-official-4c-anchors-20260709T110732Z-baseline-official-v2-author-approved,2026-07-09T11:07:42.578023+00:00,materialize_official_v2_author_signature.py
COL,2020,central_government,,0.13514114371557337,0.13514114571857785,0.1693080523333862,0.187725693720429,0.0184176413870428,0.26588116220092,-0.034166908617812825,-0.05258454800185114,,like_for_like_excluding_social_contributions: GRD canonical tax excludes social contributions; OECD comparison subtracts OECD social_contrib_gdp from total tax.,contrast_only_not_baseline_anchor,UNUWIDERGRD_2025_Central.xlsx,GRD User Guide 2025 advises most users to rely on revenue and tax figures exclusive of social contributions for completeness and comparability. The canonical total-revenue field also excludes grants for domestic fiscal-capacity use; all total-revenue variants from the file are retained.,v1.0.1-official-4c,v1.0.1-official-4c-anchors-20260709T110732Z-baseline-official-v2-author-approved,2026-07-09T11:07:42.578023+00:00,materialize_official_v2_author_signature.py
COL,2021,central_government,,0.1397533746856664,0.13975337552388936,0.1737606496038957,0.191933853860614,0.0181732042567183,0.27198069120587,-0.0340072749182293,-0.05218047833672465,,like_for_like_excluding_social_contributions: GRD canonical tax excludes social contributions; OECD comparison subtracts OECD social_contrib_gdp from total tax.,contrast_only_not_baseline_anchor,UNUWIDERGRD_2025_Central.xlsx,GRD User Guide 2025 advises most users to rely on revenue and tax figures exclusive of social contributions for completeness and comparability. The canonical total-revenue field also excludes grants for domestic fiscal-capacity use; all total-revenue variants from the file are retained.,v1.0.1-official-4c,v1.0.1-official-4c-anchors-20260709T110732Z-baseline-official-v2-author-approved,2026-07-09T11:07:42.578023+00:00,materialize_official_v2_author_signature.py
COL,2022,central_government,,0.1476704544217687,0.1476704544217687,0.1800948747622822,0.196347257078858,0.0162523823165758,0.27727355990026,-0.03242442034051349,-0.04867680265708929,,like_for_like_excluding_social_contributions: GRD canonical tax excludes social contributions; OECD comparison subtracts OECD social_contrib_gdp from total tax.,contrast_only_not_baseline_anchor,UNUWIDERGRD_2025_Central.xlsx,GRD User Guide 2025 advises most users to rely on revenue and tax figures exclusive of social contributions for completeness and comparability. The canonical total-revenue field also excludes grants for domestic fiscal-capacity use; all total-revenue variants from the file are retained.,v1.0.1-official-4c,v1.0.1-official-4c-anchors-20260709T110732Z-baseline-official-v2-author-approved,2026-07-09T11:07:42.578023+00:00,materialize_official_v2_author_signature.py
COL,2023,central_government,,0.17109992875318067,0.17109992875318067,0.20473881194271748,0.220754743140653,0.0160159311979355,0.32170876746366,-0.03363888318953681,-0.049654814387472324,,like_for_like_excluding_social_contributions: GRD canonical tax excludes social contributions; OECD comparison subtracts OECD social_contrib_gdp from total tax.,contrast_only_not_baseline_anchor,UNUWIDERGRD_2025_Central.xlsx,GRD User Guide 2025 advises most users to rely on revenue and tax figures exclusive of social contributions for completeness and comparability. The canonical total-revenue field also excludes grants for domestic fiscal-capacity use; all total-revenue variants from the file are retained.,v1.0.1-official-4c,v1.0.1-official-4c-anchors-20260709T110732Z-baseline-official-v2-author-approved,2026-07-09T11:07:42.578023+00:00,materialize_official_v2_author_signature.py
MEX,2000,central_government,,0.08558144723572828,0.08558144723572828,0.0896434836643659,0.109342891261341,0.0196994075969751,0.16701285995366,-0.00406203642863763,-0.023761444025612727,,like_for_like_excluding_social_contributions: GRD canonical tax excludes social contributions; OECD comparison subtracts OECD social_contrib_gdp from total tax.,contrast_only_not_baseline_anchor,UNUWIDERGRD_2025_Central.xlsx,GRD User Guide 2025 advises most users to rely on revenue and tax figures exclusive of social contributions for completeness and comparability. The canonical total-revenue field also excludes grants for domestic fiscal-capacity use; all total-revenue variants from the file are retained.,v1.0.1-official-4c,v1.0.1-official-4c-anchors-20260709T110732Z-baseline-official-v2-author-approved,2026-07-09T11:07:42.578023+00:00,materialize_official_v2_author_signature.py
MEX,2001,central_government,,0.09080752558655865,0.09080752558655865,0.09534380057707931,0.11591207428670901,0.0205682737096297,0.16973732283741,-0.004536274990520658,-0.02510454870015036,,like_for_like_excluding_social_contributions: GRD canonical tax excludes social contributions; OECD comparison subtracts OECD social_contrib_gdp from total tax.,contrast_only_not_baseline_anchor,UNUWIDERGRD_2025_Central.xlsx,GRD User Guide 2025 advises most users to rely on revenue and tax figures exclusive of social contributions for completeness and comparability. The canonical total-revenue field also excludes grants for domestic fiscal-capacity use; all total-revenue variants from the file are retained.,v1.0.1-official-4c,v1.0.1-official-4c-anchors-20260709T110732Z-baseline-official-v2-author-approved,2026-07-09T11:07:42.578023+00:00,materialize_official_v2_author_signature.py
MEX,2002,central_government,,0.09435120982278707,0.09435120982278707,0.09925386336408351,0.12009855728329401,0.0208446939192105,0.17586170042552,-0.004902653541296445,-0.025747347460506942,,like_for_like_excluding_social_contributions: GRD canonical tax excludes social contributions; OECD comparison subtracts OECD social_contrib_gdp from total tax.,contrast_only_not_baseline_anchor,UNUWIDERGRD_2025_Central.xlsx,GRD User Guide 2025 advises most users to rely on revenue and tax figures exclusive of social contributions for completeness and comparability. The canonical total-revenue field also excludes grants for domestic fiscal-capacity use; all total-revenue variants from the file are retained.,v1.0.1-official-4c,v1.0.1-official-4c-anchors-20260709T110732Z-baseline-official-v2-author-approved,2026-07-09T11:07:42.578023+00:00,materialize_official_v2_author_signature.py
MEX,2003,central_government,0.1433983767605263,0.09421455789328526,0.09421455789328526,0.09927188489640221,0.12071276876334601,0.021440883866943802,0.19261130574235,-0.0050573270031169515,-0.026498210870060754,-0.049212928981823695,like_for_like_excluding_social_contributions: GRD canonical tax excludes social contributions; OECD comparison subtracts OECD social_contrib_gdp from total tax.,contrast_only_not_baseline_anchor,UNUWIDERGRD_2025_Central.xlsx,GRD User Guide 2025 advises most users to rely on revenue and tax figures exclusive of social contributions for completeness and comparability. The canonical total-revenue field also excludes grants for domestic fiscal-capacity use; all total-revenue variants from the file are retained.,v1.0.1-official-4c,v1.0.1-official-4c-anchors-20260709T110732Z-baseline-official-v2-author-approved,2026-07-09T11:07:42.578023+00:00,materialize_official_v2_author_signature.py
MEX,2004,central_government,0.1464581132499819,0.0846119702996954,0.0846119702996954,0.0895070348697905,0.11033847852733,0.0208314436575395,0.19112973886655,-0.004895064570095101,-0.0257265082276346,-0.044671625616568095,like_for_like_excluding_social_contributions: GRD canonical tax excludes social contributions; OECD comparison subtracts OECD social_contrib_gdp from total tax.,contrast_only_not_baseline_anchor,UNUWIDERGRD_2025_Central.xlsx,GRD User Guide 2025 advises most users to rely on revenue and tax figures exclusive of social contributions for completeness and comparability. The canonical total-revenue field also excludes grants for domestic fiscal-capacity use; all total-revenue variants from the file are retained.,v1.0.1-official-4c,v1.0.1-official-4c-anchors-20260709T110732Z-baseline-official-v2-author-approved,2026-07-09T11:07:42.578023+00:00,materialize_official_v2_author_signature.py
MEX,2005,central_government,0.146830400399056,0.0827219046483764,0.0827219046483764,0.08799661303617029,0.10865258961932399,0.020655976583153702,0.19722058427040998,-0.005274708387793897,-0.025930684970947596,-0.050390183871353966,like_for_like_excluding_social_contributions: GRD canonical tax excludes social contributions; OECD comparison subtracts OECD social_contrib_gdp from total tax.,contrast_only_not_baseline_anchor,UNUWIDERGRD_2025_Central.xlsx,GRD User Guide 2025 advises most users to rely on revenue and tax figures exclusive of social contributions for completeness and comparability. The canonical total-revenue field also excludes grants for domestic fiscal-capacity use; all total-revenue variants from the file are retained.,v1.0.1-official-4c,v1.0.1-official-4c-anchors-20260709T110732Z-baseline-official-v2-author-approved,2026-07-09T11:07:42.578023+00:00,materialize_official_v2_author_signature.py
MEX,2006,central_government,0.15349329539368115,0.08599868135368371,0.08599868135368371,0.0914366048701663,0.110777662381117,0.0193410575109507,0.20350678961623,-0.00543792351648259,-0.024778981027433283,-0.05001349422254886,like_for_like_excluding_social_contributions: GRD canonical tax excludes social contributions; OECD comparison subtracts OECD social_contrib_gdp from total tax.,contrast_only_not_baseline_anchor,UNUWIDERGRD_2025_Central.xlsx,GRD User Guide 2025 advises most users to rely on revenue and tax figures exclusive of social contributions for completeness and comparability. The canonical total-revenue field also excludes grants for domestic fiscal-capacity use; all total-revenue variants from the file are retained.,v1.0.1-official-4c,v1.0.1-official-4c-anchors-20260709T110732Z-baseline-official-v2-author-approved,2026-07-09T11:07:42.578023+00:00,materialize_official_v2_author_signature.py
MEX,2007,central_government,0.15566775545244432,0.08932815755415588,0.08932815755415588,0.0950775796935341,0.114728244891023,0.019650665197488898,0.21062675747678,-0.005749422139378221,-0.02540008733686712,-0.05495900202433568,like_for_like_excluding_social_contributions: GRD canonical tax excludes social contributions; OECD comparison subtracts OECD social_contrib_gdp from total tax.,contrast_only_not_baseline_anchor,UNUWIDERGRD_2025_Central.xlsx,GRD User Guide 2025 advises most users to rely on revenue and tax figures exclusive of social contributions for completeness and comparability. The canonical total-revenue field also excludes grants for domestic fiscal-capacity use; all total-revenue variants from the file are retained.,v1.0.1-official-4c,v1.0.1-official-4c-anchors-20260709T110732Z-baseline-official-v2-author-approved,2026-07-09T11:07:42.578023+00:00,materialize_official_v2_author_signature.py
MEX,2008,central_government,0.1801076381285205,0.09578468382885481,0.09578468382885481,0.10165119431695131,0.12040025290869201,0.0187490585917407,0.25820675950474004,-0.005866510488096499,-0.024615569079837196,-0.07809912137621955,like_for_like_excluding_social_contributions: GRD canonical tax excludes social contributions; OECD comparison subtracts OECD social_contrib_gdp from total tax.,contrast_only_not_baseline_anchor,UNUWIDERGRD_2025_Central.xlsx,GRD User Guide 2025 advises most users to rely on revenue and tax figures exclusive of social contributions for completeness and comparability. The canonical total-revenue field also excludes grants for domestic fiscal-capacity use; all total-revenue variants from the file are retained.,v1.0.1-official-4c,v1.0.1-official-4c-anchors-20260709T110732Z-baseline-official-v2-author-approved,2026-07-09T11:07:42.578023+00:00,materialize_official_v2_author_signature.py
MEX,2009,central_government,0.1567868949836373,0.09234606464541312,0.09234606464541312,0.0984071885499658,0.118939070249036,0.0205318816990702,0.2258119795727,-0.006061123904552684,-0.026593005603622877,-0.0690250845890627,like_for_like_excluding_social_contributions: GRD canonical tax excludes social contributions; OECD comparison subtracts OECD social_contrib_gdp from total tax.,contrast_only_not_baseline_anchor,UNUWIDERGRD_2025_Central.xlsx,GRD User Guide 2025 advises most users to rely on revenue and tax figures exclusive of social contributions for completeness and comparability. The canonical total-revenue field also excludes grants for domestic fiscal-capacity use; all total-revenue variants from the file are retained.,v1.0.1-official-4c,v1.0.1-official-4c-anchors-20260709T110732Z-baseline-official-v2-author-approved,2026-07-09T11:07:42.578023+00:00,materialize_official_v2_author_signature.py
MEX,2010,central_government,0.1611464116579504,0.09675317597534391,0.09675317597534391,0.10300461771159351,0.12286831002654701,0.0198636923149535,0.22678321304363,-0.006251441736249599,-0.026115134051203095,-0.0656368013856796,like_for_like_excluding_social_contributions: GRD canonical tax excludes social contributions; OECD comparison subtracts OECD social_contrib_gdp from total tax.,contrast_only_not_baseline_anchor,UNUWIDERGRD_2025_Central.xlsx,GRD User Guide 2025 advises most users to rely on revenue and tax figures exclusive of social contributions for completeness and comparability. The canonical total-revenue field also excludes grants for domestic fiscal-capacity use; all total-revenue variants from the file are retained.,v1.0.1-official-4c,v1.0.1-official-4c-anchors-20260709T110732Z-baseline-official-v2-author-approved,2026-07-09T11:07:42.578023+00:00,materialize_official_v2_author_signature.py
MEX,2011,central_government,0.17122305970152676,0.09617072297577021,0.09617072297577021,0.102818716830782,0.122628386496683,0.019809669665901,0.23417943939432,-0.006647993855011788,-0.02645766352091279,-0.06295637969279325,like_for_like_excluding_social_contributions: GRD canonical tax excludes social contributions; OECD comparison subtracts OECD social_contrib_gdp from total tax.,contrast_only_not_baseline_anchor,UNUWIDERGRD_2025_Central.xlsx,GRD User Guide 2025 advises most users to rely on revenue and tax figures exclusive of social contributions for completeness and comparability. The canonical total-revenue field also excludes grants for domestic fiscal-capacity use; all total-revenue variants from the file are retained.,v1.0.1-official-4c,v1.0.1-official-4c-anchors-20260709T110732Z-baseline-official-v2-author-approved,2026-07-09T11:07:42.578023+00:00,materialize_official_v2_author_signature.py
MEX,2012,central_government,0.17309498676396887,0.09350171854237406,0.09350171854237406,0.10106392615697041,0.121048483421916,0.0199845572649456,0.23433699194117,-0.007562207614596347,-0.02754676487954194,-0.06124200517720113,like_for_like_excluding_social_contributions: GRD canonical tax excludes social contributions; OECD comparison subtracts OECD social_contrib_gdp from total tax.,contrast_only_not_baseline_anchor,UNUWIDERGRD_2025_Central.xlsx,GRD User Guide 2025 advises most users to rely on revenue and tax figures exclusive of social contributions for completeness and comparability. The canonical total-revenue field also excludes grants for domestic fiscal-capacity use; all total-revenue variants from the file are retained.,v1.0.1-official-4c,v1.0.1-official-4c-anchors-20260709T110732Z-baseline-official-v2-author-approved,2026-07-09T11:07:42.578023+00:00,materialize_official_v2_author_signature.py
MEX,2013,central_government,0.1688995509379907,0.09883610251170137,0.09883610251170137,0.10696633310930939,0.127727967946216,0.0207616348369066,0.23109448222087,-0.00813023059760802,-0.02889186543451462,-0.06219493128287931,like_for_like_excluding_social_contributions: GRD canonical tax excludes social contributions; OECD comparison subtracts OECD social_contrib_gdp from total tax.,contrast_only_not_baseline_anchor,UNUWIDERGRD_2025_Central.xlsx,GRD User Guide 2025 advises most users to rely on revenue and tax figures exclusive of social contributions for completeness and comparability. The canonical total-revenue field also excludes grants for domestic fiscal-capacity use; all total-revenue variants from the file are retained.,v1.0.1-official-4c,v1.0.1-official-4c-anchors-20260709T110732Z-baseline-official-v2-author-approved,2026-07-09T11:07:42.578023+00:00,materialize_official_v2_author_signature.py
MEX,2014,central_government,0.16801052407503045,0.10245539099853669,0.10245539099853669,0.11114482699007351,0.13200603927517102,0.0208612122850975,0.22578121521013,-0.00868943599153682,-0.029550648276634325,-0.057770691135099556,like_for_like_excluding_social_contributions: GRD canonical tax excludes social contributions; OECD comparison subtracts OECD social_contrib_gdp from total tax.,contrast_only_not_baseline_anchor,UNUWIDERGRD_2025_Central.xlsx,GRD User Guide 2025 advises most users to rely on revenue and tax figures exclusive of social contributions for completeness and comparability. The canonical total-revenue field also excludes grants for domestic fiscal-capacity use; all total-revenue variants from the file are retained.,v1.0.1-official-4c,v1.0.1-official-4c-anchors-20260709T110732Z-baseline-official-v2-author-approved,2026-07-09T11:07:42.578023+00:00,materialize_official_v2_author_signature.py
MEX,2015,central_government,0.16340478760430743,0.12345976296264707,0.12345976296264707,0.1323148522626113,0.153598184083825,0.0212833318212137,0.22698584121149998,-0.00885508929996423,-0.030138421121177927,-0.06358105360719254,like_for_like_excluding_social_contributions: GRD canonical tax excludes social contributions; OECD comparison subtracts OECD social_contrib_gdp from total tax.,contrast_only_not_baseline_anchor,UNUWIDERGRD_2025_Central.xlsx,GRD User Guide 2025 advises most users to rely on revenue and tax figures exclusive of social contributions for completeness and comparability. The canonical total-revenue field also excludes grants for domestic fiscal-capacity use; all total-revenue variants from the file are retained.,v1.0.1-official-4c,v1.0.1-official-4c-anchors-20260709T110732Z-baseline-official-v2-author-approved,2026-07-09T11:07:42.578023+00:00,materialize_official_v2_author_signature.py
MEX,2016,central_government,0.17271550159159077,0.13123785725286216,0.13123785725286216,0.1401004210107225,0.161055318116711,0.020954897105988503,0.23841111867853002,-0.008862563757860348,-0.029817460863848844,-0.06569561708693925,like_for_like_excluding_social_contributions: GRD canonical tax excludes social contributions; OECD comparison subtracts OECD social_contrib_gdp from total tax.,contrast_only_not_baseline_anchor,UNUWIDERGRD_2025_Central.xlsx,GRD User Guide 2025 advises most users to rely on revenue and tax figures exclusive of social contributions for completeness and comparability. The canonical total-revenue field also excludes grants for domestic fiscal-capacity use; all total-revenue variants from the file are retained.,v1.0.1-official-4c,v1.0.1-official-4c-anchors-20260709T110732Z-baseline-official-v2-author-approved,2026-07-09T11:07:42.578023+00:00,materialize_official_v2_author_signature.py
MEX,2017,central_government,0.1727572426774511,0.12687431693261644,0.12687431693261644,0.1357554397530287,0.15650511822936,0.020749678476331298,0.23984132267382002,-0.008881122820412257,-0.02963080129674356,-0.06708407999636892,like_for_like_excluding_social_contributions: GRD canonical tax excludes social contributions; OECD comparison subtracts OECD social_contrib_gdp from total tax.,contrast_only_not_baseline_anchor,UNUWIDERGRD_2025_Central.xlsx,GRD User Guide 2025 advises most users to rely on revenue and tax figures exclusive of social contributions for completeness and comparability. The canonical total-revenue field also excludes grants for domestic fiscal-capacity use; all total-revenue variants from the file are retained.,v1.0.1-official-4c,v1.0.1-official-4c-anchors-20260709T110732Z-baseline-official-v2-author-approved,2026-07-09T11:07:42.578023+00:00,materialize_official_v2_author_signature.py
MEX,2018,central_government,0.1629532623806339,0.12712159077325372,0.12712159077325372,0.13603199974004018,0.157088943005581,0.0210569432655408,0.22831150123991,-0.008910408966786465,-0.02996735223232727,-0.06535823885927611,like_for_like_excluding_social_contributions: GRD canonical tax excludes social contributions; OECD comparison subtracts OECD social_contrib_gdp from total tax.,contrast_only_not_baseline_anchor,UNUWIDERGRD_2025_Central.xlsx,GRD User Guide 2025 advises most users to rely on revenue and tax figures exclusive of social contributions for completeness and comparability. The canonical total-revenue field also excludes grants for domestic fiscal-capacity use; all total-revenue variants from the file are retained.,v1.0.1-official-4c,v1.0.1-official-4c-anchors-20260709T110732Z-baseline-official-v2-author-approved,2026-07-09T11:07:42.578023+00:00,materialize_official_v2_author_signature.py
MEX,2019,central_government,0.16424038538750957,0.12779593333322992,0.12779593333322992,0.13707586890497028,0.159051111773593,0.0219752428686227,0.22997031481126,-0.009279935571740366,-0.031255178440363074,-0.06572992942375044,like_for_like_excluding_social_contributions: GRD canonical tax excludes social contributions; OECD comparison subtracts OECD social_contrib_gdp from total tax.,contrast_only_not_baseline_anchor,UNUWIDERGRD_2025_Central.xlsx,GRD User Guide 2025 advises most users to rely on revenue and tax figures exclusive of social contributions for completeness and comparability. The canonical total-revenue field also excludes grants for domestic fiscal-capacity use; all total-revenue variants from the file are retained.,v1.0.1-official-4c,v1.0.1-official-4c-anchors-20260709T110732Z-baseline-official-v2-author-approved,2026-07-09T11:07:42.578023+00:00,materialize_official_v2_author_signature.py
MEX,2020,central_government,0.17112910240885157,0.13900394597306526,0.13900394597306526,0.1483255095277951,0.17223983379067,0.023914324262874903,0.23492741374543002,-0.00932156355472985,-0.03323588781760475,-0.06379831133657846,like_for_like_excluding_social_contributions: GRD canonical tax excludes social contributions; OECD comparison subtracts OECD social_contrib_gdp from total tax.,contrast_only_not_baseline_anchor,UNUWIDERGRD_2025_Central.xlsx,GRD User Guide 2025 advises most users to rely on revenue and tax figures exclusive of social contributions for completeness and comparability. The canonical total-revenue field also excludes grants for domestic fiscal-capacity use; all total-revenue variants from the file are retained.,v1.0.1-official-4c,v1.0.1-official-4c-anchors-20260709T110732Z-baseline-official-v2-author-approved,2026-07-09T11:07:42.578023+00:00,materialize_official_v2_author_signature.py
MEX,2021,central_government,0.1637526172010564,0.13447006595192637,0.13447006595192637,0.1438808269584649,0.166817308859289,0.0229364819008241,0.22937162240865,-0.009410761006538537,-0.03234724290736263,-0.06561900520759359,like_for_like_excluding_social_contributions: GRD canonical tax excludes social contributions; OECD comparison subtracts OECD social_contrib_gdp from total tax.,contrast_only_not_baseline_anchor,UNUWIDERGRD_2025_Central.xlsx,GRD User Guide 2025 advises most users to rely on revenue and tax figures exclusive of social contributions for completeness and comparability. The canonical total-revenue field also excludes grants for domestic fiscal-capacity use; all total-revenue variants from the file are retained.,v1.0.1-official-4c,v1.0.1-official-4c-anchors-20260709T110732Z-baseline-official-v2-author-approved,2026-07-09T11:07:42.578023+00:00,materialize_official_v2_author_signature.py
MEX,2022,central_government,0.16694747724089826,0.13437183222312885,0.13437183222312885,0.1445535275641206,0.167648478556298,0.0230949509921774,0.24186707450403,-0.010181695340991753,-0.03327664633316915,-0.07491959726313174,like_for_like_excluding_social_contributions: GRD canonical tax excludes social contributions; OECD comparison subtracts OECD social_contrib_gdp from total tax.,contrast_only_not_baseline_anchor,UNUWIDERGRD_2025_Central.xlsx,GRD User Guide 2025 advises most users to rely on revenue and tax figures exclusive of social contributions for completeness and comparability. The canonical total-revenue field also excludes grants for domestic fiscal-capacity use; all total-revenue variants from the file are retained.,v1.0.1-official-4c,v1.0.1-official-4c-anchors-20260709T110732Z-baseline-official-v2-author-approved,2026-07-09T11:07:42.578023+00:00,materialize_official_v2_author_signature.py
MEX,2023,central_government,0.16889808958140248,0.142689368591616,0.142689368591616,0.1534001642907099,0.17730526596526702,0.023905101674557103,0.24284482760082,-0.010710795699093917,-0.03461589737365103,-0.07394673801941751,like_for_like_excluding_social_contributions: GRD canonical tax excludes social contributions; OECD comparison subtracts OECD social_contrib_gdp from total tax.,contrast_only_not_baseline_anchor,UNUWIDERGRD_2025_Central.xlsx,GRD User Guide 2025 advises most users to rely on revenue and tax figures exclusive of social contributions for completeness and comparability. The canonical total-revenue field also excludes grants for domestic fiscal-capacity use; all total-revenue variants from the file are retained.,v1.0.1-official-4c,v1.0.1-official-4c-anchors-20260709T110732Z-baseline-official-v2-author-approved,2026-07-09T11:07:42.578023+00:00,materialize_official_v2_author_signature.py
PER,2000,central_government,,0.13167415928398404,0.13167415928398404,0.1327217773142399,0.15083130791972998,0.0181095306054901,0.19619246909508997,-0.0010476180302558535,-0.01915714863574594,,like_for_like_excluding_social_contributions: GRD canonical tax excludes social contributions; OECD comparison subtracts OECD social_contrib_gdp from total tax.,contrast_only_not_baseline_anchor,UNUWIDERGRD_2025_Central.xlsx,GRD User Guide 2025 advises most users to rely on revenue and tax figures exclusive of social contributions for completeness and comparability. The canonical total-revenue field also excludes grants for domestic fiscal-capacity use; all total-revenue variants from the file are retained.,v1.0.1-official-4c,v1.0.1-official-4c-anchors-20260709T110732Z-baseline-official-v2-author-approved,2026-07-09T11:07:42.578023+00:00,materialize_official_v2_author_signature.py
PER,2001,central_government,,0.1312105545467244,0.1312105545467244,0.1322465968484782,0.150464539698233,0.0182179428497548,0.18779885458863,-0.0010360423017538034,-0.019253985151508612,,like_for_like_excluding_social_contributions: GRD canonical tax excludes social contributions; OECD comparison subtracts OECD social_contrib_gdp from total tax.,contrast_only_not_baseline_anchor,UNUWIDERGRD_2025_Central.xlsx,GRD User Guide 2025 advises most users to rely on revenue and tax figures exclusive of social contributions for completeness and comparability. The canonical total-revenue field also excludes grants for domestic fiscal-capacity use; all total-revenue variants from the file are retained.,v1.0.1-official-4c,v1.0.1-official-4c-anchors-20260709T110732Z-baseline-official-v2-author-approved,2026-07-09T11:07:42.578023+00:00,materialize_official_v2_author_signature.py
PER,2002,central_government,,0.12857666726396896,0.12857666726396896,0.12991096113579692,0.147392879718992,0.0174819185831951,0.18245196108399997,-0.0013342938718279573,-0.018816212455023046,,like_for_like_excluding_social_contributions: GRD canonical tax excludes social contributions; OECD comparison subtracts OECD social_contrib_gdp from total tax.,contrast_only_not_baseline_anchor,UNUWIDERGRD_2025_Central.xlsx,GRD User Guide 2025 advises most users to rely on revenue and tax figures exclusive of social contributions for completeness and comparability. The canonical total-revenue field also excludes grants for domestic fiscal-capacity use; all total-revenue variants from the file are retained.,v1.0.1-official-4c,v1.0.1-official-4c-anchors-20260709T110732Z-baseline-official-v2-author-approved,2026-07-09T11:07:42.578023+00:00,materialize_official_v2_author_signature.py
PER,2003,central_government,,0.13626375655658804,0.13626375655658804,0.1374855477404146,0.154660185786606,0.0171746380461914,0.18491002494941,-0.001221791183826565,-0.01839642923001797,,like_for_like_excluding_social_contributions: GRD canonical tax excludes social contributions; OECD comparison subtracts OECD social_contrib_gdp from total tax.,contrast_only_not_baseline_anchor,UNUWIDERGRD_2025_Central.xlsx,GRD User Guide 2025 advises most users to rely on revenue and tax figures exclusive of social contributions for completeness and comparability. The canonical total-revenue field also excludes grants for domestic fiscal-capacity use; all total-revenue variants from the file are retained.,v1.0.1-official-4c,v1.0.1-official-4c-anchors-20260709T110732Z-baseline-official-v2-author-approved,2026-07-09T11:07:42.578023+00:00,materialize_official_v2_author_signature.py
PER,2004,central_government,,0.1389027701469259,0.1389027701469259,0.1402308554513037,0.156814189419505,0.0165833339682013,0.18525158180175003,-0.0013280853043778074,-0.01791141927257911,,like_for_like_excluding_social_contributions: GRD canonical tax excludes social contributions; OECD comparison subtracts OECD social_contrib_gdp from total tax.,contrast_only_not_baseline_anchor,UNUWIDERGRD_2025_Central.xlsx,GRD User Guide 2025 advises most users to rely on revenue and tax figures exclusive of social contributions for completeness and comparability. The canonical total-revenue field also excludes grants for domestic fiscal-capacity use; all total-revenue variants from the file are retained.,v1.0.1-official-4c,v1.0.1-official-4c-anchors-20260709T110732Z-baseline-official-v2-author-approved,2026-07-09T11:07:42.578023+00:00,materialize_official_v2_author_signature.py
PER,2005,central_government,,0.14668701538109388,0.14668701538109388,0.1476443934685124,0.164091829006204,0.0164474355376916,0.19943061749184998,-0.0009573780874185256,-0.01740481362511012,,like_for_like_excluding_social_contributions: GRD canonical tax excludes social contributions; OECD comparison subtracts OECD social_contrib_gdp from total tax.,contrast_only_not_baseline_anchor,UNUWIDERGRD_2025_Central.xlsx,GRD User Guide 2025 advises most users to rely on revenue and tax figures exclusive of social contributions for completeness and comparability. The canonical total-revenue field also excludes grants for domestic fiscal-capacity use; all total-revenue variants from the file are retained.,v1.0.1-official-4c,v1.0.1-official-4c-anchors-20260709T110732Z-baseline-official-v2-author-approved,2026-07-09T11:07:42.578023+00:00,materialize_official_v2_author_signature.py
PER,2006,central_government,,0.1609276144372961,0.1609276144372961,0.16179143362119452,0.17883229135016201,0.0170408577289675,0.21191192382448001,-0.0008638191838984122,-0.017904676912865902,,like_for_like_excluding_social_contributions: GRD canonical tax excludes social contributions; OECD comparison subtracts OECD social_contrib_gdp from total tax.,contrast_only_not_baseline_anchor,UNUWIDERGRD_2025_Central.xlsx,GRD User Guide 2025 advises most users to rely on revenue and tax figures exclusive of social contributions for completeness and comparability. The canonical total-revenue field also excludes grants for domestic fiscal-capacity use; all total-revenue variants from the file are retained.,v1.0.1-official-4c,v1.0.1-official-4c-anchors-20260709T110732Z-baseline-official-v2-author-approved,2026-07-09T11:07:42.578023+00:00,materialize_official_v2_author_signature.py
PER,2007,central_government,,0.16507562880638613,0.16507562880638613,0.1667336205406138,0.183138331566473,0.0164047110258592,0.21941507665015,-0.0016579917342276762,-0.01806270276008687,,like_for_like_excluding_social_contributions: GRD canonical tax excludes social contributions; OECD comparison subtracts OECD social_contrib_gdp from total tax.,contrast_only_not_baseline_anchor,UNUWIDERGRD_2025_Central.xlsx,GRD User Guide 2025 advises most users to rely on revenue and tax figures exclusive of social contributions for completeness and comparability. The canonical total-revenue field also excludes grants for domestic fiscal-capacity use; all total-revenue variants from the file are retained.,v1.0.1-official-4c,v1.0.1-official-4c-anchors-20260709T110732Z-baseline-official-v2-author-approved,2026-07-09T11:07:42.578023+00:00,materialize_official_v2_author_signature.py
PER,2008,central_government,,0.16568340627967998,0.16568340627967998,0.16812467008572213,0.18727302909552102,0.0191483590097989,0.2237894220251,-0.0024412638060421488,-0.021589622815841036,,like_for_like_excluding_social_contributions: GRD canonical tax excludes social contributions; OECD comparison subtracts OECD social_contrib_gdp from total tax.,contrast_only_not_baseline_anchor,UNUWIDERGRD_2025_Central.xlsx,GRD User Guide 2025 advises most users to rely on revenue and tax figures exclusive of social contributions for completeness and comparability. The canonical total-revenue field also excludes grants for domestic fiscal-capacity use; all total-revenue variants from the file are retained.,v1.0.1-official-4c,v1.0.1-official-4c-anchors-20260709T110732Z-baseline-official-v2-author-approved,2026-07-09T11:07:42.578023+00:00,materialize_official_v2_author_signature.py
PER,2009,central_government,,0.1455040470994652,0.1455040470994652,0.1460361614997337,0.165668641829233,0.0196324803294993,0.19865872625480002,-0.0005321144002684852,-0.020164594729767782,,like_for_like_excluding_social_contributions: GRD canonical tax excludes social contributions; OECD comparison subtracts OECD social_contrib_gdp from total tax.,contrast_only_not_baseline_anchor,UNUWIDERGRD_2025_Central.xlsx,GRD User Guide 2025 advises most users to rely on revenue and tax figures exclusive of social contributions for completeness and comparability. The canonical total-revenue field also excludes grants for domestic fiscal-capacity use; all total-revenue variants from the file are retained.,v1.0.1-official-4c,v1.0.1-official-4c-anchors-20260709T110732Z-baseline-official-v2-author-approved,2026-07-09T11:07:42.578023+00:00,materialize_official_v2_author_signature.py
PER,2010,central_government,,0.1548222955439274,0.1548222955439274,0.1561392690130907,0.174941117763939,0.0188018487508483,0.20986336152617,-0.0013169734691632906,-0.0201188222200116,,like_for_like_excluding_social_contributions: GRD canonical tax excludes social contributions; OECD comparison subtracts OECD social_contrib_gdp from total tax.,contrast_only_not_baseline_anchor,UNUWIDERGRD_2025_Central.xlsx,GRD User Guide 2025 advises most users to rely on revenue and tax figures exclusive of social contributions for completeness and comparability. The canonical total-revenue field also excludes grants for domestic fiscal-capacity use; all total-revenue variants from the file are retained.,v1.0.1-official-4c,v1.0.1-official-4c-anchors-20260709T110732Z-baseline-official-v2-author-approved,2026-07-09T11:07:42.578023+00:00,materialize_official_v2_author_signature.py
PER,2011,central_government,,0.1611090519634057,0.1611090519634057,0.16395543973255378,0.18299049154608898,0.0190350518135352,0.21842366962753001,-0.0028463877691480843,-0.021881439582683293,,like_for_like_excluding_social_contributions: GRD canonical tax excludes social contributions; OECD comparison subtracts OECD social_contrib_gdp from total tax.,contrast_only_not_baseline_anchor,UNUWIDERGRD_2025_Central.xlsx,GRD User Guide 2025 advises most users to rely on revenue and tax figures exclusive of social contributions for completeness and comparability. The canonical total-revenue field also excludes grants for domestic fiscal-capacity use; all total-revenue variants from the file are retained.,v1.0.1-official-4c,v1.0.1-official-4c-anchors-20260709T110732Z-baseline-official-v2-author-approved,2026-07-09T11:07:42.578023+00:00,materialize_official_v2_author_signature.py
PER,2012,central_government,,0.16509103927746108,0.16509103927746108,0.16789610585346693,0.187818081268691,0.0199219754152241,0.22375053339744,-0.002805066576005849,-0.022727041991229935,,like_for_like_excluding_social_contributions: GRD canonical tax excludes social contributions; OECD comparison subtracts OECD social_contrib_gdp from total tax.,contrast_only_not_baseline_anchor,UNUWIDERGRD_2025_Central.xlsx,GRD User Guide 2025 advises most users to rely on revenue and tax figures exclusive of social contributions for completeness and comparability. The canonical total-revenue field also excludes grants for domestic fiscal-capacity use; all total-revenue variants from the file are retained.,v1.0.1-official-4c,v1.0.1-official-4c-anchors-20260709T110732Z-baseline-official-v2-author-approved,2026-07-09T11:07:42.578023+00:00,materialize_official_v2_author_signature.py
PER,2013,central_government,,0.16284556840217534,0.16284556840217534,0.16573683569765482,0.18625674925580402,0.020519913558149198,0.22211208280451,-0.002891267295479477,-0.02341118085362867,,like_for_like_excluding_social_contributions: GRD canonical tax excludes social contributions; OECD comparison subtracts OECD social_contrib_gdp from total tax.,contrast_only_not_baseline_anchor,UNUWIDERGRD_2025_Central.xlsx,GRD User Guide 2025 advises most users to rely on revenue and tax figures exclusive of social contributions for completeness and comparability. The canonical total-revenue field also excludes grants for domestic fiscal-capacity use; all total-revenue variants from the file are retained.,v1.0.1-official-4c,v1.0.1-official-4c-anchors-20260709T110732Z-baseline-official-v2-author-approved,2026-07-09T11:07:42.578023+00:00,materialize_official_v2_author_signature.py
PER,2014,central_government,,0.16559862332193592,0.16559862332193592,0.16769000631745432,0.188128654740038,0.020438648422583697,0.22209145304286998,-0.0020913829955183927,-0.022530031418102087,,like_for_like_excluding_social_contributions: GRD canonical tax excludes social contributions; OECD comparison subtracts OECD social_contrib_gdp from total tax.,contrast_only_not_baseline_anchor,UNUWIDERGRD_2025_Central.xlsx,GRD User Guide 2025 advises most users to rely on revenue and tax figures exclusive of social contributions for completeness and comparability. The canonical total-revenue field also excludes grants for domestic fiscal-capacity use; all total-revenue variants from the file are retained.,v1.0.1-official-4c,v1.0.1-official-4c-anchors-20260709T110732Z-baseline-official-v2-author-approved,2026-07-09T11:07:42.578023+00:00,materialize_official_v2_author_signature.py
PER,2015,central_government,,0.1476899199187303,0.1476899199187303,0.14953072955479801,0.170007890347527,0.020477160792729,0.19973412793973,-0.001840809636067725,-0.022317970428796713,,like_for_like_excluding_social_contributions: GRD canonical tax excludes social contributions; OECD comparison subtracts OECD social_contrib_gdp from total tax.,contrast_only_not_baseline_anchor,UNUWIDERGRD_2025_Central.xlsx,GRD User Guide 2025 advises most users to rely on revenue and tax figures exclusive of social contributions for completeness and comparability. The canonical total-revenue field also excludes grants for domestic fiscal-capacity use; all total-revenue variants from the file are retained.,v1.0.1-official-4c,v1.0.1-official-4c-anchors-20260709T110732Z-baseline-official-v2-author-approved,2026-07-09T11:07:42.578023+00:00,materialize_official_v2_author_signature.py
PER,2016,central_government,,0.1355343428064479,0.1355343428064479,0.1370527853901706,0.156688411429897,0.0196356260397264,0.18386249957765,-0.00151844258372269,-0.021154068623449096,,like_for_like_excluding_social_contributions: GRD canonical tax excludes social contributions; OECD comparison subtracts OECD social_contrib_gdp from total tax.,contrast_only_not_baseline_anchor,UNUWIDERGRD_2025_Central.xlsx,GRD User Guide 2025 advises most users to rely on revenue and tax figures exclusive of social contributions for completeness and comparability. The canonical total-revenue field also excludes grants for domestic fiscal-capacity use; all total-revenue variants from the file are retained.,v1.0.1-official-4c,v1.0.1-official-4c-anchors-20260709T110732Z-baseline-official-v2-author-approved,2026-07-09T11:07:42.578023+00:00,materialize_official_v2_author_signature.py
PER,2017,central_government,,0.12801469769891807,0.12801469769891807,0.1303551973726842,0.14946072133603,0.0191055239633458,0.17834306954131002,-0.002340499673766122,-0.021446023637111927,,like_for_like_excluding_social_contributions: GRD canonical tax excludes social contributions; OECD comparison subtracts OECD social_contrib_gdp from total tax.,contrast_only_not_baseline_anchor,UNUWIDERGRD_2025_Central.xlsx,GRD User Guide 2025 advises most users to rely on revenue and tax figures exclusive of social contributions for completeness and comparability. The canonical total-revenue field also excludes grants for domestic fiscal-capacity use; all total-revenue variants from the file are retained.,v1.0.1-official-4c,v1.0.1-official-4c-anchors-20260709T110732Z-baseline-official-v2-author-approved,2026-07-09T11:07:42.578023+00:00,materialize_official_v2_author_signature.py
PER,2018,central_government,,0.14072009570976948,0.14072009570976948,0.14158186248400112,0.161269528969459,0.0196876664854579,0.1902416548543,-0.0008617667742316371,-0.020549433259689526,,like_for_like_excluding_social_contributions: GRD canonical tax excludes social contributions; OECD comparison subtracts OECD social_contrib_gdp from total tax.,contrast_only_not_baseline_anchor,UNUWIDERGRD_2025_Central.xlsx,GRD User Guide 2025 advises most users to rely on revenue and tax figures exclusive of social contributions for completeness and comparability. The canonical total-revenue field also excludes grants for domestic fiscal-capacity use; all total-revenue variants from the file are retained.,v1.0.1-official-4c,v1.0.1-official-4c-anchors-20260709T110732Z-baseline-official-v2-author-approved,2026-07-09T11:07:42.578023+00:00,materialize_official_v2_author_signature.py
PER,2019,central_government,,0.14211908571310983,0.14211908571310983,0.14321879372097182,0.16280707186097002,0.0195882781399982,0.1945212028537,-0.0010997080078619936,-0.020687986147860188,,like_for_like_excluding_social_contributions: GRD canonical tax excludes social contributions; OECD comparison subtracts OECD social_contrib_gdp from total tax.,contrast_only_not_baseline_anchor,UNUWIDERGRD_2025_Central.xlsx,GRD User Guide 2025 advises most users to rely on revenue and tax figures exclusive of social contributions for completeness and comparability. The canonical total-revenue field also excludes grants for domestic fiscal-capacity use; all total-revenue variants from the file are retained.,v1.0.1-official-4c,v1.0.1-official-4c-anchors-20260709T110732Z-baseline-official-v2-author-approved,2026-07-09T11:07:42.578023+00:00,materialize_official_v2_author_signature.py
PER,2020,central_government,,0.1293238666910538,0.1293238666910538,0.1295912279005644,0.149591190403903,0.0199999625033386,0.17484578092332,-0.00026736120951059705,-0.0202673237128492,,like_for_like_excluding_social_contributions: GRD canonical tax excludes social contributions; OECD comparison subtracts OECD social_contrib_gdp from total tax.,contrast_only_not_baseline_anchor,UNUWIDERGRD_2025_Central.xlsx,GRD User Guide 2025 advises most users to rely on revenue and tax figures exclusive of social contributions for completeness and comparability. The canonical total-revenue field also excludes grants for domestic fiscal-capacity use; all total-revenue variants from the file are retained.,v1.0.1-official-4c,v1.0.1-official-4c-anchors-20260709T110732Z-baseline-official-v2-author-approved,2026-07-09T11:07:42.578023+00:00,materialize_official_v2_author_signature.py
PER,2021,central_government,,0.15871862946450935,0.15871862946450935,0.1588106248410846,0.177208602581787,0.0183979777407024,0.20637421925374,-9.199537657525458e-05,-0.018489973117277653,,like_for_like_excluding_social_contributions: GRD canonical tax excludes social contributions; OECD comparison subtracts OECD social_contrib_gdp from total tax.,contrast_only_not_baseline_anchor,UNUWIDERGRD_2025_Central.xlsx,GRD User Guide 2025 advises most users to rely on revenue and tax figures exclusive of social contributions for completeness and comparability. The canonical total-revenue field also excludes grants for domestic fiscal-capacity use; all total-revenue variants from the file are retained.,v1.0.1-official-4c,v1.0.1-official-4c-anchors-20260709T110732Z-baseline-official-v2-author-approved,2026-07-09T11:07:42.578023+00:00,materialize_official_v2_author_signature.py
PER,2022,central_government,,0.16905521218248964,0.16905521218248964,0.16899845921782108,0.187782651206722,0.0187841919889009,0.21721254903689002,5.67529646685605e-05,-0.01872743902423235,,like_for_like_excluding_social_contributions: GRD canonical tax excludes social contributions; OECD comparison subtracts OECD social_contrib_gdp from total tax.,contrast_only_not_baseline_anchor,UNUWIDERGRD_2025_Central.xlsx,GRD User Guide 2025 advises most users to rely on revenue and tax figures exclusive of social contributions for completeness and comparability. The canonical total-revenue field also excludes grants for domestic fiscal-capacity use; all total-revenue variants from the file are retained.,v1.0.1-official-4c,v1.0.1-official-4c-anchors-20260709T110732Z-baseline-official-v2-author-approved,2026-07-09T11:07:42.578023+00:00,materialize_official_v2_author_signature.py
CHL,2000,central_government,4.556774643521266e-09,3.7124883487991407e-09,4.036126284723629e-09,0.1735220789515567,0.187184464152609,0.0136623852010523,0.22177170548025,-0.17352207523906835,-0.1871844601164827,-0.22177170092347534,like_for_like_excluding_social_contributions: GRD canonical tax excludes social contributions; OECD comparison subtracts OECD social_contrib_gdp from total tax.,contrast_only_not_baseline_anchor,UNUWIDERGRD_2025_Central.xlsx,GRD User Guide 2025 advises most users to rely on revenue and tax figures exclusive of social contributions for completeness and comparability. The canonical total-revenue field also excludes grants for domestic fiscal-capacity use; all total-revenue variants from the file are retained.,v1.0.1-official-4c,v1.0.1-official-4c-anchors-20260709T110732Z-baseline-official-v2-author-approved,2026-07-09T11:07:42.578023+00:00,materialize_official_v2_author_signature.py
CHL,2001,central_government,4.306773872174204e-09,3.5242646867890135e-09,3.828851217417416e-09,0.175201138103733,0.189032124076737,0.013830985973003999,0.22686639100651998,-0.17520113457946832,-0.1890321202478858,-0.2268663866997461,like_for_like_excluding_social_contributions: GRD canonical tax excludes social contributions; OECD comparison subtracts OECD social_contrib_gdp from total tax.,contrast_only_not_baseline_anchor,UNUWIDERGRD_2025_Central.xlsx,GRD User Guide 2025 advises most users to rely on revenue and tax figures exclusive of social contributions for completeness and comparability. The canonical total-revenue field also excludes grants for domestic fiscal-capacity use; all total-revenue variants from the file are retained.,v1.0.1-official-4c,v1.0.1-official-4c-anchors-20260709T110732Z-baseline-official-v2-author-approved,2026-07-09T11:07:42.578023+00:00,materialize_official_v2_author_signature.py
CHL,2002,central_government,3.869902755093426e-09,3.2869089042922264e-09,3.576373522866439e-09,0.17537892087810353,0.18939739155270502,0.0140184706746015,0.22030860582970999,-0.17537891759119462,-0.1893973879763315,-0.22030860195980723,like_for_like_excluding_social_contributions: GRD canonical tax excludes social contributions; OECD comparison subtracts OECD social_contrib_gdp from total tax.,contrast_only_not_baseline_anchor,UNUWIDERGRD_2025_Central.xlsx,GRD User Guide 2025 advises most users to rely on revenue and tax figures exclusive of social contributions for completeness and comparability. The canonical total-revenue field also excludes grants for domestic fiscal-capacity use; all total-revenue variants from the file are retained.,v1.0.1-official-4c,v1.0.1-official-4c-anchors-20260709T110732Z-baseline-official-v2-author-approved,2026-07-09T11:07:42.578023+00:00,materialize_official_v2_author_signature.py
CHL,2003,central_government,3.521598354588611e-09,2.9009817707096464e-09,3.1611481567162882e-09,0.1725057391900294,0.186267849253377,0.013762110063347599,0.2180279934681,-0.17250573628904764,-0.18626784609222885,-0.21802798994650166,like_for_like_excluding_social_contributions: GRD canonical tax excludes social contributions; OECD comparison subtracts OECD social_contrib_gdp from total tax.,contrast_only_not_baseline_anchor,UNUWIDERGRD_2025_Central.xlsx,GRD User Guide 2025 advises most users to rely on revenue and tax figures exclusive of social contributions for completeness and comparability. The canonical total-revenue field also excludes grants for domestic fiscal-capacity use; all total-revenue variants from the file are retained.,v1.0.1-official-4c,v1.0.1-official-4c-anchors-20260709T110732Z-baseline-official-v2-author-approved,2026-07-09T11:07:42.578023+00:00,materialize_official_v2_author_signature.py
CHL,2004,central_government,3.291357773534126e-09,2.498321272671729e-09,2.7252451961357277e-09,0.1774108546931675,0.191115190460593,0.0137043357674255,0.22866486610102998,-0.17741085219484623,-0.1911151877353478,-0.22866486280967221,like_for_like_excluding_social_contributions: GRD canonical tax excludes social contributions; OECD comparison subtracts OECD social_contrib_gdp from total tax.,contrast_only_not_baseline_anchor,UNUWIDERGRD_2025_Central.xlsx,GRD User Guide 2025 advises most users to rely on revenue and tax figures exclusive of social contributions for completeness and comparability. The canonical total-revenue field also excludes grants for domestic fiscal-capacity use; all total-revenue variants from the file are retained.,v1.0.1-official-4c,v1.0.1-official-4c-anchors-20260709T110732Z-baseline-official-v2-author-approved,2026-07-09T11:07:42.578023+00:00,materialize_official_v2_author_signature.py
CHL,2005,central_government,3.1603351566842405e-09,2.3859061158765933e-09,2.584657195674704e-09,0.1947414871284236,0.208349564165981,0.0136080770375574,0.24817124335857,-0.19474148474251748,-0.2083495615813238,-0.24817124019823483,like_for_like_excluding_social_contributions: GRD canonical tax excludes social contributions; OECD comparison subtracts OECD social_contrib_gdp from total tax.,contrast_only_not_baseline_anchor,UNUWIDERGRD_2025_Central.xlsx,GRD User Guide 2025 advises most users to rely on revenue and tax figures exclusive of social contributions for completeness and comparability. The canonical total-revenue field also excludes grants for domestic fiscal-capacity use; all total-revenue variants from the file are retained.,v1.0.1-official-4c,v1.0.1-official-4c-anchors-20260709T110732Z-baseline-official-v2-author-approved,2026-07-09T11:07:42.578023+00:00,materialize_official_v2_author_signature.py
CHL,2006,central_government,2.856478778349729e-09,1.9865853938165094e-09,2.1444235227640797e-09,0.20826508889556428,0.22114113399331198,0.0128760450977477,0.26239243428335,-0.20826508690897888,-0.22114113184888845,-0.26239243142687124,like_for_like_excluding_social_contributions: GRD canonical tax excludes social contributions; OECD comparison subtracts OECD social_contrib_gdp from total tax.,contrast_only_not_baseline_anchor,UNUWIDERGRD_2025_Central.xlsx,GRD User Guide 2025 advises most users to rely on revenue and tax figures exclusive of social contributions for completeness and comparability. The canonical total-revenue field also excludes grants for domestic fiscal-capacity use; all total-revenue variants from the file are retained.,v1.0.1-official-4c,v1.0.1-official-4c-anchors-20260709T110732Z-baseline-official-v2-author-approved,2026-07-09T11:07:42.578023+00:00,materialize_official_v2_author_signature.py
CHL,2007,central_government,2.7537459660413605e-09,1.988718374401889e-09,2.1300254133048347e-09,0.21573234592625692,0.22847251490367002,0.0127401689774131,0.27261483066023,-0.21573234393753854,-0.2284725127736446,-0.27261482790648406,like_for_like_excluding_social_contributions: GRD canonical tax excludes social contributions; OECD comparison subtracts OECD social_contrib_gdp from total tax.,contrast_only_not_baseline_anchor,UNUWIDERGRD_2025_Central.xlsx,GRD User Guide 2025 advises most users to rely on revenue and tax figures exclusive of social contributions for completeness and comparability. The canonical total-revenue field also excludes grants for domestic fiscal-capacity use; all total-revenue variants from the file are retained.,v1.0.1-official-4c,v1.0.1-official-4c-anchors-20260709T110732Z-baseline-official-v2-author-approved,2026-07-09T11:07:42.578023+00:00,materialize_official_v2_author_signature.py
CHL,2008,central_government,2.5040955541625204e-09,1.869620654385272e-09,2.0159399876959746e-09,0.2002934036470825,0.214027978460633,0.013734574813550499,0.25721567451487,-0.20029340177746185,-0.214027976444693,-0.25721567201077444,like_for_like_excluding_social_contributions: GRD canonical tax excludes social contributions; OECD comparison subtracts OECD social_contrib_gdp from total tax.,contrast_only_not_baseline_anchor,UNUWIDERGRD_2025_Central.xlsx,GRD User Guide 2025 advises most users to rely on revenue and tax figures exclusive of social contributions for completeness and comparability. The canonical total-revenue field also excludes grants for domestic fiscal-capacity use; all total-revenue variants from the file are retained.,v1.0.1-official-4c,v1.0.1-official-4c-anchors-20260709T110732Z-baseline-official-v2-author-approved,2026-07-09T11:07:42.578023+00:00,materialize_official_v2_author_signature.py
CHL,2009,central_government,1.825145669209438e-09,1.44402508369554e-09,1.5924410052680681e-09,0.15970333854024088,0.173971819161664,0.0142684806214231,0.20716724064601,-0.15970333709621579,-0.17397181756922298,-0.20716723882086432,like_for_like_excluding_social_contributions: GRD canonical tax excludes social contributions; OECD comparison subtracts OECD social_contrib_gdp from total tax.,contrast_only_not_baseline_anchor,UNUWIDERGRD_2025_Central.xlsx,GRD User Guide 2025 advises most users to rely on revenue and tax figures exclusive of social contributions for completeness and comparability. The canonical total-revenue field also excludes grants for domestic fiscal-capacity use; all total-revenue variants from the file are retained.,v1.0.1-official-4c,v1.0.1-official-4c-anchors-20260709T110732Z-baseline-official-v2-author-approved,2026-07-09T11:07:42.578023+00:00,materialize_official_v2_author_signature.py
CHL,2010,central_government,1.8234368524286776e-09,1.4318016981845194e-09,1.553495174575454e-09,0.1834428148770962,0.196929146055795,0.013486331178698801,0.23103754836123,-0.1834428134452945,-0.19692914450229984,-0.23103754653779315,like_for_like_excluding_social_contributions: GRD canonical tax excludes social contributions; OECD comparison subtracts OECD social_contrib_gdp from total tax.,contrast_only_not_baseline_anchor,UNUWIDERGRD_2025_Central.xlsx,GRD User Guide 2025 advises most users to rely on revenue and tax figures exclusive of social contributions for completeness and comparability. The canonical total-revenue field also excludes grants for domestic fiscal-capacity use; all total-revenue variants from the file are retained.,v1.0.1-official-4c,v1.0.1-official-4c-anchors-20260709T110732Z-baseline-official-v2-author-approved,2026-07-09T11:07:42.578023+00:00,materialize_official_v2_author_signature.py
CHL,2011,central_government,1.7556171789530729e-09,1.4294028010635236e-09,1.5394007282087758e-09,0.198589861577875,0.211953596039834,0.013363734461959001,0.24312880142990997,-0.1985898601484722,-0.21195359450043327,-0.2431287996742928,like_for_like_excluding_social_contributions: GRD canonical tax excludes social contributions; OECD comparison subtracts OECD social_contrib_gdp from total tax.,contrast_only_not_baseline_anchor,UNUWIDERGRD_2025_Central.xlsx,GRD User Guide 2025 advises most users to rely on revenue and tax figures exclusive of social contributions for completeness and comparability. The canonical total-revenue field also excludes grants for domestic fiscal-capacity use; all total-revenue variants from the file are retained.,v1.0.1-official-4c,v1.0.1-official-4c-anchors-20260709T110732Z-baseline-official-v2-author-approved,2026-07-09T11:07:42.578023+00:00,materialize_official_v2_author_signature.py
CHL,2012,central_government,1.5937010710059174e-09,1.3473390532544378e-09,1.4434229585798818e-09,0.19936627501115523,0.213234251709553,0.013867976698397799,0.23771789892767997,-0.19936627366381618,-0.21323425026613005,-0.2377178973339789,like_for_like_excluding_social_contributions: GRD canonical tax excludes social contributions; OECD comparison subtracts OECD social_contrib_gdp from total tax.,contrast_only_not_baseline_anchor,UNUWIDERGRD_2025_Central.xlsx,GRD User Guide 2025 advises most users to rely on revenue and tax figures exclusive of social contributions for completeness and comparability. The canonical total-revenue field also excludes grants for domestic fiscal-capacity use; all total-revenue variants from the file are retained.,v1.0.1-official-4c,v1.0.1-official-4c-anchors-20260709T110732Z-baseline-official-v2-author-approved,2026-07-09T11:07:42.578023+00:00,materialize_official_v2_author_signature.py
CHL,2013,central_government,1.4119352044342854e-09,1.2154287584563179e-09,1.3173209897041529e-09,0.18505165974852902,0.19939136251094802,0.014339702762419,0.22642928278927,-0.18505165853310027,-0.19939136119362702,-0.22642928137733478,like_for_like_excluding_social_contributions: GRD canonical tax excludes social contributions; OECD comparison subtracts OECD social_contrib_gdp from total tax.,contrast_only_not_baseline_anchor,UNUWIDERGRD_2025_Central.xlsx,GRD User Guide 2025 advises most users to rely on revenue and tax figures exclusive of social contributions for completeness and comparability. The canonical total-revenue field also excludes grants for domestic fiscal-capacity use; all total-revenue variants from the file are retained.,v1.0.1-official-4c,v1.0.1-official-4c-anchors-20260709T110732Z-baseline-official-v2-author-approved,2026-07-09T11:07:42.578023+00:00,materialize_official_v2_author_signature.py
CHL,2014,central_government,1.293791088385683e-09,1.118590211833455e-09,1.2129291453615777e-09,0.182729947103819,0.196991989296804,0.014262042192985,0.22356241478764002,-0.1827299459852288,-0.19699198808387486,-0.22356241349384892,like_for_like_excluding_social_contributions: GRD canonical tax excludes social contributions; OECD comparison subtracts OECD social_contrib_gdp from total tax.,contrast_only_not_baseline_anchor,UNUWIDERGRD_2025_Central.xlsx,GRD User Guide 2025 advises most users to rely on revenue and tax figures exclusive of social contributions for completeness and comparability. The canonical total-revenue field also excludes grants for domestic fiscal-capacity use; all total-revenue variants from the file are retained.,v1.0.1-official-4c,v1.0.1-official-4c-anchors-20260709T110732Z-baseline-official-v2-author-approved,2026-07-09T11:07:42.578023+00:00,materialize_official_v2_author_signature.py
CHL,2015,central_government,1.2397650310328871e-09,1.1020133609181218e-09,1.1896735146275176e-09,0.1908996230402688,0.205099901351287,0.0142002783110182,0.2293943628365,-0.19089962193825544,-0.20509990016161347,-0.22939436159673496,like_for_like_excluding_social_contributions: GRD canonical tax excludes social contributions; OECD comparison subtracts OECD social_contrib_gdp from total tax.,contrast_only_not_baseline_anchor,UNUWIDERGRD_2025_Central.xlsx,GRD User Guide 2025 advises most users to rely on revenue and tax figures exclusive of social contributions for completeness and comparability. The canonical total-revenue field also excludes grants for domestic fiscal-capacity use; all total-revenue variants from the file are retained.,v1.0.1-official-4c,v1.0.1-official-4c-anchors-20260709T110732Z-baseline-official-v2-author-approved,2026-07-09T11:07:42.578023+00:00,materialize_official_v2_author_signature.py
CHL,2016,central_government,1.1496680959677034e-09,1.0346747628980564e-09,1.120358330378852e-09,0.1877677354194658,0.202234144288131,0.014466408868665199,0.22706036756175,-0.18776773438479102,-0.20223414316777266,-0.2270603664120819,like_for_like_excluding_social_contributions: GRD canonical tax excludes social contributions; OECD comparison subtracts OECD social_contrib_gdp from total tax.,contrast_only_not_baseline_anchor,UNUWIDERGRD_2025_Central.xlsx,GRD User Guide 2025 advises most users to rely on revenue and tax figures exclusive of social contributions for completeness and comparability. The canonical total-revenue field also excludes grants for domestic fiscal-capacity use; all total-revenue variants from the file are retained.,v1.0.1-official-4c,v1.0.1-official-4c-anchors-20260709T110732Z-baseline-official-v2-author-approved,2026-07-09T11:07:42.578023+00:00,materialize_official_v2_author_signature.py
CHL,2017,central_government,1.0989598785199553e-09,9.764222207637125e-10,1.058154115481007e-09,0.18757212025199352,0.202225438018189,0.0146533177661955,0.22865089482106998,-0.1875721192755713,-0.2022254369600349,-0.22865089372211012,like_for_like_excluding_social_contributions: GRD canonical tax excludes social contributions; OECD comparison subtracts OECD social_contrib_gdp from total tax.,contrast_only_not_baseline_anchor,UNUWIDERGRD_2025_Central.xlsx,GRD User Guide 2025 advises most users to rely on revenue and tax figures exclusive of social contributions for completeness and comparability. The canonical total-revenue field also excludes grants for domestic fiscal-capacity use; all total-revenue variants from the file are retained.,v1.0.1-official-4c,v1.0.1-official-4c-anchors-20260709T110732Z-baseline-official-v2-author-approved,2026-07-09T11:07:42.578023+00:00,materialize_official_v2_author_signature.py
CHL,2018,central_government,1.0932978154534373e-09,9.714314152439147e-10,1.0491004806469157e-09,0.19810779473827747,0.21281560810491498,0.014707813366637502,0.24133439910433002,-0.19810779376684606,-0.2128156070558145,-0.2413343980110322,like_for_like_excluding_social_contributions: GRD canonical tax excludes social contributions; OECD comparison subtracts OECD social_contrib_gdp from total tax.,contrast_only_not_baseline_anchor,UNUWIDERGRD_2025_Central.xlsx,GRD User Guide 2025 advises most users to rely on revenue and tax figures exclusive of social contributions for completeness and comparability. The canonical total-revenue field also excludes grants for domestic fiscal-capacity use; all total-revenue variants from the file are retained.,v1.0.1-official-4c,v1.0.1-official-4c-anchors-20260709T110732Z-baseline-official-v2-author-approved,2026-07-09T11:07:42.578023+00:00,materialize_official_v2_author_signature.py
CHL,2019,central_government,1.033838423926664e-09,9.147069699203956e-10,9.930661090940013e-10,0.1944994182806907,0.209816144648457,0.0153167263677663,0.23766623207822998,-0.19449941736598372,-0.2098161436553909,-0.23766623104439155,like_for_like_excluding_social_contributions: GRD canonical tax excludes social contributions; OECD comparison subtracts OECD social_contrib_gdp from total tax.,contrast_only_not_baseline_anchor,UNUWIDERGRD_2025_Central.xlsx,GRD User Guide 2025 advises most users to rely on revenue and tax figures exclusive of social contributions for completeness and comparability. The canonical total-revenue field also excludes grants for domestic fiscal-capacity use; all total-revenue variants from the file are retained.,v1.0.1-official-4c,v1.0.1-official-4c-anchors-20260709T110732Z-baseline-official-v2-author-approved,2026-07-09T11:07:42.578023+00:00,materialize_official_v2_author_signature.py
CHL,2020,central_government,9.136450040639691e-10,8.044098159227811e-10,8.810321583329816e-10,0.17747655352177338,0.19290386763755699,0.015427314115783599,0.21993042724780001,-0.17747655271736357,-0.19290386675652482,-0.21993042633415502,like_for_like_excluding_social_contributions: GRD canonical tax excludes social contributions; OECD comparison subtracts OECD social_contrib_gdp from total tax.,contrast_only_not_baseline_anchor,UNUWIDERGRD_2025_Central.xlsx,GRD User Guide 2025 advises most users to rely on revenue and tax figures exclusive of social contributions for completeness and comparability. The canonical total-revenue field also excludes grants for domestic fiscal-capacity use; all total-revenue variants from the file are retained.,v1.0.1-official-4c,v1.0.1-official-4c-anchors-20260709T110732Z-baseline-official-v2-author-approved,2026-07-09T11:07:42.578023+00:00,materialize_official_v2_author_signature.py
CHL,2021,central_government,9.588544358659118e-10,8.205878327765599e-10,8.696242485388836e-10,0.2115472446198325,0.22330529190666099,0.011758047286828499,0.26090307464747,-0.21154724379924467,-0.22330529103703672,-0.26090307368861554,like_for_like_excluding_social_contributions: GRD canonical tax excludes social contributions; OECD comparison subtracts OECD social_contrib_gdp from total tax.,contrast_only_not_baseline_anchor,UNUWIDERGRD_2025_Central.xlsx,GRD User Guide 2025 advises most users to rely on revenue and tax figures exclusive of social contributions for completeness and comparability. The canonical total-revenue field also excludes grants for domestic fiscal-capacity use; all total-revenue variants from the file are retained.,v1.0.1-official-4c,v1.0.1-official-4c-anchors-20260709T110732Z-baseline-official-v2-author-approved,2026-07-09T11:07:42.578023+00:00,materialize_official_v2_author_signature.py
CHL,2022,central_government,9.484061316468183e-10,8.065600964730213e-10,8.435066655707307e-10,0.2292814150628731,0.239109469307648,0.00982805424477489,0.28085085664301,-0.22928141425631302,-0.23910946846414136,-0.2808508556946039,like_for_like_excluding_social_contributions: GRD canonical tax excludes social contributions; OECD comparison subtracts OECD social_contrib_gdp from total tax.,contrast_only_not_baseline_anchor,UNUWIDERGRD_2025_Central.xlsx,GRD User Guide 2025 advises most users to rely on revenue and tax figures exclusive of social contributions for completeness and comparability. The canonical total-revenue field also excludes grants for domestic fiscal-capacity use; all total-revenue variants from the file are retained.,v1.0.1-official-4c,v1.0.1-official-4c-anchors-20260709T110732Z-baseline-official-v2-author-approved,2026-07-09T11:07:42.578023+00:00,materialize_official_v2_author_signature.py
CHL,2023,central_government,7.7257311657318e-10,6.284756600343208e-10,6.697752348422207e-10,0.1946800729356989,0.206324179130334,0.0116441061946351,0.25122697922888,-0.19468007230722323,-0.20632417846055875,-0.25122697845630687,like_for_like_excluding_social_contributions: GRD canonical tax excludes social contributions; OECD comparison subtracts OECD social_contrib_gdp from total tax.,contrast_only_not_baseline_anchor,UNUWIDERGRD_2025_Central.xlsx,GRD User Guide 2025 advises most users to rely on revenue and tax figures exclusive of social contributions for completeness and comparability. The canonical total-revenue field also excludes grants for domestic fiscal-capacity use; all total-revenue variants from the file are retained.,v1.0.1-official-4c,v1.0.1-official-4c-anchors-20260709T110732Z-baseline-official-v2-author-approved,2026-07-09T11:07:42.578023+00:00,materialize_official_v2_author_signature.py
COL,2000,central_government,,4.890547049108877e-10,4.890547049108877e-10,0.1312583498865479,0.156828727901967,0.0255703780154191,0.23642232377138,-0.13125834939749317,-0.1568287274129123,,like_for_like_excluding_social_contributions: GRD canonical tax excludes social contributions; OECD comparison subtracts OECD social_contrib_gdp from total tax.,contrast_only_not_baseline_anchor,UNUWIDERGRD_2025_Central.xlsx,GRD User Guide 2025 advises most users to rely on revenue and tax figures exclusive of social contributions for completeness and comparability. The canonical total-revenue field also excludes grants for domestic fiscal-capacity use; all total-revenue variants from the file are retained.,v1.0.1-official-4c,v1.0.1-official-4c-anchors-20260709T110732Z-baseline-official-v2-author-approved,2026-07-09T11:07:42.578023+00:00,materialize_official_v2_author_signature.py
COL,2001,central_government,,5.236424670512547e-10,5.236424670512547e-10,0.14795404855156022,0.173280615655296,0.025326567103735802,0.24798005206094,-0.14795404802791776,-0.17328061513165355,,like_for_like_excluding_social_contributions: GRD canonical tax excludes social contributions; OECD comparison subtracts OECD social_contrib_gdp from total tax.,contrast_only_not_baseline_anchor,UNUWIDERGRD_2025_Central.xlsx,GRD User Guide 2025 advises most users to rely on revenue and tax figures exclusive of social contributions for completeness and comparability. The canonical total-revenue field also excludes grants for domestic fiscal-capacity use; all total-revenue variants from the file are retained.,v1.0.1-official-4c,v1.0.1-official-4c-anchors-20260709T110732Z-baseline-official-v2-author-approved,2026-07-09T11:07:42.578023+00:00,materialize_official_v2_author_signature.py
COL,2002,central_government,,4.845422285645451e-10,4.845422285645451e-10,0.1484802242914865,0.17153128116692598,0.0230510568754395,0.24621741411926,-0.14848022380694426,-0.17153128068238374,,like_for_like_excluding_social_contributions: GRD canonical tax excludes social contributions; OECD comparison subtracts OECD social_contrib_gdp from total tax.,contrast_only_not_baseline_anchor,UNUWIDERGRD_2025_Central.xlsx,GRD User Guide 2025 advises most users to rely on revenue and tax figures exclusive of social contributions for completeness and comparability. The canonical total-revenue field also excludes grants for domestic fiscal-capacity use; all total-revenue variants from the file are retained.,v1.0.1-official-4c,v1.0.1-official-4c-anchors-20260709T110732Z-baseline-official-v2-author-approved,2026-07-09T11:07:42.578023+00:00,materialize_official_v2_author_signature.py
COL,2003,central_government,,4.5373152626370984e-10,4.5373152626370984e-10,0.1517737793372512,0.172915016635671,0.0211412372984198,0.253118461392,-0.15177377888351967,-0.17291501618193947,,like_for_like_excluding_social_contributions: GRD canonical tax excludes social contributions; OECD comparison subtracts OECD social_contrib_gdp from total tax.,contrast_only_not_baseline_anchor,UNUWIDERGRD_2025_Central.xlsx,GRD User Guide 2025 advises most users to rely on revenue and tax figures exclusive of social contributions for completeness and comparability. The canonical total-revenue field also excludes grants for domestic fiscal-capacity use; all total-revenue variants from the file are retained.,v1.0.1-official-4c,v1.0.1-official-4c-anchors-20260709T110732Z-baseline-official-v2-author-approved,2026-07-09T11:07:42.578023+00:00,materialize_official_v2_author_signature.py
COL,2004,central_government,,4.1516427519329185e-10,4.1516427519329185e-10,0.15583564183907112,0.17968607048700602,0.0238504286479349,0.25320339981139,-0.15583564142390685,-0.17968607007184176,,like_for_like_excluding_social_contributions: GRD canonical tax excludes social contributions; OECD comparison subtracts OECD social_contrib_gdp from total tax.,contrast_only_not_baseline_anchor,UNUWIDERGRD_2025_Central.xlsx,GRD User Guide 2025 advises most users to rely on revenue and tax figures exclusive of social contributions for completeness and comparability. The canonical total-revenue field also excludes grants for domestic fiscal-capacity use; all total-revenue variants from the file are retained.,v1.0.1-official-4c,v1.0.1-official-4c-anchors-20260709T110732Z-baseline-official-v2-author-approved,2026-07-09T11:07:42.578023+00:00,materialize_official_v2_author_signature.py
COL,2005,central_government,,3.914411988375757e-10,3.914411988375757e-10,0.1593759819302398,0.182588925550453,0.0232129436202132,0.25868559962026,-0.15937598153879862,-0.18258892515901182,,like_for_like_excluding_social_contributions: GRD canonical tax excludes social contributions; OECD comparison subtracts OECD social_contrib_gdp from total tax.,contrast_only_not_baseline_anchor,UNUWIDERGRD_2025_Central.xlsx,GRD User Guide 2025 advises most users to rely on revenue and tax figures exclusive of social contributions for completeness and comparability. The canonical total-revenue field also excludes grants for domestic fiscal-capacity use; all total-revenue variants from the file are retained.,v1.0.1-official-4c,v1.0.1-official-4c-anchors-20260709T110732Z-baseline-official-v2-author-approved,2026-07-09T11:07:42.578023+00:00,materialize_official_v2_author_signature.py
COL,2006,central_government,,3.71634452915892e-10,3.71634452915892e-10,0.1702666716982974,0.192672097217946,0.0224054255196486,0.27448512670328,-0.17026667132666296,-0.19267209684631156,,like_for_like_excluding_social_contributions: GRD canonical tax excludes social contributions; OECD comparison subtracts OECD social_contrib_gdp from total tax.,contrast_only_not_baseline_anchor,UNUWIDERGRD_2025_Central.xlsx,GRD User Guide 2025 advises most users to rely on revenue and tax figures exclusive of social contributions for completeness and comparability. The canonical total-revenue field also excludes grants for domestic fiscal-capacity use; all total-revenue variants from the file are retained.,v1.0.1-official-4c,v1.0.1-official-4c-anchors-20260709T110732Z-baseline-official-v2-author-approved,2026-07-09T11:07:42.578023+00:00,materialize_official_v2_author_signature.py
COL,2007,central_government,,3.3251067436949335e-10,3.3251067436949335e-10,0.1703674096540586,0.192990196732886,0.0226227870788274,0.27342456233079004,-0.17036740932154792,-0.19299019640037532,,like_for_like_excluding_social_contributions: GRD canonical tax excludes social contributions; OECD comparison subtracts OECD social_contrib_gdp from total tax.,contrast_only_not_baseline_anchor,UNUWIDERGRD_2025_Central.xlsx,GRD User Guide 2025 advises most users to rely on revenue and tax figures exclusive of social contributions for completeness and comparability. The canonical total-revenue field also excludes grants for domestic fiscal-capacity use; all total-revenue variants from the file are retained.,v1.0.1-official-4c,v1.0.1-official-4c-anchors-20260709T110732Z-baseline-official-v2-author-approved,2026-07-09T11:07:42.578023+00:00,materialize_official_v2_author_signature.py
COL,2008,central_government,,2.992601436704845e-10,2.992601436704845e-10,0.1701086598418433,0.19031833177828703,0.0202096719364437,0.28470670227537,-0.17010865954258317,-0.19031833147902688,,like_for_like_excluding_social_contributions: GRD canonical tax excludes social contributions; OECD comparison subtracts OECD social_contrib_gdp from total tax.,contrast_only_not_baseline_anchor,UNUWIDERGRD_2025_Central.xlsx,GRD User Guide 2025 advises most users to rely on revenue and tax figures exclusive of social contributions for completeness and comparability. The canonical total-revenue field also excludes grants for domestic fiscal-capacity use; all total-revenue variants from the file are retained.,v1.0.1-official-4c,v1.0.1-official-4c-anchors-20260709T110732Z-baseline-official-v2-author-approved,2026-07-09T11:07:42.578023+00:00,materialize_official_v2_author_signature.py
COL,2009,central_government,,2.752338814835589e-10,2.752338814835589e-10,0.1675614056673827,0.188168032906155,0.0206066272387723,0.28240169675256,-0.1675614053921488,-0.1881680326309211,,like_for_like_excluding_social_contributions: GRD canonical tax excludes social contributions; OECD comparison subtracts OECD social_contrib_gdp from total tax.,contrast_only_not_baseline_anchor,UNUWIDERGRD_2025_Central.xlsx,GRD User Guide 2025 advises most users to rely on revenue and tax figures exclusive of social contributions for completeness and comparability. The canonical total-revenue field also excludes grants for domestic fiscal-capacity use; all total-revenue variants from the file are retained.,v1.0.1-official-4c,v1.0.1-official-4c-anchors-20260709T110732Z-baseline-official-v2-author-approved,2026-07-09T11:07:42.578023+00:00,materialize_official_v2_author_signature.py
COL,2010,central_government,,2.408563483683433e-10,2.408563483683433e-10,0.1598670179598664,0.180964112618882,0.0210970946590156,0.27047402715898,-0.15986701771901007,-0.18096411237802568,,like_for_like_excluding_social_contributions: GRD canonical tax excludes social contributions; OECD comparison subtracts OECD social_contrib_gdp from total tax.,contrast_only_not_baseline_anchor,UNUWIDERGRD_2025_Central.xlsx,GRD User Guide 2025 advises most users to rely on revenue and tax figures exclusive of social contributions for completeness and comparability. The canonical total-revenue field also excludes grants for domestic fiscal-capacity use; all total-revenue variants from the file are retained.,v1.0.1-official-4c,v1.0.1-official-4c-anchors-20260709T110732Z-baseline-official-v2-author-approved,2026-07-09T11:07:42.578023+00:00,materialize_official_v2_author_signature.py
COL,2011,central_government,,2.3195646443662064e-10,2.3195646443662064e-10,0.172673292222467,0.18931860327962,0.016645311057153,0.28240342252282,-0.17267329199051054,-0.18931860304766354,,like_for_like_excluding_social_contributions: GRD canonical tax excludes social contributions; OECD comparison subtracts OECD social_contrib_gdp from total tax.,contrast_only_not_baseline_anchor,UNUWIDERGRD_2025_Central.xlsx,GRD User Guide 2025 advises most users to rely on revenue and tax figures exclusive of social contributions for completeness and comparability. The canonical total-revenue field also excludes grants for domestic fiscal-capacity use; all total-revenue variants from the file are retained.,v1.0.1-official-4c,v1.0.1-official-4c-anchors-20260709T110732Z-baseline-official-v2-author-approved,2026-07-09T11:07:42.578023+00:00,materialize_official_v2_author_signature.py
COL,2012,central_government,,2.2620549015723546e-10,2.2620549015723546e-10,0.17947750685108188,0.19720533764082,0.017727830789738098,0.29247337110078,-0.17947750662487638,-0.1972053374146145,,like_for_like_excluding_social_contributions: GRD canonical tax excludes social contributions; OECD comparison subtracts OECD social_contrib_gdp from total tax.,contrast_only_not_baseline_anchor,UNUWIDERGRD_2025_Central.xlsx,GRD User Guide 2025 advises most users to rely on revenue and tax figures exclusive of social contributions for completeness and comparability. The canonical total-revenue field also excludes grants for domestic fiscal-capacity use; all total-revenue variants from the file are retained.,v1.0.1-official-4c,v1.0.1-official-4c-anchors-20260709T110732Z-baseline-official-v2-author-approved,2026-07-09T11:07:42.578023+00:00,materialize_official_v2_author_signature.py
COL,2013,central_government,,2.0567059643881588e-10,2.0567059643881588e-10,0.1769119391813554,0.200220451491878,0.0233085123105226,0.28977618802016,-0.1769119389756848,-0.2002204512862074,,like_for_like_excluding_social_contributions: GRD canonical tax excludes social contributions; OECD comparison subtracts OECD social_contrib_gdp from total tax.,contrast_only_not_baseline_anchor,UNUWIDERGRD_2025_Central.xlsx,GRD User Guide 2025 advises most users to rely on revenue and tax figures exclusive of social contributions for completeness and comparability. The canonical total-revenue field also excludes grants for domestic fiscal-capacity use; all total-revenue variants from the file are retained.,v1.0.1-official-4c,v1.0.1-official-4c-anchors-20260709T110732Z-baseline-official-v2-author-approved,2026-07-09T11:07:42.578023+00:00,materialize_official_v2_author_signature.py
COL,2014,central_government,,1.9166193801992625e-10,1.9166193801992625e-10,0.1775254814859475,0.19550379541122498,0.0179783139252775,0.29517126854378,-0.17752548129428555,-0.19550379521956304,,like_for_like_excluding_social_contributions: GRD canonical tax excludes social contributions; OECD comparison subtracts OECD social_contrib_gdp from total tax.,contrast_only_not_baseline_anchor,UNUWIDERGRD_2025_Central.xlsx,GRD User Guide 2025 advises most users to rely on revenue and tax figures exclusive of social contributions for completeness and comparability. The canonical total-revenue field also excludes grants for domestic fiscal-capacity use; all total-revenue variants from the file are retained.,v1.0.1-official-4c,v1.0.1-official-4c-anchors-20260709T110732Z-baseline-official-v2-author-approved,2026-07-09T11:07:42.578023+00:00,materialize_official_v2_author_signature.py
COL,2015,central_government,,1.85006433790273e-10,1.85006433790273e-10,0.18214740027688142,0.19902980696015402,0.0168824066832726,0.27757127825676003,-0.182147400091875,-0.1990298067751476,,like_for_like_excluding_social_contributions: GRD canonical tax excludes social contributions; OECD comparison subtracts OECD social_contrib_gdp from total tax.,contrast_only_not_baseline_anchor,UNUWIDERGRD_2025_Central.xlsx,GRD User Guide 2025 advises most users to rely on revenue and tax figures exclusive of social contributions for completeness and comparability. The canonical total-revenue field also excludes grants for domestic fiscal-capacity use; all total-revenue variants from the file are retained.,v1.0.1-official-4c,v1.0.1-official-4c-anchors-20260709T110732Z-baseline-official-v2-author-approved,2026-07-09T11:07:42.578023+00:00,materialize_official_v2_author_signature.py
COL,2016,central_government,,1.6205451329627308e-10,1.6205451329627308e-10,0.17291050863863083,0.19078888047803702,0.0178783718394062,0.27719668486621,-0.17291050847657632,-0.1907888803159825,,like_for_like_excluding_social_contributions: GRD canonical tax excludes social contributions; OECD comparison subtracts OECD social_contrib_gdp from total tax.,contrast_only_not_baseline_anchor,UNUWIDERGRD_2025_Central.xlsx,GRD User Guide 2025 advises most users to rely on revenue and tax figures exclusive of social contributions for completeness and comparability. The canonical total-revenue field also excludes grants for domestic fiscal-capacity use; all total-revenue variants from the file are retained.,v1.0.1-official-4c,v1.0.1-official-4c-anchors-20260709T110732Z-baseline-official-v2-author-approved,2026-07-09T11:07:42.578023+00:00,materialize_official_v2_author_signature.py
COL,2017,central_government,,1.5425616111499756e-10,1.5425616111499756e-10,0.1753277528395105,0.189833055836751,0.0145053029972405,0.26824972175386,-0.17532775268525433,-0.18983305568249484,,like_for_like_excluding_social_contributions: GRD canonical tax excludes social contributions; OECD comparison subtracts OECD social_contrib_gdp from total tax.,contrast_only_not_baseline_anchor,UNUWIDERGRD_2025_Central.xlsx,GRD User Guide 2025 advises most users to rely on revenue and tax figures exclusive of social contributions for completeness and comparability. The canonical total-revenue field also excludes grants for domestic fiscal-capacity use; all total-revenue variants from the file are retained.,v1.0.1-official-4c,v1.0.1-official-4c-anchors-20260709T110732Z-baseline-official-v2-author-approved,2026-07-09T11:07:42.578023+00:00,materialize_official_v2_author_signature.py
COL,2018,central_government,,1.4268849932734736e-10,1.4268849932734736e-10,0.17423509746701638,0.192651998801821,0.0184169013348046,0.29990242298186,-0.17423509732432788,-0.1926519986591325,,like_for_like_excluding_social_contributions: GRD canonical tax excludes social contributions; OECD comparison subtracts OECD social_contrib_gdp from total tax.,contrast_only_not_baseline_anchor,UNUWIDERGRD_2025_Central.xlsx,GRD User Guide 2025 advises most users to rely on revenue and tax figures exclusive of social contributions for completeness and comparability. The canonical total-revenue field also excludes grants for domestic fiscal-capacity use; all total-revenue variants from the file are retained.,v1.0.1-official-4c,v1.0.1-official-4c-anchors-20260709T110732Z-baseline-official-v2-author-approved,2026-07-09T11:07:42.578023+00:00,materialize_official_v2_author_signature.py
COL,2019,central_government,,1.3583276593093628e-10,1.3583276593093628e-10,0.1784752640527802,0.196923711078421,0.0184484470256408,0.29397056421942996,-0.17847526391694743,-0.19692371094258823,,like_for_like_excluding_social_contributions: GRD canonical tax excludes social contributions; OECD comparison subtracts OECD social_contrib_gdp from total tax.,contrast_only_not_baseline_anchor,UNUWIDERGRD_2025_Central.xlsx,GRD User Guide 2025 advises most users to rely on revenue and tax figures exclusive of social contributions for completeness and comparability. The canonical total-revenue field also excludes grants for domestic fiscal-capacity use; all total-revenue variants from the file are retained.,v1.0.1-official-4c,v1.0.1-official-4c-anchors-20260709T110732Z-baseline-official-v2-author-approved,2026-07-09T11:07:42.578023+00:00,materialize_official_v2_author_signature.py
COL,2020,central_government,,1.3534415995550662e-10,1.3534416196152013e-10,0.1693080523333862,0.187725693720429,0.0184176413870428,0.26588116220092,-0.16930805219804204,-0.18772569358508484,,like_for_like_excluding_social_contributions: GRD canonical tax excludes social contributions; OECD comparison subtracts OECD social_contrib_gdp from total tax.,contrast_only_not_baseline_anchor,UNUWIDERGRD_2025_Central.xlsx,GRD User Guide 2025 advises most users to rely on revenue and tax figures exclusive of social contributions for completeness and comparability. The canonical total-revenue field also excludes grants for domestic fiscal-capacity use; all total-revenue variants from the file are retained.,v1.0.1-official-4c,v1.0.1-official-4c-anchors-20260709T110732Z-baseline-official-v2-author-approved,2026-07-09T11:07:42.578023+00:00,materialize_official_v2_author_signature.py
COL,2021,central_government,,1.171444884205083e-10,1.1714448912312604e-10,0.1737606496038957,0.191933853860614,0.0181732042567183,0.27198069120587,-0.1737606494867512,-0.19193385374346952,,like_for_like_excluding_social_contributions: GRD canonical tax excludes social contributions; OECD comparison subtracts OECD social_contrib_gdp from total tax.,contrast_only_not_baseline_anchor,UNUWIDERGRD_2025_Central.xlsx,GRD User Guide 2025 advises most users to rely on revenue and tax figures exclusive of social contributions for completeness and comparability. The canonical total-revenue field also excludes grants for domestic fiscal-capacity use; all total-revenue variants from the file are retained.,v1.0.1-official-4c,v1.0.1-official-4c-anchors-20260709T110732Z-baseline-official-v2-author-approved,2026-07-09T11:07:42.578023+00:00,materialize_official_v2_author_signature.py
COL,2022,central_government,,1.0045609144338007e-10,1.0045609144338007e-10,0.1800948747622822,0.196347257078858,0.0162523823165758,0.27727355990026,-0.1800948746618261,-0.1963472569784019,,like_for_like_excluding_social_contributions: GRD canonical tax excludes social contributions; OECD comparison subtracts OECD social_contrib_gdp from total tax.,contrast_only_not_baseline_anchor,UNUWIDERGRD_2025_Central.xlsx,GRD User Guide 2025 advises most users to rely on revenue and tax figures exclusive of social contributions for completeness and comparability. The canonical total-revenue field also excludes grants for domestic fiscal-capacity use; all total-revenue variants from the file are retained.,v1.0.1-official-4c,v1.0.1-official-4c-anchors-20260709T110732Z-baseline-official-v2-author-approved,2026-07-09T11:07:42.578023+00:00,materialize_official_v2_author_signature.py
COL,2023,central_government,,1.0884219386334648e-10,1.0884219386334648e-10,0.20473881194271748,0.220754743140653,0.0160159311979355,0.32170876746366,-0.2047388118338753,-0.2207547430318108,,like_for_like_excluding_social_contributions: GRD canonical tax excludes social contributions; OECD comparison subtracts OECD social_contrib_gdp from total tax.,contrast_only_not_baseline_anchor,UNUWIDERGRD_2025_Central.xlsx,GRD User Guide 2025 advises most users to rely on revenue and tax figures exclusive of social contributions for completeness and comparability. The canonical total-revenue field also excludes grants for domestic fiscal-capacity use; all total-revenue variants from the file are retained.,v1.0.1-official-4c,v1.0.1-official-4c-anchors-20260709T110732Z-baseline-official-v2-author-approved,2026-07-09T11:07:42.578023+00:00,materialize_official_v2_author_signature.py
MEX,2000,central_government,,1.2196989773931702e-08,1.2196989773931702e-08,0.0896434836643659,0.109342891261341,0.0196994075969751,0.16701285995366,-0.08964347146737613,-0.10934287906435122,,like_for_like_excluding_social_contributions: GRD canonical tax excludes social contributions; OECD comparison subtracts OECD social_contrib_gdp from total tax.,contrast_only_not_baseline_anchor,UNUWIDERGRD_2025_Central.xlsx,GRD User Guide 2025 advises most users to rely on revenue and tax figures exclusive of social contributions for completeness and comparability. The canonical total-revenue field also excludes grants for domestic fiscal-capacity use; all total-revenue variants from the file are retained.,v1.0.1-official-4c,v1.0.1-official-4c-anchors-20260709T110732Z-baseline-official-v2-author-approved,2026-07-09T11:07:42.578023+00:00,materialize_official_v2_author_signature.py
MEX,2001,central_government,,1.2210058746835283e-08,1.2210058746835283e-08,0.09534380057707931,0.11591207428670901,0.0205682737096297,0.16973732283741,-0.09534378836702057,-0.11591206207665027,,like_for_like_excluding_social_contributions: GRD canonical tax excludes social contributions; OECD comparison subtracts OECD social_contrib_gdp from total tax.,contrast_only_not_baseline_anchor,UNUWIDERGRD_2025_Central.xlsx,GRD User Guide 2025 advises most users to rely on revenue and tax figures exclusive of social contributions for completeness and comparability. The canonical total-revenue field also excludes grants for domestic fiscal-capacity use; all total-revenue variants from the file are retained.,v1.0.1-official-4c,v1.0.1-official-4c-anchors-20260709T110732Z-baseline-official-v2-author-approved,2026-07-09T11:07:42.578023+00:00,materialize_official_v2_author_signature.py
MEX,2002,central_government,,1.2053414250004544e-08,1.2053414250004544e-08,0.09925386336408351,0.12009855728329401,0.0208446939192105,0.17586170042552,-0.09925385131066926,-0.12009854522987976,,like_for_like_excluding_social_contributions: GRD canonical tax excludes social contributions; OECD comparison subtracts OECD social_contrib_gdp from total tax.,contrast_only_not_baseline_anchor,UNUWIDERGRD_2025_Central.xlsx,GRD User Guide 2025 advises most users to rely on revenue and tax figures exclusive of social contributions for completeness and comparability. The canonical total-revenue field also excludes grants for domestic fiscal-capacity use; all total-revenue variants from the file are retained.,v1.0.1-official-4c,v1.0.1-official-4c-anchors-20260709T110732Z-baseline-official-v2-author-approved,2026-07-09T11:07:42.578023+00:00,materialize_official_v2_author_signature.py
MEX,2003,central_government,1.7361559880023036e-08,1.1406765720687267e-08,1.1406765720687267e-08,0.09927188489640221,0.12071276876334601,0.021440883866943802,0.19261130574235,-0.09927187348963648,-0.12071275735658028,-0.1926112883807901,like_for_like_excluding_social_contributions: GRD canonical tax excludes social contributions; OECD comparison subtracts OECD social_contrib_gdp from total tax.,contrast_only_not_baseline_anchor,UNUWIDERGRD_2025_Central.xlsx,GRD User Guide 2025 advises most users to rely on revenue and tax figures exclusive of social contributions for completeness and comparability. The canonical total-revenue field also excludes grants for domestic fiscal-capacity use; all total-revenue variants from the file are retained.,v1.0.1-official-4c,v1.0.1-official-4c-anchors-20260709T110732Z-baseline-official-v2-author-approved,2026-07-09T11:07:42.578023+00:00,materialize_official_v2_author_signature.py
MEX,2004,central_government,1.5836065872003873e-08,9.148832423772722e-09,9.148832423772722e-09,0.0895070348697905,0.11033847852733,0.0208314436575395,0.19112973886655,-0.08950702572095807,-0.11033846937849758,-0.19112972303048412,like_for_like_excluding_social_contributions: GRD canonical tax excludes social contributions; OECD comparison subtracts OECD social_contrib_gdp from total tax.,contrast_only_not_baseline_anchor,UNUWIDERGRD_2025_Central.xlsx,GRD User Guide 2025 advises most users to rely on revenue and tax figures exclusive of social contributions for completeness and comparability. The canonical total-revenue field also excludes grants for domestic fiscal-capacity use; all total-revenue variants from the file are retained.,v1.0.1-official-4c,v1.0.1-official-4c-anchors-20260709T110732Z-baseline-official-v2-author-approved,2026-07-09T11:07:42.578023+00:00,materialize_official_v2_author_signature.py
MEX,2005,central_government,1.4683628853422623e-08,8.272522192977578e-09,8.272522192977578e-09,0.08799661303617029,0.10865258961932399,0.020655976583153702,0.19722058427040998,-0.0879966047636481,-0.1086525813468018,-0.19722056958678114,like_for_like_excluding_social_contributions: GRD canonical tax excludes social contributions; OECD comparison subtracts OECD social_contrib_gdp from total tax.,contrast_only_not_baseline_anchor,UNUWIDERGRD_2025_Central.xlsx,GRD User Guide 2025 advises most users to rely on revenue and tax figures exclusive of social contributions for completeness and comparability. The canonical total-revenue field also excludes grants for domestic fiscal-capacity use; all total-revenue variants from the file are retained.,v1.0.1-official-4c,v1.0.1-official-4c-anchors-20260709T110732Z-baseline-official-v2-author-approved,2026-07-09T11:07:42.578023+00:00,materialize_official_v2_author_signature.py
MEX,2006,central_government,1.380320991199023e-08,7.733613691951029e-09,7.733613691951029e-09,0.0914366048701663,0.110777662381117,0.0193410575109507,0.20350678961623,-0.09143659713655261,-0.1107776546475033,-0.2035067758130201,like_for_like_excluding_social_contributions: GRD canonical tax excludes social contributions; OECD comparison subtracts OECD social_contrib_gdp from total tax.,contrast_only_not_baseline_anchor,UNUWIDERGRD_2025_Central.xlsx,GRD User Guide 2025 advises most users to rely on revenue and tax figures exclusive of social contributions for completeness and comparability. The canonical total-revenue field also excludes grants for domestic fiscal-capacity use; all total-revenue variants from the file are retained.,v1.0.1-official-4c,v1.0.1-official-4c-anchors-20260709T110732Z-baseline-official-v2-author-approved,2026-07-09T11:07:42.578023+00:00,materialize_official_v2_author_signature.py
MEX,2007,central_government,1.2921967890637777e-08,7.415123191631461e-09,7.415123191631461e-09,0.0950775796935341,0.114728244891023,0.019650665197488898,0.21062675747678,-0.0950775722784109,-0.1147282374758998,-0.21062674455481212,like_for_like_excluding_social_contributions: GRD canonical tax excludes social contributions; OECD comparison subtracts OECD social_contrib_gdp from total tax.,contrast_only_not_baseline_anchor,UNUWIDERGRD_2025_Central.xlsx,GRD User Guide 2025 advises most users to rely on revenue and tax figures exclusive of social contributions for completeness and comparability. The canonical total-revenue field also excludes grants for domestic fiscal-capacity use; all total-revenue variants from the file are retained.,v1.0.1-official-4c,v1.0.1-official-4c-anchors-20260709T110732Z-baseline-official-v2-author-approved,2026-07-09T11:07:42.578023+00:00,materialize_official_v2_author_signature.py
MEX,2008,central_government,1.3931850854028047e-08,7.40922452301329e-09,7.40922452301329e-09,0.10165119431695131,0.12040025290869201,0.0187490585917407,0.25820675950474004,-0.10165118690772679,-0.12040024549946748,-0.2582067455728892,like_for_like_excluding_social_contributions: GRD canonical tax excludes social contributions; OECD comparison subtracts OECD social_contrib_gdp from total tax.,contrast_only_not_baseline_anchor,UNUWIDERGRD_2025_Central.xlsx,GRD User Guide 2025 advises most users to rely on revenue and tax figures exclusive of social contributions for completeness and comparability. The canonical total-revenue field also excludes grants for domestic fiscal-capacity use; all total-revenue variants from the file are retained.,v1.0.1-official-4c,v1.0.1-official-4c-anchors-20260709T110732Z-baseline-official-v2-author-approved,2026-07-09T11:07:42.578023+00:00,materialize_official_v2_author_signature.py
MEX,2009,central_government,1.2297862093961111e-08,7.243329667621958e-09,7.243329667621958e-09,0.0984071885499658,0.118939070249036,0.0205318816990702,0.2258119795727,-0.09840718130663613,-0.11893906300570632,-0.2258119672748379,like_for_like_excluding_social_contributions: GRD canonical tax excludes social contributions; OECD comparison subtracts OECD social_contrib_gdp from total tax.,contrast_only_not_baseline_anchor,UNUWIDERGRD_2025_Central.xlsx,GRD User Guide 2025 advises most users to rely on revenue and tax figures exclusive of social contributions for completeness and comparability. The canonical total-revenue field also excludes grants for domestic fiscal-capacity use; all total-revenue variants from the file are retained.,v1.0.1-official-4c,v1.0.1-official-4c-anchors-20260709T110732Z-baseline-official-v2-author-approved,2026-07-09T11:07:42.578023+00:00,materialize_official_v2_author_signature.py
MEX,2010,central_government,1.1536703977115824e-08,6.926699382190477e-09,6.926699382190477e-09,0.10300461771159351,0.12286831002654701,0.0198636923149535,0.22678321304363,-0.10300461078489413,-0.12286830309984763,-0.22678320150692602,like_for_like_excluding_social_contributions: GRD canonical tax excludes social contributions; OECD comparison subtracts OECD social_contrib_gdp from total tax.,contrast_only_not_baseline_anchor,UNUWIDERGRD_2025_Central.xlsx,GRD User Guide 2025 advises most users to rely on revenue and tax figures exclusive of social contributions for completeness and comparability. The canonical total-revenue field also excludes grants for domestic fiscal-capacity use; all total-revenue variants from the file are retained.,v1.0.1-official-4c,v1.0.1-official-4c-anchors-20260709T110732Z-baseline-official-v2-author-approved,2026-07-09T11:07:42.578023+00:00,materialize_official_v2_author_signature.py
MEX,2011,central_government,1.1214183855330233e-08,6.2986619374183625e-09,6.2986619374183625e-09,0.102818716830782,0.122628386496683,0.019809669665901,0.23417943939432,-0.10281871053212006,-0.12262838019802107,-0.23417942818013615,like_for_like_excluding_social_contributions: GRD canonical tax excludes social contributions; OECD comparison subtracts OECD social_contrib_gdp from total tax.,contrast_only_not_baseline_anchor,UNUWIDERGRD_2025_Central.xlsx,GRD User Guide 2025 advises most users to rely on revenue and tax figures exclusive of social contributions for completeness and comparability. The canonical total-revenue field also excludes grants for domestic fiscal-capacity use; all total-revenue variants from the file are retained.,v1.0.1-official-4c,v1.0.1-official-4c-anchors-20260709T110732Z-baseline-official-v2-author-approved,2026-07-09T11:07:42.578023+00:00,materialize_official_v2_author_signature.py
MEX,2012,central_government,1.047212101282372e-08,5.65678607906711e-09,5.65678607906711e-09,0.10106392615697041,0.121048483421916,0.0199845572649456,0.23433699194117,-0.10106392050018433,-0.12104847776512992,-0.234336981469049,like_for_like_excluding_social_contributions: GRD canonical tax excludes social contributions; OECD comparison subtracts OECD social_contrib_gdp from total tax.,contrast_only_not_baseline_anchor,UNUWIDERGRD_2025_Central.xlsx,GRD User Guide 2025 advises most users to rely on revenue and tax figures exclusive of social contributions for completeness and comparability. The canonical total-revenue field also excludes grants for domestic fiscal-capacity use; all total-revenue variants from the file are retained.,v1.0.1-official-4c,v1.0.1-official-4c-anchors-20260709T110732Z-baseline-official-v2-author-approved,2026-07-09T11:07:42.578023+00:00,materialize_official_v2_author_signature.py
MEX,2013,central_government,9.962220783571192e-09,5.829660701529855e-09,5.829660701529855e-09,0.10696633310930939,0.127727967946216,0.0207616348369066,0.23109448222087,-0.10696632727964869,-0.1277279621165553,-0.23109447225864924,like_for_like_excluding_social_contributions: GRD canonical tax excludes social contributions; OECD comparison subtracts OECD social_contrib_gdp from total tax.,contrast_only_not_baseline_anchor,UNUWIDERGRD_2025_Central.xlsx,GRD User Guide 2025 advises most users to rely on revenue and tax figures exclusive of social contributions for completeness and comparability. The canonical total-revenue field also excludes grants for domestic fiscal-capacity use; all total-revenue variants from the file are retained.,v1.0.1-official-4c,v1.0.1-official-4c-anchors-20260709T110732Z-baseline-official-v2-author-approved,2026-07-09T11:07:42.578023+00:00,materialize_official_v2_author_signature.py
MEX,2014,central_government,9.263080653334352e-09,5.6487684650309285e-09,5.6487684650309285e-09,0.11114482699007351,0.13200603927517102,0.0208612122850975,0.22578121521013,-0.11114482134130504,-0.13200603362640256,-0.22578120594704934,like_for_like_excluding_social_contributions: GRD canonical tax excludes social contributions; OECD comparison subtracts OECD social_contrib_gdp from total tax.,contrast_only_not_baseline_anchor,UNUWIDERGRD_2025_Central.xlsx,GRD User Guide 2025 advises most users to rely on revenue and tax figures exclusive of social contributions for completeness and comparability. The canonical total-revenue field also excludes grants for domestic fiscal-capacity use; all total-revenue variants from the file are retained.,v1.0.1-official-4c,v1.0.1-official-4c-anchors-20260709T110732Z-baseline-official-v2-author-approved,2026-07-09T11:07:42.578023+00:00,materialize_official_v2_author_signature.py
MEX,2015,central_government,8.498000901484971e-09,6.420626912684407e-09,6.420626912684407e-09,0.1323148522626113,0.153598184083825,0.0212833318212137,0.22698584121149998,-0.13231484584198439,-0.15359817766319808,-0.22698583271349906,like_for_like_excluding_social_contributions: GRD canonical tax excludes social contributions; OECD comparison subtracts OECD social_contrib_gdp from total tax.,contrast_only_not_baseline_anchor,UNUWIDERGRD_2025_Central.xlsx,GRD User Guide 2025 advises most users to rely on revenue and tax figures exclusive of social contributions for completeness and comparability. The canonical total-revenue field also excludes grants for domestic fiscal-capacity use; all total-revenue variants from the file are retained.,v1.0.1-official-4c,v1.0.1-official-4c-anchors-20260709T110732Z-baseline-official-v2-author-approved,2026-07-09T11:07:42.578023+00:00,materialize_official_v2_author_signature.py
MEX,2016,central_government,8.32011370949256e-09,6.3220376009788895e-09,6.3220376009788895e-09,0.1401004210107225,0.161055318116711,0.020954897105988503,0.23841111867853002,-0.14010041468868492,-0.16105531179467342,-0.2384111103584163,like_for_like_excluding_social_contributions: GRD canonical tax excludes social contributions; OECD comparison subtracts OECD social_contrib_gdp from total tax.,contrast_only_not_baseline_anchor,UNUWIDERGRD_2025_Central.xlsx,GRD User Guide 2025 advises most users to rely on revenue and tax figures exclusive of social contributions for completeness and comparability. The canonical total-revenue field also excludes grants for domestic fiscal-capacity use; all total-revenue variants from the file are retained.,v1.0.1-official-4c,v1.0.1-official-4c-anchors-20260709T110732Z-baseline-official-v2-author-approved,2026-07-09T11:07:42.578023+00:00,materialize_official_v2_author_signature.py
MEX,2017,central_government,7.665762906782068e-09,5.62979830826108e-09,5.62979830826108e-09,0.1357554397530287,0.15650511822936,0.020749678476331298,0.23984132267382002,-0.13575543412323038,-0.15650511259956168,-0.2398413150080571,like_for_like_excluding_social_contributions: GRD canonical tax excludes social contributions; OECD comparison subtracts OECD social_contrib_gdp from total tax.,contrast_only_not_baseline_anchor,UNUWIDERGRD_2025_Central.xlsx,GRD User Guide 2025 advises most users to rely on revenue and tax figures exclusive of social contributions for completeness and comparability. The canonical total-revenue field also excludes grants for domestic fiscal-capacity use; all total-revenue variants from the file are retained.,v1.0.1-official-4c,v1.0.1-official-4c-anchors-20260709T110732Z-baseline-official-v2-author-approved,2026-07-09T11:07:42.578023+00:00,materialize_official_v2_author_signature.py
MEX,2018,central_government,6.740103677662553e-09,5.2580272954568894e-09,5.2580272954568894e-09,0.13603199974004018,0.157088943005581,0.0210569432655408,0.22831150123991,-0.1360319944820129,-0.1570889377475537,-0.22831149449980634,like_for_like_excluding_social_contributions: GRD canonical tax excludes social contributions; OECD comparison subtracts OECD social_contrib_gdp from total tax.,contrast_only_not_baseline_anchor,UNUWIDERGRD_2025_Central.xlsx,GRD User Guide 2025 advises most users to rely on revenue and tax figures exclusive of social contributions for completeness and comparability. The canonical total-revenue field also excludes grants for domestic fiscal-capacity use; all total-revenue variants from the file are retained.,v1.0.1-official-4c,v1.0.1-official-4c-anchors-20260709T110732Z-baseline-official-v2-author-approved,2026-07-09T11:07:42.578023+00:00,materialize_official_v2_author_signature.py
MEX,2019,central_government,6.532276660816091e-09,5.082783937033754e-09,5.082783937033754e-09,0.13707586890497028,0.159051111773593,0.0219752428686227,0.22997031481126,-0.13707586382218634,-0.15905110669080905,-0.22997030827898335,like_for_like_excluding_social_contributions: GRD canonical tax excludes social contributions; OECD comparison subtracts OECD social_contrib_gdp from total tax.,contrast_only_not_baseline_anchor,UNUWIDERGRD_2025_Central.xlsx,GRD User Guide 2025 advises most users to rely on revenue and tax figures exclusive of social contributions for completeness and comparability. The canonical total-revenue field also excludes grants for domestic fiscal-capacity use; all total-revenue variants from the file are retained.,v1.0.1-official-4c,v1.0.1-official-4c-anchors-20260709T110732Z-baseline-official-v2-author-approved,2026-07-09T11:07:42.578023+00:00,materialize_official_v2_author_signature.py
MEX,2020,central_government,7.106169140953017e-09,5.7721657943634724e-09,5.7721657943634724e-09,0.1483255095277951,0.17223983379067,0.023914324262874903,0.23492741374543002,-0.1483255037556293,-0.1722398280185042,-0.23492740663926087,like_for_like_excluding_social_contributions: GRD canonical tax excludes social contributions; OECD comparison subtracts OECD social_contrib_gdp from total tax.,contrast_only_not_baseline_anchor,UNUWIDERGRD_2025_Central.xlsx,GRD User Guide 2025 advises most users to rely on revenue and tax figures exclusive of social contributions for completeness and comparability. The canonical total-revenue field also excludes grants for domestic fiscal-capacity use; all total-revenue variants from the file are retained.,v1.0.1-official-4c,v1.0.1-official-4c-anchors-20260709T110732Z-baseline-official-v2-author-approved,2026-07-09T11:07:42.578023+00:00,materialize_official_v2_author_signature.py
MEX,2021,central_government,6.151699468608968e-09,5.0516409899245365e-09,5.0516409899245365e-09,0.1438808269584649,0.166817308859289,0.0229364819008241,0.22937162240865,-0.1438808219068239,-0.166817303807648,-0.22937161625695054,like_for_like_excluding_social_contributions: GRD canonical tax excludes social contributions; OECD comparison subtracts OECD social_contrib_gdp from total tax.,contrast_only_not_baseline_anchor,UNUWIDERGRD_2025_Central.xlsx,GRD User Guide 2025 advises most users to rely on revenue and tax figures exclusive of social contributions for completeness and comparability. The canonical total-revenue field also excludes grants for domestic fiscal-capacity use; all total-revenue variants from the file are retained.,v1.0.1-official-4c,v1.0.1-official-4c-anchors-20260709T110732Z-baseline-official-v2-author-approved,2026-07-09T11:07:42.578023+00:00,materialize_official_v2_author_signature.py
MEX,2022,central_government,5.668299647412454e-09,4.562272049870411e-09,4.562272049870411e-09,0.1445535275641206,0.167648478556298,0.0230949509921774,0.24186707450403,-0.14455352300184854,-0.16764847399402594,-0.24186706883573036,like_for_like_excluding_social_contributions: GRD canonical tax excludes social contributions; OECD comparison subtracts OECD social_contrib_gdp from total tax.,contrast_only_not_baseline_anchor,UNUWIDERGRD_2025_Central.xlsx,GRD User Guide 2025 advises most users to rely on revenue and tax figures exclusive of social contributions for completeness and comparability. The canonical total-revenue field also excludes grants for domestic fiscal-capacity use; all total-revenue variants from the file are retained.,v1.0.1-official-4c,v1.0.1-official-4c-anchors-20260709T110732Z-baseline-official-v2-author-approved,2026-07-09T11:07:42.578023+00:00,materialize_official_v2_author_signature.py
MEX,2023,central_government,5.316748968019708e-09,4.491723707989133e-09,4.491723707989133e-09,0.1534001642907099,0.17730526596526702,0.023905101674557103,0.24284482760082,-0.1534001597989862,-0.1773052614735433,-0.24284482228407103,like_for_like_excluding_social_contributions: GRD canonical tax excludes social contributions; OECD comparison subtracts OECD social_contrib_gdp from total tax.,contrast_only_not_baseline_anchor,UNUWIDERGRD_2025_Central.xlsx,GRD User Guide 2025 advises most users to rely on revenue and tax figures exclusive of social contributions for completeness and comparability. The canonical total-revenue field also excludes grants for domestic fiscal-capacity use; all total-revenue variants from the file are retained.,v1.0.1-official-4c,v1.0.1-official-4c-anchors-20260709T110732Z-baseline-official-v2-author-approved,2026-07-09T11:07:42.578023+00:00,materialize_official_v2_author_signature.py
PER,2000,central_government,,7.487357091582266e-07,7.487357091582266e-07,0.1327217773142399,0.15083130791972998,0.0181095306054901,0.19619246909508997,-0.13272102857853074,-0.15083055918402083,,like_for_like_excluding_social_contributions: GRD canonical tax excludes social contributions; OECD comparison subtracts OECD social_contrib_gdp from total tax.,contrast_only_not_baseline_anchor,UNUWIDERGRD_2025_Central.xlsx,GRD User Guide 2025 advises most users to rely on revenue and tax figures exclusive of social contributions for completeness and comparability. The canonical total-revenue field also excludes grants for domestic fiscal-capacity use; all total-revenue variants from the file are retained.,v1.0.1-official-4c,v1.0.1-official-4c-anchors-20260709T110732Z-baseline-official-v2-author-approved,2026-07-09T11:07:42.578023+00:00,materialize_official_v2_author_signature.py
PER,2001,central_government,,7.331222491785132e-07,7.331222491785132e-07,0.1322465968484782,0.150464539698233,0.0182179428497548,0.18779885458863,-0.132245863726229,-0.15046380657598382,,like_for_like_excluding_social_contributions: GRD canonical tax excludes social contributions; OECD comparison subtracts OECD social_contrib_gdp from total tax.,contrast_only_not_baseline_anchor,UNUWIDERGRD_2025_Central.xlsx,GRD User Guide 2025 advises most users to rely on revenue and tax figures exclusive of social contributions for completeness and comparability. The canonical total-revenue field also excludes grants for domestic fiscal-capacity use; all total-revenue variants from the file are retained.,v1.0.1-official-4c,v1.0.1-official-4c-anchors-20260709T110732Z-baseline-official-v2-author-approved,2026-07-09T11:07:42.578023+00:00,materialize_official_v2_author_signature.py
PER,2002,central_government,,6.776394644515656e-07,6.776394644515656e-07,0.12991096113579692,0.147392879718992,0.0174819185831951,0.18245196108399997,-0.12991028349633246,-0.14739220207952755,,like_for_like_excluding_social_contributions: GRD canonical tax excludes social contributions; OECD comparison subtracts OECD social_contrib_gdp from total tax.,contrast_only_not_baseline_anchor,UNUWIDERGRD_2025_Central.xlsx,GRD User Guide 2025 advises most users to rely on revenue and tax figures exclusive of social contributions for completeness and comparability. The canonical total-revenue field also excludes grants for domestic fiscal-capacity use; all total-revenue variants from the file are retained.,v1.0.1-official-4c,v1.0.1-official-4c-anchors-20260709T110732Z-baseline-official-v2-author-approved,2026-07-09T11:07:42.578023+00:00,materialize_official_v2_author_signature.py
PER,2003,central_government,,6.692324448293226e-07,6.692324448293226e-07,0.1374855477404146,0.154660185786606,0.0171746380461914,0.18491002494941,-0.13748487850796978,-0.15465951655416119,,like_for_like_excluding_social_contributions: GRD canonical tax excludes social contributions; OECD comparison subtracts OECD social_contrib_gdp from total tax.,contrast_only_not_baseline_anchor,UNUWIDERGRD_2025_Central.xlsx,GRD User Guide 2025 advises most users to rely on revenue and tax figures exclusive of social contributions for completeness and comparability. The canonical total-revenue field also excludes grants for domestic fiscal-capacity use; all total-revenue variants from the file are retained.,v1.0.1-official-4c,v1.0.1-official-4c-anchors-20260709T110732Z-baseline-official-v2-author-approved,2026-07-09T11:07:42.578023+00:00,materialize_official_v2_author_signature.py
PER,2004,central_government,,6.154527858627062e-07,6.154527858627062e-07,0.1402308554513037,0.156814189419505,0.0165833339682013,0.18525158180175003,-0.14023023999851783,-0.15681357396671913,,like_for_like_excluding_social_contributions: GRD canonical tax excludes social contributions; OECD comparison subtracts OECD social_contrib_gdp from total tax.,contrast_only_not_baseline_anchor,UNUWIDERGRD_2025_Central.xlsx,GRD User Guide 2025 advises most users to rely on revenue and tax figures exclusive of social contributions for completeness and comparability. The canonical total-revenue field also excludes grants for domestic fiscal-capacity use; all total-revenue variants from the file are retained.,v1.0.1-official-4c,v1.0.1-official-4c-anchors-20260709T110732Z-baseline-official-v2-author-approved,2026-07-09T11:07:42.578023+00:00,materialize_official_v2_author_signature.py
PER,2005,central_government,,5.995766025117162e-07,5.995766025117162e-07,0.1476443934685124,0.164091829006204,0.0164474355376916,0.19943061749184998,-0.1476437938919099,-0.1640912294296015,,like_for_like_excluding_social_contributions: GRD canonical tax excludes social contributions; OECD comparison subtracts OECD social_contrib_gdp from total tax.,contrast_only_not_baseline_anchor,UNUWIDERGRD_2025_Central.xlsx,GRD User Guide 2025 advises most users to rely on revenue and tax figures exclusive of social contributions for completeness and comparability. The canonical total-revenue field also excludes grants for domestic fiscal-capacity use; all total-revenue variants from the file are retained.,v1.0.1-official-4c,v1.0.1-official-4c-anchors-20260709T110732Z-baseline-official-v2-author-approved,2026-07-09T11:07:42.578023+00:00,materialize_official_v2_author_signature.py
PER,2006,central_government,,5.620668721658603e-07,5.620668721658603e-07,0.16179143362119452,0.17883229135016201,0.0170408577289675,0.21191192382448001,-0.16179087155432237,-0.17883172928328986,,like_for_like_excluding_social_contributions: GRD canonical tax excludes social contributions; OECD comparison subtracts OECD social_contrib_gdp from total tax.,contrast_only_not_baseline_anchor,UNUWIDERGRD_2025_Central.xlsx,GRD User Guide 2025 advises most users to rely on revenue and tax figures exclusive of social contributions for completeness and comparability. The canonical total-revenue field also excludes grants for domestic fiscal-capacity use; all total-revenue variants from the file are retained.,v1.0.1-official-4c,v1.0.1-official-4c-anchors-20260709T110732Z-baseline-official-v2-author-approved,2026-07-09T11:07:42.578023+00:00,materialize_official_v2_author_signature.py
PER,2007,central_government,,5.163567197479649e-07,5.163567197479649e-07,0.1667336205406138,0.183138331566473,0.0164047110258592,0.21941507665015,-0.16673310418389406,-0.18313781520975325,,like_for_like_excluding_social_contributions: GRD canonical tax excludes social contributions; OECD comparison subtracts OECD social_contrib_gdp from total tax.,contrast_only_not_baseline_anchor,UNUWIDERGRD_2025_Central.xlsx,GRD User Guide 2025 advises most users to rely on revenue and tax figures exclusive of social contributions for completeness and comparability. The canonical total-revenue field also excludes grants for domestic fiscal-capacity use; all total-revenue variants from the file are retained.,v1.0.1-official-4c,v1.0.1-official-4c-anchors-20260709T110732Z-baseline-official-v2-author-approved,2026-07-09T11:07:42.578023+00:00,materialize_official_v2_author_signature.py
PER,2008,central_government,,4.6694137221710855e-07,4.6694137221710855e-07,0.16812467008572213,0.18727302909552102,0.0191483590097989,0.2237894220251,-0.16812420314434992,-0.1872725621541488,,like_for_like_excluding_social_contributions: GRD canonical tax excludes social contributions; OECD comparison subtracts OECD social_contrib_gdp from total tax.,contrast_only_not_baseline_anchor,UNUWIDERGRD_2025_Central.xlsx,GRD User Guide 2025 advises most users to rely on revenue and tax figures exclusive of social contributions for completeness and comparability. The canonical total-revenue field also excludes grants for domestic fiscal-capacity use; all total-revenue variants from the file are retained.,v1.0.1-official-4c,v1.0.1-official-4c-anchors-20260709T110732Z-baseline-official-v2-author-approved,2026-07-09T11:07:42.578023+00:00,materialize_official_v2_author_signature.py
PER,2009,central_government,,3.964115457426181e-07,3.964115457426181e-07,0.1460361614997337,0.165668641829233,0.0196324803294993,0.19865872625480002,-0.14603576508818794,-0.16566824541768724,,like_for_like_excluding_social_contributions: GRD canonical tax excludes social contributions; OECD comparison subtracts OECD social_contrib_gdp from total tax.,contrast_only_not_baseline_anchor,UNUWIDERGRD_2025_Central.xlsx,GRD User Guide 2025 advises most users to rely on revenue and tax figures exclusive of social contributions for completeness and comparability. The canonical total-revenue field also excludes grants for domestic fiscal-capacity use; all total-revenue variants from the file are retained.,v1.0.1-official-4c,v1.0.1-official-4c-anchors-20260709T110732Z-baseline-official-v2-author-approved,2026-07-09T11:07:42.578023+00:00,materialize_official_v2_author_signature.py
PER,2010,central_government,,3.6724123787051486e-07,3.6724123787051486e-07,0.1561392690130907,0.174941117763939,0.0188018487508483,0.20986336152617,-0.15613890177185283,-0.17494075052270114,,like_for_like_excluding_social_contributions: GRD canonical tax excludes social contributions; OECD comparison subtracts OECD social_contrib_gdp from total tax.,contrast_only_not_baseline_anchor,UNUWIDERGRD_2025_Central.xlsx,GRD User Guide 2025 advises most users to rely on revenue and tax figures exclusive of social contributions for completeness and comparability. The canonical total-revenue field also excludes grants for domestic fiscal-capacity use; all total-revenue variants from the file are retained.,v1.0.1-official-4c,v1.0.1-official-4c-anchors-20260709T110732Z-baseline-official-v2-author-approved,2026-07-09T11:07:42.578023+00:00,materialize_official_v2_author_signature.py
PER,2011,central_government,,3.413428617870142e-07,3.413428617870142e-07,0.16395543973255378,0.18299049154608898,0.0190350518135352,0.21842366962753001,-0.163955098389692,-0.1829901502032272,,like_for_like_excluding_social_contributions: GRD canonical tax excludes social contributions; OECD comparison subtracts OECD social_contrib_gdp from total tax.,contrast_only_not_baseline_anchor,UNUWIDERGRD_2025_Central.xlsx,GRD User Guide 2025 advises most users to rely on revenue and tax figures exclusive of social contributions for completeness and comparability. The canonical total-revenue field also excludes grants for domestic fiscal-capacity use; all total-revenue variants from the file are retained.,v1.0.1-official-4c,v1.0.1-official-4c-anchors-20260709T110732Z-baseline-official-v2-author-approved,2026-07-09T11:07:42.578023+00:00,materialize_official_v2_author_signature.py
PER,2012,central_government,,3.23861595654136e-07,3.23861595654136e-07,0.16789610585346693,0.187818081268691,0.0199219754152241,0.22375053339744,-0.16789578199187127,-0.18781775740709536,,like_for_like_excluding_social_contributions: GRD canonical tax excludes social contributions; OECD comparison subtracts OECD social_contrib_gdp from total tax.,contrast_only_not_baseline_anchor,UNUWIDERGRD_2025_Central.xlsx,GRD User Guide 2025 advises most users to rely on revenue and tax figures exclusive of social contributions for completeness and comparability. The canonical total-revenue field also excludes grants for domestic fiscal-capacity use; all total-revenue variants from the file are retained.,v1.0.1-official-4c,v1.0.1-official-4c-anchors-20260709T110732Z-baseline-official-v2-author-approved,2026-07-09T11:07:42.578023+00:00,materialize_official_v2_author_signature.py
PER,2013,central_government,,2.96786505464183e-07,2.96786505464183e-07,0.16573683569765482,0.18625674925580402,0.020519913558149198,0.22211208280451,-0.16573653891114937,-0.18625645246929856,,like_for_like_excluding_social_contributions: GRD canonical tax excludes social contributions; OECD comparison subtracts OECD social_contrib_gdp from total tax.,contrast_only_not_baseline_anchor,UNUWIDERGRD_2025_Central.xlsx,GRD User Guide 2025 advises most users to rely on revenue and tax figures exclusive of social contributions for completeness and comparability. The canonical total-revenue field also excludes grants for domestic fiscal-capacity use; all total-revenue variants from the file are retained.,v1.0.1-official-4c,v1.0.1-official-4c-anchors-20260709T110732Z-baseline-official-v2-author-approved,2026-07-09T11:07:42.578023+00:00,materialize_official_v2_author_signature.py
PER,2014,central_government,,2.862581518942909e-07,2.862581518942909e-07,0.16769000631745432,0.188128654740038,0.020438648422583697,0.22209145304286998,-0.1676897200593024,-0.1881283684818861,,like_for_like_excluding_social_contributions: GRD canonical tax excludes social contributions; OECD comparison subtracts OECD social_contrib_gdp from total tax.,contrast_only_not_baseline_anchor,UNUWIDERGRD_2025_Central.xlsx,GRD User Guide 2025 advises most users to rely on revenue and tax figures exclusive of social contributions for completeness and comparability. The canonical total-revenue field also excludes grants for domestic fiscal-capacity use; all total-revenue variants from the file are retained.,v1.0.1-official-4c,v1.0.1-official-4c-anchors-20260709T110732Z-baseline-official-v2-author-approved,2026-07-09T11:07:42.578023+00:00,materialize_official_v2_author_signature.py
PER,2015,central_government,,2.4043903863197663e-07,2.4043903863197663e-07,0.14953072955479801,0.170007890347527,0.020477160792729,0.19973412793973,-0.1495304891157594,-0.17000764990848838,,like_for_like_excluding_social_contributions: GRD canonical tax excludes social contributions; OECD comparison subtracts OECD social_contrib_gdp from total tax.,contrast_only_not_baseline_anchor,UNUWIDERGRD_2025_Central.xlsx,GRD User Guide 2025 advises most users to rely on revenue and tax figures exclusive of social contributions for completeness and comparability. The canonical total-revenue field also excludes grants for domestic fiscal-capacity use; all total-revenue variants from the file are retained.,v1.0.1-official-4c,v1.0.1-official-4c-anchors-20260709T110732Z-baseline-official-v2-author-approved,2026-07-09T11:07:42.578023+00:00,materialize_official_v2_author_signature.py
PER,2016,central_government,,2.0449124426882791e-07,2.0449124426882791e-07,0.1370527853901706,0.156688411429897,0.0196356260397264,0.18386249957765,-0.13705258089892633,-0.15668820693865274,,like_for_like_excluding_social_contributions: GRD canonical tax excludes social contributions; OECD comparison subtracts OECD social_contrib_gdp from total tax.,contrast_only_not_baseline_anchor,UNUWIDERGRD_2025_Central.xlsx,GRD User Guide 2025 advises most users to rely on revenue and tax figures exclusive of social contributions for completeness and comparability. The canonical total-revenue field also excludes grants for domestic fiscal-capacity use; all total-revenue variants from the file are retained.,v1.0.1-official-4c,v1.0.1-official-4c-anchors-20260709T110732Z-baseline-official-v2-author-approved,2026-07-09T11:07:42.578023+00:00,materialize_official_v2_author_signature.py
PER,2017,central_government,,1.8126411212576879e-07,1.8126411212576879e-07,0.1303551973726842,0.14946072133603,0.0191055239633458,0.17834306954131002,-0.13035501610857206,-0.14946054007191786,,like_for_like_excluding_social_contributions: GRD canonical tax excludes social contributions; OECD comparison subtracts OECD social_contrib_gdp from total tax.,contrast_only_not_baseline_anchor,UNUWIDERGRD_2025_Central.xlsx,GRD User Guide 2025 advises most users to rely on revenue and tax figures exclusive of social contributions for completeness and comparability. The canonical total-revenue field also excludes grants for domestic fiscal-capacity use; all total-revenue variants from the file are retained.,v1.0.1-official-4c,v1.0.1-official-4c-anchors-20260709T110732Z-baseline-official-v2-author-approved,2026-07-09T11:07:42.578023+00:00,materialize_official_v2_author_signature.py
PER,2018,central_government,,1.8810457991267084e-07,1.8810457991267084e-07,0.14158186248400112,0.161269528969459,0.0196876664854579,0.1902416548543,-0.1415816743794212,-0.1612693408648791,,like_for_like_excluding_social_contributions: GRD canonical tax excludes social contributions; OECD comparison subtracts OECD social_contrib_gdp from total tax.,contrast_only_not_baseline_anchor,UNUWIDERGRD_2025_Central.xlsx,GRD User Guide 2025 advises most users to rely on revenue and tax figures exclusive of social contributions for completeness and comparability. The canonical total-revenue field also excludes grants for domestic fiscal-capacity use; all total-revenue variants from the file are retained.,v1.0.1-official-4c,v1.0.1-official-4c-anchors-20260709T110732Z-baseline-official-v2-author-approved,2026-07-09T11:07:42.578023+00:00,materialize_official_v2_author_signature.py
PER,2019,central_government,,1.8278417864028612e-07,1.8278417864028612e-07,0.14321879372097182,0.16280707186097002,0.0195882781399982,0.1945212028537,-0.14321861093679317,-0.16280688907679136,,like_for_like_excluding_social_contributions: GRD canonical tax excludes social contributions; OECD comparison subtracts OECD social_contrib_gdp from total tax.,contrast_only_not_baseline_anchor,UNUWIDERGRD_2025_Central.xlsx,GRD User Guide 2025 advises most users to rely on revenue and tax figures exclusive of social contributions for completeness and comparability. The canonical total-revenue field also excludes grants for domestic fiscal-capacity use; all total-revenue variants from the file are retained.,v1.0.1-official-4c,v1.0.1-official-4c-anchors-20260709T110732Z-baseline-official-v2-author-approved,2026-07-09T11:07:42.578023+00:00,materialize_official_v2_author_signature.py
PER,2020,central_government,,1.7919537239023545e-07,1.7919537239023545e-07,0.1295912279005644,0.149591190403903,0.0199999625033386,0.17484578092332,-0.129591048705192,-0.1495910112085306,,like_for_like_excluding_social_contributions: GRD canonical tax excludes social contributions; OECD comparison subtracts OECD social_contrib_gdp from total tax.,contrast_only_not_baseline_anchor,UNUWIDERGRD_2025_Central.xlsx,GRD User Guide 2025 advises most users to rely on revenue and tax figures exclusive of social contributions for completeness and comparability. The canonical total-revenue field also excludes grants for domestic fiscal-capacity use; all total-revenue variants from the file are retained.,v1.0.1-official-4c,v1.0.1-official-4c-anchors-20260709T110732Z-baseline-official-v2-author-approved,2026-07-09T11:07:42.578023+00:00,materialize_official_v2_author_signature.py
PER,2021,central_government,,1.806963672162926e-07,1.806963672162926e-07,0.1588106248410846,0.177208602581787,0.0183979777407024,0.20637421925374,-0.1588104441447174,-0.1772084218854198,,like_for_like_excluding_social_contributions: GRD canonical tax excludes social contributions; OECD comparison subtracts OECD social_contrib_gdp from total tax.,contrast_only_not_baseline_anchor,UNUWIDERGRD_2025_Central.xlsx,GRD User Guide 2025 advises most users to rely on revenue and tax figures exclusive of social contributions for completeness and comparability. The canonical total-revenue field also excludes grants for domestic fiscal-capacity use; all total-revenue variants from the file are retained.,v1.0.1-official-4c,v1.0.1-official-4c-anchors-20260709T110732Z-baseline-official-v2-author-approved,2026-07-09T11:07:42.578023+00:00,materialize_official_v2_author_signature.py
PER,2022,central_government,,1.8049440616180645e-07,1.8049440616180645e-07,0.16899845921782108,0.187782651206722,0.0187841919889009,0.21721254903689002,-0.1689982787234149,-0.18778247071231582,,like_for_like_excluding_social_contributions: GRD canonical tax excludes social contributions; OECD comparison subtracts OECD social_contrib_gdp from total tax.,contrast_only_not_baseline_anchor,UNUWIDERGRD_2025_Central.xlsx,GRD User Guide 2025 advises most users to rely on revenue and tax figures exclusive of social contributions for completeness and comparability. The canonical total-revenue field also excludes grants for domestic fiscal-capacity use; all total-revenue variants from the file are retained.,v1.0.1-official-4c,v1.0.1-official-4c-anchors-20260709T110732Z-baseline-official-v2-author-approved,2026-07-09T11:07:42.578023+00:00,materialize_official_v2_author_signature.py
CHL,2000,general_government,0.2088349575968559,0.173522078605653,0.18718446377984332,0.1735220789515567,0.187184464152609,0.0136623852010523,0.22177170548025,-3.4590369457632164e-10,-3.727656794350054e-10,-0.012936747883394079,like_for_like_excluding_social_contributions: GRD canonical tax excludes social contributions; OECD comparison subtracts OECD social_contrib_gdp from total tax.,contrast_only_not_baseline_anchor,UNUWIDERGRD_2025_General.xlsx,GRD User Guide 2025 advises most users to rely on revenue and tax figures exclusive of social contributions for completeness and comparability. The canonical total-revenue field also excludes grants for domestic fiscal-capacity use; all total-revenue variants from the file are retained.,v1.0.1-official-4c,v1.0.1-official-4c-anchors-20260709T110732Z-baseline-official-v2-author-approved,2026-07-09T11:07:42.578023+00:00,materialize_official_v2_author_signature.py
CHL,2001,general_government,0.213768668248407,0.17520114118651317,0.18903212740349096,0.175201138103733,0.189032124076737,0.013830985973003999,0.22686639100651998,3.0827801700272772e-09,3.326753955645856e-09,-0.013097722758112967,like_for_like_excluding_social_contributions: GRD canonical tax excludes social contributions; OECD comparison subtracts OECD social_contrib_gdp from total tax.,contrast_only_not_baseline_anchor,UNUWIDERGRD_2025_General.xlsx,GRD User Guide 2025 advises most users to rely on revenue and tax figures exclusive of social contributions for completeness and comparability. The canonical total-revenue field also excludes grants for domestic fiscal-capacity use; all total-revenue variants from the file are retained.,v1.0.1-official-4c,v1.0.1-official-4c-anchors-20260709T110732Z-baseline-official-v2-author-approved,2026-07-09T11:07:42.578023+00:00,materialize_official_v2_author_signature.py
CHL,2002,general_government,0.20717474803610286,0.1753789251150995,0.18939739612837456,0.17537892087810353,0.18939739155270502,0.0140184706746015,0.22030860582970999,4.236995976292235e-09,4.5756695377097145e-09,-0.013133857793607123,like_for_like_excluding_social_contributions: GRD canonical tax excludes social contributions; OECD comparison subtracts OECD social_contrib_gdp from total tax.,contrast_only_not_baseline_anchor,UNUWIDERGRD_2025_General.xlsx,GRD User Guide 2025 advises most users to rely on revenue and tax figures exclusive of social contributions for completeness and comparability. The canonical total-revenue field also excludes grants for domestic fiscal-capacity use; all total-revenue variants from the file are retained.,v1.0.1-official-4c,v1.0.1-official-4c-anchors-20260709T110732Z-baseline-official-v2-author-approved,2026-07-09T11:07:42.578023+00:00,materialize_official_v2_author_signature.py
CHL,2003,general_government,0.204957035646783,0.17250573560031565,0.18626784537748023,0.1725057391900294,0.186267849253377,0.013762110063347599,0.2180279934681,-3.589713748475276e-09,-3.875896770200171e-09,-0.013070957821317009,like_for_like_excluding_social_contributions: GRD canonical tax excludes social contributions; OECD comparison subtracts OECD social_contrib_gdp from total tax.,contrast_only_not_baseline_anchor,UNUWIDERGRD_2025_General.xlsx,GRD User Guide 2025 advises most users to rely on revenue and tax figures exclusive of social contributions for completeness and comparability. The canonical total-revenue field also excludes grants for domestic fiscal-capacity use; all total-revenue variants from the file are retained.,v1.0.1-official-4c,v1.0.1-official-4c-anchors-20260709T110732Z-baseline-official-v2-author-approved,2026-07-09T11:07:42.578023+00:00,materialize_official_v2_author_signature.py
CHL,2004,general_government,0.215943306705585,0.177410855185665,0.19111519099053292,0.1774108546931675,0.191115190460593,0.0137043357674255,0.22866486610102998,4.924974872366761e-10,5.299399252756132e-10,-0.012721559395444976,like_for_like_excluding_social_contributions: GRD canonical tax excludes social contributions; OECD comparison subtracts OECD social_contrib_gdp from total tax.,contrast_only_not_baseline_anchor,UNUWIDERGRD_2025_General.xlsx,GRD User Guide 2025 advises most users to rely on revenue and tax figures exclusive of social contributions for completeness and comparability. The canonical total-revenue field also excludes grants for domestic fiscal-capacity use; all total-revenue variants from the file are retained.,v1.0.1-official-4c,v1.0.1-official-4c-anchors-20260709T110732Z-baseline-official-v2-author-approved,2026-07-09T11:07:42.578023+00:00,materialize_official_v2_author_signature.py
CHL,2005,general_government,0.2354327149319813,0.19474148668705382,0.20834956369360608,0.1947414871284236,0.208349564165981,0.0136080770375574,0.24817124335857,-4.4136977406239453e-10,-4.7237491695995e-10,-0.01273852842658868,like_for_like_excluding_social_contributions: GRD canonical tax excludes social contributions; OECD comparison subtracts OECD social_contrib_gdp from total tax.,contrast_only_not_baseline_anchor,UNUWIDERGRD_2025_General.xlsx,GRD User Guide 2025 advises most users to rely on revenue and tax figures exclusive of social contributions for completeness and comparability. The canonical total-revenue field also excludes grants for domestic fiscal-capacity use; all total-revenue variants from the file are retained.,v1.0.1-official-4c,v1.0.1-official-4c-anchors-20260709T110732Z-baseline-official-v2-author-approved,2026-07-09T11:07:42.578023+00:00,materialize_official_v2_author_signature.py
CHL,2006,general_government,0.25010277033015943,0.20826509010759126,0.22114113528046994,0.20826508889556428,0.22114113399331198,0.0128760450977477,0.26239243428335,1.2120269787807558e-09,1.2871579635476138e-09,-0.012289663953190588,like_for_like_excluding_social_contributions: GRD canonical tax excludes social contributions; OECD comparison subtracts OECD social_contrib_gdp from total tax.,contrast_only_not_baseline_anchor,UNUWIDERGRD_2025_General.xlsx,GRD User Guide 2025 advises most users to rely on revenue and tax figures exclusive of social contributions for completeness and comparability. The canonical total-revenue field also excludes grants for domestic fiscal-capacity use; all total-revenue variants from the file are retained.,v1.0.1-official-4c,v1.0.1-official-4c-anchors-20260709T110732Z-baseline-official-v2-author-approved,2026-07-09T11:07:42.578023+00:00,materialize_official_v2_author_signature.py
CHL,2007,general_government,0.252656029656072,0.21573234690054055,0.22847252699852003,0.21573234592625692,0.22847251490367002,0.0127401689774131,0.27261483066023,9.742836259984955e-10,1.2094850010413438e-08,-0.019958801004158033,like_for_like_excluding_social_contributions: GRD canonical tax excludes social contributions; OECD comparison subtracts OECD social_contrib_gdp from total tax.,contrast_only_not_baseline_anchor,UNUWIDERGRD_2025_General.xlsx,GRD User Guide 2025 advises most users to rely on revenue and tax figures exclusive of social contributions for completeness and comparability. The canonical total-revenue field also excludes grants for domestic fiscal-capacity use; all total-revenue variants from the file are retained.,v1.0.1-official-4c,v1.0.1-official-4c-anchors-20260709T110732Z-baseline-official-v2-author-approved,2026-07-09T11:07:42.578023+00:00,materialize_official_v2_author_signature.py
CHL,2008,general_government,0.24676371775838615,0.20029338920181233,0.21402795325928922,0.2002934036470825,0.214027978460633,0.013734574813550499,0.25721567451487,-1.444527017446795e-08,-2.520134378958261e-08,-0.010451956756483832,like_for_like_excluding_social_contributions: GRD canonical tax excludes social contributions; OECD comparison subtracts OECD social_contrib_gdp from total tax.,contrast_only_not_baseline_anchor,UNUWIDERGRD_2025_General.xlsx,GRD User Guide 2025 advises most users to rely on revenue and tax figures exclusive of social contributions for completeness and comparability. The canonical total-revenue field also excludes grants for domestic fiscal-capacity use; all total-revenue variants from the file are retained.,v1.0.1-official-4c,v1.0.1-official-4c-anchors-20260709T110732Z-baseline-official-v2-author-approved,2026-07-09T11:07:42.578023+00:00,materialize_official_v2_author_signature.py
CHL,2009,general_government,0.18149675909677662,0.16005583279626948,0.1743243134588038,0.15970333854024088,0.173971819161664,0.0142684806214231,0.20716724064601,0.00035249425602859596,0.0003524942971398215,-0.025670481549233376,like_for_like_excluding_social_contributions: GRD canonical tax excludes social contributions; OECD comparison subtracts OECD social_contrib_gdp from total tax.,contrast_only_not_baseline_anchor,UNUWIDERGRD_2025_General.xlsx,GRD User Guide 2025 advises most users to rely on revenue and tax figures exclusive of social contributions for completeness and comparability. The canonical total-revenue field also excludes grants for domestic fiscal-capacity use; all total-revenue variants from the file are retained.,v1.0.1-official-4c,v1.0.1-official-4c-anchors-20260709T110732Z-baseline-official-v2-author-approved,2026-07-09T11:07:42.578023+00:00,materialize_official_v2_author_signature.py
CHL,2010,general_government,0.2180206498194946,0.18367963898916967,0.19716328519855594,0.1834428148770962,0.196929146055795,0.013486331178698801,0.23103754836123,0.00023682411207345822,0.00023413914276093628,-0.013016898541735406,like_for_like_excluding_social_contributions: GRD canonical tax excludes social contributions; OECD comparison subtracts OECD social_contrib_gdp from total tax.,contrast_only_not_baseline_anchor,UNUWIDERGRD_2025_General.xlsx,GRD User Guide 2025 advises most users to rely on revenue and tax figures exclusive of social contributions for completeness and comparability. The canonical total-revenue field also excludes grants for domestic fiscal-capacity use; all total-revenue variants from the file are retained.,v1.0.1-official-4c,v1.0.1-official-4c-anchors-20260709T110732Z-baseline-official-v2-author-approved,2026-07-09T11:07:42.578023+00:00,materialize_official_v2_author_signature.py
CHL,2011,general_government,0.2272431769547325,0.1986718683127572,0.2120366255144033,0.198589861577875,0.211953596039834,0.013363734461959001,0.24312880142990997,8.200673488220622e-05,8.302947456931276e-05,-0.015885624475177468,like_for_like_excluding_social_contributions: GRD canonical tax excludes social contributions; OECD comparison subtracts OECD social_contrib_gdp from total tax.,contrast_only_not_baseline_anchor,UNUWIDERGRD_2025_General.xlsx,GRD User Guide 2025 advises most users to rely on revenue and tax figures exclusive of social contributions for completeness and comparability. The canonical total-revenue field also excludes grants for domestic fiscal-capacity use; all total-revenue variants from the file are retained.,v1.0.1-official-4c,v1.0.1-official-4c-anchors-20260709T110732Z-baseline-official-v2-author-approved,2026-07-09T11:07:42.578023+00:00,materialize_official_v2_author_signature.py
CHL,2012,general_government,0.2221390153846154,0.19932541538461537,0.21319055384615385,0.19936627501115523,0.213234251709553,0.013867976698397799,0.23771789892767997,-4.085962653985198e-05,-4.3697863399166925e-05,-0.015578883543064581,like_for_like_excluding_social_contributions: GRD canonical tax excludes social contributions; OECD comparison subtracts OECD social_contrib_gdp from total tax.,contrast_only_not_baseline_anchor,UNUWIDERGRD_2025_General.xlsx,GRD User Guide 2025 advises most users to rely on revenue and tax figures exclusive of social contributions for completeness and comparability. The canonical total-revenue field also excludes grants for domestic fiscal-capacity use; all total-revenue variants from the file are retained.,v1.0.1-official-4c,v1.0.1-official-4c-anchors-20260709T110732Z-baseline-official-v2-author-approved,2026-07-09T11:07:42.578023+00:00,materialize_official_v2_author_signature.py
CHL,2013,general_government,0.21603583394027676,0.1850889439184268,0.1994295994173343,0.18505165974852902,0.19939136251094802,0.014339702762419,0.22642928278927,3.728416989778882e-05,3.823690638626864e-05,-0.010393448848993236,like_for_like_excluding_social_contributions: GRD canonical tax excludes social contributions; OECD comparison subtracts OECD social_contrib_gdp from total tax.,contrast_only_not_baseline_anchor,UNUWIDERGRD_2025_General.xlsx,GRD User Guide 2025 advises most users to rely on revenue and tax figures exclusive of social contributions for completeness and comparability. The canonical total-revenue field also excludes grants for domestic fiscal-capacity use; all total-revenue variants from the file are retained.,v1.0.1-official-4c,v1.0.1-official-4c-anchors-20260709T110732Z-baseline-official-v2-author-approved,2026-07-09T11:07:42.578023+00:00,materialize_official_v2_author_signature.py
CHL,2014,general_government,0.2130129189189189,0.18266981081081082,0.19692716216216216,0.182729947103819,0.196991989296804,0.014262042192985,0.22356241478764002,-6.0136293008189456e-05,-6.482713464184275e-05,-0.010549495868721115,like_for_like_excluding_social_contributions: GRD canonical tax excludes social contributions; OECD comparison subtracts OECD social_contrib_gdp from total tax.,contrast_only_not_baseline_anchor,UNUWIDERGRD_2025_General.xlsx,GRD User Guide 2025 advises most users to rely on revenue and tax figures exclusive of social contributions for completeness and comparability. The canonical total-revenue field also excludes grants for domestic fiscal-capacity use; all total-revenue variants from the file are retained.,v1.0.1-official-4c,v1.0.1-official-4c-anchors-20260709T110732Z-baseline-official-v2-author-approved,2026-07-09T11:07:42.578023+00:00,materialize_official_v2_author_signature.py
CHL,2015,general_government,0.22094910466582598,0.19092718789407315,0.2051295208070618,0.1908996230402688,0.205099901351287,0.0142002783110182,0.2293943628365,2.7564853804340483e-05,2.961945577478753e-05,-0.008445258170674014,like_for_like_excluding_social_contributions: GRD canonical tax excludes social contributions; OECD comparison subtracts OECD social_contrib_gdp from total tax.,contrast_only_not_baseline_anchor,UNUWIDERGRD_2025_General.xlsx,GRD User Guide 2025 advises most users to rely on revenue and tax figures exclusive of social contributions for completeness and comparability. The canonical total-revenue field also excludes grants for domestic fiscal-capacity use; all total-revenue variants from the file are retained.,v1.0.1-official-4c,v1.0.1-official-4c-anchors-20260709T110732Z-baseline-official-v2-author-approved,2026-07-09T11:07:42.578023+00:00,materialize_official_v2_author_signature.py
CHL,2016,general_government,0.22060144549763033,0.18772843601895733,0.20219182464454977,0.1877677354194658,0.202234144288131,0.014466408868665199,0.22706036756175,-3.9299400508452376e-05,-4.231964358122897e-05,-0.00645892206411966,like_for_like_excluding_social_contributions: GRD canonical tax excludes social contributions; OECD comparison subtracts OECD social_contrib_gdp from total tax.,contrast_only_not_baseline_anchor,UNUWIDERGRD_2025_General.xlsx,GRD User Guide 2025 advises most users to rely on revenue and tax figures exclusive of social contributions for completeness and comparability. The canonical total-revenue field also excludes grants for domestic fiscal-capacity use; all total-revenue variants from the file are retained.,v1.0.1-official-4c,v1.0.1-official-4c-anchors-20260709T110732Z-baseline-official-v2-author-approved,2026-07-09T11:07:42.578023+00:00,materialize_official_v2_author_signature.py
CHL,2017,general_government,0.21757273842721694,0.18758773006134968,0.20224227551589516,0.18757212025199352,0.202225438018189,0.0146533177661955,0.22865089482106998,1.5609809356165183e-05,1.6837497706145843e-05,-0.01107815639385304,like_for_like_excluding_social_contributions: GRD canonical tax excludes social contributions; OECD comparison subtracts OECD social_contrib_gdp from total tax.,contrast_only_not_baseline_anchor,UNUWIDERGRD_2025_General.xlsx,GRD User Guide 2025 advises most users to rely on revenue and tax figures exclusive of social contributions for completeness and comparability. The canonical total-revenue field also excludes grants for domestic fiscal-capacity use; all total-revenue variants from the file are retained.,v1.0.1-official-4c,v1.0.1-official-4c-anchors-20260709T110732Z-baseline-official-v2-author-approved,2026-07-09T11:07:42.578023+00:00,materialize_official_v2_author_signature.py
CHL,2018,general_government,0.23267545934530096,0.19814430834213306,0.2128548257655755,0.19810779473827747,0.21281560810491498,0.014707813366637502,0.24133439910433002,3.6513603855592436e-05,3.921766066050658e-05,-0.008658939759029066,like_for_like_excluding_social_contributions: GRD canonical tax excludes social contributions; OECD comparison subtracts OECD social_contrib_gdp from total tax.,contrast_only_not_baseline_anchor,UNUWIDERGRD_2025_General.xlsx,GRD User Guide 2025 advises most users to rely on revenue and tax figures exclusive of social contributions for completeness and comparability. The canonical total-revenue field also excludes grants for domestic fiscal-capacity use; all total-revenue variants from the file are retained.,v1.0.1-official-4c,v1.0.1-official-4c-anchors-20260709T110732Z-baseline-official-v2-author-approved,2026-07-09T11:07:42.578023+00:00,materialize_official_v2_author_signature.py
CHL,2019,general_government,0.22691678772378518,0.19452992327365728,0.2098491253196931,0.1944994182806907,0.209816144648457,0.0153167263677663,0.23766623207822998,3.05049929665846e-05,3.298067123611026e-05,-0.010749444354444804,like_for_like_excluding_social_contributions: GRD canonical tax excludes social contributions; OECD comparison subtracts OECD social_contrib_gdp from total tax.,contrast_only_not_baseline_anchor,UNUWIDERGRD_2025_General.xlsx,GRD User Guide 2025 advises most users to rely on revenue and tax figures exclusive of social contributions for completeness and comparability. The canonical total-revenue field also excludes grants for domestic fiscal-capacity use; all total-revenue variants from the file are retained.,v1.0.1-official-4c,v1.0.1-official-4c-anchors-20260709T110732Z-baseline-official-v2-author-approved,2026-07-09T11:07:42.578023+00:00,materialize_official_v2_author_signature.py
CHL,2020,general_government,0.21550703179334327,0.17740862394436166,0.19283270740188774,0.17747655352177338,0.19290386763755699,0.015427314115783599,0.21993042724780001,-6.79295774117239e-05,-7.116023566924867e-05,-0.004423395454456747,like_for_like_excluding_social_contributions: GRD canonical tax excludes social contributions; OECD comparison subtracts OECD social_contrib_gdp from total tax.,contrast_only_not_baseline_anchor,UNUWIDERGRD_2025_General.xlsx,GRD User Guide 2025 advises most users to rely on revenue and tax figures exclusive of social contributions for completeness and comparability. The canonical total-revenue field also excludes grants for domestic fiscal-capacity use; all total-revenue variants from the file are retained.,v1.0.1-official-4c,v1.0.1-official-4c-anchors-20260709T110732Z-baseline-official-v2-author-approved,2026-07-09T11:07:42.578023+00:00,materialize_official_v2_author_signature.py
CHL,2021,general_government,0.25715551961602673,0.21138667779632722,0.22313579298831385,0.2115472446198325,0.22330529190666099,0.011758047286828499,0.26090307464747,-0.00016056682350526486,-0.00016949891834713848,-0.0037475550314432504,like_for_like_excluding_social_contributions: GRD canonical tax excludes social contributions; OECD comparison subtracts OECD social_contrib_gdp from total tax.,contrast_only_not_baseline_anchor,UNUWIDERGRD_2025_General.xlsx,GRD User Guide 2025 advises most users to rely on revenue and tax figures exclusive of social contributions for completeness and comparability. The canonical total-revenue field also excludes grants for domestic fiscal-capacity use; all total-revenue variants from the file are retained.,v1.0.1-official-4c,v1.0.1-official-4c-anchors-20260709T110732Z-baseline-official-v2-author-approved,2026-07-09T11:07:42.578023+00:00,materialize_official_v2_author_signature.py
CHL,2022,general_government,0.2782888305534496,0.2286429719484458,0.23844365428354813,0.2292814150628731,0.239109469307648,0.00982805424477489,0.28085085664301,-0.0006384431144273173,-0.000665815024099875,-0.0025620260895604097,like_for_like_excluding_social_contributions: GRD canonical tax excludes social contributions; OECD comparison subtracts OECD social_contrib_gdp from total tax.,contrast_only_not_baseline_anchor,UNUWIDERGRD_2025_General.xlsx,GRD User Guide 2025 advises most users to rely on revenue and tax figures exclusive of social contributions for completeness and comparability. The canonical total-revenue field also excludes grants for domestic fiscal-capacity use; all total-revenue variants from the file are retained.,v1.0.1-official-4c,v1.0.1-official-4c-anchors-20260709T110732Z-baseline-official-v2-author-approved,2026-07-09T11:07:42.578023+00:00,materialize_official_v2_author_signature.py
CHL,2023,general_government,,0.19448171692089394,0.20612407236608726,0.1946800729356989,0.206324179130334,0.0116441061946351,0.25122697922888,-0.0001983560148049457,-0.0002001067642467269,,like_for_like_excluding_social_contributions: GRD canonical tax excludes social contributions; OECD comparison subtracts OECD social_contrib_gdp from total tax.,contrast_only_not_baseline_anchor,UNUWIDERGRD_2025_General.xlsx,GRD User Guide 2025 advises most users to rely on revenue and tax figures exclusive of social contributions for completeness and comparability. The canonical total-revenue field also excludes grants for domestic fiscal-capacity use; all total-revenue variants from the file are retained.,v1.0.1-official-4c,v1.0.1-official-4c-anchors-20260709T110732Z-baseline-official-v2-author-approved,2026-07-09T11:07:42.578023+00:00,materialize_official_v2_author_signature.py
COL,2000,general_government,,,0.14595758803666184,0.1312583498865479,0.156828727901967,0.0255703780154191,0.23642232377138,,-0.010871139865305163,,like_for_like_excluding_social_contributions: GRD canonical tax excludes social contributions; OECD comparison subtracts OECD social_contrib_gdp from total tax.,contrast_only_not_baseline_anchor,UNUWIDERGRD_2025_General.xlsx,GRD User Guide 2025 advises most users to rely on revenue and tax figures exclusive of social contributions for completeness and comparability. The canonical total-revenue field also excludes grants for domestic fiscal-capacity use; all total-revenue variants from the file are retained.,v1.0.1-official-4c,v1.0.1-official-4c-anchors-20260709T110732Z-baseline-official-v2-author-approved,2026-07-09T11:07:42.578023+00:00,materialize_official_v2_author_signature.py
COL,2001,general_government,,,0.16126204008908687,0.14795404855156022,0.173280615655296,0.025326567103735802,0.24798005206094,,-0.012018575566209139,,like_for_like_excluding_social_contributions: GRD canonical tax excludes social contributions; OECD comparison subtracts OECD social_contrib_gdp from total tax.,contrast_only_not_baseline_anchor,UNUWIDERGRD_2025_General.xlsx,GRD User Guide 2025 advises most users to rely on revenue and tax figures exclusive of social contributions for completeness and comparability. The canonical total-revenue field also excludes grants for domestic fiscal-capacity use; all total-revenue variants from the file are retained.,v1.0.1-official-4c,v1.0.1-official-4c-anchors-20260709T110732Z-baseline-official-v2-author-approved,2026-07-09T11:07:42.578023+00:00,materialize_official_v2_author_signature.py
COL,2002,general_government,,,0.1602239212469237,0.1484802242914865,0.17153128116692598,0.0230510568754395,0.24621741411926,,-0.011307359920002286,,like_for_like_excluding_social_contributions: GRD canonical tax excludes social contributions; OECD comparison subtracts OECD social_contrib_gdp from total tax.,contrast_only_not_baseline_anchor,UNUWIDERGRD_2025_General.xlsx,GRD User Guide 2025 advises most users to rely on revenue and tax figures exclusive of social contributions for completeness and comparability. The canonical total-revenue field also excludes grants for domestic fiscal-capacity use; all total-revenue variants from the file are retained.,v1.0.1-official-4c,v1.0.1-official-4c-anchors-20260709T110732Z-baseline-official-v2-author-approved,2026-07-09T11:07:42.578023+00:00,materialize_official_v2_author_signature.py
COL,2003,general_government,,,0.16461328038418913,0.1517737793372512,0.172915016635671,0.0211412372984198,0.253118461392,,-0.008301736251481867,,like_for_like_excluding_social_contributions: GRD canonical tax excludes social contributions; OECD comparison subtracts OECD social_contrib_gdp from total tax.,contrast_only_not_baseline_anchor,UNUWIDERGRD_2025_General.xlsx,GRD User Guide 2025 advises most users to rely on revenue and tax figures exclusive of social contributions for completeness and comparability. The canonical total-revenue field also excludes grants for domestic fiscal-capacity use; all total-revenue variants from the file are retained.,v1.0.1-official-4c,v1.0.1-official-4c-anchors-20260709T110732Z-baseline-official-v2-author-approved,2026-07-09T11:07:42.578023+00:00,materialize_official_v2_author_signature.py
COL,2004,general_government,,,0.16430359594638771,0.15583564183907112,0.17968607048700602,0.0238504286479349,0.25320339981139,,-0.015382474540618307,,like_for_like_excluding_social_contributions: GRD canonical tax excludes social contributions; OECD comparison subtracts OECD social_contrib_gdp from total tax.,contrast_only_not_baseline_anchor,UNUWIDERGRD_2025_General.xlsx,GRD User Guide 2025 advises most users to rely on revenue and tax figures exclusive of social contributions for completeness and comparability. The canonical total-revenue field also excludes grants for domestic fiscal-capacity use; all total-revenue variants from the file are retained.,v1.0.1-official-4c,v1.0.1-official-4c-anchors-20260709T110732Z-baseline-official-v2-author-approved,2026-07-09T11:07:42.578023+00:00,materialize_official_v2_author_signature.py
COL,2005,general_government,,,,0.1593759819302398,0.182588925550453,0.0232129436202132,0.25868559962026,,,,like_for_like_excluding_social_contributions: GRD canonical tax excludes social contributions; OECD comparison subtracts OECD social_contrib_gdp from total tax.,contrast_only_not_baseline_anchor,UNUWIDERGRD_2025_General.xlsx,GRD User Guide 2025 advises most users to rely on revenue and tax figures exclusive of social contributions for completeness and comparability. The canonical total-revenue field also excludes grants for domestic fiscal-capacity use; all total-revenue variants from the file are retained.,v1.0.1-official-4c,v1.0.1-official-4c-anchors-20260709T110732Z-baseline-official-v2-author-approved,2026-07-09T11:07:42.578023+00:00,materialize_official_v2_author_signature.py
COL,2006,general_government,,,0.19339622641509435,0.1702666716982974,0.192672097217946,0.0224054255196486,0.27448512670328,,0.0007241291971483432,,like_for_like_excluding_social_contributions: GRD canonical tax excludes social contributions; OECD comparison subtracts OECD social_contrib_gdp from total tax.,contrast_only_not_baseline_anchor,UNUWIDERGRD_2025_General.xlsx,GRD User Guide 2025 advises most users to rely on revenue and tax figures exclusive of social contributions for completeness and comparability. The canonical total-revenue field also excludes grants for domestic fiscal-capacity use; all total-revenue variants from the file are retained.,v1.0.1-official-4c,v1.0.1-official-4c-anchors-20260709T110732Z-baseline-official-v2-author-approved,2026-07-09T11:07:42.578023+00:00,materialize_official_v2_author_signature.py
COL,2007,general_government,,,0.19498249708284715,0.1703674096540586,0.192990196732886,0.0226227870788274,0.27342456233079004,,0.001992300349961146,,like_for_like_excluding_social_contributions: GRD canonical tax excludes social contributions; OECD comparison subtracts OECD social_contrib_gdp from total tax.,contrast_only_not_baseline_anchor,UNUWIDERGRD_2025_General.xlsx,GRD User Guide 2025 advises most users to rely on revenue and tax figures exclusive of social contributions for completeness and comparability. The canonical total-revenue field also excludes grants for domestic fiscal-capacity use; all total-revenue variants from the file are retained.,v1.0.1-official-4c,v1.0.1-official-4c-anchors-20260709T110732Z-baseline-official-v2-author-approved,2026-07-09T11:07:42.578023+00:00,materialize_official_v2_author_signature.py
COL,2008,general_government,,,0.19425304238355015,0.1701086598418433,0.19031833177828703,0.0202096719364437,0.28470670227537,,0.003934710605263125,,like_for_like_excluding_social_contributions: GRD canonical tax excludes social contributions; OECD comparison subtracts OECD social_contrib_gdp from total tax.,contrast_only_not_baseline_anchor,UNUWIDERGRD_2025_General.xlsx,GRD User Guide 2025 advises most users to rely on revenue and tax figures exclusive of social contributions for completeness and comparability. The canonical total-revenue field also excludes grants for domestic fiscal-capacity use; all total-revenue variants from the file are retained.,v1.0.1-official-4c,v1.0.1-official-4c-anchors-20260709T110732Z-baseline-official-v2-author-approved,2026-07-09T11:07:42.578023+00:00,materialize_official_v2_author_signature.py
COL,2009,general_government,,,0.1851555023923445,0.1675614056673827,0.188168032906155,0.0206066272387723,0.28240169675256,,-0.0030125305138105074,,like_for_like_excluding_social_contributions: GRD canonical tax excludes social contributions; OECD comparison subtracts OECD social_contrib_gdp from total tax.,contrast_only_not_baseline_anchor,UNUWIDERGRD_2025_General.xlsx,GRD User Guide 2025 advises most users to rely on revenue and tax figures exclusive of social contributions for completeness and comparability. The canonical total-revenue field also excludes grants for domestic fiscal-capacity use; all total-revenue variants from the file are retained.,v1.0.1-official-4c,v1.0.1-official-4c-anchors-20260709T110732Z-baseline-official-v2-author-approved,2026-07-09T11:07:42.578023+00:00,materialize_official_v2_author_signature.py
COL,2010,general_government,,,0.18691417018930342,0.1598670179598664,0.180964112618882,0.0210970946590156,0.27047402715898,,0.005950057570421413,,like_for_like_excluding_social_contributions: GRD canonical tax excludes social contributions; OECD comparison subtracts OECD social_contrib_gdp from total tax.,contrast_only_not_baseline_anchor,UNUWIDERGRD_2025_General.xlsx,GRD User Guide 2025 advises most users to rely on revenue and tax figures exclusive of social contributions for completeness and comparability. The canonical total-revenue field also excludes grants for domestic fiscal-capacity use; all total-revenue variants from the file are retained.,v1.0.1-official-4c,v1.0.1-official-4c-anchors-20260709T110732Z-baseline-official-v2-author-approved,2026-07-09T11:07:42.578023+00:00,materialize_official_v2_author_signature.py
COL,2011,general_government,,,0.19176090468497578,0.172673292222467,0.18931860327962,0.016645311057153,0.28240342252282,,0.0024423014053557845,,like_for_like_excluding_social_contributions: GRD canonical tax excludes social contributions; OECD comparison subtracts OECD social_contrib_gdp from total tax.,contrast_only_not_baseline_anchor,UNUWIDERGRD_2025_General.xlsx,GRD User Guide 2025 advises most users to rely on revenue and tax figures exclusive of social contributions for completeness and comparability. The canonical total-revenue field also excludes grants for domestic fiscal-capacity use; all total-revenue variants from the file are retained.,v1.0.1-official-4c,v1.0.1-official-4c-anchors-20260709T110732Z-baseline-official-v2-author-approved,2026-07-09T11:07:42.578023+00:00,materialize_official_v2_author_signature.py
COL,2012,general_government,,,0.1996999249812453,0.17947750685108188,0.19720533764082,0.017727830789738098,0.29247337110078,,0.0024945873404253194,,like_for_like_excluding_social_contributions: GRD canonical tax excludes social contributions; OECD comparison subtracts OECD social_contrib_gdp from total tax.,contrast_only_not_baseline_anchor,UNUWIDERGRD_2025_General.xlsx,GRD User Guide 2025 advises most users to rely on revenue and tax figures exclusive of social contributions for completeness and comparability. The canonical total-revenue field also excludes grants for domestic fiscal-capacity use; all total-revenue variants from the file are retained.,v1.0.1-official-4c,v1.0.1-official-4c-anchors-20260709T110732Z-baseline-official-v2-author-approved,2026-07-09T11:07:42.578023+00:00,materialize_official_v2_author_signature.py
COL,2013,general_government,,,0.19700182047332307,0.1769119391813554,0.200220451491878,0.0233085123105226,0.28977618802016,,-0.003218631018554935,,like_for_like_excluding_social_contributions: GRD canonical tax excludes social contributions; OECD comparison subtracts OECD social_contrib_gdp from total tax.,contrast_only_not_baseline_anchor,UNUWIDERGRD_2025_General.xlsx,GRD User Guide 2025 advises most users to rely on revenue and tax figures exclusive of social contributions for completeness and comparability. The canonical total-revenue field also excludes grants for domestic fiscal-capacity use; all total-revenue variants from the file are retained.,v1.0.1-official-4c,v1.0.1-official-4c-anchors-20260709T110732Z-baseline-official-v2-author-approved,2026-07-09T11:07:42.578023+00:00,materialize_official_v2_author_signature.py
COL,2014,general_government,,,0.19748708874033294,0.1775254814859475,0.19550379541122498,0.0179783139252775,0.29517126854378,,0.00198329332910796,,like_for_like_excluding_social_contributions: GRD canonical tax excludes social contributions; OECD comparison subtracts OECD social_contrib_gdp from total tax.,contrast_only_not_baseline_anchor,UNUWIDERGRD_2025_General.xlsx,GRD User Guide 2025 advises most users to rely on revenue and tax figures exclusive of social contributions for completeness and comparability. The canonical total-revenue field also excludes grants for domestic fiscal-capacity use; all total-revenue variants from the file are retained.,v1.0.1-official-4c,v1.0.1-official-4c-anchors-20260709T110732Z-baseline-official-v2-author-approved,2026-07-09T11:07:42.578023+00:00,materialize_official_v2_author_signature.py
COL,2015,general_government,,,0.19965117435068974,0.18214740027688142,0.19902980696015402,0.0168824066832726,0.27757127825676003,,0.0006213673905357264,,like_for_like_excluding_social_contributions: GRD canonical tax excludes social contributions; OECD comparison subtracts OECD social_contrib_gdp from total tax.,contrast_only_not_baseline_anchor,UNUWIDERGRD_2025_General.xlsx,GRD User Guide 2025 advises most users to rely on revenue and tax figures exclusive of social contributions for completeness and comparability. The canonical total-revenue field also excludes grants for domestic fiscal-capacity use; all total-revenue variants from the file are retained.,v1.0.1-official-4c,v1.0.1-official-4c-anchors-20260709T110732Z-baseline-official-v2-author-approved,2026-07-09T11:07:42.578023+00:00,materialize_official_v2_author_signature.py
COL,2016,general_government,,,0.19211345218800646,0.17291050863863083,0.19078888047803702,0.0178783718394062,0.27719668486621,,0.001324571709969441,,like_for_like_excluding_social_contributions: GRD canonical tax excludes social contributions; OECD comparison subtracts OECD social_contrib_gdp from total tax.,contrast_only_not_baseline_anchor,UNUWIDERGRD_2025_General.xlsx,GRD User Guide 2025 advises most users to rely on revenue and tax figures exclusive of social contributions for completeness and comparability. The canonical total-revenue field also excludes grants for domestic fiscal-capacity use; all total-revenue variants from the file are retained.,v1.0.1-official-4c,v1.0.1-official-4c-anchors-20260709T110732Z-baseline-official-v2-author-approved,2026-07-09T11:07:42.578023+00:00,materialize_official_v2_author_signature.py
COL,2017,general_government,,,0.188,0.1753277528395105,0.189833055836751,0.0145053029972405,0.26824972175386,,-0.001833055836751002,,like_for_like_excluding_social_contributions: GRD canonical tax excludes social contributions; OECD comparison subtracts OECD social_contrib_gdp from total tax.,contrast_only_not_baseline_anchor,UNUWIDERGRD_2025_General.xlsx,GRD User Guide 2025 advises most users to rely on revenue and tax figures exclusive of social contributions for completeness and comparability. The canonical total-revenue field also excludes grants for domestic fiscal-capacity use; all total-revenue variants from the file are retained.,v1.0.1-official-4c,v1.0.1-official-4c-anchors-20260709T110732Z-baseline-official-v2-author-approved,2026-07-09T11:07:42.578023+00:00,materialize_official_v2_author_signature.py
COL,2018,general_government,,,0.19755618546264425,0.17423509746701638,0.192651998801821,0.0184169013348046,0.29990242298186,,0.004904186660823262,,like_for_like_excluding_social_contributions: GRD canonical tax excludes social contributions; OECD comparison subtracts OECD social_contrib_gdp from total tax.,contrast_only_not_baseline_anchor,UNUWIDERGRD_2025_General.xlsx,GRD User Guide 2025 advises most users to rely on revenue and tax figures exclusive of social contributions for completeness and comparability. The canonical total-revenue field also excludes grants for domestic fiscal-capacity use; all total-revenue variants from the file are retained.,v1.0.1-official-4c,v1.0.1-official-4c-anchors-20260709T110732Z-baseline-official-v2-author-approved,2026-07-09T11:07:42.578023+00:00,materialize_official_v2_author_signature.py
COL,2019,general_government,,,0.18844198113207547,0.1784752640527802,0.196923711078421,0.0184484470256408,0.29397056421942996,,-0.008481729946345523,,like_for_like_excluding_social_contributions: GRD canonical tax excludes social contributions; OECD comparison subtracts OECD social_contrib_gdp from total tax.,contrast_only_not_baseline_anchor,UNUWIDERGRD_2025_General.xlsx,GRD User Guide 2025 advises most users to rely on revenue and tax figures exclusive of social contributions for completeness and comparability. The canonical total-revenue field also excludes grants for domestic fiscal-capacity use; all total-revenue variants from the file are retained.,v1.0.1-official-4c,v1.0.1-official-4c-anchors-20260709T110732Z-baseline-official-v2-author-approved,2026-07-09T11:07:42.578023+00:00,materialize_official_v2_author_signature.py
COL,2020,general_government,,,0.19175162744116175,0.1693080523333862,0.187725693720429,0.0184176413870428,0.26588116220092,,0.004025933720732761,,like_for_like_excluding_social_contributions: GRD canonical tax excludes social contributions; OECD comparison subtracts OECD social_contrib_gdp from total tax.,contrast_only_not_baseline_anchor,UNUWIDERGRD_2025_General.xlsx,GRD User Guide 2025 advises most users to rely on revenue and tax figures exclusive of social contributions for completeness and comparability. The canonical total-revenue field also excludes grants for domestic fiscal-capacity use; all total-revenue variants from the file are retained.,v1.0.1-official-4c,v1.0.1-official-4c-anchors-20260709T110732Z-baseline-official-v2-author-approved,2026-07-09T11:07:42.578023+00:00,materialize_official_v2_author_signature.py
COL,2021,general_government,,,0.213,0.1737606496038957,0.191933853860614,0.0181732042567183,0.27198069120587,,0.021066146139385983,,like_for_like_excluding_social_contributions: GRD canonical tax excludes social contributions; OECD comparison subtracts OECD social_contrib_gdp from total tax.,contrast_only_not_baseline_anchor,UNUWIDERGRD_2025_General.xlsx,GRD User Guide 2025 advises most users to rely on revenue and tax figures exclusive of social contributions for completeness and comparability. The canonical total-revenue field also excludes grants for domestic fiscal-capacity use; all total-revenue variants from the file are retained.,v1.0.1-official-4c,v1.0.1-official-4c-anchors-20260709T110732Z-baseline-official-v2-author-approved,2026-07-09T11:07:42.578023+00:00,materialize_official_v2_author_signature.py
COL,2022,general_government,,,0.22100000000000003,0.1800948747622822,0.196347257078858,0.0162523823165758,0.27727355990026,,0.02465274292114203,,like_for_like_excluding_social_contributions: GRD canonical tax excludes social contributions; OECD comparison subtracts OECD social_contrib_gdp from total tax.,contrast_only_not_baseline_anchor,UNUWIDERGRD_2025_General.xlsx,GRD User Guide 2025 advises most users to rely on revenue and tax figures exclusive of social contributions for completeness and comparability. The canonical total-revenue field also excludes grants for domestic fiscal-capacity use; all total-revenue variants from the file are retained.,v1.0.1-official-4c,v1.0.1-official-4c-anchors-20260709T110732Z-baseline-official-v2-author-approved,2026-07-09T11:07:42.578023+00:00,materialize_official_v2_author_signature.py
COL,2023,general_government,,,0.25216030534351147,0.20473881194271748,0.220754743140653,0.0160159311979355,0.32170876746366,,0.03140556220285848,,like_for_like_excluding_social_contributions: GRD canonical tax excludes social contributions; OECD comparison subtracts OECD social_contrib_gdp from total tax.,contrast_only_not_baseline_anchor,UNUWIDERGRD_2025_General.xlsx,GRD User Guide 2025 advises most users to rely on revenue and tax figures exclusive of social contributions for completeness and comparability. The canonical total-revenue field also excludes grants for domestic fiscal-capacity use; all total-revenue variants from the file are retained.,v1.0.1-official-4c,v1.0.1-official-4c-anchors-20260709T110732Z-baseline-official-v2-author-approved,2026-07-09T11:07:42.578023+00:00,materialize_official_v2_author_signature.py
MEX,2000,general_government,,0.09491536389968709,0.11875765869072845,0.0896434836643659,0.109342891261341,0.0196994075969751,0.16701285995366,0.005271880235321186,0.009414767429387447,,like_for_like_excluding_social_contributions: GRD canonical tax excludes social contributions; OECD comparison subtracts OECD social_contrib_gdp from total tax.,contrast_only_not_baseline_anchor,UNUWIDERGRD_2025_General.xlsx,GRD User Guide 2025 advises most users to rely on revenue and tax figures exclusive of social contributions for completeness and comparability. The canonical total-revenue field also excludes grants for domestic fiscal-capacity use; all total-revenue variants from the file are retained.,v1.0.1-official-4c,v1.0.1-official-4c-anchors-20260709T110732Z-baseline-official-v2-author-approved,2026-07-09T11:07:42.578023+00:00,materialize_official_v2_author_signature.py
MEX,2001,general_government,,0.10052277162036642,0.12543897103551543,0.09534380057707931,0.11591207428670901,0.0205682737096297,0.16973732283741,0.0051789710432871144,0.009526896748806427,,like_for_like_excluding_social_contributions: GRD canonical tax excludes social contributions; OECD comparison subtracts OECD social_contrib_gdp from total tax.,contrast_only_not_baseline_anchor,UNUWIDERGRD_2025_General.xlsx,GRD User Guide 2025 advises most users to rely on revenue and tax figures exclusive of social contributions for completeness and comparability. The canonical total-revenue field also excludes grants for domestic fiscal-capacity use; all total-revenue variants from the file are retained.,v1.0.1-official-4c,v1.0.1-official-4c-anchors-20260709T110732Z-baseline-official-v2-author-approved,2026-07-09T11:07:42.578023+00:00,materialize_official_v2_author_signature.py
MEX,2002,general_government,,0.1043621275721605,0.13026650772801102,0.09925386336408351,0.12009855728329401,0.0208446939192105,0.17586170042552,0.0051082642080769874,0.010167950444717008,,like_for_like_excluding_social_contributions: GRD canonical tax excludes social contributions; OECD comparison subtracts OECD social_contrib_gdp from total tax.,contrast_only_not_baseline_anchor,UNUWIDERGRD_2025_General.xlsx,GRD User Guide 2025 advises most users to rely on revenue and tax figures exclusive of social contributions for completeness and comparability. The canonical total-revenue field also excludes grants for domestic fiscal-capacity use; all total-revenue variants from the file are retained.,v1.0.1-official-4c,v1.0.1-official-4c-anchors-20260709T110732Z-baseline-official-v2-author-approved,2026-07-09T11:07:42.578023+00:00,materialize_official_v2_author_signature.py
MEX,2003,general_government,0.1688237473595662,0.09927188831378239,0.12071277213857007,0.09927188489640221,0.12071276876334601,0.021440883866943802,0.19261130574235,3.417380184389529e-09,3.375224058577153e-09,-0.02378755838278379,like_for_like_excluding_social_contributions: GRD canonical tax excludes social contributions; OECD comparison subtracts OECD social_contrib_gdp from total tax.,contrast_only_not_baseline_anchor,UNUWIDERGRD_2025_General.xlsx,GRD User Guide 2025 advises most users to rely on revenue and tax figures exclusive of social contributions for completeness and comparability. The canonical total-revenue field also excludes grants for domestic fiscal-capacity use; all total-revenue variants from the file are retained.,v1.0.1-official-4c,v1.0.1-official-4c-anchors-20260709T110732Z-baseline-official-v2-author-approved,2026-07-09T11:07:42.578023+00:00,materialize_official_v2_author_signature.py
MEX,2004,general_government,0.17318924564167384,0.08950703176444764,0.11033847512918464,0.0895070348697905,0.11033847852733,0.0208314436575395,0.19112973886655,-3.1053428578564635e-09,-3.398145362321081e-09,-0.017940493224876147,like_for_like_excluding_social_contributions: GRD canonical tax excludes social contributions; OECD comparison subtracts OECD social_contrib_gdp from total tax.,contrast_only_not_baseline_anchor,UNUWIDERGRD_2025_General.xlsx,GRD User Guide 2025 advises most users to rely on revenue and tax figures exclusive of social contributions for completeness and comparability. The canonical total-revenue field also excludes grants for domestic fiscal-capacity use; all total-revenue variants from the file are retained.,v1.0.1-official-4c,v1.0.1-official-4c-anchors-20260709T110732Z-baseline-official-v2-author-approved,2026-07-09T11:07:42.578023+00:00,materialize_official_v2_author_signature.py
MEX,2005,general_government,0.17600320929119256,0.08799660366380692,0.10865258196853694,0.08799661303617029,0.10865258961932399,0.020655976583153702,0.19722058427040998,-9.372363371507042e-09,-7.650787045565544e-09,-0.021217374979217413,like_for_like_excluding_social_contributions: GRD canonical tax excludes social contributions; OECD comparison subtracts OECD social_contrib_gdp from total tax.,contrast_only_not_baseline_anchor,UNUWIDERGRD_2025_General.xlsx,GRD User Guide 2025 advises most users to rely on revenue and tax figures exclusive of social contributions for completeness and comparability. The canonical total-revenue field also excludes grants for domestic fiscal-capacity use; all total-revenue variants from the file are retained.,v1.0.1-official-4c,v1.0.1-official-4c-anchors-20260709T110732Z-baseline-official-v2-author-approved,2026-07-09T11:07:42.578023+00:00,materialize_official_v2_author_signature.py
MEX,2006,general_government,0.18275089964214403,0.09143660799042025,0.11077766634808486,0.0914366048701663,0.110777662381117,0.0193410575109507,0.20350678961623,3.1202539441110844e-09,3.966967865309812e-09,-0.020755889974085978,like_for_like_excluding_social_contributions: GRD canonical tax excludes social contributions; OECD comparison subtracts OECD social_contrib_gdp from total tax.,contrast_only_not_baseline_anchor,UNUWIDERGRD_2025_General.xlsx,GRD User Guide 2025 advises most users to rely on revenue and tax figures exclusive of social contributions for completeness and comparability. The canonical total-revenue field also excludes grants for domestic fiscal-capacity use; all total-revenue variants from the file are retained.,v1.0.1-official-4c,v1.0.1-official-4c-anchors-20260709T110732Z-baseline-official-v2-author-approved,2026-07-09T11:07:42.578023+00:00,materialize_official_v2_author_signature.py
MEX,2007,general_government,0.18125077199225384,0.09507758024091637,0.11472824876545572,0.0950775796935341,0.114728244891023,0.019650665197488898,0.21062675747678,5.473822645152282e-10,3.874432719097598e-09,-0.029375985484526163,like_for_like_excluding_social_contributions: GRD canonical tax excludes social contributions; OECD comparison subtracts OECD social_contrib_gdp from total tax.,contrast_only_not_baseline_anchor,UNUWIDERGRD_2025_General.xlsx,GRD User Guide 2025 advises most users to rely on revenue and tax figures exclusive of social contributions for completeness and comparability. The canonical total-revenue field also excludes grants for domestic fiscal-capacity use; all total-revenue variants from the file are retained.,v1.0.1-official-4c,v1.0.1-official-4c-anchors-20260709T110732Z-baseline-official-v2-author-approved,2026-07-09T11:07:42.578023+00:00,materialize_official_v2_author_signature.py
MEX,2008,general_government,0.2123442455541992,0.10165119659931832,0.1204002572448547,0.10165119431695131,0.12040025290869201,0.0187490585917407,0.25820675950474004,2.2823670037253052e-09,4.336162692797352e-09,-0.045862513950540834,like_for_like_excluding_social_contributions: GRD canonical tax excludes social contributions; OECD comparison subtracts OECD social_contrib_gdp from total tax.,contrast_only_not_baseline_anchor,UNUWIDERGRD_2025_General.xlsx,GRD User Guide 2025 advises most users to rely on revenue and tax figures exclusive of social contributions for completeness and comparability. The canonical total-revenue field also excludes grants for domestic fiscal-capacity use; all total-revenue variants from the file are retained.,v1.0.1-official-4c,v1.0.1-official-4c-anchors-20260709T110732Z-baseline-official-v2-author-approved,2026-07-09T11:07:42.578023+00:00,materialize_official_v2_author_signature.py
MEX,2009,general_government,0.19442330368461566,0.09840718981501309,0.11893907092239636,0.0984071885499658,0.118939070249036,0.0205318816990702,0.2258119795727,1.2650472891451159e-09,6.733603674646815e-10,-0.03138867588808433,like_for_like_excluding_social_contributions: GRD canonical tax excludes social contributions; OECD comparison subtracts OECD social_contrib_gdp from total tax.,contrast_only_not_baseline_anchor,UNUWIDERGRD_2025_General.xlsx,GRD User Guide 2025 advises most users to rely on revenue and tax figures exclusive of social contributions for completeness and comparability. The canonical total-revenue field also excludes grants for domestic fiscal-capacity use; all total-revenue variants from the file are retained.,v1.0.1-official-4c,v1.0.1-official-4c-anchors-20260709T110732Z-baseline-official-v2-author-approved,2026-07-09T11:07:42.578023+00:00,materialize_official_v2_author_signature.py
MEX,2010,general_government,0.19688305179998783,0.10300461227864821,0.12286830217315822,0.10300461771159351,0.12286831002654701,0.0198636923149535,0.22678321304363,-5.432945301975245e-09,-7.8533887865051e-09,-0.02990016124364217,like_for_like_excluding_social_contributions: GRD canonical tax excludes social contributions; OECD comparison subtracts OECD social_contrib_gdp from total tax.,contrast_only_not_baseline_anchor,UNUWIDERGRD_2025_General.xlsx,GRD User Guide 2025 advises most users to rely on revenue and tax figures exclusive of social contributions for completeness and comparability. The canonical total-revenue field also excludes grants for domestic fiscal-capacity use; all total-revenue variants from the file are retained.,v1.0.1-official-4c,v1.0.1-official-4c-anchors-20260709T110732Z-baseline-official-v2-author-approved,2026-07-09T11:07:42.578023+00:00,materialize_official_v2_author_signature.py
MEX,2011,general_government,0.20692133140412472,0.10281871025829298,0.12262838363874443,0.102818716830782,0.122628386496683,0.019809669665901,0.23417943939432,-6.572489025247208e-09,-2.8579385802363078e-09,-0.02725810799019529,like_for_like_excluding_social_contributions: GRD canonical tax excludes social contributions; OECD comparison subtracts OECD social_contrib_gdp from total tax.,contrast_only_not_baseline_anchor,UNUWIDERGRD_2025_General.xlsx,GRD User Guide 2025 advises most users to rely on revenue and tax figures exclusive of social contributions for completeness and comparability. The canonical total-revenue field also excludes grants for domestic fiscal-capacity use; all total-revenue variants from the file are retained.,v1.0.1-official-4c,v1.0.1-official-4c-anchors-20260709T110732Z-baseline-official-v2-author-approved,2026-07-09T11:07:42.578023+00:00,materialize_official_v2_author_signature.py
MEX,2012,general_government,0.20909146485923877,0.10106393115569827,0.1210484899260239,0.10106392615697041,0.121048483421916,0.0199845572649456,0.23433699194117,4.998727862193242e-09,6.504107905036527e-09,-0.02524552708193123,like_for_like_excluding_social_contributions: GRD canonical tax excludes social contributions; OECD comparison subtracts OECD social_contrib_gdp from total tax.,contrast_only_not_baseline_anchor,UNUWIDERGRD_2025_General.xlsx,GRD User Guide 2025 advises most users to rely on revenue and tax figures exclusive of social contributions for completeness and comparability. The canonical total-revenue field also excludes grants for domestic fiscal-capacity use; all total-revenue variants from the file are retained.,v1.0.1-official-4c,v1.0.1-official-4c-anchors-20260709T110732Z-baseline-official-v2-author-approved,2026-07-09T11:07:42.578023+00:00,materialize_official_v2_author_signature.py
MEX,2013,general_government,0.2138051694095189,0.10696633438728287,0.12772796883521217,0.10696633310930939,0.127727967946216,0.0207616348369066,0.23109448222087,1.2779734770429485e-09,8.889961822244885e-10,-0.0172893128113511,like_for_like_excluding_social_contributions: GRD canonical tax excludes social contributions; OECD comparison subtracts OECD social_contrib_gdp from total tax.,contrast_only_not_baseline_anchor,UNUWIDERGRD_2025_General.xlsx,GRD User Guide 2025 advises most users to rely on revenue and tax figures exclusive of social contributions for completeness and comparability. The canonical total-revenue field also excludes grants for domestic fiscal-capacity use; all total-revenue variants from the file are retained.,v1.0.1-official-4c,v1.0.1-official-4c-anchors-20260709T110732Z-baseline-official-v2-author-approved,2026-07-09T11:07:42.578023+00:00,materialize_official_v2_author_signature.py
MEX,2014,general_government,0.2104351122976178,0.11114482933870544,0.13200604091455945,0.11114482699007351,0.13200603927517102,0.0208612122850975,0.22578121521013,2.348631927828748e-09,1.6393884305632156e-09,-0.015346102912512205,like_for_like_excluding_social_contributions: GRD canonical tax excludes social contributions; OECD comparison subtracts OECD social_contrib_gdp from total tax.,contrast_only_not_baseline_anchor,UNUWIDERGRD_2025_General.xlsx,GRD User Guide 2025 advises most users to rely on revenue and tax figures exclusive of social contributions for completeness and comparability. The canonical total-revenue field also excludes grants for domestic fiscal-capacity use; all total-revenue variants from the file are retained.,v1.0.1-official-4c,v1.0.1-official-4c-anchors-20260709T110732Z-baseline-official-v2-author-approved,2026-07-09T11:07:42.578023+00:00,materialize_official_v2_author_signature.py
MEX,2015,general_government,0.20229954159464944,0.13231484690915077,0.1535981790680192,0.1323148522626113,0.153598184083825,0.0212833318212137,0.22698584121149998,-5.353460535983956e-09,-5.015805798480599e-09,-0.024686299616850538,like_for_like_excluding_social_contributions: GRD canonical tax excludes social contributions; OECD comparison subtracts OECD social_contrib_gdp from total tax.,contrast_only_not_baseline_anchor,UNUWIDERGRD_2025_General.xlsx,GRD User Guide 2025 advises most users to rely on revenue and tax figures exclusive of social contributions for completeness and comparability. The canonical total-revenue field also excludes grants for domestic fiscal-capacity use; all total-revenue variants from the file are retained.,v1.0.1-official-4c,v1.0.1-official-4c-anchors-20260709T110732Z-baseline-official-v2-author-approved,2026-07-09T11:07:42.578023+00:00,materialize_official_v2_author_signature.py
MEX,2016,general_government,0.210487676642633,0.14010041577084137,0.16105530904954918,0.1401004210107225,0.161055318116711,0.020954897105988503,0.23841111867853002,-5.239881140095548e-09,-9.067161826914472e-09,-0.027923442035897028,like_for_like_excluding_social_contributions: GRD canonical tax excludes social contributions; OECD comparison subtracts OECD social_contrib_gdp from total tax.,contrast_only_not_baseline_anchor,UNUWIDERGRD_2025_General.xlsx,GRD User Guide 2025 advises most users to rely on revenue and tax figures exclusive of social contributions for completeness and comparability. The canonical total-revenue field also excludes grants for domestic fiscal-capacity use; all total-revenue variants from the file are retained.,v1.0.1-official-4c,v1.0.1-official-4c-anchors-20260709T110732Z-baseline-official-v2-author-approved,2026-07-09T11:07:42.578023+00:00,materialize_official_v2_author_signature.py
MEX,2017,general_government,0.208541004676474,0.13575543536379897,0.15650511998246378,0.1357554397530287,0.15650511822936,0.020749678476331298,0.23984132267382002,-4.389229729673261e-09,1.7531037732609889e-09,-0.03130031799734603,like_for_like_excluding_social_contributions: GRD canonical tax excludes social contributions; OECD comparison subtracts OECD social_contrib_gdp from total tax.,contrast_only_not_baseline_anchor,UNUWIDERGRD_2025_General.xlsx,GRD User Guide 2025 advises most users to rely on revenue and tax figures exclusive of social contributions for completeness and comparability. The canonical total-revenue field also excludes grants for domestic fiscal-capacity use; all total-revenue variants from the file are retained.,v1.0.1-official-4c,v1.0.1-official-4c-anchors-20260709T110732Z-baseline-official-v2-author-approved,2026-07-09T11:07:42.578023+00:00,materialize_official_v2_author_signature.py
MEX,2018,general_government,0.19631852603150063,0.13603199903047028,0.1570889415291684,0.13603199974004018,0.157088943005581,0.0210569432655408,0.22831150123991,-7.095699028347724e-10,-1.476412575529551e-09,-0.03199297520840938,like_for_like_excluding_social_contributions: GRD canonical tax excludes social contributions; OECD comparison subtracts OECD social_contrib_gdp from total tax.,contrast_only_not_baseline_anchor,UNUWIDERGRD_2025_General.xlsx,GRD User Guide 2025 advises most users to rely on revenue and tax figures exclusive of social contributions for completeness and comparability. The canonical total-revenue field also excludes grants for domestic fiscal-capacity use; all total-revenue variants from the file are retained.,v1.0.1-official-4c,v1.0.1-official-4c-anchors-20260709T110732Z-baseline-official-v2-author-approved,2026-07-09T11:07:42.578023+00:00,materialize_official_v2_author_signature.py
MEX,2019,general_government,0.1962440536396337,0.1369609556987875,0.1589177796150094,0.13707586890497028,0.159051111773593,0.0219752428686227,0.22997031481126,-0.00011491320618278733,-0.00013333215858357672,-0.033726261171626304,like_for_like_excluding_social_contributions: GRD canonical tax excludes social contributions; OECD comparison subtracts OECD social_contrib_gdp from total tax.,contrast_only_not_baseline_anchor,UNUWIDERGRD_2025_General.xlsx,GRD User Guide 2025 advises most users to rely on revenue and tax figures exclusive of social contributions for completeness and comparability. The canonical total-revenue field also excludes grants for domestic fiscal-capacity use; all total-revenue variants from the file are retained.,v1.0.1-official-4c,v1.0.1-official-4c-anchors-20260709T110732Z-baseline-official-v2-author-approved,2026-07-09T11:07:42.578023+00:00,materialize_official_v2_author_signature.py
MEX,2020,general_government,0.20433154435185527,0.14835626050016432,0.17227554034035544,0.1483255095277951,0.17223983379067,0.023914324262874903,0.23492741374543002,3.0750972369208984e-05,3.570654968543252e-05,-0.030595869393574754,like_for_like_excluding_social_contributions: GRD canonical tax excludes social contributions; OECD comparison subtracts OECD social_contrib_gdp from total tax.,contrast_only_not_baseline_anchor,UNUWIDERGRD_2025_General.xlsx,GRD User Guide 2025 advises most users to rely on revenue and tax figures exclusive of social contributions for completeness and comparability. The canonical total-revenue field also excludes grants for domestic fiscal-capacity use; all total-revenue variants from the file are retained.,v1.0.1-official-4c,v1.0.1-official-4c-anchors-20260709T110732Z-baseline-official-v2-author-approved,2026-07-09T11:07:42.578023+00:00,materialize_official_v2_author_signature.py
MEX,2021,general_government,0.19242029947985442,0.14426430719672342,0.16726192251679867,0.1438808269584649,0.166817308859289,0.0229364819008241,0.22937162240865,0.0003834802382585156,0.0004446136575096682,-0.03695132292879558,like_for_like_excluding_social_contributions: GRD canonical tax excludes social contributions; OECD comparison subtracts OECD social_contrib_gdp from total tax.,contrast_only_not_baseline_anchor,UNUWIDERGRD_2025_General.xlsx,GRD User Guide 2025 advises most users to rely on revenue and tax figures exclusive of social contributions for completeness and comparability. The canonical total-revenue field also excludes grants for domestic fiscal-capacity use; all total-revenue variants from the file are retained.,v1.0.1-official-4c,v1.0.1-official-4c-anchors-20260709T110732Z-baseline-official-v2-author-approved,2026-07-09T11:07:42.578023+00:00,materialize_official_v2_author_signature.py
MEX,2022,general_government,0.19712353127875784,0.14043952547585237,0.16358404855600983,0.1445535275641206,0.167648478556298,0.0230949509921774,0.24186707450403,-0.0041140020882682315,-0.004064430000288166,-0.04474354322527216,like_for_like_excluding_social_contributions: GRD canonical tax excludes social contributions; OECD comparison subtracts OECD social_contrib_gdp from total tax.,contrast_only_not_baseline_anchor,UNUWIDERGRD_2025_General.xlsx,GRD User Guide 2025 advises most users to rely on revenue and tax figures exclusive of social contributions for completeness and comparability. The canonical total-revenue field also excludes grants for domestic fiscal-capacity use; all total-revenue variants from the file are retained.,v1.0.1-official-4c,v1.0.1-official-4c-anchors-20260709T110732Z-baseline-official-v2-author-approved,2026-07-09T11:07:42.578023+00:00,materialize_official_v2_author_signature.py
MEX,2023,general_government,0.20473704829708805,0.1535264515502701,0.17749806765940213,0.1534001642907099,0.17730526596526702,0.023905101674557103,0.24284482760082,0.0001262872595601816,0.00019280169413510295,-0.03810777930373194,like_for_like_excluding_social_contributions: GRD canonical tax excludes social contributions; OECD comparison subtracts OECD social_contrib_gdp from total tax.,contrast_only_not_baseline_anchor,UNUWIDERGRD_2025_General.xlsx,GRD User Guide 2025 advises most users to rely on revenue and tax figures exclusive of social contributions for completeness and comparability. The canonical total-revenue field also excludes grants for domestic fiscal-capacity use; all total-revenue variants from the file are retained.,v1.0.1-official-4c,v1.0.1-official-4c-anchors-20260709T110732Z-baseline-official-v2-author-approved,2026-07-09T11:07:42.578023+00:00,materialize_official_v2_author_signature.py
PER,2000,general_government,0.17685571641400644,0.13214964005868238,0.1502627059853749,0.1327217773142399,0.15083130791972998,0.0181095306054901,0.19619246909508997,-0.0005721372555575199,-0.0005686019343550952,-0.019336752681083536,like_for_like_excluding_social_contributions: GRD canonical tax excludes social contributions; OECD comparison subtracts OECD social_contrib_gdp from total tax.,contrast_only_not_baseline_anchor,UNUWIDERGRD_2025_General.xlsx,GRD User Guide 2025 advises most users to rely on revenue and tax figures exclusive of social contributions for completeness and comparability. The canonical total-revenue field also excludes grants for domestic fiscal-capacity use; all total-revenue variants from the file are retained.,v1.0.1-official-4c,v1.0.1-official-4c-anchors-20260709T110732Z-baseline-official-v2-author-approved,2026-07-09T11:07:42.578023+00:00,materialize_official_v2_author_signature.py
PER,2001,general_government,0.16835312194440563,0.13413493504679425,0.15235088699539043,0.1322465968484782,0.150464539698233,0.0182179428497548,0.18779885458863,0.0018883381983160474,0.0018863472971574202,-0.01944573264422436,like_for_like_excluding_social_contributions: GRD canonical tax excludes social contributions; OECD comparison subtracts OECD social_contrib_gdp from total tax.,contrast_only_not_baseline_anchor,UNUWIDERGRD_2025_General.xlsx,GRD User Guide 2025 advises most users to rely on revenue and tax figures exclusive of social contributions for completeness and comparability. The canonical total-revenue field also excludes grants for domestic fiscal-capacity use; all total-revenue variants from the file are retained.,v1.0.1-official-4c,v1.0.1-official-4c-anchors-20260709T110732Z-baseline-official-v2-author-approved,2026-07-09T11:07:42.578023+00:00,materialize_official_v2_author_signature.py
PER,2002,general_government,0.16332546299712244,0.12963497802278884,0.14713294895173445,0.12991096113579692,0.147392879718992,0.0174819185831951,0.18245196108399997,-0.00027598311300808254,-0.0002599307672575546,-0.019126498086877525,like_for_like_excluding_social_contributions: GRD canonical tax excludes social contributions; OECD comparison subtracts OECD social_contrib_gdp from total tax.,contrast_only_not_baseline_anchor,UNUWIDERGRD_2025_General.xlsx,GRD User Guide 2025 advises most users to rely on revenue and tax figures exclusive of social contributions for completeness and comparability. The canonical total-revenue field also excludes grants for domestic fiscal-capacity use; all total-revenue variants from the file are retained.,v1.0.1-official-4c,v1.0.1-official-4c-anchors-20260709T110732Z-baseline-official-v2-author-approved,2026-07-09T11:07:42.578023+00:00,materialize_official_v2_author_signature.py
PER,2003,general_government,0.16592391411115257,0.1374599728896136,0.15466819244445318,0.1374855477404146,0.154660185786606,0.0171746380461914,0.18491002494941,-2.5574850801013405e-05,8.006657847170473e-06,-0.018986110838257436,like_for_like_excluding_social_contributions: GRD canonical tax excludes social contributions; OECD comparison subtracts OECD social_contrib_gdp from total tax.,contrast_only_not_baseline_anchor,UNUWIDERGRD_2025_General.xlsx,GRD User Guide 2025 advises most users to rely on revenue and tax figures exclusive of social contributions for completeness and comparability. The canonical total-revenue field also excludes grants for domestic fiscal-capacity use; all total-revenue variants from the file are retained.,v1.0.1-official-4c,v1.0.1-official-4c-anchors-20260709T110732Z-baseline-official-v2-author-approved,2026-07-09T11:07:42.578023+00:00,materialize_official_v2_author_signature.py
PER,2004,general_government,0.16756287329635078,0.14102537972103574,0.1575868883256828,0.1402308554513037,0.156814189419505,0.0165833339682013,0.18525158180175003,0.0007945242697320332,0.0007726989061777878,-0.017688708505399248,like_for_like_excluding_social_contributions: GRD canonical tax excludes social contributions; OECD comparison subtracts OECD social_contrib_gdp from total tax.,contrast_only_not_baseline_anchor,UNUWIDERGRD_2025_General.xlsx,GRD User Guide 2025 advises most users to rely on revenue and tax figures exclusive of social contributions for completeness and comparability. The canonical total-revenue field also excludes grants for domestic fiscal-capacity use; all total-revenue variants from the file are retained.,v1.0.1-official-4c,v1.0.1-official-4c-anchors-20260709T110732Z-baseline-official-v2-author-approved,2026-07-09T11:07:42.578023+00:00,materialize_official_v2_author_signature.py
PER,2005,general_government,0.18187949364605094,0.14751421412542765,0.1639584551054359,0.1476443934685124,0.164091829006204,0.0164474355376916,0.19943061749184998,-0.0001301793430847631,-0.0001333739007680912,-0.017551123845799044,like_for_like_excluding_social_contributions: GRD canonical tax excludes social contributions; OECD comparison subtracts OECD social_contrib_gdp from total tax.,contrast_only_not_baseline_anchor,UNUWIDERGRD_2025_General.xlsx,GRD User Guide 2025 advises most users to rely on revenue and tax figures exclusive of social contributions for completeness and comparability. The canonical total-revenue field also excludes grants for domestic fiscal-capacity use; all total-revenue variants from the file are retained.,v1.0.1-official-4c,v1.0.1-official-4c-anchors-20260709T110732Z-baseline-official-v2-author-approved,2026-07-09T11:07:42.578023+00:00,materialize_official_v2_author_signature.py
PER,2006,general_government,0.1948787590336703,0.16142497296950623,0.17759175040753805,0.16179143362119452,0.17883229135016201,0.0170408577289675,0.21191192382448001,-0.00036646065168829955,-0.0012405409426239633,-0.017033164790809713,like_for_like_excluding_social_contributions: GRD canonical tax excludes social contributions; OECD comparison subtracts OECD social_contrib_gdp from total tax.,contrast_only_not_baseline_anchor,UNUWIDERGRD_2025_General.xlsx,GRD User Guide 2025 advises most users to rely on revenue and tax figures exclusive of social contributions for completeness and comparability. The canonical total-revenue field also excludes grants for domestic fiscal-capacity use; all total-revenue variants from the file are retained.,v1.0.1-official-4c,v1.0.1-official-4c-anchors-20260709T110732Z-baseline-official-v2-author-approved,2026-07-09T11:07:42.578023+00:00,materialize_official_v2_author_signature.py
PER,2007,general_government,0.20229354286585968,0.1669074084165102,0.18314569087338356,0.1667336205406138,0.183138331566473,0.0164047110258592,0.21941507665015,0.00017378787589639177,7.359306910564856e-06,-0.01712153378429032,like_for_like_excluding_social_contributions: GRD canonical tax excludes social contributions; OECD comparison subtracts OECD social_contrib_gdp from total tax.,contrast_only_not_baseline_anchor,UNUWIDERGRD_2025_General.xlsx,GRD User Guide 2025 advises most users to rely on revenue and tax figures exclusive of social contributions for completeness and comparability. The canonical total-revenue field also excludes grants for domestic fiscal-capacity use; all total-revenue variants from the file are retained.,v1.0.1-official-4c,v1.0.1-official-4c-anchors-20260709T110732Z-baseline-official-v2-author-approved,2026-07-09T11:07:42.578023+00:00,materialize_official_v2_author_signature.py
PER,2008,general_government,0.20247599293000712,0.16784113518384874,0.18684811339913188,0.16812467008572213,0.18727302909552102,0.0191483590097989,0.2237894220251,-0.0002835349018733835,-0.00042491569638913873,-0.021313429095092873,like_for_like_excluding_social_contributions: GRD canonical tax excludes social contributions; OECD comparison subtracts OECD social_contrib_gdp from total tax.,contrast_only_not_baseline_anchor,UNUWIDERGRD_2025_General.xlsx,GRD User Guide 2025 advises most users to rely on revenue and tax figures exclusive of social contributions for completeness and comparability. The canonical total-revenue field also excludes grants for domestic fiscal-capacity use; all total-revenue variants from the file are retained.,v1.0.1-official-4c,v1.0.1-official-4c-anchors-20260709T110732Z-baseline-official-v2-author-approved,2026-07-09T11:07:42.578023+00:00,materialize_official_v2_author_signature.py
PER,2009,general_government,0.18099714308297207,0.146817127776359,0.16648087237957906,0.1460361614997337,0.165668641829233,0.0196324803294993,0.19865872625480002,0.0007809662766253,0.0008122305503460714,-0.01766158317182795,like_for_like_excluding_social_contributions: GRD canonical tax excludes social contributions; OECD comparison subtracts OECD social_contrib_gdp from total tax.,contrast_only_not_baseline_anchor,UNUWIDERGRD_2025_General.xlsx,GRD User Guide 2025 advises most users to rely on revenue and tax figures exclusive of social contributions for completeness and comparability. The canonical total-revenue field also excludes grants for domestic fiscal-capacity use; all total-revenue variants from the file are retained.,v1.0.1-official-4c,v1.0.1-official-4c-anchors-20260709T110732Z-baseline-official-v2-author-approved,2026-07-09T11:07:42.578023+00:00,materialize_official_v2_author_signature.py
PER,2010,general_government,0.19202215971201603,0.15645957451090084,0.1753567058987413,0.1561392690130907,0.174941117763939,0.0188018487508483,0.20986336152617,0.00032030549781014717,0.0004155881348023027,-0.017841201814153967,like_for_like_excluding_social_contributions: GRD canonical tax excludes social contributions; OECD comparison subtracts OECD social_contrib_gdp from total tax.,contrast_only_not_baseline_anchor,UNUWIDERGRD_2025_General.xlsx,GRD User Guide 2025 advises most users to rely on revenue and tax figures exclusive of social contributions for completeness and comparability. The canonical total-revenue field also excludes grants for domestic fiscal-capacity use; all total-revenue variants from the file are retained.,v1.0.1-official-4c,v1.0.1-official-4c-anchors-20260709T110732Z-baseline-official-v2-author-approved,2026-07-09T11:07:42.578023+00:00,materialize_official_v2_author_signature.py
PER,2011,general_government,0.20002030602159537,0.16369309275679597,0.1829118140506803,0.16395543973255378,0.18299049154608898,0.0190350518135352,0.21842366962753001,-0.0002623469757578045,-7.867749540868552e-05,-0.01840336360593464,like_for_like_excluding_social_contributions: GRD canonical tax excludes social contributions; OECD comparison subtracts OECD social_contrib_gdp from total tax.,contrast_only_not_baseline_anchor,UNUWIDERGRD_2025_General.xlsx,GRD User Guide 2025 advises most users to rely on revenue and tax figures exclusive of social contributions for completeness and comparability. The canonical total-revenue field also excludes grants for domestic fiscal-capacity use; all total-revenue variants from the file are retained.,v1.0.1-official-4c,v1.0.1-official-4c-anchors-20260709T110732Z-baseline-official-v2-author-approved,2026-07-09T11:07:42.578023+00:00,materialize_official_v2_author_signature.py
PER,2012,general_government,0.20525352796425658,0.1688972058831063,0.18906516712598723,0.16789610585346693,0.187818081268691,0.0199219754152241,0.22375053339744,0.001001100029639379,0.0012470858572962151,-0.018497005433183417,like_for_like_excluding_social_contributions: GRD canonical tax excludes social contributions; OECD comparison subtracts OECD social_contrib_gdp from total tax.,contrast_only_not_baseline_anchor,UNUWIDERGRD_2025_General.xlsx,GRD User Guide 2025 advises most users to rely on revenue and tax figures exclusive of social contributions for completeness and comparability. The canonical total-revenue field also excludes grants for domestic fiscal-capacity use; all total-revenue variants from the file are retained.,v1.0.1-official-4c,v1.0.1-official-4c-anchors-20260709T110732Z-baseline-official-v2-author-approved,2026-07-09T11:07:42.578023+00:00,materialize_official_v2_author_signature.py
PER,2013,general_government,0.20308364314406868,0.16697217509602985,0.18791888815576988,0.16573683569765482,0.18625674925580402,0.020519913558149198,0.22211208280451,0.0012353393983750294,0.0016621388999658593,-0.01902843966044132,like_for_like_excluding_social_contributions: GRD canonical tax excludes social contributions; OECD comparison subtracts OECD social_contrib_gdp from total tax.,contrast_only_not_baseline_anchor,UNUWIDERGRD_2025_General.xlsx,GRD User Guide 2025 advises most users to rely on revenue and tax figures exclusive of social contributions for completeness and comparability. The canonical total-revenue field also excludes grants for domestic fiscal-capacity use; all total-revenue variants from the file are retained.,v1.0.1-official-4c,v1.0.1-official-4c-anchors-20260709T110732Z-baseline-official-v2-author-approved,2026-07-09T11:07:42.578023+00:00,materialize_official_v2_author_signature.py
PER,2014,general_government,0.20344833416595504,0.16880799186530837,0.19043813818725863,0.16769000631745432,0.188128654740038,0.020438648422583697,0.22209145304286998,0.0011179855478540557,0.0023094834472206227,-0.018643118876914944,like_for_like_excluding_social_contributions: GRD canonical tax excludes social contributions; OECD comparison subtracts OECD social_contrib_gdp from total tax.,contrast_only_not_baseline_anchor,UNUWIDERGRD_2025_General.xlsx,GRD User Guide 2025 advises most users to rely on revenue and tax figures exclusive of social contributions for completeness and comparability. The canonical total-revenue field also excludes grants for domestic fiscal-capacity use; all total-revenue variants from the file are retained.,v1.0.1-official-4c,v1.0.1-official-4c-anchors-20260709T110732Z-baseline-official-v2-author-approved,2026-07-09T11:07:42.578023+00:00,materialize_official_v2_author_signature.py
PER,2015,general_government,0.18113755105811793,0.15106300412533052,0.1736482724488849,0.14953072955479801,0.170007890347527,0.020477160792729,0.19973412793973,0.0015322745705325103,0.003640382101357892,-0.018596576881612065,like_for_like_excluding_social_contributions: GRD canonical tax excludes social contributions; OECD comparison subtracts OECD social_contrib_gdp from total tax.,contrast_only_not_baseline_anchor,UNUWIDERGRD_2025_General.xlsx,GRD User Guide 2025 advises most users to rely on revenue and tax figures exclusive of social contributions for completeness and comparability. The canonical total-revenue field also excludes grants for domestic fiscal-capacity use; all total-revenue variants from the file are retained.,v1.0.1-official-4c,v1.0.1-official-4c-anchors-20260709T110732Z-baseline-official-v2-author-approved,2026-07-09T11:07:42.578023+00:00,materialize_official_v2_author_signature.py
PER,2016,general_government,0.16698310536325342,0.1390384192686443,0.16089561019134324,0.1370527853901706,0.156688411429897,0.0196356260397264,0.18386249957765,0.001985633878473697,0.004207198761446235,-0.016879394214396576,like_for_like_excluding_social_contributions: GRD canonical tax excludes social contributions; OECD comparison subtracts OECD social_contrib_gdp from total tax.,contrast_only_not_baseline_anchor,UNUWIDERGRD_2025_General.xlsx,GRD User Guide 2025 advises most users to rely on revenue and tax figures exclusive of social contributions for completeness and comparability. The canonical total-revenue field also excludes grants for domestic fiscal-capacity use; all total-revenue variants from the file are retained.,v1.0.1-official-4c,v1.0.1-official-4c-anchors-20260709T110732Z-baseline-official-v2-author-approved,2026-07-09T11:07:42.578023+00:00,materialize_official_v2_author_signature.py
PER,2017,general_government,0.16200959660267927,0.1322509594400232,0.15311332051532567,0.1303551973726842,0.14946072133603,0.0191055239633458,0.17834306954131002,0.0018957620673390185,0.003652599179295668,-0.016333472938630744,like_for_like_excluding_social_contributions: GRD canonical tax excludes social contributions; OECD comparison subtracts OECD social_contrib_gdp from total tax.,contrast_only_not_baseline_anchor,UNUWIDERGRD_2025_General.xlsx,GRD User Guide 2025 advises most users to rely on revenue and tax figures exclusive of social contributions for completeness and comparability. The canonical total-revenue field also excludes grants for domestic fiscal-capacity use; all total-revenue variants from the file are retained.,v1.0.1-official-4c,v1.0.1-official-4c-anchors-20260709T110732Z-baseline-official-v2-author-approved,2026-07-09T11:07:42.578023+00:00,materialize_official_v2_author_signature.py
PER,2018,general_government,0.173477152801449,0.14350914077902807,0.1652208066823064,0.14158186248400112,0.161269528969459,0.0196876664854579,0.1902416548543,0.0019272782950269518,0.003951277712847395,-0.016764502052850988,like_for_like_excluding_social_contributions: GRD canonical tax excludes social contributions; OECD comparison subtracts OECD social_contrib_gdp from total tax.,contrast_only_not_baseline_anchor,UNUWIDERGRD_2025_General.xlsx,GRD User Guide 2025 advises most users to rely on revenue and tax figures exclusive of social contributions for completeness and comparability. The canonical total-revenue field also excludes grants for domestic fiscal-capacity use; all total-revenue variants from the file are retained.,v1.0.1-official-4c,v1.0.1-official-4c-anchors-20260709T110732Z-baseline-official-v2-author-approved,2026-07-09T11:07:42.578023+00:00,materialize_official_v2_author_signature.py
PER,2019,general_government,0.1782719689360071,0.1463225948011251,0.16852322444387569,0.14321879372097182,0.16280707186097002,0.0195882781399982,0.1945212028537,0.00310380108015329,0.00571615258290567,-0.016249233917692896,like_for_like_excluding_social_contributions: GRD canonical tax excludes social contributions; OECD comparison subtracts OECD social_contrib_gdp from total tax.,contrast_only_not_baseline_anchor,UNUWIDERGRD_2025_General.xlsx,GRD User Guide 2025 advises most users to rely on revenue and tax figures exclusive of social contributions for completeness and comparability. The canonical total-revenue field also excludes grants for domestic fiscal-capacity use; all total-revenue variants from the file are retained.,v1.0.1-official-4c,v1.0.1-official-4c-anchors-20260709T110732Z-baseline-official-v2-author-approved,2026-07-09T11:07:42.578023+00:00,materialize_official_v2_author_signature.py
PER,2020,general_government,0.16121853228246952,0.13236031198019513,0.15448837376263005,0.1295912279005644,0.149591190403903,0.0199999625033386,0.17484578092332,0.0027690840796307237,0.0048971833587270475,-0.013627248640850492,like_for_like_excluding_social_contributions: GRD canonical tax excludes social contributions; OECD comparison subtracts OECD social_contrib_gdp from total tax.,contrast_only_not_baseline_anchor,UNUWIDERGRD_2025_General.xlsx,GRD User Guide 2025 advises most users to rely on revenue and tax figures exclusive of social contributions for completeness and comparability. The canonical total-revenue field also excludes grants for domestic fiscal-capacity use; all total-revenue variants from the file are retained.,v1.0.1-official-4c,v1.0.1-official-4c-anchors-20260709T110732Z-baseline-official-v2-author-approved,2026-07-09T11:07:42.578023+00:00,materialize_official_v2_author_signature.py
PER,2021,general_government,0.1941346106774806,0.1629680056382148,0.18352215092238824,0.1588106248410846,0.177208602581787,0.0183979777407024,0.20637421925374,0.004157380797130211,0.006313548340601244,-0.012239608576259386,like_for_like_excluding_social_contributions: GRD canonical tax excludes social contributions; OECD comparison subtracts OECD social_contrib_gdp from total tax.,contrast_only_not_baseline_anchor,UNUWIDERGRD_2025_General.xlsx,GRD User Guide 2025 advises most users to rely on revenue and tax figures exclusive of social contributions for completeness and comparability. The canonical total-revenue field also excludes grants for domestic fiscal-capacity use; all total-revenue variants from the file are retained.,v1.0.1-official-4c,v1.0.1-official-4c-anchors-20260709T110732Z-baseline-official-v2-author-approved,2026-07-09T11:07:42.578023+00:00,materialize_official_v2_author_signature.py
PER,2022,general_government,,0.17310401637051406,0.19219047111271023,0.16899845921782108,0.187782651206722,0.0187841919889009,0.21721254903689002,0.004105557152692979,0.004407819905988236,,like_for_like_excluding_social_contributions: GRD canonical tax excludes social contributions; OECD comparison subtracts OECD social_contrib_gdp from total tax.,contrast_only_not_baseline_anchor,UNUWIDERGRD_2025_General.xlsx,GRD User Guide 2025 advises most users to rely on revenue and tax figures exclusive of social contributions for completeness and comparability. The canonical total-revenue field also excludes grants for domestic fiscal-capacity use; all total-revenue variants from the file are retained.,v1.0.1-official-4c,v1.0.1-official-4c-anchors-20260709T110732Z-baseline-official-v2-author-approved,2026-07-09T11:07:42.578023+00:00,materialize_official_v2_author_signature.py
CHL,2000,general_government,4.946933772091502e-09,4.110433620576676e-09,4.434071556501164e-09,0.1735220789515567,0.187184464152609,0.0136623852010523,0.22177170548025,-0.17352207484112306,-0.18718445971853745,-0.2217717005333162,like_for_like_excluding_social_contributions: GRD canonical tax excludes social contributions; OECD comparison subtracts OECD social_contrib_gdp from total tax.,contrast_only_not_baseline_anchor,UNUWIDERGRD_2025_General.xlsx,GRD User Guide 2025 advises most users to rely on revenue and tax figures exclusive of social contributions for completeness and comparability. The canonical total-revenue field also excludes grants for domestic fiscal-capacity use; all total-revenue variants from the file are retained.,v1.0.1-official-4c,v1.0.1-official-4c-anchors-20260709T110732Z-baseline-official-v2-author-approved,2026-07-09T11:07:42.578023+00:00,materialize_official_v2_author_signature.py
CHL,2001,general_government,4.707622146200337e-09,3.858286525557506e-09,4.162873056185909e-09,0.175201138103733,0.189032124076737,0.013830985973003999,0.22686639100651998,-0.17520113424544648,-0.18903211991386396,-0.22686638629889783,like_for_like_excluding_social_contributions: GRD canonical tax excludes social contributions; OECD comparison subtracts OECD social_contrib_gdp from total tax.,contrast_only_not_baseline_anchor,UNUWIDERGRD_2025_General.xlsx,GRD User Guide 2025 advises most users to rely on revenue and tax figures exclusive of social contributions for completeness and comparability. The canonical total-revenue field also excludes grants for domestic fiscal-capacity use; all total-revenue variants from the file are retained.,v1.0.1-official-4c,v1.0.1-official-4c-anchors-20260709T110732Z-baseline-official-v2-author-approved,2026-07-09T11:07:42.578023+00:00,materialize_official_v2_author_signature.py
CHL,2002,general_government,4.27791014880936e-09,3.6213645280090765e-09,3.9108291465832895e-09,0.17537892087810353,0.18939739155270502,0.0140184706746015,0.22030860582970999,-0.175378917256739,-0.1893973876418759,-0.22030860155179985,like_for_like_excluding_social_contributions: GRD canonical tax excludes social contributions; OECD comparison subtracts OECD social_contrib_gdp from total tax.,contrast_only_not_baseline_anchor,UNUWIDERGRD_2025_General.xlsx,GRD User Guide 2025 advises most users to rely on revenue and tax figures exclusive of social contributions for completeness and comparability. The canonical total-revenue field also excludes grants for domestic fiscal-capacity use; all total-revenue variants from the file are retained.,v1.0.1-official-4c,v1.0.1-official-4c-anchors-20260709T110732Z-baseline-official-v2-author-approved,2026-07-09T11:07:42.578023+00:00,materialize_official_v2_author_signature.py
CHL,2003,general_government,3.874618943916329e-09,3.261141970471779e-09,3.5213083564784207e-09,0.1725057391900294,0.186267849253377,0.013762110063347599,0.2180279934681,-0.17250573592888743,-0.18626784573206864,-0.21802798959348108,like_for_like_excluding_social_contributions: GRD canonical tax excludes social contributions; OECD comparison subtracts OECD social_contrib_gdp from total tax.,contrast_only_not_baseline_anchor,UNUWIDERGRD_2025_General.xlsx,GRD User Guide 2025 advises most users to rely on revenue and tax figures exclusive of social contributions for completeness and comparability. The canonical total-revenue field also excludes grants for domestic fiscal-capacity use; all total-revenue variants from the file are retained.,v1.0.1-official-4c,v1.0.1-official-4c-anchors-20260709T110732Z-baseline-official-v2-author-approved,2026-07-09T11:07:42.578023+00:00,materialize_official_v2_author_signature.py
CHL,2004,general_government,3.575707943905943e-09,2.93766643616059e-09,3.1645903596245887e-09,0.1774108546931675,0.191115190460593,0.0137043357674255,0.22866486610102998,-0.17741085175550106,-0.19111518729600263,-0.22866486252532203,like_for_like_excluding_social_contributions: GRD canonical tax excludes social contributions; OECD comparison subtracts OECD social_contrib_gdp from total tax.,contrast_only_not_baseline_anchor,UNUWIDERGRD_2025_General.xlsx,GRD User Guide 2025 advises most users to rely on revenue and tax figures exclusive of social contributions for completeness and comparability. The canonical total-revenue field also excludes grants for domestic fiscal-capacity use; all total-revenue variants from the file are retained.,v1.0.1-official-4c,v1.0.1-official-4c-anchors-20260709T110732Z-baseline-official-v2-author-approved,2026-07-09T11:07:42.578023+00:00,materialize_official_v2_author_signature.py
CHL,2005,general_government,3.438583297992919e-09,2.8442726141176997e-09,3.0430236939158104e-09,0.1947414871284236,0.208349564165981,0.0136080770375574,0.24817124335857,-0.19474148428415097,-0.2083495611229573,-0.24817123991998669,like_for_like_excluding_social_contributions: GRD canonical tax excludes social contributions; OECD comparison subtracts OECD social_contrib_gdp from total tax.,contrast_only_not_baseline_anchor,UNUWIDERGRD_2025_General.xlsx,GRD User Guide 2025 advises most users to rely on revenue and tax figures exclusive of social contributions for completeness and comparability. The canonical total-revenue field also excludes grants for domestic fiscal-capacity use; all total-revenue variants from the file are retained.,v1.0.1-official-4c,v1.0.1-official-4c-anchors-20260709T110732Z-baseline-official-v2-author-approved,2026-07-09T11:07:42.578023+00:00,materialize_official_v2_author_signature.py
CHL,2006,general_government,3.0658290479335705e-09,2.552971172928106e-09,2.710809301875676e-09,0.20826508889556428,0.22114113399331198,0.0128760450977477,0.26239243428335,-0.2082650863425931,-0.22114113128250268,-0.262392431217521,like_for_like_excluding_social_contributions: GRD canonical tax excludes social contributions; OECD comparison subtracts OECD social_contrib_gdp from total tax.,contrast_only_not_baseline_anchor,UNUWIDERGRD_2025_General.xlsx,GRD User Guide 2025 advises most users to rely on revenue and tax figures exclusive of social contributions for completeness and comparability. The canonical total-revenue field also excludes grants for domestic fiscal-capacity use; all total-revenue variants from the file are retained.,v1.0.1-official-4c,v1.0.1-official-4c-anchors-20260709T110732Z-baseline-official-v2-author-approved,2026-07-09T11:07:42.578023+00:00,materialize_official_v2_author_signature.py
CHL,2007,general_government,2.802323532238601e-09,2.392786086314236e-09,2.5340932482376037e-09,0.21573234592625692,0.22847251490367002,0.0127401689774131,0.27261483066023,-0.21573234353347084,-0.22847251236957677,-0.27261482785790647,like_for_like_excluding_social_contributions: GRD canonical tax excludes social contributions; OECD comparison subtracts OECD social_contrib_gdp from total tax.,contrast_only_not_baseline_anchor,UNUWIDERGRD_2025_General.xlsx,GRD User Guide 2025 advises most users to rely on revenue and tax figures exclusive of social contributions for completeness and comparability. The canonical total-revenue field also excludes grants for domestic fiscal-capacity use; all total-revenue variants from the file are retained.,v1.0.1-official-4c,v1.0.1-official-4c-anchors-20260709T110732Z-baseline-official-v2-author-approved,2026-07-09T11:07:42.578023+00:00,materialize_official_v2_author_signature.py
CHL,2008,general_government,2.6288620818521117e-09,2.1337970626372494e-09,2.280116282453927e-09,0.2002934036470825,0.214027978460633,0.013734574813550499,0.25721567451487,-0.20029340151328545,-0.21402797618051672,-0.2572156718860079,like_for_like_excluding_social_contributions: GRD canonical tax excludes social contributions; OECD comparison subtracts OECD social_contrib_gdp from total tax.,contrast_only_not_baseline_anchor,UNUWIDERGRD_2025_General.xlsx,GRD User Guide 2025 advises most users to rely on revenue and tax figures exclusive of social contributions for completeness and comparability. The canonical total-revenue field also excludes grants for domestic fiscal-capacity use; all total-revenue variants from the file are retained.,v1.0.1-official-4c,v1.0.1-official-4c-anchors-20260709T110732Z-baseline-official-v2-author-approved,2026-07-09T11:07:42.578023+00:00,materialize_official_v2_author_signature.py
CHL,2009,general_government,1.8878680499252827e-09,1.6648467688568591e-09,1.8132626904293878e-09,0.15970333854024088,0.173971819161664,0.0142684806214231,0.20716724064601,-0.15970333687539412,-0.1739718173484013,-0.20716723875814194,like_for_like_excluding_social_contributions: GRD canonical tax excludes social contributions; OECD comparison subtracts OECD social_contrib_gdp from total tax.,contrast_only_not_baseline_anchor,UNUWIDERGRD_2025_General.xlsx,GRD User Guide 2025 advises most users to rely on revenue and tax figures exclusive of social contributions for completeness and comparability. The canonical total-revenue field also excludes grants for domestic fiscal-capacity use; all total-revenue variants from the file are retained.,v1.0.1-official-4c,v1.0.1-official-4c-anchors-20260709T110732Z-baseline-official-v2-author-approved,2026-07-09T11:07:42.578023+00:00,materialize_official_v2_author_signature.py
CHL,2010,general_government,1.9676953954828034e-09,1.6577584746314952e-09,1.7794520324779418e-09,0.1834428148770962,0.196929146055795,0.013486331178698801,0.23103754836123,-0.18344281321933772,-0.19692914427634298,-0.2310375463935346,like_for_like_excluding_social_contributions: GRD canonical tax excludes social contributions; OECD comparison subtracts OECD social_contrib_gdp from total tax.,contrast_only_not_baseline_anchor,UNUWIDERGRD_2025_General.xlsx,GRD User Guide 2025 advises most users to rely on revenue and tax figures exclusive of social contributions for completeness and comparability. The canonical total-revenue field also excludes grants for domestic fiscal-capacity use; all total-revenue variants from the file are retained.,v1.0.1-official-4c,v1.0.1-official-4c-anchors-20260709T110732Z-baseline-official-v2-author-approved,2026-07-09T11:07:42.578023+00:00,materialize_official_v2_author_signature.py
CHL,2011,general_government,1.8703142136191975e-09,1.6351594099815409e-09,1.7451574116411795e-09,0.198589861577875,0.211953596039834,0.013363734461959001,0.24312880142990997,-0.1985898599427156,-0.21195359429467658,-0.24312879955959577,like_for_like_excluding_social_contributions: GRD canonical tax excludes social contributions; OECD comparison subtracts OECD social_contrib_gdp from total tax.,contrast_only_not_baseline_anchor,UNUWIDERGRD_2025_General.xlsx,GRD User Guide 2025 advises most users to rely on revenue and tax figures exclusive of social contributions for completeness and comparability. The canonical total-revenue field also excludes grants for domestic fiscal-capacity use; all total-revenue variants from the file are retained.,v1.0.1-official-4c,v1.0.1-official-4c-anchors-20260709T110732Z-baseline-official-v2-author-approved,2026-07-09T11:07:42.578023+00:00,materialize_official_v2_author_signature.py
CHL,2012,general_government,1.7087616568047338e-09,1.533272426035503e-09,1.6399273372781064e-09,0.19936627501115523,0.213234251709553,0.013867976698397799,0.23771789892767997,-0.1993662734778828,-0.21323425006962568,-0.2377178972189183,like_for_like_excluding_social_contributions: GRD canonical tax excludes social contributions; OECD comparison subtracts OECD social_contrib_gdp from total tax.,contrast_only_not_baseline_anchor,UNUWIDERGRD_2025_General.xlsx,GRD User Guide 2025 advises most users to rely on revenue and tax figures exclusive of social contributions for completeness and comparability. The canonical total-revenue field also excludes grants for domestic fiscal-capacity use; all total-revenue variants from the file are retained.,v1.0.1-official-4c,v1.0.1-official-4c-anchors-20260709T110732Z-baseline-official-v2-author-approved,2026-07-09T11:07:42.578023+00:00,materialize_official_v2_author_signature.py
CHL,2013,general_government,1.5734583681010688e-09,1.3480622281021617e-09,1.452509828239871e-09,0.18505165974852902,0.19939136251094802,0.014339702762419,0.22642928278927,-0.1850516584004668,-0.1993913610584382,-0.22642928121581163,like_for_like_excluding_social_contributions: GRD canonical tax excludes social contributions; OECD comparison subtracts OECD social_contrib_gdp from total tax.,contrast_only_not_baseline_anchor,UNUWIDERGRD_2025_General.xlsx,GRD User Guide 2025 advises most users to rely on revenue and tax figures exclusive of social contributions for completeness and comparability. The canonical total-revenue field also excludes grants for domestic fiscal-capacity use; all total-revenue variants from the file are retained.,v1.0.1-official-4c,v1.0.1-official-4c-anchors-20260709T110732Z-baseline-official-v2-author-approved,2026-07-09T11:07:42.578023+00:00,materialize_official_v2_author_signature.py
CHL,2014,general_government,1.4392764791818845e-09,1.2342554784514244e-09,1.3305889335281226e-09,0.182729947103819,0.196991989296804,0.014262042192985,0.22356241478764002,-0.18272994586956354,-0.19699198796621506,-0.22356241334836355,like_for_like_excluding_social_contributions: GRD canonical tax excludes social contributions; OECD comparison subtracts OECD social_contrib_gdp from total tax.,contrast_only_not_baseline_anchor,UNUWIDERGRD_2025_General.xlsx,GRD User Guide 2025 advises most users to rely on revenue and tax figures exclusive of social contributions for completeness and comparability. The canonical total-revenue field also excludes grants for domestic fiscal-capacity use; all total-revenue variants from the file are retained.,v1.0.1-official-4c,v1.0.1-official-4c-anchors-20260709T110732Z-baseline-official-v2-author-approved,2026-07-09T11:07:42.578023+00:00,materialize_official_v2_author_signature.py
CHL,2015,general_government,1.3931217192044514e-09,1.2038284230395533e-09,1.2933765498553706e-09,0.1908996230402688,0.205099901351287,0.0142002783110182,0.2293943628365,-0.19089962183644038,-0.20509990005791046,-0.22939436144337827,like_for_like_excluding_social_contributions: GRD canonical tax excludes social contributions; OECD comparison subtracts OECD social_contrib_gdp from total tax.,contrast_only_not_baseline_anchor,UNUWIDERGRD_2025_General.xlsx,GRD User Guide 2025 advises most users to rely on revenue and tax figures exclusive of social contributions for completeness and comparability. The canonical total-revenue field also excludes grants for domestic fiscal-capacity use; all total-revenue variants from the file are retained.,v1.0.1-official-4c,v1.0.1-official-4c-anchors-20260709T110732Z-baseline-official-v2-author-approved,2026-07-09T11:07:42.578023+00:00,materialize_official_v2_author_signature.py
CHL,2016,general_government,1.3068806012892792e-09,1.112135284472496e-09,1.1978188663776645e-09,0.1877677354194658,0.202234144288131,0.014466408868665199,0.22706036756175,-0.1877677343073305,-0.20223414309031212,-0.2270603662548694,like_for_like_excluding_social_contributions: GRD canonical tax excludes social contributions; OECD comparison subtracts OECD social_contrib_gdp from total tax.,contrast_only_not_baseline_anchor,UNUWIDERGRD_2025_General.xlsx,GRD User Guide 2025 advises most users to rely on revenue and tax figures exclusive of social contributions for completeness and comparability. The canonical total-revenue field also excludes grants for domestic fiscal-capacity use; all total-revenue variants from the file are retained.,v1.0.1-official-4c,v1.0.1-official-4c-anchors-20260709T110732Z-baseline-official-v2-author-approved,2026-07-09T11:07:42.578023+00:00,materialize_official_v2_author_signature.py
CHL,2017,general_government,1.2134564329459952e-09,1.0462226997286653e-09,1.12795468776294e-09,0.18757212025199352,0.202225438018189,0.0146533177661955,0.22865089482106998,-0.18757211920577083,-0.20222543689023434,-0.22865089360761354,like_for_like_excluding_social_contributions: GRD canonical tax excludes social contributions; OECD comparison subtracts OECD social_contrib_gdp from total tax.,contrast_only_not_baseline_anchor,UNUWIDERGRD_2025_General.xlsx,GRD User Guide 2025 advises most users to rely on revenue and tax figures exclusive of social contributions for completeness and comparability. The canonical total-revenue field also excludes grants for domestic fiscal-capacity use; all total-revenue variants from the file are retained.,v1.0.1-official-4c,v1.0.1-official-4c-anchors-20260709T110732Z-baseline-official-v2-author-approved,2026-07-09T11:07:42.578023+00:00,materialize_official_v2_author_signature.py
CHL,2018,general_government,1.2284871137555488e-09,1.0461684706554016e-09,1.1238375172416869e-09,0.19810779473827747,0.21281560810491498,0.014707813366637502,0.24133439910433002,-0.198107793692109,-0.21281560698107746,-0.2413343978758429,like_for_like_excluding_social_contributions: GRD canonical tax excludes social contributions; OECD comparison subtracts OECD social_contrib_gdp from total tax.,contrast_only_not_baseline_anchor,UNUWIDERGRD_2025_General.xlsx,GRD User Guide 2025 advises most users to rely on revenue and tax figures exclusive of social contributions for completeness and comparability. The canonical total-revenue field also excludes grants for domestic fiscal-capacity use; all total-revenue variants from the file are retained.,v1.0.1-official-4c,v1.0.1-official-4c-anchors-20260709T110732Z-baseline-official-v2-author-approved,2026-07-09T11:07:42.578023+00:00,materialize_official_v2_author_signature.py
CHL,2019,general_government,1.1606996814515865e-09,9.950379707092445e-10,1.0733970604587882e-09,0.1944994182806907,0.209816144648457,0.0153167263677663,0.23766623207822998,-0.19449941728565273,-0.20981614357505993,-0.2376662309175303,like_for_like_excluding_social_contributions: GRD canonical tax excludes social contributions; OECD comparison subtracts OECD social_contrib_gdp from total tax.,contrast_only_not_baseline_anchor,UNUWIDERGRD_2025_General.xlsx,GRD User Guide 2025 advises most users to rely on revenue and tax figures exclusive of social contributions for completeness and comparability. The canonical total-revenue field also excludes grants for domestic fiscal-capacity use; all total-revenue variants from the file are retained.,v1.0.1-official-4c,v1.0.1-official-4c-anchors-20260709T110732Z-baseline-official-v2-author-approved,2026-07-09T11:07:42.578023+00:00,materialize_official_v2_author_signature.py
CHL,2020,general_government,1.0705764122868518e-09,8.813145749844097e-10,9.57936946854882e-10,0.17747655352177338,0.19290386763755699,0.015427314115783599,0.21993042724780001,-0.1774765526404588,-0.19290386667962003,-0.2199304261772236,like_for_like_excluding_social_contributions: GRD canonical tax excludes social contributions; OECD comparison subtracts OECD social_contrib_gdp from total tax.,contrast_only_not_baseline_anchor,UNUWIDERGRD_2025_General.xlsx,GRD User Guide 2025 advises most users to rely on revenue and tax figures exclusive of social contributions for completeness and comparability. The canonical total-revenue field also excludes grants for domestic fiscal-capacity use; all total-revenue variants from the file are retained.,v1.0.1-official-4c,v1.0.1-official-4c-anchors-20260709T110732Z-baseline-official-v2-author-approved,2026-07-09T11:07:42.578023+00:00,materialize_official_v2_author_signature.py
CHL,2021,general_government,1.0732701152588763e-09,8.822482378811653e-10,9.312846118043149e-10,0.2115472446198325,0.22330529190666099,0.011758047286828499,0.26090307464747,-0.21154724373758424,-0.22330529097537638,-0.26090307357419984,like_for_like_excluding_social_contributions: GRD canonical tax excludes social contributions; OECD comparison subtracts OECD social_contrib_gdp from total tax.,contrast_only_not_baseline_anchor,UNUWIDERGRD_2025_General.xlsx,GRD User Guide 2025 advises most users to rely on revenue and tax figures exclusive of social contributions for completeness and comparability. The canonical total-revenue field also excludes grants for domestic fiscal-capacity use; all total-revenue variants from the file are retained.,v1.0.1-official-4c,v1.0.1-official-4c-anchors-20260709T110732Z-baseline-official-v2-author-approved,2026-07-09T11:07:42.578023+00:00,materialize_official_v2_author_signature.py
CHL,2022,general_government,1.0549235426590204e-09,8.667284759228423e-10,9.038804180574228e-10,0.2292814150628731,0.239109469307648,0.00982805424477489,0.28085085664301,-0.22928141419614465,-0.2391094684037676,-0.2808508555880865,like_for_like_excluding_social_contributions: GRD canonical tax excludes social contributions; OECD comparison subtracts OECD social_contrib_gdp from total tax.,contrast_only_not_baseline_anchor,UNUWIDERGRD_2025_General.xlsx,GRD User Guide 2025 advises most users to rely on revenue and tax figures exclusive of social contributions for completeness and comparability. The canonical total-revenue field also excludes grants for domestic fiscal-capacity use; all total-revenue variants from the file are retained.,v1.0.1-official-4c,v1.0.1-official-4c-anchors-20260709T110732Z-baseline-official-v2-author-approved,2026-07-09T11:07:42.578023+00:00,materialize_official_v2_author_signature.py
CHL,2023,general_government,,6.898961224579423e-10,7.311957160911219e-10,0.1946800729356989,0.206324179130334,0.0116441061946351,0.25122697922888,-0.19468007224580278,-0.20632417839913827,,like_for_like_excluding_social_contributions: GRD canonical tax excludes social contributions; OECD comparison subtracts OECD social_contrib_gdp from total tax.,contrast_only_not_baseline_anchor,UNUWIDERGRD_2025_General.xlsx,GRD User Guide 2025 advises most users to rely on revenue and tax figures exclusive of social contributions for completeness and comparability. The canonical total-revenue field also excludes grants for domestic fiscal-capacity use; all total-revenue variants from the file are retained.,v1.0.1-official-4c,v1.0.1-official-4c-anchors-20260709T110732Z-baseline-official-v2-author-approved,2026-07-09T11:07:42.578023+00:00,materialize_official_v2_author_signature.py
COL,2000,general_government,,,7.040887025405781e-10,0.1312583498865479,0.156828727901967,0.0255703780154191,0.23642232377138,,-0.1568287271978783,,like_for_like_excluding_social_contributions: GRD canonical tax excludes social contributions; OECD comparison subtracts OECD social_contrib_gdp from total tax.,contrast_only_not_baseline_anchor,UNUWIDERGRD_2025_General.xlsx,GRD User Guide 2025 advises most users to rely on revenue and tax figures exclusive of social contributions for completeness and comparability. The canonical total-revenue field also excludes grants for domestic fiscal-capacity use; all total-revenue variants from the file are retained.,v1.0.1-official-4c,v1.0.1-official-4c-anchors-20260709T110732Z-baseline-official-v2-author-approved,2026-07-09T11:07:42.578023+00:00,materialize_official_v2_author_signature.py
COL,2001,general_government,,,7.18316436922436e-10,0.14795404855156022,0.173280615655296,0.025326567103735802,0.24798005206094,,-0.17328061493697958,,like_for_like_excluding_social_contributions: GRD canonical tax excludes social contributions; OECD comparison subtracts OECD social_contrib_gdp from total tax.,contrast_only_not_baseline_anchor,UNUWIDERGRD_2025_General.xlsx,GRD User Guide 2025 advises most users to rely on revenue and tax figures exclusive of social contributions for completeness and comparability. The canonical total-revenue field also excludes grants for domestic fiscal-capacity use; all total-revenue variants from the file are retained.,v1.0.1-official-4c,v1.0.1-official-4c-anchors-20260709T110732Z-baseline-official-v2-author-approved,2026-07-09T11:07:42.578023+00:00,materialize_official_v2_author_signature.py
COL,2002,general_government,,,6.571940986338133e-10,0.1484802242914865,0.17153128116692598,0.0230510568754395,0.24621741411926,,-0.17153128050973188,,like_for_like_excluding_social_contributions: GRD canonical tax excludes social contributions; OECD comparison subtracts OECD social_contrib_gdp from total tax.,contrast_only_not_baseline_anchor,UNUWIDERGRD_2025_General.xlsx,GRD User Guide 2025 advises most users to rely on revenue and tax figures exclusive of social contributions for completeness and comparability. The canonical total-revenue field also excludes grants for domestic fiscal-capacity use; all total-revenue variants from the file are retained.,v1.0.1-official-4c,v1.0.1-official-4c-anchors-20260709T110732Z-baseline-official-v2-author-approved,2026-07-09T11:07:42.578023+00:00,materialize_official_v2_author_signature.py
COL,2003,general_government,,,6.081022548363101e-10,0.1517737793372512,0.172915016635671,0.0211412372984198,0.253118461392,,-0.17291501602756873,,like_for_like_excluding_social_contributions: GRD canonical tax excludes social contributions; OECD comparison subtracts OECD social_contrib_gdp from total tax.,contrast_only_not_baseline_anchor,UNUWIDERGRD_2025_General.xlsx,GRD User Guide 2025 advises most users to rely on revenue and tax figures exclusive of social contributions for completeness and comparability. The canonical total-revenue field also excludes grants for domestic fiscal-capacity use; all total-revenue variants from the file are retained.,v1.0.1-official-4c,v1.0.1-official-4c-anchors-20260709T110732Z-baseline-official-v2-author-approved,2026-07-09T11:07:42.578023+00:00,materialize_official_v2_author_signature.py
COL,2004,general_government,,,5.371153839371942e-10,0.15583564183907112,0.17968607048700602,0.0238504286479349,0.25320339981139,,-0.17968606994989064,,like_for_like_excluding_social_contributions: GRD canonical tax excludes social contributions; OECD comparison subtracts OECD social_contrib_gdp from total tax.,contrast_only_not_baseline_anchor,UNUWIDERGRD_2025_General.xlsx,GRD User Guide 2025 advises most users to rely on revenue and tax figures exclusive of social contributions for completeness and comparability. The canonical total-revenue field also excludes grants for domestic fiscal-capacity use; all total-revenue variants from the file are retained.,v1.0.1-official-4c,v1.0.1-official-4c-anchors-20260709T110732Z-baseline-official-v2-author-approved,2026-07-09T11:07:42.578023+00:00,materialize_official_v2_author_signature.py
COL,2005,general_government,,,,0.1593759819302398,0.182588925550453,0.0232129436202132,0.25868559962026,,,,like_for_like_excluding_social_contributions: GRD canonical tax excludes social contributions; OECD comparison subtracts OECD social_contrib_gdp from total tax.,contrast_only_not_baseline_anchor,UNUWIDERGRD_2025_General.xlsx,GRD User Guide 2025 advises most users to rely on revenue and tax figures exclusive of social contributions for completeness and comparability. The canonical total-revenue field also excludes grants for domestic fiscal-capacity use; all total-revenue variants from the file are retained.,v1.0.1-official-4c,v1.0.1-official-4c-anchors-20260709T110732Z-baseline-official-v2-author-approved,2026-07-09T11:07:42.578023+00:00,materialize_official_v2_author_signature.py
COL,2006,general_government,,,5.068035283414422e-10,0.1702666716982974,0.192672097217946,0.0224054255196486,0.27448512670328,,-0.1926720967111425,,like_for_like_excluding_social_contributions: GRD canonical tax excludes social contributions; OECD comparison subtracts OECD social_contrib_gdp from total tax.,contrast_only_not_baseline_anchor,UNUWIDERGRD_2025_General.xlsx,GRD User Guide 2025 advises most users to rely on revenue and tax figures exclusive of social contributions for completeness and comparability. The canonical total-revenue field also excludes grants for domestic fiscal-capacity use; all total-revenue variants from the file are retained.,v1.0.1-official-4c,v1.0.1-official-4c-anchors-20260709T110732Z-baseline-official-v2-author-approved,2026-07-09T11:07:42.578023+00:00,materialize_official_v2_author_signature.py
COL,2007,general_government,,,4.550349990264811e-10,0.1703674096540586,0.192990196732886,0.0226227870788274,0.27342456233079004,,-0.192990196277851,,like_for_like_excluding_social_contributions: GRD canonical tax excludes social contributions; OECD comparison subtracts OECD social_contrib_gdp from total tax.,contrast_only_not_baseline_anchor,UNUWIDERGRD_2025_General.xlsx,GRD User Guide 2025 advises most users to rely on revenue and tax figures exclusive of social contributions for completeness and comparability. The canonical total-revenue field also excludes grants for domestic fiscal-capacity use; all total-revenue variants from the file are retained.,v1.0.1-official-4c,v1.0.1-official-4c-anchors-20260709T110732Z-baseline-official-v2-author-approved,2026-07-09T11:07:42.578023+00:00,materialize_official_v2_author_signature.py
COL,2008,general_government,,,4.075808694577217e-10,0.1701086598418433,0.19031833177828703,0.0202096719364437,0.28470670227537,,-0.19031833137070617,,like_for_like_excluding_social_contributions: GRD canonical tax excludes social contributions; OECD comparison subtracts OECD social_contrib_gdp from total tax.,contrast_only_not_baseline_anchor,UNUWIDERGRD_2025_General.xlsx,GRD User Guide 2025 advises most users to rely on revenue and tax figures exclusive of social contributions for completeness and comparability. The canonical total-revenue field also excludes grants for domestic fiscal-capacity use; all total-revenue variants from the file are retained.,v1.0.1-official-4c,v1.0.1-official-4c-anchors-20260709T110732Z-baseline-official-v2-author-approved,2026-07-09T11:07:42.578023+00:00,materialize_official_v2_author_signature.py
COL,2009,general_government,,,3.6912978945842204e-10,0.1675614056673827,0.188168032906155,0.0206066272387723,0.28240169675256,,-0.18816803253702521,,like_for_like_excluding_social_contributions: GRD canonical tax excludes social contributions; OECD comparison subtracts OECD social_contrib_gdp from total tax.,contrast_only_not_baseline_anchor,UNUWIDERGRD_2025_General.xlsx,GRD User Guide 2025 advises most users to rely on revenue and tax figures exclusive of social contributions for completeness and comparability. The canonical total-revenue field also excludes grants for domestic fiscal-capacity use; all total-revenue variants from the file are retained.,v1.0.1-official-4c,v1.0.1-official-4c-anchors-20260709T110732Z-baseline-official-v2-author-approved,2026-07-09T11:07:42.578023+00:00,materialize_official_v2_author_signature.py
COL,2010,general_government,,,3.435290758855053e-10,0.1598670179598664,0.180964112618882,0.0210970946590156,0.27047402715898,,-0.18096411227535295,,like_for_like_excluding_social_contributions: GRD canonical tax excludes social contributions; OECD comparison subtracts OECD social_contrib_gdp from total tax.,contrast_only_not_baseline_anchor,UNUWIDERGRD_2025_General.xlsx,GRD User Guide 2025 advises most users to rely on revenue and tax figures exclusive of social contributions for completeness and comparability. The canonical total-revenue field also excludes grants for domestic fiscal-capacity use; all total-revenue variants from the file are retained.,v1.0.1-official-4c,v1.0.1-official-4c-anchors-20260709T110732Z-baseline-official-v2-author-approved,2026-07-09T11:07:42.578023+00:00,materialize_official_v2_author_signature.py
COL,2011,general_government,,,3.097914453715279e-10,0.172673292222467,0.18931860327962,0.016645311057153,0.28240342252282,,-0.18931860296982855,,like_for_like_excluding_social_contributions: GRD canonical tax excludes social contributions; OECD comparison subtracts OECD social_contrib_gdp from total tax.,contrast_only_not_baseline_anchor,UNUWIDERGRD_2025_General.xlsx,GRD User Guide 2025 advises most users to rely on revenue and tax figures exclusive of social contributions for completeness and comparability. The canonical total-revenue field also excludes grants for domestic fiscal-capacity use; all total-revenue variants from the file are retained.,v1.0.1-official-4c,v1.0.1-official-4c-anchors-20260709T110732Z-baseline-official-v2-author-approved,2026-07-09T11:07:42.578023+00:00,materialize_official_v2_author_signature.py
COL,2012,general_government,,,2.9962479367028556e-10,0.17947750685108188,0.19720533764082,0.017727830789738098,0.29247337110078,,-0.1972053373411952,,like_for_like_excluding_social_contributions: GRD canonical tax excludes social contributions; OECD comparison subtracts OECD social_contrib_gdp from total tax.,contrast_only_not_baseline_anchor,UNUWIDERGRD_2025_General.xlsx,GRD User Guide 2025 advises most users to rely on revenue and tax figures exclusive of social contributions for completeness and comparability. The canonical total-revenue field also excludes grants for domestic fiscal-capacity use; all total-revenue variants from the file are retained.,v1.0.1-official-4c,v1.0.1-official-4c-anchors-20260709T110732Z-baseline-official-v2-author-approved,2026-07-09T11:07:42.578023+00:00,materialize_official_v2_author_signature.py
COL,2013,general_government,,,2.7587427597440565e-10,0.1769119391813554,0.200220451491878,0.0233085123105226,0.28977618802016,,-0.20022045121600374,,like_for_like_excluding_social_contributions: GRD canonical tax excludes social contributions; OECD comparison subtracts OECD social_contrib_gdp from total tax.,contrast_only_not_baseline_anchor,UNUWIDERGRD_2025_General.xlsx,GRD User Guide 2025 advises most users to rely on revenue and tax figures exclusive of social contributions for completeness and comparability. The canonical total-revenue field also excludes grants for domestic fiscal-capacity use; all total-revenue variants from the file are retained.,v1.0.1-official-4c,v1.0.1-official-4c-anchors-20260709T110732Z-baseline-official-v2-author-approved,2026-07-09T11:07:42.578023+00:00,materialize_official_v2_author_signature.py
COL,2014,general_government,,,2.5886366331148636e-10,0.1775254814859475,0.19550379541122498,0.0179783139252775,0.29517126854378,,-0.19550379515236133,,like_for_like_excluding_social_contributions: GRD canonical tax excludes social contributions; OECD comparison subtracts OECD social_contrib_gdp from total tax.,contrast_only_not_baseline_anchor,UNUWIDERGRD_2025_General.xlsx,GRD User Guide 2025 advises most users to rely on revenue and tax figures exclusive of social contributions for completeness and comparability. The canonical total-revenue field also excludes grants for domestic fiscal-capacity use; all total-revenue variants from the file are retained.,v1.0.1-official-4c,v1.0.1-official-4c-anchors-20260709T110732Z-baseline-official-v2-author-approved,2026-07-09T11:07:42.578023+00:00,materialize_official_v2_author_signature.py
COL,2015,general_government,,,2.4810634317222536e-10,0.18214740027688142,0.19902980696015402,0.0168824066832726,0.27757127825676003,,-0.19902980671204767,,like_for_like_excluding_social_contributions: GRD canonical tax excludes social contributions; OECD comparison subtracts OECD social_contrib_gdp from total tax.,contrast_only_not_baseline_anchor,UNUWIDERGRD_2025_General.xlsx,GRD User Guide 2025 advises most users to rely on revenue and tax figures exclusive of social contributions for completeness and comparability. The canonical total-revenue field also excludes grants for domestic fiscal-capacity use; all total-revenue variants from the file are retained.,v1.0.1-official-4c,v1.0.1-official-4c-anchors-20260709T110732Z-baseline-official-v2-author-approved,2026-07-09T11:07:42.578023+00:00,materialize_official_v2_author_signature.py
COL,2016,general_government,,,2.224050152674305e-10,0.17291050863863083,0.19078888047803702,0.0178783718394062,0.27719668486621,,-0.190788880255632,,like_for_like_excluding_social_contributions: GRD canonical tax excludes social contributions; OECD comparison subtracts OECD social_contrib_gdp from total tax.,contrast_only_not_baseline_anchor,UNUWIDERGRD_2025_General.xlsx,GRD User Guide 2025 advises most users to rely on revenue and tax figures exclusive of social contributions for completeness and comparability. The canonical total-revenue field also excludes grants for domestic fiscal-capacity use; all total-revenue variants from the file are retained.,v1.0.1-official-4c,v1.0.1-official-4c-anchors-20260709T110732Z-baseline-official-v2-author-approved,2026-07-09T11:07:42.578023+00:00,materialize_official_v2_author_signature.py
COL,2017,general_government,,,2.042368278109723e-10,0.1753277528395105,0.189833055836751,0.0145053029972405,0.26824972175386,,-0.18983305563251418,,like_for_like_excluding_social_contributions: GRD canonical tax excludes social contributions; OECD comparison subtracts OECD social_contrib_gdp from total tax.,contrast_only_not_baseline_anchor,UNUWIDERGRD_2025_General.xlsx,GRD User Guide 2025 advises most users to rely on revenue and tax figures exclusive of social contributions for completeness and comparability. The canonical total-revenue field also excludes grants for domestic fiscal-capacity use; all total-revenue variants from the file are retained.,v1.0.1-official-4c,v1.0.1-official-4c-anchors-20260709T110732Z-baseline-official-v2-author-approved,2026-07-09T11:07:42.578023+00:00,materialize_official_v2_author_signature.py
COL,2018,general_government,,,1.999961383505206e-10,0.17423509746701638,0.192651998801821,0.0184169013348046,0.29990242298186,,-0.19265199860182486,,like_for_like_excluding_social_contributions: GRD canonical tax excludes social contributions; OECD comparison subtracts OECD social_contrib_gdp from total tax.,contrast_only_not_baseline_anchor,UNUWIDERGRD_2025_General.xlsx,GRD User Guide 2025 advises most users to rely on revenue and tax figures exclusive of social contributions for completeness and comparability. The canonical total-revenue field also excludes grants for domestic fiscal-capacity use; all total-revenue variants from the file are retained.,v1.0.1-official-4c,v1.0.1-official-4c-anchors-20260709T110732Z-baseline-official-v2-author-approved,2026-07-09T11:07:42.578023+00:00,materialize_official_v2_author_signature.py
COL,2019,general_government,,,1.777754538981844e-10,0.1784752640527802,0.196923711078421,0.0184484470256408,0.29397056421942996,,-0.19692371090064553,,like_for_like_excluding_social_contributions: GRD canonical tax excludes social contributions; OECD comparison subtracts OECD social_contrib_gdp from total tax.,contrast_only_not_baseline_anchor,UNUWIDERGRD_2025_General.xlsx,GRD User Guide 2025 advises most users to rely on revenue and tax figures exclusive of social contributions for completeness and comparability. The canonical total-revenue field also excludes grants for domestic fiscal-capacity use; all total-revenue variants from the file are retained.,v1.0.1-official-4c,v1.0.1-official-4c-anchors-20260709T110732Z-baseline-official-v2-author-approved,2026-07-09T11:07:42.578023+00:00,materialize_official_v2_author_signature.py
COL,2020,general_government,,,1.9203968697161917e-10,0.1693080523333862,0.187725693720429,0.0184176413870428,0.26588116220092,,-0.1877256935283893,,like_for_like_excluding_social_contributions: GRD canonical tax excludes social contributions; OECD comparison subtracts OECD social_contrib_gdp from total tax.,contrast_only_not_baseline_anchor,UNUWIDERGRD_2025_General.xlsx,GRD User Guide 2025 advises most users to rely on revenue and tax figures exclusive of social contributions for completeness and comparability. The canonical total-revenue field also excludes grants for domestic fiscal-capacity use; all total-revenue variants from the file are retained.,v1.0.1-official-4c,v1.0.1-official-4c-anchors-20260709T110732Z-baseline-official-v2-author-approved,2026-07-09T11:07:42.578023+00:00,materialize_official_v2_author_signature.py
COL,2021,general_government,,,1.785414920368818e-10,0.1737606496038957,0.191933853860614,0.0181732042567183,0.27198069120587,,-0.19193385368207252,,like_for_like_excluding_social_contributions: GRD canonical tax excludes social contributions; OECD comparison subtracts OECD social_contrib_gdp from total tax.,contrast_only_not_baseline_anchor,UNUWIDERGRD_2025_General.xlsx,GRD User Guide 2025 advises most users to rely on revenue and tax figures exclusive of social contributions for completeness and comparability. The canonical total-revenue field also excludes grants for domestic fiscal-capacity use; all total-revenue variants from the file are retained.,v1.0.1-official-4c,v1.0.1-official-4c-anchors-20260709T110732Z-baseline-official-v2-author-approved,2026-07-09T11:07:42.578023+00:00,materialize_official_v2_author_signature.py
COL,2022,general_government,,,1.5034013605442178e-10,0.1800948747622822,0.196347257078858,0.0162523823165758,0.27727355990026,,-0.19634725692851787,,like_for_like_excluding_social_contributions: GRD canonical tax excludes social contributions; OECD comparison subtracts OECD social_contrib_gdp from total tax.,contrast_only_not_baseline_anchor,UNUWIDERGRD_2025_General.xlsx,GRD User Guide 2025 advises most users to rely on revenue and tax figures exclusive of social contributions for completeness and comparability. The canonical total-revenue field also excludes grants for domestic fiscal-capacity use; all total-revenue variants from the file are retained.,v1.0.1-official-4c,v1.0.1-official-4c-anchors-20260709T110732Z-baseline-official-v2-author-approved,2026-07-09T11:07:42.578023+00:00,materialize_official_v2_author_signature.py
COL,2023,general_government,,,1.6040731892080883e-10,0.20473881194271748,0.220754743140653,0.0160159311979355,0.32170876746366,,-0.22075474298024567,,like_for_like_excluding_social_contributions: GRD canonical tax excludes social contributions; OECD comparison subtracts OECD social_contrib_gdp from total tax.,contrast_only_not_baseline_anchor,UNUWIDERGRD_2025_General.xlsx,GRD User Guide 2025 advises most users to rely on revenue and tax figures exclusive of social contributions for completeness and comparability. The canonical total-revenue field also excludes grants for domestic fiscal-capacity use; all total-revenue variants from the file are retained.,v1.0.1-official-4c,v1.0.1-official-4c-anchors-20260709T110732Z-baseline-official-v2-author-approved,2026-07-09T11:07:42.578023+00:00,materialize_official_v2_author_signature.py
MEX,2000,general_government,,1.3527251060439935e-08,1.692523315990591e-08,0.0896434836643659,0.109342891261341,0.0196994075969751,0.16701285995366,-0.08964347013711485,-0.10934287433610784,,like_for_like_excluding_social_contributions: GRD canonical tax excludes social contributions; OECD comparison subtracts OECD social_contrib_gdp from total tax.,contrast_only_not_baseline_anchor,UNUWIDERGRD_2025_General.xlsx,GRD User Guide 2025 advises most users to rely on revenue and tax figures exclusive of social contributions for completeness and comparability. The canonical total-revenue field also excludes grants for domestic fiscal-capacity use; all total-revenue variants from the file are retained.,v1.0.1-official-4c,v1.0.1-official-4c-anchors-20260709T110732Z-baseline-official-v2-author-approved,2026-07-09T11:07:42.578023+00:00,materialize_official_v2_author_signature.py
MEX,2001,general_government,,1.351637916517636e-08,1.6866632975548485e-08,0.09534380057707931,0.11591207428670901,0.0205682737096297,0.16973732283741,-0.09534378706070014,-0.11591205742007603,,like_for_like_excluding_social_contributions: GRD canonical tax excludes social contributions; OECD comparison subtracts OECD social_contrib_gdp from total tax.,contrast_only_not_baseline_anchor,UNUWIDERGRD_2025_General.xlsx,GRD User Guide 2025 advises most users to rely on revenue and tax figures exclusive of social contributions for completeness and comparability. The canonical total-revenue field also excludes grants for domestic fiscal-capacity use; all total-revenue variants from the file are retained.,v1.0.1-official-4c,v1.0.1-official-4c-anchors-20260709T110732Z-baseline-official-v2-author-approved,2026-07-09T11:07:42.578023+00:00,materialize_official_v2_author_signature.py
MEX,2002,general_government,,1.3332314000018971e-08,1.6641611522483323e-08,0.09925386336408351,0.12009855728329401,0.0208446939192105,0.17586170042552,-0.09925385003176951,-0.12009854064168249,,like_for_like_excluding_social_contributions: GRD canonical tax excludes social contributions; OECD comparison subtracts OECD social_contrib_gdp from total tax.,contrast_only_not_baseline_anchor,UNUWIDERGRD_2025_General.xlsx,GRD User Guide 2025 advises most users to rely on revenue and tax figures exclusive of social contributions for completeness and comparability. The canonical total-revenue field also excludes grants for domestic fiscal-capacity use; all total-revenue variants from the file are retained.,v1.0.1-official-4c,v1.0.1-official-4c-anchors-20260709T110732Z-baseline-official-v2-author-approved,2026-07-09T11:07:42.578023+00:00,materialize_official_v2_author_signature.py
MEX,2003,general_government,2.043986595362791e-08,1.2019067944129818e-08,1.4614963356714001e-08,0.09927188489640221,0.12071276876334601,0.021440883866943802,0.19261130574235,-0.09927187287733426,-0.12071275414838266,-0.19261128530248403,like_for_like_excluding_social_contributions: GRD canonical tax excludes social contributions; OECD comparison subtracts OECD social_contrib_gdp from total tax.,contrast_only_not_baseline_anchor,UNUWIDERGRD_2025_General.xlsx,GRD User Guide 2025 advises most users to rely on revenue and tax figures exclusive of social contributions for completeness and comparability. The canonical total-revenue field also excludes grants for domestic fiscal-capacity use; all total-revenue variants from the file are retained.,v1.0.1-official-4c,v1.0.1-official-4c-anchors-20260709T110732Z-baseline-official-v2-author-approved,2026-07-09T11:07:42.578023+00:00,materialize_official_v2_author_signature.py
MEX,2004,general_government,1.8726421100502233e-08,9.678120382514973e-09,1.1930560360147512e-08,0.0895070348697905,0.11033847852733,0.0208314436575395,0.19112973886655,-0.08950702519167011,-0.11033846659676964,-0.19112972014012888,like_for_like_excluding_social_contributions: GRD canonical tax excludes social contributions; OECD comparison subtracts OECD social_contrib_gdp from total tax.,contrast_only_not_baseline_anchor,UNUWIDERGRD_2025_General.xlsx,GRD User Guide 2025 advises most users to rely on revenue and tax figures exclusive of social contributions for completeness and comparability. The canonical total-revenue field also excludes grants for domestic fiscal-capacity use; all total-revenue variants from the file are retained.,v1.0.1-official-4c,v1.0.1-official-4c-anchors-20260709T110732Z-baseline-official-v2-author-approved,2026-07-09T11:07:42.578023+00:00,materialize_official_v2_author_signature.py
MEX,2005,general_government,1.7601026730291142e-08,8.800013246911893e-09,1.0865693911179532e-08,0.08799661303617029,0.10865258961932399,0.020655976583153702,0.19722058427040998,-0.08799660423615704,-0.10865257875363007,-0.19722056666938326,like_for_like_excluding_social_contributions: GRD canonical tax excludes social contributions; OECD comparison subtracts OECD social_contrib_gdp from total tax.,contrast_only_not_baseline_anchor,UNUWIDERGRD_2025_General.xlsx,GRD User Guide 2025 advises most users to rely on revenue and tax figures exclusive of social contributions for completeness and comparability. The canonical total-revenue field also excludes grants for domestic fiscal-capacity use; all total-revenue variants from the file are retained.,v1.0.1-official-4c,v1.0.1-official-4c-anchors-20260709T110732Z-baseline-official-v2-author-approved,2026-07-09T11:07:42.578023+00:00,materialize_official_v2_author_signature.py
MEX,2006,general_government,1.6434261984510237e-08,8.222630770256375e-09,9.96191643577143e-09,0.0914366048701663,0.110777662381117,0.0193410575109507,0.20350678961623,-0.09143659664753553,-0.11077765241920057,-0.20350677318196803,like_for_like_excluding_social_contributions: GRD canonical tax excludes social contributions; OECD comparison subtracts OECD social_contrib_gdp from total tax.,contrast_only_not_baseline_anchor,UNUWIDERGRD_2025_General.xlsx,GRD User Guide 2025 advises most users to rely on revenue and tax figures exclusive of social contributions for completeness and comparability. The canonical total-revenue field also excludes grants for domestic fiscal-capacity use; all total-revenue variants from the file are retained.,v1.0.1-official-4c,v1.0.1-official-4c-anchors-20260709T110732Z-baseline-official-v2-author-approved,2026-07-09T11:07:42.578023+00:00,materialize_official_v2_author_signature.py
MEX,2007,general_government,1.5045612041041585e-08,7.892382307574195e-09,9.523582725192068e-09,0.0950775796935341,0.114728244891023,0.019650665197488898,0.21062675747678,-0.0950775718011518,-0.11472823536744027,-0.21062674243116797,like_for_like_excluding_social_contributions: GRD canonical tax excludes social contributions; OECD comparison subtracts OECD social_contrib_gdp from total tax.,contrast_only_not_baseline_anchor,UNUWIDERGRD_2025_General.xlsx,GRD User Guide 2025 advises most users to rely on revenue and tax figures exclusive of social contributions for completeness and comparability. The canonical total-revenue field also excludes grants for domestic fiscal-capacity use; all total-revenue variants from the file are retained.,v1.0.1-official-4c,v1.0.1-official-4c-anchors-20260709T110732Z-baseline-official-v2-author-approved,2026-07-09T11:07:42.578023+00:00,materialize_official_v2_author_signature.py
MEX,2008,general_government,1.6425446413667393e-08,7.863016387703819e-09,9.313310885377189e-09,0.10165119431695131,0.12040025290869201,0.0187490585917407,0.25820675950474004,-0.10165118645393492,-0.12040024359538112,-0.25820674307929364,like_for_like_excluding_social_contributions: GRD canonical tax excludes social contributions; OECD comparison subtracts OECD social_contrib_gdp from total tax.,contrast_only_not_baseline_anchor,UNUWIDERGRD_2025_General.xlsx,GRD User Guide 2025 advises most users to rely on revenue and tax figures exclusive of social contributions for completeness and comparability. The canonical total-revenue field also excludes grants for domestic fiscal-capacity use; all total-revenue variants from the file are retained.,v1.0.1-official-4c,v1.0.1-official-4c-anchors-20260709T110732Z-baseline-official-v2-author-approved,2026-07-09T11:07:42.578023+00:00,materialize_official_v2_author_signature.py
MEX,2009,general_government,1.524994150062896e-08,7.718744921414413e-09,9.329199943274221e-09,0.0984071885499658,0.118939070249036,0.0205318816990702,0.2258119795727,-0.09840718083122088,-0.11893906091983605,-0.2258119643227585,like_for_like_excluding_social_contributions: GRD canonical tax excludes social contributions; OECD comparison subtracts OECD social_contrib_gdp from total tax.,contrast_only_not_baseline_anchor,UNUWIDERGRD_2025_General.xlsx,GRD User Guide 2025 advises most users to rely on revenue and tax figures exclusive of social contributions for completeness and comparability. The canonical total-revenue field also excludes grants for domestic fiscal-capacity use; all total-revenue variants from the file are retained.,v1.0.1-official-4c,v1.0.1-official-4c-anchors-20260709T110732Z-baseline-official-v2-author-approved,2026-07-09T11:07:42.578023+00:00,materialize_official_v2_author_signature.py
MEX,2010,general_government,1.4095141575655175e-08,7.374248721459049e-09,8.796318923633998e-09,0.10300461771159351,0.12286831002654701,0.0198636923149535,0.22678321304363,-0.10300461033734479,-0.12286830123022809,-0.22678319894848842,like_for_like_excluding_social_contributions: GRD canonical tax excludes social contributions; OECD comparison subtracts OECD social_contrib_gdp from total tax.,contrast_only_not_baseline_anchor,UNUWIDERGRD_2025_General.xlsx,GRD User Guide 2025 advises most users to rely on revenue and tax figures exclusive of social contributions for completeness and comparability. The canonical total-revenue field also excludes grants for domestic fiscal-capacity use; all total-revenue variants from the file are retained.,v1.0.1-official-4c,v1.0.1-official-4c-anchors-20260709T110732Z-baseline-official-v2-author-approved,2026-07-09T11:07:42.578023+00:00,materialize_official_v2_author_signature.py
MEX,2011,general_government,1.3552227474503429e-08,6.734069129557464e-09,8.03149553806617e-09,0.102818716830782,0.122628386496683,0.019809669665901,0.23417943939432,-0.10281871009671287,-0.12262837846518747,-0.23417942584209253,like_for_like_excluding_social_contributions: GRD canonical tax excludes social contributions; OECD comparison subtracts OECD social_contrib_gdp from total tax.,contrast_only_not_baseline_anchor,UNUWIDERGRD_2025_General.xlsx,GRD User Guide 2025 advises most users to rely on revenue and tax figures exclusive of social contributions for completeness and comparability. The canonical total-revenue field also excludes grants for domestic fiscal-capacity use; all total-revenue variants from the file are retained.,v1.0.1-official-4c,v1.0.1-official-4c-anchors-20260709T110732Z-baseline-official-v2-author-approved,2026-07-09T11:07:42.578023+00:00,materialize_official_v2_author_signature.py
MEX,2012,general_government,1.264988180010258e-08,6.1142944511577424e-09,7.3233457457288064e-09,0.10106392615697041,0.121048483421916,0.0199845572649456,0.23433699194117,-0.10106392004267596,-0.12104847609857025,-0.2343369792912882,like_for_like_excluding_social_contributions: GRD canonical tax excludes social contributions; OECD comparison subtracts OECD social_contrib_gdp from total tax.,contrast_only_not_baseline_anchor,UNUWIDERGRD_2025_General.xlsx,GRD User Guide 2025 advises most users to rely on revenue and tax figures exclusive of social contributions for completeness and comparability. The canonical total-revenue field also excludes grants for domestic fiscal-capacity use; all total-revenue variants from the file are retained.,v1.0.1-official-4c,v1.0.1-official-4c-anchors-20260709T110732Z-baseline-official-v2-author-approved,2026-07-09T11:07:42.578023+00:00,materialize_official_v2_author_signature.py
MEX,2013,general_government,1.2610893815274036e-08,6.309207062170608e-09,7.5337928295656e-09,0.10696633310930939,0.127727967946216,0.0207616348369066,0.23109448222087,-0.10696632680010233,-0.12772796041242315,-0.2310944696099762,like_for_like_excluding_social_contributions: GRD canonical tax excludes social contributions; OECD comparison subtracts OECD social_contrib_gdp from total tax.,contrast_only_not_baseline_anchor,UNUWIDERGRD_2025_General.xlsx,GRD User Guide 2025 advises most users to rely on revenue and tax figures exclusive of social contributions for completeness and comparability. The canonical total-revenue field also excludes grants for domestic fiscal-capacity use; all total-revenue variants from the file are retained.,v1.0.1-official-4c,v1.0.1-official-4c-anchors-20260709T110732Z-baseline-official-v2-author-approved,2026-07-09T11:07:42.578023+00:00,materialize_official_v2_author_signature.py
MEX,2014,general_government,1.1602114976058245e-08,6.127851359512069e-09,7.278011960565315e-09,0.11114482699007351,0.13200603927517102,0.0208612122850975,0.22578121521013,-0.11114482086222215,-0.13200603199715905,-0.22578120360801504,like_for_like_excluding_social_contributions: GRD canonical tax excludes social contributions; OECD comparison subtracts OECD social_contrib_gdp from total tax.,contrast_only_not_baseline_anchor,UNUWIDERGRD_2025_General.xlsx,GRD User Guide 2025 advises most users to rely on revenue and tax figures exclusive of social contributions for completeness and comparability. The canonical total-revenue field also excludes grants for domestic fiscal-capacity use; all total-revenue variants from the file are retained.,v1.0.1-official-4c,v1.0.1-official-4c-anchors-20260709T110732Z-baseline-official-v2-author-approved,2026-07-09T11:07:42.578023+00:00,materialize_official_v2_author_signature.py
MEX,2015,general_government,1.0520754697863025e-08,6.881142864899566e-09,7.98800012731126e-09,0.1323148522626113,0.153598184083825,0.0212833318212137,0.22698584121149998,-0.13231484538146843,-0.15359817609582488,-0.2269858306907453,like_for_like_excluding_social_contributions: GRD canonical tax excludes social contributions; OECD comparison subtracts OECD social_contrib_gdp from total tax.,contrast_only_not_baseline_anchor,UNUWIDERGRD_2025_General.xlsx,GRD User Guide 2025 advises most users to rely on revenue and tax figures exclusive of social contributions for completeness and comparability. The canonical total-revenue field also excludes grants for domestic fiscal-capacity use; all total-revenue variants from the file are retained.,v1.0.1-official-4c,v1.0.1-official-4c-anchors-20260709T110732Z-baseline-official-v2-author-approved,2026-07-09T11:07:42.578023+00:00,materialize_official_v2_author_signature.py
MEX,2016,general_government,1.0139688609159993e-08,6.748967980401237e-09,7.758414690409917e-09,0.1401004210107225,0.161055318116711,0.020954897105988503,0.23841111867853002,-0.14010041426175454,-0.16105531035829632,-0.2384111085388414,like_for_like_excluding_social_contributions: GRD canonical tax excludes social contributions; OECD comparison subtracts OECD social_contrib_gdp from total tax.,contrast_only_not_baseline_anchor,UNUWIDERGRD_2025_General.xlsx,GRD User Guide 2025 advises most users to rely on revenue and tax figures exclusive of social contributions for completeness and comparability. The canonical total-revenue field also excludes grants for domestic fiscal-capacity use; all total-revenue variants from the file are retained.,v1.0.1-official-4c,v1.0.1-official-4c-anchors-20260709T110732Z-baseline-official-v2-author-approved,2026-07-09T11:07:42.578023+00:00,materialize_official_v2_author_signature.py
MEX,2017,general_government,9.253596974667612e-09,6.0238804734158485e-09,6.944606922923765e-09,0.1357554397530287,0.15650511822936,0.020749678476331298,0.23984132267382002,-0.13575543372914822,-0.15650511128475308,-0.23984131342022305,like_for_like_excluding_social_contributions: GRD canonical tax excludes social contributions; OECD comparison subtracts OECD social_contrib_gdp from total tax.,contrast_only_not_baseline_anchor,UNUWIDERGRD_2025_General.xlsx,GRD User Guide 2025 advises most users to rely on revenue and tax figures exclusive of social contributions for completeness and comparability. The canonical total-revenue field also excludes grants for domestic fiscal-capacity use; all total-revenue variants from the file are retained.,v1.0.1-official-4c,v1.0.1-official-4c-anchors-20260709T110732Z-baseline-official-v2-author-approved,2026-07-09T11:07:42.578023+00:00,materialize_official_v2_author_signature.py
MEX,2018,general_government,8.120164027200629e-09,5.626581288095932e-09,6.497542528775403e-09,0.13603199974004018,0.157088943005581,0.0210569432655408,0.22831150123991,-0.1360319941134589,-0.15708893650803846,-0.228311493119746,like_for_like_excluding_social_contributions: GRD canonical tax excludes social contributions; OECD comparison subtracts OECD social_contrib_gdp from total tax.,contrast_only_not_baseline_anchor,UNUWIDERGRD_2025_General.xlsx,GRD User Guide 2025 advises most users to rely on revenue and tax figures exclusive of social contributions for completeness and comparability. The canonical total-revenue field also excludes grants for domestic fiscal-capacity use; all total-revenue variants from the file are retained.,v1.0.1-official-4c,v1.0.1-official-4c-anchors-20260709T110732Z-baseline-official-v2-author-approved,2026-07-09T11:07:42.578023+00:00,materialize_official_v2_author_signature.py
MEX,2019,general_government,7.805147609642726e-09,5.447301236193369e-09,6.320582482308203e-09,0.13707586890497028,0.159051111773593,0.0219752428686227,0.22997031481126,-0.13707586345766903,-0.15905110545301052,-0.2299703070061124,like_for_like_excluding_social_contributions: GRD canonical tax excludes social contributions; OECD comparison subtracts OECD social_contrib_gdp from total tax.,contrast_only_not_baseline_anchor,UNUWIDERGRD_2025_General.xlsx,GRD User Guide 2025 advises most users to rely on revenue and tax figures exclusive of social contributions for completeness and comparability. The canonical total-revenue field also excludes grants for domestic fiscal-capacity use; all total-revenue variants from the file are retained.,v1.0.1-official-4c,v1.0.1-official-4c-anchors-20260709T110732Z-baseline-official-v2-author-approved,2026-07-09T11:07:42.578023+00:00,materialize_official_v2_author_signature.py
MEX,2020,general_government,8.484906976998916e-09,6.1605224675036005e-09,7.153775198229044e-09,0.1483255095277951,0.17223983379067,0.023914324262874903,0.23492741374543002,-0.14832550336727263,-0.1722398266368948,-0.23492740526052305,like_for_like_excluding_social_contributions: GRD canonical tax excludes social contributions; OECD comparison subtracts OECD social_contrib_gdp from total tax.,contrast_only_not_baseline_anchor,UNUWIDERGRD_2025_General.xlsx,GRD User Guide 2025 advises most users to rely on revenue and tax figures exclusive of social contributions for completeness and comparability. The canonical total-revenue field also excludes grants for domestic fiscal-capacity use; all total-revenue variants from the file are retained.,v1.0.1-official-4c,v1.0.1-official-4c-anchors-20260709T110732Z-baseline-official-v2-author-approved,2026-07-09T11:07:42.578023+00:00,materialize_official_v2_author_signature.py
MEX,2021,general_government,7.228659146292793e-09,5.419581543736078e-09,6.283533646376839e-09,0.1438808269584649,0.166817308859289,0.0229364819008241,0.22937162240865,-0.14388082153888337,-0.16681730257575536,-0.22937161517999086,like_for_like_excluding_social_contributions: GRD canonical tax excludes social contributions; OECD comparison subtracts OECD social_contrib_gdp from total tax.,contrast_only_not_baseline_anchor,UNUWIDERGRD_2025_General.xlsx,GRD User Guide 2025 advises most users to rely on revenue and tax figures exclusive of social contributions for completeness and comparability. The canonical total-revenue field also excludes grants for domestic fiscal-capacity use; all total-revenue variants from the file are retained.,v1.0.1-official-4c,v1.0.1-official-4c-anchors-20260709T110732Z-baseline-official-v2-author-approved,2026-07-09T11:07:42.578023+00:00,materialize_official_v2_author_signature.py
MEX,2022,general_government,6.6928549104805215e-09,4.768285965704499e-09,5.554102524199026e-09,0.1445535275641206,0.167648478556298,0.0230949509921774,0.24186707450403,-0.14455352279583464,-0.16764847300219549,-0.2418670678111751,like_for_like_excluding_social_contributions: GRD canonical tax excludes social contributions; OECD comparison subtracts OECD social_contrib_gdp from total tax.,contrast_only_not_baseline_anchor,UNUWIDERGRD_2025_General.xlsx,GRD User Guide 2025 advises most users to rely on revenue and tax figures exclusive of social contributions for completeness and comparability. The canonical total-revenue field also excludes grants for domestic fiscal-capacity use; all total-revenue variants from the file are retained.,v1.0.1-official-4c,v1.0.1-official-4c-anchors-20260709T110732Z-baseline-official-v2-author-approved,2026-07-09T11:07:42.578023+00:00,materialize_official_v2_author_signature.py
MEX,2023,general_government,6.444924823879142e-09,4.83286462781581e-09,5.587467983755877e-09,0.1534001642907099,0.17730526596526702,0.023905101674557103,0.24284482760082,-0.15340015945784527,-0.17730526037779903,-0.24284482115589517,like_for_like_excluding_social_contributions: GRD canonical tax excludes social contributions; OECD comparison subtracts OECD social_contrib_gdp from total tax.,contrast_only_not_baseline_anchor,UNUWIDERGRD_2025_General.xlsx,GRD User Guide 2025 advises most users to rely on revenue and tax figures exclusive of social contributions for completeness and comparability. The canonical total-revenue field also excludes grants for domestic fiscal-capacity use; all total-revenue variants from the file are retained.,v1.0.1-official-4c,v1.0.1-official-4c-anchors-20260709T110732Z-baseline-official-v2-author-approved,2026-07-09T11:07:42.578023+00:00,materialize_official_v2_author_signature.py
PER,2000,general_government,1.005650546530839e-06,7.514394244275761e-07,8.544353298914767e-07,0.1327217773142399,0.15083130791972998,0.0181095306054901,0.19619246909508997,-0.13272102587481546,-0.1508304534844001,-0.19619146344454344,like_for_like_excluding_social_contributions: GRD canonical tax excludes social contributions; OECD comparison subtracts OECD social_contrib_gdp from total tax.,contrast_only_not_baseline_anchor,UNUWIDERGRD_2025_General.xlsx,GRD User Guide 2025 advises most users to rely on revenue and tax figures exclusive of social contributions for completeness and comparability. The canonical total-revenue field also excludes grants for domestic fiscal-capacity use; all total-revenue variants from the file are retained.,v1.0.1-official-4c,v1.0.1-official-4c-anchors-20260709T110732Z-baseline-official-v2-author-approved,2026-07-09T11:07:42.578023+00:00,materialize_official_v2_author_signature.py
PER,2001,general_government,9.406516102495076e-07,7.494618524754532e-07,8.512411621477325e-07,0.1322465968484782,0.150464539698233,0.0182179428497548,0.18779885458863,-0.13224584738662573,-0.15046368845707087,-0.18779791393701975,like_for_like_excluding_social_contributions: GRD canonical tax excludes social contributions; OECD comparison subtracts OECD social_contrib_gdp from total tax.,contrast_only_not_baseline_anchor,UNUWIDERGRD_2025_General.xlsx,GRD User Guide 2025 advises most users to rely on revenue and tax figures exclusive of social contributions for completeness and comparability. The canonical total-revenue field also excludes grants for domestic fiscal-capacity use; all total-revenue variants from the file are retained.,v1.0.1-official-4c,v1.0.1-official-4c-anchors-20260709T110732Z-baseline-official-v2-author-approved,2026-07-09T11:07:42.578023+00:00,materialize_official_v2_author_signature.py
PER,2002,general_government,8.607765439234457e-07,6.832170949119797e-07,7.754369035413059e-07,0.12991096113579692,0.147392879718992,0.0174819185831951,0.18245196108399997,-0.12991027791870202,-0.14739210428208846,-0.18245110030745604,like_for_like_excluding_social_contributions: GRD canonical tax excludes social contributions; OECD comparison subtracts OECD social_contrib_gdp from total tax.,contrast_only_not_baseline_anchor,UNUWIDERGRD_2025_General.xlsx,GRD User Guide 2025 advises most users to rely on revenue and tax figures exclusive of social contributions for completeness and comparability. The canonical total-revenue field also excludes grants for domestic fiscal-capacity use; all total-revenue variants from the file are retained.,v1.0.1-official-4c,v1.0.1-official-4c-anchors-20260709T110732Z-baseline-official-v2-author-approved,2026-07-09T11:07:42.578023+00:00,materialize_official_v2_author_signature.py
PER,2003,general_government,8.149024326225987e-07,6.751074243640531e-07,7.59622185551211e-07,0.1374855477404146,0.154660185786606,0.0171746380461914,0.18491002494941,-0.13748487263299025,-0.15465942616442047,-0.18490921004697738,like_for_like_excluding_social_contributions: GRD canonical tax excludes social contributions; OECD comparison subtracts OECD social_contrib_gdp from total tax.,contrast_only_not_baseline_anchor,UNUWIDERGRD_2025_General.xlsx,GRD User Guide 2025 advises most users to rely on revenue and tax figures exclusive of social contributions for completeness and comparability. The canonical total-revenue field also excludes grants for domestic fiscal-capacity use; all total-revenue variants from the file are retained.,v1.0.1-official-4c,v1.0.1-official-4c-anchors-20260709T110732Z-baseline-official-v2-author-approved,2026-07-09T11:07:42.578023+00:00,materialize_official_v2_author_signature.py
PER,2004,general_government,7.42440464422092e-07,6.248576809148563e-07,6.982386984283129e-07,0.1402308554513037,0.156814189419505,0.0165833339682013,0.18525158180175003,-0.1402302305936228,-0.1568134911808066,-0.1852508393612856,like_for_like_excluding_social_contributions: GRD canonical tax excludes social contributions; OECD comparison subtracts OECD social_contrib_gdp from total tax.,contrast_only_not_baseline_anchor,UNUWIDERGRD_2025_General.xlsx,GRD User Guide 2025 advises most users to rely on revenue and tax figures exclusive of social contributions for completeness and comparability. The canonical total-revenue field also excludes grants for domestic fiscal-capacity use; all total-revenue variants from the file are retained.,v1.0.1-official-4c,v1.0.1-official-4c-anchors-20260709T110732Z-baseline-official-v2-author-approved,2026-07-09T11:07:42.578023+00:00,materialize_official_v2_author_signature.py
PER,2005,general_government,7.434242804895583e-07,6.029577403134574e-07,6.701728384737275e-07,0.1476443934685124,0.164091829006204,0.0164474355376916,0.19943061749184998,-0.1476437905107721,-0.16409115883336553,-0.19942987406756948,like_for_like_excluding_social_contributions: GRD canonical tax excludes social contributions; OECD comparison subtracts OECD social_contrib_gdp from total tax.,contrast_only_not_baseline_anchor,UNUWIDERGRD_2025_General.xlsx,GRD User Guide 2025 advises most users to rely on revenue and tax figures exclusive of social contributions for completeness and comparability. The canonical total-revenue field also excludes grants for domestic fiscal-capacity use; all total-revenue variants from the file are retained.,v1.0.1-official-4c,v1.0.1-official-4c-anchors-20260709T110732Z-baseline-official-v2-author-approved,2026-07-09T11:07:42.578023+00:00,materialize_official_v2_author_signature.py
PER,2006,general_government,6.806469786097442e-07,5.638039808374939e-07,6.20269181414594e-07,0.16179143362119452,0.17883229135016201,0.0170408577289675,0.21191192382448001,-0.1617908698172137,-0.1788316710809806,-0.2119112431775014,like_for_like_excluding_social_contributions: GRD canonical tax excludes social contributions; OECD comparison subtracts OECD social_contrib_gdp from total tax.,contrast_only_not_baseline_anchor,UNUWIDERGRD_2025_General.xlsx,GRD User Guide 2025 advises most users to rely on revenue and tax figures exclusive of social contributions for completeness and comparability. The canonical total-revenue field also excludes grants for domestic fiscal-capacity use; all total-revenue variants from the file are retained.,v1.0.1-official-4c,v1.0.1-official-4c-anchors-20260709T110732Z-baseline-official-v2-author-approved,2026-07-09T11:07:42.578023+00:00,materialize_official_v2_author_signature.py
PER,2007,general_government,6.327743893856283e-07,5.220865280644562e-07,5.728798906243915e-07,0.1667336205406138,0.183138331566473,0.0164047110258592,0.21941507665015,-0.16673309845408574,-0.18313775868658236,-0.21941444387576062,like_for_like_excluding_social_contributions: GRD canonical tax excludes social contributions; OECD comparison subtracts OECD social_contrib_gdp from total tax.,contrast_only_not_baseline_anchor,UNUWIDERGRD_2025_General.xlsx,GRD User Guide 2025 advises most users to rely on revenue and tax figures exclusive of social contributions for completeness and comparability. The canonical total-revenue field also excludes grants for domestic fiscal-capacity use; all total-revenue variants from the file are retained.,v1.0.1-official-4c,v1.0.1-official-4c-anchors-20260709T110732Z-baseline-official-v2-author-approved,2026-07-09T11:07:42.578023+00:00,materialize_official_v2_author_signature.py
PER,2008,general_government,5.706329927824182e-07,4.7302244525881273e-07,5.265893333910099e-07,0.16812467008572213,0.18727302909552102,0.0191483590097989,0.2237894220251,-0.16812419706327686,-0.18727250250618763,-0.22378885139210722,like_for_like_excluding_social_contributions: GRD canonical tax excludes social contributions; OECD comparison subtracts OECD social_contrib_gdp from total tax.,contrast_only_not_baseline_anchor,UNUWIDERGRD_2025_General.xlsx,GRD User Guide 2025 advises most users to rely on revenue and tax figures exclusive of social contributions for completeness and comparability. The canonical total-revenue field also excludes grants for domestic fiscal-capacity use; all total-revenue variants from the file are retained.,v1.0.1-official-4c,v1.0.1-official-4c-anchors-20260709T110732Z-baseline-official-v2-author-approved,2026-07-09T11:07:42.578023+00:00,materialize_official_v2_author_signature.py
PER,2009,general_government,4.931090144556019e-07,3.999889056249615e-07,4.535608546438227e-07,0.1460361614997337,0.165668641829233,0.0196324803294993,0.19865872625480002,-0.14603576151082806,-0.16566818826837834,-0.19865823314578557,like_for_like_excluding_social_contributions: GRD canonical tax excludes social contributions; OECD comparison subtracts OECD social_contrib_gdp from total tax.,contrast_only_not_baseline_anchor,UNUWIDERGRD_2025_General.xlsx,GRD User Guide 2025 advises most users to rely on revenue and tax figures exclusive of social contributions for completeness and comparability. The canonical total-revenue field also excludes grants for domestic fiscal-capacity use; all total-revenue variants from the file are retained.,v1.0.1-official-4c,v1.0.1-official-4c-anchors-20260709T110732Z-baseline-official-v2-author-approved,2026-07-09T11:07:42.578023+00:00,materialize_official_v2_author_signature.py
PER,2010,general_government,4.5547997711481047e-07,3.711248926920524e-07,4.159492243472001e-07,0.1561392690130907,0.174941117763939,0.0188018487508483,0.20986336152617,-0.156138897888198,-0.17494070181471466,-0.20986290604619287,like_for_like_excluding_social_contributions: GRD canonical tax excludes social contributions; OECD comparison subtracts OECD social_contrib_gdp from total tax.,contrast_only_not_baseline_anchor,UNUWIDERGRD_2025_General.xlsx,GRD User Guide 2025 advises most users to rely on revenue and tax figures exclusive of social contributions for completeness and comparability. The canonical total-revenue field also excludes grants for domestic fiscal-capacity use; all total-revenue variants from the file are retained.,v1.0.1-official-4c,v1.0.1-official-4c-anchors-20260709T110732Z-baseline-official-v2-author-approved,2026-07-09T11:07:42.578023+00:00,materialize_official_v2_author_signature.py
PER,2011,general_government,4.237844046679253e-07,3.4681768687375467e-07,3.8753652449581193e-07,0.16395543973255378,0.18299049154608898,0.0190350518135352,0.21842366962753001,-0.1639550929148669,-0.1829901040095645,-0.21842324584312534,like_for_like_excluding_social_contributions: GRD canonical tax excludes social contributions; OECD comparison subtracts OECD social_contrib_gdp from total tax.,contrast_only_not_baseline_anchor,UNUWIDERGRD_2025_General.xlsx,GRD User Guide 2025 advises most users to rely on revenue and tax figures exclusive of social contributions for completeness and comparability. The canonical total-revenue field also excludes grants for domestic fiscal-capacity use; all total-revenue variants from the file are retained.,v1.0.1-official-4c,v1.0.1-official-4c-anchors-20260709T110732Z-baseline-official-v2-author-approved,2026-07-09T11:07:42.578023+00:00,materialize_official_v2_author_signature.py
PER,2012,general_government,4.0264895884764255e-07,3.313282104118156e-07,3.7089200586550327e-07,0.16789610585346693,0.187818081268691,0.0199219754152241,0.22375053339744,-0.1678957745252565,-0.18781771037668515,-0.22375013074848116,like_for_like_excluding_social_contributions: GRD canonical tax excludes social contributions; OECD comparison subtracts OECD social_contrib_gdp from total tax.,contrast_only_not_baseline_anchor,UNUWIDERGRD_2025_General.xlsx,GRD User Guide 2025 advises most users to rely on revenue and tax figures exclusive of social contributions for completeness and comparability. The canonical total-revenue field also excludes grants for domestic fiscal-capacity use; all total-revenue variants from the file are retained.,v1.0.1-official-4c,v1.0.1-official-4c-anchors-20260709T110732Z-baseline-official-v2-author-approved,2026-07-09T11:07:42.578023+00:00,materialize_official_v2_author_signature.py
PER,2013,general_government,3.7012050961565e-07,3.0430725774569134e-07,3.4248270108725025e-07,0.16573683569765482,0.18625674925580402,0.020519913558149198,0.22211208280451,-0.16573653139039707,-0.18625640677310293,-0.2221117126840004,like_for_like_excluding_social_contributions: GRD canonical tax excludes social contributions; OECD comparison subtracts OECD social_contrib_gdp from total tax.,contrast_only_not_baseline_anchor,UNUWIDERGRD_2025_General.xlsx,GRD User Guide 2025 advises most users to rely on revenue and tax figures exclusive of social contributions for completeness and comparability. The canonical total-revenue field also excludes grants for domestic fiscal-capacity use; all total-revenue variants from the file are retained.,v1.0.1-official-4c,v1.0.1-official-4c-anchors-20260709T110732Z-baseline-official-v2-author-approved,2026-07-09T11:07:42.578023+00:00,materialize_official_v2_author_signature.py
PER,2014,general_government,3.5168616124965004e-07,2.918059510821346e-07,3.29196393026131e-07,0.16769000631745432,0.188128654740038,0.020438648422583697,0.22209145304286998,-0.16768971451150325,-0.18812832554364498,-0.22209110135670873,like_for_like_excluding_social_contributions: GRD canonical tax excludes social contributions; OECD comparison subtracts OECD social_contrib_gdp from total tax.,contrast_only_not_baseline_anchor,UNUWIDERGRD_2025_General.xlsx,GRD User Guide 2025 advises most users to rely on revenue and tax figures exclusive of social contributions for completeness and comparability. The canonical total-revenue field also excludes grants for domestic fiscal-capacity use; all total-revenue variants from the file are retained.,v1.0.1-official-4c,v1.0.1-official-4c-anchors-20260709T110732Z-baseline-official-v2-author-approved,2026-07-09T11:07:42.578023+00:00,materialize_official_v2_author_signature.py
PER,2015,general_government,2.948917479305983e-07,2.459304162717367e-07,2.8269921001168075e-07,0.14953072955479801,0.170007890347527,0.020477160792729,0.19973412793973,-0.14953048362438173,-0.170007607648317,-0.19973383304798206,like_for_like_excluding_social_contributions: GRD canonical tax excludes social contributions; OECD comparison subtracts OECD social_contrib_gdp from total tax.,contrast_only_not_baseline_anchor,UNUWIDERGRD_2025_General.xlsx,GRD User Guide 2025 advises most users to rely on revenue and tax figures exclusive of social contributions for completeness and comparability. The canonical total-revenue field also excludes grants for domestic fiscal-capacity use; all total-revenue variants from the file are retained.,v1.0.1-official-4c,v1.0.1-official-4c-anchors-20260709T110732Z-baseline-official-v2-author-approved,2026-07-09T11:07:42.578023+00:00,materialize_official_v2_author_signature.py
PER,2016,general_government,2.519404475688356e-07,2.0977811799345235e-07,2.427557683472592e-07,0.1370527853901706,0.156688411429897,0.0196356260397264,0.18386249957765,-0.1370525756120526,-0.15668816867412866,-0.18386224763720244,like_for_like_excluding_social_contributions: GRD canonical tax excludes social contributions; OECD comparison subtracts OECD social_contrib_gdp from total tax.,contrast_only_not_baseline_anchor,UNUWIDERGRD_2025_General.xlsx,GRD User Guide 2025 advises most users to rely on revenue and tax figures exclusive of social contributions for completeness and comparability. The canonical total-revenue field also excludes grants for domestic fiscal-capacity use; all total-revenue variants from the file are retained.,v1.0.1-official-4c,v1.0.1-official-4c-anchors-20260709T110732Z-baseline-official-v2-author-approved,2026-07-09T11:07:42.578023+00:00,materialize_official_v2_author_signature.py
PER,2017,general_government,2.293996409155042e-07,1.8726250322488926e-07,2.1680284058565045e-07,0.1303551973726842,0.14946072133603,0.0191055239633458,0.17834306954131002,-0.13035501011018097,-0.1494605045331894,-0.1783428401416691,like_for_like_excluding_social_contributions: GRD canonical tax excludes social contributions; OECD comparison subtracts OECD social_contrib_gdp from total tax.,contrast_only_not_baseline_anchor,UNUWIDERGRD_2025_General.xlsx,GRD User Guide 2025 advises most users to rely on revenue and tax figures exclusive of social contributions for completeness and comparability. The canonical total-revenue field also excludes grants for domestic fiscal-capacity use; all total-revenue variants from the file are retained.,v1.0.1-official-4c,v1.0.1-official-4c-anchors-20260709T110732Z-baseline-official-v2-author-approved,2026-07-09T11:07:42.578023+00:00,materialize_official_v2_author_signature.py
PER,2018,general_government,2.3189187576637862e-07,1.9183277629048193e-07,2.208553815789524e-07,0.14158186248400112,0.161269528969459,0.0196876664854579,0.1902416548543,-0.14158167065122482,-0.16126930811407744,-0.19024142296242424,like_for_like_excluding_social_contributions: GRD canonical tax excludes social contributions; OECD comparison subtracts OECD social_contrib_gdp from total tax.,contrast_only_not_baseline_anchor,UNUWIDERGRD_2025_General.xlsx,GRD User Guide 2025 advises most users to rely on revenue and tax figures exclusive of social contributions for completeness and comparability. The canonical total-revenue field also excludes grants for domestic fiscal-capacity use; all total-revenue variants from the file are retained.,v1.0.1-official-4c,v1.0.1-official-4c-anchors-20260709T110732Z-baseline-official-v2-author-approved,2026-07-09T11:07:42.578023+00:00,materialize_official_v2_author_signature.py
PER,2019,general_government,2.2928162852337306e-07,1.8819045431539748e-07,2.1674343742942428e-07,0.14321879372097182,0.16280707186097002,0.0195882781399982,0.1945212028537,-0.14321860553051752,-0.1628068551175326,-0.1945209735720715,like_for_like_excluding_social_contributions: GRD canonical tax excludes social contributions; OECD comparison subtracts OECD social_contrib_gdp from total tax.,contrast_only_not_baseline_anchor,UNUWIDERGRD_2025_General.xlsx,GRD User Guide 2025 advises most users to rely on revenue and tax figures exclusive of social contributions for completeness and comparability. The canonical total-revenue field also excludes grants for domestic fiscal-capacity use; all total-revenue variants from the file are retained.,v1.0.1-official-4c,v1.0.1-official-4c-anchors-20260709T110732Z-baseline-official-v2-author-approved,2026-07-09T11:07:42.578023+00:00,materialize_official_v2_author_signature.py
PER,2020,general_government,2.233896624633078e-07,1.834027701293559e-07,2.1406413506403015e-07,0.1295912279005644,0.149591190403903,0.0199999625033386,0.17484578092332,-0.12959104449779427,-0.14959097633976795,-0.17484555753365755,like_for_like_excluding_social_contributions: GRD canonical tax excludes social contributions; OECD comparison subtracts OECD social_contrib_gdp from total tax.,contrast_only_not_baseline_anchor,UNUWIDERGRD_2025_General.xlsx,GRD User Guide 2025 advises most users to rely on revenue and tax figures exclusive of social contributions for completeness and comparability. The canonical total-revenue field also excludes grants for domestic fiscal-capacity use; all total-revenue variants from the file are retained.,v1.0.1-official-4c,v1.0.1-official-4c-anchors-20260709T110732Z-baseline-official-v2-author-approved,2026-07-09T11:07:42.578023+00:00,materialize_official_v2_author_signature.py
PER,2021,general_government,2.2101639245955086e-07,1.855341536822836e-07,2.0893442746625376e-07,0.1588106248410846,0.177208602581787,0.0183979777407024,0.20637421925374,-0.15881043930693092,-0.17720839364735955,-0.20637399823734753,like_for_like_excluding_social_contributions: GRD canonical tax excludes social contributions; OECD comparison subtracts OECD social_contrib_gdp from total tax.,contrast_only_not_baseline_anchor,UNUWIDERGRD_2025_General.xlsx,GRD User Guide 2025 advises most users to rely on revenue and tax figures exclusive of social contributions for completeness and comparability. The canonical total-revenue field also excludes grants for domestic fiscal-capacity use; all total-revenue variants from the file are retained.,v1.0.1-official-4c,v1.0.1-official-4c-anchors-20260709T110732Z-baseline-official-v2-author-approved,2026-07-09T11:07:42.578023+00:00,materialize_official_v2_author_signature.py
PER,2022,general_government,,1.8481717443465949e-07,2.0519512238404378e-07,0.16899845921782108,0.187782651206722,0.0187841919889009,0.21721254903689002,-0.16899827440064666,-0.1877824460115996,,like_for_like_excluding_social_contributions: GRD canonical tax excludes social contributions; OECD comparison subtracts OECD social_contrib_gdp from total tax.,contrast_only_not_baseline_anchor,UNUWIDERGRD_2025_General.xlsx,GRD User Guide 2025 advises most users to rely on revenue and tax figures exclusive of social contributions for completeness and comparability. The canonical total-revenue field also excludes grants for domestic fiscal-capacity use; all total-revenue variants from the file are retained.,v1.0.1-official-4c,v1.0.1-official-4c-anchors-20260709T110732Z-baseline-official-v2-author-approved,2026-07-09T11:07:42.578023+00:00,materialize_official_v2_author_signature.py
