run_id,extension_id,country_id,policy_id,policy_variant_id,scenario_id,regime_id,gmi_version,v_baseline,baseline_cell_result_class,baseline_country_policy_result_class,historical_tax_class_baseline,historical_tax_borderline_baseline,historical_total_revenue_class_baseline,historical_total_revenue_borderline_baseline,policy_rank_baseline,v_lsraw,lsraw_cell_result_class,lsraw_country_policy_result_class,historical_tax_class_lsraw,historical_tax_borderline_lsraw,historical_total_revenue_class_lsraw,historical_total_revenue_borderline_lsraw,policy_rank_lsraw,delta_v,class_changed_flag,country_policy_class_changed_flag,policy_rank_changed_flag,run_type,extension_type,parameter_set_id,baseline_parameter_set_id,baseline_dataset_version,extension_input_snapshot_id
official_4c_lsraw_robustness_extension_baseline_official_v3,LS_RAW_VS_ADJUSTED_ROBUSTNESS_EXTENSION_2026_07_10,CHL,GMI,GMI:GMI_ideal_aggregate,high,r0,GMI_ideal_aggregate,-0.8809158573204959,not_feasible,conditional_feasibility_probabilistic_leg_not_evaluated,fiscally_ordinary,False,fiscally_ordinary,False,6,-0.8905180488897413,not_feasible,conditional_feasibility_probabilistic_leg_not_evaluated,fiscally_ordinary,False,fiscally_ordinary,False,6,-0.009602191569245355,False,False,False,robustness,post_baseline_robustness_extension_new_input_series,robustness-lsraw-v1,baseline-official-v3,v1.0.1-official-4c,robustness-lsraw-v1
official_4c_lsraw_robustness_extension_baseline_official_v3,LS_RAW_VS_ADJUSTED_ROBUSTNESS_EXTENSION_2026_07_10,CHL,GMI,GMI:GMI_ideal_aggregate,high,r1,GMI_ideal_aggregate,-0.7700746705516304,not_feasible,conditional_feasibility_probabilistic_leg_not_evaluated,fiscally_ordinary,False,fiscally_ordinary,False,6,-0.7813463317548326,not_feasible,conditional_feasibility_probabilistic_leg_not_evaluated,fiscally_ordinary,False,fiscally_ordinary,False,6,-0.011271661203202221,False,False,False,robustness,post_baseline_robustness_extension_new_input_series,robustness-lsraw-v1,baseline-official-v3,v1.0.1-official-4c,robustness-lsraw-v1
official_4c_lsraw_robustness_extension_baseline_official_v3,LS_RAW_VS_ADJUSTED_ROBUSTNESS_EXTENSION_2026_07_10,CHL,GMI,GMI:GMI_ideal_aggregate,high,r2,GMI_ideal_aggregate,-0.6920183941316054,not_feasible,conditional_feasibility_probabilistic_leg_not_evaluated,fiscally_ordinary,False,fiscally_ordinary,False,6,-0.703731811306502,not_feasible,conditional_feasibility_probabilistic_leg_not_evaluated,fiscally_ordinary,False,fiscally_ordinary,False,6,-0.011713417174896601,False,False,False,robustness,post_baseline_robustness_extension_new_input_series,robustness-lsraw-v1,baseline-official-v3,v1.0.1-official-4c,robustness-lsraw-v1
official_4c_lsraw_robustness_extension_baseline_official_v3,LS_RAW_VS_ADJUSTED_ROBUSTNESS_EXTENSION_2026_07_10,CHL,GMI,GMI:GMI_ideal_aggregate,high,r3,GMI_ideal_aggregate,-0.8829073566024875,not_feasible,conditional_feasibility_probabilistic_leg_not_evaluated,fiscally_ordinary,False,fiscally_ordinary,False,6,-0.8930873677846279,not_feasible,conditional_feasibility_probabilistic_leg_not_evaluated,fiscally_ordinary,False,fiscally_ordinary,False,6,-0.010180011182140403,False,False,False,robustness,post_baseline_robustness_extension_new_input_series,robustness-lsraw-v1,baseline-official-v3,v1.0.1-official-4c,robustness-lsraw-v1
official_4c_lsraw_robustness_extension_baseline_official_v3,LS_RAW_VS_ADJUSTED_ROBUSTNESS_EXTENSION_2026_07_10,CHL,GMI,GMI:GMI_ideal_aggregate,high,r4,GMI_ideal_aggregate,-0.4161270547385515,not_feasible,conditional_feasibility_probabilistic_leg_not_evaluated,fiscally_ordinary,False,fiscally_ordinary,False,6,-0.42870454278191206,not_feasible,conditional_feasibility_probabilistic_leg_not_evaluated,fiscally_ordinary,False,fiscally_ordinary,False,6,-0.012577488043360563,False,False,False,robustness,post_baseline_robustness_extension_new_input_series,robustness-lsraw-v1,baseline-official-v3,v1.0.1-official-4c,robustness-lsraw-v1
official_4c_lsraw_robustness_extension_baseline_official_v3,LS_RAW_VS_ADJUSTED_ROBUSTNESS_EXTENSION_2026_07_10,CHL,GMI,GMI:GMI_ideal_aggregate,low,r0,GMI_ideal_aggregate,-2.245607572267461,not_feasible,conditional_feasibility_probabilistic_leg_not_evaluated,fiscally_ordinary,False,fiscally_ordinary,False,6,-2.244455813884292,not_feasible,conditional_feasibility_probabilistic_leg_not_evaluated,fiscally_ordinary,False,fiscally_ordinary,False,6,0.0011517583831692768,False,False,False,robustness,post_baseline_robustness_extension_new_input_series,robustness-lsraw-v1,baseline-official-v3,v1.0.1-official-4c,robustness-lsraw-v1
official_4c_lsraw_robustness_extension_baseline_official_v3,LS_RAW_VS_ADJUSTED_ROBUSTNESS_EXTENSION_2026_07_10,CHL,GMI,GMI:GMI_ideal_aggregate,low,r1,GMI_ideal_aggregate,-2.1997699950107408,not_feasible,conditional_feasibility_probabilistic_leg_not_evaluated,fiscally_ordinary,False,fiscally_ordinary,False,6,-2.1988449517905435,not_feasible,conditional_feasibility_probabilistic_leg_not_evaluated,fiscally_ordinary,False,fiscally_ordinary,False,6,0.0009250432201972636,False,False,False,robustness,post_baseline_robustness_extension_new_input_series,robustness-lsraw-v1,baseline-official-v3,v1.0.1-official-4c,robustness-lsraw-v1
official_4c_lsraw_robustness_extension_baseline_official_v3,LS_RAW_VS_ADJUSTED_ROBUSTNESS_EXTENSION_2026_07_10,CHL,GMI,GMI:GMI_ideal_aggregate,low,r2,GMI_ideal_aggregate,-2.187942300942177,not_feasible,conditional_feasibility_probabilistic_leg_not_evaluated,fiscally_ordinary,False,fiscally_ordinary,False,6,-2.1869641858287885,not_feasible,conditional_feasibility_probabilistic_leg_not_evaluated,fiscally_ordinary,False,fiscally_ordinary,False,6,0.0009781151133885224,False,False,False,robustness,post_baseline_robustness_extension_new_input_series,robustness-lsraw-v1,baseline-official-v3,v1.0.1-official-4c,robustness-lsraw-v1
official_4c_lsraw_robustness_extension_baseline_official_v3,LS_RAW_VS_ADJUSTED_ROBUSTNESS_EXTENSION_2026_07_10,CHL,GMI,GMI:GMI_ideal_aggregate,low,r3,GMI_ideal_aggregate,-2.2431661862078256,not_feasible,conditional_feasibility_probabilistic_leg_not_evaluated,fiscally_ordinary,False,fiscally_ordinary,False,6,-2.2422946708769667,not_feasible,conditional_feasibility_probabilistic_leg_not_evaluated,fiscally_ordinary,False,fiscally_ordinary,False,6,0.0008715153308589407,False,False,False,robustness,post_baseline_robustness_extension_new_input_series,robustness-lsraw-v1,baseline-official-v3,v1.0.1-official-4c,robustness-lsraw-v1
official_4c_lsraw_robustness_extension_baseline_official_v3,LS_RAW_VS_ADJUSTED_ROBUSTNESS_EXTENSION_2026_07_10,CHL,GMI,GMI:GMI_ideal_aggregate,low,r4,GMI_ideal_aggregate,-2.13018523877835,not_feasible,conditional_feasibility_probabilistic_leg_not_evaluated,fiscally_ordinary,False,fiscally_ordinary,False,6,-2.12909828538403,not_feasible,conditional_feasibility_probabilistic_leg_not_evaluated,fiscally_ordinary,False,fiscally_ordinary,False,6,0.0010869533943198562,False,False,False,robustness,post_baseline_robustness_extension_new_input_series,robustness-lsraw-v1,baseline-official-v3,v1.0.1-official-4c,robustness-lsraw-v1
official_4c_lsraw_robustness_extension_baseline_official_v3,LS_RAW_VS_ADJUSTED_ROBUSTNESS_EXTENSION_2026_07_10,CHL,GMI,GMI:GMI_ideal_aggregate,mid,r0,GMI_ideal_aggregate,-0.6119963968804701,not_feasible,conditional_feasibility_probabilistic_leg_not_evaluated,fiscally_ordinary,False,fiscally_ordinary,False,6,-0.6260611995121474,not_feasible,conditional_feasibility_probabilistic_leg_not_evaluated,fiscally_ordinary,False,fiscally_ordinary,False,6,-0.014064802631677309,False,False,False,robustness,post_baseline_robustness_extension_new_input_series,robustness-lsraw-v1,baseline-official-v3,v1.0.1-official-4c,robustness-lsraw-v1
official_4c_lsraw_robustness_extension_baseline_official_v3,LS_RAW_VS_ADJUSTED_ROBUSTNESS_EXTENSION_2026_07_10,CHL,GMI,GMI:GMI_ideal_aggregate,mid,r1,GMI_ideal_aggregate,-0.4880241400695869,not_feasible,conditional_feasibility_probabilistic_leg_not_evaluated,fiscally_ordinary,False,fiscally_ordinary,False,6,-0.504019222622038,not_feasible,conditional_feasibility_probabilistic_leg_not_evaluated,fiscally_ordinary,False,fiscally_ordinary,False,6,-0.015995082552451134,False,False,False,robustness,post_baseline_robustness_extension_new_input_series,robustness-lsraw-v1,baseline-official-v3,v1.0.1-official-4c,robustness-lsraw-v1
official_4c_lsraw_robustness_extension_baseline_official_v3,LS_RAW_VS_ADJUSTED_ROBUSTNESS_EXTENSION_2026_07_10,CHL,GMI,GMI:GMI_ideal_aggregate,mid,r2,GMI_ideal_aggregate,-0.3970568092537489,not_feasible,conditional_feasibility_probabilistic_leg_not_evaluated,fiscally_ordinary,False,fiscally_ordinary,False,6,-0.4136871731837798,not_feasible,conditional_feasibility_probabilistic_leg_not_evaluated,fiscally_ordinary,False,fiscally_ordinary,False,6,-0.016630363930030867,False,False,False,robustness,post_baseline_robustness_extension_new_input_series,robustness-lsraw-v1,baseline-official-v3,v1.0.1-official-4c,robustness-lsraw-v1
official_4c_lsraw_robustness_extension_baseline_official_v3,LS_RAW_VS_ADJUSTED_ROBUSTNESS_EXTENSION_2026_07_10,CHL,GMI,GMI:GMI_ideal_aggregate,mid,r3,GMI_ideal_aggregate,-0.6486323704215634,not_feasible,conditional_feasibility_probabilistic_leg_not_evaluated,fiscally_ordinary,False,fiscally_ordinary,False,6,-0.663120760278517,not_feasible,conditional_feasibility_probabilistic_leg_not_evaluated,fiscally_ordinary,False,fiscally_ordinary,False,6,-0.014488389856953554,False,False,False,robustness,post_baseline_robustness_extension_new_input_series,robustness-lsraw-v1,baseline-official-v3,v1.0.1-official-4c,robustness-lsraw-v1
official_4c_lsraw_robustness_extension_baseline_official_v3,LS_RAW_VS_ADJUSTED_ROBUSTNESS_EXTENSION_2026_07_10,CHL,GMI,GMI:GMI_ideal_aggregate,mid,r4,GMI_ideal_aggregate,-0.1320957354920681,not_feasible,conditional_feasibility_probabilistic_leg_not_evaluated,fiscally_ordinary,False,fiscally_ordinary,False,6,-0.14997150328845602,not_feasible,conditional_feasibility_probabilistic_leg_not_evaluated,fiscally_ordinary,False,fiscally_ordinary,False,6,-0.017875767796387915,False,False,False,robustness,post_baseline_robustness_extension_new_input_series,robustness-lsraw-v1,baseline-official-v3,v1.0.1-official-4c,robustness-lsraw-v1
official_4c_lsraw_robustness_extension_baseline_official_v3,LS_RAW_VS_ADJUSTED_ROBUSTNESS_EXTENSION_2026_07_10,CHL,GMI,GMI:GMI_ideal_aggregate,stress,r0,GMI_ideal_aggregate,3.901937871138183,feasible_cell,conditional_feasibility_probabilistic_leg_not_evaluated,fiscally_ordinary,False,fiscally_ordinary,False,1,3.8637402244362273,feasible_cell,conditional_feasibility_probabilistic_leg_not_evaluated,fiscally_ordinary,False,fiscally_ordinary,False,1,-0.0381976467019558,False,False,False,robustness,post_baseline_robustness_extension_new_input_series,robustness-lsraw-v1,baseline-official-v3,v1.0.1-official-4c,robustness-lsraw-v1
official_4c_lsraw_robustness_extension_baseline_official_v3,LS_RAW_VS_ADJUSTED_ROBUSTNESS_EXTENSION_2026_07_10,CHL,GMI,GMI:GMI_ideal_aggregate,stress,r1,GMI_ideal_aggregate,4.239349420616151,feasible_cell,conditional_feasibility_probabilistic_leg_not_evaluated,fiscally_ordinary,False,fiscally_ordinary,False,1,4.1943347014031405,feasible_cell,conditional_feasibility_probabilistic_leg_not_evaluated,fiscally_ordinary,False,fiscally_ordinary,False,1,-0.045014719213010146,False,False,False,robustness,post_baseline_robustness_extension_new_input_series,robustness-lsraw-v1,baseline-official-v3,v1.0.1-official-4c,robustness-lsraw-v1
official_4c_lsraw_robustness_extension_baseline_official_v3,LS_RAW_VS_ADJUSTED_ROBUSTNESS_EXTENSION_2026_07_10,CHL,GMI,GMI:GMI_ideal_aggregate,stress,r2,GMI_ideal_aggregate,4.550059741080454,feasible_cell,conditional_feasibility_probabilistic_leg_not_evaluated,fiscally_ordinary,False,fiscally_ordinary,False,1,4.50324163605717,feasible_cell,conditional_feasibility_probabilistic_leg_not_evaluated,fiscally_ordinary,False,fiscally_ordinary,False,1,-0.04681810502328432,False,False,False,robustness,post_baseline_robustness_extension_new_input_series,robustness-lsraw-v1,baseline-official-v3,v1.0.1-official-4c,robustness-lsraw-v1
official_4c_lsraw_robustness_extension_baseline_official_v3,LS_RAW_VS_ADJUSTED_ROBUSTNESS_EXTENSION_2026_07_10,CHL,GMI,GMI:GMI_ideal_aggregate,stress,r3,GMI_ideal_aggregate,4.015460658881374,feasible_cell,conditional_feasibility_probabilistic_leg_not_evaluated,fiscally_ordinary,False,fiscally_ordinary,False,1,3.9748162113286645,feasible_cell,conditional_feasibility_probabilistic_leg_not_evaluated,fiscally_ordinary,False,fiscally_ordinary,False,1,-0.040644447552709906,False,False,False,robustness,post_baseline_robustness_extension_new_input_series,robustness-lsraw-v1,baseline-official-v3,v1.0.1-official-4c,robustness-lsraw-v1
official_4c_lsraw_robustness_extension_baseline_official_v3,LS_RAW_VS_ADJUSTED_ROBUSTNESS_EXTENSION_2026_07_10,CHL,GMI,GMI:GMI_ideal_aggregate,stress,r4,GMI_ideal_aggregate,5.799668762204835,feasible_cell,conditional_feasibility_probabilistic_leg_not_evaluated,fiscally_ordinary,False,fiscally_ordinary,False,1,5.749312636124301,feasible_cell,conditional_feasibility_probabilistic_leg_not_evaluated,fiscally_ordinary,False,fiscally_ordinary,False,1,-0.050356126080533414,False,False,False,robustness,post_baseline_robustness_extension_new_input_series,robustness-lsraw-v1,baseline-official-v3,v1.0.1-official-4c,robustness-lsraw-v1
official_4c_lsraw_robustness_extension_baseline_official_v3,LS_RAW_VS_ADJUSTED_ROBUSTNESS_EXTENSION_2026_07_10,CHL,GMI,GMI:GMI_loaded_aggregate,high,r0,GMI_loaded_aggregate,-0.587277238213664,not_feasible,conditional_feasibility_probabilistic_leg_not_evaluated,fiscally_ordinary,False,fiscally_ordinary,False,5,-0.5936786992598275,not_feasible,conditional_feasibility_probabilistic_leg_not_evaluated,fiscally_ordinary,False,fiscally_ordinary,False,5,-0.00640146104616357,False,False,False,robustness,post_baseline_robustness_extension_new_input_series,robustness-lsraw-v1,baseline-official-v3,v1.0.1-official-4c,robustness-lsraw-v1
official_4c_lsraw_robustness_extension_baseline_official_v3,LS_RAW_VS_ADJUSTED_ROBUSTNESS_EXTENSION_2026_07_10,CHL,GMI,GMI:GMI_loaded_aggregate,high,r1,GMI_loaded_aggregate,-0.5133831137010869,not_feasible,conditional_feasibility_probabilistic_leg_not_evaluated,fiscally_ordinary,False,fiscally_ordinary,False,5,-0.5208975545032217,not_feasible,conditional_feasibility_probabilistic_leg_not_evaluated,fiscally_ordinary,False,fiscally_ordinary,False,5,-0.007514440802134814,False,False,False,robustness,post_baseline_robustness_extension_new_input_series,robustness-lsraw-v1,baseline-official-v3,v1.0.1-official-4c,robustness-lsraw-v1
official_4c_lsraw_robustness_extension_baseline_official_v3,LS_RAW_VS_ADJUSTED_ROBUSTNESS_EXTENSION_2026_07_10,CHL,GMI,GMI:GMI_loaded_aggregate,high,r2,GMI_loaded_aggregate,-0.4613455960877369,not_feasible,conditional_feasibility_probabilistic_leg_not_evaluated,fiscally_ordinary,False,fiscally_ordinary,False,5,-0.46915454087100134,not_feasible,conditional_feasibility_probabilistic_leg_not_evaluated,fiscally_ordinary,False,fiscally_ordinary,False,5,-0.007808944783264438,False,False,False,robustness,post_baseline_robustness_extension_new_input_series,robustness-lsraw-v1,baseline-official-v3,v1.0.1-official-4c,robustness-lsraw-v1
official_4c_lsraw_robustness_extension_baseline_official_v3,LS_RAW_VS_ADJUSTED_ROBUSTNESS_EXTENSION_2026_07_10,CHL,GMI,GMI:GMI_loaded_aggregate,high,r3,GMI_loaded_aggregate,-0.5886049044016584,not_feasible,conditional_feasibility_probabilistic_leg_not_evaluated,fiscally_ordinary,False,fiscally_ordinary,False,5,-0.5953915785230852,not_feasible,conditional_feasibility_probabilistic_leg_not_evaluated,fiscally_ordinary,False,fiscally_ordinary,False,5,-0.006786674121426861,False,False,False,robustness,post_baseline_robustness_extension_new_input_series,robustness-lsraw-v1,baseline-official-v3,v1.0.1-official-4c,robustness-lsraw-v1
official_4c_lsraw_robustness_extension_baseline_official_v3,LS_RAW_VS_ADJUSTED_ROBUSTNESS_EXTENSION_2026_07_10,CHL,GMI,GMI:GMI_loaded_aggregate,high,r4,GMI_loaded_aggregate,-0.2774180364923677,not_feasible,conditional_feasibility_probabilistic_leg_not_evaluated,fiscally_ordinary,False,fiscally_ordinary,False,5,-0.2858030285212747,not_feasible,conditional_feasibility_probabilistic_leg_not_evaluated,fiscally_ordinary,False,fiscally_ordinary,False,5,-0.008384992028907023,False,False,False,robustness,post_baseline_robustness_extension_new_input_series,robustness-lsraw-v1,baseline-official-v3,v1.0.1-official-4c,robustness-lsraw-v1
official_4c_lsraw_robustness_extension_baseline_official_v3,LS_RAW_VS_ADJUSTED_ROBUSTNESS_EXTENSION_2026_07_10,CHL,GMI,GMI:GMI_loaded_aggregate,low,r0,GMI_loaded_aggregate,-1.497071714844974,not_feasible,conditional_feasibility_probabilistic_leg_not_evaluated,fiscally_ordinary,False,fiscally_ordinary,False,5,-1.496303875922861,not_feasible,conditional_feasibility_probabilistic_leg_not_evaluated,fiscally_ordinary,False,fiscally_ordinary,False,5,0.0007678389221128512,False,False,False,robustness,post_baseline_robustness_extension_new_input_series,robustness-lsraw-v1,baseline-official-v3,v1.0.1-official-4c,robustness-lsraw-v1
official_4c_lsraw_robustness_extension_baseline_official_v3,LS_RAW_VS_ADJUSTED_ROBUSTNESS_EXTENSION_2026_07_10,CHL,GMI,GMI:GMI_loaded_aggregate,low,r1,GMI_loaded_aggregate,-1.4665133300071609,not_feasible,conditional_feasibility_probabilistic_leg_not_evaluated,fiscally_ordinary,False,fiscally_ordinary,False,5,-1.465896634527029,not_feasible,conditional_feasibility_probabilistic_leg_not_evaluated,fiscally_ordinary,False,fiscally_ordinary,False,5,0.0006166954801318791,False,False,False,robustness,post_baseline_robustness_extension_new_input_series,robustness-lsraw-v1,baseline-official-v3,v1.0.1-official-4c,robustness-lsraw-v1
official_4c_lsraw_robustness_extension_baseline_official_v3,LS_RAW_VS_ADJUSTED_ROBUSTNESS_EXTENSION_2026_07_10,CHL,GMI,GMI:GMI_loaded_aggregate,low,r2,GMI_loaded_aggregate,-1.4586282006281182,not_feasible,conditional_feasibility_probabilistic_leg_not_evaluated,fiscally_ordinary,False,fiscally_ordinary,False,5,-1.4579761238858588,not_feasible,conditional_feasibility_probabilistic_leg_not_evaluated,fiscally_ordinary,False,fiscally_ordinary,False,5,0.000652076742259311,False,False,False,robustness,post_baseline_robustness_extension_new_input_series,robustness-lsraw-v1,baseline-official-v3,v1.0.1-official-4c,robustness-lsraw-v1
official_4c_lsraw_robustness_extension_baseline_official_v3,LS_RAW_VS_ADJUSTED_ROBUSTNESS_EXTENSION_2026_07_10,CHL,GMI,GMI:GMI_loaded_aggregate,low,r3,GMI_loaded_aggregate,-1.4954441241385503,not_feasible,conditional_feasibility_probabilistic_leg_not_evaluated,fiscally_ordinary,False,fiscally_ordinary,False,5,-1.4948631139179778,not_feasible,conditional_feasibility_probabilistic_leg_not_evaluated,fiscally_ordinary,False,fiscally_ordinary,False,5,0.0005810102205725531,False,False,False,robustness,post_baseline_robustness_extension_new_input_series,robustness-lsraw-v1,baseline-official-v3,v1.0.1-official-4c,robustness-lsraw-v1
official_4c_lsraw_robustness_extension_baseline_official_v3,LS_RAW_VS_ADJUSTED_ROBUSTNESS_EXTENSION_2026_07_10,CHL,GMI,GMI:GMI_loaded_aggregate,low,r4,GMI_loaded_aggregate,-1.4201234925189,not_feasible,conditional_feasibility_probabilistic_leg_not_evaluated,fiscally_ordinary,False,fiscally_ordinary,False,5,-1.4193988569226867,not_feasible,conditional_feasibility_probabilistic_leg_not_evaluated,fiscally_ordinary,False,fiscally_ordinary,False,5,0.0007246355962131634,False,False,False,robustness,post_baseline_robustness_extension_new_input_series,robustness-lsraw-v1,baseline-official-v3,v1.0.1-official-4c,robustness-lsraw-v1
official_4c_lsraw_robustness_extension_baseline_official_v3,LS_RAW_VS_ADJUSTED_ROBUSTNESS_EXTENSION_2026_07_10,CHL,GMI,GMI:GMI_loaded_aggregate,mid,r0,GMI_loaded_aggregate,-0.4079975979203134,not_feasible,conditional_feasibility_probabilistic_leg_not_evaluated,fiscally_ordinary,False,fiscally_ordinary,False,5,-0.4173741330080983,not_feasible,conditional_feasibility_probabilistic_leg_not_evaluated,fiscally_ordinary,False,fiscally_ordinary,False,5,-0.009376535087784854,False,False,False,robustness,post_baseline_robustness_extension_new_input_series,robustness-lsraw-v1,baseline-official-v3,v1.0.1-official-4c,robustness-lsraw-v1
official_4c_lsraw_robustness_extension_baseline_official_v3,LS_RAW_VS_ADJUSTED_ROBUSTNESS_EXTENSION_2026_07_10,CHL,GMI,GMI:GMI_loaded_aggregate,mid,r1,GMI_loaded_aggregate,-0.3253494267130579,not_feasible,conditional_feasibility_probabilistic_leg_not_evaluated,fiscally_ordinary,False,fiscally_ordinary,False,5,-0.3360128150813587,not_feasible,conditional_feasibility_probabilistic_leg_not_evaluated,fiscally_ordinary,False,fiscally_ordinary,False,5,-0.01066338836830083,False,False,False,robustness,post_baseline_robustness_extension_new_input_series,robustness-lsraw-v1,baseline-official-v3,v1.0.1-official-4c,robustness-lsraw-v1
official_4c_lsraw_robustness_extension_baseline_official_v3,LS_RAW_VS_ADJUSTED_ROBUSTNESS_EXTENSION_2026_07_10,CHL,GMI,GMI:GMI_loaded_aggregate,mid,r2,GMI_loaded_aggregate,-0.2647045395024993,not_feasible,conditional_feasibility_probabilistic_leg_not_evaluated,fiscally_ordinary,False,fiscally_ordinary,False,5,-0.27579144878918654,not_feasible,conditional_feasibility_probabilistic_leg_not_evaluated,fiscally_ordinary,False,fiscally_ordinary,False,5,-0.011086909286687263,False,False,False,robustness,post_baseline_robustness_extension_new_input_series,robustness-lsraw-v1,baseline-official-v3,v1.0.1-official-4c,robustness-lsraw-v1
official_4c_lsraw_robustness_extension_baseline_official_v3,LS_RAW_VS_ADJUSTED_ROBUSTNESS_EXTENSION_2026_07_10,CHL,GMI,GMI:GMI_loaded_aggregate,mid,r3,GMI_loaded_aggregate,-0.4324215802810423,not_feasible,conditional_feasibility_probabilistic_leg_not_evaluated,fiscally_ordinary,False,fiscally_ordinary,False,5,-0.4420805068523446,not_feasible,conditional_feasibility_probabilistic_leg_not_evaluated,fiscally_ordinary,False,fiscally_ordinary,False,5,-0.009658926571302351,False,False,False,robustness,post_baseline_robustness_extension_new_input_series,robustness-lsraw-v1,baseline-official-v3,v1.0.1-official-4c,robustness-lsraw-v1
official_4c_lsraw_robustness_extension_baseline_official_v3,LS_RAW_VS_ADJUSTED_ROBUSTNESS_EXTENSION_2026_07_10,CHL,GMI,GMI:GMI_loaded_aggregate,mid,r4,GMI_loaded_aggregate,-0.0880638236613787,not_feasible,conditional_feasibility_probabilistic_leg_not_evaluated,fiscally_ordinary,False,fiscally_ordinary,False,5,-0.099981002192304,not_feasible,conditional_feasibility_probabilistic_leg_not_evaluated,fiscally_ordinary,False,fiscally_ordinary,False,5,-0.011917178530925304,False,False,False,robustness,post_baseline_robustness_extension_new_input_series,robustness-lsraw-v1,baseline-official-v3,v1.0.1-official-4c,robustness-lsraw-v1
official_4c_lsraw_robustness_extension_baseline_official_v3,LS_RAW_VS_ADJUSTED_ROBUSTNESS_EXTENSION_2026_07_10,CHL,GMI,GMI:GMI_loaded_aggregate,stress,r0,GMI_loaded_aggregate,2.6012919140921213,feasible_cell,conditional_feasibility_probabilistic_leg_not_evaluated,fiscally_ordinary,False,fiscally_ordinary,False,2,2.575826816290818,feasible_cell,conditional_feasibility_probabilistic_leg_not_evaluated,fiscally_ordinary,False,fiscally_ordinary,False,2,-0.025465097801303127,False,False,False,robustness,post_baseline_robustness_extension_new_input_series,robustness-lsraw-v1,baseline-official-v3,v1.0.1-official-4c,robustness-lsraw-v1
official_4c_lsraw_robustness_extension_baseline_official_v3,LS_RAW_VS_ADJUSTED_ROBUSTNESS_EXTENSION_2026_07_10,CHL,GMI,GMI:GMI_loaded_aggregate,stress,r1,GMI_loaded_aggregate,2.826232947077433,feasible_cell,conditional_feasibility_probabilistic_leg_not_evaluated,fiscally_ordinary,False,fiscally_ordinary,False,2,2.7962231342687605,feasible_cell,conditional_feasibility_probabilistic_leg_not_evaluated,fiscally_ordinary,False,fiscally_ordinary,False,2,-0.030009812808672542,False,False,False,robustness,post_baseline_robustness_extension_new_input_series,robustness-lsraw-v1,baseline-official-v3,v1.0.1-official-4c,robustness-lsraw-v1
official_4c_lsraw_robustness_extension_baseline_official_v3,LS_RAW_VS_ADJUSTED_ROBUSTNESS_EXTENSION_2026_07_10,CHL,GMI,GMI:GMI_loaded_aggregate,stress,r2,GMI_loaded_aggregate,3.033373160720303,feasible_cell,conditional_feasibility_probabilistic_leg_not_evaluated,fiscally_ordinary,False,fiscally_ordinary,False,2,3.0021610907047798,feasible_cell,conditional_feasibility_probabilistic_leg_not_evaluated,fiscally_ordinary,False,fiscally_ordinary,False,2,-0.031212070015523175,False,False,False,robustness,post_baseline_robustness_extension_new_input_series,robustness-lsraw-v1,baseline-official-v3,v1.0.1-official-4c,robustness-lsraw-v1
official_4c_lsraw_robustness_extension_baseline_official_v3,LS_RAW_VS_ADJUSTED_ROBUSTNESS_EXTENSION_2026_07_10,CHL,GMI,GMI:GMI_loaded_aggregate,stress,r3,GMI_loaded_aggregate,2.676973772587582,feasible_cell,conditional_feasibility_probabilistic_leg_not_evaluated,fiscally_ordinary,False,fiscally_ordinary,False,2,2.64987747421911,feasible_cell,conditional_feasibility_probabilistic_leg_not_evaluated,fiscally_ordinary,False,fiscally_ordinary,False,2,-0.027096298368472382,False,False,False,robustness,post_baseline_robustness_extension_new_input_series,robustness-lsraw-v1,baseline-official-v3,v1.0.1-official-4c,robustness-lsraw-v1
official_4c_lsraw_robustness_extension_baseline_official_v3,LS_RAW_VS_ADJUSTED_ROBUSTNESS_EXTENSION_2026_07_10,CHL,GMI,GMI:GMI_loaded_aggregate,stress,r4,GMI_loaded_aggregate,3.86644584146989,feasible_cell,conditional_feasibility_probabilistic_leg_not_evaluated,fiscally_ordinary,False,fiscally_ordinary,False,2,3.8328750907495337,feasible_cell,conditional_feasibility_probabilistic_leg_not_evaluated,fiscally_ordinary,False,fiscally_ordinary,False,2,-0.0335707507203562,False,False,False,robustness,post_baseline_robustness_extension_new_input_series,robustness-lsraw-v1,baseline-official-v3,v1.0.1-official-4c,robustness-lsraw-v1
official_4c_lsraw_robustness_extension_baseline_official_v3,LS_RAW_VS_ADJUSTED_ROBUSTNESS_EXTENSION_2026_07_10,CHL,MUT,MUT,high,r0,,0.0412350928475216,not_feasible,not_feasible,fiscally_ordinary,False,fiscally_ordinary,False,1,0.04075114239243165,not_feasible,not_feasible,fiscally_ordinary,False,fiscally_ordinary,False,1,-0.00048395045508995566,False,False,False,robustness,post_baseline_robustness_extension_new_input_series,robustness-lsraw-v1,baseline-official-v3,v1.0.1-official-4c,robustness-lsraw-v1
official_4c_lsraw_robustness_extension_baseline_official_v3,LS_RAW_VS_ADJUSTED_ROBUSTNESS_EXTENSION_2026_07_10,CHL,MUT,MUT,high,r1,,0.0456506952495532,not_feasible,not_feasible,fiscally_ordinary,False,fiscally_ordinary,False,1,0.04508260352491182,not_feasible,not_feasible,fiscally_ordinary,False,fiscally_ordinary,False,1,-0.0005680917246413814,False,False,False,robustness,post_baseline_robustness_extension_new_input_series,robustness-lsraw-v1,baseline-official-v3,v1.0.1-official-4c,robustness-lsraw-v1
official_4c_lsraw_robustness_extension_baseline_official_v3,LS_RAW_VS_ADJUSTED_ROBUSTNESS_EXTENSION_2026_07_10,CHL,MUT,MUT,high,r2,,0.0495847315811224,not_feasible,not_feasible,fiscally_ordinary,False,fiscally_ordinary,False,1,0.04899437535550769,not_feasible,not_feasible,fiscally_ordinary,False,fiscally_ordinary,False,1,-0.0005903562256147077,False,False,False,robustness,post_baseline_robustness_extension_new_input_series,robustness-lsraw-v1,baseline-official-v3,v1.0.1-official-4c,robustness-lsraw-v1
official_4c_lsraw_robustness_extension_baseline_official_v3,LS_RAW_VS_ADJUSTED_ROBUSTNESS_EXTENSION_2026_07_10,CHL,MUT,MUT,high,r3,,0.0406664039192615,not_feasible,not_feasible,fiscally_ordinary,False,fiscally_ordinary,False,1,0.04015333135568167,not_feasible,not_feasible,fiscally_ordinary,False,fiscally_ordinary,False,1,-0.000513072563579825,False,False,False,robustness,post_baseline_robustness_extension_new_input_series,robustness-lsraw-v1,baseline-official-v3,v1.0.1-official-4c,robustness-lsraw-v1
official_4c_lsraw_robustness_extension_baseline_official_v3,LS_RAW_VS_ADJUSTED_ROBUSTNESS_EXTENSION_2026_07_10,CHL,MUT,MUT,high,r4,,0.0623188616754131,not_feasible,not_feasible,fiscally_ordinary,False,fiscally_ordinary,False,1,0.061684956278027815,not_feasible,not_feasible,fiscally_ordinary,False,fiscally_ordinary,False,1,-0.0006339053973852815,False,False,False,robustness,post_baseline_robustness_extension_new_input_series,robustness-lsraw-v1,baseline-official-v3,v1.0.1-official-4c,robustness-lsraw-v1
official_4c_lsraw_robustness_extension_baseline_official_v3,LS_RAW_VS_ADJUSTED_ROBUSTNESS_EXTENSION_2026_07_10,CHL,MUT,MUT,low,r0,,-0.0275453695858054,not_feasible,not_feasible,fiscally_ordinary,False,fiscally_ordinary,False,3,-0.027487320963293708,not_feasible,not_feasible,fiscally_ordinary,False,fiscally_ordinary,False,3,5.8048622511693015e-05,False,False,False,robustness,post_baseline_robustness_extension_new_input_series,robustness-lsraw-v1,baseline-official-v3,v1.0.1-official-4c,robustness-lsraw-v1
official_4c_lsraw_robustness_extension_baseline_official_v3,LS_RAW_VS_ADJUSTED_ROBUSTNESS_EXTENSION_2026_07_10,CHL,MUT,MUT,low,r1,,-0.0264059491031859,not_feasible,not_feasible,fiscally_ordinary,False,fiscally_ordinary,False,3,-0.026359326924888005,not_feasible,not_feasible,fiscally_ordinary,False,fiscally_ordinary,False,3,4.6622178297893446e-05,False,False,False,robustness,post_baseline_robustness_extension_new_input_series,robustness-lsraw-v1,baseline-official-v3,v1.0.1-official-4c,robustness-lsraw-v1
official_4c_lsraw_robustness_extension_baseline_official_v3,LS_RAW_VS_ADJUSTED_ROBUSTNESS_EXTENSION_2026_07_10,CHL,MUT,MUT,low,r2,,-0.0258098333221303,not_feasible,not_feasible,fiscally_ordinary,False,fiscally_ordinary,False,3,-0.025760536320415556,not_feasible,not_feasible,fiscally_ordinary,False,fiscally_ordinary,False,3,4.929700171474316e-05,False,False,False,robustness,post_baseline_robustness_extension_new_input_series,robustness-lsraw-v1,baseline-official-v3,v1.0.1-official-4c,robustness-lsraw-v1
official_4c_lsraw_robustness_extension_baseline_official_v3,LS_RAW_VS_ADJUSTED_ROBUSTNESS_EXTENSION_2026_07_10,CHL,MUT,MUT,low,r3,,-0.0278906410928474,not_feasible,not_feasible,fiscally_ordinary,False,fiscally_ordinary,False,3,-0.02784671672017221,not_feasible,not_feasible,fiscally_ordinary,False,fiscally_ordinary,False,3,4.392437267519006e-05,False,False,False,robustness,post_baseline_robustness_extension_new_input_series,robustness-lsraw-v1,baseline-official-v3,v1.0.1-official-4c,robustness-lsraw-v1
official_4c_lsraw_robustness_extension_baseline_official_v3,LS_RAW_VS_ADJUSTED_ROBUSTNESS_EXTENSION_2026_07_10,CHL,MUT,MUT,low,r4,,-0.0240696708001926,not_feasible,not_feasible,fiscally_ordinary,False,fiscally_ordinary,False,3,-0.024014888349118965,not_feasible,not_feasible,fiscally_ordinary,False,fiscally_ordinary,False,3,5.478245107363652e-05,False,False,False,robustness,post_baseline_robustness_extension_new_input_series,robustness-lsraw-v1,baseline-official-v3,v1.0.1-official-4c,robustness-lsraw-v1
official_4c_lsraw_robustness_extension_baseline_official_v3,LS_RAW_VS_ADJUSTED_ROBUSTNESS_EXTENSION_2026_07_10,CHL,MUT,MUT,mid,r0,,0.0547886336536989,not_feasible,not_feasible,fiscally_ordinary,False,fiscally_ordinary,False,1,0.054079767601062374,not_feasible,not_feasible,fiscally_ordinary,False,fiscally_ordinary,False,1,-0.0007088660526365226,False,False,False,robustness,post_baseline_robustness_extension_new_input_series,robustness-lsraw-v1,baseline-official-v3,v1.0.1-official-4c,robustness-lsraw-v1
official_4c_lsraw_robustness_extension_baseline_official_v3,LS_RAW_VS_ADJUSTED_ROBUSTNESS_EXTENSION_2026_07_10,CHL,MUT,MUT,mid,r1,,0.0598660419858482,not_feasible,not_feasible,fiscally_ordinary,False,fiscally_ordinary,False,1,0.05905988982520467,not_feasible,not_feasible,fiscally_ordinary,False,fiscally_ordinary,False,1,-0.0008061521606435307,False,False,False,robustness,post_baseline_robustness_extension_new_input_series,robustness-lsraw-v1,baseline-official-v3,v1.0.1-official-4c,robustness-lsraw-v1
official_4c_lsraw_robustness_extension_baseline_official_v3,LS_RAW_VS_ADJUSTED_ROBUSTNESS_EXTENSION_2026_07_10,CHL,MUT,MUT,mid,r2,,0.0644507954589664,not_feasible,not_feasible,fiscally_ordinary,False,fiscally_ordinary,False,1,0.06361262511689289,not_feasible,not_feasible,fiscally_ordinary,False,fiscally_ordinary,False,1,-0.0008381703420735076,False,False,False,robustness,post_baseline_robustness_extension_new_input_series,robustness-lsraw-v1,baseline-official-v3,v1.0.1-official-4c,robustness-lsraw-v1
official_4c_lsraw_robustness_extension_baseline_official_v3,LS_RAW_VS_ADJUSTED_ROBUSTNESS_EXTENSION_2026_07_10,CHL,MUT,MUT,mid,r3,,0.0524738632227801,not_feasible,not_feasible,fiscally_ordinary,False,fiscally_ordinary,False,1,0.05174364837398966,not_feasible,not_feasible,fiscally_ordinary,False,fiscally_ordinary,False,1,-0.0007302148487904406,False,False,False,robustness,post_baseline_robustness_extension_new_input_series,robustness-lsraw-v1,baseline-official-v3,v1.0.1-official-4c,robustness-lsraw-v1
official_4c_lsraw_robustness_extension_baseline_official_v3,LS_RAW_VS_ADJUSTED_ROBUSTNESS_EXTENSION_2026_07_10,CHL,MUT,MUT,mid,r4,,0.0766340401654359,not_feasible,not_feasible,fiscally_ordinary,False,fiscally_ordinary,False,1,0.075733101468498,not_feasible,not_feasible,fiscally_ordinary,False,fiscally_ordinary,False,1,-0.0009009386969379002,False,False,False,robustness,post_baseline_robustness_extension_new_input_series,robustness-lsraw-v1,baseline-official-v3,v1.0.1-official-4c,robustness-lsraw-v1
official_4c_lsraw_robustness_extension_baseline_official_v3,LS_RAW_VS_ADJUSTED_ROBUSTNESS_EXTENSION_2026_07_10,CHL,MUT,MUT,stress,r0,,0.282290920761839,not_feasible,not_feasible,fiscally_ordinary,False,fiscally_ordinary,False,3,0.28036575936806046,not_feasible,not_feasible,fiscally_ordinary,False,fiscally_ordinary,False,3,-0.0019251613937785184,False,False,False,robustness,post_baseline_robustness_extension_new_input_series,robustness-lsraw-v1,baseline-official-v3,v1.0.1-official-4c,robustness-lsraw-v1
official_4c_lsraw_robustness_extension_baseline_official_v3,LS_RAW_VS_ADJUSTED_ROBUSTNESS_EXTENSION_2026_07_10,CHL,MUT,MUT,stress,r1,,0.2981256694444094,not_feasible,not_feasible,fiscally_ordinary,False,fiscally_ordinary,False,3,0.2958569275960737,not_feasible,not_feasible,fiscally_ordinary,False,fiscally_ordinary,False,3,-0.002268741848335698,False,False,False,robustness,post_baseline_robustness_extension_new_input_series,robustness-lsraw-v1,baseline-official-v3,v1.0.1-official-4c,robustness-lsraw-v1
official_4c_lsraw_robustness_extension_baseline_official_v3,LS_RAW_VS_ADJUSTED_ROBUSTNESS_EXTENSION_2026_07_10,CHL,MUT,MUT,stress,r2,,0.3137854695958103,not_feasible,not_feasible,fiscally_ordinary,False,fiscally_ordinary,False,3,0.31142583710263677,not_feasible,not_feasible,fiscally_ordinary,False,fiscally_ordinary,False,3,-0.0023596324931735024,False,False,False,robustness,post_baseline_robustness_extension_new_input_series,robustness-lsraw-v1,baseline-official-v3,v1.0.1-official-4c,robustness-lsraw-v1
official_4c_lsraw_robustness_extension_baseline_official_v3,LS_RAW_VS_ADJUSTED_ROBUSTNESS_EXTENSION_2026_07_10,CHL,MUT,MUT,stress,r3,,0.2875441518996482,not_feasible,not_feasible,fiscally_ordinary,False,fiscally_ordinary,False,3,0.2854956717429916,not_feasible,not_feasible,fiscally_ordinary,False,fiscally_ordinary,False,3,-0.0020484801566565958,False,False,False,robustness,post_baseline_robustness_extension_new_input_series,robustness-lsraw-v1,baseline-official-v3,v1.0.1-official-4c,robustness-lsraw-v1
official_4c_lsraw_robustness_extension_baseline_official_v3,LS_RAW_VS_ADJUSTED_ROBUSTNESS_EXTENSION_2026_07_10,CHL,MUT,MUT,stress,r4,,0.3755949708493598,not_feasible,not_feasible,fiscally_ordinary,False,fiscally_ordinary,False,3,0.3730570220949009,not_feasible,not_feasible,fiscally_ordinary,False,fiscally_ordinary,False,3,-0.0025379487544588963,False,False,False,robustness,post_baseline_robustness_extension_new_input_series,robustness-lsraw-v1,baseline-official-v3,v1.0.1-official-4c,robustness-lsraw-v1
official_4c_lsraw_robustness_extension_baseline_official_v3,LS_RAW_VS_ADJUSTED_ROBUSTNESS_EXTENSION_2026_07_10,CHL,PBI,PBI,high,r0,,0.0307113462297521,not_feasible,not_feasible,fiscally_ordinary,False,fiscally_ordinary,False,2,0.030421677785911632,not_feasible,not_feasible,fiscally_ordinary,False,fiscally_ordinary,False,2,-0.0002896684438404677,False,False,False,robustness,post_baseline_robustness_extension_new_input_series,robustness-lsraw-v1,baseline-official-v3,v1.0.1-official-4c,robustness-lsraw-v1
official_4c_lsraw_robustness_extension_baseline_official_v3,LS_RAW_VS_ADJUSTED_ROBUSTNESS_EXTENSION_2026_07_10,CHL,PBI,PBI,high,r1,,0.0332718596370258,not_feasible,not_feasible,fiscally_ordinary,False,fiscally_ordinary,False,2,0.03293182845386482,not_feasible,not_feasible,fiscally_ordinary,False,fiscally_ordinary,False,2,-0.00034003118316098396,False,False,False,robustness,post_baseline_robustness_extension_new_input_series,robustness-lsraw-v1,baseline-official-v3,v1.0.1-official-4c,robustness-lsraw-v1
official_4c_lsraw_robustness_extension_baseline_official_v3,LS_RAW_VS_ADJUSTED_ROBUSTNESS_EXTENSION_2026_07_10,CHL,PBI,PBI,high,r2,,0.0356265762618214,not_feasible,not_feasible,fiscally_ordinary,False,fiscally_ordinary,False,2,0.03527321866625183,not_feasible,not_feasible,fiscally_ordinary,False,fiscally_ordinary,False,2,-0.0003533575955695714,False,False,False,robustness,post_baseline_robustness_extension_new_input_series,robustness-lsraw-v1,baseline-official-v3,v1.0.1-official-4c,robustness-lsraw-v1
official_4c_lsraw_robustness_extension_baseline_official_v3,LS_RAW_VS_ADJUSTED_ROBUSTNESS_EXTENSION_2026_07_10,CHL,PBI,PBI,high,r3,,0.0303379797951133,not_feasible,not_feasible,fiscally_ordinary,False,fiscally_ordinary,False,2,0.03003088031931714,not_feasible,not_feasible,fiscally_ordinary,False,fiscally_ordinary,False,2,-0.0003070994757961576,False,False,False,robustness,post_baseline_robustness_extension_new_input_series,robustness-lsraw-v1,baseline-official-v3,v1.0.1-official-4c,robustness-lsraw-v1
official_4c_lsraw_robustness_extension_baseline_official_v3,LS_RAW_VS_ADJUSTED_ROBUSTNESS_EXTENSION_2026_07_10,CHL,PBI,PBI,high,r4,,0.0431661426823069,not_feasible,not_feasible,fiscally_ordinary,False,fiscally_ordinary,False,2,0.042786718739067586,not_feasible,not_feasible,fiscally_ordinary,False,fiscally_ordinary,False,2,-0.0003794239432393168,False,False,False,robustness,post_baseline_robustness_extension_new_input_series,robustness-lsraw-v1,baseline-official-v3,v1.0.1-official-4c,robustness-lsraw-v1
official_4c_lsraw_robustness_extension_baseline_official_v3,LS_RAW_VS_ADJUSTED_ROBUSTNESS_EXTENSION_2026_07_10,CHL,PBI,PBI,low,r0,,-0.0104571851976836,not_feasible,not_feasible,fiscally_ordinary,False,fiscally_ordinary,False,2,-0.010422440206800361,not_feasible,not_feasible,fiscally_ordinary,False,fiscally_ordinary,False,2,3.4744990883238056e-05,False,False,False,robustness,post_baseline_robustness_extension_new_input_series,robustness-lsraw-v1,baseline-official-v3,v1.0.1-official-4c,robustness-lsraw-v1
official_4c_lsraw_robustness_extension_baseline_official_v3,LS_RAW_VS_ADJUSTED_ROBUSTNESS_EXTENSION_2026_07_10,CHL,PBI,PBI,low,r1,,-0.0098576297941753,not_feasible,not_feasible,fiscally_ordinary,False,fiscally_ordinary,False,2,-0.009829724099090248,not_feasible,not_feasible,fiscally_ordinary,False,fiscally_ordinary,False,2,2.790569508505196e-05,False,False,False,robustness,post_baseline_robustness_extension_new_input_series,robustness-lsraw-v1,baseline-official-v3,v1.0.1-official-4c,robustness-lsraw-v1
official_4c_lsraw_robustness_extension_baseline_official_v3,LS_RAW_VS_ADJUSTED_ROBUSTNESS_EXTENSION_2026_07_10,CHL,PBI,PBI,low,r2,,-0.0095008248178992,not_feasible,not_feasible,fiscally_ordinary,False,fiscally_ordinary,False,2,-0.009471318107816585,not_feasible,not_feasible,fiscally_ordinary,False,fiscally_ordinary,False,2,2.950671008261456e-05,False,False,False,robustness,post_baseline_robustness_extension_new_input_series,robustness-lsraw-v1,baseline-official-v3,v1.0.1-official-4c,robustness-lsraw-v1
official_4c_lsraw_robustness_extension_baseline_official_v3,LS_RAW_VS_ADJUSTED_ROBUSTNESS_EXTENSION_2026_07_10,CHL,PBI,PBI,low,r3,,-0.0106968251815041,not_feasible,not_feasible,fiscally_ordinary,False,fiscally_ordinary,False,2,-0.010670534257411225,not_feasible,not_feasible,fiscally_ordinary,False,fiscally_ordinary,False,2,2.629092409287513e-05,False,False,False,robustness,post_baseline_robustness_extension_new_input_series,robustness-lsraw-v1,baseline-official-v3,v1.0.1-official-4c,robustness-lsraw-v1
official_4c_lsraw_robustness_extension_baseline_official_v3,LS_RAW_VS_ADJUSTED_ROBUSTNESS_EXTENSION_2026_07_10,CHL,PBI,PBI,low,r4,,-0.0085416953921978,not_feasible,not_feasible,fiscally_ordinary,False,fiscally_ordinary,False,2,-0.008508905367546797,not_feasible,not_feasible,fiscally_ordinary,False,fiscally_ordinary,False,2,3.2790024651003016e-05,False,False,False,robustness,post_baseline_robustness_extension_new_input_series,robustness-lsraw-v1,baseline-official-v3,v1.0.1-official-4c,robustness-lsraw-v1
official_4c_lsraw_robustness_extension_baseline_official_v3,LS_RAW_VS_ADJUSTED_ROBUSTNESS_EXTENSION_2026_07_10,CHL,PBI,PBI,mid,r0,,0.0388238152491779,not_feasible,not_feasible,fiscally_ordinary,False,fiscally_ordinary,False,2,0.03839952362139047,not_feasible,not_feasible,fiscally_ordinary,False,fiscally_ordinary,False,2,-0.00042429162778742646,False,False,False,robustness,post_baseline_robustness_extension_new_input_series,robustness-lsraw-v1,baseline-official-v3,v1.0.1-official-4c,robustness-lsraw-v1
official_4c_lsraw_robustness_extension_baseline_official_v3,LS_RAW_VS_ADJUSTED_ROBUSTNESS_EXTENSION_2026_07_10,CHL,PBI,PBI,mid,r1,,0.041780452457732,not_feasible,not_feasible,fiscally_ordinary,False,fiscally_ordinary,False,2,0.041297930250311254,not_feasible,not_feasible,fiscally_ordinary,False,fiscally_ordinary,False,2,-0.00048252220742074636,False,False,False,robustness,post_baseline_robustness_extension_new_input_series,robustness-lsraw-v1,baseline-official-v3,v1.0.1-official-4c,robustness-lsraw-v1
official_4c_lsraw_robustness_extension_baseline_official_v3,LS_RAW_VS_ADJUSTED_ROBUSTNESS_EXTENSION_2026_07_10,CHL,PBI,PBI,mid,r2,,0.0445246556917256,not_feasible,not_feasible,fiscally_ordinary,False,fiscally_ordinary,False,2,0.04402296900849566,not_feasible,not_feasible,fiscally_ordinary,False,fiscally_ordinary,False,2,-0.0005016866832299391,False,False,False,robustness,post_baseline_robustness_extension_new_input_series,robustness-lsraw-v1,baseline-official-v3,v1.0.1-official-4c,robustness-lsraw-v1
official_4c_lsraw_robustness_extension_baseline_official_v3,LS_RAW_VS_ADJUSTED_ROBUSTNESS_EXTENSION_2026_07_10,CHL,PBI,PBI,mid,r3,,0.0374053320957215,not_feasible,not_feasible,fiscally_ordinary,False,fiscally_ordinary,False,2,0.03696826215045403,not_feasible,not_feasible,fiscally_ordinary,False,fiscally_ordinary,False,2,-0.00043706994526746673,False,False,False,robustness,post_baseline_robustness_extension_new_input_series,robustness-lsraw-v1,baseline-official-v3,v1.0.1-official-4c,robustness-lsraw-v1
official_4c_lsraw_robustness_extension_baseline_official_v3,LS_RAW_VS_ADJUSTED_ROBUSTNESS_EXTENSION_2026_07_10,CHL,PBI,PBI,mid,r4,,0.051734489778361,not_feasible,not_feasible,fiscally_ordinary,False,fiscally_ordinary,False,3,0.051195233109433635,not_feasible,not_feasible,fiscally_ordinary,False,fiscally_ordinary,False,3,-0.0005392566689273667,False,False,False,robustness,post_baseline_robustness_extension_new_input_series,robustness-lsraw-v1,baseline-official-v3,v1.0.1-official-4c,robustness-lsraw-v1
official_4c_lsraw_robustness_extension_baseline_official_v3,LS_RAW_VS_ADJUSTED_ROBUSTNESS_EXTENSION_2026_07_10,CHL,PBI,PBI,stress,r0,,0.1749952616930563,not_feasible,not_feasible,fiscally_ordinary,False,fiscally_ordinary,False,5,0.17384295674280273,not_feasible,not_feasible,fiscally_ordinary,False,fiscally_ordinary,False,5,-0.0011523049502535632,False,False,False,robustness,post_baseline_robustness_extension_new_input_series,robustness-lsraw-v1,baseline-official-v3,v1.0.1-official-4c,robustness-lsraw-v1
official_4c_lsraw_robustness_extension_baseline_official_v3,LS_RAW_VS_ADJUSTED_ROBUSTNESS_EXTENSION_2026_07_10,CHL,PBI,PBI,stress,r1,,0.1843907027221172,not_feasible,not_feasible,fiscally_ordinary,False,fiscally_ordinary,False,5,0.18303274776253142,not_feasible,not_feasible,fiscally_ordinary,False,fiscally_ordinary,False,5,-0.0013579549595857665,False,False,False,robustness,post_baseline_robustness_extension_new_input_series,robustness-lsraw-v1,baseline-official-v3,v1.0.1-official-4c,robustness-lsraw-v1
official_4c_lsraw_robustness_extension_baseline_official_v3,LS_RAW_VS_ADJUSTED_ROBUSTNESS_EXTENSION_2026_07_10,CHL,PBI,PBI,stress,r2,,0.1937638728328191,not_feasible,not_feasible,fiscally_ordinary,False,fiscally_ordinary,False,5,0.19235151529674438,not_feasible,not_feasible,fiscally_ordinary,False,fiscally_ordinary,False,5,-0.0014123575360747154,False,False,False,robustness,post_baseline_robustness_extension_new_input_series,robustness-lsraw-v1,baseline-official-v3,v1.0.1-official-4c,robustness-lsraw-v1
official_4c_lsraw_robustness_extension_baseline_official_v3,LS_RAW_VS_ADJUSTED_ROBUSTNESS_EXTENSION_2026_07_10,CHL,PBI,PBI,stress,r3,,0.1781066042982894,not_feasible,not_feasible,fiscally_ordinary,False,fiscally_ordinary,False,5,0.17688048692826538,not_feasible,not_feasible,fiscally_ordinary,False,fiscally_ordinary,False,5,-0.0012261173700240102,False,False,False,robustness,post_baseline_robustness_extension_new_input_series,robustness-lsraw-v1,baseline-official-v3,v1.0.1-official-4c,robustness-lsraw-v1
official_4c_lsraw_robustness_extension_baseline_official_v3,LS_RAW_VS_ADJUSTED_ROBUSTNESS_EXTENSION_2026_07_10,CHL,PBI,PBI,stress,r4,,0.2306774924132624,not_feasible,not_feasible,fiscally_ordinary,False,fiscally_ordinary,False,5,0.2291584037162295,not_feasible,not_feasible,fiscally_ordinary,False,fiscally_ordinary,False,5,-0.0015190886970329054,False,False,False,robustness,post_baseline_robustness_extension_new_input_series,robustness-lsraw-v1,baseline-official-v3,v1.0.1-official-4c,robustness-lsraw-v1
official_4c_lsraw_robustness_extension_baseline_official_v3,LS_RAW_VS_ADJUSTED_ROBUSTNESS_EXTENSION_2026_07_10,CHL,PEN,PEN,high,r0,,0.0197250231634253,not_feasible,not_feasible,fiscally_ordinary,False,fiscally_ordinary,False,3,0.01927231083664739,not_feasible,not_feasible,fiscally_ordinary,False,fiscally_ordinary,False,3,-0.00045271232677790776,False,False,False,robustness,post_baseline_robustness_extension_new_input_series,robustness-lsraw-v1,baseline-official-v3,v1.0.1-official-4c,robustness-lsraw-v1
official_4c_lsraw_robustness_extension_baseline_official_v3,LS_RAW_VS_ADJUSTED_ROBUSTNESS_EXTENSION_2026_07_10,CHL,PEN,PEN,high,r1,,0.0241133054149424,not_feasible,not_feasible,fiscally_ordinary,False,fiscally_ordinary,False,3,0.023581882985681823,not_feasible,not_feasible,fiscally_ordinary,False,fiscally_ordinary,False,3,-0.0005314224292605786,False,False,False,robustness,post_baseline_robustness_extension_new_input_series,robustness-lsraw-v1,baseline-official-v3,v1.0.1-official-4c,robustness-lsraw-v1
official_4c_lsraw_robustness_extension_baseline_official_v3,LS_RAW_VS_ADJUSTED_ROBUSTNESS_EXTENSION_2026_07_10,CHL,PEN,PEN,high,r2,,0.0277934068025162,not_feasible,not_feasible,fiscally_ordinary,False,fiscally_ordinary,False,3,0.02724115700563111,not_feasible,not_feasible,fiscally_ordinary,False,fiscally_ordinary,False,3,-0.0005522497968850903,False,False,False,robustness,post_baseline_robustness_extension_new_input_series,robustness-lsraw-v1,baseline-official-v3,v1.0.1-official-4c,robustness-lsraw-v1
official_4c_lsraw_robustness_extension_baseline_official_v3,LS_RAW_VS_ADJUSTED_ROBUSTNESS_EXTENSION_2026_07_10,CHL,PEN,PEN,high,r3,,0.0192961216845893,not_feasible,not_feasible,fiscally_ordinary,False,fiscally_ordinary,False,3,0.018816167028857123,not_feasible,not_feasible,fiscally_ordinary,False,fiscally_ordinary,False,3,-0.0004799546557321781,False,False,False,robustness,post_baseline_robustness_extension_new_input_series,robustness-lsraw-v1,baseline-official-v3,v1.0.1-official-4c,robustness-lsraw-v1
official_4c_lsraw_robustness_extension_baseline_official_v3,LS_RAW_VS_ADJUSTED_ROBUSTNESS_EXTENSION_2026_07_10,CHL,PEN,PEN,high,r4,,0.0399632707992742,not_feasible,not_feasible,fiscally_ordinary,False,fiscally_ordinary,False,3,0.03937028285104708,not_feasible,not_feasible,fiscally_ordinary,False,fiscally_ordinary,False,3,-0.000592987948227118,False,False,False,robustness,post_baseline_robustness_extension_new_input_series,robustness-lsraw-v1,baseline-official-v3,v1.0.1-official-4c,robustness-lsraw-v1
official_4c_lsraw_robustness_extension_baseline_official_v3,LS_RAW_VS_ADJUSTED_ROBUSTNESS_EXTENSION_2026_07_10,CHL,PEN,PEN,low,r0,,-0.0446157845733166,not_feasible,not_feasible,fiscally_ordinary,False,fiscally_ordinary,False,4,-0.04456148288460623,not_feasible,not_feasible,fiscally_ordinary,False,fiscally_ordinary,False,4,5.430168871037311e-05,False,False,False,robustness,post_baseline_robustness_extension_new_input_series,robustness-lsraw-v1,baseline-official-v3,v1.0.1-official-4c,robustness-lsraw-v1
official_4c_lsraw_robustness_extension_baseline_official_v3,LS_RAW_VS_ADJUSTED_ROBUSTNESS_EXTENSION_2026_07_10,CHL,PEN,PEN,low,r1,,-0.0432922126120482,not_feasible,not_feasible,fiscally_ordinary,False,fiscally_ordinary,False,4,-0.043248599811203166,not_feasible,not_feasible,fiscally_ordinary,False,fiscally_ordinary,False,4,4.361280084503455e-05,False,False,False,robustness,post_baseline_robustness_extension_new_input_series,robustness-lsraw-v1,baseline-official-v3,v1.0.1-official-4c,robustness-lsraw-v1
official_4c_lsraw_robustness_extension_baseline_official_v3,LS_RAW_VS_ADJUSTED_ROBUSTNESS_EXTENSION_2026_07_10,CHL,PEN,PEN,low,r2,,-0.0427345750286296,not_feasible,not_feasible,fiscally_ordinary,False,fiscally_ordinary,False,4,-0.042688460059391004,not_feasible,not_feasible,fiscally_ordinary,False,fiscally_ordinary,False,4,4.611496923859898e-05,False,False,False,robustness,post_baseline_robustness_extension_new_input_series,robustness-lsraw-v1,baseline-official-v3,v1.0.1-official-4c,robustness-lsraw-v1
official_4c_lsraw_robustness_extension_baseline_official_v3,LS_RAW_VS_ADJUSTED_ROBUSTNESS_EXTENSION_2026_07_10,CHL,PEN,PEN,low,r3,,-0.0448356898221902,not_feasible,not_feasible,fiscally_ordinary,False,fiscally_ordinary,False,4,-0.04479460068848467,not_feasible,not_feasible,fiscally_ordinary,False,fiscally_ordinary,False,4,4.1089133705533853e-05,False,False,False,robustness,post_baseline_robustness_extension_new_input_series,robustness-lsraw-v1,baseline-official-v3,v1.0.1-official-4c,robustness-lsraw-v1
official_4c_lsraw_robustness_extension_baseline_official_v3,LS_RAW_VS_ADJUSTED_ROBUSTNESS_EXTENSION_2026_07_10,CHL,PEN,PEN,low,r4,,-0.0408490378423001,not_feasible,not_feasible,fiscally_ordinary,False,fiscally_ordinary,False,4,-0.040797791499557146,not_feasible,not_feasible,fiscally_ordinary,False,fiscally_ordinary,False,4,5.124634274295686e-05,False,False,False,robustness,post_baseline_robustness_extension_new_input_series,robustness-lsraw-v1,baseline-official-v3,v1.0.1-official-4c,robustness-lsraw-v1
official_4c_lsraw_robustness_extension_baseline_official_v3,LS_RAW_VS_ADJUSTED_ROBUSTNESS_EXTENSION_2026_07_10,CHL,PEN,PEN,mid,r0,,0.0324037073756413,not_feasible,not_feasible,fiscally_ordinary,False,fiscally_ordinary,False,3,0.03174059734715026,not_feasible,not_feasible,fiscally_ordinary,False,fiscally_ordinary,False,3,-0.0006631100284910374,False,False,False,robustness,post_baseline_robustness_extension_new_input_series,robustness-lsraw-v1,baseline-official-v3,v1.0.1-official-4c,robustness-lsraw-v1
official_4c_lsraw_robustness_extension_baseline_official_v3,LS_RAW_VS_ADJUSTED_ROBUSTNESS_EXTENSION_2026_07_10,CHL,PEN,PEN,mid,r1,,0.0374110771790924,not_feasible,not_feasible,fiscally_ordinary,False,fiscally_ordinary,False,3,0.0366569606852581,not_feasible,not_feasible,fiscally_ordinary,False,fiscally_ordinary,False,3,-0.000754116493834299,False,False,False,robustness,post_baseline_robustness_extension_new_input_series,robustness-lsraw-v1,baseline-official-v3,v1.0.1-official-4c,robustness-lsraw-v1
official_4c_lsraw_robustness_extension_baseline_official_v3,LS_RAW_VS_ADJUSTED_ROBUSTNESS_EXTENSION_2026_07_10,CHL,PEN,PEN,mid,r2,,0.0416998930913176,not_feasible,not_feasible,fiscally_ordinary,False,fiscally_ordinary,False,3,0.04091582513186955,not_feasible,not_feasible,fiscally_ordinary,False,fiscally_ordinary,False,3,-0.0007840679594480482,False,False,False,robustness,post_baseline_robustness_extension_new_input_series,robustness-lsraw-v1,baseline-official-v3,v1.0.1-official-4c,robustness-lsraw-v1
official_4c_lsraw_robustness_extension_baseline_official_v3,LS_RAW_VS_ADJUSTED_ROBUSTNESS_EXTENSION_2026_07_10,CHL,PEN,PEN,mid,r3,,0.0303414308033455,not_feasible,not_feasible,fiscally_ordinary,False,fiscally_ordinary,False,3,0.029658350004956226,not_feasible,not_feasible,fiscally_ordinary,False,fiscally_ordinary,False,3,-0.0006830807983892739,False,False,False,robustness,post_baseline_robustness_extension_new_input_series,robustness-lsraw-v1,baseline-official-v3,v1.0.1-official-4c,robustness-lsraw-v1
official_4c_lsraw_robustness_extension_baseline_official_v3,LS_RAW_VS_ADJUSTED_ROBUSTNESS_EXTENSION_2026_07_10,CHL,PEN,PEN,mid,r4,,0.0533544303576521,not_feasible,not_feasible,fiscally_ordinary,False,fiscally_ordinary,False,2,0.05251164562734493,not_feasible,not_feasible,fiscally_ordinary,False,fiscally_ordinary,False,2,-0.0008427847303071681,False,False,False,robustness,post_baseline_robustness_extension_new_input_series,robustness-lsraw-v1,baseline-official-v3,v1.0.1-official-4c,robustness-lsraw-v1
official_4c_lsraw_robustness_extension_baseline_official_v3,LS_RAW_VS_ADJUSTED_ROBUSTNESS_EXTENSION_2026_07_10,CHL,PEN,PEN,stress,r0,,0.2452211325082953,not_feasible,not_feasible,fiscally_ordinary,False,fiscally_ordinary,False,4,0.24342023680743585,not_feasible,not_feasible,fiscally_ordinary,False,fiscally_ordinary,False,4,-0.0018008957008594506,False,False,False,robustness,post_baseline_robustness_extension_new_input_series,robustness-lsraw-v1,baseline-official-v3,v1.0.1-official-4c,robustness-lsraw-v1
official_4c_lsraw_robustness_extension_baseline_official_v3,LS_RAW_VS_ADJUSTED_ROBUSTNESS_EXTENSION_2026_07_10,CHL,PEN,PEN,stress,r1,,0.2602914757602903,not_feasible,not_feasible,fiscally_ordinary,False,fiscally_ordinary,False,4,0.2581691771030289,not_feasible,not_feasible,fiscally_ordinary,False,fiscally_ordinary,False,4,-0.0021222986572614344,False,False,False,robustness,post_baseline_robustness_extension_new_input_series,robustness-lsraw-v1,baseline-official-v3,v1.0.1-official-4c,robustness-lsraw-v1
official_4c_lsraw_robustness_extension_baseline_official_v3,LS_RAW_VS_ADJUSTED_ROBUSTNESS_EXTENSION_2026_07_10,CHL,PEN,PEN,stress,r2,,0.2749404640789393,not_feasible,not_feasible,fiscally_ordinary,False,fiscally_ordinary,False,4,0.2727331416039005,not_feasible,not_feasible,fiscally_ordinary,False,fiscally_ordinary,False,4,-0.0022073224750387976,False,False,False,robustness,post_baseline_robustness_extension_new_input_series,robustness-lsraw-v1,baseline-official-v3,v1.0.1-official-4c,robustness-lsraw-v1
official_4c_lsraw_robustness_extension_baseline_official_v3,LS_RAW_VS_ADJUSTED_ROBUSTNESS_EXTENSION_2026_07_10,CHL,PEN,PEN,stress,r3,,0.2502383566642316,not_feasible,not_feasible,fiscally_ordinary,False,fiscally_ordinary,False,4,0.2483221022040391,not_feasible,not_feasible,fiscally_ordinary,False,fiscally_ordinary,False,4,-0.0019162544601925013,False,False,False,robustness,post_baseline_robustness_extension_new_input_series,robustness-lsraw-v1,baseline-official-v3,v1.0.1-official-4c,robustness-lsraw-v1
official_4c_lsraw_robustness_extension_baseline_official_v3,LS_RAW_VS_ADJUSTED_ROBUSTNESS_EXTENSION_2026_07_10,CHL,PEN,PEN,stress,r4,,0.3330179726110611,not_feasible,not_feasible,fiscally_ordinary,False,fiscally_ordinary,False,4,0.33064384386752976,not_feasible,not_feasible,fiscally_ordinary,False,fiscally_ordinary,False,4,-0.002374128743531323,False,False,False,robustness,post_baseline_robustness_extension_new_input_series,robustness-lsraw-v1,baseline-official-v3,v1.0.1-official-4c,robustness-lsraw-v1
official_4c_lsraw_robustness_extension_baseline_official_v3,LS_RAW_VS_ADJUSTED_ROBUSTNESS_EXTENSION_2026_07_10,CHL,UBI,UBI,high,r0,,0.0140867108026072,not_feasible,stress_benchmark_only,fiscally_ordinary,False,fiscally_ordinary,False,4,0.01396572318883473,not_feasible,stress_benchmark_only,fiscally_ordinary,False,fiscally_ordinary,False,4,-0.00012098761377246983,False,False,False,robustness,post_baseline_robustness_extension_new_input_series,robustness-lsraw-v1,baseline-official-v3,v1.0.1-official-4c,robustness-lsraw-v1
official_4c_lsraw_robustness_extension_baseline_official_v3,LS_RAW_VS_ADJUSTED_ROBUSTNESS_EXTENSION_2026_07_10,CHL,UBI,UBI,high,r1,,0.0151389587526245,not_feasible,stress_benchmark_only,fiscally_ordinary,False,fiscally_ordinary,False,4,0.014996935821464222,not_feasible,stress_benchmark_only,fiscally_ordinary,False,fiscally_ordinary,False,4,-0.00014202293116027769,False,False,False,robustness,post_baseline_robustness_extension_new_input_series,robustness-lsraw-v1,baseline-official-v3,v1.0.1-official-4c,robustness-lsraw-v1
official_4c_lsraw_robustness_extension_baseline_official_v3,LS_RAW_VS_ADJUSTED_ROBUSTNESS_EXTENSION_2026_07_10,CHL,UBI,UBI,high,r2,,0.0161224678355168,not_feasible,stress_benchmark_only,fiscally_ordinary,False,fiscally_ordinary,False,4,0.01597487877911319,not_feasible,stress_benchmark_only,fiscally_ordinary,False,fiscally_ordinary,False,4,-0.000147589056403611,False,False,False,robustness,post_baseline_robustness_extension_new_input_series,robustness-lsraw-v1,baseline-official-v3,v1.0.1-official-4c,robustness-lsraw-v1
official_4c_lsraw_robustness_extension_baseline_official_v3,LS_RAW_VS_ADJUSTED_ROBUSTNESS_EXTENSION_2026_07_10,CHL,UBI,UBI,high,r3,,0.0139238775103459,not_feasible,stress_benchmark_only,fiscally_ordinary,False,fiscally_ordinary,False,4,0.013795609369451017,not_feasible,stress_benchmark_only,fiscally_ordinary,False,fiscally_ordinary,False,4,-0.0001282681408948834,False,False,False,robustness,post_baseline_robustness_extension_new_input_series,robustness-lsraw-v1,baseline-official-v3,v1.0.1-official-4c,robustness-lsraw-v1
official_4c_lsraw_robustness_extension_baseline_official_v3,LS_RAW_VS_ADJUSTED_ROBUSTNESS_EXTENSION_2026_07_10,CHL,UBI,UBI,high,r4,,0.019254347708599,not_feasible,stress_benchmark_only,fiscally_ordinary,False,fiscally_ordinary,False,4,0.019095871359252666,not_feasible,stress_benchmark_only,fiscally_ordinary,False,fiscally_ordinary,False,4,-0.00015847634934633426,False,False,False,robustness,post_baseline_robustness_extension_new_input_series,robustness-lsraw-v1,baseline-official-v3,v1.0.1-official-4c,robustness-lsraw-v1
official_4c_lsraw_robustness_extension_baseline_official_v3,LS_RAW_VS_ADJUSTED_ROBUSTNESS_EXTENSION_2026_07_10,CHL,UBI,UBI,low,r0,,-0.0031084048057245,not_feasible,stress_benchmark_only,fiscally_ordinary,False,fiscally_ordinary,False,1,-0.003093892650096606,not_feasible,stress_benchmark_only,fiscally_ordinary,False,fiscally_ordinary,False,1,1.4512155627894197e-05,False,False,False,robustness,post_baseline_robustness_extension_new_input_series,robustness-lsraw-v1,baseline-official-v3,v1.0.1-official-4c,robustness-lsraw-v1
official_4c_lsraw_robustness_extension_baseline_official_v3,LS_RAW_VS_ADJUSTED_ROBUSTNESS_EXTENSION_2026_07_10,CHL,UBI,UBI,low,r1,,-0.0028752023355602,not_feasible,stress_benchmark_only,fiscally_ordinary,False,fiscally_ordinary,False,1,-0.0028635467909857346,not_feasible,stress_benchmark_only,fiscally_ordinary,False,fiscally_ordinary,False,1,1.1655544574465555e-05,False,False,False,robustness,post_baseline_robustness_extension_new_input_series,robustness-lsraw-v1,baseline-official-v3,v1.0.1-official-4c,robustness-lsraw-v1
official_4c_lsraw_robustness_extension_baseline_official_v3,LS_RAW_VS_ADJUSTED_ROBUSTNESS_EXTENSION_2026_07_10,CHL,UBI,UBI,low,r2,,-0.0027261733902963,not_feasible,stress_benchmark_only,fiscally_ordinary,False,fiscally_ordinary,False,1,-0.0027138491398676218,not_feasible,stress_benchmark_only,fiscally_ordinary,False,fiscally_ordinary,False,1,1.2324250428678418e-05,False,False,False,robustness,post_baseline_robustness_extension_new_input_series,robustness-lsraw-v1,baseline-official-v3,v1.0.1-official-4c,robustness-lsraw-v1
official_4c_lsraw_robustness_extension_baseline_official_v3,LS_RAW_VS_ADJUSTED_ROBUSTNESS_EXTENSION_2026_07_10,CHL,UBI,UBI,low,r3,,-0.0032153837426812,not_feasible,stress_benchmark_only,fiscally_ordinary,False,fiscally_ordinary,False,1,-0.0032044026495124524,not_feasible,stress_benchmark_only,fiscally_ordinary,False,fiscally_ordinary,False,1,1.0981093168747642e-05,False,False,False,robustness,post_baseline_robustness_extension_new_input_series,robustness-lsraw-v1,baseline-official-v3,v1.0.1-official-4c,robustness-lsraw-v1
official_4c_lsraw_robustness_extension_baseline_official_v3,LS_RAW_VS_ADJUSTED_ROBUSTNESS_EXTENSION_2026_07_10,CHL,UBI,UBI,low,r4,,-0.0023427854103024,not_feasible,stress_benchmark_only,fiscally_ordinary,False,fiscally_ordinary,False,1,-0.002329089797534026,not_feasible,stress_benchmark_only,fiscally_ordinary,False,fiscally_ordinary,False,1,1.3695612768374003e-05,False,False,False,robustness,post_baseline_robustness_extension_new_input_series,robustness-lsraw-v1,baseline-official-v3,v1.0.1-official-4c,robustness-lsraw-v1
official_4c_lsraw_robustness_extension_baseline_official_v3,LS_RAW_VS_ADJUSTED_ROBUSTNESS_EXTENSION_2026_07_10,CHL,UBI,UBI,mid,r0,,0.0174750960041515,not_feasible,stress_benchmark_only,fiscally_ordinary,False,fiscally_ordinary,False,4,0.017297879490992412,not_feasible,stress_benchmark_only,fiscally_ordinary,False,fiscally_ordinary,False,4,-0.000177216513159089,False,False,False,robustness,post_baseline_robustness_extension_new_input_series,robustness-lsraw-v1,baseline-official-v3,v1.0.1-official-4c,robustness-lsraw-v1
official_4c_lsraw_robustness_extension_baseline_official_v3,LS_RAW_VS_ADJUSTED_ROBUSTNESS_EXTENSION_2026_07_10,CHL,UBI,UBI,mid,r1,,0.0186927954366983,not_feasible,stress_benchmark_only,fiscally_ordinary,False,fiscally_ordinary,False,4,0.018491257396537435,not_feasible,stress_benchmark_only,fiscally_ordinary,False,fiscally_ordinary,False,4,-0.00020153804016086532,False,False,False,robustness,post_baseline_robustness_extension_new_input_series,robustness-lsraw-v1,baseline-official-v3,v1.0.1-official-4c,robustness-lsraw-v1
official_4c_lsraw_robustness_extension_baseline_official_v3,LS_RAW_VS_ADJUSTED_ROBUSTNESS_EXTENSION_2026_07_10,CHL,UBI,UBI,mid,r2,,0.0198389838049778,not_feasible,stress_benchmark_only,fiscally_ordinary,False,fiscally_ordinary,False,4,0.01962944121945949,not_feasible,stress_benchmark_only,fiscally_ordinary,False,fiscally_ordinary,False,4,-0.00020954258551831098,False,False,False,robustness,post_baseline_robustness_extension_new_input_series,robustness-lsraw-v1,baseline-official-v3,v1.0.1-official-4c,robustness-lsraw-v1
official_4c_lsraw_robustness_extension_baseline_official_v3,LS_RAW_VS_ADJUSTED_ROBUSTNESS_EXTENSION_2026_07_10,CHL,UBI,UBI,mid,r3,,0.0168757423362256,not_feasible,stress_benchmark_only,fiscally_ordinary,False,fiscally_ordinary,False,4,0.016693188624028014,not_feasible,stress_benchmark_only,fiscally_ordinary,False,fiscally_ordinary,False,4,-0.00018255371219758412,False,False,False,robustness,post_baseline_robustness_extension_new_input_series,robustness-lsraw-v1,baseline-official-v3,v1.0.1-official-4c,robustness-lsraw-v1
official_4c_lsraw_robustness_extension_baseline_official_v3,LS_RAW_VS_ADJUSTED_ROBUSTNESS_EXTENSION_2026_07_10,CHL,UBI,UBI,mid,r4,,0.0228331423311046,not_feasible,stress_benchmark_only,fiscally_ordinary,False,fiscally_ordinary,False,4,0.02260790765687021,not_feasible,stress_benchmark_only,fiscally_ordinary,False,fiscally_ordinary,False,4,-0.0002252346742343883,False,False,False,robustness,post_baseline_robustness_extension_new_input_series,robustness-lsraw-v1,baseline-official-v3,v1.0.1-official-4c,robustness-lsraw-v1
official_4c_lsraw_robustness_extension_baseline_official_v3,LS_RAW_VS_ADJUSTED_ROBUSTNESS_EXTENSION_2026_07_10,CHL,UBI,UBI,stress,r0,,0.0743506677811865,not_feasible,stress_benchmark_only,fiscally_ordinary,False,fiscally_ordinary,False,6,0.07386937743274194,not_feasible,stress_benchmark_only,fiscally_ordinary,False,fiscally_ordinary,False,6,-0.0004812903484445602,False,False,False,robustness,post_baseline_robustness_extension_new_input_series,robustness-lsraw-v1,baseline-official-v3,v1.0.1-official-4c,robustness-lsraw-v1
official_4c_lsraw_robustness_extension_baseline_official_v3,LS_RAW_VS_ADJUSTED_ROBUSTNESS_EXTENSION_2026_07_10,CHL,UBI,UBI,stress,r1,,0.0782577023013386,not_feasible,stress_benchmark_only,fiscally_ordinary,False,fiscally_ordinary,False,6,0.07769051683925468,not_feasible,stress_benchmark_only,fiscally_ordinary,False,fiscally_ordinary,False,6,-0.0005671854620839245,False,False,False,robustness,post_baseline_robustness_extension_new_input_series,robustness-lsraw-v1,baseline-official-v3,v1.0.1-official-4c,robustness-lsraw-v1
official_4c_lsraw_robustness_extension_baseline_official_v3,LS_RAW_VS_ADJUSTED_ROBUSTNESS_EXTENSION_2026_07_10,CHL,UBI,UBI,stress,r2,,0.0821726523391888,not_feasible,stress_benchmark_only,fiscally_ordinary,False,fiscally_ordinary,False,6,0.08158274421589545,not_feasible,stress_benchmark_only,fiscally_ordinary,False,fiscally_ordinary,False,6,-0.0005899081232933479,False,False,False,robustness,post_baseline_robustness_extension_new_input_series,robustness-lsraw-v1,baseline-official-v3,v1.0.1-official-4c,robustness-lsraw-v1
official_4c_lsraw_robustness_extension_baseline_official_v3,LS_RAW_VS_ADJUSTED_ROBUSTNESS_EXTENSION_2026_07_10,CHL,UBI,UBI,stress,r3,,0.0756433145054426,not_feasible,stress_benchmark_only,fiscally_ordinary,False,fiscally_ordinary,False,6,0.07513119446627851,not_feasible,stress_benchmark_only,fiscally_ordinary,False,fiscally_ordinary,False,6,-0.0005121200391640796,False,False,False,robustness,post_baseline_robustness_extension_new_input_series,robustness-lsraw-v1,baseline-official-v3,v1.0.1-official-4c,robustness-lsraw-v1
official_4c_lsraw_robustness_extension_baseline_official_v3,LS_RAW_VS_ADJUSTED_ROBUSTNESS_EXTENSION_2026_07_10,CHL,UBI,UBI,stress,r4,,0.0975733750020856,not_feasible,stress_benchmark_only,fiscally_ordinary,False,fiscally_ordinary,False,6,0.09693888781347094,not_feasible,stress_benchmark_only,fiscally_ordinary,False,fiscally_ordinary,False,6,-0.0006344871886146547,False,False,False,robustness,post_baseline_robustness_extension_new_input_series,robustness-lsraw-v1,baseline-official-v3,v1.0.1-official-4c,robustness-lsraw-v1
official_4c_lsraw_robustness_extension_baseline_official_v3,LS_RAW_VS_ADJUSTED_ROBUSTNESS_EXTENSION_2026_07_10,COL,GMI,GMI:GMI_ideal_aggregate,high,r0,GMI_ideal_aggregate,-0.0490281512240388,not_feasible,not_feasible,fiscally_ordinary,False,fiscally_ordinary,False,6,-0.050043688013664364,not_feasible,not_feasible,fiscally_ordinary,False,fiscally_ordinary,False,6,-0.0010155367896255638,False,False,False,robustness,post_baseline_robustness_extension_new_input_series,robustness-lsraw-v1,baseline-official-v3,v1.0.1-official-4c,robustness-lsraw-v1
official_4c_lsraw_robustness_extension_baseline_official_v3,LS_RAW_VS_ADJUSTED_ROBUSTNESS_EXTENSION_2026_07_10,COL,GMI,GMI:GMI_ideal_aggregate,high,r1,GMI_ideal_aggregate,-0.0430861854919454,not_feasible,not_feasible,fiscally_ordinary,False,fiscally_ordinary,False,6,-0.04439681054696996,not_feasible,not_feasible,fiscally_ordinary,False,fiscally_ordinary,False,6,-0.0013106250550245571,False,False,False,robustness,post_baseline_robustness_extension_new_input_series,robustness-lsraw-v1,baseline-official-v3,v1.0.1-official-4c,robustness-lsraw-v1
official_4c_lsraw_robustness_extension_baseline_official_v3,LS_RAW_VS_ADJUSTED_ROBUSTNESS_EXTENSION_2026_07_10,COL,GMI,GMI:GMI_ideal_aggregate,high,r2,GMI_ideal_aggregate,-0.0394359090382211,not_feasible,not_feasible,fiscally_ordinary,False,fiscally_ordinary,False,6,-0.0407922046874878,not_feasible,not_feasible,fiscally_ordinary,False,fiscally_ordinary,False,6,-0.0013562956492667033,False,False,False,robustness,post_baseline_robustness_extension_new_input_series,robustness-lsraw-v1,baseline-official-v3,v1.0.1-official-4c,robustness-lsraw-v1
official_4c_lsraw_robustness_extension_baseline_official_v3,LS_RAW_VS_ADJUSTED_ROBUSTNESS_EXTENSION_2026_07_10,COL,GMI,GMI:GMI_ideal_aggregate,high,r3,GMI_ideal_aggregate,-0.0483780600699625,not_feasible,not_feasible,fiscally_ordinary,False,fiscally_ordinary,False,6,-0.049551860231782305,not_feasible,not_feasible,fiscally_ordinary,False,fiscally_ordinary,False,6,-0.0011738001618198032,False,False,False,robustness,post_baseline_robustness_extension_new_input_series,robustness-lsraw-v1,baseline-official-v3,v1.0.1-official-4c,robustness-lsraw-v1
official_4c_lsraw_robustness_extension_baseline_official_v3,LS_RAW_VS_ADJUSTED_ROBUSTNESS_EXTENSION_2026_07_10,COL,GMI,GMI:GMI_ideal_aggregate,high,r4,GMI_ideal_aggregate,-0.0264960083268255,not_feasible,not_feasible,fiscally_ordinary,False,fiscally_ordinary,False,6,-0.02793922904636148,not_feasible,not_feasible,fiscally_ordinary,False,fiscally_ordinary,False,6,-0.0014432207195359814,False,False,False,robustness,post_baseline_robustness_extension_new_input_series,robustness-lsraw-v1,baseline-official-v3,v1.0.1-official-4c,robustness-lsraw-v1
official_4c_lsraw_robustness_extension_baseline_official_v3,LS_RAW_VS_ADJUSTED_ROBUSTNESS_EXTENSION_2026_07_10,COL,GMI,GMI:GMI_ideal_aggregate,low,r0,GMI_ideal_aggregate,-0.112663238540209,not_feasible,not_feasible,fiscally_ordinary,False,fiscally_ordinary,False,5,-0.11221903905258203,not_feasible,not_feasible,fiscally_ordinary,False,fiscally_ordinary,False,5,0.0004441994876269728,False,False,False,robustness,post_baseline_robustness_extension_new_input_series,robustness-lsraw-v1,baseline-official-v3,v1.0.1-official-4c,robustness-lsraw-v1
official_4c_lsraw_robustness_extension_baseline_official_v3,LS_RAW_VS_ADJUSTED_ROBUSTNESS_EXTENSION_2026_07_10,COL,GMI,GMI:GMI_ideal_aggregate,low,r1,GMI_ideal_aggregate,-0.1104136174694261,not_feasible,not_feasible,fiscally_ordinary,False,fiscally_ordinary,False,5,-0.11000826257930807,not_feasible,not_feasible,fiscally_ordinary,False,fiscally_ordinary,False,5,0.0004053548901180315,False,False,False,robustness,post_baseline_robustness_extension_new_input_series,robustness-lsraw-v1,baseline-official-v3,v1.0.1-official-4c,robustness-lsraw-v1
official_4c_lsraw_robustness_extension_baseline_official_v3,LS_RAW_VS_ADJUSTED_ROBUSTNESS_EXTENSION_2026_07_10,COL,GMI,GMI:GMI_ideal_aggregate,low,r2,GMI_ideal_aggregate,-0.1099427969680978,not_feasible,not_feasible,fiscally_ordinary,False,fiscally_ordinary,False,5,-0.10951673053588488,not_feasible,not_feasible,fiscally_ordinary,False,fiscally_ordinary,False,5,0.00042606643221292095,False,False,False,robustness,post_baseline_robustness_extension_new_input_series,robustness-lsraw-v1,baseline-official-v3,v1.0.1-official-4c,robustness-lsraw-v1
official_4c_lsraw_robustness_extension_baseline_official_v3,LS_RAW_VS_ADJUSTED_ROBUSTNESS_EXTENSION_2026_07_10,COL,GMI,GMI:GMI_ideal_aggregate,low,r3,GMI_ideal_aggregate,-0.1123275415116828,not_feasible,not_feasible,fiscally_ordinary,False,fiscally_ordinary,False,5,-0.11195163527908045,not_feasible,not_feasible,fiscally_ordinary,False,fiscally_ordinary,False,5,0.00037590623260234934,False,False,False,robustness,post_baseline_robustness_extension_new_input_series,robustness-lsraw-v1,baseline-official-v3,v1.0.1-official-4c,robustness-lsraw-v1
official_4c_lsraw_robustness_extension_baseline_official_v3,LS_RAW_VS_ADJUSTED_ROBUSTNESS_EXTENSION_2026_07_10,COL,GMI,GMI:GMI_ideal_aggregate,low,r4,GMI_ideal_aggregate,-0.1073273211049564,not_feasible,not_feasible,fiscally_ordinary,False,fiscally_ordinary,False,5,-0.10685924677175515,not_feasible,not_feasible,fiscally_ordinary,False,fiscally_ordinary,False,5,0.00046807433320124325,False,False,False,robustness,post_baseline_robustness_extension_new_input_series,robustness-lsraw-v1,baseline-official-v3,v1.0.1-official-4c,robustness-lsraw-v1
official_4c_lsraw_robustness_extension_baseline_official_v3,LS_RAW_VS_ADJUSTED_ROBUSTNESS_EXTENSION_2026_07_10,COL,GMI,GMI:GMI_ideal_aggregate,mid,r0,GMI_ideal_aggregate,-0.045557782985473,not_feasible,not_feasible,fiscally_ordinary,False,fiscally_ordinary,False,6,-0.04724374742190262,not_feasible,not_feasible,fiscally_ordinary,False,fiscally_ordinary,False,6,-0.0016859644364296197,False,False,False,robustness,post_baseline_robustness_extension_new_input_series,robustness-lsraw-v1,baseline-official-v3,v1.0.1-official-4c,robustness-lsraw-v1
official_4c_lsraw_robustness_extension_baseline_official_v3,LS_RAW_VS_ADJUSTED_ROBUSTNESS_EXTENSION_2026_07_10,COL,GMI,GMI:GMI_ideal_aggregate,mid,r1,GMI_ideal_aggregate,-0.0394765508203082,not_feasible,not_feasible,fiscally_ordinary,False,fiscally_ordinary,False,6,-0.041451531172305385,not_feasible,not_feasible,fiscally_ordinary,False,fiscally_ordinary,False,6,-0.0019749803519971826,False,False,False,robustness,post_baseline_robustness_extension_new_input_series,robustness-lsraw-v1,baseline-official-v3,v1.0.1-official-4c,robustness-lsraw-v1
official_4c_lsraw_robustness_extension_baseline_official_v3,LS_RAW_VS_ADJUSTED_ROBUSTNESS_EXTENSION_2026_07_10,COL,GMI,GMI:GMI_ideal_aggregate,mid,r2,GMI_ideal_aggregate,-0.0356693460572483,not_feasible,not_feasible,fiscally_ordinary,False,fiscally_ordinary,False,6,-0.03771653364013817,not_feasible,not_feasible,fiscally_ordinary,False,fiscally_ordinary,False,6,-0.0020471875828898672,False,False,False,robustness,post_baseline_robustness_extension_new_input_series,robustness-lsraw-v1,baseline-official-v3,v1.0.1-official-4c,robustness-lsraw-v1
official_4c_lsraw_robustness_extension_baseline_official_v3,LS_RAW_VS_ADJUSTED_ROBUSTNESS_EXTENSION_2026_07_10,COL,GMI,GMI:GMI_ideal_aggregate,mid,r3,GMI_ideal_aggregate,-0.0463170772612968,not_feasible,not_feasible,fiscally_ordinary,False,fiscally_ordinary,False,6,-0.04810086647357253,not_feasible,not_feasible,fiscally_ordinary,False,fiscally_ordinary,False,6,-0.0017837892122757257,False,False,False,robustness,post_baseline_robustness_extension_new_input_series,robustness-lsraw-v1,baseline-official-v3,v1.0.1-official-4c,robustness-lsraw-v1
official_4c_lsraw_robustness_extension_baseline_official_v3,LS_RAW_VS_ADJUSTED_ROBUSTNESS_EXTENSION_2026_07_10,COL,GMI,GMI:GMI_ideal_aggregate,mid,r4,GMI_ideal_aggregate,-0.0243676942518618,not_feasible,not_feasible,fiscally_ordinary,False,fiscally_ordinary,False,6,-0.026553916171976503,not_feasible,not_feasible,fiscally_ordinary,False,fiscally_ordinary,False,6,-0.002186221920114702,False,False,False,robustness,post_baseline_robustness_extension_new_input_series,robustness-lsraw-v1,baseline-official-v3,v1.0.1-official-4c,robustness-lsraw-v1
official_4c_lsraw_robustness_extension_baseline_official_v3,LS_RAW_VS_ADJUSTED_ROBUSTNESS_EXTENSION_2026_07_10,COL,GMI,GMI:GMI_ideal_aggregate,stress,r0,GMI_ideal_aggregate,0.132052939366006,not_feasible,not_feasible,fiscally_ordinary,False,fiscally_ordinary,False,3,0.12932349590807102,not_feasible,not_feasible,fiscally_ordinary,False,fiscally_ordinary,False,3,-0.0027294434579349935,False,False,False,robustness,post_baseline_robustness_extension_new_input_series,robustness-lsraw-v1,baseline-official-v3,v1.0.1-official-4c,robustness-lsraw-v1
official_4c_lsraw_robustness_extension_baseline_official_v3,LS_RAW_VS_ADJUSTED_ROBUSTNESS_EXTENSION_2026_07_10,COL,GMI,GMI:GMI_ideal_aggregate,stress,r1,GMI_ideal_aggregate,0.1487583506091578,not_feasible,not_feasible,fiscally_ordinary,False,fiscally_ordinary,False,2,0.14492185948503858,not_feasible,not_feasible,fiscally_ordinary,False,fiscally_ordinary,False,2,-0.0038364911241192123,False,False,False,robustness,post_baseline_robustness_extension_new_input_series,robustness-lsraw-v1,baseline-official-v3,v1.0.1-official-4c,robustness-lsraw-v1
official_4c_lsraw_robustness_extension_baseline_official_v3,LS_RAW_VS_ADJUSTED_ROBUSTNESS_EXTENSION_2026_07_10,COL,GMI,GMI:GMI_ideal_aggregate,stress,r2,GMI_ideal_aggregate,0.1615241366261638,not_feasible,not_feasible,fiscally_ordinary,False,fiscally_ordinary,False,2,0.15754771615230548,not_feasible,not_feasible,fiscally_ordinary,False,fiscally_ordinary,False,2,-0.003976420473858322,False,False,False,robustness,post_baseline_robustness_extension_new_input_series,robustness-lsraw-v1,baseline-official-v3,v1.0.1-official-4c,robustness-lsraw-v1
official_4c_lsraw_robustness_extension_baseline_official_v3,LS_RAW_VS_ADJUSTED_ROBUSTNESS_EXTENSION_2026_07_10,COL,GMI,GMI:GMI_ideal_aggregate,stress,r3,GMI_ideal_aggregate,0.1394889015864197,not_feasible,not_feasible,fiscally_ordinary,False,fiscally_ordinary,False,3,0.13607531467261993,not_feasible,not_feasible,fiscally_ordinary,False,fiscally_ordinary,False,3,-0.0034135869137997543,False,False,False,robustness,post_baseline_robustness_extension_new_input_series,robustness-lsraw-v1,baseline-official-v3,v1.0.1-official-4c,robustness-lsraw-v1
official_4c_lsraw_robustness_extension_baseline_official_v3,LS_RAW_VS_ADJUSTED_ROBUSTNESS_EXTENSION_2026_07_10,COL,GMI,GMI:GMI_ideal_aggregate,stress,r4,GMI_ideal_aggregate,0.212934213508127,not_feasible,not_feasible,fiscally_ordinary,False,fiscally_ordinary,False,2,0.20869013463686695,not_feasible,not_feasible,fiscally_ordinary,False,fiscally_ordinary,False,2,-0.004244078871260049,False,False,False,robustness,post_baseline_robustness_extension_new_input_series,robustness-lsraw-v1,baseline-official-v3,v1.0.1-official-4c,robustness-lsraw-v1
official_4c_lsraw_robustness_extension_baseline_official_v3,LS_RAW_VS_ADJUSTED_ROBUSTNESS_EXTENSION_2026_07_10,COL,GMI,GMI:GMI_loaded_aggregate,high,r0,GMI_loaded_aggregate,-0.0326854341493592,not_feasible,not_feasible,fiscally_ordinary,False,fiscally_ordinary,False,5,-0.033362458675776245,not_feasible,not_feasible,fiscally_ordinary,False,fiscally_ordinary,False,5,-0.0006770245264170471,False,False,False,robustness,post_baseline_robustness_extension_new_input_series,robustness-lsraw-v1,baseline-official-v3,v1.0.1-official-4c,robustness-lsraw-v1
official_4c_lsraw_robustness_extension_baseline_official_v3,LS_RAW_VS_ADJUSTED_ROBUSTNESS_EXTENSION_2026_07_10,COL,GMI,GMI:GMI_loaded_aggregate,high,r1,GMI_loaded_aggregate,-0.0287241236612969,not_feasible,not_feasible,fiscally_ordinary,False,fiscally_ordinary,False,5,-0.029597873697979973,not_feasible,not_feasible,fiscally_ordinary,False,fiscally_ordinary,False,5,-0.0008737500366830728,False,False,False,robustness,post_baseline_robustness_extension_new_input_series,robustness-lsraw-v1,baseline-official-v3,v1.0.1-official-4c,robustness-lsraw-v1
official_4c_lsraw_robustness_extension_baseline_official_v3,LS_RAW_VS_ADJUSTED_ROBUSTNESS_EXTENSION_2026_07_10,COL,GMI,GMI:GMI_loaded_aggregate,high,r2,GMI_loaded_aggregate,-0.0262906060254808,not_feasible,not_feasible,fiscally_ordinary,False,fiscally_ordinary,False,5,-0.02719480312499187,not_feasible,not_feasible,fiscally_ordinary,False,fiscally_ordinary,False,5,-0.0009041970995110719,False,False,False,robustness,post_baseline_robustness_extension_new_input_series,robustness-lsraw-v1,baseline-official-v3,v1.0.1-official-4c,robustness-lsraw-v1
official_4c_lsraw_robustness_extension_baseline_official_v3,LS_RAW_VS_ADJUSTED_ROBUSTNESS_EXTENSION_2026_07_10,COL,GMI,GMI:GMI_loaded_aggregate,high,r3,GMI_loaded_aggregate,-0.0322520400466417,not_feasible,not_feasible,fiscally_ordinary,False,fiscally_ordinary,False,5,-0.03303457348785487,not_feasible,not_feasible,fiscally_ordinary,False,fiscally_ordinary,False,5,-0.0007825334412131721,False,False,False,robustness,post_baseline_robustness_extension_new_input_series,robustness-lsraw-v1,baseline-official-v3,v1.0.1-official-4c,robustness-lsraw-v1
official_4c_lsraw_robustness_extension_baseline_official_v3,LS_RAW_VS_ADJUSTED_ROBUSTNESS_EXTENSION_2026_07_10,COL,GMI,GMI:GMI_loaded_aggregate,high,r4,GMI_loaded_aggregate,-0.017664005551217,not_feasible,not_feasible,fiscally_ordinary,False,fiscally_ordinary,False,5,-0.01862615269757432,not_feasible,not_feasible,fiscally_ordinary,False,fiscally_ordinary,False,5,-0.0009621471463573221,False,False,False,robustness,post_baseline_robustness_extension_new_input_series,robustness-lsraw-v1,baseline-official-v3,v1.0.1-official-4c,robustness-lsraw-v1
official_4c_lsraw_robustness_extension_baseline_official_v3,LS_RAW_VS_ADJUSTED_ROBUSTNESS_EXTENSION_2026_07_10,COL,GMI,GMI:GMI_loaded_aggregate,low,r0,GMI_loaded_aggregate,-0.0751088256934726,not_feasible,not_feasible,fiscally_ordinary,False,fiscally_ordinary,False,4,-0.07481269270172136,not_feasible,not_feasible,fiscally_ordinary,False,fiscally_ordinary,False,4,0.0002961329917512412,False,False,False,robustness,post_baseline_robustness_extension_new_input_series,robustness-lsraw-v1,baseline-official-v3,v1.0.1-official-4c,robustness-lsraw-v1
official_4c_lsraw_robustness_extension_baseline_official_v3,LS_RAW_VS_ADJUSTED_ROBUSTNESS_EXTENSION_2026_07_10,COL,GMI,GMI:GMI_loaded_aggregate,low,r1,GMI_loaded_aggregate,-0.0736090783129508,not_feasible,not_feasible,fiscally_ordinary,False,fiscally_ordinary,False,4,-0.07333884171953872,not_feasible,not_feasible,fiscally_ordinary,False,fiscally_ordinary,False,4,0.0002702365934120765,False,False,False,robustness,post_baseline_robustness_extension_new_input_series,robustness-lsraw-v1,baseline-official-v3,v1.0.1-official-4c,robustness-lsraw-v1
official_4c_lsraw_robustness_extension_baseline_official_v3,LS_RAW_VS_ADJUSTED_ROBUSTNESS_EXTENSION_2026_07_10,COL,GMI,GMI:GMI_loaded_aggregate,low,r2,GMI_loaded_aggregate,-0.0732951979787319,not_feasible,not_feasible,fiscally_ordinary,False,fiscally_ordinary,False,4,-0.07301115369058993,not_feasible,not_feasible,fiscally_ordinary,False,fiscally_ordinary,False,4,0.0002840442881419658,False,False,False,robustness,post_baseline_robustness_extension_new_input_series,robustness-lsraw-v1,baseline-official-v3,v1.0.1-official-4c,robustness-lsraw-v1
official_4c_lsraw_robustness_extension_baseline_official_v3,LS_RAW_VS_ADJUSTED_ROBUSTNESS_EXTENSION_2026_07_10,COL,GMI,GMI:GMI_loaded_aggregate,low,r3,GMI_loaded_aggregate,-0.0748850276744552,not_feasible,not_feasible,fiscally_ordinary,False,fiscally_ordinary,False,4,-0.07463442351938697,not_feasible,not_feasible,fiscally_ordinary,False,fiscally_ordinary,False,4,0.0002506041550682375,False,False,False,robustness,post_baseline_robustness_extension_new_input_series,robustness-lsraw-v1,baseline-official-v3,v1.0.1-official-4c,robustness-lsraw-v1
official_4c_lsraw_robustness_extension_baseline_official_v3,LS_RAW_VS_ADJUSTED_ROBUSTNESS_EXTENSION_2026_07_10,COL,GMI,GMI:GMI_loaded_aggregate,low,r4,GMI_loaded_aggregate,-0.0715515474033043,not_feasible,not_feasible,fiscally_ordinary,False,fiscally_ordinary,False,4,-0.07123949784783677,not_feasible,not_feasible,fiscally_ordinary,False,fiscally_ordinary,False,4,0.0003120495554675279,False,False,False,robustness,post_baseline_robustness_extension_new_input_series,robustness-lsraw-v1,baseline-official-v3,v1.0.1-official-4c,robustness-lsraw-v1
official_4c_lsraw_robustness_extension_baseline_official_v3,LS_RAW_VS_ADJUSTED_ROBUSTNESS_EXTENSION_2026_07_10,COL,GMI,GMI:GMI_loaded_aggregate,mid,r0,GMI_loaded_aggregate,-0.0303718553236487,not_feasible,not_feasible,fiscally_ordinary,False,fiscally_ordinary,False,5,-0.031495831614601746,not_feasible,not_feasible,fiscally_ordinary,False,fiscally_ordinary,False,5,-0.0011239762909530451,False,False,False,robustness,post_baseline_robustness_extension_new_input_series,robustness-lsraw-v1,baseline-official-v3,v1.0.1-official-4c,robustness-lsraw-v1
official_4c_lsraw_robustness_extension_baseline_official_v3,LS_RAW_VS_ADJUSTED_ROBUSTNESS_EXTENSION_2026_07_10,COL,GMI,GMI:GMI_loaded_aggregate,mid,r1,GMI_loaded_aggregate,-0.0263177005468721,not_feasible,not_feasible,fiscally_ordinary,False,fiscally_ordinary,False,5,-0.02763435411487026,not_feasible,not_feasible,fiscally_ordinary,False,fiscally_ordinary,False,5,-0.0013166535679981599,False,False,False,robustness,post_baseline_robustness_extension_new_input_series,robustness-lsraw-v1,baseline-official-v3,v1.0.1-official-4c,robustness-lsraw-v1
official_4c_lsraw_robustness_extension_baseline_official_v3,LS_RAW_VS_ADJUSTED_ROBUSTNESS_EXTENSION_2026_07_10,COL,GMI,GMI:GMI_loaded_aggregate,mid,r2,GMI_loaded_aggregate,-0.0237795640381655,not_feasible,not_feasible,fiscally_ordinary,False,fiscally_ordinary,False,5,-0.025144355760092118,not_feasible,not_feasible,fiscally_ordinary,False,fiscally_ordinary,False,5,-0.0013647917219266163,False,False,False,robustness,post_baseline_robustness_extension_new_input_series,robustness-lsraw-v1,baseline-official-v3,v1.0.1-official-4c,robustness-lsraw-v1
official_4c_lsraw_robustness_extension_baseline_official_v3,LS_RAW_VS_ADJUSTED_ROBUSTNESS_EXTENSION_2026_07_10,COL,GMI,GMI:GMI_loaded_aggregate,mid,r3,GMI_loaded_aggregate,-0.0308780515075312,not_feasible,not_feasible,fiscally_ordinary,False,fiscally_ordinary,False,5,-0.03206724431571502,not_feasible,not_feasible,fiscally_ordinary,False,fiscally_ordinary,False,5,-0.0011891928081838171,False,False,False,robustness,post_baseline_robustness_extension_new_input_series,robustness-lsraw-v1,baseline-official-v3,v1.0.1-official-4c,robustness-lsraw-v1
official_4c_lsraw_robustness_extension_baseline_official_v3,LS_RAW_VS_ADJUSTED_ROBUSTNESS_EXTENSION_2026_07_10,COL,GMI,GMI:GMI_loaded_aggregate,mid,r4,GMI_loaded_aggregate,-0.0162451295012412,not_feasible,not_feasible,fiscally_ordinary,False,fiscally_ordinary,False,5,-0.01770261078131767,not_feasible,not_feasible,fiscally_ordinary,False,fiscally_ordinary,False,5,-0.0014574812800764725,False,False,False,robustness,post_baseline_robustness_extension_new_input_series,robustness-lsraw-v1,baseline-official-v3,v1.0.1-official-4c,robustness-lsraw-v1
official_4c_lsraw_robustness_extension_baseline_official_v3,LS_RAW_VS_ADJUSTED_ROBUSTNESS_EXTENSION_2026_07_10,COL,GMI,GMI:GMI_loaded_aggregate,stress,r0,GMI_loaded_aggregate,0.0880352929106706,not_feasible,not_feasible,fiscally_ordinary,False,fiscally_ordinary,False,5,0.08621566393871402,not_feasible,not_feasible,fiscally_ordinary,False,fiscally_ordinary,False,5,-0.0018196289719565745,False,False,False,robustness,post_baseline_robustness_extension_new_input_series,robustness-lsraw-v1,baseline-official-v3,v1.0.1-official-4c,robustness-lsraw-v1
official_4c_lsraw_robustness_extension_baseline_official_v3,LS_RAW_VS_ADJUSTED_ROBUSTNESS_EXTENSION_2026_07_10,COL,GMI,GMI:GMI_loaded_aggregate,stress,r1,GMI_loaded_aggregate,0.0991722337394385,not_feasible,not_feasible,fiscally_ordinary,False,fiscally_ordinary,False,4,0.09661457299002574,not_feasible,not_feasible,fiscally_ordinary,False,fiscally_ordinary,False,4,-0.0025576607494127573,False,False,False,robustness,post_baseline_robustness_extension_new_input_series,robustness-lsraw-v1,baseline-official-v3,v1.0.1-official-4c,robustness-lsraw-v1
official_4c_lsraw_robustness_extension_baseline_official_v3,LS_RAW_VS_ADJUSTED_ROBUSTNESS_EXTENSION_2026_07_10,COL,GMI,GMI:GMI_loaded_aggregate,stress,r2,GMI_loaded_aggregate,0.1076827577507759,not_feasible,not_feasible,fiscally_ordinary,False,fiscally_ordinary,False,4,0.10503181076820367,not_feasible,not_feasible,fiscally_ordinary,False,fiscally_ordinary,False,4,-0.002650946982572233,False,False,False,robustness,post_baseline_robustness_extension_new_input_series,robustness-lsraw-v1,baseline-official-v3,v1.0.1-official-4c,robustness-lsraw-v1
official_4c_lsraw_robustness_extension_baseline_official_v3,LS_RAW_VS_ADJUSTED_ROBUSTNESS_EXTENSION_2026_07_10,COL,GMI,GMI:GMI_loaded_aggregate,stress,r3,GMI_loaded_aggregate,0.0929926010576132,not_feasible,not_feasible,fiscally_ordinary,False,fiscally_ordinary,False,5,0.09071687644841331,not_feasible,not_feasible,fiscally_ordinary,False,fiscally_ordinary,False,5,-0.0022757246091998917,False,False,False,robustness,post_baseline_robustness_extension_new_input_series,robustness-lsraw-v1,baseline-official-v3,v1.0.1-official-4c,robustness-lsraw-v1
official_4c_lsraw_robustness_extension_baseline_official_v3,LS_RAW_VS_ADJUSTED_ROBUSTNESS_EXTENSION_2026_07_10,COL,GMI,GMI:GMI_loaded_aggregate,stress,r4,GMI_loaded_aggregate,0.1419561423387513,not_feasible,not_feasible,fiscally_ordinary,False,fiscally_ordinary,False,4,0.139126756424578,not_feasible,not_feasible,fiscally_ordinary,False,fiscally_ordinary,False,4,-0.00282938591417331,False,False,False,robustness,post_baseline_robustness_extension_new_input_series,robustness-lsraw-v1,baseline-official-v3,v1.0.1-official-4c,robustness-lsraw-v1
official_4c_lsraw_robustness_extension_baseline_official_v3,LS_RAW_VS_ADJUSTED_ROBUSTNESS_EXTENSION_2026_07_10,COL,MUT,MUT,high,r0,,0.0215536394129962,not_feasible,not_feasible,fiscally_ordinary,False,fiscally_ordinary,False,2,0.020914663664963848,not_feasible,not_feasible,fiscally_ordinary,False,fiscally_ordinary,False,2,-0.0006389757480323513,False,False,False,robustness,post_baseline_robustness_extension_new_input_series,robustness-lsraw-v1,baseline-official-v3,v1.0.1-official-4c,robustness-lsraw-v1
official_4c_lsraw_robustness_extension_baseline_official_v3,LS_RAW_VS_ADJUSTED_ROBUSTNESS_EXTENSION_2026_07_10,COL,MUT,MUT,high,r1,,0.0245758724877674,not_feasible,not_feasible,fiscally_ordinary,False,fiscally_ordinary,False,2,0.023751227203146017,not_feasible,not_feasible,fiscally_ordinary,False,fiscally_ordinary,False,2,-0.0008246452846213843,False,False,False,robustness,post_baseline_robustness_extension_new_input_series,robustness-lsraw-v1,baseline-official-v3,v1.0.1-official-4c,robustness-lsraw-v1
official_4c_lsraw_robustness_extension_baseline_official_v3,LS_RAW_VS_ADJUSTED_ROBUSTNESS_EXTENSION_2026_07_10,COL,MUT,MUT,high,r2,,0.0268726264324507,not_feasible,not_feasible,fiscally_ordinary,False,fiscally_ordinary,False,2,0.02601924520993219,not_feasible,not_feasible,fiscally_ordinary,False,fiscally_ordinary,False,2,-0.0008533812225185108,False,False,False,robustness,post_baseline_robustness_extension_new_input_series,robustness-lsraw-v1,baseline-official-v3,v1.0.1-official-4c,robustness-lsraw-v1
official_4c_lsraw_robustness_extension_baseline_official_v3,LS_RAW_VS_ADJUSTED_ROBUSTNESS_EXTENSION_2026_07_10,COL,MUT,MUT,high,r3,,0.0216760960615962,not_feasible,not_feasible,fiscally_ordinary,False,fiscally_ordinary,False,2,0.02093754099977926,not_feasible,not_feasible,fiscally_ordinary,False,fiscally_ordinary,False,2,-0.0007385550618169388,False,False,False,robustness,post_baseline_robustness_extension_new_input_series,robustness-lsraw-v1,baseline-official-v3,v1.0.1-official-4c,robustness-lsraw-v1
official_4c_lsraw_robustness_extension_baseline_official_v3,LS_RAW_VS_ADJUSTED_ROBUSTNESS_EXTENSION_2026_07_10,COL,MUT,MUT,high,r4,,0.0342979601961989,not_feasible,not_feasible,fiscally_ordinary,False,fiscally_ordinary,False,2,0.03338988571946693,not_feasible,not_feasible,fiscally_ordinary,False,fiscally_ordinary,False,2,-0.0009080744767319682,False,False,False,robustness,post_baseline_robustness_extension_new_input_series,robustness-lsraw-v1,baseline-official-v3,v1.0.1-official-4c,robustness-lsraw-v1
official_4c_lsraw_robustness_extension_baseline_official_v3,LS_RAW_VS_ADJUSTED_ROBUSTNESS_EXTENSION_2026_07_10,COL,MUT,MUT,low,r0,,-0.018485557526338,not_feasible,not_feasible,fiscally_ordinary,False,fiscally_ordinary,False,3,-0.018206067208723142,not_feasible,not_feasible,fiscally_ordinary,False,fiscally_ordinary,False,3,0.0002794903176148583,False,False,False,robustness,post_baseline_robustness_extension_new_input_series,robustness-lsraw-v1,baseline-official-v3,v1.0.1-official-4c,robustness-lsraw-v1
official_4c_lsraw_robustness_extension_baseline_official_v3,LS_RAW_VS_ADJUSTED_ROBUSTNESS_EXTENSION_2026_07_10,COL,MUT,MUT,low,r1,,-0.0177865477124634,not_feasible,not_feasible,fiscally_ordinary,False,fiscally_ordinary,False,3,-0.017531498415601116,not_feasible,not_feasible,fiscally_ordinary,False,fiscally_ordinary,False,3,0.000255049296862285,False,False,False,robustness,post_baseline_robustness_extension_new_input_series,robustness-lsraw-v1,baseline-official-v3,v1.0.1-official-4c,robustness-lsraw-v1
official_4c_lsraw_robustness_extension_baseline_official_v3,LS_RAW_VS_ADJUSTED_ROBUSTNESS_EXTENSION_2026_07_10,COL,MUT,MUT,low,r2,,-0.0174903074530276,not_feasible,not_feasible,fiscally_ordinary,False,fiscally_ordinary,False,3,-0.017222226453879243,not_feasible,not_feasible,fiscally_ordinary,False,fiscally_ordinary,False,3,0.0002680809991483582,False,False,False,robustness,post_baseline_robustness_extension_new_input_series,robustness-lsraw-v1,baseline-official-v3,v1.0.1-official-4c,robustness-lsraw-v1
official_4c_lsraw_robustness_extension_baseline_official_v3,LS_RAW_VS_ADJUSTED_ROBUSTNESS_EXTENSION_2026_07_10,COL,MUT,MUT,low,r3,,-0.0185609176615341,not_feasible,not_feasible,fiscally_ordinary,False,fiscally_ordinary,False,3,-0.018324397459980726,not_feasible,not_feasible,fiscally_ordinary,False,fiscally_ordinary,False,3,0.00023652020155337516,False,False,False,robustness,post_baseline_robustness_extension_new_input_series,robustness-lsraw-v1,baseline-official-v3,v1.0.1-official-4c,robustness-lsraw-v1
official_4c_lsraw_robustness_extension_baseline_official_v3,LS_RAW_VS_ADJUSTED_ROBUSTNESS_EXTENSION_2026_07_10,COL,MUT,MUT,low,r4,,-0.016561101803801,not_feasible,not_feasible,fiscally_ordinary,False,fiscally_ordinary,False,3,-0.016266589433350777,not_feasible,not_feasible,fiscally_ordinary,False,fiscally_ordinary,False,3,0.0002945123704502228,False,False,False,robustness,post_baseline_robustness_extension_new_input_series,robustness-lsraw-v1,baseline-official-v3,v1.0.1-official-4c,robustness-lsraw-v1
official_4c_lsraw_robustness_extension_baseline_official_v3,LS_RAW_VS_ADJUSTED_ROBUSTNESS_EXTENSION_2026_07_10,COL,MUT,MUT,mid,r0,,0.0237371951087018,not_feasible,not_feasible,fiscally_ordinary,False,fiscally_ordinary,False,2,0.02267638628530034,not_feasible,not_feasible,fiscally_ordinary,False,fiscally_ordinary,False,2,-0.0010608088234014615,False,False,False,robustness,post_baseline_robustness_extension_new_input_series,robustness-lsraw-v1,baseline-official-v3,v1.0.1-official-4c,robustness-lsraw-v1
official_4c_lsraw_robustness_extension_baseline_official_v3,LS_RAW_VS_ADJUSTED_ROBUSTNESS_EXTENSION_2026_07_10,COL,MUT,MUT,mid,r1,,0.0268470546231615,not_feasible,not_feasible,fiscally_ordinary,False,fiscally_ordinary,False,2,0.025604396985684966,not_feasible,not_feasible,fiscally_ordinary,False,fiscally_ordinary,False,2,-0.0012426576374765345,False,False,False,robustness,post_baseline_robustness_extension_new_input_series,robustness-lsraw-v1,baseline-official-v3,v1.0.1-official-4c,robustness-lsraw-v1
official_4c_lsraw_robustness_extension_baseline_official_v3,LS_RAW_VS_ADJUSTED_ROBUSTNESS_EXTENSION_2026_07_10,COL,MUT,MUT,mid,r2,,0.0292425478600788,not_feasible,not_feasible,fiscally_ordinary,False,fiscally_ordinary,False,2,0.02795445743292458,not_feasible,not_feasible,fiscally_ordinary,False,fiscally_ordinary,False,2,-0.0012880904271542204,False,False,False,robustness,post_baseline_robustness_extension_new_input_series,robustness-lsraw-v1,baseline-official-v3,v1.0.1-official-4c,robustness-lsraw-v1
official_4c_lsraw_robustness_extension_baseline_official_v3,LS_RAW_VS_ADJUSTED_ROBUSTNESS_EXTENSION_2026_07_10,COL,MUT,MUT,mid,r3,,0.0229728664448087,not_feasible,not_feasible,fiscally_ordinary,False,fiscally_ordinary,False,2,0.02185050627244485,not_feasible,not_feasible,fiscally_ordinary,False,fiscally_ordinary,False,2,-0.0011223601723638482,False,False,False,robustness,post_baseline_robustness_extension_new_input_series,robustness-lsraw-v1,baseline-official-v3,v1.0.1-official-4c,robustness-lsraw-v1
official_4c_lsraw_robustness_extension_baseline_official_v3,LS_RAW_VS_ADJUSTED_ROBUSTNESS_EXTENSION_2026_07_10,COL,MUT,MUT,mid,r4,,0.0356370954121661,not_feasible,not_feasible,fiscally_ordinary,False,fiscally_ordinary,False,2,0.034261524580029956,not_feasible,not_feasible,fiscally_ordinary,False,fiscally_ordinary,False,2,-0.0013755708321361443,False,False,False,robustness,post_baseline_robustness_extension_new_input_series,robustness-lsraw-v1,baseline-official-v3,v1.0.1-official-4c,robustness-lsraw-v1
official_4c_lsraw_robustness_extension_baseline_official_v3,LS_RAW_VS_ADJUSTED_ROBUSTNESS_EXTENSION_2026_07_10,COL,MUT,MUT,stress,r0,,0.1354898616122524,not_feasible,not_feasible,fiscally_ordinary,False,fiscally_ordinary,False,2,0.13377249578851974,not_feasible,not_feasible,fiscally_ordinary,False,fiscally_ordinary,False,2,-0.0017173658237326639,False,False,False,robustness,post_baseline_robustness_extension_new_input_series,robustness-lsraw-v1,baseline-official-v3,v1.0.1-official-4c,robustness-lsraw-v1
official_4c_lsraw_robustness_extension_baseline_official_v3,LS_RAW_VS_ADJUSTED_ROBUSTNESS_EXTENSION_2026_07_10,COL,MUT,MUT,stress,r1,,0.1452844546025816,not_feasible,not_feasible,fiscally_ordinary,False,fiscally_ordinary,False,3,0.14287053438728578,not_feasible,not_feasible,fiscally_ordinary,False,fiscally_ordinary,False,3,-0.002413920215295823,False,False,False,robustness,post_baseline_robustness_extension_new_input_series,robustness-lsraw-v1,baseline-official-v3,v1.0.1-official-4c,robustness-lsraw-v1
official_4c_lsraw_robustness_extension_baseline_official_v3,LS_RAW_VS_ADJUSTED_ROBUSTNESS_EXTENSION_2026_07_10,COL,MUT,MUT,stress,r2,,0.1533166871644818,not_feasible,not_feasible,fiscally_ordinary,False,fiscally_ordinary,False,3,0.1508147234023301,not_feasible,not_feasible,fiscally_ordinary,False,fiscally_ordinary,False,3,-0.002501963762151699,False,False,False,robustness,post_baseline_robustness_extension_new_input_series,robustness-lsraw-v1,baseline-official-v3,v1.0.1-official-4c,robustness-lsraw-v1
official_4c_lsraw_robustness_extension_baseline_official_v3,LS_RAW_VS_ADJUSTED_ROBUSTNESS_EXTENSION_2026_07_10,COL,MUT,MUT,stress,r3,,0.1398819883357919,not_feasible,not_feasible,fiscally_ordinary,False,fiscally_ordinary,False,2,0.1377341594496291,not_feasible,not_feasible,fiscally_ordinary,False,fiscally_ordinary,False,2,-0.0021478288861628003,False,False,False,robustness,post_baseline_robustness_extension_new_input_series,robustness-lsraw-v1,baseline-official-v3,v1.0.1-official-4c,robustness-lsraw-v1
official_4c_lsraw_robustness_extension_baseline_official_v3,LS_RAW_VS_ADJUSTED_ROBUSTNESS_EXTENSION_2026_07_10,COL,MUT,MUT,stress,r4,,0.184947455774751,not_feasible,not_feasible,fiscally_ordinary,False,fiscally_ordinary,False,3,0.18227708134895423,not_feasible,not_feasible,fiscally_ordinary,False,fiscally_ordinary,False,3,-0.002670374425796762,False,False,False,robustness,post_baseline_robustness_extension_new_input_series,robustness-lsraw-v1,baseline-official-v3,v1.0.1-official-4c,robustness-lsraw-v1
official_4c_lsraw_robustness_extension_baseline_official_v3,LS_RAW_VS_ADJUSTED_ROBUSTNESS_EXTENSION_2026_07_10,COL,PBI,PBI,high,r0,,0.0176990316720991,not_feasible,not_feasible,fiscally_ordinary,False,fiscally_ordinary,False,3,0.017291029369753526,not_feasible,not_feasible,fiscally_ordinary,False,fiscally_ordinary,False,3,-0.00040800230234557325,False,False,False,robustness,post_baseline_robustness_extension_new_input_series,robustness-lsraw-v1,baseline-official-v3,v1.0.1-official-4c,robustness-lsraw-v1
official_4c_lsraw_robustness_extension_baseline_official_v3,LS_RAW_VS_ADJUSTED_ROBUSTNESS_EXTENSION_2026_07_10,COL,PBI,PBI,high,r1,,0.0195749842065989,not_feasible,not_feasible,fiscally_ordinary,False,fiscally_ordinary,False,3,0.019048427172501728,not_feasible,not_feasible,fiscally_ordinary,False,fiscally_ordinary,False,3,-0.0005265570340971734,False,False,False,robustness,post_baseline_robustness_extension_new_input_series,robustness-lsraw-v1,baseline-official-v3,v1.0.1-official-4c,robustness-lsraw-v1
official_4c_lsraw_robustness_extension_baseline_official_v3,LS_RAW_VS_ADJUSTED_ROBUSTNESS_EXTENSION_2026_07_10,COL,PBI,PBI,high,r2,,0.0210415201435853,not_feasible,not_feasible,fiscally_ordinary,False,fiscally_ordinary,False,3,0.020496614480673577,not_feasible,not_feasible,fiscally_ordinary,False,fiscally_ordinary,False,3,-0.0005449056629117238,False,False,False,robustness,post_baseline_robustness_extension_new_input_series,robustness-lsraw-v1,baseline-official-v3,v1.0.1-official-4c,robustness-lsraw-v1
official_4c_lsraw_robustness_extension_baseline_official_v3,LS_RAW_VS_ADJUSTED_ROBUSTNESS_EXTENSION_2026_07_10,COL,PBI,PBI,high,r3,,0.0177556952359155,not_feasible,not_feasible,fiscally_ordinary,False,fiscally_ordinary,False,3,0.01728410900348298,not_feasible,not_feasible,fiscally_ordinary,False,fiscally_ordinary,False,3,-0.0004715862324325207,False,False,False,robustness,post_baseline_robustness_extension_new_input_series,robustness-lsraw-v1,baseline-official-v3,v1.0.1-official-4c,robustness-lsraw-v1
official_4c_lsraw_robustness_extension_baseline_official_v3,LS_RAW_VS_ADJUSTED_ROBUSTNESS_EXTENSION_2026_07_10,COL,PBI,PBI,high,r4,,0.0257289647012083,not_feasible,not_feasible,fiscally_ordinary,False,fiscally_ordinary,False,3,0.02514913600137298,not_feasible,not_feasible,fiscally_ordinary,False,fiscally_ordinary,False,3,-0.0005798286998353192,False,False,False,robustness,post_baseline_robustness_extension_new_input_series,robustness-lsraw-v1,baseline-official-v3,v1.0.1-official-4c,robustness-lsraw-v1
official_4c_lsraw_robustness_extension_baseline_official_v3,LS_RAW_VS_ADJUSTED_ROBUSTNESS_EXTENSION_2026_07_10,COL,PBI,PBI,low,r0,,-0.0078670161561991,not_feasible,not_feasible,fiscally_ordinary,False,fiscally_ordinary,False,2,-0.007688554464309704,not_feasible,not_feasible,fiscally_ordinary,False,fiscally_ordinary,False,2,0.00017846169188939602,False,False,False,robustness,post_baseline_robustness_extension_new_input_series,robustness-lsraw-v1,baseline-official-v3,v1.0.1-official-4c,robustness-lsraw-v1
official_4c_lsraw_robustness_extension_baseline_official_v3,LS_RAW_VS_ADJUSTED_ROBUSTNESS_EXTENSION_2026_07_10,COL,PBI,PBI,low,r1,,-0.0074745008917797,not_feasible,not_feasible,fiscally_ordinary,False,fiscally_ordinary,False,2,-0.007311645414632291,not_feasible,not_feasible,fiscally_ordinary,False,fiscally_ordinary,False,2,0.0001628554771474092,False,False,False,robustness,post_baseline_robustness_extension_new_input_series,robustness-lsraw-v1,baseline-official-v3,v1.0.1-official-4c,robustness-lsraw-v1
official_4c_lsraw_robustness_extension_baseline_official_v3,LS_RAW_VS_ADJUSTED_ROBUSTNESS_EXTENSION_2026_07_10,COL,PBI,PBI,low,r2,,-0.0072853439350885,not_feasible,not_feasible,fiscally_ordinary,False,fiscally_ordinary,False,2,-0.007114167383858767,not_feasible,not_feasible,fiscally_ordinary,False,fiscally_ordinary,False,2,0.00017117655122973318,False,False,False,robustness,post_baseline_robustness_extension_new_input_series,robustness-lsraw-v1,baseline-official-v3,v1.0.1-official-4c,robustness-lsraw-v1
official_4c_lsraw_robustness_extension_baseline_official_v3,LS_RAW_VS_ADJUSTED_ROBUSTNESS_EXTENSION_2026_07_10,COL,PBI,PBI,low,r3,,-0.0079366636511044,not_feasible,not_feasible,fiscally_ordinary,False,fiscally_ordinary,False,2,-0.007785639473610696,not_feasible,not_feasible,fiscally_ordinary,False,fiscally_ordinary,False,2,0.00015102417749370337,False,False,False,robustness,post_baseline_robustness_extension_new_input_series,robustness-lsraw-v1,baseline-official-v3,v1.0.1-official-4c,robustness-lsraw-v1
official_4c_lsraw_robustness_extension_baseline_official_v3,LS_RAW_VS_ADJUSTED_ROBUSTNESS_EXTENSION_2026_07_10,COL,PBI,PBI,low,r4,,-0.0067458427622004,not_feasible,not_feasible,fiscally_ordinary,False,fiscally_ordinary,False,2,-0.006557789106669728,not_feasible,not_feasible,fiscally_ordinary,False,fiscally_ordinary,False,2,0.00018805365553067194,False,False,False,robustness,post_baseline_robustness_extension_new_input_series,robustness-lsraw-v1,baseline-official-v3,v1.0.1-official-4c,robustness-lsraw-v1
official_4c_lsraw_robustness_extension_baseline_official_v3,LS_RAW_VS_ADJUSTED_ROBUSTNESS_EXTENSION_2026_07_10,COL,PBI,PBI,mid,r0,,0.0190932876417367,not_feasible,not_feasible,fiscally_ordinary,False,fiscally_ordinary,False,3,0.01841593416841772,not_feasible,not_feasible,fiscally_ordinary,False,fiscally_ordinary,False,3,-0.0006773534733189798,False,False,False,robustness,post_baseline_robustness_extension_new_input_series,robustness-lsraw-v1,baseline-official-v3,v1.0.1-official-4c,robustness-lsraw-v1
official_4c_lsraw_robustness_extension_baseline_official_v3,LS_RAW_VS_ADJUSTED_ROBUSTNESS_EXTENSION_2026_07_10,COL,PBI,PBI,mid,r1,,0.0210251918915393,not_feasible,not_feasible,fiscally_ordinary,False,fiscally_ordinary,False,3,0.02023172331518245,not_feasible,not_feasible,fiscally_ordinary,False,fiscally_ordinary,False,3,-0.0007934685763568497,False,False,False,robustness,post_baseline_robustness_extension_new_input_series,robustness-lsraw-v1,baseline-official-v3,v1.0.1-official-4c,robustness-lsraw-v1
official_4c_lsraw_robustness_extension_baseline_official_v3,LS_RAW_VS_ADJUSTED_ROBUSTNESS_EXTENSION_2026_07_10,COL,PBI,PBI,mid,r2,,0.0225547753834407,not_feasible,not_feasible,fiscally_ordinary,False,fiscally_ordinary,False,3,0.02173229681281162,not_feasible,not_feasible,fiscally_ordinary,False,fiscally_ordinary,False,3,-0.0008224785706290767,False,False,False,robustness,post_baseline_robustness_extension_new_input_series,robustness-lsraw-v1,baseline-official-v3,v1.0.1-official-4c,robustness-lsraw-v1
official_4c_lsraw_robustness_extension_baseline_official_v3,LS_RAW_VS_ADJUSTED_ROBUSTNESS_EXTENSION_2026_07_10,COL,PBI,PBI,mid,r3,,0.0185837161797362,not_feasible,not_feasible,fiscally_ordinary,False,fiscally_ordinary,False,3,0.01786706060118633,not_feasible,not_feasible,fiscally_ordinary,False,fiscally_ordinary,False,3,-0.0007166555785498678,False,False,False,robustness,post_baseline_robustness_extension_new_input_series,robustness-lsraw-v1,baseline-official-v3,v1.0.1-official-4c,robustness-lsraw-v1
official_4c_lsraw_robustness_extension_baseline_official_v3,LS_RAW_VS_ADJUSTED_ROBUSTNESS_EXTENSION_2026_07_10,COL,PBI,PBI,mid,r4,,0.0265840366706049,not_feasible,not_feasible,fiscally_ordinary,False,fiscally_ordinary,False,3,0.025705699631555726,not_feasible,not_feasible,fiscally_ordinary,False,fiscally_ordinary,False,3,-0.0008783370390491735,False,False,False,robustness,post_baseline_robustness_extension_new_input_series,robustness-lsraw-v1,baseline-official-v3,v1.0.1-official-4c,robustness-lsraw-v1
official_4c_lsraw_robustness_extension_baseline_official_v3,LS_RAW_VS_ADJUSTED_ROBUSTNESS_EXTENSION_2026_07_10,COL,PBI,PBI,stress,r0,,0.0904502137334005,not_feasible,not_feasible,fiscally_ordinary,False,fiscally_ordinary,False,4,0.08935363188000424,not_feasible,not_feasible,fiscally_ordinary,False,fiscally_ordinary,False,4,-0.0010965818533962557,False,False,False,robustness,post_baseline_robustness_extension_new_input_series,robustness-lsraw-v1,baseline-official-v3,v1.0.1-official-4c,robustness-lsraw-v1
official_4c_lsraw_robustness_extension_baseline_official_v3,LS_RAW_VS_ADJUSTED_ROBUSTNESS_EXTENSION_2026_07_10,COL,PBI,PBI,stress,r1,,0.0966504906986312,not_feasible,not_feasible,fiscally_ordinary,False,fiscally_ordinary,False,5,0.09510914111133911,not_feasible,not_feasible,fiscally_ordinary,False,fiscally_ordinary,False,5,-0.0015413495872920874,False,False,False,robustness,post_baseline_robustness_extension_new_input_series,robustness-lsraw-v1,baseline-official-v3,v1.0.1-official-4c,robustness-lsraw-v1
official_4c_lsraw_robustness_extension_baseline_official_v3,LS_RAW_VS_ADJUSTED_ROBUSTNESS_EXTENSION_2026_07_10,COL,PBI,PBI,stress,r2,,0.101779275927683,not_feasible,not_feasible,fiscally_ordinary,False,fiscally_ordinary,False,5,0.10018170829152998,not_feasible,not_feasible,fiscally_ordinary,False,fiscally_ordinary,False,5,-0.0015975676361530272,False,False,False,robustness,post_baseline_robustness_extension_new_input_series,robustness-lsraw-v1,baseline-official-v3,v1.0.1-official-4c,robustness-lsraw-v1
official_4c_lsraw_robustness_extension_baseline_official_v3,LS_RAW_VS_ADJUSTED_ROBUSTNESS_EXTENSION_2026_07_10,COL,PBI,PBI,stress,r3,,0.0932331704721861,not_feasible,not_feasible,fiscally_ordinary,False,fiscally_ordinary,False,4,0.09186172698110319,not_feasible,not_feasible,fiscally_ordinary,False,fiscally_ordinary,False,4,-0.0013714434910829104,False,False,False,robustness,post_baseline_robustness_extension_new_input_series,robustness-lsraw-v1,baseline-official-v3,v1.0.1-official-4c,robustness-lsraw-v1
official_4c_lsraw_robustness_extension_baseline_official_v3,LS_RAW_VS_ADJUSTED_ROBUSTNESS_EXTENSION_2026_07_10,COL,PBI,PBI,stress,r4,,0.1219225076213106,not_feasible,not_feasible,fiscally_ordinary,False,fiscally_ordinary,False,5,0.12021740548370222,not_feasible,not_feasible,fiscally_ordinary,False,fiscally_ordinary,False,5,-0.001705102137608383,False,False,False,robustness,post_baseline_robustness_extension_new_input_series,robustness-lsraw-v1,baseline-official-v3,v1.0.1-official-4c,robustness-lsraw-v1
official_4c_lsraw_robustness_extension_baseline_official_v3,LS_RAW_VS_ADJUSTED_ROBUSTNESS_EXTENSION_2026_07_10,COL,PEN,PEN,high,r0,,0.0483860544148742,not_feasible,not_feasible,fiscally_ordinary,False,fiscally_ordinary,False,1,0.045034097601266594,not_feasible,not_feasible,fiscally_ordinary,False,fiscally_ordinary,False,1,-0.003351956813607608,False,False,False,robustness,post_baseline_robustness_extension_new_input_series,robustness-lsraw-v1,baseline-official-v3,v1.0.1-official-4c,robustness-lsraw-v1
official_4c_lsraw_robustness_extension_baseline_official_v3,LS_RAW_VS_ADJUSTED_ROBUSTNESS_EXTENSION_2026_07_10,COL,PEN,PEN,high,r1,,0.0651244943643989,not_feasible,not_feasible,fiscally_ordinary,False,fiscally_ordinary,False,1,0.06079854711349302,not_feasible,not_feasible,fiscally_ordinary,False,fiscally_ordinary,False,1,-0.004325947250905883,False,False,False,robustness,post_baseline_robustness_extension_new_input_series,robustness-lsraw-v1,baseline-official-v3,v1.0.1-official-4c,robustness-lsraw-v1
official_4c_lsraw_robustness_extension_baseline_official_v3,LS_RAW_VS_ADJUSTED_ROBUSTNESS_EXTENSION_2026_07_10,COL,PEN,PEN,high,r2,,0.0771728703125758,not_feasible,not_feasible,fiscally_ordinary,False,fiscally_ordinary,False,1,0.07269617927659465,not_feasible,not_feasible,fiscally_ordinary,False,fiscally_ordinary,False,1,-0.0044766910359811535,False,False,False,robustness,post_baseline_robustness_extension_new_input_series,robustness-lsraw-v1,baseline-official-v3,v1.0.1-official-4c,robustness-lsraw-v1
official_4c_lsraw_robustness_extension_baseline_official_v3,LS_RAW_VS_ADJUSTED_ROBUSTNESS_EXTENSION_2026_07_10,COL,PEN,PEN,high,r3,,0.0493821710527082,not_feasible,not_feasible,fiscally_ordinary,False,fiscally_ordinary,False,1,0.04550783829547114,not_feasible,not_feasible,fiscally_ordinary,False,fiscally_ordinary,False,1,-0.003874332757237059,False,False,False,robustness,post_baseline_robustness_extension_new_input_series,robustness-lsraw-v1,baseline-official-v3,v1.0.1-official-4c,robustness-lsraw-v1
official_4c_lsraw_robustness_extension_baseline_official_v3,LS_RAW_VS_ADJUSTED_ROBUSTNESS_EXTENSION_2026_07_10,COL,PEN,PEN,high,r4,,0.1170092187521569,not_feasible,not_feasible,fiscally_ordinary,False,fiscally_ordinary,False,1,0.11224561631666861,not_feasible,not_feasible,fiscally_ordinary,False,fiscally_ordinary,False,1,-0.00476360243548829,False,False,False,robustness,post_baseline_robustness_extension_new_input_series,robustness-lsraw-v1,baseline-official-v3,v1.0.1-official-4c,robustness-lsraw-v1
official_4c_lsraw_robustness_extension_baseline_official_v3,LS_RAW_VS_ADJUSTED_ROBUSTNESS_EXTENSION_2026_07_10,COL,PEN,PEN,low,r0,,-0.1616526824314932,not_feasible,not_feasible,fiscally_ordinary,False,fiscally_ordinary,False,6,-0.16018652432243896,not_feasible,not_feasible,fiscally_ordinary,False,fiscally_ordinary,False,6,0.001466158109054233,False,False,False,robustness,post_baseline_robustness_extension_new_input_series,robustness-lsraw-v1,baseline-official-v3,v1.0.1-official-4c,robustness-lsraw-v1
official_4c_lsraw_robustness_extension_baseline_official_v3,LS_RAW_VS_ADJUSTED_ROBUSTNESS_EXTENSION_2026_07_10,COL,PEN,PEN,low,r1,,-0.1571014719079275,not_feasible,not_feasible,fiscally_ordinary,False,fiscally_ordinary,False,6,-0.15576352718771538,not_feasible,not_feasible,fiscally_ordinary,False,fiscally_ordinary,False,6,0.0013379447202121197,False,False,False,robustness,post_baseline_robustness_extension_new_input_series,robustness-lsraw-v1,baseline-official-v3,v1.0.1-official-4c,robustness-lsraw-v1
official_4c_lsraw_robustness_extension_baseline_official_v3,LS_RAW_VS_ADJUSTED_ROBUSTNESS_EXTENSION_2026_07_10,COL,PEN,PEN,low,r2,,-0.1555474464865584,not_feasible,not_feasible,fiscally_ordinary,False,fiscally_ordinary,False,6,-0.15414113969876342,not_feasible,not_feasible,fiscally_ordinary,False,fiscally_ordinary,False,6,0.001406306787794992,False,False,False,robustness,post_baseline_robustness_extension_new_input_series,robustness-lsraw-v1,baseline-official-v3,v1.0.1-official-4c,robustness-lsraw-v1
official_4c_lsraw_robustness_extension_baseline_official_v3,LS_RAW_VS_ADJUSTED_ROBUSTNESS_EXTENSION_2026_07_10,COL,PEN,PEN,low,r3,,-0.1616942785994007,not_feasible,not_feasible,fiscally_ordinary,False,fiscally_ordinary,False,6,-0.16045353432452925,not_feasible,not_feasible,fiscally_ordinary,False,fiscally_ordinary,False,6,0.001240744274871447,False,False,False,robustness,post_baseline_robustness_extension_new_input_series,robustness-lsraw-v1,baseline-official-v3,v1.0.1-official-4c,robustness-lsraw-v1
official_4c_lsraw_robustness_extension_baseline_official_v3,LS_RAW_VS_ADJUSTED_ROBUSTNESS_EXTENSION_2026_07_10,COL,PEN,PEN,low,r4,,-0.1497886682248611,not_feasible,not_feasible,fiscally_ordinary,False,fiscally_ordinary,False,6,-0.1482437070117598,not_feasible,not_feasible,fiscally_ordinary,False,fiscally_ordinary,False,6,0.001544961213101298,False,False,False,robustness,post_baseline_robustness_extension_new_input_series,robustness-lsraw-v1,baseline-official-v3,v1.0.1-official-4c,robustness-lsraw-v1
official_4c_lsraw_robustness_extension_baseline_official_v3,LS_RAW_VS_ADJUSTED_ROBUSTNESS_EXTENSION_2026_07_10,COL,PEN,PEN,mid,r0,,0.059840611829065,not_feasible,not_feasible,fiscally_ordinary,False,fiscally_ordinary,False,1,0.054275791294819034,not_feasible,not_feasible,fiscally_ordinary,False,fiscally_ordinary,False,1,-0.005564820534245965,False,False,False,robustness,post_baseline_robustness_extension_new_input_series,robustness-lsraw-v1,baseline-official-v3,v1.0.1-official-4c,robustness-lsraw-v1
official_4c_lsraw_robustness_extension_baseline_official_v3,LS_RAW_VS_ADJUSTED_ROBUSTNESS_EXTENSION_2026_07_10,COL,PEN,PEN,mid,r1,,0.0770387250016668,not_feasible,not_feasible,fiscally_ordinary,False,fiscally_ordinary,False,1,0.07051995688292707,not_feasible,not_feasible,fiscally_ordinary,False,fiscally_ordinary,False,1,-0.006518768118739721,False,False,False,robustness,post_baseline_robustness_extension_new_input_series,robustness-lsraw-v1,baseline-official-v3,v1.0.1-official-4c,robustness-lsraw-v1
official_4c_lsraw_robustness_extension_baseline_official_v3,LS_RAW_VS_ADJUSTED_ROBUSTNESS_EXTENSION_2026_07_10,COL,PEN,PEN,mid,r2,,0.089605070284977,not_feasible,not_feasible,fiscally_ordinary,False,fiscally_ordinary,False,1,0.0828479695700623,not_feasible,not_feasible,fiscally_ordinary,False,fiscally_ordinary,False,1,-0.006757100714914699,False,False,False,robustness,post_baseline_robustness_extension_new_input_series,robustness-lsraw-v1,baseline-official-v3,v1.0.1-official-4c,robustness-lsraw-v1
official_4c_lsraw_robustness_extension_baseline_official_v3,LS_RAW_VS_ADJUSTED_ROBUSTNESS_EXTENSION_2026_07_10,COL,PEN,PEN,mid,r3,,0.0561848053233808,not_feasible,not_feasible,fiscally_ordinary,False,fiscally_ordinary,False,1,0.05029709700477603,not_feasible,not_feasible,fiscally_ordinary,False,fiscally_ordinary,False,1,-0.005887708318604766,False,False,False,robustness,post_baseline_robustness_extension_new_input_series,robustness-lsraw-v1,baseline-official-v3,v1.0.1-official-4c,robustness-lsraw-v1
official_4c_lsraw_robustness_extension_baseline_official_v3,LS_RAW_VS_ADJUSTED_ROBUSTNESS_EXTENSION_2026_07_10,COL,PEN,PEN,mid,r4,,0.1240340916449477,not_feasible,not_feasible,fiscally_ordinary,False,fiscally_ordinary,False,1,0.11681808377989615,not_feasible,not_feasible,fiscally_ordinary,False,fiscally_ordinary,False,1,-0.007216007865051555,False,False,False,robustness,post_baseline_robustness_extension_new_input_series,robustness-lsraw-v1,baseline-official-v3,v1.0.1-official-4c,robustness-lsraw-v1
official_4c_lsraw_robustness_extension_baseline_official_v3,LS_RAW_VS_ADJUSTED_ROBUSTNESS_EXTENSION_2026_07_10,COL,PEN,PEN,stress,r0,,0.6460758689243442,not_feasible,not_feasible,fiscally_ordinary,False,fiscally_ordinary,False,1,0.6370668633524674,not_feasible,not_feasible,fiscally_ordinary,False,fiscally_ordinary,False,1,-0.009009005571876783,False,False,False,robustness,post_baseline_robustness_extension_new_input_series,robustness-lsraw-v1,baseline-official-v3,v1.0.1-official-4c,robustness-lsraw-v1
official_4c_lsraw_robustness_extension_baseline_official_v3,LS_RAW_VS_ADJUSTED_ROBUSTNESS_EXTENSION_2026_07_10,COL,PEN,PEN,stress,r1,,0.6983409435435907,not_feasible,not_feasible,fiscally_ordinary,False,fiscally_ordinary,False,1,0.6856779335027834,not_feasible,not_feasible,fiscally_ordinary,False,fiscally_ordinary,False,1,-0.012663010040807277,False,False,False,robustness,post_baseline_robustness_extension_new_input_series,robustness-lsraw-v1,baseline-official-v3,v1.0.1-official-4c,robustness-lsraw-v1
official_4c_lsraw_robustness_extension_baseline_official_v3,LS_RAW_VS_ADJUSTED_ROBUSTNESS_EXTENSION_2026_07_10,COL,PEN,PEN,stress,r2,,0.7404766533060511,not_feasible,not_feasible,fiscally_ordinary,False,fiscally_ordinary,False,1,0.7273517819697463,not_feasible,not_feasible,fiscally_ordinary,False,fiscally_ordinary,False,1,-0.0131248713363048,False,False,False,robustness,post_baseline_robustness_extension_new_input_series,robustness-lsraw-v1,baseline-official-v3,v1.0.1-official-4c,robustness-lsraw-v1
official_4c_lsraw_robustness_extension_baseline_official_v3,LS_RAW_VS_ADJUSTED_ROBUSTNESS_EXTENSION_2026_07_10,COL,PEN,PEN,stress,r3,,0.6694699400129085,not_feasible,not_feasible,fiscally_ordinary,False,fiscally_ordinary,False,1,0.6582027992933952,not_feasible,not_feasible,fiscally_ordinary,False,fiscally_ordinary,False,1,-0.011267140719513291,False,False,False,robustness,post_baseline_robustness_extension_new_input_series,robustness-lsraw-v1,baseline-official-v3,v1.0.1-official-4c,robustness-lsraw-v1
official_4c_lsraw_robustness_extension_baseline_official_v3,LS_RAW_VS_ADJUSTED_ROBUSTNESS_EXTENSION_2026_07_10,COL,PEN,PEN,stress,r4,,0.90729054746623,not_feasible,not_feasible,fiscally_ordinary,False,fiscally_ordinary,False,1,0.8932822227700321,not_feasible,not_feasible,fiscally_ordinary,False,fiscally_ordinary,False,1,-0.014008324696197838,False,False,False,robustness,post_baseline_robustness_extension_new_input_series,robustness-lsraw-v1,baseline-official-v3,v1.0.1-official-4c,robustness-lsraw-v1
official_4c_lsraw_robustness_extension_baseline_official_v3,LS_RAW_VS_ADJUSTED_ROBUSTNESS_EXTENSION_2026_07_10,COL,UBI,UBI,high,r0,,0.0077002695075061,not_feasible,stress_benchmark_only,fiscally_ordinary,False,fiscally_ordinary,False,4,0.007540525570498084,not_feasible,stress_benchmark_only,fiscally_ordinary,False,fiscally_ordinary,False,4,-0.00015974393700801583,False,False,False,robustness,post_baseline_robustness_extension_new_input_series,robustness-lsraw-v1,baseline-official-v3,v1.0.1-official-4c,robustness-lsraw-v1
official_4c_lsraw_robustness_extension_baseline_official_v3,LS_RAW_VS_ADJUSTED_ROBUSTNESS_EXTENSION_2026_07_10,COL,UBI,UBI,high,r1,,0.0084242196101462,not_feasible,stress_benchmark_only,fiscally_ordinary,False,fiscally_ordinary,False,4,0.008218058288990894,not_feasible,stress_benchmark_only,fiscally_ordinary,False,fiscally_ordinary,False,4,-0.00020616132115530532,False,False,False,robustness,post_baseline_robustness_extension_new_input_series,robustness-lsraw-v1,baseline-official-v3,v1.0.1-official-4c,robustness-lsraw-v1
official_4c_lsraw_robustness_extension_baseline_official_v3,LS_RAW_VS_ADJUSTED_ROBUSTNESS_EXTENSION_2026_07_10,COL,UBI,UBI,high,r2,,0.008998408096317,not_feasible,stress_benchmark_only,fiscally_ordinary,False,fiscally_ordinary,False,4,0.008785062790687437,not_feasible,stress_benchmark_only,fiscally_ordinary,False,fiscally_ordinary,False,4,-0.00021334530562956353,False,False,False,robustness,post_baseline_robustness_extension_new_input_series,robustness-lsraw-v1,baseline-official-v3,v1.0.1-official-4c,robustness-lsraw-v1
official_4c_lsraw_robustness_extension_baseline_official_v3,LS_RAW_VS_ADJUSTED_ROBUSTNESS_EXTENSION_2026_07_10,COL,UBI,UBI,high,r3,,0.007718240403235,not_feasible,stress_benchmark_only,fiscally_ordinary,False,fiscally_ordinary,False,4,0.007533601637780845,not_feasible,stress_benchmark_only,fiscally_ordinary,False,fiscally_ordinary,False,4,-0.00018463876545415578,False,False,False,robustness,post_baseline_robustness_extension_new_input_series,robustness-lsraw-v1,baseline-official-v3,v1.0.1-official-4c,robustness-lsraw-v1
official_4c_lsraw_robustness_extension_baseline_official_v3,LS_RAW_VS_ADJUSTED_ROBUSTNESS_EXTENSION_2026_07_10,COL,UBI,UBI,high,r4,,0.0108231333712013,not_feasible,stress_benchmark_only,fiscally_ordinary,False,fiscally_ordinary,False,4,0.010596114752018389,not_feasible,stress_benchmark_only,fiscally_ordinary,False,fiscally_ordinary,False,4,-0.0002270186191829105,False,False,False,robustness,post_baseline_robustness_extension_new_input_series,robustness-lsraw-v1,baseline-official-v3,v1.0.1-official-4c,robustness-lsraw-v1
official_4c_lsraw_robustness_extension_baseline_official_v3,LS_RAW_VS_ADJUSTED_ROBUSTNESS_EXTENSION_2026_07_10,COL,UBI,UBI,low,r0,,-0.0023095297273273,not_feasible,stress_benchmark_only,fiscally_ordinary,False,fiscally_ordinary,False,1,-0.002239657147923662,not_feasible,stress_benchmark_only,fiscally_ordinary,False,fiscally_ordinary,False,1,6.987257940363782e-05,False,False,False,robustness,post_baseline_robustness_extension_new_input_series,robustness-lsraw-v1,baseline-official-v3,v1.0.1-official-4c,robustness-lsraw-v1
official_4c_lsraw_robustness_extension_baseline_official_v3,LS_RAW_VS_ADJUSTED_ROBUSTNESS_EXTENSION_2026_07_10,COL,UBI,UBI,low,r1,,-0.0021663854399114,not_feasible,stress_benchmark_only,fiscally_ordinary,False,fiscally_ordinary,False,1,-0.0021026231156958887,not_feasible,stress_benchmark_only,fiscally_ordinary,False,fiscally_ordinary,False,1,6.37623242155114e-05,False,False,False,robustness,post_baseline_robustness_extension_new_input_series,robustness-lsraw-v1,baseline-official-v3,v1.0.1-official-4c,robustness-lsraw-v1
official_4c_lsraw_robustness_extension_baseline_official_v3,LS_RAW_VS_ADJUSTED_ROBUSTNESS_EXTENSION_2026_07_10,COL,UBI,UBI,low,r2,,-0.0020923253750525,not_feasible,stress_benchmark_only,fiscally_ordinary,False,fiscally_ordinary,False,1,-0.0020253051252654207,not_feasible,stress_benchmark_only,fiscally_ordinary,False,fiscally_ordinary,False,1,6.702024978707914e-05,False,False,False,robustness,post_baseline_robustness_extension_new_input_series,robustness-lsraw-v1,baseline-official-v3,v1.0.1-official-4c,robustness-lsraw-v1
official_4c_lsraw_robustness_extension_baseline_official_v3,LS_RAW_VS_ADJUSTED_ROBUSTNESS_EXTENSION_2026_07_10,COL,UBI,UBI,low,r3,,-0.0023410130275475,not_feasible,stress_benchmark_only,fiscally_ordinary,False,fiscally_ordinary,False,1,-0.0022818829771591516,not_feasible,stress_benchmark_only,fiscally_ordinary,False,fiscally_ordinary,False,1,5.913005038834856e-05,False,False,False,robustness,post_baseline_robustness_extension_new_input_series,robustness-lsraw-v1,baseline-official-v3,v1.0.1-official-4c,robustness-lsraw-v1
official_4c_lsraw_robustness_extension_baseline_official_v3,LS_RAW_VS_ADJUSTED_ROBUSTNESS_EXTENSION_2026_07_10,COL,UBI,UBI,low,r4,,-0.0018916321287985,not_feasible,stress_benchmark_only,fiscally_ordinary,False,fiscally_ordinary,False,1,-0.0018180040361860366,not_feasible,stress_benchmark_only,fiscally_ordinary,False,fiscally_ordinary,False,1,7.362809261246333e-05,False,False,False,robustness,post_baseline_robustness_extension_new_input_series,robustness-lsraw-v1,baseline-official-v3,v1.0.1-official-4c,robustness-lsraw-v1
official_4c_lsraw_robustness_extension_baseline_official_v3,LS_RAW_VS_ADJUSTED_ROBUSTNESS_EXTENSION_2026_07_10,COL,UBI,UBI,mid,r0,,0.0082461584314325,not_feasible,stress_benchmark_only,fiscally_ordinary,False,fiscally_ordinary,False,4,0.007980956225582207,not_feasible,stress_benchmark_only,fiscally_ordinary,False,fiscally_ordinary,False,4,-0.00026520220585029425,False,False,False,robustness,post_baseline_robustness_extension_new_input_series,robustness-lsraw-v1,baseline-official-v3,v1.0.1-official-4c,robustness-lsraw-v1
official_4c_lsraw_robustness_extension_baseline_official_v3,LS_RAW_VS_ADJUSTED_ROBUSTNESS_EXTENSION_2026_07_10,COL,UBI,UBI,mid,r1,,0.0089920151439947,not_feasible,stress_benchmark_only,fiscally_ordinary,False,fiscally_ordinary,False,4,0.00868135073462563,not_feasible,stress_benchmark_only,fiscally_ordinary,False,fiscally_ordinary,False,4,-0.0003106644093690703,False,False,False,robustness,post_baseline_robustness_extension_new_input_series,robustness-lsraw-v1,baseline-official-v3,v1.0.1-official-4c,robustness-lsraw-v1
official_4c_lsraw_robustness_extension_baseline_official_v3,LS_RAW_VS_ADJUSTED_ROBUSTNESS_EXTENSION_2026_07_10,COL,UBI,UBI,mid,r2,,0.0095908884532241,not_feasible,stress_benchmark_only,fiscally_ordinary,False,fiscally_ordinary,False,4,0.009268865846435534,not_feasible,stress_benchmark_only,fiscally_ordinary,False,fiscally_ordinary,False,4,-0.0003220226067885655,False,False,False,robustness,post_baseline_robustness_extension_new_input_series,robustness-lsraw-v1,baseline-official-v3,v1.0.1-official-4c,robustness-lsraw-v1
official_4c_lsraw_robustness_extension_baseline_official_v3,LS_RAW_VS_ADJUSTED_ROBUSTNESS_EXTENSION_2026_07_10,COL,UBI,UBI,mid,r3,,0.0080424329990382,not_feasible,stress_benchmark_only,fiscally_ordinary,False,fiscally_ordinary,False,4,0.007761842955947243,not_feasible,stress_benchmark_only,fiscally_ordinary,False,fiscally_ordinary,False,4,-0.00028059004309095685,False,False,False,robustness,post_baseline_robustness_extension_new_input_series,robustness-lsraw-v1,baseline-official-v3,v1.0.1-official-4c,robustness-lsraw-v1
official_4c_lsraw_robustness_extension_baseline_official_v3,LS_RAW_VS_ADJUSTED_ROBUSTNESS_EXTENSION_2026_07_10,COL,UBI,UBI,mid,r4,,0.0111579171751931,not_feasible,stress_benchmark_only,fiscally_ordinary,False,fiscally_ordinary,False,4,0.010814024467159145,not_feasible,stress_benchmark_only,fiscally_ordinary,False,fiscally_ordinary,False,4,-0.00034389270803395454,False,False,False,robustness,post_baseline_robustness_extension_new_input_series,robustness-lsraw-v1,baseline-official-v3,v1.0.1-official-4c,robustness-lsraw-v1
official_4c_lsraw_robustness_extension_baseline_official_v3,LS_RAW_VS_ADJUSTED_ROBUSTNESS_EXTENSION_2026_07_10,COL,UBI,UBI,stress,r0,,0.0361843250573202,not_feasible,stress_benchmark_only,fiscally_ordinary,False,fiscally_ordinary,False,6,0.035754983601387055,not_feasible,stress_benchmark_only,fiscally_ordinary,False,fiscally_ordinary,False,6,-0.00042934145593314516,False,False,False,robustness,post_baseline_robustness_extension_new_input_series,robustness-lsraw-v1,baseline-official-v3,v1.0.1-official-4c,robustness-lsraw-v1
official_4c_lsraw_robustness_extension_baseline_official_v3,LS_RAW_VS_ADJUSTED_ROBUSTNESS_EXTENSION_2026_07_10,COL,UBI,UBI,stress,r1,,0.0386013651388497,not_feasible,stress_benchmark_only,fiscally_ordinary,False,fiscally_ordinary,False,6,0.037997885085025836,not_feasible,stress_benchmark_only,fiscally_ordinary,False,fiscally_ordinary,False,6,-0.0006034800538238655,False,False,False,robustness,post_baseline_robustness_extension_new_input_series,robustness-lsraw-v1,baseline-official-v3,v1.0.1-official-4c,robustness-lsraw-v1
official_4c_lsraw_robustness_extension_baseline_official_v3,LS_RAW_VS_ADJUSTED_ROBUSTNESS_EXTENSION_2026_07_10,COL,UBI,UBI,stress,r2,,0.0406094232793248,not_feasible,stress_benchmark_only,fiscally_ordinary,False,fiscally_ordinary,False,6,0.039983932338786915,not_feasible,stress_benchmark_only,fiscally_ordinary,False,fiscally_ordinary,False,6,-0.0006254909405378831,False,False,False,robustness,post_baseline_robustness_extension_new_input_series,robustness-lsraw-v1,baseline-official-v3,v1.0.1-official-4c,robustness-lsraw-v1
official_4c_lsraw_robustness_extension_baseline_official_v3,LS_RAW_VS_ADJUSTED_ROBUSTNESS_EXTENSION_2026_07_10,COL,UBI,UBI,stress,r3,,0.037269713471784,not_feasible,stress_benchmark_only,fiscally_ordinary,False,fiscally_ordinary,False,6,0.03673275625024331,not_feasible,stress_benchmark_only,fiscally_ordinary,False,fiscally_ordinary,False,6,-0.0005369572215406862,False,False,False,robustness,post_baseline_robustness_extension_new_input_series,robustness-lsraw-v1,baseline-official-v3,v1.0.1-official-4c,robustness-lsraw-v1
official_4c_lsraw_robustness_extension_baseline_official_v3,LS_RAW_VS_ADJUSTED_ROBUSTNESS_EXTENSION_2026_07_10,COL,UBI,UBI,stress,r4,,0.0484855072658394,not_feasible,stress_benchmark_only,fiscally_ordinary,False,fiscally_ordinary,False,6,0.04781791365939023,not_feasible,stress_benchmark_only,fiscally_ordinary,False,fiscally_ordinary,False,6,-0.0006675936064491766,False,False,False,robustness,post_baseline_robustness_extension_new_input_series,robustness-lsraw-v1,baseline-official-v3,v1.0.1-official-4c,robustness-lsraw-v1
official_4c_lsraw_robustness_extension_baseline_official_v3,LS_RAW_VS_ADJUSTED_ROBUSTNESS_EXTENSION_2026_07_10,MEX,GMI,GMI:GMI_ideal_aggregate,high,r0,GMI_ideal_aggregate,-0.1636506771924068,not_feasible,not_feasible,fiscally_ordinary,False,fiscally_ordinary,False,6,-0.16317522994426617,not_feasible,not_feasible,fiscally_ordinary,False,fiscally_ordinary,False,6,0.0004754472481406369,False,False,False,robustness,post_baseline_robustness_extension_new_input_series,robustness-lsraw-v1,baseline-official-v3,v1.0.1-official-4c,robustness-lsraw-v1
official_4c_lsraw_robustness_extension_baseline_official_v3,LS_RAW_VS_ADJUSTED_ROBUSTNESS_EXTENSION_2026_07_10,MEX,GMI,GMI:GMI_ideal_aggregate,high,r1,GMI_ideal_aggregate,-0.1555623530583428,not_feasible,not_feasible,fiscally_ordinary,False,fiscally_ordinary,False,6,-0.15907145589742633,not_feasible,not_feasible,fiscally_ordinary,False,fiscally_ordinary,False,6,-0.003509102839083539,False,False,False,robustness,post_baseline_robustness_extension_new_input_series,robustness-lsraw-v1,baseline-official-v3,v1.0.1-official-4c,robustness-lsraw-v1
official_4c_lsraw_robustness_extension_baseline_official_v3,LS_RAW_VS_ADJUSTED_ROBUSTNESS_EXTENSION_2026_07_10,MEX,GMI,GMI:GMI_ideal_aggregate,high,r2,GMI_ideal_aggregate,-0.1467817824598621,not_feasible,not_feasible,fiscally_ordinary,False,fiscally_ordinary,False,6,-0.15062695487091216,not_feasible,not_feasible,fiscally_ordinary,False,fiscally_ordinary,False,6,-0.003845172411050063,False,False,False,robustness,post_baseline_robustness_extension_new_input_series,robustness-lsraw-v1,baseline-official-v3,v1.0.1-official-4c,robustness-lsraw-v1
official_4c_lsraw_robustness_extension_baseline_official_v3,LS_RAW_VS_ADJUSTED_ROBUSTNESS_EXTENSION_2026_07_10,MEX,GMI,GMI:GMI_ideal_aggregate,high,r3,GMI_ideal_aggregate,-0.169556118366755,not_feasible,not_feasible,fiscally_ordinary,False,fiscally_ordinary,False,6,-0.1724118184457641,not_feasible,not_feasible,fiscally_ordinary,False,fiscally_ordinary,False,6,-0.0028557000790090936,False,False,False,robustness,post_baseline_robustness_extension_new_input_series,robustness-lsraw-v1,baseline-official-v3,v1.0.1-official-4c,robustness-lsraw-v1
official_4c_lsraw_robustness_extension_baseline_official_v3,LS_RAW_VS_ADJUSTED_ROBUSTNESS_EXTENSION_2026_07_10,MEX,GMI,GMI:GMI_ideal_aggregate,high,r4,GMI_ideal_aggregate,-0.1152077105406859,not_feasible,not_feasible,fiscally_ordinary,False,fiscally_ordinary,False,6,-0.11977079710308254,not_feasible,not_feasible,fiscally_ordinary,False,fiscally_ordinary,False,6,-0.004563086562396637,False,False,False,robustness,post_baseline_robustness_extension_new_input_series,robustness-lsraw-v1,baseline-official-v3,v1.0.1-official-4c,robustness-lsraw-v1
official_4c_lsraw_robustness_extension_baseline_official_v3,LS_RAW_VS_ADJUSTED_ROBUSTNESS_EXTENSION_2026_07_10,MEX,GMI,GMI:GMI_ideal_aggregate,low,r0,GMI_ideal_aggregate,-0.3196776473367327,not_feasible,not_feasible,fiscally_ordinary,False,fiscally_ordinary,False,6,-0.3182982751223845,not_feasible,not_feasible,fiscally_ordinary,True,fiscally_ordinary,False,6,0.0013793722143481957,False,False,False,robustness,post_baseline_robustness_extension_new_input_series,robustness-lsraw-v1,baseline-official-v3,v1.0.1-official-4c,robustness-lsraw-v1
official_4c_lsraw_robustness_extension_baseline_official_v3,LS_RAW_VS_ADJUSTED_ROBUSTNESS_EXTENSION_2026_07_10,MEX,GMI,GMI:GMI_ideal_aggregate,low,r1,GMI_ideal_aggregate,-0.3143339357195579,not_feasible,not_feasible,fiscally_ordinary,True,fiscally_ordinary,False,6,-0.31391192145432784,not_feasible,not_feasible,fiscally_ordinary,True,fiscally_ordinary,False,6,0.00042201426523008623,False,False,False,robustness,post_baseline_robustness_extension_new_input_series,robustness-lsraw-v1,baseline-official-v3,v1.0.1-official-4c,robustness-lsraw-v1
official_4c_lsraw_robustness_extension_baseline_official_v3,LS_RAW_VS_ADJUSTED_ROBUSTNESS_EXTENSION_2026_07_10,MEX,GMI,GMI:GMI_ideal_aggregate,low,r2,GMI_ideal_aggregate,-0.3125482085842074,not_feasible,not_feasible,fiscally_ordinary,True,fiscally_ordinary,False,6,-0.3121527936625845,not_feasible,not_feasible,fiscally_ordinary,True,fiscally_ordinary,False,6,0.00039541492162287195,False,False,False,robustness,post_baseline_robustness_extension_new_input_series,robustness-lsraw-v1,baseline-official-v3,v1.0.1-official-4c,robustness-lsraw-v1
official_4c_lsraw_robustness_extension_baseline_official_v3,LS_RAW_VS_ADJUSTED_ROBUSTNESS_EXTENSION_2026_07_10,MEX,GMI,GMI:GMI_ideal_aggregate,low,r3,GMI_ideal_aggregate,-0.3208094205672378,not_feasible,not_feasible,fiscally_ordinary,False,fiscally_ordinary,False,6,-0.32033472955001224,not_feasible,not_feasible,fiscally_ordinary,False,fiscally_ordinary,False,6,0.0004746910172255814,False,False,False,robustness,post_baseline_robustness_extension_new_input_series,robustness-lsraw-v1,baseline-official-v3,v1.0.1-official-4c,robustness-lsraw-v1
official_4c_lsraw_robustness_extension_baseline_official_v3,LS_RAW_VS_ADJUSTED_ROBUSTNESS_EXTENSION_2026_07_10,MEX,GMI,GMI:GMI_ideal_aggregate,low,r4,GMI_ideal_aggregate,-0.304069874150093,not_feasible,not_feasible,fiscally_ordinary,True,fiscally_ordinary,False,6,-0.30373960917552406,not_feasible,not_feasible,fiscally_ordinary,True,fiscally_ordinary,False,6,0.0003302649745689501,False,False,False,robustness,post_baseline_robustness_extension_new_input_series,robustness-lsraw-v1,baseline-official-v3,v1.0.1-official-4c,robustness-lsraw-v1
official_4c_lsraw_robustness_extension_baseline_official_v3,LS_RAW_VS_ADJUSTED_ROBUSTNESS_EXTENSION_2026_07_10,MEX,GMI,GMI:GMI_ideal_aggregate,mid,r0,GMI_ideal_aggregate,-0.0851234261100203,not_feasible,not_feasible,fiscally_ordinary,False,fiscally_ordinary,False,6,-0.08564070038384108,not_feasible,not_feasible,fiscally_ordinary,False,fiscally_ordinary,False,6,-0.0005172742738207836,False,False,False,robustness,post_baseline_robustness_extension_new_input_series,robustness-lsraw-v1,baseline-official-v3,v1.0.1-official-4c,robustness-lsraw-v1
official_4c_lsraw_robustness_extension_baseline_official_v3,LS_RAW_VS_ADJUSTED_ROBUSTNESS_EXTENSION_2026_07_10,MEX,GMI,GMI:GMI_ideal_aggregate,mid,r1,GMI_ideal_aggregate,-0.0754000887774936,not_feasible,not_feasible,fiscally_ordinary,False,fiscally_ordinary,False,6,-0.08133937693680293,not_feasible,not_feasible,fiscally_ordinary,False,fiscally_ordinary,False,6,-0.0059392881593093305,False,False,False,robustness,post_baseline_robustness_extension_new_input_series,robustness-lsraw-v1,baseline-official-v3,v1.0.1-official-4c,robustness-lsraw-v1
official_4c_lsraw_robustness_extension_baseline_official_v3,LS_RAW_VS_ADJUSTED_ROBUSTNESS_EXTENSION_2026_07_10,MEX,GMI,GMI:GMI_ideal_aggregate,mid,r2,GMI_ideal_aggregate,-0.0630889440973832,not_feasible,not_feasible,fiscally_ordinary,False,fiscally_ordinary,False,6,-0.0695342436508155,not_feasible,not_feasible,fiscally_ordinary,False,fiscally_ordinary,False,6,-0.006445299553432288,False,False,False,robustness,post_baseline_robustness_extension_new_input_series,robustness-lsraw-v1,baseline-official-v3,v1.0.1-official-4c,robustness-lsraw-v1
official_4c_lsraw_robustness_extension_baseline_official_v3,LS_RAW_VS_ADJUSTED_ROBUSTNESS_EXTENSION_2026_07_10,MEX,GMI,GMI:GMI_ideal_aggregate,mid,r3,GMI_ideal_aggregate,-0.0979188496295925,not_feasible,not_feasible,fiscally_ordinary,False,fiscally_ordinary,False,6,-0.10287291431305244,not_feasible,not_feasible,fiscally_ordinary,False,fiscally_ordinary,False,6,-0.0049540646834599356,False,False,False,robustness,post_baseline_robustness_extension_new_input_series,robustness-lsraw-v1,baseline-official-v3,v1.0.1-official-4c,robustness-lsraw-v1
official_4c_lsraw_robustness_extension_baseline_official_v3,LS_RAW_VS_ADJUSTED_ROBUSTNESS_EXTENSION_2026_07_10,MEX,GMI,GMI:GMI_ideal_aggregate,mid,r4,GMI_ideal_aggregate,-0.0272688239061417,not_feasible,not_feasible,fiscally_ordinary,False,fiscally_ordinary,False,6,-0.034787299884151454,not_feasible,not_feasible,fiscally_ordinary,False,fiscally_ordinary,False,6,-0.007518475978009753,False,False,False,robustness,post_baseline_robustness_extension_new_input_series,robustness-lsraw-v1,baseline-official-v3,v1.0.1-official-4c,robustness-lsraw-v1
official_4c_lsraw_robustness_extension_baseline_official_v3,LS_RAW_VS_ADJUSTED_ROBUSTNESS_EXTENSION_2026_07_10,MEX,GMI,GMI:GMI_ideal_aggregate,stress,r0,GMI_ideal_aggregate,0.5767419747201149,not_feasible,not_feasible,fiscally_ordinary,False,fiscally_ordinary,False,1,0.5747347585018454,not_feasible,not_feasible,fiscally_ordinary,False,fiscally_ordinary,False,1,-0.002007216218269492,False,False,False,robustness,post_baseline_robustness_extension_new_input_series,robustness-lsraw-v1,baseline-official-v3,v1.0.1-official-4c,robustness-lsraw-v1
official_4c_lsraw_robustness_extension_baseline_official_v3,LS_RAW_VS_ADJUSTED_ROBUSTNESS_EXTENSION_2026_07_10,MEX,GMI,GMI:GMI_ideal_aggregate,stress,r1,GMI_ideal_aggregate,0.5970020503133129,not_feasible,not_feasible,fiscally_ordinary,False,fiscally_ordinary,False,1,0.576356130593413,not_feasible,not_feasible,fiscally_ordinary,False,fiscally_ordinary,False,1,-0.02064591971989993,False,False,False,robustness,post_baseline_robustness_extension_new_input_series,robustness-lsraw-v1,baseline-official-v3,v1.0.1-official-4c,robustness-lsraw-v1
official_4c_lsraw_robustness_extension_baseline_official_v3,LS_RAW_VS_ADJUSTED_ROBUSTNESS_EXTENSION_2026_07_10,MEX,GMI,GMI:GMI_ideal_aggregate,stress,r2,GMI_ideal_aggregate,0.6389411582299903,not_feasible,not_feasible,fiscally_ordinary,False,fiscally_ordinary,False,1,0.6165383086318312,not_feasible,not_feasible,fiscally_ordinary,False,fiscally_ordinary,False,1,-0.02240284959815908,False,False,False,robustness,post_baseline_robustness_extension_new_input_series,robustness-lsraw-v1,baseline-official-v3,v1.0.1-official-4c,robustness-lsraw-v1
official_4c_lsraw_robustness_extension_baseline_official_v3,LS_RAW_VS_ADJUSTED_ROBUSTNESS_EXTENSION_2026_07_10,MEX,GMI,GMI:GMI_ideal_aggregate,stress,r3,GMI_ideal_aggregate,0.56325995512481,not_feasible,not_feasible,fiscally_ordinary,False,fiscally_ordinary,False,1,0.5460190161205208,not_feasible,not_feasible,fiscally_ordinary,False,fiscally_ordinary,False,1,-0.017240939004289135,False,False,False,robustness,post_baseline_robustness_extension_new_input_series,robustness-lsraw-v1,baseline-official-v3,v1.0.1-official-4c,robustness-lsraw-v1
official_4c_lsraw_robustness_extension_baseline_official_v3,LS_RAW_VS_ADJUSTED_ROBUSTNESS_EXTENSION_2026_07_10,MEX,GMI,GMI:GMI_ideal_aggregate,stress,r4,GMI_ideal_aggregate,0.804897604063947,not_feasible,not_feasible,fiscally_ordinary,False,fiscally_ordinary,False,1,0.7787690911155282,not_feasible,not_feasible,fiscally_ordinary,False,fiscally_ordinary,False,1,-0.02612851294841878,False,False,False,robustness,post_baseline_robustness_extension_new_input_series,robustness-lsraw-v1,baseline-official-v3,v1.0.1-official-4c,robustness-lsraw-v1
official_4c_lsraw_robustness_extension_baseline_official_v3,LS_RAW_VS_ADJUSTED_ROBUSTNESS_EXTENSION_2026_07_10,MEX,GMI,GMI:GMI_loaded_aggregate,high,r0,GMI_loaded_aggregate,-0.1091004514616045,not_feasible,not_feasible,fiscally_ordinary,False,fiscally_ordinary,False,5,-0.10878348662951079,not_feasible,not_feasible,fiscally_ordinary,False,fiscally_ordinary,False,5,0.0003169648320937163,False,False,False,robustness,post_baseline_robustness_extension_new_input_series,robustness-lsraw-v1,baseline-official-v3,v1.0.1-official-4c,robustness-lsraw-v1
official_4c_lsraw_robustness_extension_baseline_official_v3,LS_RAW_VS_ADJUSTED_ROBUSTNESS_EXTENSION_2026_07_10,MEX,GMI,GMI:GMI_loaded_aggregate,high,r1,GMI_loaded_aggregate,-0.1037082353722285,not_feasible,not_feasible,fiscally_ordinary,False,fiscally_ordinary,False,5,-0.10604763726495091,not_feasible,not_feasible,fiscally_ordinary,False,fiscally_ordinary,False,5,-0.0023394018927224147,False,False,False,robustness,post_baseline_robustness_extension_new_input_series,robustness-lsraw-v1,baseline-official-v3,v1.0.1-official-4c,robustness-lsraw-v1
official_4c_lsraw_robustness_extension_baseline_official_v3,LS_RAW_VS_ADJUSTED_ROBUSTNESS_EXTENSION_2026_07_10,MEX,GMI,GMI:GMI_loaded_aggregate,high,r2,GMI_loaded_aggregate,-0.0978545216399081,not_feasible,not_feasible,fiscally_ordinary,False,fiscally_ordinary,False,5,-0.10041796991394145,not_feasible,not_feasible,fiscally_ordinary,False,fiscally_ordinary,False,5,-0.0025634482740333475,False,False,False,robustness,post_baseline_robustness_extension_new_input_series,robustness-lsraw-v1,baseline-official-v3,v1.0.1-official-4c,robustness-lsraw-v1
official_4c_lsraw_robustness_extension_baseline_official_v3,LS_RAW_VS_ADJUSTED_ROBUSTNESS_EXTENSION_2026_07_10,MEX,GMI,GMI:GMI_loaded_aggregate,high,r3,GMI_loaded_aggregate,-0.1130374122445033,not_feasible,not_feasible,fiscally_ordinary,False,fiscally_ordinary,False,5,-0.11494121229717606,not_feasible,not_feasible,fiscally_ordinary,False,fiscally_ordinary,False,5,-0.001903800052672766,False,False,False,robustness,post_baseline_robustness_extension_new_input_series,robustness-lsraw-v1,baseline-official-v3,v1.0.1-official-4c,robustness-lsraw-v1
official_4c_lsraw_robustness_extension_baseline_official_v3,LS_RAW_VS_ADJUSTED_ROBUSTNESS_EXTENSION_2026_07_10,MEX,GMI,GMI:GMI_loaded_aggregate,high,r4,GMI_loaded_aggregate,-0.0768051403604573,not_feasible,not_feasible,fiscally_ordinary,False,fiscally_ordinary,False,5,-0.0798471980687217,not_feasible,not_feasible,fiscally_ordinary,False,fiscally_ordinary,False,5,-0.0030420577082644062,False,False,False,robustness,post_baseline_robustness_extension_new_input_series,robustness-lsraw-v1,baseline-official-v3,v1.0.1-official-4c,robustness-lsraw-v1
official_4c_lsraw_robustness_extension_baseline_official_v3,LS_RAW_VS_ADJUSTED_ROBUSTNESS_EXTENSION_2026_07_10,MEX,GMI,GMI:GMI_loaded_aggregate,low,r0,GMI_loaded_aggregate,-0.2131184315578218,not_feasible,not_feasible,fiscally_ordinary,False,fiscally_ordinary,False,5,-0.2121988500815897,not_feasible,not_feasible,fiscally_ordinary,True,fiscally_ordinary,False,5,0.000919581476232112,False,False,False,robustness,post_baseline_robustness_extension_new_input_series,robustness-lsraw-v1,baseline-official-v3,v1.0.1-official-4c,robustness-lsraw-v1
official_4c_lsraw_robustness_extension_baseline_official_v3,LS_RAW_VS_ADJUSTED_ROBUSTNESS_EXTENSION_2026_07_10,MEX,GMI,GMI:GMI_loaded_aggregate,low,r1,GMI_loaded_aggregate,-0.2095559571463719,not_feasible,not_feasible,fiscally_ordinary,True,fiscally_ordinary,False,5,-0.20927461430288527,not_feasible,not_feasible,fiscally_ordinary,True,fiscally_ordinary,False,5,0.00028134284348663163,False,False,False,robustness,post_baseline_robustness_extension_new_input_series,robustness-lsraw-v1,baseline-official-v3,v1.0.1-official-4c,robustness-lsraw-v1
official_4c_lsraw_robustness_extension_baseline_official_v3,LS_RAW_VS_ADJUSTED_ROBUSTNESS_EXTENSION_2026_07_10,MEX,GMI,GMI:GMI_loaded_aggregate,low,r2,GMI_loaded_aggregate,-0.2083654723894716,not_feasible,not_feasible,fiscally_ordinary,True,fiscally_ordinary,False,5,-0.20810186244172305,not_feasible,not_feasible,fiscally_ordinary,True,fiscally_ordinary,False,5,0.0002636099477485443,False,False,False,robustness,post_baseline_robustness_extension_new_input_series,robustness-lsraw-v1,baseline-official-v3,v1.0.1-official-4c,robustness-lsraw-v1
official_4c_lsraw_robustness_extension_baseline_official_v3,LS_RAW_VS_ADJUSTED_ROBUSTNESS_EXTENSION_2026_07_10,MEX,GMI,GMI:GMI_loaded_aggregate,low,r3,GMI_loaded_aggregate,-0.2138729470448252,not_feasible,not_feasible,fiscally_ordinary,False,fiscally_ordinary,False,5,-0.21355648636667485,not_feasible,not_feasible,fiscally_ordinary,False,fiscally_ordinary,False,5,0.00031646067815035983,False,False,False,robustness,post_baseline_robustness_extension_new_input_series,robustness-lsraw-v1,baseline-official-v3,v1.0.1-official-4c,robustness-lsraw-v1
official_4c_lsraw_robustness_extension_baseline_official_v3,LS_RAW_VS_ADJUSTED_ROBUSTNESS_EXTENSION_2026_07_10,MEX,GMI,GMI:GMI_loaded_aggregate,low,r4,GMI_loaded_aggregate,-0.2027132494333954,not_feasible,not_feasible,fiscally_ordinary,True,fiscally_ordinary,False,5,-0.20249307278368273,not_feasible,not_feasible,fiscally_ordinary,True,fiscally_ordinary,False,5,0.00022017664971266115,False,False,False,robustness,post_baseline_robustness_extension_new_input_series,robustness-lsraw-v1,baseline-official-v3,v1.0.1-official-4c,robustness-lsraw-v1
official_4c_lsraw_robustness_extension_baseline_official_v3,LS_RAW_VS_ADJUSTED_ROBUSTNESS_EXTENSION_2026_07_10,MEX,GMI,GMI:GMI_loaded_aggregate,mid,r0,GMI_loaded_aggregate,-0.0567489507400135,not_feasible,not_feasible,fiscally_ordinary,False,fiscally_ordinary,False,5,-0.05709380025589406,not_feasible,not_feasible,fiscally_ordinary,False,fiscally_ordinary,False,5,-0.00034484951588056173,False,False,False,robustness,post_baseline_robustness_extension_new_input_series,robustness-lsraw-v1,baseline-official-v3,v1.0.1-official-4c,robustness-lsraw-v1
official_4c_lsraw_robustness_extension_baseline_official_v3,LS_RAW_VS_ADJUSTED_ROBUSTNESS_EXTENSION_2026_07_10,MEX,GMI,GMI:GMI_loaded_aggregate,mid,r1,GMI_loaded_aggregate,-0.0502667258516624,not_feasible,not_feasible,fiscally_ordinary,False,fiscally_ordinary,False,5,-0.05422625129120196,not_feasible,not_feasible,fiscally_ordinary,False,fiscally_ordinary,False,5,-0.003959525439539563,False,False,False,robustness,post_baseline_robustness_extension_new_input_series,robustness-lsraw-v1,baseline-official-v3,v1.0.1-official-4c,robustness-lsraw-v1
official_4c_lsraw_robustness_extension_baseline_official_v3,LS_RAW_VS_ADJUSTED_ROBUSTNESS_EXTENSION_2026_07_10,MEX,GMI,GMI:GMI_loaded_aggregate,mid,r2,GMI_loaded_aggregate,-0.0420592960649221,not_feasible,not_feasible,fiscally_ordinary,False,fiscally_ordinary,False,5,-0.04635616243387701,not_feasible,not_feasible,fiscally_ordinary,False,fiscally_ordinary,False,5,-0.004296866368954912,False,False,False,robustness,post_baseline_robustness_extension_new_input_series,robustness-lsraw-v1,baseline-official-v3,v1.0.1-official-4c,robustness-lsraw-v1
official_4c_lsraw_robustness_extension_baseline_official_v3,LS_RAW_VS_ADJUSTED_ROBUSTNESS_EXTENSION_2026_07_10,MEX,GMI,GMI:GMI_loaded_aggregate,mid,r3,GMI_loaded_aggregate,-0.065279233086395,not_feasible,not_feasible,fiscally_ordinary,False,fiscally_ordinary,False,5,-0.06858194287536831,not_feasible,not_feasible,fiscally_ordinary,False,fiscally_ordinary,False,5,-0.003302709788973318,False,False,False,robustness,post_baseline_robustness_extension_new_input_series,robustness-lsraw-v1,baseline-official-v3,v1.0.1-official-4c,robustness-lsraw-v1
official_4c_lsraw_robustness_extension_baseline_official_v3,LS_RAW_VS_ADJUSTED_ROBUSTNESS_EXTENSION_2026_07_10,MEX,GMI,GMI:GMI_loaded_aggregate,mid,r4,GMI_loaded_aggregate,-0.0181792159374278,not_feasible,not_feasible,fiscally_ordinary,False,fiscally_ordinary,False,5,-0.023191533256100974,not_feasible,not_feasible,fiscally_ordinary,False,fiscally_ordinary,False,5,-0.005012317318673173,False,False,False,robustness,post_baseline_robustness_extension_new_input_series,robustness-lsraw-v1,baseline-official-v3,v1.0.1-official-4c,robustness-lsraw-v1
official_4c_lsraw_robustness_extension_baseline_official_v3,LS_RAW_VS_ADJUSTED_ROBUSTNESS_EXTENSION_2026_07_10,MEX,GMI,GMI:GMI_loaded_aggregate,stress,r0,GMI_loaded_aggregate,0.38449464981341,not_feasible,not_feasible,fiscally_ordinary,False,fiscally_ordinary,False,3,0.383156505667897,not_feasible,not_feasible,fiscally_ordinary,False,fiscally_ordinary,False,3,-0.0013381441455130316,False,False,False,robustness,post_baseline_robustness_extension_new_input_series,robustness-lsraw-v1,baseline-official-v3,v1.0.1-official-4c,robustness-lsraw-v1
official_4c_lsraw_robustness_extension_baseline_official_v3,LS_RAW_VS_ADJUSTED_ROBUSTNESS_EXTENSION_2026_07_10,MEX,GMI,GMI:GMI_loaded_aggregate,stress,r1,GMI_loaded_aggregate,0.398001366875542,not_feasible,not_feasible,fiscally_ordinary,False,fiscally_ordinary,False,3,0.3842374203956087,not_feasible,not_feasible,fiscally_ordinary,False,fiscally_ordinary,False,3,-0.013763946479933287,False,False,False,robustness,post_baseline_robustness_extension_new_input_series,robustness-lsraw-v1,baseline-official-v3,v1.0.1-official-4c,robustness-lsraw-v1
official_4c_lsraw_robustness_extension_baseline_official_v3,LS_RAW_VS_ADJUSTED_ROBUSTNESS_EXTENSION_2026_07_10,MEX,GMI,GMI:GMI_loaded_aggregate,stress,r2,GMI_loaded_aggregate,0.4259607721533269,not_feasible,not_feasible,fiscally_ordinary,False,fiscally_ordinary,False,3,0.4110255390878875,not_feasible,not_feasible,fiscally_ordinary,False,fiscally_ordinary,False,3,-0.014935233065439368,False,False,False,robustness,post_baseline_robustness_extension_new_input_series,robustness-lsraw-v1,baseline-official-v3,v1.0.1-official-4c,robustness-lsraw-v1
official_4c_lsraw_robustness_extension_baseline_official_v3,LS_RAW_VS_ADJUSTED_ROBUSTNESS_EXTENSION_2026_07_10,MEX,GMI,GMI:GMI_loaded_aggregate,stress,r3,GMI_loaded_aggregate,0.3755066367498733,not_feasible,not_feasible,fiscally_ordinary,False,fiscally_ordinary,False,3,0.3640126774136806,not_feasible,not_feasible,fiscally_ordinary,False,fiscally_ordinary,False,3,-0.011493959336192683,False,False,False,robustness,post_baseline_robustness_extension_new_input_series,robustness-lsraw-v1,baseline-official-v3,v1.0.1-official-4c,robustness-lsraw-v1
official_4c_lsraw_robustness_extension_baseline_official_v3,LS_RAW_VS_ADJUSTED_ROBUSTNESS_EXTENSION_2026_07_10,MEX,GMI,GMI:GMI_loaded_aggregate,stress,r4,GMI_loaded_aggregate,0.536598402709298,not_feasible,not_feasible,fiscally_ordinary,False,fiscally_ordinary,False,3,0.5191793940770189,not_feasible,not_feasible,fiscally_ordinary,False,fiscally_ordinary,False,3,-0.017419008632279187,False,False,False,robustness,post_baseline_robustness_extension_new_input_series,robustness-lsraw-v1,baseline-official-v3,v1.0.1-official-4c,robustness-lsraw-v1
official_4c_lsraw_robustness_extension_baseline_official_v3,LS_RAW_VS_ADJUSTED_ROBUSTNESS_EXTENSION_2026_07_10,MEX,MUT,MUT,high,r0,,0.0210124568810288,not_feasible,not_feasible,fiscally_ordinary,False,fiscally_ordinary,False,1,0.02113417137655283,not_feasible,not_feasible,fiscally_ordinary,False,fiscally_ordinary,False,1,0.00012171449552402999,False,False,False,robustness,post_baseline_robustness_extension_new_input_series,robustness-lsraw-v1,baseline-official-v3,v1.0.1-official-4c,robustness-lsraw-v1
official_4c_lsraw_robustness_extension_baseline_official_v3,LS_RAW_VS_ADJUSTED_ROBUSTNESS_EXTENSION_2026_07_10,MEX,MUT,MUT,high,r1,,0.0222229914900415,not_feasible,not_feasible,fiscally_ordinary,False,fiscally_ordinary,False,1,0.021324661163236117,not_feasible,not_feasible,fiscally_ordinary,False,fiscally_ordinary,False,1,-0.0008983303268053841,False,False,False,robustness,post_baseline_robustness_extension_new_input_series,robustness-lsraw-v1,baseline-official-v3,v1.0.1-official-4c,robustness-lsraw-v1
official_4c_lsraw_robustness_extension_baseline_official_v3,LS_RAW_VS_ADJUSTED_ROBUSTNESS_EXTENSION_2026_07_10,MEX,MUT,MUT,high,r2,,0.0244708175632525,not_feasible,not_feasible,fiscally_ordinary,False,fiscally_ordinary,False,1,0.02348645342602375,not_feasible,not_feasible,fiscally_ordinary,False,fiscally_ordinary,False,1,-0.0009843641372287507,False,False,False,robustness,post_baseline_robustness_extension_new_input_series,robustness-lsraw-v1,baseline-official-v3,v1.0.1-official-4c,robustness-lsraw-v1
official_4c_lsraw_robustness_extension_baseline_official_v3,LS_RAW_VS_ADJUSTED_ROBUSTNESS_EXTENSION_2026_07_10,MEX,MUT,MUT,high,r3,,0.0191566333926725,not_feasible,not_feasible,fiscally_ordinary,False,fiscally_ordinary,False,1,0.01842557417244628,not_feasible,not_feasible,fiscally_ordinary,False,fiscally_ordinary,False,1,-0.0007310592202262219,False,False,False,robustness,post_baseline_robustness_extension_new_input_series,robustness-lsraw-v1,baseline-official-v3,v1.0.1-official-4c,robustness-lsraw-v1
official_4c_lsraw_robustness_extension_baseline_official_v3,LS_RAW_VS_ADJUSTED_ROBUSTNESS_EXTENSION_2026_07_10,MEX,MUT,MUT,high,r4,,0.0316937036052539,not_feasible,not_feasible,fiscally_ordinary,False,fiscally_ordinary,False,2,0.030525553445280424,not_feasible,not_feasible,fiscally_ordinary,False,fiscally_ordinary,False,2,-0.0011681501599734752,False,False,False,robustness,post_baseline_robustness_extension_new_input_series,robustness-lsraw-v1,baseline-official-v3,v1.0.1-official-4c,robustness-lsraw-v1
official_4c_lsraw_robustness_extension_baseline_official_v3,LS_RAW_VS_ADJUSTED_ROBUSTNESS_EXTENSION_2026_07_10,MEX,MUT,MUT,low,r0,,-0.0189304474759186,not_feasible,not_feasible,fiscally_ordinary,False,fiscally_ordinary,False,3,-0.018577328189045467,not_feasible,not_feasible,fiscally_ordinary,True,fiscally_ordinary,False,3,0.00035311928687313185,False,False,False,robustness,post_baseline_robustness_extension_new_input_series,robustness-lsraw-v1,baseline-official-v3,v1.0.1-official-4c,robustness-lsraw-v1
official_4c_lsraw_robustness_extension_baseline_official_v3,LS_RAW_VS_ADJUSTED_ROBUSTNESS_EXTENSION_2026_07_10,MEX,MUT,MUT,low,r1,,-0.0184225336712295,not_feasible,not_feasible,fiscally_ordinary,True,fiscally_ordinary,False,3,-0.018314498019330674,not_feasible,not_feasible,fiscally_ordinary,True,fiscally_ordinary,False,3,0.00010803565189882597,False,False,False,robustness,post_baseline_robustness_extension_new_input_series,robustness-lsraw-v1,baseline-official-v3,v1.0.1-official-4c,robustness-lsraw-v1
official_4c_lsraw_robustness_extension_baseline_official_v3,LS_RAW_VS_ADJUSTED_ROBUSTNESS_EXTENSION_2026_07_10,MEX,MUT,MUT,low,r2,,-0.0179653875245798,not_feasible,not_feasible,fiscally_ordinary,True,fiscally_ordinary,False,3,-0.017864161304644386,not_feasible,not_feasible,fiscally_ordinary,True,fiscally_ordinary,False,3,0.00010122621993541303,False,False,False,robustness,post_baseline_robustness_extension_new_input_series,robustness-lsraw-v1,baseline-official-v3,v1.0.1-official-4c,robustness-lsraw-v1
official_4c_lsraw_robustness_extension_baseline_official_v3,LS_RAW_VS_ADJUSTED_ROBUSTNESS_EXTENSION_2026_07_10,MEX,MUT,MUT,low,r3,,-0.019564211970651,not_feasible,not_feasible,fiscally_ordinary,False,fiscally_ordinary,False,3,-0.019442691070241252,not_feasible,not_feasible,fiscally_ordinary,False,fiscally_ordinary,False,3,0.00012152090040974672,False,False,False,robustness,post_baseline_robustness_extension_new_input_series,robustness-lsraw-v1,baseline-official-v3,v1.0.1-official-4c,robustness-lsraw-v1
official_4c_lsraw_robustness_extension_baseline_official_v3,LS_RAW_VS_ADJUSTED_ROBUSTNESS_EXTENSION_2026_07_10,MEX,MUT,MUT,low,r4,,-0.0166550102787542,not_feasible,not_feasible,fiscally_ordinary,True,fiscally_ordinary,False,3,-0.016570462445264618,not_feasible,not_feasible,fiscally_ordinary,True,fiscally_ordinary,False,3,8.45478334895837e-05,False,False,False,robustness,post_baseline_robustness_extension_new_input_series,robustness-lsraw-v1,baseline-official-v3,v1.0.1-official-4c,robustness-lsraw-v1
official_4c_lsraw_robustness_extension_baseline_official_v3,LS_RAW_VS_ADJUSTED_ROBUSTNESS_EXTENSION_2026_07_10,MEX,MUT,MUT,mid,r0,,0.0411154331581197,not_feasible,not_feasible,fiscally_ordinary,False,fiscally_ordinary,False,2,0.04098301094402165,not_feasible,not_feasible,fiscally_ordinary,False,fiscally_ordinary,False,2,-0.00013242221409804494,False,False,False,robustness,post_baseline_robustness_extension_new_input_series,robustness-lsraw-v1,baseline-official-v3,v1.0.1-official-4c,robustness-lsraw-v1
official_4c_lsraw_robustness_extension_baseline_official_v3,LS_RAW_VS_ADJUSTED_ROBUSTNESS_EXTENSION_2026_07_10,MEX,MUT,MUT,mid,r1,,0.0427445311459388,not_feasible,not_feasible,fiscally_ordinary,False,fiscally_ordinary,False,2,0.041224073377155716,not_feasible,not_feasible,fiscally_ordinary,False,fiscally_ordinary,False,2,-0.0015204577687830817,False,False,False,robustness,post_baseline_robustness_extension_new_input_series,robustness-lsraw-v1,baseline-official-v3,v1.0.1-official-4c,robustness-lsraw-v1
official_4c_lsraw_robustness_extension_baseline_official_v3,LS_RAW_VS_ADJUSTED_ROBUSTNESS_EXTENSION_2026_07_10,MEX,MUT,MUT,mid,r2,,0.0458961841840471,not_feasible,not_feasible,fiscally_ordinary,False,fiscally_ordinary,False,2,0.0442461874983685,not_feasible,not_feasible,fiscally_ordinary,False,fiscally_ordinary,False,2,-0.001649996685678598,False,False,False,robustness,post_baseline_robustness_extension_new_input_series,robustness-lsraw-v1,baseline-official-v3,v1.0.1-official-4c,robustness-lsraw-v1
official_4c_lsraw_robustness_extension_baseline_official_v3,LS_RAW_VS_ADJUSTED_ROBUSTNESS_EXTENSION_2026_07_10,MEX,MUT,MUT,mid,r3,,0.0374957741893862,not_feasible,not_feasible,fiscally_ordinary,False,fiscally_ordinary,False,2,0.03622753363042046,not_feasible,not_feasible,fiscally_ordinary,False,fiscally_ordinary,False,2,-0.0012682405589657386,False,False,False,robustness,post_baseline_robustness_extension_new_input_series,robustness-lsraw-v1,baseline-official-v3,v1.0.1-official-4c,robustness-lsraw-v1
official_4c_lsraw_robustness_extension_baseline_official_v3,LS_RAW_VS_ADJUSTED_ROBUSTNESS_EXTENSION_2026_07_10,MEX,MUT,MUT,mid,r4,,0.0542060585836972,not_feasible,not_feasible,fiscally_ordinary,False,fiscally_ordinary,False,2,0.05228132873332679,not_feasible,not_feasible,fiscally_ordinary,False,fiscally_ordinary,False,2,-0.001924729850370413,False,False,False,robustness,post_baseline_robustness_extension_new_input_series,robustness-lsraw-v1,baseline-official-v3,v1.0.1-official-4c,robustness-lsraw-v1
official_4c_lsraw_robustness_extension_baseline_official_v3,LS_RAW_VS_ADJUSTED_ROBUSTNESS_EXTENSION_2026_07_10,MEX,MUT,MUT,stress,r0,,0.2105529757706344,not_feasible,not_feasible,fiscally_ordinary,False,fiscally_ordinary,False,4,0.2100391284187574,not_feasible,not_feasible,fiscally_ordinary,False,fiscally_ordinary,False,4,-0.0005138473518769837,False,False,False,robustness,post_baseline_robustness_extension_new_input_series,robustness-lsraw-v1,baseline-official-v3,v1.0.1-official-4c,robustness-lsraw-v1
official_4c_lsraw_robustness_extension_baseline_official_v3,LS_RAW_VS_ADJUSTED_ROBUSTNESS_EXTENSION_2026_07_10,MEX,MUT,MUT,stress,r1,,0.2148794787531854,not_feasible,not_feasible,fiscally_ordinary,False,fiscally_ordinary,False,4,0.20959412330489102,not_feasible,not_feasible,fiscally_ordinary,False,fiscally_ordinary,False,4,-0.005285355448294365,False,False,False,robustness,post_baseline_robustness_extension_new_input_series,robustness-lsraw-v1,baseline-official-v3,v1.0.1-official-4c,robustness-lsraw-v1
official_4c_lsraw_robustness_extension_baseline_official_v3,LS_RAW_VS_ADJUSTED_ROBUSTNESS_EXTENSION_2026_07_10,MEX,MUT,MUT,stress,r2,,0.2256158903798548,not_feasible,not_feasible,fiscally_ordinary,False,fiscally_ordinary,False,4,0.2198807608827261,not_feasible,not_feasible,fiscally_ordinary,False,fiscally_ordinary,False,4,-0.005735129497128705,False,False,False,robustness,post_baseline_robustness_extension_new_input_series,robustness-lsraw-v1,baseline-official-v3,v1.0.1-official-4c,robustness-lsraw-v1
official_4c_lsraw_robustness_extension_baseline_official_v3,LS_RAW_VS_ADJUSTED_ROBUSTNESS_EXTENSION_2026_07_10,MEX,MUT,MUT,stress,r3,,0.2067575482065132,not_feasible,not_feasible,fiscally_ordinary,False,fiscally_ordinary,False,4,0.20234386782141522,not_feasible,not_feasible,fiscally_ordinary,False,fiscally_ordinary,False,4,-0.0044136803850979844,False,False,False,robustness,post_baseline_robustness_extension_new_input_series,robustness-lsraw-v1,baseline-official-v3,v1.0.1-official-4c,robustness-lsraw-v1
official_4c_lsraw_robustness_extension_baseline_official_v3,LS_RAW_VS_ADJUSTED_ROBUSTNESS_EXTENSION_2026_07_10,MEX,MUT,MUT,stress,r4,,0.2672406641440399,not_feasible,not_feasible,fiscally_ordinary,False,fiscally_ordinary,False,4,0.26055176482924475,not_feasible,not_feasible,fiscally_ordinary,False,fiscally_ordinary,False,4,-0.00668889931479516,False,False,False,robustness,post_baseline_robustness_extension_new_input_series,robustness-lsraw-v1,baseline-official-v3,v1.0.1-official-4c,robustness-lsraw-v1
official_4c_lsraw_robustness_extension_baseline_official_v3,LS_RAW_VS_ADJUSTED_ROBUSTNESS_EXTENSION_2026_07_10,MEX,PBI,PBI,high,r0,,0.0190200882066358,not_feasible,not_feasible,fiscally_ordinary,False,fiscally_ordinary,False,2,0.019101564900546774,not_feasible,not_feasible,fiscally_ordinary,False,fiscally_ordinary,False,2,8.147669391097428e-05,False,False,False,robustness,post_baseline_robustness_extension_new_input_series,robustness-lsraw-v1,baseline-official-v3,v1.0.1-official-4c,robustness-lsraw-v1
official_4c_lsraw_robustness_extension_baseline_official_v3,LS_RAW_VS_ADJUSTED_ROBUSTNESS_EXTENSION_2026_07_10,MEX,PBI,PBI,high,r1,,0.0197626957412218,not_feasible,not_feasible,fiscally_ordinary,False,fiscally_ordinary,False,2,0.019161345961535618,not_feasible,not_feasible,fiscally_ordinary,False,fiscally_ordinary,False,2,-0.0006013497796861812,False,False,False,robustness,post_baseline_robustness_extension_new_input_series,robustness-lsraw-v1,baseline-official-v3,v1.0.1-official-4c,robustness-lsraw-v1
official_4c_lsraw_robustness_extension_baseline_official_v3,LS_RAW_VS_ADJUSTED_ROBUSTNESS_EXTENSION_2026_07_10,MEX,PBI,PBI,high,r2,,0.0212674091785445,not_feasible,not_feasible,fiscally_ordinary,False,fiscally_ordinary,False,3,0.02060846765181386,not_feasible,not_feasible,fiscally_ordinary,False,fiscally_ordinary,False,3,-0.000658941526730638,False,False,False,robustness,post_baseline_robustness_extension_new_input_series,robustness-lsraw-v1,baseline-official-v3,v1.0.1-official-4c,robustness-lsraw-v1
official_4c_lsraw_robustness_extension_baseline_official_v3,LS_RAW_VS_ADJUSTED_ROBUSTNESS_EXTENSION_2026_07_10,MEX,PBI,PBI,high,r3,,0.0177506908009013,not_feasible,not_feasible,fiscally_ordinary,False,fiscally_ordinary,False,2,0.017261313688827093,not_feasible,not_feasible,fiscally_ordinary,False,fiscally_ordinary,False,2,-0.0004893771120742067,False,False,False,robustness,post_baseline_robustness_extension_new_input_series,robustness-lsraw-v1,baseline-official-v3,v1.0.1-official-4c,robustness-lsraw-v1
official_4c_lsraw_robustness_extension_baseline_official_v3,LS_RAW_VS_ADJUSTED_ROBUSTNESS_EXTENSION_2026_07_10,MEX,PBI,PBI,high,r4,,0.0260347346835029,not_feasible,not_feasible,fiscally_ordinary,False,fiscally_ordinary,False,3,0.025252765267154025,not_feasible,not_feasible,fiscally_ordinary,False,fiscally_ordinary,False,3,-0.0007819694163488759,False,False,False,robustness,post_baseline_robustness_extension_new_input_series,robustness-lsraw-v1,baseline-official-v3,v1.0.1-official-4c,robustness-lsraw-v1
official_4c_lsraw_robustness_extension_baseline_official_v3,LS_RAW_VS_ADJUSTED_ROBUSTNESS_EXTENSION_2026_07_10,MEX,PBI,PBI,low,r0,,-0.0077180236196651,not_feasible,not_feasible,fiscally_ordinary,False,fiscally_ordinary,False,2,-0.007481642637048981,not_feasible,not_feasible,fiscally_ordinary,True,fiscally_ordinary,False,2,0.00023638098261611826,False,False,False,robustness,post_baseline_robustness_extension_new_input_series,robustness-lsraw-v1,baseline-official-v3,v1.0.1-official-4c,robustness-lsraw-v1
official_4c_lsraw_robustness_extension_baseline_official_v3,LS_RAW_VS_ADJUSTED_ROBUSTNESS_EXTENSION_2026_07_10,MEX,PBI,PBI,low,r1,,-0.0074457562854212,not_feasible,not_feasible,fiscally_ordinary,True,fiscally_ordinary,False,2,-0.007373436323009719,not_feasible,not_feasible,fiscally_ordinary,True,fiscally_ordinary,False,2,7.231996241148075e-05,False,False,False,robustness,post_baseline_robustness_extension_new_input_series,robustness-lsraw-v1,baseline-official-v3,v1.0.1-official-4c,robustness-lsraw-v1
official_4c_lsraw_robustness_extension_baseline_official_v3,LS_RAW_VS_ADJUSTED_ROBUSTNESS_EXTENSION_2026_07_10,MEX,PBI,PBI,low,r2,,-0.0071397388591256,not_feasible,not_feasible,fiscally_ordinary,True,fiscally_ordinary,False,2,-0.007071977187009845,not_feasible,not_feasible,fiscally_ordinary,True,fiscally_ordinary,False,2,6.776167211575493e-05,False,False,False,robustness,post_baseline_robustness_extension_new_input_series,robustness-lsraw-v1,baseline-official-v3,v1.0.1-official-4c,robustness-lsraw-v1
official_4c_lsraw_robustness_extension_baseline_official_v3,LS_RAW_VS_ADJUSTED_ROBUSTNESS_EXTENSION_2026_07_10,MEX,PBI,PBI,low,r3,,-0.008169364588195,not_feasible,not_feasible,fiscally_ordinary,False,fiscally_ordinary,False,2,-0.008088017488461082,not_feasible,not_feasible,fiscally_ordinary,False,fiscally_ordinary,False,2,8.134709973391802e-05,False,False,False,robustness,post_baseline_robustness_extension_new_input_series,robustness-lsraw-v1,baseline-official-v3,v1.0.1-official-4c,robustness-lsraw-v1
official_4c_lsraw_robustness_extension_baseline_official_v3,LS_RAW_VS_ADJUSTED_ROBUSTNESS_EXTENSION_2026_07_10,MEX,PBI,PBI,low,r4,,-0.0063302958344541,not_feasible,not_feasible,fiscally_ordinary,True,fiscally_ordinary,False,2,-0.006273698812707382,not_feasible,not_feasible,fiscally_ordinary,True,fiscally_ordinary,False,2,5.6597021746718386e-05,False,False,False,robustness,post_baseline_robustness_extension_new_input_series,robustness-lsraw-v1,baseline-official-v3,v1.0.1-official-4c,robustness-lsraw-v1
official_4c_lsraw_robustness_extension_baseline_official_v3,LS_RAW_VS_ADJUSTED_ROBUSTNESS_EXTENSION_2026_07_10,MEX,PBI,PBI,mid,r0,,0.0324771874434579,not_feasible,not_feasible,fiscally_ordinary,False,fiscally_ordinary,False,3,0.032388542913826354,not_feasible,not_feasible,fiscally_ordinary,False,fiscally_ordinary,False,3,-8.864452963154579e-05,False,False,False,robustness,post_baseline_robustness_extension_new_input_series,robustness-lsraw-v1,baseline-official-v3,v1.0.1-official-4c,robustness-lsraw-v1
official_4c_lsraw_robustness_extension_baseline_official_v3,LS_RAW_VS_ADJUSTED_ROBUSTNESS_EXTENSION_2026_07_10,MEX,PBI,PBI,mid,r1,,0.0334999847791888,not_feasible,not_feasible,fiscally_ordinary,False,fiscally_ordinary,False,3,0.032482177724258876,not_feasible,not_feasible,fiscally_ordinary,False,fiscally_ordinary,False,3,-0.0010178070549299242,False,False,False,robustness,post_baseline_robustness_extension_new_input_series,robustness-lsraw-v1,baseline-official-v3,v1.0.1-official-4c,robustness-lsraw-v1
official_4c_lsraw_robustness_extension_baseline_official_v3,LS_RAW_VS_ADJUSTED_ROBUSTNESS_EXTENSION_2026_07_10,MEX,PBI,PBI,mid,r2,,0.0356097274913755,not_feasible,not_feasible,fiscally_ordinary,False,fiscally_ordinary,False,3,0.0345052060099017,not_feasible,not_feasible,fiscally_ordinary,False,fiscally_ordinary,False,3,-0.0011045214814737955,False,False,False,robustness,post_baseline_robustness_extension_new_input_series,robustness-lsraw-v1,baseline-official-v3,v1.0.1-official-4c,robustness-lsraw-v1
official_4c_lsraw_robustness_extension_baseline_official_v3,LS_RAW_VS_ADJUSTED_ROBUSTNESS_EXTENSION_2026_07_10,MEX,PBI,PBI,mid,r3,,0.0300270639218638,not_feasible,not_feasible,fiscally_ordinary,False,fiscally_ordinary,False,3,0.029178093161369368,not_feasible,not_feasible,fiscally_ordinary,False,fiscally_ordinary,False,3,-0.0008489707604944323,False,False,False,robustness,post_baseline_robustness_extension_new_input_series,robustness-lsraw-v1,baseline-official-v3,v1.0.1-official-4c,robustness-lsraw-v1
official_4c_lsraw_robustness_extension_baseline_official_v3,LS_RAW_VS_ADJUSTED_ROBUSTNESS_EXTENSION_2026_07_10,MEX,PBI,PBI,mid,r4,,0.0411046920283124,not_feasible,not_feasible,fiscally_ordinary,False,fiscally_ordinary,False,3,0.03981626188525813,not_feasible,not_feasible,fiscally_ordinary,False,fiscally_ordinary,False,3,-0.00128843014305427,False,False,False,robustness,post_baseline_robustness_extension_new_input_series,robustness-lsraw-v1,baseline-official-v3,v1.0.1-official-4c,robustness-lsraw-v1
official_4c_lsraw_robustness_extension_baseline_official_v3,LS_RAW_VS_ADJUSTED_ROBUSTNESS_EXTENSION_2026_07_10,MEX,PBI,PBI,stress,r0,,0.1459000853244194,not_feasible,not_feasible,fiscally_ordinary,False,fiscally_ordinary,False,5,0.14555611164054919,not_feasible,not_feasible,fiscally_ordinary,False,fiscally_ordinary,False,5,-0.0003439736838702079,False,False,False,robustness,post_baseline_robustness_extension_new_input_series,robustness-lsraw-v1,baseline-official-v3,v1.0.1-official-4c,robustness-lsraw-v1
official_4c_lsraw_robustness_extension_baseline_official_v3,LS_RAW_VS_ADJUSTED_ROBUSTNESS_EXTENSION_2026_07_10,MEX,PBI,PBI,stress,r1,,0.1487285479604358,not_feasible,not_feasible,fiscally_ordinary,False,fiscally_ordinary,False,5,0.14519048713853505,not_feasible,not_feasible,fiscally_ordinary,False,fiscally_ordinary,False,5,-0.0035380608219007514,False,False,False,robustness,post_baseline_robustness_extension_new_input_series,robustness-lsraw-v1,baseline-official-v3,v1.0.1-official-4c,robustness-lsraw-v1
official_4c_lsraw_robustness_extension_baseline_official_v3,LS_RAW_VS_ADJUSTED_ROBUSTNESS_EXTENSION_2026_07_10,MEX,PBI,PBI,stress,r2,,0.1559155910487823,not_feasible,not_feasible,fiscally_ordinary,False,fiscally_ordinary,False,5,0.15207644774407486,not_feasible,not_feasible,fiscally_ordinary,False,fiscally_ordinary,False,5,-0.003839143304707443,False,False,False,robustness,post_baseline_robustness_extension_new_input_series,robustness-lsraw-v1,baseline-official-v3,v1.0.1-official-4c,robustness-lsraw-v1
official_4c_lsraw_robustness_extension_baseline_official_v3,LS_RAW_VS_ADJUSTED_ROBUSTNESS_EXTENSION_2026_07_10,MEX,PBI,PBI,stress,r3,,0.1433323008456493,not_feasible,not_feasible,fiscally_ordinary,False,fiscally_ordinary,False,5,0.14037774654865384,not_feasible,not_feasible,fiscally_ordinary,False,fiscally_ordinary,False,5,-0.002954554296995454,False,False,False,robustness,post_baseline_robustness_extension_new_input_series,robustness-lsraw-v1,baseline-official-v3,v1.0.1-official-4c,robustness-lsraw-v1
official_4c_lsraw_robustness_extension_baseline_official_v3,LS_RAW_VS_ADJUSTED_ROBUSTNESS_EXTENSION_2026_07_10,MEX,PBI,PBI,stress,r4,,0.1837118258371391,not_feasible,not_feasible,fiscally_ordinary,False,fiscally_ordinary,False,5,0.17923422109724363,not_feasible,not_feasible,fiscally_ordinary,False,fiscally_ordinary,False,5,-0.004477604739895474,False,False,False,robustness,post_baseline_robustness_extension_new_input_series,robustness-lsraw-v1,baseline-official-v3,v1.0.1-official-4c,robustness-lsraw-v1
official_4c_lsraw_robustness_extension_baseline_official_v3,LS_RAW_VS_ADJUSTED_ROBUSTNESS_EXTENSION_2026_07_10,MEX,PEN,PEN,high,r0,,0.0153488145821723,not_feasible,not_feasible,fiscally_ordinary,False,fiscally_ordinary,False,3,0.01564960874873693,not_feasible,not_feasible,fiscally_ordinary,False,fiscally_ordinary,False,3,0.00030079416656462847,False,False,False,robustness,post_baseline_robustness_extension_new_input_series,robustness-lsraw-v1,baseline-official-v3,v1.0.1-official-4c,robustness-lsraw-v1
official_4c_lsraw_robustness_extension_baseline_official_v3,LS_RAW_VS_ADJUSTED_ROBUSTNESS_EXTENSION_2026_07_10,MEX,PEN,PEN,high,r1,,0.0188405411536391,not_feasible,not_feasible,fiscally_ordinary,False,fiscally_ordinary,False,3,0.016620489049016852,not_feasible,not_feasible,fiscally_ordinary,False,fiscally_ordinary,False,3,-0.0022200521046222485,False,False,False,robustness,post_baseline_robustness_extension_new_input_series,robustness-lsraw-v1,baseline-official-v3,v1.0.1-official-4c,robustness-lsraw-v1
official_4c_lsraw_robustness_extension_baseline_official_v3,LS_RAW_VS_ADJUSTED_ROBUSTNESS_EXTENSION_2026_07_10,MEX,PEN,PEN,high,r2,,0.0243956146669683,not_feasible,not_feasible,fiscally_ordinary,False,fiscally_ordinary,False,2,0.021962946405237774,not_feasible,not_feasible,fiscally_ordinary,False,fiscally_ordinary,False,2,-0.002432668261730525,False,False,False,robustness,post_baseline_robustness_extension_new_input_series,robustness-lsraw-v1,baseline-official-v3,v1.0.1-official-4c,robustness-lsraw-v1
official_4c_lsraw_robustness_extension_baseline_official_v3,LS_RAW_VS_ADJUSTED_ROBUSTNESS_EXTENSION_2026_07_10,MEX,PEN,PEN,high,r3,,0.0109625491547282,not_feasible,not_feasible,fiscally_ordinary,False,fiscally_ordinary,False,3,0.00915587569393288,not_feasible,not_feasible,fiscally_ordinary,False,fiscally_ordinary,False,3,-0.0018066734607953185,False,False,False,robustness,post_baseline_robustness_extension_new_input_series,robustness-lsraw-v1,baseline-official-v3,v1.0.1-official-4c,robustness-lsraw-v1
official_4c_lsraw_robustness_extension_baseline_official_v3,LS_RAW_VS_ADJUSTED_ROBUSTNESS_EXTENSION_2026_07_10,MEX,PEN,PEN,high,r4,,0.0427457213401088,not_feasible,not_feasible,fiscally_ordinary,False,fiscally_ordinary,False,1,0.03985886096839404,not_feasible,not_feasible,fiscally_ordinary,False,fiscally_ordinary,False,1,-0.002886860371714761,False,False,False,robustness,post_baseline_robustness_extension_new_input_series,robustness-lsraw-v1,baseline-official-v3,v1.0.1-official-4c,robustness-lsraw-v1
official_4c_lsraw_robustness_extension_baseline_official_v3,LS_RAW_VS_ADJUSTED_ROBUSTNESS_EXTENSION_2026_07_10,MEX,PEN,PEN,low,r0,,-0.0833624570251337,not_feasible,not_feasible,fiscally_ordinary,False,fiscally_ordinary,False,4,-0.08248979004216185,not_feasible,not_feasible,fiscally_ordinary,True,fiscally_ordinary,False,4,0.0008726669829718509,False,False,False,robustness,post_baseline_robustness_extension_new_input_series,robustness-lsraw-v1,baseline-official-v3,v1.0.1-official-4c,robustness-lsraw-v1
official_4c_lsraw_robustness_extension_baseline_official_v3,LS_RAW_VS_ADJUSTED_ROBUSTNESS_EXTENSION_2026_07_10,MEX,PEN,PEN,low,r1,,-0.0816071237923369,not_feasible,not_feasible,fiscally_ordinary,True,fiscally_ordinary,False,4,-0.08134013427944219,not_feasible,not_feasible,fiscally_ordinary,True,fiscally_ordinary,False,4,0.00026698951289470807,False,False,False,robustness,post_baseline_robustness_extension_new_input_series,robustness-lsraw-v1,baseline-official-v3,v1.0.1-official-4c,robustness-lsraw-v1
official_4c_lsraw_robustness_extension_baseline_official_v3,LS_RAW_VS_ADJUSTED_ROBUSTNESS_EXTENSION_2026_07_10,MEX,PEN,PEN,low,r2,,-0.0804773742617842,not_feasible,not_feasible,fiscally_ordinary,True,fiscally_ordinary,False,4,-0.08022721296153086,not_feasible,not_feasible,fiscally_ordinary,True,fiscally_ordinary,False,4,0.00025016130025333483,False,False,False,robustness,post_baseline_robustness_extension_new_input_series,robustness-lsraw-v1,baseline-official-v3,v1.0.1-official-4c,robustness-lsraw-v1
official_4c_lsraw_robustness_extension_baseline_official_v3,LS_RAW_VS_ADJUSTED_ROBUSTNESS_EXTENSION_2026_07_10,MEX,PEN,PEN,low,r3,,-0.0847286366780998,not_feasible,not_feasible,fiscally_ordinary,False,fiscally_ordinary,False,4,-0.08442832094494446,not_feasible,not_feasible,fiscally_ordinary,False,fiscally_ordinary,False,4,0.00030031573315533744,False,False,False,robustness,post_baseline_robustness_extension_new_input_series,robustness-lsraw-v1,baseline-official-v3,v1.0.1-official-4c,robustness-lsraw-v1
official_4c_lsraw_robustness_extension_baseline_official_v3,LS_RAW_VS_ADJUSTED_ROBUSTNESS_EXTENSION_2026_07_10,MEX,PEN,PEN,low,r4,,-0.076738905651923,not_feasible,not_feasible,fiscally_ordinary,True,fiscally_ordinary,False,4,-0.07652996180345312,not_feasible,not_feasible,fiscally_ordinary,True,fiscally_ordinary,False,4,0.0002089438484698808,False,False,False,robustness,post_baseline_robustness_extension_new_input_series,robustness-lsraw-v1,baseline-official-v3,v1.0.1-official-4c,robustness-lsraw-v1
official_4c_lsraw_robustness_extension_baseline_official_v3,LS_RAW_VS_ADJUSTED_ROBUSTNESS_EXTENSION_2026_07_10,MEX,PEN,PEN,mid,r0,,0.0650294871158911,not_feasible,not_feasible,fiscally_ordinary,False,fiscally_ordinary,False,1,0.06470223086467151,not_feasible,not_feasible,fiscally_ordinary,False,fiscally_ordinary,False,1,-0.0003272562512195848,False,False,False,robustness,post_baseline_robustness_extension_new_input_series,robustness-lsraw-v1,baseline-official-v3,v1.0.1-official-4c,robustness-lsraw-v1
official_4c_lsraw_robustness_extension_baseline_official_v3,LS_RAW_VS_ADJUSTED_ROBUSTNESS_EXTENSION_2026_07_10,MEX,PEN,PEN,mid,r1,,0.0695556132643393,not_feasible,not_feasible,fiscally_ordinary,False,fiscally_ordinary,False,1,0.06579809181721176,not_feasible,not_feasible,fiscally_ordinary,False,fiscally_ordinary,False,1,-0.003757521447127543,False,False,False,robustness,post_baseline_robustness_extension_new_input_series,robustness-lsraw-v1,baseline-official-v3,v1.0.1-official-4c,robustness-lsraw-v1
official_4c_lsraw_robustness_extension_baseline_official_v3,LS_RAW_VS_ADJUSTED_ROBUSTNESS_EXTENSION_2026_07_10,MEX,PEN,PEN,mid,r2,,0.0773443227752085,not_feasible,not_feasible,fiscally_ordinary,False,fiscally_ordinary,False,1,0.07326667059609625,not_feasible,not_feasible,fiscally_ordinary,False,fiscally_ordinary,False,1,-0.004077652179112254,False,False,False,robustness,post_baseline_robustness_extension_new_input_series,robustness-lsraw-v1,baseline-official-v3,v1.0.1-official-4c,robustness-lsraw-v1
official_4c_lsraw_robustness_extension_baseline_official_v3,LS_RAW_VS_ADJUSTED_ROBUSTNESS_EXTENSION_2026_07_10,MEX,PEN,PEN,mid,r3,,0.0562842386355823,not_feasible,not_feasible,fiscally_ordinary,False,fiscally_ordinary,False,1,0.053150023928491476,not_feasible,not_feasible,fiscally_ordinary,False,fiscally_ordinary,False,1,-0.0031342147070908266,False,False,False,robustness,post_baseline_robustness_extension_new_input_series,robustness-lsraw-v1,baseline-official-v3,v1.0.1-official-4c,robustness-lsraw-v1
official_4c_lsraw_robustness_extension_baseline_official_v3,LS_RAW_VS_ADJUSTED_ROBUSTNESS_EXTENSION_2026_07_10,MEX,PEN,PEN,mid,r4,,0.0983807139019526,not_feasible,not_feasible,fiscally_ordinary,False,fiscally_ordinary,False,1,0.09362411109378539,not_feasible,not_feasible,fiscally_ordinary,False,fiscally_ordinary,False,1,-0.004756602808167212,False,False,False,robustness,post_baseline_robustness_extension_new_input_series,robustness-lsraw-v1,baseline-official-v3,v1.0.1-official-4c,robustness-lsraw-v1
official_4c_lsraw_robustness_extension_baseline_official_v3,LS_RAW_VS_ADJUSTED_ROBUSTNESS_EXTENSION_2026_07_10,MEX,PEN,PEN,stress,r0,,0.4837620644926618,not_feasible,not_feasible,fiscally_ordinary,False,fiscally_ordinary,False,2,0.48249218874545663,not_feasible,not_feasible,fiscally_ordinary,False,fiscally_ordinary,False,2,-0.0012698757472051625,False,False,False,robustness,post_baseline_robustness_extension_new_input_series,robustness-lsraw-v1,baseline-official-v3,v1.0.1-official-4c,robustness-lsraw-v1
official_4c_lsraw_robustness_extension_baseline_official_v3,LS_RAW_VS_ADJUSTED_ROBUSTNESS_EXTENSION_2026_07_10,MEX,PEN,PEN,stress,r1,,0.4949543127310418,not_feasible,not_feasible,fiscally_ordinary,False,fiscally_ordinary,False,2,0.481892564578344,not_feasible,not_feasible,fiscally_ordinary,False,fiscally_ordinary,False,2,-0.013061748152697783,False,False,False,robustness,post_baseline_robustness_extension_new_input_series,robustness-lsraw-v1,baseline-official-v3,v1.0.1-official-4c,robustness-lsraw-v1
official_4c_lsraw_robustness_extension_baseline_official_v3,LS_RAW_VS_ADJUSTED_ROBUSTNESS_EXTENSION_2026_07_10,MEX,PEN,PEN,stress,r2,,0.5214873067941956,not_feasible,not_feasible,fiscally_ordinary,False,fiscally_ordinary,False,2,0.5073140278449476,not_feasible,not_feasible,fiscally_ordinary,False,fiscally_ordinary,False,2,-0.014173278949248025,False,False,False,robustness,post_baseline_robustness_extension_new_input_series,robustness-lsraw-v1,baseline-official-v3,v1.0.1-official-4c,robustness-lsraw-v1
official_4c_lsraw_robustness_extension_baseline_official_v3,LS_RAW_VS_ADJUSTED_ROBUSTNESS_EXTENSION_2026_07_10,MEX,PEN,PEN,stress,r3,,0.4745824374452791,not_feasible,not_feasible,fiscally_ordinary,False,fiscally_ordinary,False,2,0.4636748679959516,not_feasible,not_feasible,fiscally_ordinary,False,fiscally_ordinary,False,2,-0.010907569449327525,False,False,False,robustness,post_baseline_robustness_extension_new_input_series,robustness-lsraw-v1,baseline-official-v3,v1.0.1-official-4c,robustness-lsraw-v1
official_4c_lsraw_robustness_extension_baseline_official_v3,LS_RAW_VS_ADJUSTED_ROBUSTNESS_EXTENSION_2026_07_10,MEX,PEN,PEN,stress,r4,,0.6248551190503272,not_feasible,not_feasible,fiscally_ordinary,False,fiscally_ordinary,False,2,0.6083247798662706,not_feasible,not_feasible,fiscally_ordinary,False,fiscally_ordinary,False,2,-0.016530339184056553,False,False,False,robustness,post_baseline_robustness_extension_new_input_series,robustness-lsraw-v1,baseline-official-v3,v1.0.1-official-4c,robustness-lsraw-v1
official_4c_lsraw_robustness_extension_baseline_official_v3,LS_RAW_VS_ADJUSTED_ROBUSTNESS_EXTENSION_2026_07_10,MEX,UBI,UBI,high,r0,,0.008028424378005,not_feasible,stress_benchmark_only,fiscally_ordinary,False,fiscally_ordinary,False,4,0.008058853001886072,not_feasible,stress_benchmark_only,fiscally_ordinary,False,fiscally_ordinary,False,4,3.042862388107255e-05,False,False,False,robustness,post_baseline_robustness_extension_new_input_series,robustness-lsraw-v1,baseline-official-v3,v1.0.1-official-4c,robustness-lsraw-v1
official_4c_lsraw_robustness_extension_baseline_official_v3,LS_RAW_VS_ADJUSTED_ROBUSTNESS_EXTENSION_2026_07_10,MEX,UBI,UBI,high,r1,,0.0082931134845534,not_feasible,stress_benchmark_only,fiscally_ordinary,False,fiscally_ordinary,False,4,0.008068530902852143,not_feasible,stress_benchmark_only,fiscally_ordinary,False,fiscally_ordinary,False,4,-0.00022458258170125756,False,False,False,robustness,post_baseline_robustness_extension_new_input_series,robustness-lsraw-v1,baseline-official-v3,v1.0.1-official-4c,robustness-lsraw-v1
official_4c_lsraw_robustness_extension_baseline_official_v3,LS_RAW_VS_ADJUSTED_ROBUSTNESS_EXTENSION_2026_07_10,MEX,UBI,UBI,high,r2,,0.0088550700028562,not_feasible,stress_benchmark_only,fiscally_ordinary,False,fiscally_ordinary,False,4,0.00860897896854905,not_feasible,stress_benchmark_only,fiscally_ordinary,False,fiscally_ordinary,False,4,-0.0002460910343071495,False,False,False,robustness,post_baseline_robustness_extension_new_input_series,robustness-lsraw-v1,baseline-official-v3,v1.0.1-official-4c,robustness-lsraw-v1
official_4c_lsraw_robustness_extension_baseline_official_v3,LS_RAW_VS_ADJUSTED_ROBUSTNESS_EXTENSION_2026_07_10,MEX,UBI,UBI,high,r3,,0.0075492906876341,not_feasible,stress_benchmark_only,fiscally_ordinary,False,fiscally_ordinary,False,4,0.007366525882577535,not_feasible,stress_benchmark_only,fiscally_ordinary,False,fiscally_ordinary,False,4,-0.000182764805056565,False,False,False,robustness,post_baseline_robustness_extension_new_input_series,robustness-lsraw-v1,baseline-official-v3,v1.0.1-official-4c,robustness-lsraw-v1
official_4c_lsraw_robustness_extension_baseline_official_v3,LS_RAW_VS_ADJUSTED_ROBUSTNESS_EXTENSION_2026_07_10,MEX,UBI,UBI,high,r4,,0.0106228469676518,not_feasible,stress_benchmark_only,fiscally_ordinary,False,fiscally_ordinary,False,4,0.010330809427658467,not_feasible,stress_benchmark_only,fiscally_ordinary,False,fiscally_ordinary,False,4,-0.00029203753999333323,False,False,False,robustness,post_baseline_robustness_extension_new_input_series,robustness-lsraw-v1,baseline-official-v3,v1.0.1-official-4c,robustness-lsraw-v1
official_4c_lsraw_robustness_extension_baseline_official_v3,LS_RAW_VS_ADJUSTED_ROBUSTNESS_EXTENSION_2026_07_10,MEX,UBI,UBI,low,r0,,-0.0019573017112317,not_feasible,stress_benchmark_only,fiscally_ordinary,False,fiscally_ordinary,False,1,-0.001869021889513499,not_feasible,stress_benchmark_only,fiscally_ordinary,True,fiscally_ordinary,False,1,8.8279821718201e-05,False,False,False,robustness,post_baseline_robustness_extension_new_input_series,robustness-lsraw-v1,baseline-official-v3,v1.0.1-official-4c,robustness-lsraw-v1
official_4c_lsraw_robustness_extension_baseline_official_v3,LS_RAW_VS_ADJUSTED_ROBUSTNESS_EXTENSION_2026_07_10,MEX,UBI,UBI,low,r1,,-0.0018682678057642,not_feasible,stress_benchmark_only,fiscally_ordinary,True,fiscally_ordinary,False,1,-0.001841258892789554,not_feasible,stress_benchmark_only,fiscally_ordinary,True,fiscally_ordinary,False,1,2.7008912974645994e-05,False,False,False,robustness,post_baseline_robustness_extension_new_input_series,robustness-lsraw-v1,baseline-official-v3,v1.0.1-official-4c,robustness-lsraw-v1
official_4c_lsraw_robustness_extension_baseline_official_v3,LS_RAW_VS_ADJUSTED_ROBUSTNESS_EXTENSION_2026_07_10,MEX,UBI,UBI,low,r2,,-0.0017539812691018,not_feasible,stress_benchmark_only,fiscally_ordinary,True,fiscally_ordinary,False,1,-0.0017286747141179821,not_feasible,stress_benchmark_only,fiscally_ordinary,True,fiscally_ordinary,False,1,2.5306554983817913e-05,False,False,False,robustness,post_baseline_robustness_extension_new_input_series,robustness-lsraw-v1,baseline-official-v3,v1.0.1-official-4c,robustness-lsraw-v1
official_4c_lsraw_robustness_extension_baseline_official_v3,LS_RAW_VS_ADJUSTED_ROBUSTNESS_EXTENSION_2026_07_10,MEX,UBI,UBI,low,r3,,-0.0021309206531967,not_feasible,stress_benchmark_only,fiscally_ordinary,False,fiscally_ordinary,False,1,-0.0021005404280943474,not_feasible,stress_benchmark_only,fiscally_ordinary,False,fiscally_ordinary,False,1,3.0380225102352547e-05,False,False,False,robustness,post_baseline_robustness_extension_new_input_series,robustness-lsraw-v1,baseline-official-v3,v1.0.1-official-4c,robustness-lsraw-v1
official_4c_lsraw_robustness_extension_baseline_official_v3,LS_RAW_VS_ADJUSTED_ROBUSTNESS_EXTENSION_2026_07_10,MEX,UBI,UBI,low,r4,,-0.0014643315033502,not_feasible,stress_benchmark_only,fiscally_ordinary,True,fiscally_ordinary,False,1,-0.0014431945449777917,not_feasible,stress_benchmark_only,fiscally_ordinary,True,fiscally_ordinary,False,1,2.1136958372408284e-05,False,False,False,robustness,post_baseline_robustness_extension_new_input_series,robustness-lsraw-v1,baseline-official-v3,v1.0.1-official-4c,robustness-lsraw-v1
official_4c_lsraw_robustness_extension_baseline_official_v3,LS_RAW_VS_ADJUSTED_ROBUSTNESS_EXTENSION_2026_07_10,MEX,UBI,UBI,mid,r0,,0.0130541684472778,not_feasible,stress_benchmark_only,fiscally_ordinary,False,fiscally_ordinary,False,4,0.013021062893753278,not_feasible,stress_benchmark_only,fiscally_ordinary,False,fiscally_ordinary,False,4,-3.3105553524521644e-05,False,False,False,robustness,post_baseline_robustness_extension_new_input_series,robustness-lsraw-v1,baseline-official-v3,v1.0.1-official-4c,robustness-lsraw-v1
official_4c_lsraw_robustness_extension_baseline_official_v3,LS_RAW_VS_ADJUSTED_ROBUSTNESS_EXTENSION_2026_07_10,MEX,UBI,UBI,mid,r1,,0.0134234983985278,not_feasible,stress_benchmark_only,fiscally_ordinary,False,fiscally_ordinary,False,4,0.013043383956332042,not_feasible,stress_benchmark_only,fiscally_ordinary,False,fiscally_ordinary,False,4,-0.0003801144421957583,False,False,False,robustness,post_baseline_robustness_extension_new_input_series,robustness-lsraw-v1,baseline-official-v3,v1.0.1-official-4c,robustness-lsraw-v1
official_4c_lsraw_robustness_extension_baseline_official_v3,LS_RAW_VS_ADJUSTED_ROBUSTNESS_EXTENSION_2026_07_10,MEX,UBI,UBI,mid,r2,,0.0142114116580549,not_feasible,stress_benchmark_only,fiscally_ordinary,False,fiscally_ordinary,False,4,0.013798912486635237,not_feasible,stress_benchmark_only,fiscally_ordinary,False,fiscally_ordinary,False,4,-0.0004124991714196634,False,False,False,robustness,post_baseline_robustness_extension_new_input_series,robustness-lsraw-v1,baseline-official-v3,v1.0.1-official-4c,robustness-lsraw-v1
official_4c_lsraw_robustness_extension_baseline_official_v3,LS_RAW_VS_ADJUSTED_ROBUSTNESS_EXTENSION_2026_07_10,MEX,UBI,UBI,mid,r3,,0.0121340758868125,not_feasible,stress_benchmark_only,fiscally_ordinary,False,fiscally_ordinary,False,4,0.01181701574707108,not_feasible,stress_benchmark_only,fiscally_ordinary,False,fiscally_ordinary,False,4,-0.00031706013974141904,False,False,False,robustness,post_baseline_robustness_extension_new_input_series,robustness-lsraw-v1,baseline-official-v3,v1.0.1-official-4c,robustness-lsraw-v1
official_4c_lsraw_robustness_extension_baseline_official_v3,LS_RAW_VS_ADJUSTED_ROBUSTNESS_EXTENSION_2026_07_10,MEX,UBI,UBI,mid,r4,,0.0162509357122626,not_feasible,stress_benchmark_only,fiscally_ordinary,False,fiscally_ordinary,False,4,0.015769753249670056,not_feasible,stress_benchmark_only,fiscally_ordinary,False,fiscally_ordinary,False,4,-0.00048118246259254427,False,False,False,robustness,post_baseline_robustness_extension_new_input_series,robustness-lsraw-v1,baseline-official-v3,v1.0.1-official-4c,robustness-lsraw-v1
official_4c_lsraw_robustness_extension_baseline_official_v3,LS_RAW_VS_ADJUSTED_ROBUSTNESS_EXTENSION_2026_07_10,MEX,UBI,UBI,stress,r0,,0.0554135541004064,not_feasible,stress_benchmark_only,fiscally_ordinary,False,fiscally_ordinary,False,6,0.05528509226243722,not_feasible,stress_benchmark_only,fiscally_ordinary,False,fiscally_ordinary,False,6,-0.00012846183796918348,False,False,False,robustness,post_baseline_robustness_extension_new_input_series,robustness-lsraw-v1,baseline-official-v3,v1.0.1-official-4c,robustness-lsraw-v1
official_4c_lsraw_robustness_extension_baseline_official_v3,LS_RAW_VS_ADJUSTED_ROBUSTNESS_EXTENSION_2026_07_10,MEX,UBI,UBI,stress,r1,,0.0564572353003394,not_feasible,stress_benchmark_only,fiscally_ordinary,False,fiscally_ordinary,False,6,0.055135896438265865,not_feasible,stress_benchmark_only,fiscally_ordinary,False,fiscally_ordinary,False,6,-0.0013213388620735358,False,False,False,robustness,post_baseline_robustness_extension_new_input_series,robustness-lsraw-v1,baseline-official-v3,v1.0.1-official-4c,robustness-lsraw-v1
official_4c_lsraw_robustness_extension_baseline_official_v3,LS_RAW_VS_ADJUSTED_ROBUSTNESS_EXTENSION_2026_07_10,MEX,UBI,UBI,stress,r2,,0.0591413382070068,not_feasible,stress_benchmark_only,fiscally_ordinary,False,fiscally_ordinary,False,6,0.05770755583272463,not_feasible,stress_benchmark_only,fiscally_ordinary,False,fiscally_ordinary,False,6,-0.0014337823742821693,False,False,False,robustness,post_baseline_robustness_extension_new_input_series,robustness-lsraw-v1,baseline-official-v3,v1.0.1-official-4c,robustness-lsraw-v1
official_4c_lsraw_robustness_extension_baseline_official_v3,LS_RAW_VS_ADJUSTED_ROBUSTNESS_EXTENSION_2026_07_10,MEX,UBI,UBI,stress,r3,,0.0544495193910942,not_feasible,stress_benchmark_only,fiscally_ordinary,False,fiscally_ordinary,False,6,0.05334609929481978,not_feasible,stress_benchmark_only,fiscally_ordinary,False,fiscally_ordinary,False,6,-0.0011034200962744198,False,False,False,robustness,post_baseline_robustness_extension_new_input_series,robustness-lsraw-v1,baseline-official-v3,v1.0.1-official-4c,robustness-lsraw-v1
official_4c_lsraw_robustness_extension_baseline_official_v3,LS_RAW_VS_ADJUSTED_ROBUSTNESS_EXTENSION_2026_07_10,MEX,UBI,UBI,stress,r4,,0.0695095871023483,not_feasible,stress_benchmark_only,fiscally_ordinary,False,fiscally_ordinary,False,6,0.06783736227364956,not_feasible,stress_benchmark_only,fiscally_ordinary,False,fiscally_ordinary,False,6,-0.0016722248286987346,False,False,False,robustness,post_baseline_robustness_extension_new_input_series,robustness-lsraw-v1,baseline-official-v3,v1.0.1-official-4c,robustness-lsraw-v1
official_4c_lsraw_robustness_extension_baseline_official_v3,LS_RAW_VS_ADJUSTED_ROBUSTNESS_EXTENSION_2026_07_10,PER,GMI,GMI:GMI_ideal_aggregate,high,r0,GMI_ideal_aggregate,-0.0625178795043044,not_feasible,not_feasible,fiscally_ordinary,False,fiscally_ordinary,False,6,-0.06434769968754968,not_feasible,not_feasible,fiscally_ordinary,False,fiscally_ordinary,False,6,-0.001829820183245276,False,False,False,robustness,post_baseline_robustness_extension_new_input_series,robustness-lsraw-v1,baseline-official-v3,v1.0.1-official-4c,robustness-lsraw-v1
official_4c_lsraw_robustness_extension_baseline_official_v3,LS_RAW_VS_ADJUSTED_ROBUSTNESS_EXTENSION_2026_07_10,PER,GMI,GMI:GMI_ideal_aggregate,high,r1,GMI_ideal_aggregate,-0.0569570640126876,not_feasible,not_feasible,fiscally_ordinary,False,fiscally_ordinary,False,6,-0.05961370935637111,not_feasible,not_feasible,fiscally_ordinary,False,fiscally_ordinary,False,6,-0.0026566453436835044,False,False,False,robustness,post_baseline_robustness_extension_new_input_series,robustness-lsraw-v1,baseline-official-v3,v1.0.1-official-4c,robustness-lsraw-v1
official_4c_lsraw_robustness_extension_baseline_official_v3,LS_RAW_VS_ADJUSTED_ROBUSTNESS_EXTENSION_2026_07_10,PER,GMI,GMI:GMI_ideal_aggregate,high,r2,GMI_ideal_aggregate,-0.0536095321339181,not_feasible,not_feasible,fiscally_ordinary,False,fiscally_ordinary,False,6,-0.056397315450375504,not_feasible,not_feasible,fiscally_ordinary,False,fiscally_ordinary,False,6,-0.002787783316457404,False,False,False,robustness,post_baseline_robustness_extension_new_input_series,robustness-lsraw-v1,baseline-official-v3,v1.0.1-official-4c,robustness-lsraw-v1
official_4c_lsraw_robustness_extension_baseline_official_v3,LS_RAW_VS_ADJUSTED_ROBUSTNESS_EXTENSION_2026_07_10,PER,GMI,GMI:GMI_ideal_aggregate,high,r3,GMI_ideal_aggregate,-0.0619222259189265,not_feasible,not_feasible,fiscally_ordinary,False,fiscally_ordinary,False,6,-0.06428252121403191,not_feasible,not_feasible,fiscally_ordinary,False,fiscally_ordinary,False,6,-0.0023602952951054107,False,False,False,robustness,post_baseline_robustness_extension_new_input_series,robustness-lsraw-v1,baseline-official-v3,v1.0.1-official-4c,robustness-lsraw-v1
official_4c_lsraw_robustness_extension_baseline_official_v3,LS_RAW_VS_ADJUSTED_ROBUSTNESS_EXTENSION_2026_07_10,PER,GMI,GMI:GMI_ideal_aggregate,high,r4,GMI_ideal_aggregate,-0.0412896275273874,not_feasible,not_feasible,fiscally_ordinary,False,fiscally_ordinary,False,6,-0.04434223261336964,not_feasible,not_feasible,fiscally_ordinary,False,fiscally_ordinary,False,6,-0.003052605085982242,False,False,False,robustness,post_baseline_robustness_extension_new_input_series,robustness-lsraw-v1,baseline-official-v3,v1.0.1-official-4c,robustness-lsraw-v1
official_4c_lsraw_robustness_extension_baseline_official_v3,LS_RAW_VS_ADJUSTED_ROBUSTNESS_EXTENSION_2026_07_10,PER,GMI,GMI:GMI_ideal_aggregate,low,r0,GMI_ideal_aggregate,-0.1206016483482565,not_feasible,not_feasible,fiscally_ordinary,False,fiscally_ordinary,False,5,-0.12032901426225061,not_feasible,not_feasible,fiscally_ordinary,False,fiscally_ordinary,False,5,0.0002726340860058907,False,False,False,robustness,post_baseline_robustness_extension_new_input_series,robustness-lsraw-v1,baseline-official-v3,v1.0.1-official-4c,robustness-lsraw-v1
official_4c_lsraw_robustness_extension_baseline_official_v3,LS_RAW_VS_ADJUSTED_ROBUSTNESS_EXTENSION_2026_07_10,PER,GMI,GMI:GMI_ideal_aggregate,low,r1,GMI_ideal_aggregate,-0.1182439855742599,not_feasible,not_feasible,fiscally_ordinary,False,fiscally_ordinary,False,5,-0.11810551374149557,not_feasible,not_feasible,fiscally_ordinary,False,fiscally_ordinary,False,5,0.00013847183276433084,False,False,False,robustness,post_baseline_robustness_extension_new_input_series,robustness-lsraw-v1,baseline-official-v3,v1.0.1-official-4c,robustness-lsraw-v1
official_4c_lsraw_robustness_extension_baseline_official_v3,LS_RAW_VS_ADJUSTED_ROBUSTNESS_EXTENSION_2026_07_10,PER,GMI,GMI:GMI_ideal_aggregate,low,r2,GMI_ideal_aggregate,-0.1177423446937501,not_feasible,not_feasible,fiscally_ordinary,False,fiscally_ordinary,False,5,-0.11759984988897994,not_feasible,not_feasible,fiscally_ordinary,False,fiscally_ordinary,False,5,0.0001424948047701602,False,False,False,robustness,post_baseline_robustness_extension_new_input_series,robustness-lsraw-v1,baseline-official-v3,v1.0.1-official-4c,robustness-lsraw-v1
official_4c_lsraw_robustness_extension_baseline_official_v3,LS_RAW_VS_ADJUSTED_ROBUSTNESS_EXTENSION_2026_07_10,PER,GMI,GMI:GMI_ideal_aggregate,low,r3,GMI_ideal_aggregate,-0.1202932778786983,not_feasible,not_feasible,fiscally_ordinary,False,fiscally_ordinary,False,5,-0.1201535987370664,not_feasible,not_feasible,fiscally_ordinary,False,fiscally_ordinary,False,5,0.0001396791416319043,False,False,False,robustness,post_baseline_robustness_extension_new_input_series,robustness-lsraw-v1,baseline-official-v3,v1.0.1-official-4c,robustness-lsraw-v1
official_4c_lsraw_robustness_extension_baseline_official_v3,LS_RAW_VS_ADJUSTED_ROBUSTNESS_EXTENSION_2026_07_10,PER,GMI,GMI:GMI_ideal_aggregate,low,r4,GMI_ideal_aggregate,-0.1149469751141408,not_feasible,not_feasible,fiscally_ordinary,False,fiscally_ordinary,False,5,-0.11479705253498787,not_feasible,not_feasible,fiscally_ordinary,False,fiscally_ordinary,False,5,0.00014992257915293072,False,False,False,robustness,post_baseline_robustness_extension_new_input_series,robustness-lsraw-v1,baseline-official-v3,v1.0.1-official-4c,robustness-lsraw-v1
official_4c_lsraw_robustness_extension_baseline_official_v3,LS_RAW_VS_ADJUSTED_ROBUSTNESS_EXTENSION_2026_07_10,PER,GMI,GMI:GMI_ideal_aggregate,mid,r0,GMI_ideal_aggregate,-0.0525921743988333,not_feasible,not_feasible,fiscally_ordinary,False,fiscally_ordinary,False,6,-0.0551567547199153,not_feasible,not_feasible,fiscally_ordinary,False,fiscally_ordinary,False,6,-0.002564580321082005,False,False,False,robustness,post_baseline_robustness_extension_new_input_series,robustness-lsraw-v1,baseline-official-v3,v1.0.1-official-4c,robustness-lsraw-v1
official_4c_lsraw_robustness_extension_baseline_official_v3,LS_RAW_VS_ADJUSTED_ROBUSTNESS_EXTENSION_2026_07_10,PER,GMI,GMI:GMI_ideal_aggregate,mid,r1,GMI_ideal_aggregate,-0.0464766449646969,not_feasible,not_feasible,fiscally_ordinary,False,fiscally_ordinary,False,6,-0.0499752912880624,not_feasible,not_feasible,fiscally_ordinary,False,fiscally_ordinary,False,6,-0.003498646323365495,False,False,False,robustness,post_baseline_robustness_extension_new_input_series,robustness-lsraw-v1,baseline-official-v3,v1.0.1-official-4c,robustness-lsraw-v1
official_4c_lsraw_robustness_extension_baseline_official_v3,LS_RAW_VS_ADJUSTED_ROBUSTNESS_EXTENSION_2026_07_10,PER,GMI,GMI:GMI_ideal_aggregate,mid,r2,GMI_ideal_aggregate,-0.042648285425488,not_feasible,not_feasible,fiscally_ordinary,False,fiscally_ordinary,False,6,-0.046315913013822416,not_feasible,not_feasible,fiscally_ordinary,False,fiscally_ordinary,False,6,-0.0036676275883344156,False,False,False,robustness,post_baseline_robustness_extension_new_input_series,robustness-lsraw-v1,baseline-official-v3,v1.0.1-official-4c,robustness-lsraw-v1
official_4c_lsraw_robustness_extension_baseline_official_v3,LS_RAW_VS_ADJUSTED_ROBUSTNESS_EXTENSION_2026_07_10,PER,GMI,GMI:GMI_ideal_aggregate,mid,r3,GMI_ideal_aggregate,-0.0534236826727717,not_feasible,not_feasible,fiscally_ordinary,False,fiscally_ordinary,False,6,-0.05654648201487565,not_feasible,not_feasible,fiscally_ordinary,False,fiscally_ordinary,False,6,-0.003122799342103952,False,False,False,robustness,post_baseline_robustness_extension_new_input_series,robustness-lsraw-v1,baseline-official-v3,v1.0.1-official-4c,robustness-lsraw-v1
official_4c_lsraw_robustness_extension_baseline_official_v3,LS_RAW_VS_ADJUSTED_ROBUSTNESS_EXTENSION_2026_07_10,PER,GMI,GMI:GMI_ideal_aggregate,mid,r4,GMI_ideal_aggregate,-0.0310475854881461,not_feasible,not_feasible,fiscally_ordinary,False,fiscally_ordinary,False,6,-0.03505558357480064,not_feasible,not_feasible,fiscally_ordinary,False,fiscally_ordinary,False,6,-0.00400799808665454,False,False,False,robustness,post_baseline_robustness_extension_new_input_series,robustness-lsraw-v1,baseline-official-v3,v1.0.1-official-4c,robustness-lsraw-v1
official_4c_lsraw_robustness_extension_baseline_official_v3,LS_RAW_VS_ADJUSTED_ROBUSTNESS_EXTENSION_2026_07_10,PER,GMI,GMI:GMI_ideal_aggregate,stress,r0,GMI_ideal_aggregate,0.1347914754936483,not_feasible,not_feasible,fiscally_ordinary,False,fiscally_ordinary,False,2,0.12728369622135374,not_feasible,not_feasible,fiscally_ordinary,False,fiscally_ordinary,False,2,-0.007507779272294568,False,False,False,robustness,post_baseline_robustness_extension_new_input_series,robustness-lsraw-v1,baseline-official-v3,v1.0.1-official-4c,robustness-lsraw-v1
official_4c_lsraw_robustness_extension_baseline_official_v3,LS_RAW_VS_ADJUSTED_ROBUSTNESS_EXTENSION_2026_07_10,PER,GMI,GMI:GMI_ideal_aggregate,stress,r1,GMI_ideal_aggregate,0.1512047152864849,not_feasible,not_feasible,fiscally_ordinary,False,fiscally_ordinary,False,2,0.14047376961923283,not_feasible,not_feasible,fiscally_ordinary,False,fiscally_ordinary,False,2,-0.010730945667252079,False,False,False,robustness,post_baseline_robustness_extension_new_input_series,robustness-lsraw-v1,baseline-official-v3,v1.0.1-official-4c,robustness-lsraw-v1
official_4c_lsraw_robustness_extension_baseline_official_v3,LS_RAW_VS_ADJUSTED_ROBUSTNESS_EXTENSION_2026_07_10,PER,GMI,GMI:GMI_ideal_aggregate,stress,r2,GMI_ideal_aggregate,0.1642411067301849,not_feasible,not_feasible,fiscally_ordinary,False,fiscally_ordinary,False,2,0.15297738097984506,not_feasible,not_feasible,fiscally_ordinary,False,fiscally_ordinary,False,2,-0.011263725750339848,False,False,False,robustness,post_baseline_robustness_extension_new_input_series,robustness-lsraw-v1,baseline-official-v3,v1.0.1-official-4c,robustness-lsraw-v1
official_4c_lsraw_robustness_extension_baseline_official_v3,LS_RAW_VS_ADJUSTED_ROBUSTNESS_EXTENSION_2026_07_10,PER,GMI,GMI:GMI_ideal_aggregate,stress,r3,GMI_ideal_aggregate,0.1421190880940073,not_feasible,not_feasible,fiscally_ordinary,False,fiscally_ordinary,False,2,0.13257377385470723,not_feasible,not_feasible,fiscally_ordinary,False,fiscally_ordinary,False,2,-0.009545314239300079,False,False,False,robustness,post_baseline_robustness_extension_new_input_series,robustness-lsraw-v1,baseline-official-v3,v1.0.1-official-4c,robustness-lsraw-v1
official_4c_lsraw_robustness_extension_baseline_official_v3,LS_RAW_VS_ADJUSTED_ROBUSTNESS_EXTENSION_2026_07_10,PER,GMI,GMI:GMI_ideal_aggregate,stress,r4,GMI_ideal_aggregate,0.2180661243599288,not_feasible,not_feasible,fiscally_ordinary,False,fiscally_ordinary,False,2,0.20572592250542468,not_feasible,not_feasible,fiscally_ordinary,False,fiscally_ordinary,False,2,-0.01234020185450413,False,False,False,robustness,post_baseline_robustness_extension_new_input_series,robustness-lsraw-v1,baseline-official-v3,v1.0.1-official-4c,robustness-lsraw-v1
official_4c_lsraw_robustness_extension_baseline_official_v3,LS_RAW_VS_ADJUSTED_ROBUSTNESS_EXTENSION_2026_07_10,PER,GMI,GMI:GMI_loaded_aggregate,high,r0,GMI_loaded_aggregate,-0.0416785863362029,not_feasible,not_feasible,fiscally_ordinary,False,fiscally_ordinary,False,5,-0.04289846645836645,not_feasible,not_feasible,fiscally_ordinary,False,fiscally_ordinary,False,5,-0.0012198801221635497,False,False,False,robustness,post_baseline_robustness_extension_new_input_series,robustness-lsraw-v1,baseline-official-v3,v1.0.1-official-4c,robustness-lsraw-v1
official_4c_lsraw_robustness_extension_baseline_official_v3,LS_RAW_VS_ADJUSTED_ROBUSTNESS_EXTENSION_2026_07_10,PER,GMI,GMI:GMI_loaded_aggregate,high,r1,GMI_loaded_aggregate,-0.0379713760084584,not_feasible,not_feasible,fiscally_ordinary,False,fiscally_ordinary,False,5,-0.03974247290424741,not_feasible,not_feasible,fiscally_ordinary,False,fiscally_ordinary,False,5,-0.0017710968957890053,False,False,False,robustness,post_baseline_robustness_extension_new_input_series,robustness-lsraw-v1,baseline-official-v3,v1.0.1-official-4c,robustness-lsraw-v1
official_4c_lsraw_robustness_extension_baseline_official_v3,LS_RAW_VS_ADJUSTED_ROBUSTNESS_EXTENSION_2026_07_10,PER,GMI,GMI:GMI_loaded_aggregate,high,r2,GMI_loaded_aggregate,-0.0357396880892787,not_feasible,not_feasible,fiscally_ordinary,False,fiscally_ordinary,False,5,-0.03759821030025034,not_feasible,not_feasible,fiscally_ordinary,False,fiscally_ordinary,False,5,-0.0018585222109716373,False,False,False,robustness,post_baseline_robustness_extension_new_input_series,robustness-lsraw-v1,baseline-official-v3,v1.0.1-official-4c,robustness-lsraw-v1
official_4c_lsraw_robustness_extension_baseline_official_v3,LS_RAW_VS_ADJUSTED_ROBUSTNESS_EXTENSION_2026_07_10,PER,GMI,GMI:GMI_loaded_aggregate,high,r3,GMI_loaded_aggregate,-0.041281483945951,not_feasible,not_feasible,fiscally_ordinary,False,fiscally_ordinary,False,5,-0.04285501414268794,not_feasible,not_feasible,fiscally_ordinary,False,fiscally_ordinary,False,5,-0.0015735301967369428,False,False,False,robustness,post_baseline_robustness_extension_new_input_series,robustness-lsraw-v1,baseline-official-v3,v1.0.1-official-4c,robustness-lsraw-v1
official_4c_lsraw_robustness_extension_baseline_official_v3,LS_RAW_VS_ADJUSTED_ROBUSTNESS_EXTENSION_2026_07_10,PER,GMI,GMI:GMI_loaded_aggregate,high,r4,GMI_loaded_aggregate,-0.0275264183515916,not_feasible,not_feasible,fiscally_ordinary,False,fiscally_ordinary,False,5,-0.029561488408913098,not_feasible,not_feasible,fiscally_ordinary,False,fiscally_ordinary,False,5,-0.002035070057321498,False,False,False,robustness,post_baseline_robustness_extension_new_input_series,robustness-lsraw-v1,baseline-official-v3,v1.0.1-official-4c,robustness-lsraw-v1
official_4c_lsraw_robustness_extension_baseline_official_v3,LS_RAW_VS_ADJUSTED_ROBUSTNESS_EXTENSION_2026_07_10,PER,GMI,GMI:GMI_loaded_aggregate,low,r0,GMI_loaded_aggregate,-0.0804010988988376,not_feasible,not_feasible,fiscally_ordinary,False,fiscally_ordinary,False,4,-0.08021934284150041,not_feasible,not_feasible,fiscally_ordinary,False,fiscally_ordinary,False,4,0.0001817560573371957,False,False,False,robustness,post_baseline_robustness_extension_new_input_series,robustness-lsraw-v1,baseline-official-v3,v1.0.1-official-4c,robustness-lsraw-v1
official_4c_lsraw_robustness_extension_baseline_official_v3,LS_RAW_VS_ADJUSTED_ROBUSTNESS_EXTENSION_2026_07_10,PER,GMI,GMI:GMI_loaded_aggregate,low,r1,GMI_loaded_aggregate,-0.0788293237161733,not_feasible,not_feasible,fiscally_ordinary,False,fiscally_ordinary,False,4,-0.07873700916099706,not_feasible,not_feasible,fiscally_ordinary,False,fiscally_ordinary,False,4,9.231455517623444e-05,False,False,False,robustness,post_baseline_robustness_extension_new_input_series,robustness-lsraw-v1,baseline-official-v3,v1.0.1-official-4c,robustness-lsraw-v1
official_4c_lsraw_robustness_extension_baseline_official_v3,LS_RAW_VS_ADJUSTED_ROBUSTNESS_EXTENSION_2026_07_10,PER,GMI,GMI:GMI_loaded_aggregate,low,r2,GMI_loaded_aggregate,-0.0784948964625001,not_feasible,not_feasible,fiscally_ordinary,False,fiscally_ordinary,False,4,-0.07839989992598663,not_feasible,not_feasible,fiscally_ordinary,False,fiscally_ordinary,False,4,9.499653651347251e-05,False,False,False,robustness,post_baseline_robustness_extension_new_input_series,robustness-lsraw-v1,baseline-official-v3,v1.0.1-official-4c,robustness-lsraw-v1
official_4c_lsraw_robustness_extension_baseline_official_v3,LS_RAW_VS_ADJUSTED_ROBUSTNESS_EXTENSION_2026_07_10,PER,GMI,GMI:GMI_loaded_aggregate,low,r3,GMI_loaded_aggregate,-0.0801955185857988,not_feasible,not_feasible,fiscally_ordinary,False,fiscally_ordinary,False,4,-0.08010239915804426,not_feasible,not_feasible,fiscally_ordinary,False,fiscally_ordinary,False,4,9.311942775454274e-05,False,False,False,robustness,post_baseline_robustness_extension_new_input_series,robustness-lsraw-v1,baseline-official-v3,v1.0.1-official-4c,robustness-lsraw-v1
official_4c_lsraw_robustness_extension_baseline_official_v3,LS_RAW_VS_ADJUSTED_ROBUSTNESS_EXTENSION_2026_07_10,PER,GMI,GMI:GMI_loaded_aggregate,low,r4,GMI_loaded_aggregate,-0.0766313167427605,not_feasible,not_feasible,fiscally_ordinary,False,fiscally_ordinary,False,4,-0.07653136835665858,not_feasible,not_feasible,fiscally_ordinary,False,fiscally_ordinary,False,4,9.994838610191681e-05,False,False,False,robustness,post_baseline_robustness_extension_new_input_series,robustness-lsraw-v1,baseline-official-v3,v1.0.1-official-4c,robustness-lsraw-v1
official_4c_lsraw_robustness_extension_baseline_official_v3,LS_RAW_VS_ADJUSTED_ROBUSTNESS_EXTENSION_2026_07_10,PER,GMI,GMI:GMI_loaded_aggregate,mid,r0,GMI_loaded_aggregate,-0.0350614495992222,not_feasible,not_feasible,fiscally_ordinary,False,fiscally_ordinary,False,5,-0.03677116981327687,not_feasible,not_feasible,fiscally_ordinary,False,fiscally_ordinary,False,5,-0.0017097202140546677,False,False,False,robustness,post_baseline_robustness_extension_new_input_series,robustness-lsraw-v1,baseline-official-v3,v1.0.1-official-4c,robustness-lsraw-v1
official_4c_lsraw_robustness_extension_baseline_official_v3,LS_RAW_VS_ADJUSTED_ROBUSTNESS_EXTENSION_2026_07_10,PER,GMI,GMI:GMI_loaded_aggregate,mid,r1,GMI_loaded_aggregate,-0.0309844299764646,not_feasible,not_feasible,fiscally_ordinary,False,fiscally_ordinary,False,5,-0.03331686085870827,not_feasible,not_feasible,fiscally_ordinary,False,fiscally_ordinary,False,5,-0.002332430882243667,False,False,False,robustness,post_baseline_robustness_extension_new_input_series,robustness-lsraw-v1,baseline-official-v3,v1.0.1-official-4c,robustness-lsraw-v1
official_4c_lsraw_robustness_extension_baseline_official_v3,LS_RAW_VS_ADJUSTED_ROBUSTNESS_EXTENSION_2026_07_10,PER,GMI,GMI:GMI_loaded_aggregate,mid,r2,GMI_loaded_aggregate,-0.0284321902836587,not_feasible,not_feasible,fiscally_ordinary,False,fiscally_ordinary,False,5,-0.03087727534254828,not_feasible,not_feasible,fiscally_ordinary,False,fiscally_ordinary,False,5,-0.0024450850588895803,False,False,False,robustness,post_baseline_robustness_extension_new_input_series,robustness-lsraw-v1,baseline-official-v3,v1.0.1-official-4c,robustness-lsraw-v1
official_4c_lsraw_robustness_extension_baseline_official_v3,LS_RAW_VS_ADJUSTED_ROBUSTNESS_EXTENSION_2026_07_10,PER,GMI,GMI:GMI_loaded_aggregate,mid,r3,GMI_loaded_aggregate,-0.0356157884485144,not_feasible,not_feasible,fiscally_ordinary,False,fiscally_ordinary,False,5,-0.03769765467658377,not_feasible,not_feasible,fiscally_ordinary,False,fiscally_ordinary,False,5,-0.0020818662280693706,False,False,False,robustness,post_baseline_robustness_extension_new_input_series,robustness-lsraw-v1,baseline-official-v3,v1.0.1-official-4c,robustness-lsraw-v1
official_4c_lsraw_robustness_extension_baseline_official_v3,LS_RAW_VS_ADJUSTED_ROBUSTNESS_EXTENSION_2026_07_10,PER,GMI,GMI:GMI_loaded_aggregate,mid,r4,GMI_loaded_aggregate,-0.0206983903254307,not_feasible,not_feasible,fiscally_ordinary,False,fiscally_ordinary,False,5,-0.02337038904986709,not_feasible,not_feasible,fiscally_ordinary,False,fiscally_ordinary,False,5,-0.002671998724436391,False,False,False,robustness,post_baseline_robustness_extension_new_input_series,robustness-lsraw-v1,baseline-official-v3,v1.0.1-official-4c,robustness-lsraw-v1
official_4c_lsraw_robustness_extension_baseline_official_v3,LS_RAW_VS_ADJUSTED_ROBUSTNESS_EXTENSION_2026_07_10,PER,GMI,GMI:GMI_loaded_aggregate,stress,r0,GMI_loaded_aggregate,0.0898609836624322,not_feasible,not_feasible,fiscally_ordinary,False,fiscally_ordinary,False,4,0.0848557974809025,not_feasible,not_feasible,fiscally_ordinary,False,fiscally_ordinary,False,4,-0.005005186181529703,False,False,False,robustness,post_baseline_robustness_extension_new_input_series,robustness-lsraw-v1,baseline-official-v3,v1.0.1-official-4c,robustness-lsraw-v1
official_4c_lsraw_robustness_extension_baseline_official_v3,LS_RAW_VS_ADJUSTED_ROBUSTNESS_EXTENSION_2026_07_10,PER,GMI,GMI:GMI_loaded_aggregate,stress,r1,GMI_loaded_aggregate,0.1008031435243233,not_feasible,not_feasible,fiscally_ordinary,False,fiscally_ordinary,False,4,0.09364917974615522,not_feasible,not_feasible,fiscally_ordinary,False,fiscally_ordinary,False,4,-0.007153963778168085,False,False,False,robustness,post_baseline_robustness_extension_new_input_series,robustness-lsraw-v1,baseline-official-v3,v1.0.1-official-4c,robustness-lsraw-v1
official_4c_lsraw_robustness_extension_baseline_official_v3,LS_RAW_VS_ADJUSTED_ROBUSTNESS_EXTENSION_2026_07_10,PER,GMI,GMI:GMI_loaded_aggregate,stress,r2,GMI_loaded_aggregate,0.1094940711534566,not_feasible,not_feasible,fiscally_ordinary,False,fiscally_ordinary,False,4,0.10198492065323005,not_feasible,not_feasible,fiscally_ordinary,False,fiscally_ordinary,False,4,-0.007509150500226561,False,False,False,robustness,post_baseline_robustness_extension_new_input_series,robustness-lsraw-v1,baseline-official-v3,v1.0.1-official-4c,robustness-lsraw-v1
official_4c_lsraw_robustness_extension_baseline_official_v3,LS_RAW_VS_ADJUSTED_ROBUSTNESS_EXTENSION_2026_07_10,PER,GMI,GMI:GMI_loaded_aggregate,stress,r3,GMI_loaded_aggregate,0.0947460587293382,not_feasible,not_feasible,fiscally_ordinary,False,fiscally_ordinary,False,4,0.08838251590313814,not_feasible,not_feasible,fiscally_ordinary,False,fiscally_ordinary,False,4,-0.006363542826200053,False,False,False,robustness,post_baseline_robustness_extension_new_input_series,robustness-lsraw-v1,baseline-official-v3,v1.0.1-official-4c,robustness-lsraw-v1
official_4c_lsraw_robustness_extension_baseline_official_v3,LS_RAW_VS_ADJUSTED_ROBUSTNESS_EXTENSION_2026_07_10,PER,GMI,GMI:GMI_loaded_aggregate,stress,r4,GMI_loaded_aggregate,0.1453774162399525,not_feasible,not_feasible,fiscally_ordinary,False,fiscally_ordinary,False,4,0.13715061500361644,not_feasible,not_feasible,fiscally_ordinary,False,fiscally_ordinary,False,4,-0.008226801236336068,False,False,False,robustness,post_baseline_robustness_extension_new_input_series,robustness-lsraw-v1,baseline-official-v3,v1.0.1-official-4c,robustness-lsraw-v1
official_4c_lsraw_robustness_extension_baseline_official_v3,LS_RAW_VS_ADJUSTED_ROBUSTNESS_EXTENSION_2026_07_10,PER,MUT,MUT,high,r0,,0.0139395207156327,not_feasible,not_feasible,fiscally_ordinary,False,fiscally_ordinary,False,2,0.012984354579978749,not_feasible,not_feasible,fiscally_ordinary,False,fiscally_ordinary,False,2,-0.0009551661356539502,False,False,False,robustness,post_baseline_robustness_extension_new_input_series,robustness-lsraw-v1,baseline-official-v3,v1.0.1-official-4c,robustness-lsraw-v1
official_4c_lsraw_robustness_extension_baseline_official_v3,LS_RAW_VS_ADJUSTED_ROBUSTNESS_EXTENSION_2026_07_10,PER,MUT,MUT,high,r1,,0.0162055001943907,not_feasible,not_feasible,fiscally_ordinary,False,fiscally_ordinary,False,2,0.01481873132498799,not_feasible,not_feasible,fiscally_ordinary,False,fiscally_ordinary,False,2,-0.0013867688694027096,False,False,False,robustness,post_baseline_robustness_extension_new_input_series,robustness-lsraw-v1,baseline-official-v3,v1.0.1-official-4c,robustness-lsraw-v1
official_4c_lsraw_robustness_extension_baseline_official_v3,LS_RAW_VS_ADJUSTED_ROBUSTNESS_EXTENSION_2026_07_10,PER,MUT,MUT,high,r2,,0.0179529118351084,not_feasible,not_feasible,fiscally_ordinary,False,fiscally_ordinary,False,2,0.01649768894391769,not_feasible,not_feasible,fiscally_ordinary,False,fiscally_ordinary,False,2,-0.0014552228911907106,False,False,False,robustness,post_baseline_robustness_extension_new_input_series,robustness-lsraw-v1,baseline-official-v3,v1.0.1-official-4c,robustness-lsraw-v1
official_4c_lsraw_robustness_extension_baseline_official_v3,LS_RAW_VS_ADJUSTED_ROBUSTNESS_EXTENSION_2026_07_10,PER,MUT,MUT,high,r3,,0.0139957454040536,not_feasible,not_feasible,fiscally_ordinary,False,fiscally_ordinary,False,2,0.012763671260008635,not_feasible,not_feasible,fiscally_ordinary,False,fiscally_ordinary,False,2,-0.0012320741440449649,False,False,False,robustness,post_baseline_robustness_extension_new_input_series,robustness-lsraw-v1,baseline-official-v3,v1.0.1-official-4c,robustness-lsraw-v1
official_4c_lsraw_robustness_extension_baseline_official_v3,LS_RAW_VS_ADJUSTED_ROBUSTNESS_EXTENSION_2026_07_10,PER,MUT,MUT,high,r4,,0.0237471358318515,not_feasible,not_feasible,fiscally_ordinary,False,fiscally_ordinary,False,2,0.022153675976968785,not_feasible,not_feasible,fiscally_ordinary,False,fiscally_ordinary,False,2,-0.0015934598548827152,False,False,False,robustness,post_baseline_robustness_extension_new_input_series,robustness-lsraw-v1,baseline-official-v3,v1.0.1-official-4c,robustness-lsraw-v1
official_4c_lsraw_robustness_extension_baseline_official_v3,LS_RAW_VS_ADJUSTED_ROBUSTNESS_EXTENSION_2026_07_10,PER,MUT,MUT,low,r0,,-0.0163802066209102,not_feasible,not_feasible,fiscally_ordinary,False,fiscally_ordinary,False,3,-0.016237891628015144,not_feasible,not_feasible,fiscally_ordinary,False,fiscally_ordinary,False,3,0.0001423149928950554,False,False,False,robustness,post_baseline_robustness_extension_new_input_series,robustness-lsraw-v1,baseline-official-v3,v1.0.1-official-4c,robustness-lsraw-v1
official_4c_lsraw_robustness_extension_baseline_official_v3,LS_RAW_VS_ADJUSTED_ROBUSTNESS_EXTENSION_2026_07_10,PER,MUT,MUT,low,r1,,-0.0157862728607499,not_feasible,not_feasible,fiscally_ordinary,False,fiscally_ordinary,False,3,-0.015713990564046987,not_feasible,not_feasible,fiscally_ordinary,False,fiscally_ordinary,False,3,7.228229670291214e-05,False,False,False,robustness,post_baseline_robustness_extension_new_input_series,robustness-lsraw-v1,baseline-official-v3,v1.0.1-official-4c,robustness-lsraw-v1
official_4c_lsraw_robustness_extension_baseline_official_v3,LS_RAW_VS_ADJUSTED_ROBUSTNESS_EXTENSION_2026_07_10,PER,MUT,MUT,low,r2,,-0.0155244163211238,not_feasible,not_feasible,fiscally_ordinary,False,fiscally_ordinary,False,3,-0.015450034033033825,not_feasible,not_feasible,fiscally_ordinary,False,fiscally_ordinary,False,3,7.438228808997506e-05,False,False,False,robustness,post_baseline_robustness_extension_new_input_series,robustness-lsraw-v1,baseline-official-v3,v1.0.1-official-4c,robustness-lsraw-v1
official_4c_lsraw_robustness_extension_baseline_official_v3,LS_RAW_VS_ADJUSTED_ROBUSTNESS_EXTENSION_2026_07_10,PER,MUT,MUT,low,r3,,-0.0164739437189472,not_feasible,not_feasible,fiscally_ordinary,False,fiscally_ordinary,False,3,-0.01640103120701537,not_feasible,not_feasible,fiscally_ordinary,False,fiscally_ordinary,False,3,7.291251193183163e-05,False,False,False,robustness,post_baseline_robustness_extension_new_input_series,robustness-lsraw-v1,baseline-official-v3,v1.0.1-official-4c,robustness-lsraw-v1
official_4c_lsraw_robustness_extension_baseline_official_v3,LS_RAW_VS_ADJUSTED_ROBUSTNESS_EXTENSION_2026_07_10,PER,MUT,MUT,low,r4,,-0.0147019996084337,not_feasible,not_feasible,fiscally_ordinary,False,fiscally_ordinary,False,3,-0.01462374002211594,not_feasible,not_feasible,fiscally_ordinary,False,fiscally_ordinary,False,3,7.82595863177589e-05,False,False,False,robustness,post_baseline_robustness_extension_new_input_series,robustness-lsraw-v1,baseline-official-v3,v1.0.1-official-4c,robustness-lsraw-v1
official_4c_lsraw_robustness_extension_baseline_official_v3,LS_RAW_VS_ADJUSTED_ROBUSTNESS_EXTENSION_2026_07_10,PER,MUT,MUT,mid,r0,,0.0191207387806886,not_feasible,not_feasible,fiscally_ordinary,False,fiscally_ordinary,False,2,0.017782027853083894,not_feasible,not_feasible,fiscally_ordinary,False,fiscally_ordinary,False,2,-0.0013387109276047048,False,False,False,robustness,post_baseline_robustness_extension_new_input_series,robustness-lsraw-v1,baseline-official-v3,v1.0.1-official-4c,robustness-lsraw-v1
official_4c_lsraw_robustness_extension_baseline_official_v3,LS_RAW_VS_ADJUSTED_ROBUSTNESS_EXTENSION_2026_07_10,PER,MUT,MUT,mid,r1,,0.0216762789374418,not_feasible,not_feasible,fiscally_ordinary,False,fiscally_ordinary,False,2,0.019849985556645133,not_feasible,not_feasible,fiscally_ordinary,False,fiscally_ordinary,False,2,-0.0018262933807966682,False,False,False,robustness,post_baseline_robustness_extension_new_input_series,robustness-lsraw-v1,baseline-official-v3,v1.0.1-official-4c,robustness-lsraw-v1
official_4c_lsraw_robustness_extension_baseline_official_v3,LS_RAW_VS_ADJUSTED_ROBUSTNESS_EXTENSION_2026_07_10,PER,MUT,MUT,mid,r2,,0.0236746826169089,not_feasible,not_feasible,fiscally_ordinary,False,fiscally_ordinary,False,2,0.0217601810157984,not_feasible,not_feasible,fiscally_ordinary,False,fiscally_ordinary,False,2,-0.0019145016011105007,False,False,False,robustness,post_baseline_robustness_extension_new_input_series,robustness-lsraw-v1,baseline-official-v3,v1.0.1-official-4c,robustness-lsraw-v1
official_4c_lsraw_robustness_extension_baseline_official_v3,LS_RAW_VS_ADJUSTED_ROBUSTNESS_EXTENSION_2026_07_10,PER,MUT,MUT,mid,r3,,0.0184319849785464,not_feasible,not_feasible,fiscally_ordinary,False,fiscally_ordinary,False,2,0.0168018837219682,not_feasible,not_feasible,fiscally_ordinary,False,fiscally_ordinary,False,2,-0.001630101256578198,False,False,False,robustness,post_baseline_robustness_extension_new_input_series,robustness-lsraw-v1,baseline-official-v3,v1.0.1-official-4c,robustness-lsraw-v1
official_4c_lsraw_robustness_extension_baseline_official_v3,LS_RAW_VS_ADJUSTED_ROBUSTNESS_EXTENSION_2026_07_10,PER,MUT,MUT,mid,r4,,0.0290934817763354,not_feasible,not_feasible,fiscally_ordinary,False,fiscally_ordinary,False,2,0.027001306775101805,not_feasible,not_feasible,fiscally_ordinary,False,fiscally_ordinary,False,2,-0.0020921750012335948,False,False,False,robustness,post_baseline_robustness_extension_new_input_series,robustness-lsraw-v1,baseline-official-v3,v1.0.1-official-4c,robustness-lsraw-v1
official_4c_lsraw_robustness_extension_baseline_official_v3,LS_RAW_VS_ADJUSTED_ROBUSTNESS_EXTENSION_2026_07_10,PER,MUT,MUT,stress,r0,,0.1169350040245641,not_feasible,not_feasible,fiscally_ordinary,False,fiscally_ordinary,False,3,0.11301594324442632,not_feasible,not_feasible,fiscally_ordinary,False,fiscally_ordinary,False,3,-0.003919060780137776,False,False,False,robustness,post_baseline_robustness_extension_new_input_series,robustness-lsraw-v1,baseline-official-v3,v1.0.1-official-4c,robustness-lsraw-v1
official_4c_lsraw_robustness_extension_baseline_official_v3,LS_RAW_VS_ADJUSTED_ROBUSTNESS_EXTENSION_2026_07_10,PER,MUT,MUT,stress,r1,,0.1248659489885588,not_feasible,not_feasible,fiscally_ordinary,False,fiscally_ordinary,False,3,0.11926439535025324,not_feasible,not_feasible,fiscally_ordinary,False,fiscally_ordinary,False,3,-0.005601553638305556,False,False,False,robustness,post_baseline_robustness_extension_new_input_series,robustness-lsraw-v1,baseline-official-v3,v1.0.1-official-4c,robustness-lsraw-v1
official_4c_lsraw_robustness_extension_baseline_official_v3,LS_RAW_VS_ADJUSTED_ROBUSTNESS_EXTENSION_2026_07_10,PER,MUT,MUT,stress,r2,,0.1316709453221702,not_feasible,not_feasible,fiscally_ordinary,False,fiscally_ordinary,False,3,0.12579128048049285,not_feasible,not_feasible,fiscally_ordinary,False,fiscally_ordinary,False,3,-0.005879664841677346,False,False,False,robustness,post_baseline_robustness_extension_new_input_series,robustness-lsraw-v1,baseline-official-v3,v1.0.1-official-4c,robustness-lsraw-v1
official_4c_lsraw_robustness_extension_baseline_official_v3,LS_RAW_VS_ADJUSTED_ROBUSTNESS_EXTENSION_2026_07_10,PER,MUT,MUT,stress,r3,,0.1205053113188051,not_feasible,not_feasible,fiscally_ordinary,False,fiscally_ordinary,False,3,0.11552265728589046,not_feasible,not_feasible,fiscally_ordinary,False,fiscally_ordinary,False,3,-0.004982654032914632,False,False,False,robustness,post_baseline_robustness_extension_new_input_series,robustness-lsraw-v1,baseline-official-v3,v1.0.1-official-4c,robustness-lsraw-v1
official_4c_lsraw_robustness_extension_baseline_official_v3,LS_RAW_VS_ADJUSTED_ROBUSTNESS_EXTENSION_2026_07_10,PER,MUT,MUT,stress,r4,,0.1591308383170305,not_feasible,not_feasible,fiscally_ordinary,False,fiscally_ordinary,False,3,0.15268925294897942,not_feasible,not_feasible,fiscally_ordinary,False,fiscally_ordinary,False,3,-0.006441585368051089,False,False,False,robustness,post_baseline_robustness_extension_new_input_series,robustness-lsraw-v1,baseline-official-v3,v1.0.1-official-4c,robustness-lsraw-v1
official_4c_lsraw_robustness_extension_baseline_official_v3,LS_RAW_VS_ADJUSTED_ROBUSTNESS_EXTENSION_2026_07_10,PER,PBI,PBI,high,r0,,0.0130104648714601,not_feasible,not_feasible,fiscally_ordinary,False,fiscally_ordinary,False,3,0.012370509932552579,not_feasible,not_feasible,fiscally_ordinary,False,fiscally_ordinary,False,3,-0.000639954938907521,False,False,False,robustness,post_baseline_robustness_extension_new_input_series,robustness-lsraw-v1,baseline-official-v3,v1.0.1-official-4c,robustness-lsraw-v1
official_4c_lsraw_robustness_extension_baseline_official_v3,LS_RAW_VS_ADJUSTED_ROBUSTNESS_EXTENSION_2026_07_10,PER,PBI,PBI,high,r1,,0.0144784643455594,not_feasible,not_feasible,fiscally_ordinary,False,fiscally_ordinary,False,3,0.013549338454292442,not_feasible,not_feasible,fiscally_ordinary,False,fiscally_ordinary,False,3,-0.0009291258912669589,False,False,False,robustness,post_baseline_robustness_extension_new_input_series,robustness-lsraw-v1,baseline-official-v3,v1.0.1-official-4c,robustness-lsraw-v1
official_4c_lsraw_robustness_extension_baseline_official_v3,LS_RAW_VS_ADJUSTED_ROBUSTNESS_EXTENSION_2026_07_10,PER,PBI,PBI,high,r2,,0.015649218487734,not_feasible,not_feasible,fiscally_ordinary,False,fiscally_ordinary,False,3,0.014674228858530716,not_feasible,not_feasible,fiscally_ordinary,False,fiscally_ordinary,False,3,-0.0009749896292032822,False,False,False,robustness,post_baseline_robustness_extension_new_input_series,robustness-lsraw-v1,baseline-official-v3,v1.0.1-official-4c,robustness-lsraw-v1
official_4c_lsraw_robustness_extension_baseline_official_v3,LS_RAW_VS_ADJUSTED_ROBUSTNESS_EXTENSION_2026_07_10,PER,PBI,PBI,high,r3,,0.0130280583735593,not_feasible,not_feasible,fiscally_ordinary,False,fiscally_ordinary,False,3,0.012202576916302683,not_feasible,not_feasible,fiscally_ordinary,False,fiscally_ordinary,False,3,-0.0008254814572566174,False,False,False,robustness,post_baseline_robustness_extension_new_input_series,robustness-lsraw-v1,baseline-official-v3,v1.0.1-official-4c,robustness-lsraw-v1
official_4c_lsraw_robustness_extension_baseline_official_v3,LS_RAW_VS_ADJUSTED_ROBUSTNESS_EXTENSION_2026_07_10,PER,PBI,PBI,high,r4,,0.0194811182517154,not_feasible,not_feasible,fiscally_ordinary,False,fiscally_ordinary,False,3,0.018413510779027004,not_feasible,not_feasible,fiscally_ordinary,False,fiscally_ordinary,False,3,-0.001067607472688397,False,False,False,robustness,post_baseline_robustness_extension_new_input_series,robustness-lsraw-v1,baseline-official-v3,v1.0.1-official-4c,robustness-lsraw-v1
official_4c_lsraw_robustness_extension_baseline_official_v3,LS_RAW_VS_ADJUSTED_ROBUSTNESS_EXTENSION_2026_07_10,PER,PBI,PBI,low,r0,,-0.0073035501789853,not_feasible,not_feasible,fiscally_ordinary,False,fiscally_ordinary,False,2,-0.007208200083139008,not_feasible,not_feasible,fiscally_ordinary,False,fiscally_ordinary,False,2,9.535009584629196e-05,False,False,False,robustness,post_baseline_robustness_extension_new_input_series,robustness-lsraw-v1,baseline-official-v3,v1.0.1-official-4c,robustness-lsraw-v1
official_4c_lsraw_robustness_extension_baseline_official_v3,LS_RAW_VS_ADJUSTED_ROBUSTNESS_EXTENSION_2026_07_10,PER,PBI,PBI,low,r1,,-0.0069558101820117,not_feasible,not_feasible,fiscally_ordinary,False,fiscally_ordinary,False,2,-0.00690738152542103,not_feasible,not_feasible,fiscally_ordinary,False,fiscally_ordinary,False,2,4.842865659066952e-05,False,False,False,robustness,post_baseline_robustness_extension_new_input_series,robustness-lsraw-v1,baseline-official-v3,v1.0.1-official-4c,robustness-lsraw-v1
official_4c_lsraw_robustness_extension_baseline_official_v3,LS_RAW_VS_ADJUSTED_ROBUSTNESS_EXTENSION_2026_07_10,PER,PBI,PBI,low,r2,,-0.0067803680473256,not_feasible,not_feasible,fiscally_ordinary,False,fiscally_ordinary,False,2,-0.006730532410514835,not_feasible,not_feasible,fiscally_ordinary,False,fiscally_ordinary,False,2,4.983563681076539e-05,False,False,False,robustness,post_baseline_robustness_extension_new_input_series,robustness-lsraw-v1,baseline-official-v3,v1.0.1-official-4c,robustness-lsraw-v1
official_4c_lsraw_robustness_extension_baseline_official_v3,LS_RAW_VS_ADJUSTED_ROBUSTNESS_EXTENSION_2026_07_10,PER,PBI,PBI,low,r3,,-0.0073864300734072,not_feasible,not_feasible,fiscally_ordinary,False,fiscally_ordinary,False,2,-0.007337579176817432,not_feasible,not_feasible,fiscally_ordinary,False,fiscally_ordinary,False,2,4.885089658976816e-05,False,False,False,robustness,post_baseline_robustness_extension_new_input_series,robustness-lsraw-v1,baseline-official-v3,v1.0.1-official-4c,robustness-lsraw-v1
official_4c_lsraw_robustness_extension_baseline_official_v3,LS_RAW_VS_ADJUSTED_ROBUSTNESS_EXTENSION_2026_07_10,PER,PBI,PBI,low,r4,,-0.0062795459963829,not_feasible,not_feasible,fiscally_ordinary,False,fiscally_ordinary,False,2,-0.006227112595625203,not_feasible,not_feasible,fiscally_ordinary,False,fiscally_ordinary,False,2,5.243340075769716e-05,False,False,False,robustness,post_baseline_robustness_extension_new_input_series,robustness-lsraw-v1,baseline-official-v3,v1.0.1-official-4c,robustness-lsraw-v1
official_4c_lsraw_robustness_extension_baseline_official_v3,LS_RAW_VS_ADJUSTED_ROBUSTNESS_EXTENSION_2026_07_10,PER,PBI,PBI,mid,r0,,0.0164818464107766,not_feasible,not_feasible,fiscally_ordinary,False,fiscally_ordinary,False,3,0.015584919019916432,not_feasible,not_feasible,fiscally_ordinary,False,fiscally_ordinary,False,3,-0.0008969273908601694,False,False,False,robustness,post_baseline_robustness_extension_new_input_series,robustness-lsraw-v1,baseline-official-v3,v1.0.1-official-4c,robustness-lsraw-v1
official_4c_lsraw_robustness_extension_baseline_official_v3,LS_RAW_VS_ADJUSTED_ROBUSTNESS_EXTENSION_2026_07_10,PER,PBI,PBI,mid,r1,,0.018143849607453,not_feasible,not_feasible,fiscally_ordinary,False,fiscally_ordinary,False,3,0.0169202452256511,not_feasible,not_feasible,fiscally_ordinary,False,fiscally_ordinary,False,3,-0.0012236043818019023,False,False,False,robustness,post_baseline_robustness_extension_new_input_series,robustness-lsraw-v1,baseline-official-v3,v1.0.1-official-4c,robustness-lsraw-v1
official_4c_lsraw_robustness_extension_baseline_official_v3,LS_RAW_VS_ADJUSTED_ROBUSTNESS_EXTENSION_2026_07_10,PER,PBI,PBI,mid,r2,,0.0194827667412041,not_feasible,not_feasible,fiscally_ordinary,False,fiscally_ordinary,False,3,0.01820006344023523,not_feasible,not_feasible,fiscally_ordinary,False,fiscally_ordinary,False,3,-0.001282703300968871,False,False,False,robustness,post_baseline_robustness_extension_new_input_series,robustness-lsraw-v1,baseline-official-v3,v1.0.1-official-4c,robustness-lsraw-v1
official_4c_lsraw_robustness_extension_baseline_official_v3,LS_RAW_VS_ADJUSTED_ROBUSTNESS_EXTENSION_2026_07_10,PER,PBI,PBI,mid,r3,,0.0160003092940026,not_feasible,not_feasible,fiscally_ordinary,False,fiscally_ordinary,False,3,0.014908152326615604,not_feasible,not_feasible,fiscally_ordinary,False,fiscally_ordinary,False,3,-0.0010921569673869973,False,False,False,robustness,post_baseline_robustness_extension_new_input_series,robustness-lsraw-v1,baseline-official-v3,v1.0.1-official-4c,robustness-lsraw-v1
official_4c_lsraw_robustness_extension_baseline_official_v3,LS_RAW_VS_ADJUSTED_ROBUSTNESS_EXTENSION_2026_07_10,PER,PBI,PBI,mid,r4,,0.023063134368669,not_feasible,not_feasible,fiscally_ordinary,False,fiscally_ordinary,False,3,0.021661391074889364,not_feasible,not_feasible,fiscally_ordinary,False,fiscally_ordinary,False,3,-0.0014017432937796365,False,False,False,robustness,post_baseline_robustness_extension_new_input_series,robustness-lsraw-v1,baseline-official-v3,v1.0.1-official-4c,robustness-lsraw-v1
official_4c_lsraw_robustness_extension_baseline_official_v3,LS_RAW_VS_ADJUSTED_ROBUSTNESS_EXTENSION_2026_07_10,PER,PBI,PBI,stress,r0,,0.0820167515983148,not_feasible,not_feasible,fiscally_ordinary,False,fiscally_ordinary,False,5,0.07939100701995327,not_feasible,not_feasible,fiscally_ordinary,False,fiscally_ordinary,False,5,-0.0026257445783615246,False,False,False,robustness,post_baseline_robustness_extension_new_input_series,robustness-lsraw-v1,baseline-official-v3,v1.0.1-official-4c,robustness-lsraw-v1
official_4c_lsraw_robustness_extension_baseline_official_v3,LS_RAW_VS_ADJUSTED_ROBUSTNESS_EXTENSION_2026_07_10,PER,PBI,PBI,stress,r1,,0.0872802401561387,not_feasible,not_feasible,fiscally_ordinary,False,fiscally_ordinary,False,5,0.08352723658683311,not_feasible,not_feasible,fiscally_ordinary,False,fiscally_ordinary,False,5,-0.0037530035693055797,False,False,False,robustness,post_baseline_robustness_extension_new_input_series,robustness-lsraw-v1,baseline-official-v3,v1.0.1-official-4c,robustness-lsraw-v1
official_4c_lsraw_robustness_extension_baseline_official_v3,LS_RAW_VS_ADJUSTED_ROBUSTNESS_EXTENSION_2026_07_10,PER,PBI,PBI,stress,r2,,0.0918395423030481,not_feasible,not_feasible,fiscally_ordinary,False,fiscally_ordinary,False,5,0.08790020608278286,not_feasible,not_feasible,fiscally_ordinary,False,fiscally_ordinary,False,5,-0.003939336220265238,False,False,False,robustness,post_baseline_robustness_extension_new_input_series,robustness-lsraw-v1,baseline-official-v3,v1.0.1-official-4c,robustness-lsraw-v1
official_4c_lsraw_robustness_extension_baseline_official_v3,LS_RAW_VS_ADJUSTED_ROBUSTNESS_EXTENSION_2026_07_10,PER,PBI,PBI,stress,r3,,0.0843887570036208,not_feasible,not_feasible,fiscally_ordinary,False,fiscally_ordinary,False,5,0.08105041204120428,not_feasible,not_feasible,fiscally_ordinary,False,fiscally_ordinary,False,5,-0.0033383449624165284,False,False,False,robustness,post_baseline_robustness_extension_new_input_series,robustness-lsraw-v1,baseline-official-v3,v1.0.1-official-4c,robustness-lsraw-v1
official_4c_lsraw_robustness_extension_baseline_official_v3,LS_RAW_VS_ADJUSTED_ROBUSTNESS_EXTENSION_2026_07_10,PER,PBI,PBI,stress,r4,,0.1101872957625629,not_feasible,not_feasible,fiscally_ordinary,False,fiscally_ordinary,False,5,0.10587147653823877,not_feasible,not_feasible,fiscally_ordinary,False,fiscally_ordinary,False,5,-0.004315819224324141,False,False,False,robustness,post_baseline_robustness_extension_new_input_series,robustness-lsraw-v1,baseline-official-v3,v1.0.1-official-4c,robustness-lsraw-v1
official_4c_lsraw_robustness_extension_baseline_official_v3,LS_RAW_VS_ADJUSTED_ROBUSTNESS_EXTENSION_2026_07_10,PER,PEN,PEN,high,r0,,0.0285562484215996,not_feasible,fragile_feasibility,fiscally_ordinary,False,fiscally_ordinary,False,1,0.019406209999543286,not_feasible,fragile_feasibility,fiscally_ordinary,False,fiscally_ordinary,False,1,-0.009150038422056313,False,False,False,robustness,post_baseline_robustness_extension_new_input_series,robustness-lsraw-v1,baseline-official-v3,v1.0.1-official-4c,robustness-lsraw-v1
official_4c_lsraw_robustness_extension_baseline_official_v3,LS_RAW_VS_ADJUSTED_ROBUSTNESS_EXTENSION_2026_07_10,PER,PEN,PEN,high,r1,,0.0516985316480314,not_feasible,fragile_feasibility,fiscally_ordinary,False,fiscally_ordinary,False,1,0.038413943801060946,not_feasible,fragile_feasibility,fiscally_ordinary,False,fiscally_ordinary,False,1,-0.013284587846970453,False,False,False,robustness,post_baseline_robustness_extension_new_input_series,robustness-lsraw-v1,baseline-official-v3,v1.0.1-official-4c,robustness-lsraw-v1
official_4c_lsraw_robustness_extension_baseline_official_v3,LS_RAW_VS_ADJUSTED_ROBUSTNESS_EXTENSION_2026_07_10,PER,PEN,PEN,high,r2,,0.0684379061451893,not_feasible,fragile_feasibility,fiscally_ordinary,False,fiscally_ordinary,False,1,0.05449756124599097,not_feasible,fragile_feasibility,fiscally_ordinary,False,fiscally_ordinary,False,1,-0.013940344899198327,False,False,False,robustness,post_baseline_robustness_extension_new_input_series,robustness-lsraw-v1,baseline-official-v3,v1.0.1-official-4c,robustness-lsraw-v1
official_4c_lsraw_robustness_extension_baseline_official_v3,LS_RAW_VS_ADJUSTED_ROBUSTNESS_EXTENSION_2026_07_10,PER,PEN,PEN,high,r3,,0.0296689642076774,not_feasible,fragile_feasibility,fiscally_ordinary,False,fiscally_ordinary,False,1,0.017866278438133102,not_feasible,fragile_feasibility,fiscally_ordinary,False,fiscally_ordinary,False,1,-0.011802685769544297,False,False,False,robustness,post_baseline_robustness_extension_new_input_series,robustness-lsraw-v1,baseline-official-v3,v1.0.1-official-4c,robustness-lsraw-v1
official_4c_lsraw_robustness_extension_baseline_official_v3,LS_RAW_VS_ADJUSTED_ROBUSTNESS_EXTENSION_2026_07_10,PER,PEN,PEN,high,r4,,0.1253790979561144,not_feasible,fragile_feasibility,fiscally_ordinary,False,fiscally_ordinary,False,1,0.11011450852822582,not_feasible,fragile_feasibility,fiscally_ordinary,False,fiscally_ordinary,False,1,-0.01526458942788858,False,False,False,robustness,post_baseline_robustness_extension_new_input_series,robustness-lsraw-v1,baseline-official-v3,v1.0.1-official-4c,robustness-lsraw-v1
official_4c_lsraw_robustness_extension_baseline_official_v3,LS_RAW_VS_ADJUSTED_ROBUSTNESS_EXTENSION_2026_07_10,PER,PEN,PEN,low,r0,,-0.2618923549364835,not_feasible,fragile_feasibility,fiscally_ordinary,False,fiscally_ordinary,False,6,-0.26052904482275846,not_feasible,fragile_feasibility,fiscally_ordinary,False,fiscally_ordinary,False,6,0.0013633101137250359,False,False,False,robustness,post_baseline_robustness_extension_new_input_series,robustness-lsraw-v1,baseline-official-v3,v1.0.1-official-4c,robustness-lsraw-v1
official_4c_lsraw_robustness_extension_baseline_official_v3,LS_RAW_VS_ADJUSTED_ROBUSTNESS_EXTENSION_2026_07_10,PER,PEN,PEN,low,r1,,-0.2547674764290003,not_feasible,fragile_feasibility,fiscally_ordinary,False,fiscally_ordinary,False,6,-0.2540750463193272,not_feasible,fragile_feasibility,fiscally_ordinary,False,fiscally_ordinary,False,6,0.0006924301096730701,False,False,False,robustness,post_baseline_robustness_extension_new_input_series,robustness-lsraw-v1,baseline-official-v3,v1.0.1-official-4c,robustness-lsraw-v1
official_4c_lsraw_robustness_extension_baseline_official_v3,LS_RAW_VS_ADJUSTED_ROBUSTNESS_EXTENSION_2026_07_10,PER,PEN,PEN,low,r2,,-0.2522590150114426,not_feasible,fragile_feasibility,fiscally_ordinary,False,fiscally_ordinary,False,6,-0.2515464679805762,not_feasible,fragile_feasibility,fiscally_ordinary,False,fiscally_ordinary,False,6,0.0007125470308663728,False,False,False,robustness,post_baseline_robustness_extension_new_input_series,robustness-lsraw-v1,baseline-official-v3,v1.0.1-official-4c,robustness-lsraw-v1
official_4c_lsraw_robustness_extension_baseline_official_v3,LS_RAW_VS_ADJUSTED_ROBUSTNESS_EXTENSION_2026_07_10,PER,PEN,PEN,low,r3,,-0.2622162019186099,not_feasible,fragile_feasibility,fiscally_ordinary,False,fiscally_ordinary,False,6,-0.26151773464603595,not_feasible,fragile_feasibility,fiscally_ordinary,False,fiscally_ordinary,False,6,0.0006984672725739438,False,False,False,robustness,post_baseline_robustness_extension_new_input_series,robustness-lsraw-v1,baseline-official-v3,v1.0.1-official-4c,robustness-lsraw-v1
official_4c_lsraw_robustness_extension_baseline_official_v3,LS_RAW_VS_ADJUSTED_ROBUSTNESS_EXTENSION_2026_07_10,PER,PEN,PEN,low,r4,,-0.2429453782174216,not_feasible,fragile_feasibility,fiscally_ordinary,False,fiscally_ordinary,False,6,-0.24219568850903164,not_feasible,fragile_feasibility,fiscally_ordinary,False,fiscally_ordinary,False,6,0.0007496897083899556,False,False,False,robustness,post_baseline_robustness_extension_new_input_series,robustness-lsraw-v1,baseline-official-v3,v1.0.1-official-4c,robustness-lsraw-v1
official_4c_lsraw_robustness_extension_baseline_official_v3,LS_RAW_VS_ADJUSTED_ROBUSTNESS_EXTENSION_2026_07_10,PER,PEN,PEN,mid,r0,,0.0781898593701847,not_feasible,fragile_feasibility,fiscally_ordinary,False,fiscally_ordinary,False,1,0.06536564380560843,not_feasible,fragile_feasibility,fiscally_ordinary,False,fiscally_ordinary,False,1,-0.012824215564576275,False,False,False,robustness,post_baseline_robustness_extension_new_input_series,robustness-lsraw-v1,baseline-official-v3,v1.0.1-official-4c,robustness-lsraw-v1
official_4c_lsraw_robustness_extension_baseline_official_v3,LS_RAW_VS_ADJUSTED_ROBUSTNESS_EXTENSION_2026_07_10,PER,PEN,PEN,mid,r1,,0.104105996516133,not_feasible,fragile_feasibility,fiscally_ordinary,False,fiscally_ordinary,False,1,0.08661097237271964,not_feasible,fragile_feasibility,fiscally_ordinary,False,fiscally_ordinary,False,1,-0.017495024143413362,False,False,False,robustness,post_baseline_robustness_extension_new_input_series,robustness-lsraw-v1,baseline-official-v3,v1.0.1-official-4c,robustness-lsraw-v1
official_4c_lsraw_robustness_extension_baseline_official_v3,LS_RAW_VS_ADJUSTED_ROBUSTNESS_EXTENSION_2026_07_10,PER,PEN,PEN,mid,r2,,0.1232497556668719,not_feasible,fragile_feasibility,fiscally_ordinary,False,fiscally_ordinary,False,1,0.1049097386212976,not_feasible,fragile_feasibility,fiscally_ordinary,False,fiscally_ordinary,False,1,-0.018340017045574294,False,False,False,robustness,post_baseline_robustness_extension_new_input_series,robustness-lsraw-v1,baseline-official-v3,v1.0.1-official-4c,robustness-lsraw-v1
official_4c_lsraw_robustness_extension_baseline_official_v3,LS_RAW_VS_ADJUSTED_ROBUSTNESS_EXTENSION_2026_07_10,PER,PEN,PEN,mid,r3,,0.0721660346552839,not_feasible,fragile_feasibility,fiscally_ordinary,False,fiscally_ordinary,False,1,0.05655043798285717,not_feasible,fragile_feasibility,fiscally_ordinary,False,fiscally_ordinary,False,1,-0.015615596672426728,False,False,False,robustness,post_baseline_robustness_extension_new_input_series,robustness-lsraw-v1,baseline-official-v3,v1.0.1-official-4c,robustness-lsraw-v1
official_4c_lsraw_robustness_extension_baseline_official_v3,LS_RAW_VS_ADJUSTED_ROBUSTNESS_EXTENSION_2026_07_10,PER,PEN,PEN,mid,r4,,0.1765945556483395,not_feasible,fragile_feasibility,fiscally_ordinary,False,fiscally_ordinary,False,1,0.15655251172281204,not_feasible,fragile_feasibility,fiscally_ordinary,False,fiscally_ordinary,False,1,-0.02004204392552747,False,False,False,robustness,post_baseline_robustness_extension_new_input_series,robustness-lsraw-v1,baseline-official-v3,v1.0.1-official-4c,robustness-lsraw-v1
official_4c_lsraw_robustness_extension_baseline_official_v3,LS_RAW_VS_ADJUSTED_ROBUSTNESS_EXTENSION_2026_07_10,PER,PEN,PEN,stress,r0,,1.0152041145854496,accounting_feasible_debt_failed,fragile_feasibility,fiscally_ordinary,False,fiscally_ordinary,False,1,0.9776613716236902,not_feasible,fragile_feasibility,fiscally_ordinary,False,fiscally_ordinary,False,1,-0.03754274296175941,True,False,False,robustness,post_baseline_robustness_extension_new_input_series,robustness-lsraw-v1,baseline-official-v3,v1.0.1-official-4c,robustness-lsraw-v1
official_4c_lsraw_robustness_extension_baseline_official_v3,LS_RAW_VS_ADJUSTED_ROBUSTNESS_EXTENSION_2026_07_10,PER,PEN,PEN,stress,r1,,1.0926140795425037,accounting_feasible_debt_failed,fragile_feasibility,fiscally_ordinary,False,fiscally_ordinary,False,1,1.0389538532211293,accounting_feasible_debt_failed,fragile_feasibility,fiscally_ordinary,False,fiscally_ordinary,False,1,-0.05366022632137435,False,False,False,robustness,post_baseline_robustness_extension_new_input_series,robustness-lsraw-v1,baseline-official-v3,v1.0.1-official-4c,robustness-lsraw-v1
official_4c_lsraw_robustness_extension_baseline_official_v3,LS_RAW_VS_ADJUSTED_ROBUSTNESS_EXTENSION_2026_07_10,PER,PEN,PEN,stress,r2,,1.15780271593806,accounting_feasible_debt_failed,fragile_feasibility,fiscally_ordinary,False,fiscally_ordinary,False,1,1.101478316232111,accounting_feasible_debt_failed,fragile_feasibility,fiscally_ordinary,False,fiscally_ordinary,False,1,-0.056324399705949046,False,False,False,robustness,post_baseline_robustness_extension_new_input_series,robustness-lsraw-v1,baseline-official-v3,v1.0.1-official-4c,robustness-lsraw-v1
official_4c_lsraw_robustness_extension_baseline_official_v3,LS_RAW_VS_ADJUSTED_ROBUSTNESS_EXTENSION_2026_07_10,PER,PEN,PEN,stress,r3,,1.0499800745562868,accounting_feasible_debt_failed,fragile_feasibility,fiscally_ordinary,False,fiscally_ordinary,False,1,1.0022486128312889,accounting_feasible_debt_failed,fragile_feasibility,fiscally_ordinary,False,fiscally_ordinary,False,1,-0.04773146172499798,False,False,False,robustness,post_baseline_robustness_extension_new_input_series,robustness-lsraw-v1,baseline-official-v3,v1.0.1-official-4c,robustness-lsraw-v1
official_4c_lsraw_robustness_extension_baseline_official_v3,LS_RAW_VS_ADJUSTED_ROBUSTNESS_EXTENSION_2026_07_10,PER,PEN,PEN,stress,r4,,1.4222907379520815,accounting_feasible_debt_failed,fragile_feasibility,fiscally_ordinary,False,fiscally_ordinary,False,1,1.360583406194274,accounting_feasible_debt_failed,fragile_feasibility,fiscally_ordinary,False,fiscally_ordinary,False,1,-0.061707331757807404,False,False,False,robustness,post_baseline_robustness_extension_new_input_series,robustness-lsraw-v1,baseline-official-v3,v1.0.1-official-4c,robustness-lsraw-v1
official_4c_lsraw_robustness_extension_baseline_official_v3,LS_RAW_VS_ADJUSTED_ROBUSTNESS_EXTENSION_2026_07_10,PER,UBI,UBI,high,r0,,0.0055396090237705,not_feasible,stress_benchmark_only,fiscally_ordinary,False,fiscally_ordinary,False,4,0.005300817489857027,not_feasible,stress_benchmark_only,fiscally_ordinary,False,fiscally_ordinary,False,4,-0.00023879153391347368,False,False,False,robustness,post_baseline_robustness_extension_new_input_series,robustness-lsraw-v1,baseline-official-v3,v1.0.1-official-4c,robustness-lsraw-v1
official_4c_lsraw_robustness_extension_baseline_official_v3,LS_RAW_VS_ADJUSTED_ROBUSTNESS_EXTENSION_2026_07_10,PER,UBI,UBI,high,r1,,0.0060780112666424,not_feasible,stress_benchmark_only,fiscally_ordinary,False,fiscally_ordinary,False,4,0.005731319049291719,not_feasible,stress_benchmark_only,fiscally_ordinary,False,fiscally_ordinary,False,4,-0.00034669221735068173,False,False,False,robustness,post_baseline_robustness_extension_new_input_series,robustness-lsraw-v1,baseline-official-v3,v1.0.1-official-4c,robustness-lsraw-v1
official_4c_lsraw_robustness_extension_baseline_official_v3,LS_RAW_VS_ADJUSTED_ROBUSTNESS_EXTENSION_2026_07_10,PER,UBI,UBI,high,r2,,0.0065148641768218,not_feasible,stress_benchmark_only,fiscally_ordinary,False,fiscally_ordinary,False,4,0.006151058454024144,not_feasible,stress_benchmark_only,fiscally_ordinary,False,fiscally_ordinary,False,4,-0.00036380572279765596,False,False,False,robustness,post_baseline_robustness_extension_new_input_series,robustness-lsraw-v1,baseline-official-v3,v1.0.1-official-4c,robustness-lsraw-v1
official_4c_lsraw_robustness_extension_baseline_official_v3,LS_RAW_VS_ADJUSTED_ROBUSTNESS_EXTENSION_2026_07_10,PER,UBI,UBI,high,r3,,0.0055424281451487,not_feasible,stress_benchmark_only,fiscally_ordinary,False,fiscally_ordinary,False,4,0.005234409609137451,not_feasible,stress_benchmark_only,fiscally_ordinary,False,fiscally_ordinary,False,4,-0.0003080185360112486,False,False,False,robustness,post_baseline_robustness_extension_new_input_series,robustness-lsraw-v1,baseline-official-v3,v1.0.1-official-4c,robustness-lsraw-v1
official_4c_lsraw_robustness_extension_baseline_official_v3,LS_RAW_VS_ADJUSTED_ROBUSTNESS_EXTENSION_2026_07_10,PER,UBI,UBI,high,r4,,0.0079353275491899,not_feasible,stress_benchmark_only,fiscally_ordinary,False,fiscally_ordinary,False,4,0.007536962585469301,not_feasible,stress_benchmark_only,fiscally_ordinary,False,fiscally_ordinary,False,4,-0.00039836496372059986,False,False,False,robustness,post_baseline_robustness_extension_new_input_series,robustness-lsraw-v1,baseline-official-v3,v1.0.1-official-4c,robustness-lsraw-v1
official_4c_lsraw_robustness_extension_baseline_official_v3,LS_RAW_VS_ADJUSTED_ROBUSTNESS_EXTENSION_2026_07_10,PER,UBI,UBI,low,r0,,-0.0020403228103652,not_feasible,stress_benchmark_only,fiscally_ordinary,False,fiscally_ordinary,False,1,-0.002004744062141447,not_feasible,stress_benchmark_only,fiscally_ordinary,False,fiscally_ordinary,False,1,3.5578748223753006e-05,False,False,False,robustness,post_baseline_robustness_extension_new_input_series,robustness-lsraw-v1,baseline-official-v3,v1.0.1-official-4c,robustness-lsraw-v1
official_4c_lsraw_robustness_extension_baseline_official_v3,LS_RAW_VS_ADJUSTED_ROBUSTNESS_EXTENSION_2026_07_10,PER,UBI,UBI,low,r1,,-0.0019199319971427,not_feasible,stress_benchmark_only,fiscally_ordinary,False,fiscally_ordinary,False,1,-0.0019018614229670248,not_feasible,stress_benchmark_only,fiscally_ordinary,False,fiscally_ordinary,False,1,1.8070574175675126e-05,False,False,False,robustness,post_baseline_robustness_extension_new_input_series,robustness-lsraw-v1,baseline-official-v3,v1.0.1-official-4c,robustness-lsraw-v1
official_4c_lsraw_robustness_extension_baseline_official_v3,LS_RAW_VS_ADJUSTED_ROBUSTNESS_EXTENSION_2026_07_10,PER,UBI,UBI,low,r2,,-0.0018544678622362,not_feasible,stress_benchmark_only,fiscally_ordinary,False,fiscally_ordinary,False,1,-0.0018358722902137338,not_feasible,stress_benchmark_only,fiscally_ordinary,False,fiscally_ordinary,False,1,1.8595572022466226e-05,False,False,False,robustness,post_baseline_robustness_extension_new_input_series,robustness-lsraw-v1,baseline-official-v3,v1.0.1-official-4c,robustness-lsraw-v1
official_4c_lsraw_robustness_extension_baseline_official_v3,LS_RAW_VS_ADJUSTED_ROBUSTNESS_EXTENSION_2026_07_10,PER,UBI,UBI,low,r3,,-0.0020749941356015,not_feasible,stress_benchmark_only,fiscally_ordinary,False,fiscally_ordinary,False,1,-0.00205676600761855,not_feasible,stress_benchmark_only,fiscally_ordinary,False,fiscally_ordinary,False,1,1.8228127982949666e-05,False,False,False,robustness,post_baseline_robustness_extension_new_input_series,robustness-lsraw-v1,baseline-official-v3,v1.0.1-official-4c,robustness-lsraw-v1
official_4c_lsraw_robustness_extension_baseline_official_v3,LS_RAW_VS_ADJUSTED_ROBUSTNESS_EXTENSION_2026_07_10,PER,UBI,UBI,low,r4,,-0.0016769563108813,not_feasible,stress_benchmark_only,fiscally_ordinary,False,fiscally_ordinary,False,1,-0.0016573914143018789,not_feasible,stress_benchmark_only,fiscally_ordinary,False,fiscally_ordinary,False,1,1.9564896579421075e-05,False,False,False,robustness,post_baseline_robustness_extension_new_input_series,robustness-lsraw-v1,baseline-official-v3,v1.0.1-official-4c,robustness-lsraw-v1
official_4c_lsraw_robustness_extension_baseline_official_v3,LS_RAW_VS_ADJUSTED_ROBUSTNESS_EXTENSION_2026_07_10,PER,UBI,UBI,mid,r0,,0.0068349135400345,not_feasible,stress_benchmark_only,fiscally_ordinary,False,fiscally_ordinary,False,4,0.006500235808133311,not_feasible,stress_benchmark_only,fiscally_ordinary,False,fiscally_ordinary,False,4,-0.0003346777319011892,False,False,False,robustness,post_baseline_robustness_extension_new_input_series,robustness-lsraw-v1,baseline-official-v3,v1.0.1-official-4c,robustness-lsraw-v1
official_4c_lsraw_robustness_extension_baseline_official_v3,LS_RAW_VS_ADJUSTED_ROBUSTNESS_EXTENSION_2026_07_10,PER,UBI,UBI,mid,r1,,0.0074457059524051,not_feasible,stress_benchmark_only,fiscally_ordinary,False,fiscally_ordinary,False,4,0.006989132607206005,not_feasible,stress_benchmark_only,fiscally_ordinary,False,fiscally_ordinary,False,4,-0.0004565733451990942,False,False,False,robustness,post_baseline_robustness_extension_new_input_series,robustness-lsraw-v1,baseline-official-v3,v1.0.1-official-4c,robustness-lsraw-v1
official_4c_lsraw_robustness_extension_baseline_official_v3,LS_RAW_VS_ADJUSTED_ROBUSTNESS_EXTENSION_2026_07_10,PER,UBI,UBI,mid,r2,,0.0079453068722719,not_feasible,stress_benchmark_only,fiscally_ordinary,False,fiscally_ordinary,False,4,0.007466681471994322,not_feasible,stress_benchmark_only,fiscally_ordinary,False,fiscally_ordinary,False,4,-0.00047862540027757746,False,False,False,robustness,post_baseline_robustness_extension_new_input_series,robustness-lsraw-v1,baseline-official-v3,v1.0.1-official-4c,robustness-lsraw-v1
official_4c_lsraw_robustness_extension_baseline_official_v3,LS_RAW_VS_ADJUSTED_ROBUSTNESS_EXTENSION_2026_07_10,PER,UBI,UBI,mid,r3,,0.0066514880387719,not_feasible,stress_benchmark_only,fiscally_ordinary,False,fiscally_ordinary,False,4,0.006243962724627341,not_feasible,stress_benchmark_only,fiscally_ordinary,False,fiscally_ordinary,False,4,-0.00040752531414455905,False,False,False,robustness,post_baseline_robustness_extension_new_input_series,robustness-lsraw-v1,baseline-official-v3,v1.0.1-official-4c,robustness-lsraw-v1
official_4c_lsraw_robustness_extension_baseline_official_v3,LS_RAW_VS_ADJUSTED_ROBUSTNESS_EXTENSION_2026_07_10,PER,UBI,UBI,mid,r4,,0.0092719140353109,not_feasible,stress_benchmark_only,fiscally_ordinary,False,fiscally_ordinary,False,4,0.008748870285002555,not_feasible,stress_benchmark_only,fiscally_ordinary,False,fiscally_ordinary,False,4,-0.000523043750308344,False,False,False,robustness,post_baseline_robustness_extension_new_input_series,robustness-lsraw-v1,baseline-official-v3,v1.0.1-official-4c,robustness-lsraw-v1
official_4c_lsraw_robustness_extension_baseline_official_v3,LS_RAW_VS_ADJUSTED_ROBUSTNESS_EXTENSION_2026_07_10,PER,UBI,UBI,stress,r0,,0.0312884798510033,not_feasible,stress_benchmark_only,fiscally_ordinary,False,fiscally_ordinary,False,6,0.03030871465596892,not_feasible,stress_benchmark_only,fiscally_ordinary,False,fiscally_ordinary,False,6,-0.000979765195034378,False,False,False,robustness,post_baseline_robustness_extension_new_input_series,robustness-lsraw-v1,baseline-official-v3,v1.0.1-official-4c,robustness-lsraw-v1
official_4c_lsraw_robustness_extension_baseline_official_v3,LS_RAW_VS_ADJUSTED_ROBUSTNESS_EXTENSION_2026_07_10,PER,UBI,UBI,stress,r1,,0.0332431234651844,not_feasible,stress_benchmark_only,fiscally_ordinary,False,fiscally_ordinary,False,6,0.031842735055608036,not_feasible,stress_benchmark_only,fiscally_ordinary,False,fiscally_ordinary,False,6,-0.0014003884095763613,False,False,False,robustness,post_baseline_robustness_extension_new_input_series,robustness-lsraw-v1,baseline-official-v3,v1.0.1-official-4c,robustness-lsraw-v1
official_4c_lsraw_robustness_extension_baseline_official_v3,LS_RAW_VS_ADJUSTED_ROBUSTNESS_EXTENSION_2026_07_10,PER,UBI,UBI,stress,r2,,0.0349443725485872,not_feasible,stress_benchmark_only,fiscally_ordinary,False,fiscally_ordinary,False,6,0.03347445633816793,not_feasible,stress_benchmark_only,fiscally_ordinary,False,fiscally_ordinary,False,6,-0.001469916210419267,False,False,False,robustness,post_baseline_robustness_extension_new_input_series,robustness-lsraw-v1,baseline-official-v3,v1.0.1-official-4c,robustness-lsraw-v1
official_4c_lsraw_robustness_extension_baseline_official_v3,LS_RAW_VS_ADJUSTED_ROBUSTNESS_EXTENSION_2026_07_10,PER,UBI,UBI,stress,r3,,0.0321698196238365,not_feasible,stress_benchmark_only,fiscally_ordinary,False,fiscally_ordinary,False,6,0.030924156115607906,not_feasible,stress_benchmark_only,fiscally_ordinary,False,fiscally_ordinary,False,6,-0.0012456635082285922,False,False,False,robustness,post_baseline_robustness_extension_new_input_series,robustness-lsraw-v1,baseline-official-v3,v1.0.1-official-4c,robustness-lsraw-v1
official_4c_lsraw_robustness_extension_baseline_official_v3,LS_RAW_VS_ADJUSTED_ROBUSTNESS_EXTENSION_2026_07_10,PER,UBI,UBI,stress,r4,,0.0417812531704847,not_feasible,stress_benchmark_only,fiscally_ordinary,False,fiscally_ordinary,False,6,0.04017085682847197,not_feasible,stress_benchmark_only,fiscally_ordinary,False,fiscally_ordinary,False,6,-0.0016103963420127307,False,False,False,robustness,post_baseline_robustness_extension_new_input_series,robustness-lsraw-v1,baseline-official-v3,v1.0.1-official-4c,robustness-lsraw-v1
