run_id,model_version,parameter_set_id,dataset_version,country_id,policy_id,requirement_basis,xi,scenario_id,regime_id,endpoint_year,required_revenue_gdp,g_ai_required,mfc_required_gross,t_required_H,tau_ai_required,q_prod_required,q_use_required,aipi_required,exposure_required,existence_condition_pass,impossibility_reason,floor_driven_flag,epsilon_used
pilot_per_tierA_baseline_pilot_v3,deterministic-engine-v1,baseline-pilot-v3,v0.1.2-pilot-per,PER,PEN,baseline,0.0,low,r0,2034,0.006601933931990545,0.06490205220670994,2.7952251754889104,12.616190546871632,,,,,,False,frontier_exceeds_one;ai_rent_capture_impossible,False,1e-09
pilot_per_tierA_baseline_pilot_v3,deterministic-engine-v1,baseline-pilot-v3,v0.1.2-pilot-per,PER,PEN,debt_consistent,0.0,low,r0,2034,0.013708905351027971,0.13476900858972987,5.804280648721115,25.44634168194429,,,,,,False,frontier_exceeds_one;ai_rent_capture_impossible,False,1e-09
pilot_per_tierA_baseline_pilot_v3,deterministic-engine-v1,baseline-pilot-v3,v0.1.2-pilot-per,PER,PEN,baseline,0.05,low,r0,2034,0.006880626195092535,0.06764180998008075,2.9132220591386964,13.133393729434342,,,,,,False,frontier_exceeds_one;ai_rent_capture_impossible,False,1e-09
pilot_per_tierA_baseline_pilot_v3,deterministic-engine-v1,baseline-pilot-v3,v0.1.2-pilot-per,PER,PEN,debt_consistent,0.05,low,r0,2034,0.013987597614129961,0.13750876636310067,5.922277532370901,25.934829863500678,,,,,,False,frontier_exceeds_one;ai_rent_capture_impossible,False,1e-09
pilot_per_tierA_baseline_pilot_v3,deterministic-engine-v1,baseline-pilot-v3,v0.1.2-pilot-per,PER,PEN,baseline,0.1,low,r0,2034,0.007159318458194525,0.07038156775345154,3.0312189427884824,13.649403777052875,,,,,,False,frontier_exceeds_one;ai_rent_capture_impossible,False,1e-09
pilot_per_tierA_baseline_pilot_v3,deterministic-engine-v1,baseline-pilot-v3,v0.1.2-pilot-per,PER,PEN,debt_consistent,0.1,low,r0,2034,0.014266289877231952,0.14024852413647146,6.040274416020687,26.42226029278152,,,,,,False,frontier_exceeds_one;ai_rent_capture_impossible,False,1e-09
pilot_per_tierA_baseline_pilot_v3,deterministic-engine-v1,baseline-pilot-v3,v0.1.2-pilot-per,PER,PEN,baseline,0.25,low,r0,2034,0.007995395247500496,0.07860084107356394,3.3852095937378404,15.190332854904462,,,,,,False,frontier_exceeds_one;ai_rent_capture_impossible,False,1e-09
pilot_per_tierA_baseline_pilot_v3,deterministic-engine-v1,baseline-pilot-v3,v0.1.2-pilot-per,PER,PEN,debt_consistent,0.25,low,r0,2034,0.015102366666537923,0.14846779745658384,6.394265066970045,27.878253136948988,,,,,,False,frontier_exceeds_one;ai_rent_capture_impossible,False,1e-09
pilot_per_tierA_baseline_pilot_v3,deterministic-engine-v1,baseline-pilot-v3,v0.1.2-pilot-per,PER,PEN,baseline,0.5,low,r0,2034,0.009388856563010447,0.0922996299404179,3.97519401198677,17.735217907476297,,,,,,False,frontier_exceeds_one;ai_rent_capture_impossible,False,1e-09
pilot_per_tierA_baseline_pilot_v3,deterministic-engine-v1,baseline-pilot-v3,v0.1.2-pilot-per,PER,PEN,debt_consistent,0.5,low,r0,2034,0.01649582798204787,0.1621665863234378,6.9842494852189745,30.284196534691393,,,,,,False,frontier_exceeds_one;ai_rent_capture_impossible,False,1e-09
pilot_per_tierA_baseline_pilot_v3,deterministic-engine-v1,baseline-pilot-v3,v0.1.2-pilot-per,PER,GMI,baseline,0.0,low,r0,2034,0.045465181376125464,0.44695745302182127,19.249726049954276,75.27460549440097,,,,,,False,frontier_exceeds_one;ai_rent_capture_impossible,False,1e-09
pilot_per_tierA_baseline_pilot_v3,deterministic-engine-v1,baseline-pilot-v3,v0.1.2-pilot-per,PER,GMI,debt_consistent,0.0,low,r0,2034,0.05257215279516289,0.5168244094048412,22.25878152318648,85.08386000679474,,,,,,False,frontier_exceeds_one;ai_rent_capture_impossible,False,1e-09
pilot_per_tierA_baseline_pilot_v3,deterministic-engine-v1,baseline-pilot-v3,v0.1.2-pilot-per,PER,GMI,baseline,0.05,low,r0,2034,0.04755558740859928,0.4675077406875948,20.134793308905614,78.20332692781501,,,,,,False,frontier_exceeds_one;ai_rent_capture_impossible,False,1e-09
pilot_per_tierA_baseline_pilot_v3,deterministic-engine-v1,baseline-pilot-v3,v0.1.2-pilot-per,PER,GMI,debt_consistent,0.05,low,r0,2034,0.05466255882763671,0.5373746970706148,23.14384878213782,87.89170345451494,,,,,,False,frontier_exceeds_one;ai_rent_capture_impossible,False,1e-09
pilot_per_tierA_baseline_pilot_v3,deterministic-engine-v1,baseline-pilot-v3,v0.1.2-pilot-per,PER,GMI,baseline,0.1,low,r0,2034,0.049645993441073094,0.4880580283533683,21.01986056785695,81.09536706596337,,,,,,False,frontier_exceeds_one;ai_rent_capture_impossible,False,1e-09
pilot_per_tierA_baseline_pilot_v3,deterministic-engine-v1,baseline-pilot-v3,v0.1.2-pilot-per,PER,GMI,debt_consistent,0.1,low,r0,2034,0.05675296486011052,0.5579249847363882,24.028916041089154,90.66596831150896,,,,,,False,frontier_exceeds_one;ai_rent_capture_impossible,False,1e-09
pilot_per_tierA_baseline_pilot_v3,deterministic-engine-v1,baseline-pilot-v3,v0.1.2-pilot-per,PER,GMI,baseline,0.25,low,r0,2034,0.05591721153849453,0.5497088913506888,23.67506234471096,89.56077980061981,,,,,,False,frontier_exceeds_one;ai_rent_capture_impossible,False,1e-09
pilot_per_tierA_baseline_pilot_v3,deterministic-engine-v1,baseline-pilot-v3,v0.1.2-pilot-per,PER,GMI,debt_consistent,0.25,low,r0,2034,0.06302418295753195,0.6195758477337087,26.684117817943164,98.79550224945733,,,,,,False,frontier_exceeds_one;ai_rent_capture_impossible,False,1e-09
pilot_per_tierA_baseline_pilot_v3,deterministic-engine-v1,baseline-pilot-v3,v0.1.2-pilot-per,PER,GMI,baseline,0.5,low,r0,2034,0.0663692417008636,0.6524603296795564,28.10039863946764,103.01853268589657,,,,,,False,frontier_exceeds_one;ai_rent_capture_impossible,False,1e-09
pilot_per_tierA_baseline_pilot_v3,deterministic-engine-v1,baseline-pilot-v3,v0.1.2-pilot-per,PER,GMI,debt_consistent,0.5,low,r0,2034,0.07347621311990102,0.7223272860625761,31.109454112699844,111.74543416568282,,,,,,False,frontier_exceeds_one;ai_rent_capture_impossible,False,1e-09
pilot_per_tierA_baseline_pilot_v3,deterministic-engine-v1,baseline-pilot-v3,v0.1.2-pilot-per,PER,MUT,baseline,0.0,low,r0,2034,0.05435609552022147,0.5343619287239149,23.01409377988011,87.48218142180772,,,,,,False,frontier_exceeds_one;ai_rent_capture_impossible,False,1e-09
pilot_per_tierA_baseline_pilot_v3,deterministic-engine-v1,baseline-pilot-v3,v0.1.2-pilot-per,PER,MUT,debt_consistent,0.0,low,r0,2034,0.0614630669392589,0.6042288851069348,26.023149253112315,96.79816971325606,,,,,,False,frontier_exceeds_one;ai_rent_capture_impossible,False,1e-09
pilot_per_tierA_baseline_pilot_v3,deterministic-engine-v1,baseline-pilot-v3,v0.1.2-pilot-per,PER,MUT,baseline,0.05,low,r0,2034,0.05702583502529659,0.5606075068411225,24.14444787815768,91.02567221166761,,,,,,False,frontier_exceeds_one;ai_rent_capture_impossible,False,1e-09
pilot_per_tierA_baseline_pilot_v3,deterministic-engine-v1,baseline-pilot-v3,v0.1.2-pilot-per,PER,MUT,debt_consistent,0.05,low,r0,2034,0.06413280644433401,0.6304744632241424,27.153503351389887,100.20358649300213,,,,,,False,frontier_exceeds_one;ai_rent_capture_impossible,False,1e-09
pilot_per_tierA_baseline_pilot_v3,deterministic-engine-v1,baseline-pilot-v3,v0.1.2-pilot-per,PER,MUT,baseline,0.1,low,r0,2034,0.0596955745303717,0.58685308495833,25.274801976435253,94.51592972664066,,,,,,False,frontier_exceeds_one;ai_rent_capture_impossible,False,1e-09
pilot_per_tierA_baseline_pilot_v3,deterministic-engine-v1,baseline-pilot-v3,v0.1.2-pilot-per,PER,MUT,debt_consistent,0.1,low,r0,2034,0.06680254594940913,0.6567200413413499,28.283857449667455,103.56002089475899,,,,,,False,frontier_exceeds_one;ai_rent_capture_impossible,False,1e-09
pilot_per_tierA_baseline_pilot_v3,deterministic-engine-v1,baseline-pilot-v3,v0.1.2-pilot-per,PER,MUT,baseline,0.25,low,r0,2034,0.06770479304559703,0.6655898193099525,28.665864271267953,104.68352457887418,,,,,,False,frontier_exceeds_one;ai_rent_capture_impossible,False,1e-09
pilot_per_tierA_baseline_pilot_v3,deterministic-engine-v1,baseline-pilot-v3,v0.1.2-pilot-per,PER,MUT,debt_consistent,0.25,low,r0,2034,0.07481176446463444,0.7354567756929723,31.674919744500155,113.34974508535561,,,,,,False,frontier_exceeds_one;ai_rent_capture_impossible,False,1e-09
pilot_per_tierA_baseline_pilot_v3,deterministic-engine-v1,baseline-pilot-v3,v0.1.2-pilot-per,PER,MUT,baseline,0.5,low,r0,2034,0.0810534905709726,0.7968177098959902,34.3176347626558,120.70567039412957,,,,,,False,frontier_exceeds_one;ai_rent_capture_impossible,False,1e-09
pilot_per_tierA_baseline_pilot_v3,deterministic-engine-v1,baseline-pilot-v3,v0.1.2-pilot-per,PER,MUT,debt_consistent,0.5,low,r0,2034,0.08816046199001001,0.8666846662790101,37.326690235888,128.81093151443233,,,,,,False,frontier_exceeds_one;ai_rent_capture_impossible,False,1e-09
pilot_per_tierA_baseline_pilot_v3,deterministic-engine-v1,baseline-pilot-v3,v0.1.2-pilot-per,PER,PBI,baseline,0.0,low,r0,2034,0.08055582015021372,0.7919252296072502,34.1069236432275,120.12752350860269,,,,,,False,frontier_exceeds_one;ai_rent_capture_impossible,False,1e-09
pilot_per_tierA_baseline_pilot_v3,deterministic-engine-v1,baseline-pilot-v3,v0.1.2-pilot-per,PER,PBI,debt_consistent,0.0,low,r0,2034,0.08766279156925114,0.86179218599027,37.11597911645971,128.25232244382204,,,,,,False,frontier_exceeds_one;ai_rent_capture_impossible,False,1e-09
pilot_per_tierA_baseline_pilot_v3,deterministic-engine-v1,baseline-pilot-v3,v0.1.2-pilot-per,PER,PBI,baseline,0.05,low,r0,2034,0.08454054588678844,0.8310981265869414,35.794036209186494,124.71731685616791,,,,,,False,frontier_exceeds_one;ai_rent_capture_impossible,False,1e-09
pilot_per_tierA_baseline_pilot_v3,deterministic-engine-v1,baseline-pilot-v3,v0.1.2-pilot-per,PER,PBI,debt_consistent,0.05,low,r0,2034,0.09164751730582588,0.9009650829699614,38.8030916824187,132.6884141400026,,,,,,False,frontier_exceeds_one;ai_rent_capture_impossible,False,1e-09
pilot_per_tierA_baseline_pilot_v3,deterministic-engine-v1,baseline-pilot-v3,v0.1.2-pilot-per,PER,PBI,baseline,0.1,low,r0,2034,0.08852527162336317,0.8702710235666327,37.48114877514548,129.21957493026383,,,,,,False,frontier_exceeds_one;ai_rent_capture_impossible,False,1e-09
pilot_per_tierA_baseline_pilot_v3,deterministic-engine-v1,baseline-pilot-v3,v0.1.2-pilot-per,PER,PBI,debt_consistent,0.1,low,r0,2034,0.09563224304240059,0.9401379799496525,40.49020424837768,137.04298329396235,,,,,,False,frontier_exceeds_one;ai_rent_capture_impossible,False,1e-09
pilot_per_tierA_baseline_pilot_v3,deterministic-engine-v1,baseline-pilot-v3,v0.1.2-pilot-per,PER,PBI,baseline,0.25,low,r0,2034,0.10047944883308733,0.9877897145057063,42.542486473022436,142.23464979615898,,,,,,False,frontier_exceeds_one;ai_rent_capture_impossible,False,1e-09
pilot_per_tierA_baseline_pilot_v3,deterministic-engine-v1,baseline-pilot-v3,v0.1.2-pilot-per,PER,PBI,debt_consistent,0.25,low,r0,2034,0.10758642025212475,1.057656670888726,45.55154194625464,149.6476828094782,,,,,,False,frontier_exceeds_one;ai_rent_capture_impossible,False,1e-09
pilot_per_tierA_baseline_pilot_v3,deterministic-engine-v1,baseline-pilot-v3,v0.1.2-pilot-per,PER,PBI,baseline,0.5,low,r0,2034,0.12040307751596097,1.1836541994041625,50.97804930281736,162.46149034847969,,,,,,False,frontier_exceeds_one;ai_rent_capture_impossible,False,1e-09
pilot_per_tierA_baseline_pilot_v3,deterministic-engine-v1,baseline-pilot-v3,v0.1.2-pilot-per,PER,PBI,debt_consistent,0.5,low,r0,2034,0.1275100489349984,1.2535211557871826,53.98710477604957,169.2827341769809,,,,,,False,frontier_exceeds_one;ai_rent_capture_impossible,False,1e-09
pilot_per_tierA_baseline_pilot_v3,deterministic-engine-v1,baseline-pilot-v3,v0.1.2-pilot-per,PER,UBI,baseline,0.0,low,r0,2034,0.21457272690847207,2.1094137668461777,90.84899885495051,240.2570224765717,,,,,,False,frontier_exceeds_one;ai_rent_capture_impossible,False,1e-09
pilot_per_tierA_baseline_pilot_v3,deterministic-engine-v1,baseline-pilot-v3,v0.1.2-pilot-per,PER,UBI,debt_consistent,0.0,low,r0,2034,0.2216796983275095,2.1792807232291973,93.85805432818272,245.24058197159653,,,,,,False,frontier_exceeds_one;ai_rent_capture_impossible,False,1e-09
pilot_per_tierA_baseline_pilot_v3,deterministic-engine-v1,baseline-pilot-v3,v0.1.2-pilot-per,PER,UBI,baseline,0.05,low,r0,2034,0.22525168492877254,2.2143960793150077,95.3704152480608,247.7082241842796,,,,,,False,frontier_exceeds_one;ai_rent_capture_impossible,False,1e-09
pilot_per_tierA_baseline_pilot_v3,deterministic-engine-v1,baseline-pilot-v3,v0.1.2-pilot-per,PER,UBI,debt_consistent,0.05,low,r0,2034,0.23235865634780997,2.284263035698028,98.379470721293,252.54662387873756,,,,,,False,frontier_exceeds_one;ai_rent_capture_impossible,False,1e-09
pilot_per_tierA_baseline_pilot_v3,deterministic-engine-v1,baseline-pilot-v3,v0.1.2-pilot-per,PER,UBI,baseline,0.1,low,r0,2034,0.23593064294907298,2.3193783917838378,99.89183164117107,254.9435377756738,,,,,,False,frontier_exceeds_one;ai_rent_capture_impossible,False,1e-09
pilot_per_tierA_baseline_pilot_v3,deterministic-engine-v1,baseline-pilot-v3,v0.1.2-pilot-per,PER,UBI,debt_consistent,0.1,low,r0,2034,0.24303761436811042,2.389245348166858,102.90088711440328,259.6454243729866,,,,,,False,frontier_exceeds_one;ai_rent_capture_impossible,False,1e-09
pilot_per_tierA_baseline_pilot_v3,deterministic-engine-v1,baseline-pilot-v3,v0.1.2-pilot-per,PER,UBI,baseline,0.25,low,r0,2034,0.26796751700997434,2.6343253291903284,113.4560808205019,275.4766103782959,,,,,,False,frontier_exceeds_one;ai_rent_capture_impossible,False,1e-09
pilot_per_tierA_baseline_pilot_v3,deterministic-engine-v1,baseline-pilot-v3,v0.1.2-pilot-per,PER,UBI,debt_consistent,0.25,low,r0,2034,0.2750744884290118,2.7041922855733485,116.4651362937341,279.8136414024943,,,,,,False,frontier_exceeds_one;ai_rent_capture_impossible,False,1e-09
pilot_per_tierA_baseline_pilot_v3,deterministic-engine-v1,baseline-pilot-v3,v0.1.2-pilot-per,PER,UBI,baseline,0.5,low,r0,2034,0.3213623071114766,3.1592368915344795,136.06316278605328,306.38264442609176,,,,,,False,frontier_exceeds_one;ai_rent_capture_impossible,False,1e-09
pilot_per_tierA_baseline_pilot_v3,deterministic-engine-v1,baseline-pilot-v3,v0.1.2-pilot-per,PER,UBI,debt_consistent,0.5,low,r0,2034,0.32846927853051405,3.229103847917499,139.0722182592855,310.2279330753035,,,,,,False,frontier_exceeds_one;ai_rent_capture_impossible,False,1e-09
pilot_per_tierA_baseline_pilot_v3,deterministic-engine-v1,baseline-pilot-v3,v0.1.2-pilot-per,PER,PEN,baseline,0.0,low,r1,2034,0.0065819339319905445,0.061469726975545036,2.786757277432723,11.966553972891688,,,,,,False,frontier_exceeds_one;ai_rent_capture_impossible,False,1e-09
pilot_per_tierA_baseline_pilot_v3,deterministic-engine-v1,baseline-pilot-v3,v0.1.2-pilot-per,PER,PEN,debt_consistent,0.0,low,r1,2034,0.013688905351027972,0.12784286248028168,5.795812750664929,24.20668694215511,,,,,,False,frontier_exceeds_one;ai_rent_capture_impossible,False,1e-09
pilot_per_tierA_baseline_pilot_v3,deterministic-engine-v1,baseline-pilot-v3,v0.1.2-pilot-per,PER,PEN,baseline,0.05,low,r1,2034,0.006860626195092535,0.0640724783097407,2.904754161082509,12.459349883861698,,,,,,False,frontier_exceeds_one;ai_rent_capture_impossible,False,1e-09
pilot_per_tierA_baseline_pilot_v3,deterministic-engine-v1,baseline-pilot-v3,v0.1.2-pilot-per,PER,PEN,debt_consistent,0.05,low,r1,2034,0.01396759761412996,0.13044561381447733,5.913809634314714,24.673333812387508,,,,,,False,frontier_exceeds_one;ai_rent_capture_impossible,False,1e-09
pilot_per_tierA_baseline_pilot_v3,deterministic-engine-v1,baseline-pilot-v3,v0.1.2-pilot-per,PER,PEN,baseline,0.1,low,r1,2034,0.007139318458194525,0.06667522964393637,3.022751044732295,12.95106213305806,,,,,,False,frontier_exceeds_one;ai_rent_capture_impossible,False,1e-09
pilot_per_tierA_baseline_pilot_v3,deterministic-engine-v1,baseline-pilot-v3,v0.1.2-pilot-per,PER,PEN,debt_consistent,0.1,low,r1,2034,0.014246289877231953,0.13304836514867302,6.031806517964501,25.13901471061796,,,,,,False,frontier_exceeds_one;ai_rent_capture_impossible,False,1e-09
pilot_per_tierA_baseline_pilot_v3,deterministic-engine-v1,baseline-pilot-v3,v0.1.2-pilot-per,PER,PEN,baseline,0.25,low,r1,2034,0.007975395247500495,0.07448348364652335,3.376741695681653,14.419746918174859,,,,,,False,frontier_exceeds_one;ai_rent_capture_impossible,False,1e-09
pilot_per_tierA_baseline_pilot_v3,deterministic-engine-v1,baseline-pilot-v3,v0.1.2-pilot-per,PER,PEN,debt_consistent,0.25,low,r1,2034,0.015082366666537922,0.14085661915126,6.385797168913858,26.53030355042344,,,,,,False,frontier_exceeds_one;ai_rent_capture_impossible,False,1e-09
pilot_per_tierA_baseline_pilot_v3,deterministic-engine-v1,baseline-pilot-v3,v0.1.2-pilot-per,PER,PEN,baseline,0.5,low,r1,2034,0.009368856563010446,0.08749724031750167,3.9667261139305823,16.84634317234587,,,,,,False,frontier_exceeds_one;ai_rent_capture_impossible,False,1e-09
pilot_per_tierA_baseline_pilot_v3,deterministic-engine-v1,baseline-pilot-v3,v0.1.2-pilot-per,PER,PEN,debt_consistent,0.5,low,r1,2034,0.016475827982047872,0.1538703758222383,6.975781587162787,28.830186494565325,,,,,,False,frontier_exceeds_one;ai_rent_capture_impossible,False,1e-09
pilot_per_tierA_baseline_pilot_v3,deterministic-engine-v1,baseline-pilot-v3,v0.1.2-pilot-per,PER,GMI,baseline,0.0,low,r1,2034,0.04541518137612546,0.4241395961401,19.228556304813807,71.9785343589087,,,,,,False,frontier_exceeds_one;ai_rent_capture_impossible,False,1e-09
pilot_per_tierA_baseline_pilot_v3,deterministic-engine-v1,baseline-pilot-v3,v0.1.2-pilot-per,PER,GMI,debt_consistent,0.0,low,r1,2034,0.05252215279516289,0.4905127316448366,22.237611778046013,81.43841037356711,,,,,,False,frontier_exceeds_one;ai_rent_capture_impossible,False,1e-09
pilot_per_tierA_baseline_pilot_v3,deterministic-engine-v1,baseline-pilot-v3,v0.1.2-pilot-per,PER,GMI,baseline,0.05,low,r1,2034,0.04750558740859928,0.44366223027953705,20.113623563765145,74.80150863087623,,,,,,False,frontier_exceeds_one;ai_rent_capture_impossible,False,1e-09
pilot_per_tierA_baseline_pilot_v3,deterministic-engine-v1,baseline-pilot-v3,v0.1.2-pilot-per,PER,GMI,debt_consistent,0.05,low,r1,2034,0.05461255882763671,0.5100353657842737,23.12267903699735,84.14872752646512,,,,,,False,frontier_exceeds_one;ai_rent_capture_impossible,False,1e-09
pilot_per_tierA_baseline_pilot_v3,deterministic-engine-v1,baseline-pilot-v3,v0.1.2-pilot-per,PER,GMI,baseline,0.1,low,r1,2034,0.04959599344107309,0.46318486441897405,20.998690822716483,77.59033207966148,,,,,,False,frontier_exceeds_one;ai_rent_capture_impossible,False,1e-09
pilot_per_tierA_baseline_pilot_v3,deterministic-engine-v1,baseline-pilot-v3,v0.1.2-pilot-per,PER,GMI,debt_consistent,0.1,low,r1,2034,0.05670296486011052,0.5295579999237108,24.00774629594869,86.82768965486765,,,,,,False,frontier_exceeds_one;ai_rent_capture_impossible,False,1e-09
pilot_per_tierA_baseline_pilot_v3,deterministic-engine-v1,baseline-pilot-v3,v0.1.2-pilot-per,PER,GMI,baseline,0.25,low,r1,2034,0.05586721153849453,0.5217527668372851,23.65389259957049,85.760342046744,,,,,,False,frontier_exceeds_one;ai_rent_capture_impossible,False,1e-09
pilot_per_tierA_baseline_pilot_v3,deterministic-engine-v1,baseline-pilot-v3,v0.1.2-pilot-per,PER,GMI,debt_consistent,0.25,low,r1,2034,0.06297418295753196,0.5881259023420218,26.6629480728027,94.68387057392502,,,,,,False,frontier_exceeds_one;ai_rent_capture_impossible,False,1e-09
pilot_per_tierA_baseline_pilot_v3,deterministic-engine-v1,baseline-pilot-v3,v0.1.2-pilot-per,PER,GMI,baseline,0.5,low,r1,2034,0.0663192417008636,0.6193659375344704,28.079228894327176,98.76829856648395,,,,,,False,frontier_exceeds_one;ai_rent_capture_impossible,False,1e-09
pilot_per_tierA_baseline_pilot_v3,deterministic-engine-v1,baseline-pilot-v3,v0.1.2-pilot-per,PER,GMI,debt_consistent,0.5,low,r1,2034,0.07342621311990102,0.685739073039207,31.08828436755938,107.21588248651041,,,,,,False,frontier_exceeds_one;ai_rent_capture_impossible,False,1e-09
pilot_per_tierA_baseline_pilot_v3,deterministic-engine-v1,baseline-pilot-v3,v0.1.2-pilot-per,PER,MUT,baseline,0.0,low,r1,2034,0.054343595520221465,0.5075234747133381,23.008801343594993,83.80177687517633,,,,,,False,frontier_exceeds_one;ai_rent_capture_impossible,False,1e-09
pilot_per_tierA_baseline_pilot_v3,deterministic-engine-v1,baseline-pilot-v3,v0.1.2-pilot-per,PER,MUT,debt_consistent,0.0,low,r1,2034,0.06145056693925889,0.5738966102180748,26.017856816827198,92.79946520982385,,,,,,False,frontier_exceeds_one;ai_rent_capture_impossible,False,1e-09
pilot_per_tierA_baseline_pilot_v3,deterministic-engine-v1,baseline-pilot-v3,v0.1.2-pilot-per,PER,MUT,baseline,0.05,low,r1,2034,0.05701333502529658,0.5324565962196435,24.139155441872564,87.22281810833438,,,,,,False,frontier_exceeds_one;ai_rent_capture_impossible,False,1e-09
pilot_per_tierA_baseline_pilot_v3,deterministic-engine-v1,baseline-pilot-v3,v0.1.2-pilot-per,PER,MUT,debt_consistent,0.05,low,r1,2034,0.064120306444334,0.5988297317243801,27.148210915104766,96.09140540243281,,,,,,False,frontier_exceeds_one;ai_rent_capture_impossible,False,1e-09
pilot_per_tierA_baseline_pilot_v3,deterministic-engine-v1,baseline-pilot-v3,v0.1.2-pilot-per,PER,MUT,baseline,0.1,low,r1,2034,0.059683074530371694,0.5573897177259488,25.269509540150132,90.59412675370447,,,,,,False,frontier_exceeds_one;ai_rent_capture_impossible,False,1e-09
pilot_per_tierA_baseline_pilot_v3,deterministic-engine-v1,baseline-pilot-v3,v0.1.2-pilot-per,PER,MUT,debt_consistent,0.1,low,r1,2034,0.06679004594940913,0.6237628532306855,28.27856501338234,99.33746277499483,,,,,,False,frontier_exceeds_one;ai_rent_capture_impossible,False,1e-09
pilot_per_tierA_baseline_pilot_v3,deterministic-engine-v1,baseline-pilot-v3,v0.1.2-pilot-per,PER,MUT,baseline,0.25,low,r1,2034,0.06769229304559703,0.6321890822448646,28.660571834982836,100.42434101149662,,,,,,False,frontier_exceeds_one;ai_rent_capture_impossible,False,1e-09
pilot_per_tierA_baseline_pilot_v3,deterministic-engine-v1,baseline-pilot-v3,v0.1.2-pilot-per,PER,MUT,debt_consistent,0.25,low,r1,2034,0.07479926446463445,0.6985622177496011,31.66962730821504,108.81334690827192,,,,,,False,frontier_exceeds_one;ai_rent_capture_impossible,False,1e-09
pilot_per_tierA_baseline_pilot_v3,deterministic-engine-v1,baseline-pilot-v3,v0.1.2-pilot-per,PER,MUT,baseline,0.5,low,r1,2034,0.0810409905709726,0.756854689776391,34.31234232637068,115.94112689073411,,,,,,False,frontier_exceeds_one;ai_rent_capture_impossible,False,1e-09
pilot_per_tierA_baseline_pilot_v3,deterministic-engine-v1,baseline-pilot-v3,v0.1.2-pilot-per,PER,MUT,debt_consistent,0.5,low,r1,2034,0.08814796199001002,0.8232278252811276,37.321397799602885,123.80231416561335,,,,,,False,frontier_exceeds_one;ai_rent_capture_impossible,False,1e-09
pilot_per_tierA_baseline_pilot_v3,deterministic-engine-v1,baseline-pilot-v3,v0.1.2-pilot-per,PER,PBI,baseline,0.0,low,r1,2034,0.0805433201502137,0.7522068666283696,34.101631206942386,115.38067941759583,,,,,,False,frontier_exceeds_one;ai_rent_capture_impossible,False,1e-09
pilot_per_tierA_baseline_pilot_v3,deterministic-engine-v1,baseline-pilot-v3,v0.1.2-pilot-per,PER,PBI,debt_consistent,0.0,low,r1,2034,0.08765029156925114,0.8185800021331062,37.110686680174595,123.26028648562807,,,,,,False,frontier_exceeds_one;ai_rent_capture_impossible,False,1e-09
pilot_per_tierA_baseline_pilot_v3,deterministic-engine-v1,baseline-pilot-v3,v0.1.2-pilot-per,PER,PBI,baseline,0.05,low,r1,2034,0.08452804588678843,0.789420853525014,35.78874377290137,119.8310301717814,,,,,,False,frontier_exceeds_one;ai_rent_capture_impossible,False,1e-09
pilot_per_tierA_baseline_pilot_v3,deterministic-engine-v1,baseline-pilot-v3,v0.1.2-pilot-per,PER,PBI,debt_consistent,0.05,low,r1,2034,0.09163501730582585,0.8557939890297506,38.79779924613357,127.56566031369616,,,,,,False,frontier_exceeds_one;ai_rent_capture_impossible,False,1e-09
pilot_per_tierA_baseline_pilot_v3,deterministic-engine-v1,baseline-pilot-v3,v0.1.2-pilot-per,PER,PBI,baseline,0.1,low,r1,2034,0.08851277162336316,0.8266348404216586,37.47585633886036,124.19884986490217,,,,,,False,frontier_exceeds_one;ai_rent_capture_impossible,False,1e-09
pilot_per_tierA_baseline_pilot_v3,deterministic-engine-v1,baseline-pilot-v3,v0.1.2-pilot-per,PER,PBI,debt_consistent,0.1,low,r1,2034,0.09561974304240059,0.8930079759263952,40.48491181209256,131.79402211454936,,,,,,False,frontier_exceeds_one;ai_rent_capture_impossible,False,1e-09
pilot_per_tierA_baseline_pilot_v3,deterministic-engine-v1,baseline-pilot-v3,v0.1.2-pilot-per,PER,PBI,baseline,0.25,low,r1,2034,0.10046694883308732,0.938276801111592,42.53719403673731,136.83788771530376,,,,,,False,frontier_exceeds_one;ai_rent_capture_impossible,False,1e-09
pilot_per_tierA_baseline_pilot_v3,deterministic-engine-v1,baseline-pilot-v3,v0.1.2-pilot-per,PER,PBI,debt_consistent,0.25,low,r1,2034,0.10757392025212476,1.0046499366163286,45.54624950996952,144.04477229558918,,,,,,False,frontier_exceeds_one;ai_rent_capture_impossible,False,1e-09
pilot_per_tierA_baseline_pilot_v3,deterministic-engine-v1,baseline-pilot-v3,v0.1.2-pilot-per,PER,PBI,baseline,0.5,low,r1,2034,0.12039057751596095,1.1243467355948145,50.972756866532244,156.5152618442908,,,,,,False,frontier_exceeds_one;ai_rent_capture_impossible,False,1e-09
pilot_per_tierA_baseline_pilot_v3,deterministic-engine-v1,baseline-pilot-v3,v0.1.2-pilot-per,PER,PBI,debt_consistent,0.5,low,r1,2034,0.12749754893499837,1.190719871099551,53.981812339764446,163.16018342883942,,,,,,False,frontier_exceeds_one;ai_rent_capture_impossible,False,1e-09
pilot_per_tierA_baseline_pilot_v3,deterministic-engine-v1,baseline-pilot-v3,v0.1.2-pilot-per,PER,UBI,baseline,0.0,low,r1,2034,0.21456522690847207,2.003858752274178,90.84582339317944,232.5333048684331,,,,,,False,frontier_exceeds_one;ai_rent_capture_impossible,False,1e-09
pilot_per_tierA_baseline_pilot_v3,deterministic-engine-v1,baseline-pilot-v3,v0.1.2-pilot-per,PER,UBI,debt_consistent,0.0,low,r1,2034,0.2216721983275095,2.0702318877789145,93.85487886641165,237.41792690767033,,,,,,False,frontier_exceeds_one;ai_rent_capture_impossible,False,1e-09
pilot_per_tierA_baseline_pilot_v3,deterministic-engine-v1,baseline-pilot-v3,v0.1.2-pilot-per,PER,UBI,baseline,0.05,low,r1,2034,0.22524418492877255,2.1035912382993995,95.36723978628973,239.8371695412551,,,,,,False,frontier_exceeds_one;ai_rent_capture_impossible,False,1e-09
pilot_per_tierA_baseline_pilot_v3,deterministic-engine-v1,baseline-pilot-v3,v0.1.2-pilot-per,PER,UBI,debt_consistent,0.05,low,r1,2034,0.23235115634780998,2.169964373804136,98.37629525952194,244.58178264844562,,,,,,False,frontier_exceeds_one;ai_rent_capture_impossible,False,1e-09
pilot_per_tierA_baseline_pilot_v3,deterministic-engine-v1,baseline-pilot-v3,v0.1.2-pilot-per,PER,UBI,baseline,0.1,low,r1,2034,0.235923142949073,2.2033237243246204,99.8886561794,246.9327726052507,,,,,,False,frontier_exceeds_one;ai_rent_capture_impossible,False,1e-09
pilot_per_tierA_baseline_pilot_v3,deterministic-engine-v1,baseline-pilot-v3,v0.1.2-pilot-per,PER,UBI,debt_consistent,0.1,low,r1,2034,0.24303011436811042,2.269696859829357,102.89771165263221,251.54558775291463,,,,,,False,frontier_exceeds_one;ai_rent_capture_impossible,False,1e-09
pilot_per_tierA_baseline_pilot_v3,deterministic-engine-v1,baseline-pilot-v3,v0.1.2-pilot-per,PER,UBI,baseline,0.25,low,r1,2034,0.26796001700997435,2.502521182400284,113.45290535873083,267.0864054840597,,,,,,False,frontier_exceeds_one;ai_rent_capture_impossible,False,1e-09
pilot_per_tierA_baseline_pilot_v3,deterministic-engine-v1,baseline-pilot-v3,v0.1.2-pilot-per,PER,UBI,debt_consistent,0.25,low,r1,2034,0.2750669884290118,2.5688943179050203,116.46196083196304,271.3463555698087,,,,,,False,frontier_exceeds_one;ai_rent_capture_impossible,False,1e-09
pilot_per_tierA_baseline_pilot_v3,deterministic-engine-v1,baseline-pilot-v3,v0.1.2-pilot-per,PER,UBI,baseline,0.5,low,r1,2034,0.3213548071114766,3.0011836125263898,136.05998732428222,297.4646816318355,,,,,,False,frontier_exceeds_one;ai_rent_capture_impossible,False,1e-09
pilot_per_tierA_baseline_pilot_v3,deterministic-engine-v1,baseline-pilot-v3,v0.1.2-pilot-per,PER,UBI,debt_consistent,0.5,low,r1,2034,0.32846177853051406,3.067556748031126,139.06904279751444,301.24764847735264,,,,,,False,frontier_exceeds_one;ai_rent_capture_impossible,False,1e-09
pilot_per_tierA_baseline_pilot_v3,deterministic-engine-v1,baseline-pilot-v3,v0.1.2-pilot-per,PER,PEN,baseline,0.0,low,r2,2034,0.0065819339319905445,0.05884590360055672,2.786757277432723,11.4686663677918,,,,,,False,frontier_exceeds_one;ai_rent_capture_impossible,False,1e-09
pilot_per_tierA_baseline_pilot_v3,deterministic-engine-v1,baseline-pilot-v3,v0.1.2-pilot-per,PER,PEN,debt_consistent,0.0,low,r2,2034,0.013688905351027972,0.12238591468816559,5.795812750664929,23.225157092702347,,,,,,False,frontier_exceeds_one;ai_rent_capture_impossible,False,1e-09
pilot_per_tierA_baseline_pilot_v3,deterministic-engine-v1,baseline-pilot-v3,v0.1.2-pilot-per,PER,PEN,baseline,0.05,low,r2,2034,0.006860626195092535,0.06133755699880968,2.904754161082509,11.941500363992645,,,,,,False,frontier_exceeds_one;ai_rent_capture_impossible,False,1e-09
pilot_per_tierA_baseline_pilot_v3,deterministic-engine-v1,baseline-pilot-v3,v0.1.2-pilot-per,PER,PEN,debt_consistent,0.05,low,r2,2034,0.01396759761412996,0.12487756808641853,5.913809634314714,23.673857205052272,,,,,,False,frontier_exceeds_one;ai_rent_capture_impossible,False,1e-09
pilot_per_tierA_baseline_pilot_v3,deterministic-engine-v1,baseline-pilot-v3,v0.1.2-pilot-per,PER,PEN,baseline,0.1,low,r2,2034,0.007139318458194525,0.06382921039706264,3.022751044732295,12.413336367983732,,,,,,False,frontier_exceeds_one;ai_rent_capture_impossible,False,1e-09
pilot_per_tierA_baseline_pilot_v3,deterministic-engine-v1,baseline-pilot-v3,v0.1.2-pilot-per,PER,PEN,debt_consistent,0.1,low,r2,2034,0.014246289877231953,0.1273692214846715,6.031806517964501,24.121663705888523,,,,,,False,frontier_exceeds_one;ai_rent_capture_impossible,False,1e-09
pilot_per_tierA_baseline_pilot_v3,deterministic-engine-v1,baseline-pilot-v3,v0.1.2-pilot-per,PER,PEN,baseline,0.25,low,r2,2034,0.007975395247500495,0.07130417059182152,3.376741695681653,13.822900641720283,,,,,,False,frontier_exceeds_one;ai_rent_capture_impossible,False,1e-09
pilot_per_tierA_baseline_pilot_v3,deterministic-engine-v1,baseline-pilot-v3,v0.1.2-pilot-per,PER,PEN,debt_consistent,0.25,low,r2,2034,0.015082366666537922,0.13484418167943038,6.385797168913858,25.45975890779953,,,,,,False,frontier_exceeds_one;ai_rent_capture_impossible,False,1e-09
pilot_per_tierA_baseline_pilot_v3,deterministic-engine-v1,baseline-pilot-v3,v0.1.2-pilot-per,PER,PEN,baseline,0.5,low,r2,2034,0.009368856563010446,0.08376243758308631,3.9667261139305823,16.152622820683863,,,,,,False,frontier_exceeds_one;ai_rent_capture_impossible,False,1e-09
pilot_per_tierA_baseline_pilot_v3,deterministic-engine-v1,baseline-pilot-v3,v0.1.2-pilot-per,PER,PEN,debt_consistent,0.5,low,r2,2034,0.016475827982047872,0.14730244867069517,6.975781587162787,27.672390576068235,,,,,,False,frontier_exceeds_one;ai_rent_capture_impossible,False,1e-09
pilot_per_tierA_baseline_pilot_v3,deterministic-engine-v1,baseline-pilot-v3,v0.1.2-pilot-per,PER,GMI,baseline,0.0,low,r2,2034,0.04541518137612546,0.4060352797332085,19.228556304813807,69.32934962553503,,,,,,False,frontier_exceeds_one;ai_rent_capture_impossible,False,1e-09
pilot_per_tierA_baseline_pilot_v3,deterministic-engine-v1,baseline-pilot-v3,v0.1.2-pilot-per,PER,GMI,debt_consistent,0.0,low,r2,2034,0.05252215279516289,0.4695752908208174,22.237611778046013,78.49593648052509,,,,,,False,frontier_exceeds_one;ai_rent_capture_impossible,False,1e-09
pilot_per_tierA_baseline_pilot_v3,deterministic-engine-v1,baseline-pilot-v3,v0.1.2-pilot-per,PER,GMI,baseline,0.05,low,r2,2034,0.04750558740859928,0.42472459402047225,20.113623563765145,72.06362988309539,,,,,,False,frontier_exceeds_one;ai_rent_capture_impossible,False,1e-09
pilot_per_tierA_baseline_pilot_v3,deterministic-engine-v1,baseline-pilot-v3,v0.1.2-pilot-per,PER,GMI,debt_consistent,0.05,low,r2,2034,0.05461255882763671,0.48826460510808106,23.12267903699735,81.1242556620369,,,,,,False,frontier_exceeds_one;ai_rent_capture_impossible,False,1e-09
pilot_per_tierA_baseline_pilot_v3,deterministic-engine-v1,baseline-pilot-v3,v0.1.2-pilot-per,PER,GMI,baseline,0.1,low,r2,2034,0.04959599344107309,0.44341390830773586,20.998690822716483,74.76581754780055,,,,,,False,frontier_exceeds_one;ai_rent_capture_impossible,False,1e-09
pilot_per_tierA_baseline_pilot_v3,deterministic-engine-v1,baseline-pilot-v3,v0.1.2-pilot-per,PER,GMI,debt_consistent,0.1,low,r2,2034,0.05670296486011052,0.5069539193953447,24.00774629594869,83.7230356660882,,,,,,False,frontier_exceeds_one;ai_rent_capture_impossible,False,1e-09
pilot_per_tierA_baseline_pilot_v3,deterministic-engine-v1,baseline-pilot-v3,v0.1.2-pilot-per,PER,GMI,baseline,0.25,low,r2,2034,0.05586721153849453,0.49948185116952676,23.65389259957049,82.68753150601493,,,,,,False,frontier_exceeds_one;ai_rent_capture_impossible,False,1e-09
pilot_per_tierA_baseline_pilot_v3,deterministic-engine-v1,baseline-pilot-v3,v0.1.2-pilot-per,PER,GMI,debt_consistent,0.25,low,r2,2034,0.06297418295753196,0.5630218622571357,26.6629480728027,91.34894170361092,,,,,,False,frontier_exceeds_one;ai_rent_capture_impossible,False,1e-09
pilot_per_tierA_baseline_pilot_v3,deterministic-engine-v1,baseline-pilot-v3,v0.1.2-pilot-per,PER,GMI,baseline,0.5,low,r2,2034,0.0663192417008636,0.5929284226058451,28.079228894327176,95.3164462707517,,,,,,False,frontier_exceeds_one;ai_rent_capture_impossible,False,1e-09
pilot_per_tierA_baseline_pilot_v3,deterministic-engine-v1,baseline-pilot-v3,v0.1.2-pilot-per,PER,GMI,debt_consistent,0.5,low,r2,2034,0.07342621311990102,0.6564684336934539,31.08828436755938,103.52807174518682,,,,,,False,frontier_exceeds_one;ai_rent_capture_impossible,False,1e-09
pilot_per_tierA_baseline_pilot_v3,deterministic-engine-v1,baseline-pilot-v3,v0.1.2-pilot-per,PER,MUT,baseline,0.0,low,r2,2034,0.054343595520221465,0.4858599336203717,23.008801343594993,80.78775215761925,,,,,,False,frontier_exceeds_one;ai_rent_capture_impossible,False,1e-09
pilot_per_tierA_baseline_pilot_v3,deterministic-engine-v1,baseline-pilot-v3,v0.1.2-pilot-per,PER,MUT,debt_consistent,0.0,low,r2,2034,0.06145056693925889,0.5493999447079806,26.017856816827198,89.51911902725271,,,,,,False,frontier_exceeds_one;ai_rent_capture_impossible,False,1e-09
pilot_per_tierA_baseline_pilot_v3,deterministic-engine-v1,baseline-pilot-v3,v0.1.2-pilot-per,PER,MUT,baseline,0.05,low,r2,2034,0.05701333502529658,0.5097287896705169,24.139155441872564,84.10641006722702,,,,,,False,frontier_exceeds_one;ai_rent_capture_impossible,False,1e-09
pilot_per_tierA_baseline_pilot_v3,deterministic-engine-v1,baseline-pilot-v3,v0.1.2-pilot-per,PER,MUT,debt_consistent,0.05,low,r2,2034,0.064120306444334,0.5732688007581257,27.148210915104766,92.71597083069594,,,,,,False,frontier_exceeds_one;ai_rent_capture_impossible,False,1e-09
pilot_per_tierA_baseline_pilot_v3,deterministic-engine-v1,baseline-pilot-v3,v0.1.2-pilot-per,PER,MUT,baseline,0.1,low,r2,2034,0.059683074530371694,0.533597645720662,25.269509540150132,87.3781782626469,,,,,,False,frontier_exceeds_one;ai_rent_capture_impossible,False,1e-09
pilot_per_tierA_baseline_pilot_v3,deterministic-engine-v1,baseline-pilot-v3,v0.1.2-pilot-per,PER,MUT,debt_consistent,0.1,low,r2,2034,0.06679004594940913,0.597137656808271,28.27856501338234,95.86946595081959,,,,,,False,frontier_exceeds_one;ai_rent_capture_impossible,False,1e-09
pilot_per_tierA_baseline_pilot_v3,deterministic-engine-v1,baseline-pilot-v3,v0.1.2-pilot-per,PER,MUT,baseline,0.25,low,r2,2034,0.06769229304559703,0.6052042138710975,28.660571834982836,96.9256146368407,,,,,,False,frontier_exceeds_one;ai_rent_capture_impossible,False,1e-09
pilot_per_tierA_baseline_pilot_v3,deterministic-engine-v1,baseline-pilot-v3,v0.1.2-pilot-per,PER,MUT,debt_consistent,0.25,low,r2,2034,0.07479926446463445,0.6687442249587062,31.66962730821504,105.08178435777229,,,,,,False,frontier_exceeds_one;ai_rent_capture_impossible,False,1e-09
pilot_per_tierA_baseline_pilot_v3,deterministic-engine-v1,baseline-pilot-v3,v0.1.2-pilot-per,PER,MUT,baseline,0.5,low,r2,2034,0.0810409905709726,0.7245484941218232,34.31234232637068,112.01761855575167,,,,,,False,frontier_exceeds_one;ai_rent_capture_impossible,False,1e-09
pilot_per_tierA_baseline_pilot_v3,deterministic-engine-v1,baseline-pilot-v3,v0.1.2-pilot-per,PER,MUT,debt_consistent,0.5,low,r2,2034,0.08814796199001002,0.788088505209432,37.321397799602885,119.67314109495084,,,,,,False,frontier_exceeds_one;ai_rent_capture_impossible,False,1e-09
pilot_per_tierA_baseline_pilot_v3,deterministic-engine-v1,baseline-pilot-v3,v0.1.2-pilot-per,PER,PBI,baseline,0.0,low,r2,2034,0.0805433201502137,0.7200990624035122,34.101631206942386,111.47207248661701,,,,,,False,frontier_exceeds_one;ai_rent_capture_impossible,False,1e-09
pilot_per_tierA_baseline_pilot_v3,deterministic-engine-v1,baseline-pilot-v3,v0.1.2-pilot-per,PER,PBI,debt_consistent,0.0,low,r2,2034,0.08765029156925114,0.783639073491121,37.110686680174595,119.14509572883183,,,,,,False,frontier_exceeds_one;ai_rent_capture_impossible,False,1e-09
pilot_per_tierA_baseline_pilot_v3,deterministic-engine-v1,baseline-pilot-v3,v0.1.2-pilot-per,PER,PBI,baseline,0.05,low,r2,2034,0.08452804588678843,0.7557245774864658,35.78874377290137,115.8049776943709,,,,,,False,frontier_exceeds_one;ai_rent_capture_impossible,False,1e-09
pilot_per_tierA_baseline_pilot_v3,deterministic-engine-v1,baseline-pilot-v3,v0.1.2-pilot-per,PER,PBI,debt_consistent,0.05,low,r2,2034,0.09163501730582585,0.8192645885740746,38.79779924613357,123.34020098102253,,,,,,False,frontier_exceeds_one;ai_rent_capture_impossible,False,1e-09
pilot_per_tierA_baseline_pilot_v3,deterministic-engine-v1,baseline-pilot-v3,v0.1.2-pilot-per,PER,PBI,baseline,0.1,low,r2,2034,0.08851277162336316,0.7913500925694195,37.47585633886036,120.05946598060237,,,,,,False,frontier_exceeds_one;ai_rent_capture_impossible,False,1e-09
pilot_per_tierA_baseline_pilot_v3,deterministic-engine-v1,baseline-pilot-v3,v0.1.2-pilot-per,PER,PBI,debt_consistent,0.1,low,r2,2034,0.09561974304240059,0.8548901036570284,40.48491181209256,127.46201211156222,,,,,,False,frontier_exceeds_one;ai_rent_capture_impossible,False,1e-09
pilot_per_tierA_baseline_pilot_v3,deterministic-engine-v1,baseline-pilot-v3,v0.1.2-pilot-per,PER,PBI,baseline,0.25,low,r2,2034,0.10046694883308732,0.8982266378182804,42.53719403673731,132.38098925886536,,,,,,False,frontier_exceeds_one;ai_rent_capture_impossible,False,1e-09
pilot_per_tierA_baseline_pilot_v3,deterministic-engine-v1,baseline-pilot-v3,v0.1.2-pilot-per,PER,PBI,debt_consistent,0.25,low,r2,2034,0.10757392025212476,0.9617666489058894,45.54624950996952,139.41349226540936,,,,,,False,frontier_exceeds_one;ai_rent_capture_impossible,False,1e-09
pilot_per_tierA_baseline_pilot_v3,deterministic-engine-v1,baseline-pilot-v3,v0.1.2-pilot-per,PER,PBI,baseline,0.5,low,r2,2034,0.12039057751596095,1.0763542132330488,50.972756866532244,151.59308587115854,,,,,,False,frontier_exceeds_one;ai_rent_capture_impossible,False,1e-09
pilot_per_tierA_baseline_pilot_v3,deterministic-engine-v1,baseline-pilot-v3,v0.1.2-pilot-per,PER,PBI,debt_consistent,0.5,low,r2,2034,0.12749754893499837,1.1398942243206576,53.981812339764446,158.0883799298781,,,,,,False,frontier_exceeds_one;ai_rent_capture_impossible,False,1e-09
pilot_per_tierA_baseline_pilot_v3,deterministic-engine-v1,baseline-pilot-v3,v0.1.2-pilot-per,PER,UBI,baseline,0.0,low,r2,2034,0.21456522690847207,1.9183244300462032,90.84582339317944,226.09324983188864,,,,,,False,frontier_exceeds_one;ai_rent_capture_impossible,False,1e-09
pilot_per_tierA_baseline_pilot_v3,deterministic-engine-v1,baseline-pilot-v3,v0.1.2-pilot-per,PER,UBI,debt_consistent,0.0,low,r2,2034,0.2216721983275095,1.9818644411338122,93.85487886641165,230.89322853745708,,,,,,False,frontier_exceeds_one;ai_rent_capture_impossible,False,1e-09
pilot_per_tierA_baseline_pilot_v3,deterministic-engine-v1,baseline-pilot-v3,v0.1.2-pilot-per,PER,UBI,baseline,0.05,low,r2,2034,0.22524418492877255,2.013799854246784,95.36723978628973,233.27105121428363,,,,,,False,frontier_exceeds_one;ai_rent_capture_impossible,False,1e-09
pilot_per_tierA_baseline_pilot_v3,deterministic-engine-v1,baseline-pilot-v3,v0.1.2-pilot-per,PER,UBI,debt_consistent,0.05,low,r2,2034,0.23235115634780998,2.077339865334393,98.37629525952194,237.9353787758367,,,,,,False,frontier_exceeds_one;ai_rent_capture_impossible,False,1e-09
pilot_per_tierA_baseline_pilot_v3,deterministic-engine-v1,baseline-pilot-v3,v0.1.2-pilot-per,PER,UBI,baseline,0.1,low,r2,2034,0.235923142949073,2.1092752784473645,99.8886561794,240.2470445241496,,,,,,False,frontier_exceeds_one;ai_rent_capture_impossible,False,1e-09
pilot_per_tierA_baseline_pilot_v3,deterministic-engine-v1,baseline-pilot-v3,v0.1.2-pilot-per,PER,UBI,debt_consistent,0.1,low,r2,2034,0.24303011436811042,2.1728152895349733,102.89771165263221,244.78356804589595,,,,,,False,frontier_exceeds_one;ai_rent_capture_impossible,False,1e-09
pilot_per_tierA_baseline_pilot_v3,deterministic-engine-v1,baseline-pilot-v3,v0.1.2-pilot-per,PER,UBI,baseline,0.25,low,r2,2034,0.26796001700997435,2.395701551049106,113.45290535873083,260.07549765721706,,,,,,False,frontier_exceeds_one;ai_rent_capture_impossible,False,1e-09
pilot_per_tierA_baseline_pilot_v3,deterministic-engine-v1,baseline-pilot-v3,v0.1.2-pilot-per,PER,UBI,debt_consistent,0.25,low,r2,2034,0.2750669884290118,2.459241562136715,116.46196083196304,264.26933365677365,,,,,,False,frontier_exceeds_one;ai_rent_capture_impossible,False,1e-09
pilot_per_tierA_baseline_pilot_v3,deterministic-engine-v1,baseline-pilot-v3,v0.1.2-pilot-per,PER,UBI,baseline,0.5,low,r2,2034,0.3213548071114766,2.873078672052009,136.05998732428222,290.0007655960328,,,,,,False,frontier_exceeds_one;ai_rent_capture_impossible,False,1e-09
pilot_per_tierA_baseline_pilot_v3,deterministic-engine-v1,baseline-pilot-v3,v0.1.2-pilot-per,PER,UBI,debt_consistent,0.5,low,r2,2034,0.32846177853051406,2.936618683139618,139.06904279751444,293.73018896377573,,,,,,False,frontier_exceeds_one;ai_rent_capture_impossible,False,1e-09
pilot_per_tierA_baseline_pilot_v3,deterministic-engine-v1,baseline-pilot-v3,v0.1.2-pilot-per,PER,PEN,baseline,0.0,low,r3,2034,0.006593933931990544,0.06745589923646005,2.7918380162664356,13.0983358614275,,,,,,False,frontier_exceeds_one;ai_rent_capture_impossible,False,1e-09
pilot_per_tierA_baseline_pilot_v3,deterministic-engine-v1,baseline-pilot-v3,v0.1.2-pilot-per,PER,PEN,debt_consistent,0.0,low,r3,2034,0.01370090535102797,0.14016016847293827,5.80089348949864,26.406557389143682,,,,,,False,frontier_exceeds_one;ai_rent_capture_impossible,False,1e-09
pilot_per_tierA_baseline_pilot_v3,deterministic-engine-v1,baseline-pilot-v3,v0.1.2-pilot-per,PER,PEN,baseline,0.05,low,r3,2034,0.006872626195092535,0.07030691919081282,2.9098348999162216,13.635360116757758,,,,,,False,frontier_exceeds_one;ai_rent_capture_impossible,False,1e-09
pilot_per_tierA_baseline_pilot_v3,deterministic-engine-v1,baseline-pilot-v3,v0.1.2-pilot-per,PER,PEN,debt_consistent,0.05,low,r3,2034,0.013979597614129962,0.14301118842729107,5.918890373148427,26.91269986483643,,,,,,False,frontier_exceeds_one;ai_rent_capture_impossible,False,1e-09
pilot_per_tierA_baseline_pilot_v3,deterministic-engine-v1,baseline-pilot-v3,v0.1.2-pilot-per,PER,PEN,baseline,0.1,low,r3,2034,0.007151318458194525,0.07315793914516559,3.0278317835660076,14.171098467927974,,,,,,False,frontier_exceeds_one;ai_rent_capture_impossible,False,1e-09
pilot_per_tierA_baseline_pilot_v3,deterministic-engine-v1,baseline-pilot-v3,v0.1.2-pilot-per,PER,PEN,debt_consistent,0.1,low,r3,2034,0.01425828987723195,0.14586220838164382,6.036887256798212,27.417707386307022,,,,,,False,frontier_exceeds_one;ai_rent_capture_impossible,False,1e-09
pilot_per_tierA_baseline_pilot_v3,deterministic-engine-v1,baseline-pilot-v3,v0.1.2-pilot-per,PER,PEN,baseline,0.25,low,r3,2034,0.007987395247500497,0.08171099900822391,3.381822434515366,15.770662678915542,,,,,,False,frontier_exceeds_one;ai_rent_capture_impossible,False,1e-09
pilot_per_tierA_baseline_pilot_v3,deterministic-engine-v1,baseline-pilot-v3,v0.1.2-pilot-per,PER,PEN,debt_consistent,0.25,low,r3,2034,0.015094366666537923,0.15441526824470217,6.390877907747571,28.925973626898827,,,,,,False,frontier_exceeds_one;ai_rent_capture_impossible,False,1e-09
pilot_per_tierA_baseline_pilot_v3,deterministic-engine-v1,baseline-pilot-v3,v0.1.2-pilot-per,PER,PEN,baseline,0.5,low,r3,2034,0.009380856563010447,0.09596609877998777,3.9718068527642956,18.411480374899178,,,,,,False,frontier_exceeds_one;ai_rent_capture_impossible,False,1e-09
pilot_per_tierA_baseline_pilot_v3,deterministic-engine-v1,baseline-pilot-v3,v0.1.2-pilot-per,PER,PEN,debt_consistent,0.5,low,r3,2034,0.016487827982047874,0.168670368016466,6.9808623259965,31.417544332732824,,,,,,False,frontier_exceeds_one;ai_rent_capture_impossible,False,1e-09
pilot_per_tierA_baseline_pilot_v3,deterministic-engine-v1,baseline-pilot-v3,v0.1.2-pilot-per,PER,GMI,baseline,0.0,low,r3,2034,0.045445181376125465,0.464903896112462,19.241258151898087,77.83429010218437,,,,,,False,frontier_exceeds_one;ai_rent_capture_impossible,False,1e-09
pilot_per_tierA_baseline_pilot_v3,deterministic-engine-v1,baseline-pilot-v3,v0.1.2-pilot-per,PER,GMI,debt_consistent,0.0,low,r3,2034,0.05255215279516289,0.5376081653489403,22.250313625130293,87.92340835858195,,,,,,False,frontier_exceeds_one;ai_rent_capture_impossible,False,1e-09
pilot_per_tierA_baseline_pilot_v3,deterministic-engine-v1,baseline-pilot-v3,v0.1.2-pilot-per,PER,GMI,baseline,0.05,low,r3,2034,0.047535587408599284,0.4862887355943576,20.12632541084943,80.8477934862282,,,,,,False,frontier_exceeds_one;ai_rent_capture_impossible,False,1e-09
pilot_per_tierA_baseline_pilot_v3,deterministic-engine-v1,baseline-pilot-v3,v0.1.2-pilot-per,PER,GMI,debt_consistent,0.05,low,r3,2034,0.05464255882763671,0.5589930048308358,23.135380884081634,90.80924765806465,,,,,,False,frontier_exceeds_one;ai_rent_capture_impossible,False,1e-09
pilot_per_tierA_baseline_pilot_v3,deterministic-engine-v1,baseline-pilot-v3,v0.1.2-pilot-per,PER,GMI,baseline,0.1,low,r3,2034,0.049625993441073095,0.5076735750762531,21.011392669800763,83.8225238416336,,,,,,False,frontier_exceeds_one;ai_rent_capture_impossible,False,1e-09
pilot_per_tierA_baseline_pilot_v3,deterministic-engine-v1,baseline-pilot-v3,v0.1.2-pilot-per,PER,GMI,debt_consistent,0.1,low,r3,2034,0.05673296486011052,0.5803778443127313,24.02044814303297,93.65967759549997,,,,,,False,frontier_exceeds_one;ai_rent_capture_impossible,False,1e-09
pilot_per_tierA_baseline_pilot_v3,deterministic-engine-v1,baseline-pilot-v3,v0.1.2-pilot-per,PER,GMI,baseline,0.25,low,r3,2034,0.05589721153849453,0.5718280935219395,23.66659444665477,92.52425316678578,,,,,,False,frontier_exceeds_one;ai_rent_capture_impossible,False,1e-09
pilot_per_tierA_baseline_pilot_v3,deterministic-engine-v1,baseline-pilot-v3,v0.1.2-pilot-per,PER,GMI,debt_consistent,0.25,low,r3,2034,0.06300418295753196,0.6445323627584177,26.67564991988698,102.00738789056464,,,,,,False,frontier_exceeds_one;ai_rent_capture_impossible,False,1e-09
pilot_per_tierA_baseline_pilot_v3,deterministic-engine-v1,baseline-pilot-v3,v0.1.2-pilot-per,PER,GMI,baseline,0.5,low,r3,2034,0.0663492417008636,0.6787522909314171,28.09193074141146,106.3408841067634,,,,,,False,frontier_exceeds_one;ai_rent_capture_impossible,False,1e-09
pilot_per_tierA_baseline_pilot_v3,deterministic-engine-v1,baseline-pilot-v3,v0.1.2-pilot-per,PER,GMI,debt_consistent,0.5,low,r3,2034,0.07345621311990103,0.7514565601678952,31.10098621464366,115.29007997169387,,,,,,False,frontier_exceeds_one;ai_rent_capture_impossible,False,1e-09
pilot_per_tierA_baseline_pilot_v3,deterministic-engine-v1,baseline-pilot-v3,v0.1.2-pilot-per,PER,MUT,baseline,0.0,low,r3,2034,0.054351095520221465,0.5560113371800965,23.01197680536606,90.40902327120223,,,,,,False,frontier_exceeds_one;ai_rent_capture_impossible,False,1e-09
pilot_per_tierA_baseline_pilot_v3,deterministic-engine-v1,baseline-pilot-v3,v0.1.2-pilot-per,PER,MUT,debt_consistent,0.0,low,r3,2034,0.06145806693925889,0.6287156064165748,26.021032278598266,99.97691923433818,,,,,,False,frontier_exceeds_one;ai_rent_capture_impossible,False,1e-09
pilot_per_tierA_baseline_pilot_v3,deterministic-engine-v1,baseline-pilot-v3,v0.1.2-pilot-per,PER,MUT,baseline,0.05,low,r3,2034,0.05702083502529658,0.5833227541429261,24.142330903643632,94.04948785186932,,,,,,False,frontier_exceeds_one;ai_rent_capture_impossible,False,1e-09
pilot_per_tierA_baseline_pilot_v3,deterministic-engine-v1,baseline-pilot-v3,v0.1.2-pilot-per,PER,MUT,debt_consistent,0.05,low,r3,2034,0.06412780644433401,0.6560270233794043,27.151386376875838,103.47201089128906,,,,,,False,frontier_exceeds_one;ai_rent_capture_impossible,False,1e-09
pilot_per_tierA_baseline_pilot_v3,deterministic-engine-v1,baseline-pilot-v3,v0.1.2-pilot-per,PER,MUT,baseline,0.1,low,r3,2034,0.059690574530371694,0.6106341711057556,25.272685001921204,97.63386851387433,,,,,,False,frontier_exceeds_one;ai_rent_capture_impossible,False,1e-09
pilot_per_tierA_baseline_pilot_v3,deterministic-engine-v1,baseline-pilot-v3,v0.1.2-pilot-per,PER,MUT,debt_consistent,0.1,low,r3,2034,0.06679754594940912,0.6833384403422338,28.281740475153406,106.91560493299934,,,,,,False,frontier_exceeds_one;ai_rent_capture_impossible,False,1e-09
pilot_per_tierA_baseline_pilot_v3,deterministic-engine-v1,baseline-pilot-v3,v0.1.2-pilot-per,PER,MUT,baseline,0.25,low,r3,2034,0.06769979304559703,0.6925684219942441,28.66374729675391,108.06801579736405,,,,,,False,frontier_exceeds_one;ai_rent_capture_impossible,False,1e-09
pilot_per_tierA_baseline_pilot_v3,deterministic-engine-v1,baseline-pilot-v3,v0.1.2-pilot-per,PER,MUT,debt_consistent,0.25,low,r3,2034,0.07480676446463447,0.7652726912307224,31.67280276998612,116.95280451011358,,,,,,False,frontier_exceeds_one;ai_rent_capture_impossible,False,1e-09
pilot_per_tierA_baseline_pilot_v3,deterministic-engine-v1,baseline-pilot-v3,v0.1.2-pilot-per,PER,MUT,baseline,0.5,low,r3,2034,0.0810484905709726,0.8291255068083916,34.31551778814176,124.48831260094367,,,,,,False,frontier_exceeds_one;ai_rent_capture_impossible,False,1e-09
pilot_per_tierA_baseline_pilot_v3,deterministic-engine-v1,baseline-pilot-v3,v0.1.2-pilot-per,PER,MUT,debt_consistent,0.5,low,r3,2034,0.08815546199001004,0.9018297760448699,37.32457326137397,132.78540400854496,,,,,,False,frontier_exceeds_one;ai_rent_capture_impossible,False,1e-09
pilot_per_tierA_baseline_pilot_v3,deterministic-engine-v1,baseline-pilot-v3,v0.1.2-pilot-per,PER,PBI,baseline,0.0,low,r3,2034,0.08055082015021371,0.8240343417918892,34.10480666871346,123.89624322575831,,,,,,False,frontier_exceeds_one;ai_rent_capture_impossible,False,1e-09
pilot_per_tierA_baseline_pilot_v3,deterministic-engine-v1,baseline-pilot-v3,v0.1.2-pilot-per,PER,PBI,debt_consistent,0.0,low,r3,2034,0.08765779156925113,0.8967386110283674,37.11386214194566,132.21377213936805,,,,,,False,frontier_exceeds_one;ai_rent_capture_impossible,False,1e-09
pilot_per_tierA_baseline_pilot_v3,deterministic-engine-v1,baseline-pilot-v3,v0.1.2-pilot-per,PER,PBI,baseline,0.05,low,r3,2034,0.08453554588678844,0.8647980589512712,35.79191923467244,128.5956804793788,,,,,,False,frontier_exceeds_one;ai_rent_capture_impossible,False,1e-09
pilot_per_tierA_baseline_pilot_v3,deterministic-engine-v1,baseline-pilot-v3,v0.1.2-pilot-per,PER,PBI,debt_consistent,0.05,low,r3,2034,0.09164251730582587,0.9375023281877495,38.80097470790465,136.75249120613037,,,,,,False,frontier_exceeds_one;ai_rent_capture_impossible,False,1e-09
pilot_per_tierA_baseline_pilot_v3,deterministic-engine-v1,baseline-pilot-v3,v0.1.2-pilot-per,PER,PBI,baseline,0.1,low,r3,2034,0.08852027162336316,0.905561776110653,37.47903180063143,133.203555803767,,,,,,False,frontier_exceeds_one;ai_rent_capture_impossible,False,1e-09
pilot_per_tierA_baseline_pilot_v3,deterministic-engine-v1,baseline-pilot-v3,v0.1.2-pilot-per,PER,PBI,debt_consistent,0.1,low,r3,2034,0.09562724304240058,0.9782660453471312,40.488087273863634,141.20606743759546,,,,,,False,frontier_exceeds_one;ai_rent_capture_impossible,False,1e-09
pilot_per_tierA_baseline_pilot_v3,deterministic-engine-v1,baseline-pilot-v3,v0.1.2-pilot-per,PER,PBI,baseline,0.25,low,r3,2034,0.10047444883308733,1.0278529275887989,42.54036949850838,146.51358330127687,,,,,,False,frontier_exceeds_one;ai_rent_capture_impossible,False,1e-09
pilot_per_tierA_baseline_pilot_v3,deterministic-engine-v1,baseline-pilot-v3,v0.1.2-pilot-per,PER,PBI,debt_consistent,0.25,low,r3,2034,0.10758142025212475,1.100557196825277,45.549424971740585,154.08802707955047,,,,,,False,frontier_exceeds_one;ai_rent_capture_impossible,False,1e-09
pilot_per_tierA_baseline_pilot_v3,deterministic-engine-v1,baseline-pilot-v3,v0.1.2-pilot-per,PER,PBI,baseline,0.5,low,r3,2034,0.12039807751596096,1.2316715133857086,50.975932328303315,167.17021203598725,,,,,,False,frontier_exceeds_one;ai_rent_capture_impossible,False,1e-09
pilot_per_tierA_baseline_pilot_v3,deterministic-engine-v1,baseline-pilot-v3,v0.1.2-pilot-per,PER,PBI,debt_consistent,0.5,low,r3,2034,0.1275050489349984,1.304375782622187,53.984987801535524,174.1290846995441,,,,,,False,frontier_exceeds_one;ai_rent_capture_impossible,False,1e-09
pilot_per_tierA_baseline_pilot_v3,deterministic-engine-v1,baseline-pilot-v3,v0.1.2-pilot-per,PER,UBI,baseline,0.0,low,r3,2034,0.21456972690847206,2.1950468456033354,90.84772867024208,246.35152478097493,,,,,,False,frontier_exceeds_one;ai_rent_capture_impossible,False,1e-09
pilot_per_tierA_baseline_pilot_v3,deterministic-engine-v1,baseline-pilot-v3,v0.1.2-pilot-per,PER,UBI,debt_consistent,0.0,low,r3,2034,0.2216766983275095,2.2677511148398137,93.85678414347429,251.41156593568607,,,,,,False,frontier_exceeds_one;ai_rent_capture_impossible,False,1e-09
pilot_per_tierA_baseline_pilot_v3,deterministic-engine-v1,baseline-pilot-v3,v0.1.2-pilot-per,PER,UBI,baseline,0.05,low,r3,2034,0.22524868492877254,2.3042925134546537,95.36914506335236,253.91661127187558,,,,,,False,frontier_exceeds_one;ai_rent_capture_impossible,False,1e-09
pilot_per_tierA_baseline_pilot_v3,deterministic-engine-v1,baseline-pilot-v3,v0.1.2-pilot-per,PER,UBI,debt_consistent,0.05,low,r3,2034,0.23235565634780997,2.376996782691132,98.37820053658457,258.8274685585273,,,,,,False,frontier_exceeds_one;ai_rent_capture_impossible,False,1e-09
pilot_per_tierA_baseline_pilot_v3,deterministic-engine-v1,baseline-pilot-v3,v0.1.2-pilot-per,PER,UBI,baseline,0.1,low,r3,2034,0.23592764294907298,2.4135381813059715,99.89056145646263,261.25985263207275,,,,,,False,frontier_exceeds_one;ai_rent_capture_impossible,False,1e-09
pilot_per_tierA_baseline_pilot_v3,deterministic-engine-v1,baseline-pilot-v3,v0.1.2-pilot-per,PER,UBI,debt_consistent,0.1,low,r3,2034,0.2430346143681104,2.48624245054245,102.89961692969484,266.0305173346828,,,,,,False,frontier_exceeds_one;ai_rent_capture_impossible,False,1e-09
pilot_per_tierA_baseline_pilot_v3,deterministic-engine-v1,baseline-pilot-v3,v0.1.2-pilot-per,PER,UBI,baseline,0.25,low,r3,2034,0.2679645170099743,2.741275184859925,113.45481063579346,282.08575986350223,,,,,,False,frontier_exceeds_one;ai_rent_capture_impossible,False,1e-09
pilot_per_tierA_baseline_pilot_v3,deterministic-engine-v1,baseline-pilot-v3,v0.1.2-pilot-per,PER,UBI,debt_consistent,0.25,low,r3,2034,0.27507148842901175,2.8139794540964034,116.46386610902567,286.4822304505155,,,,,,False,frontier_exceeds_one;ai_rent_capture_impossible,False,1e-09
pilot_per_tierA_baseline_pilot_v3,deterministic-engine-v1,baseline-pilot-v3,v0.1.2-pilot-per,PER,UBI,baseline,0.5,low,r3,2034,0.3213593071114766,3.287503524116515,136.06189260134485,313.39847344592306,,,,,,False,frontier_exceeds_one;ai_rent_capture_impossible,False,1e-09
pilot_per_tierA_baseline_pilot_v3,deterministic-engine-v1,baseline-pilot-v3,v0.1.2-pilot-per,PER,UBI,debt_consistent,0.5,low,r3,2034,0.328466278530514,3.3602077933529935,139.07094807457707,317.29174403879756,,,,,,False,frontier_exceeds_one;ai_rent_capture_impossible,False,1e-09
pilot_per_tierA_baseline_pilot_v3,deterministic-engine-v1,baseline-pilot-v3,v0.1.2-pilot-per,PER,PEN,baseline,0.0,low,r4,2034,0.0065619339319905445,0.05406419658309038,2.7782893793765364,10.558443648921498,,,,,,False,frontier_exceeds_one;ai_rent_capture_impossible,False,1e-09
pilot_per_tierA_baseline_pilot_v3,deterministic-engine-v1,baseline-pilot-v3,v0.1.2-pilot-per,PER,PEN,debt_consistent,0.0,low,r4,2034,0.013668905351027971,0.11261899214969072,5.787344852608741,21.457628426778594,,,,,,False,frontier_exceeds_one;ai_rent_capture_impossible,False,1e-09
pilot_per_tierA_baseline_pilot_v3,deterministic-engine-v1,baseline-pilot-v3,v0.1.2-pilot-per,PER,PEN,baseline,0.05,low,r4,2034,0.006840626195092535,0.0563603601005371,2.8962862630263224,10.99599305854181,,,,,,False,frontier_exceeds_one;ai_rent_capture_impossible,False,1e-09
pilot_per_tierA_baseline_pilot_v3,deterministic-engine-v1,baseline-pilot-v3,v0.1.2-pilot-per,PER,PEN,debt_consistent,0.05,low,r4,2034,0.013947597614129961,0.11491515566713743,5.905341736258527,21.874419109922016,,,,,,False,frontier_exceeds_one;ai_rent_capture_impossible,False,1e-09
pilot_per_tierA_baseline_pilot_v3,deterministic-engine-v1,baseline-pilot-v3,v0.1.2-pilot-per,PER,PEN,baseline,0.1,low,r4,2034,0.007119318458194525,0.05865652361798381,3.0142831466761084,11.432687330390417,,,,,,False,frontier_exceeds_one;ai_rent_capture_impossible,False,1e-09
pilot_per_tierA_baseline_pilot_v3,deterministic-engine-v1,baseline-pilot-v3,v0.1.2-pilot-per,PER,PEN,debt_consistent,0.1,low,r4,2034,0.014226289877231952,0.11721131918458415,6.023338619908314,22.290437966861155,,,,,,False,frontier_exceeds_one;ai_rent_capture_impossible,False,1e-09
pilot_per_tierA_baseline_pilot_v3,deterministic-engine-v1,baseline-pilot-v3,v0.1.2-pilot-per,PER,PEN,baseline,0.25,low,r4,2034,0.007955395247500496,0.06554501417032396,3.3682737976254664,12.73767441492442,,,,,,False,frontier_exceeds_one;ai_rent_capture_impossible,False,1e-09
pilot_per_tierA_baseline_pilot_v3,deterministic-engine-v1,baseline-pilot-v3,v0.1.2-pilot-per,PER,PEN,debt_consistent,0.25,low,r4,2034,0.015062366666537923,0.12409980973692429,6.377329270857672,23.533893603123452,,,,,,False,frontier_exceeds_one;ai_rent_capture_impossible,False,1e-09
pilot_per_tierA_baseline_pilot_v3,deterministic-engine-v1,baseline-pilot-v3,v0.1.2-pilot-per,PER,PEN,baseline,0.5,low,r4,2034,0.009348856563010446,0.0770258317575575,3.9582582158743955,14.895874425761544,,,,,,False,frontier_exceeds_one;ai_rent_capture_impossible,False,1e-09
pilot_per_tierA_baseline_pilot_v3,deterministic-engine-v1,baseline-pilot-v3,v0.1.2-pilot-per,PER,PEN,debt_consistent,0.5,low,r4,2034,0.016455827982047873,0.13558062732415785,6.967313689106601,25.59116070089444,,,,,,False,frontier_exceeds_one;ai_rent_capture_impossible,False,1e-09
pilot_per_tierA_baseline_pilot_v3,deterministic-engine-v1,baseline-pilot-v3,v0.1.2-pilot-per,PER,GMI,baseline,0.0,low,r4,2034,0.04536518137612546,0.3737666531492186,19.20738655967334,64.53044978759159,,,,,,False,frontier_exceeds_one;ai_rent_capture_impossible,False,1e-09
pilot_per_tierA_baseline_pilot_v3,deterministic-engine-v1,baseline-pilot-v3,v0.1.2-pilot-per,PER,GMI,debt_consistent,0.0,low,r4,2034,0.05247215279516289,0.4323214487158189,22.216442032905544,73.16584451311587,,,,,,False,frontier_exceeds_one;ai_rent_capture_impossible,False,1e-09
pilot_per_tierA_baseline_pilot_v3,deterministic-engine-v1,baseline-pilot-v3,v0.1.2-pilot-per,PER,GMI,baseline,0.05,low,r4,2034,0.04745558740859928,0.39098964317768714,20.092453818624676,67.10427573623375,,,,,,False,frontier_exceeds_one;ai_rent_capture_impossible,False,1e-09
pilot_per_tierA_baseline_pilot_v3,deterministic-engine-v1,baseline-pilot-v3,v0.1.2-pilot-per,PER,GMI,debt_consistent,0.05,low,r4,2034,0.054562558827636706,0.44954443874428746,23.101509291856882,75.64534143264135,,,,,,False,frontier_exceeds_one;ai_rent_capture_impossible,False,1e-09
pilot_per_tierA_baseline_pilot_v3,deterministic-engine-v1,baseline-pilot-v3,v0.1.2-pilot-per,PER,GMI,baseline,0.1,low,r4,2034,0.04954599344107309,0.4082126332061556,20.977521077576014,69.64957805606588,,,,,,False,frontier_exceeds_one;ai_rent_capture_impossible,False,1e-09
pilot_per_tierA_baseline_pilot_v3,deterministic-engine-v1,baseline-pilot-v3,v0.1.2-pilot-per,PER,GMI,debt_consistent,0.1,low,r4,2034,0.05665296486011052,0.46676742877275595,23.98657655080822,78.09846424028215,,,,,,False,frontier_exceeds_one;ai_rent_capture_impossible,False,1e-09
pilot_per_tierA_baseline_pilot_v3,deterministic-engine-v1,baseline-pilot-v3,v0.1.2-pilot-per,PER,GMI,baseline,0.25,low,r4,2034,0.055817211538494525,0.4598816032915611,23.63272285443002,77.1208216602069,,,,,,False,frontier_exceeds_one;ai_rent_capture_impossible,False,1e-09
pilot_per_tierA_baseline_pilot_v3,deterministic-engine-v1,baseline-pilot-v3,v0.1.2-pilot-per,PER,GMI,debt_consistent,0.25,low,r4,2034,0.06292418295753195,0.5184363988581614,26.641778327662227,85.30534423710907,,,,,,False,frontier_exceeds_one;ai_rent_capture_impossible,False,1e-09
pilot_per_tierA_baseline_pilot_v3,deterministic-engine-v1,baseline-pilot-v3,v0.1.2-pilot-per,PER,GMI,baseline,0.5,low,r4,2034,0.06626924170086361,0.5459965534339037,28.05805914918671,89.05968372333288,,,,,,False,frontier_exceeds_one;ai_rent_capture_impossible,False,1e-09
pilot_per_tierA_baseline_pilot_v3,deterministic-engine-v1,baseline-pilot-v3,v0.1.2-pilot-per,PER,GMI,debt_consistent,0.5,low,r4,2034,0.07337621311990103,0.604551349000504,31.067114622418913,96.84031335972999,,,,,,False,frontier_exceeds_one;ai_rent_capture_impossible,False,1e-09
pilot_per_tierA_baseline_pilot_v3,deterministic-engine-v1,baseline-pilot-v3,v0.1.2-pilot-per,PER,MUT,baseline,0.0,low,r4,2034,0.054331095520221466,0.44763739763665567,23.003508907309875,75.37210480175669,,,,,,False,frontier_exceeds_one;ai_rent_capture_impossible,False,1e-09
pilot_per_tierA_baseline_pilot_v3,deterministic-engine-v1,baseline-pilot-v3,v0.1.2-pilot-per,PER,MUT,debt_consistent,0.0,low,r4,2034,0.06143806693925889,0.506192193203256,26.01256438054208,83.61768489561327,,,,,,False,frontier_exceeds_one;ai_rent_capture_impossible,False,1e-09
pilot_per_tierA_baseline_pilot_v3,deterministic-engine-v1,baseline-pilot-v3,v0.1.2-pilot-per,PER,MUT,baseline,0.05,low,r4,2034,0.057000835025296584,0.4696335534839974,24.133863005587447,78.50417672170205,,,,,,False,frontier_exceeds_one;ai_rent_capture_impossible,False,1e-09
pilot_per_tierA_baseline_pilot_v3,deterministic-engine-v1,baseline-pilot-v3,v0.1.2-pilot-per,PER,MUT,debt_consistent,0.05,low,r4,2034,0.064107806444334,0.5281883490505976,27.14291847881965,86.64074821447508,,,,,,False,frontier_exceeds_one;ai_rent_capture_impossible,False,1e-09
pilot_per_tierA_baseline_pilot_v3,deterministic-engine-v1,baseline-pilot-v3,v0.1.2-pilot-per,PER,MUT,baseline,0.1,low,r4,2034,0.059670574530371695,0.491629709331339,25.264217103865015,81.5943390388335,,,,,,False,frontier_exceeds_one;ai_rent_capture_impossible,False,1e-09
pilot_per_tierA_baseline_pilot_v3,deterministic-engine-v1,baseline-pilot-v3,v0.1.2-pilot-per,PER,MUT,debt_consistent,0.1,low,r4,2034,0.06677754594940913,0.5501845048979394,28.273272577097224,89.62490062954674,,,,,,False,frontier_exceeds_one;ai_rent_capture_impossible,False,1e-09
pilot_per_tierA_baseline_pilot_v3,deterministic-engine-v1,baseline-pilot-v3,v0.1.2-pilot-per,PER,MUT,baseline,0.25,low,r4,2034,0.06767979304559703,0.5576181768733639,28.655279398697722,90.62479241310072,,,,,,False,frontier_exceeds_one;ai_rent_capture_impossible,False,1e-09
pilot_per_tierA_baseline_pilot_v3,deterministic-engine-v1,baseline-pilot-v3,v0.1.2-pilot-per,PER,MUT,debt_consistent,0.25,low,r4,2034,0.07478676446463445,0.6161729724399642,31.664334871929924,98.35410884341407,,,,,,False,frontier_exceeds_one;ai_rent_capture_impossible,False,1e-09
pilot_per_tierA_baseline_pilot_v3,deterministic-engine-v1,baseline-pilot-v3,v0.1.2-pilot-per,PER,MUT,baseline,0.5,low,r4,2034,0.0810284905709726,0.6675989561100721,34.30704989008557,104.93726673481875,,,,,,False,frontier_exceeds_one;ai_rent_capture_impossible,False,1e-09
pilot_per_tierA_baseline_pilot_v3,deterministic-engine-v1,baseline-pilot-v3,v0.1.2-pilot-per,PER,MUT,debt_consistent,0.5,low,r4,2034,0.08813546199001002,0.7261537516766724,37.316105363317774,112.21412871301776,,,,,,False,frontier_exceeds_one;ai_rent_capture_impossible,False,1e-09
pilot_per_tierA_baseline_pilot_v3,deterministic-engine-v1,baseline-pilot-v3,v0.1.2-pilot-per,PER,PBI,baseline,0.0,low,r4,2034,0.0805308201502137,0.6634986174385219,34.09633877065727,104.4191253401054,,,,,,False,frontier_exceeds_one;ai_rent_capture_impossible,False,1e-09
pilot_per_tierA_baseline_pilot_v3,deterministic-engine-v1,baseline-pilot-v3,v0.1.2-pilot-per,PER,PBI,debt_consistent,0.0,low,r4,2034,0.08763779156925114,0.7220534130051224,37.10539424388948,111.7118521878616,,,,,,False,frontier_exceeds_one;ai_rent_capture_impossible,False,1e-09
pilot_per_tierA_baseline_pilot_v3,deterministic-engine-v1,baseline-pilot-v3,v0.1.2-pilot-per,PER,PBI,baseline,0.05,low,r4,2034,0.08451554588678843,0.6963290295982075,35.78345133661625,108.53592606956526,,,,,,False,frontier_exceeds_one;ai_rent_capture_impossible,False,1e-09
pilot_per_tierA_baseline_pilot_v3,deterministic-engine-v1,baseline-pilot-v3,v0.1.2-pilot-per,PER,PBI,debt_consistent,0.05,low,r4,2034,0.09162251730582585,0.7548838251648078,38.792506809848454,115.70363768854305,,,,,,False,frontier_exceeds_one;ai_rent_capture_impossible,False,1e-09
pilot_per_tierA_baseline_pilot_v3,deterministic-engine-v1,baseline-pilot-v3,v0.1.2-pilot-per,PER,PBI,baseline,0.1,low,r4,2034,0.08850027162336316,0.729159441757893,37.47056390257524,112.5816331670761,,,,,,False,frontier_exceeds_one;ai_rent_capture_impossible,False,1e-09
pilot_per_tierA_baseline_pilot_v3,deterministic-engine-v1,baseline-pilot-v3,v0.1.2-pilot-per,PER,PBI,debt_consistent,0.1,low,r4,2034,0.09560724304240059,0.7877142373244934,40.47961937580745,119.62876967181198,,,,,,False,frontier_exceeds_one;ai_rent_capture_impossible,False,1e-09
pilot_per_tierA_baseline_pilot_v3,deterministic-engine-v1,baseline-pilot-v3,v0.1.2-pilot-per,PER,PBI,baseline,0.25,low,r4,2034,0.10045444883308732,0.8276506782369496,42.531901600452194,124.31695238039524,,,,,,False,frontier_exceeds_one;ai_rent_capture_impossible,False,1e-09
pilot_per_tierA_baseline_pilot_v3,deterministic-engine-v1,baseline-pilot-v3,v0.1.2-pilot-per,PER,PBI,debt_consistent,0.25,low,r4,2034,0.10756142025212476,0.88620547380355,45.5409570736844,131.02672281917305,,,,,,False,frontier_exceeds_one;ai_rent_capture_impossible,False,1e-09
pilot_per_tierA_baseline_pilot_v3,deterministic-engine-v1,baseline-pilot-v3,v0.1.2-pilot-per,PER,PBI,baseline,0.5,low,r4,2034,0.12037807751596095,0.9918027390353774,50.96746443024713,142.6667397740788,,,,,,False,frontier_exceeds_one;ai_rent_capture_impossible,False,1e-09
pilot_per_tierA_baseline_pilot_v3,deterministic-engine-v1,baseline-pilot-v3,v0.1.2-pilot-per,PER,PBI,debt_consistent,0.5,low,r4,2034,0.12748504893499837,1.0503575346019778,53.97651990347933,148.88391717724045,,,,,,False,frontier_exceeds_one;ai_rent_capture_impossible,False,1e-09
pilot_per_tierA_baseline_pilot_v3,deterministic-engine-v1,baseline-pilot-v3,v0.1.2-pilot-per,PER,UBI,baseline,0.0,low,r4,2034,0.21455772690847208,1.7677549402698514,90.84264793140838,214.33211681131732,,,,,,False,frontier_exceeds_one;ai_rent_capture_impossible,False,1e-09
pilot_per_tierA_baseline_pilot_v3,deterministic-engine-v1,baseline-pilot-v3,v0.1.2-pilot-per,PER,UBI,debt_consistent,0.0,low,r4,2034,0.2216646983275095,1.826309735836452,93.85170340464057,218.9727611784608,,,,,,False,frontier_exceeds_one;ai_rent_capture_impossible,False,1e-09
pilot_per_tierA_baseline_pilot_v3,deterministic-engine-v1,baseline-pilot-v3,v0.1.2-pilot-per,PER,UBI,baseline,0.05,low,r4,2034,0.22523668492877255,1.8557395636592182,95.36406432451867,221.27257953343664,,,,,,False,frontier_exceeds_one;ai_rent_capture_impossible,False,1e-09
pilot_per_tierA_baseline_pilot_v3,deterministic-engine-v1,baseline-pilot-v3,v0.1.2-pilot-per,PER,UBI,debt_consistent,0.05,low,r4,2034,0.23234365634780998,1.9142943592258186,98.37311979775086,225.78564546570857,,,,,,False,frontier_exceeds_one;ai_rent_capture_impossible,False,1e-09
pilot_per_tierA_baseline_pilot_v3,deterministic-engine-v1,baseline-pilot-v3,v0.1.2-pilot-per,PER,UBI,baseline,0.1,low,r4,2034,0.235915642949073,1.9437241870485846,99.88548071762894,228.02319247835425,,,,,,False,frontier_exceeds_one;ai_rent_capture_impossible,False,1e-09
pilot_per_tierA_baseline_pilot_v3,deterministic-engine-v1,baseline-pilot-v3,v0.1.2-pilot-per,PER,UBI,debt_consistent,0.1,low,r4,2034,0.24302261436811043,2.002278982615185,102.89453619086115,232.41586514759877,,,,,,False,frontier_exceeds_one;ai_rent_capture_impossible,False,1e-09
pilot_per_tierA_baseline_pilot_v3,deterministic-engine-v1,baseline-pilot-v3,v0.1.2-pilot-per,PER,UBI,baseline,0.25,low,r4,2034,0.2679525170099743,2.207678057216684,113.44972989695974,247.23801536341054,,,,,,False,frontier_exceeds_one;ai_rent_capture_impossible,False,1e-09
pilot_per_tierA_baseline_pilot_v3,deterministic-engine-v1,baseline-pilot-v3,v0.1.2-pilot-per,PER,UBI,debt_consistent,0.25,low,r4,2034,0.27505948842901173,2.2662328527832845,116.45878537019195,251.30693900649584,,,,,,False,frontier_exceeds_one;ai_rent_capture_impossible,False,1e-09
pilot_per_tierA_baseline_pilot_v3,deterministic-engine-v1,baseline-pilot-v3,v0.1.2-pilot-per,PER,UBI,baseline,0.5,low,r4,2034,0.3213473071114766,2.647601174163517,136.05681186251113,276.30645715867155,,,,,,False,frontier_exceeds_one;ai_rent_capture_impossible,False,1e-09
pilot_per_tierA_baseline_pilot_v3,deterministic-engine-v1,baseline-pilot-v3,v0.1.2-pilot-per,PER,UBI,debt_consistent,0.5,low,r4,2034,0.328454278530514,2.7061559697301174,139.06586733574335,279.9344711533578,,,,,,False,frontier_exceeds_one;ai_rent_capture_impossible,False,1e-09
pilot_per_tierA_baseline_pilot_v3,deterministic-engine-v1,baseline-pilot-v3,v0.1.2-pilot-per,PER,PEN,baseline,0.0,mid,r0,2034,0.006601933931990545,0.0775333529551591,0.3262394252329833,1.7636236673999213,8.036327533045585,,,,,False,frontier_exceeds_one;ai_rent_capture_impossible,False,1e-09
pilot_per_tierA_baseline_pilot_v3,deterministic-engine-v1,baseline-pilot-v3,v0.1.2-pilot-per,PER,PEN,debt_consistent,0.0,mid,r0,2034,0.013708905351027971,0.16099788458344166,0.67743564966944,3.538815762743899,19.742868347594143,,,,,False,frontier_exceeds_one;ai_rent_capture_impossible,False,1e-09
pilot_per_tierA_baseline_pilot_v3,deterministic-engine-v1,baseline-pilot-v3,v0.1.2-pilot-per,PER,PEN,baseline,0.05,mid,r0,2034,0.006880626195092535,0.08080632506053788,0.34001120857221157,1.835530943786381,8.495386977686525,,,,,False,frontier_exceeds_one;ai_rent_capture_impossible,False,1e-09
pilot_per_tierA_baseline_pilot_v3,deterministic-engine-v1,baseline-pilot-v3,v0.1.2-pilot-per,PER,PEN,debt_consistent,0.05,mid,r0,2034,0.013987597614129961,0.16427085668882044,0.6912074330086682,3.6060599543810703,20.20192779223508,,,,,False,frontier_exceeds_one;ai_rent_capture_impossible,False,1e-09
pilot_per_tierA_baseline_pilot_v3,deterministic-engine-v1,baseline-pilot-v3,v0.1.2-pilot-per,PER,PEN,baseline,0.1,mid,r0,2034,0.007159318458194525,0.08407929716591665,0.35378299191143975,1.9072425074547044,8.954446422327464,,,,,False,frontier_exceeds_one;ai_rent_capture_impossible,False,1e-09
pilot_per_tierA_baseline_pilot_v3,deterministic-engine-v1,baseline-pilot-v3,v0.1.2-pilot-per,PER,PEN,debt_consistent,0.1,mid,r0,2034,0.014266289877231952,0.1675438287941992,0.7049792163478964,3.6731342289083164,20.66098723687602,,,,,False,frontier_exceeds_one;ai_rent_capture_impossible,False,1e-09
pilot_per_tierA_baseline_pilot_v3,deterministic-engine-v1,baseline-pilot-v3,v0.1.2-pilot-per,PER,PEN,baseline,0.25,mid,r0,2034,0.007995395247500496,0.09389821348205299,0.39509834192912435,2.121214084939093,10.331624756250285,,,,,False,frontier_exceeds_one;ai_rent_capture_impossible,False,1e-09
pilot_per_tierA_baseline_pilot_v3,deterministic-engine-v1,baseline-pilot-v3,v0.1.2-pilot-per,PER,PEN,debt_consistent,0.25,mid,r0,2034,0.015102366666537923,0.17736274511033556,0.746294566365581,3.873346552168571,22.038165570798842,,,,,False,frontier_exceeds_one;ai_rent_capture_impossible,False,1e-09
pilot_per_tierA_baseline_pilot_v3,deterministic-engine-v1,baseline-pilot-v3,v0.1.2-pilot-per,PER,PEN,baseline,0.5,mid,r0,2034,0.009388856563010447,0.11026307400894685,0.46395725862526527,2.4740218734544177,12.626921979454982,,,,,False,frontier_exceeds_one;ai_rent_capture_impossible,False,1e-09
pilot_per_tierA_baseline_pilot_v3,deterministic-engine-v1,baseline-pilot-v3,v0.1.2-pilot-per,PER,PEN,debt_consistent,0.5,mid,r0,2034,0.01649582798204787,0.1937276056372294,0.8151534830617219,4.203718358303249,24.333462794003538,,,,,False,frontier_exceeds_one;ai_rent_capture_impossible,False,1e-09
pilot_per_tierA_baseline_pilot_v3,deterministic-engine-v1,baseline-pilot-v3,v0.1.2-pilot-per,PER,GMI,baseline,0.0,mid,r0,2034,0.045465181376125464,0.5339447487840311,2.2466954066879556,10.285343248679851,72.051526914878,,,,,False,frontier_exceeds_one;ai_rent_capture_impossible,False,1e-09
pilot_per_tierA_baseline_pilot_v3,deterministic-engine-v1,baseline-pilot-v3,v0.1.2-pilot-per,PER,GMI,debt_consistent,0.0,mid,r0,2034,0.05257215279516289,0.6174092804123136,2.597891631124412,11.589949335264391,83.75806772942654,,,,,False,frontier_exceeds_one;ai_rent_capture_impossible,False,1e-09
pilot_per_tierA_baseline_pilot_v3,deterministic-engine-v1,baseline-pilot-v3,v0.1.2-pilot-per,PER,GMI,baseline,0.05,mid,r0,2034,0.04755558740859928,0.5584945534935306,2.349994359625553,10.675575215428838,75.49482534613125,,,,,False,frontier_exceeds_one;ai_rent_capture_impossible,False,1e-09
pilot_per_tierA_baseline_pilot_v3,deterministic-engine-v1,baseline-pilot-v3,v0.1.2-pilot-per,PER,GMI,debt_consistent,0.05,mid,r0,2034,0.05466255882763671,0.6419590851218132,2.70119058406201,11.962146472486655,87.20136616067981,,,,,False,frontier_exceeds_one;ai_rent_capture_impossible,False,1e-09
pilot_per_tierA_baseline_pilot_v3,deterministic-engine-v1,baseline-pilot-v3,v0.1.2-pilot-per,PER,GMI,baseline,0.1,mid,r0,2034,0.049645993441073094,0.58304435820303,2.4532933125631504,11.060313556046827,78.93812377738449,,,,,False,frontier_exceeds_one;ai_rent_capture_impossible,False,1e-09
pilot_per_tierA_baseline_pilot_v3,deterministic-engine-v1,baseline-pilot-v3,v0.1.2-pilot-per,PER,GMI,debt_consistent,0.1,mid,r0,2034,0.05675296486011052,0.6665088898313126,2.804489536999607,12.329368463863815,90.64466459193304,,,,,False,frontier_exceeds_one;ai_rent_capture_impossible,False,1e-09
pilot_per_tierA_baseline_pilot_v3,deterministic-engine-v1,baseline-pilot-v3,v0.1.2-pilot-per,PER,GMI,baseline,0.25,mid,r0,2034,0.05591721153849453,0.6566937723315285,2.763190171375942,12.183139465759961,89.26801907114421,,,,,False,frontier_exceeds_one;ai_rent_capture_impossible,False,1e-09
pilot_per_tierA_baseline_pilot_v3,deterministic-engine-v1,baseline-pilot-v3,v0.1.2-pilot-per,PER,GMI,debt_consistent,0.25,mid,r0,2034,0.06302418295753195,0.7401583039598111,3.1143863958123985,13.402538373622408,100.97455988569276,,,,,False,frontier_exceeds_one;ai_rent_capture_impossible,False,1e-09
pilot_per_tierA_baseline_pilot_v3,deterministic-engine-v1,baseline-pilot-v3,v0.1.2-pilot-per,PER,GMI,baseline,0.5,mid,r0,2034,0.0663692417008636,0.779442795879026,3.2796849360639286,13.958353711684552,106.48451122741044,,,,,False,frontier_exceeds_one;ai_rent_capture_impossible,False,1e-09
pilot_per_tierA_baseline_pilot_v3,deterministic-engine-v1,baseline-pilot-v3,v0.1.2-pilot-per,PER,GMI,debt_consistent,0.5,mid,r0,2034,0.07347621311990102,0.8629073275073085,3.630881160500385,15.10350143315176,118.19105204195898,,,,,False,frontier_exceeds_one;ai_rent_capture_impossible,False,1e-09
pilot_per_tierA_baseline_pilot_v3,deterministic-engine-v1,baseline-pilot-v3,v0.1.2-pilot-per,PER,MUT,baseline,0.0,mid,r0,2034,0.05435609552022147,0.6383599688588507,2.6860464741245145,11.907895239487363,86.69656249609663,,,,,False,frontier_exceeds_one;ai_rent_capture_impossible,False,1e-09
pilot_per_tierA_baseline_pilot_v3,deterministic-engine-v1,baseline-pilot-v3,v0.1.2-pilot-per,PER,MUT,debt_consistent,0.0,mid,r0,2034,0.0614630669392589,0.7218245004871332,3.037242698560971,13.139268179772445,98.40310331064518,,,,,False,frontier_exceeds_one;ai_rent_capture_impossible,False,1e-09
pilot_per_tierA_baseline_pilot_v3,deterministic-engine-v1,baseline-pilot-v3,v0.1.2-pilot-per,PER,MUT,baseline,0.05,mid,r0,2034,0.05702583502529659,0.6697134870063597,2.8179736170844087,12.376943829412053,91.0941339280931,,,,,False,frontier_exceeds_one;ai_rent_capture_impossible,False,1e-09
pilot_per_tierA_baseline_pilot_v3,deterministic-engine-v1,baseline-pilot-v3,v0.1.2-pilot-per,PER,MUT,debt_consistent,0.05,mid,r0,2034,0.06413280644433401,0.7531780186346422,3.1691698415208656,13.58798754304996,102.80067474264166,,,,,False,frontier_exceeds_one;ai_rent_capture_impossible,False,1e-09
pilot_per_tierA_baseline_pilot_v3,deterministic-engine-v1,baseline-pilot-v3,v0.1.2-pilot-per,PER,MUT,baseline,0.1,mid,r0,2034,0.0596955745303717,0.7010670051538685,2.949900760044303,12.83813143830686,95.49170536008958,,,,,False,frontier_exceeds_one;ai_rent_capture_impossible,False,1e-09
pilot_per_tierA_baseline_pilot_v3,deterministic-engine-v1,baseline-pilot-v3,v0.1.2-pilot-per,PER,MUT,debt_consistent,0.1,mid,r0,2034,0.06680254594940913,0.7845315367821512,3.30109698448076,14.029541835403085,107.19824617463814,,,,,False,frontier_exceeds_one;ai_rent_capture_impossible,False,1e-09
pilot_per_tierA_baseline_pilot_v3,deterministic-engine-v1,baseline-pilot-v3,v0.1.2-pilot-per,PER,MUT,baseline,0.25,mid,r0,2034,0.06770479304559703,0.7951275595963951,3.345682188923986,14.17718880340969,108.684419656079,,,,,False,frontier_exceeds_one;ai_rent_capture_impossible,False,1e-09
pilot_per_tierA_baseline_pilot_v3,deterministic-engine-v1,baseline-pilot-v3,v0.1.2-pilot-per,PER,MUT,debt_consistent,0.25,mid,r0,2034,0.07481176446463444,0.8785920912246776,3.696878413360442,15.313529390216802,120.39096047062755,,,,,False,frontier_exceeds_one;ai_rent_capture_impossible,False,1e-09
pilot_per_tierA_baseline_pilot_v3,deterministic-engine-v1,baseline-pilot-v3,v0.1.2-pilot-per,PER,MUT,baseline,0.5,mid,r0,2034,0.0810534905709726,0.9518951503339399,4.005317903723458,16.274647768836736,130.6722768160614,,,,,False,frontier_exceeds_one;ai_rent_capture_impossible,False,1e-09
pilot_per_tierA_baseline_pilot_v3,deterministic-engine-v1,baseline-pilot-v3,v0.1.2-pilot-per,PER,MUT,debt_consistent,0.5,mid,r0,2034,0.08816046199001001,1.0353596819622224,4.3565141281599145,17.330219324081654,142.37881763060997,,,,,False,frontier_exceeds_one;ai_rent_capture_impossible,False,1e-09
pilot_per_tierA_baseline_pilot_v3,deterministic-engine-v1,baseline-pilot-v3,v0.1.2-pilot-per,PER,PBI,baseline,0.0,mid,r0,2034,0.08055582015021372,0.9460504907560748,3.9807251535238386,16.199217550542983,129.8525184760741,,,,,False,frontier_exceeds_one;ai_rent_capture_impossible,False,1e-09
pilot_per_tierA_baseline_pilot_v3,deterministic-engine-v1,baseline-pilot-v3,v0.1.2-pilot-per,PER,PBI,debt_consistent,0.0,mid,r0,2034,0.08766279156925114,1.0295150223843574,4.331921377960295,17.257582792953635,141.55905929062266,,,,,False,frontier_exceeds_one;ai_rent_capture_impossible,False,1e-09
pilot_per_tierA_baseline_pilot_v3,deterministic-engine-v1,baseline-pilot-v3,v0.1.2-pilot-per,PER,PBI,baseline,0.05,mid,r0,2034,0.08454054588678844,0.9928472551808596,4.177633309134427,16.79753838844969,136.4161236630937,,,,,False,frontier_exceeds_one;ai_rent_capture_impossible,False,1e-09
pilot_per_tierA_baseline_pilot_v3,deterministic-engine-v1,baseline-pilot-v3,v0.1.2-pilot-per,PER,PBI,debt_consistent,0.05,mid,r0,2034,0.09164751730582588,1.0763117868091423,4.5288295335708835,17.833963464908965,148.12266447764227,,,,,False,frontier_exceeds_one;ai_rent_capture_impossible,False,1e-09
pilot_per_tierA_baseline_pilot_v3,deterministic-engine-v1,baseline-pilot-v3,v0.1.2-pilot-per,PER,PBI,baseline,0.1,mid,r0,2034,0.08852527162336317,1.0396440196056445,4.374541464745015,17.383345271216875,142.9797288501133,,,,,False,frontier_exceeds_one;ai_rent_capture_impossible,False,1e-09
pilot_per_tierA_baseline_pilot_v3,deterministic-engine-v1,baseline-pilot-v3,v0.1.2-pilot-per,PER,PBI,debt_consistent,0.1,mid,r0,2034,0.09563224304240059,1.123108551233927,4.725737689181471,18.39876887913122,154.68626966466184,,,,,False,frontier_exceeds_one;ai_rent_capture_impossible,False,1e-09
pilot_per_tierA_baseline_pilot_v3,deterministic-engine-v1,baseline-pilot-v3,v0.1.2-pilot-per,PER,PBI,baseline,0.25,mid,r0,2034,0.10047944883308733,1.1800343128799986,4.965265931576778,19.070911430432314,162.67054441117207,,,,,False,frontier_exceeds_one;ai_rent_capture_impossible,False,1e-09
pilot_per_tierA_baseline_pilot_v3,deterministic-engine-v1,baseline-pilot-v3,v0.1.2-pilot-per,PER,PBI,debt_consistent,0.25,mid,r0,2034,0.10758642025212475,1.263498844508281,5.316462156013234,20.028387922123386,174.3770852257206,,,,,False,frontier_exceeds_one;ai_rent_capture_impossible,False,1e-09
pilot_per_tierA_baseline_pilot_v3,deterministic-engine-v1,baseline-pilot-v3,v0.1.2-pilot-per,PER,PBI,baseline,0.5,mid,r0,2034,0.12040307751596097,1.4140181350039225,5.949806709629717,21.67747890978158,195.48857034627005,,,,,False,frontier_exceeds_one;ai_rent_capture_impossible,False,1e-09
pilot_per_tierA_baseline_pilot_v3,deterministic-engine-v1,baseline-pilot-v3,v0.1.2-pilot-per,PER,PBI,debt_consistent,0.5,mid,r0,2034,0.1275100489349984,1.497482666632205,6.301002934066174,22.552428390685467,207.1951111608186,,,,,False,frontier_exceeds_one;ai_rent_capture_impossible,False,1e-09
pilot_per_tierA_baseline_pilot_v3,deterministic-engine-v1,baseline-pilot-v3,v0.1.2-pilot-per,PER,UBI,baseline,0.0,mid,r0,2034,0.21457272690847207,2.5199499330538524,10.603269256920228,31.554353269547363,350.6039885892871,,,,,False,frontier_exceeds_one;ai_rent_capture_impossible,False,1e-09
pilot_per_tierA_baseline_pilot_v3,deterministic-engine-v1,baseline-pilot-v3,v0.1.2-pilot-per,PER,UBI,debt_consistent,0.0,mid,r0,2034,0.2216796983275095,2.603414464682135,10.954465481356685,32.1804484708319,362.31052940383563,,,,,False,frontier_exceeds_one;ai_rent_capture_impossible,False,1e-09
pilot_per_tierA_baseline_pilot_v3,deterministic-engine-v1,baseline-pilot-v3,v0.1.2-pilot-per,PER,UBI,baseline,0.05,mid,r0,2034,0.22525168492877254,2.6453640056438883,11.130977828759807,32.49021256767388,368.1942743172731,,,,,False,frontier_exceeds_one;ai_rent_capture_impossible,False,1e-09
pilot_per_tierA_baseline_pilot_v3,deterministic-engine-v1,baseline-pilot-v3,v0.1.2-pilot-per,PER,UBI,debt_consistent,0.05,mid,r0,2034,0.23235865634780997,2.728828537272171,11.482174053196264,33.09710658766855,379.9008151318216,,,,,False,frontier_exceeds_one;ai_rent_capture_impossible,False,1e-09
pilot_per_tierA_baseline_pilot_v3,deterministic-engine-v1,baseline-pilot-v3,v0.1.2-pilot-per,PER,UBI,baseline,0.1,mid,r0,2034,0.23593064294907298,2.7707780782339237,11.658686400599384,33.39753051310524,385.78456004525896,,,,,False,frontier_exceeds_one;ai_rent_capture_impossible,False,1e-09
pilot_per_tierA_baseline_pilot_v3,deterministic-engine-v1,baseline-pilot-v3,v0.1.2-pilot-per,PER,UBI,debt_consistent,0.1,mid,r0,2034,0.24303761436811042,2.8542426098622067,12.009882625035841,33.98642560407494,397.49110085980755,,,,,False,frontier_exceeds_one;ai_rent_capture_impossible,False,1e-09
pilot_per_tierA_baseline_pilot_v3,deterministic-engine-v1,baseline-pilot-v3,v0.1.2-pilot-per,PER,UBI,baseline,0.25,mid,r0,2034,0.26796751700997434,3.147020296004031,13.241812116118117,35.9652131690719,438.55541722921674,,,,,False,frontier_exceeds_one;ai_rent_capture_impossible,False,1e-09
pilot_per_tierA_baseline_pilot_v3,deterministic-engine-v1,baseline-pilot-v3,v0.1.2-pilot-per,PER,UBI,debt_consistent,0.25,mid,r0,2034,0.2750744884290118,3.230484827632314,13.593008340554574,36.50627772001606,450.2619580437653,,,,,False,frontier_exceeds_one;ai_rent_capture_impossible,False,1e-09
pilot_per_tierA_baseline_pilot_v3,deterministic-engine-v1,baseline-pilot-v3,v0.1.2-pilot-per,PER,UBI,baseline,0.5,mid,r0,2034,0.3213623071114766,3.77409065895421,15.880354975316006,39.81192909083451,526.5068458691463,,,,,False,frontier_exceeds_one;ai_rent_capture_impossible,False,1e-09
pilot_per_tierA_baseline_pilot_v3,deterministic-engine-v1,baseline-pilot-v3,v0.1.2-pilot-per,PER,UBI,debt_consistent,0.5,mid,r0,2034,0.32846927853051405,3.8575551905824925,16.231551199752463,40.289149343911205,538.213386683695,,,,,False,frontier_exceeds_one;ai_rent_capture_impossible,False,1e-09
pilot_per_tierA_baseline_pilot_v3,deterministic-engine-v1,baseline-pilot-v3,v0.1.2-pilot-per,PER,PEN,baseline,0.0,mid,r1,2034,0.0065819339319905445,0.07327631480482795,0.3252511105100742,1.6698017484862977,7.847587531439244,,,,,False,frontier_exceeds_one;ai_rent_capture_impossible,False,1e-09
pilot_per_tierA_baseline_pilot_v3,deterministic-engine-v1,baseline-pilot-v3,v0.1.2-pilot-per,PER,PEN,debt_consistent,0.0,mid,r1,2034,0.013688905351027972,0.15239784358213163,0.6764473349465309,3.361308812673664,19.5541283459878,,,,,False,frontier_exceeds_one;ai_rent_capture_impossible,False,1e-09
pilot_per_tierA_baseline_pilot_v3,deterministic-engine-v1,baseline-pilot-v3,v0.1.2-pilot-per,PER,PEN,baseline,0.05,mid,r1,2034,0.006860626195092535,0.07637898071058484,0.3390228938493024,1.7382151832039168,8.306646976080183,,,,,False,frontier_exceeds_one;ai_rent_capture_impossible,False,1e-09
pilot_per_tierA_baseline_pilot_v3,deterministic-engine-v1,baseline-pilot-v3,v0.1.2-pilot-per,PER,PEN,debt_consistent,0.05,mid,r1,2034,0.01396759761412996,0.1555005094878885,0.690219118285759,3.4254856474326414,20.013187790628738,,,,,False,frontier_exceeds_one;ai_rent_capture_impossible,False,1e-09
pilot_per_tierA_baseline_pilot_v3,deterministic-engine-v1,baseline-pilot-v3,v0.1.2-pilot-per,PER,PEN,baseline,0.1,mid,r1,2034,0.007139318458194525,0.07948164661634172,0.3527946771885306,1.806451365830466,8.765706420721122,,,,,False,frontier_exceeds_one;ai_rent_capture_impossible,False,1e-09
pilot_per_tierA_baseline_pilot_v3,deterministic-engine-v1,baseline-pilot-v3,v0.1.2-pilot-per,PER,PEN,debt_consistent,0.1,mid,r1,2034,0.014246289877231953,0.15860317539364538,0.7039909016249873,3.48950757849725,20.47224723526968,,,,,False,frontier_exceeds_one;ai_rent_capture_impossible,False,1e-09
pilot_per_tierA_baseline_pilot_v3,deterministic-engine-v1,baseline-pilot-v3,v0.1.2-pilot-per,PER,PEN,baseline,0.25,mid,r1,2034,0.007975395247500495,0.08878964433361235,0.3941100272062152,2.010106028411606,10.142884754643942,,,,,False,frontier_exceeds_one;ai_rent_capture_impossible,False,1e-09
pilot_per_tierA_baseline_pilot_v3,deterministic-engine-v1,baseline-pilot-v3,v0.1.2-pilot-per,PER,PEN,debt_consistent,0.25,mid,r1,2034,0.015082366666537922,0.167911173110916,0.7453062516426718,3.680651791290796,21.849425569192498,,,,,False,frontier_exceeds_one;ai_rent_capture_impossible,False,1e-09
pilot_per_tierA_baseline_pilot_v3,deterministic-engine-v1,baseline-pilot-v3,v0.1.2-pilot-per,PER,PEN,baseline,0.5,mid,r1,2034,0.009368856563010446,0.10430297386239672,0.4629689439023561,2.346074096041175,12.43818197784864,,,,,False,frontier_exceeds_one;ai_rent_capture_impossible,False,1e-09
pilot_per_tierA_baseline_pilot_v3,deterministic-engine-v1,baseline-pilot-v3,v0.1.2-pilot-per,PER,PEN,debt_consistent,0.5,mid,r1,2034,0.016475827982047872,0.1834245026397004,0.8141651683388127,3.996199696715493,24.144722792397193,,,,,False,frontier_exceeds_one;ai_rent_capture_impossible,False,1e-09
pilot_per_tierA_baseline_pilot_v3,deterministic-engine-v1,baseline-pilot-v3,v0.1.2-pilot-per,PER,GMI,baseline,0.0,mid,r1,2034,0.04541518137612546,0.5056047602150422,2.244224619880683,9.82781259359556,71.8133711771262,,,,,False,frontier_exceeds_one;ai_rent_capture_impossible,False,1e-09
pilot_per_tierA_baseline_pilot_v3,deterministic-engine-v1,baseline-pilot-v3,v0.1.2-pilot-per,PER,GMI,debt_consistent,0.0,mid,r1,2034,0.05252215279516289,0.5847262889923458,2.595420844317139,11.08647537069852,83.51991199167475,,,,,False,frontier_exceeds_one;ai_rent_capture_impossible,False,1e-09
pilot_per_tierA_baseline_pilot_v3,deterministic-engine-v1,baseline-pilot-v3,v0.1.2-pilot-per,PER,GMI,baseline,0.05,mid,r1,2034,0.04750558740859928,0.5288771376178245,2.34752357281828,10.204091611293542,75.25666960837945,,,,,False,frontier_exceeds_one;ai_rent_capture_impossible,False,1e-09
pilot_per_tierA_baseline_pilot_v3,deterministic-engine-v1,baseline-pilot-v3,v0.1.2-pilot-per,PER,GMI,debt_consistent,0.05,mid,r1,2034,0.05461255882763671,0.6079986663951281,2.698719797254737,11.445926653263788,86.96321042292801,,,,,False,frontier_exceeds_one;ai_rent_capture_impossible,False,1e-09
pilot_per_tierA_baseline_pilot_v3,deterministic-engine-v1,baseline-pilot-v3,v0.1.2-pilot-per,PER,GMI,baseline,0.1,mid,r1,2034,0.04959599344107309,0.5521495150206067,2.4508225257558776,10.575250588717678,78.6999680396327,,,,,False,frontier_exceeds_one;ai_rent_capture_impossible,False,1e-09
pilot_per_tierA_baseline_pilot_v3,deterministic-engine-v1,baseline-pilot-v3,v0.1.2-pilot-per,PER,GMI,debt_consistent,0.1,mid,r1,2034,0.05670296486011052,0.6312710437979104,2.802018750192334,11.800725996357933,90.40650885418124,,,,,False,frontier_exceeds_one;ai_rent_capture_impossible,False,1e-09
pilot_per_tierA_baseline_pilot_v3,deterministic-engine-v1,baseline-pilot-v3,v0.1.2-pilot-per,PER,GMI,baseline,0.25,mid,r1,2034,0.05586721153849453,0.6219666472289535,2.760719384568669,11.659425699181256,89.0298633333924,,,,,False,frontier_exceeds_one;ai_rent_capture_impossible,False,1e-09
pilot_per_tierA_baseline_pilot_v3,deterministic-engine-v1,baseline-pilot-v3,v0.1.2-pilot-per,PER,GMI,debt_consistent,0.25,mid,r1,2034,0.06297418295753196,0.7010881760062572,3.111915609005126,12.838440252820481,100.73640414794097,,,,,False,frontier_exceeds_one;ai_rent_capture_impossible,False,1e-09
pilot_per_tierA_baseline_pilot_v3,deterministic-engine-v1,baseline-pilot-v3,v0.1.2-pilot-per,PER,GMI,baseline,0.5,mid,r1,2034,0.0663192417008636,0.7383285342428649,3.277214149256656,13.37637563466642,106.24635548965865,,,,,False,frontier_exceeds_one;ai_rent_capture_impossible,False,1e-09
pilot_per_tierA_baseline_pilot_v3,deterministic-engine-v1,baseline-pilot-v3,v0.1.2-pilot-per,PER,GMI,debt_consistent,0.5,mid,r1,2034,0.07342621311990102,0.8174500630201684,3.628410373693112,14.48568528945046,117.95289630420719,,,,,False,frontier_exceeds_one;ai_rent_capture_impossible,False,1e-09
pilot_per_tierA_baseline_pilot_v3,deterministic-engine-v1,baseline-pilot-v3,v0.1.2-pilot-per,PER,MUT,baseline,0.0,mid,r1,2034,0.054343595520221465,0.60500431242732,2.685428777422696,11.399941112709767,86.52017642852664,,,,,False,frontier_exceeds_one;ai_rent_capture_impossible,False,1e-09
pilot_per_tierA_baseline_pilot_v3,deterministic-engine-v1,baseline-pilot-v3,v0.1.2-pilot-per,PER,MUT,debt_consistent,0.0,mid,r1,2034,0.06145056693925889,0.6841258412046236,3.0366250018591523,12.589898539799249,98.22671724307519,,,,,False,frontier_exceeds_one;ai_rent_capture_impossible,False,1e-09
pilot_per_tierA_baseline_pilot_v3,deterministic-engine-v1,baseline-pilot-v3,v0.1.2-pilot-per,PER,MUT,baseline,0.05,mid,r1,2034,0.05701333502529658,0.6347263780758287,2.8173559203825906,11.853015439795522,90.91774786052314,,,,,False,frontier_exceeds_one;ai_rent_capture_impossible,False,1e-09
pilot_per_tierA_baseline_pilot_v3,deterministic-engine-v1,baseline-pilot-v3,v0.1.2-pilot-per,PER,MUT,debt_consistent,0.05,mid,r1,2034,0.064120306444334,0.7138479068531323,3.1685521448190466,13.023937293744815,102.62428867507167,,,,,False,frontier_exceeds_one;ai_rent_capture_impossible,False,1e-09
pilot_per_tierA_baseline_pilot_v3,deterministic-engine-v1,baseline-pilot-v3,v0.1.2-pilot-per,PER,MUT,baseline,0.1,mid,r1,2034,0.059683074530371694,0.6644484437243373,2.949283063342485,12.298735627556942,95.3153192925196,,,,,False,frontier_exceeds_one;ai_rent_capture_impossible,False,1e-09
pilot_per_tierA_baseline_pilot_v3,deterministic-engine-v1,baseline-pilot-v3,v0.1.2-pilot-per,PER,MUT,debt_consistent,0.1,mid,r1,2034,0.06679004594940913,0.743569972501641,3.3004792877789417,13.451253649855808,107.02186010706816,,,,,False,frontier_exceeds_one;ai_rent_capture_impossible,False,1e-09
pilot_per_tierA_baseline_pilot_v3,deterministic-engine-v1,baseline-pilot-v3,v0.1.2-pilot-per,PER,MUT,baseline,0.25,mid,r1,2034,0.06769229304559703,0.7536146406698632,3.3450644922221677,13.594185158673124,108.50803358850904,,,,,False,frontier_exceeds_one;ai_rent_capture_impossible,False,1e-09
pilot_per_tierA_baseline_pilot_v3,deterministic-engine-v1,baseline-pilot-v3,v0.1.2-pilot-per,PER,MUT,debt_consistent,0.25,mid,r1,2034,0.07479926446463445,0.8327361694471668,3.696260716658624,14.694977755511298,120.21457440305758,,,,,False,frontier_exceeds_one;ai_rent_capture_impossible,False,1e-09
pilot_per_tierA_baseline_pilot_v3,deterministic-engine-v1,baseline-pilot-v3,v0.1.2-pilot-per,PER,MUT,baseline,0.5,mid,r1,2034,0.0810409905709726,0.9022249689124064,4.0047002070216395,15.62702568473597,130.49589074849143,,,,,False,frontier_exceeds_one;ai_rent_capture_impossible,False,1e-09
pilot_per_tierA_baseline_pilot_v3,deterministic-engine-v1,baseline-pilot-v3,v0.1.2-pilot-per,PER,MUT,debt_consistent,0.5,mid,r1,2034,0.08814796199001002,0.9813464976897099,4.355896431458096,16.651676639803398,142.20243156304,,,,,False,frontier_exceeds_one;ai_rent_capture_impossible,False,1e-09
pilot_per_tierA_baseline_pilot_v3,deterministic-engine-v1,baseline-pilot-v3,v0.1.2-pilot-per,PER,PBI,baseline,0.0,mid,r1,2034,0.0805433201502137,0.8966844310101137,3.98010745682202,15.553844873930673,129.67613240850412,,,,,False,frontier_exceeds_one;ai_rent_capture_impossible,False,1e-09
pilot_per_tierA_baseline_pilot_v3,deterministic-engine-v1,baseline-pilot-v3,v0.1.2-pilot-per,PER,PBI,debt_consistent,0.0,mid,r1,2034,0.08765029156925114,0.9758059597874175,4.331303681258477,16.581134970201614,141.38267322305268,,,,,False,frontier_exceeds_one;ai_rent_capture_impossible,False,1e-09
pilot_per_tierA_baseline_pilot_v3,deterministic-engine-v1,baseline-pilot-v3,v0.1.2-pilot-per,PER,PBI,baseline,0.05,mid,r1,2034,0.08452804588678843,0.9410461673175831,4.177015612432608,16.13447037376668,136.2397375955237,,,,,False,frontier_exceeds_one;ai_rent_capture_impossible,False,1e-09
pilot_per_tierA_baseline_pilot_v3,deterministic-engine-v1,baseline-pilot-v3,v0.1.2-pilot-per,PER,PBI,debt_consistent,0.05,mid,r1,2034,0.09163501730582585,1.0201676960948867,4.5282118368690645,17.14102341271737,147.94627841007227,,,,,False,frontier_exceeds_one;ai_rent_capture_impossible,False,1e-09
pilot_per_tierA_baseline_pilot_v3,deterministic-engine-v1,baseline-pilot-v3,v0.1.2-pilot-per,PER,PBI,baseline,0.1,mid,r1,2034,0.08851277162336316,0.9854079036250525,4.373923768043196,16.703273445280722,142.8033427825433,,,,,False,frontier_exceeds_one;ai_rent_capture_impossible,False,1e-09
pilot_per_tierA_baseline_pilot_v3,deterministic-engine-v1,baseline-pilot-v3,v0.1.2-pilot-per,PER,PBI,debt_consistent,0.1,mid,r1,2034,0.09561974304240059,1.0645294324023562,4.7251199924796525,17.689953869549207,154.50988359709186,,,,,False,frontier_exceeds_one;ai_rent_capture_impossible,False,1e-09
pilot_per_tierA_baseline_pilot_v3,deterministic-engine-v1,baseline-pilot-v3,v0.1.2-pilot-per,PER,PBI,baseline,0.25,mid,r1,2034,0.10046694883308732,1.1184931125474604,4.964648234874959,18.3435644013524,162.49415834360207,,,,,False,frontier_exceeds_one;ai_rent_capture_impossible,False,1e-09
pilot_per_tierA_baseline_pilot_v3,deterministic-engine-v1,baseline-pilot-v3,v0.1.2-pilot-per,PER,PBI,debt_consistent,0.25,mid,r1,2034,0.10757392025212476,1.1976146413247641,5.315844459311416,19.27529698966322,174.20069915815063,,,,,False,frontier_exceeds_one;ai_rent_capture_impossible,False,1e-09
pilot_per_tierA_baseline_pilot_v3,deterministic-engine-v1,baseline-pilot-v3,v0.1.2-pilot-per,PER,PBI,baseline,0.5,mid,r1,2034,0.12039057751596095,1.3403017940848072,5.949189012927898,20.881774009618734,195.31218427870007,,,,,False,frontier_exceeds_one;ai_rent_capture_impossible,False,1e-09
pilot_per_tierA_baseline_pilot_v3,deterministic-engine-v1,baseline-pilot-v3,v0.1.2-pilot-per,PER,PBI,debt_consistent,0.5,mid,r1,2034,0.12749754893499837,1.419423322862111,6.300385237364355,21.734959100019193,207.01872509324863,,,,,False,frontier_exceeds_one;ai_rent_capture_impossible,False,1e-09
pilot_per_tierA_baseline_pilot_v3,deterministic-engine-v1,baseline-pilot-v3,v0.1.2-pilot-per,PER,UBI,baseline,0.0,mid,r1,2034,0.21456522690847207,2.388743076969726,10.602898638899138,30.54258061082425,350.43583847774136,,,,,False,frontier_exceeds_one;ai_rent_capture_impossible,False,1e-09
pilot_per_tierA_baseline_pilot_v3,deterministic-engine-v1,baseline-pilot-v3,v0.1.2-pilot-per,PER,UBI,debt_consistent,0.0,mid,r1,2034,0.2216721983275095,2.46786460574703,10.954094863335595,31.156838648173512,362.1423792922899,,,,,False,frontier_exceeds_one;ai_rent_capture_impossible,False,1e-09
pilot_per_tierA_baseline_pilot_v3,deterministic-engine-v1,baseline-pilot-v3,v0.1.2-pilot-per,PER,UBI,baseline,0.05,mid,r1,2034,0.22524418492877255,2.507631339563761,11.130607210738717,31.460818241442524,368.0261242057273,,,,,False,frontier_exceeds_one;ai_rent_capture_impossible,False,1e-09
pilot_per_tierA_baseline_pilot_v3,deterministic-engine-v1,baseline-pilot-v3,v0.1.2-pilot-per,PER,UBI,debt_consistent,0.05,mid,r1,2034,0.23235115634780998,2.5867528683410645,11.481803435175173,32.05651453515288,379.7326650202759,,,,,False,frontier_exceeds_one;ai_rent_capture_impossible,False,1e-09
pilot_per_tierA_baseline_pilot_v3,deterministic-engine-v1,baseline-pilot-v3,v0.1.2-pilot-per,PER,UBI,baseline,0.1,mid,r1,2034,0.235923142949073,2.6265196021577952,11.658315782578294,32.351460627485224,385.6164099337132,,,,,False,frontier_exceeds_one;ai_rent_capture_impossible,False,1e-09
pilot_per_tierA_baseline_pilot_v3,deterministic-engine-v1,baseline-pilot-v3,v0.1.2-pilot-per,PER,UBI,debt_consistent,0.1,mid,r1,2034,0.24303011436811042,2.705641130935099,12.00951200701475,32.929740891543155,397.3229507482618,,,,,False,frontier_exceeds_one;ai_rent_capture_impossible,False,1e-09
pilot_per_tierA_baseline_pilot_v3,deterministic-engine-v1,baseline-pilot-v3,v0.1.2-pilot-per,PER,UBI,baseline,0.25,mid,r1,2034,0.26796001700997435,2.983184389939899,13.241441498097027,34.87400880822097,438.387267117671,,,,,False,frontier_exceeds_one;ai_rent_capture_impossible,False,1e-09
pilot_per_tierA_baseline_pilot_v3,deterministic-engine-v1,baseline-pilot-v3,v0.1.2-pilot-per,PER,UBI,debt_consistent,0.25,mid,r1,2034,0.2750669884290118,3.0623059187172026,13.592637722533484,35.40593018336032,450.09380793221953,,,,,False,frontier_exceeds_one;ai_rent_capture_impossible,False,1e-09
pilot_per_tierA_baseline_pilot_v3,deterministic-engine-v1,baseline-pilot-v3,v0.1.2-pilot-per,PER,UBI,baseline,0.5,mid,r1,2034,0.3213548071114766,3.577625702910072,15.879984357294916,38.65827501099939,526.3386957576006,,,,,False,frontier_exceeds_one;ai_rent_capture_impossible,False,1e-09
pilot_per_tierA_baseline_pilot_v3,deterministic-engine-v1,baseline-pilot-v3,v0.1.2-pilot-per,PER,UBI,debt_consistent,0.5,mid,r1,2034,0.32846177853051406,3.6567472316873757,16.231180581731373,39.12814223799019,538.0452365721493,,,,,False,frontier_exceeds_one;ai_rent_capture_impossible,False,1e-09
pilot_per_tierA_baseline_pilot_v3,deterministic-engine-v1,baseline-pilot-v3,v0.1.2-pilot-per,PER,PEN,baseline,0.0,mid,r2,2034,0.0065819339319905445,0.07004657226419723,0.3252511105100742,1.5983969480686973,7.709533319850232,,,,,False,frontier_exceeds_one;ai_rent_capture_impossible,False,1e-09
pilot_per_tierA_baseline_pilot_v3,deterministic-engine-v1,baseline-pilot-v3,v0.1.2-pilot-per,PER,PEN,debt_consistent,0.0,mid,r2,2034,0.013688905351027972,0.14568072359829248,0.6764473349465309,3.221834623833166,19.416074134398787,,,,,False,frontier_exceeds_one;ai_rent_capture_impossible,False,1e-09
pilot_per_tierA_baseline_pilot_v3,deterministic-engine-v1,baseline-pilot-v3,v0.1.2-pilot-per,PER,PEN,baseline,0.05,mid,r2,2034,0.006860626195092535,0.07301248440317588,0.3390228938493024,1.6639761095624606,8.168592764491171,,,,,False,frontier_exceeds_one;ai_rent_capture_impossible,False,1e-09
pilot_per_tierA_baseline_pilot_v3,deterministic-engine-v1,baseline-pilot-v3,v0.1.2-pilot-per,PER,PEN,debt_consistent,0.05,mid,r2,2034,0.01396759761412996,0.14864663573727113,0.690219118285759,3.283509275993822,19.875133579039726,,,,,False,frontier_exceeds_one;ai_rent_capture_impossible,False,1e-09
pilot_per_tierA_baseline_pilot_v3,deterministic-engine-v1,baseline-pilot-v3,v0.1.2-pilot-per,PER,PEN,baseline,0.1,mid,r2,2034,0.007139318458194525,0.07597839654215453,0.3527946771885306,1.729392332976568,8.62765220913211,,,,,False,frontier_exceeds_one;ai_rent_capture_impossible,False,1e-09
pilot_per_tierA_baseline_pilot_v3,deterministic-engine-v1,baseline-pilot-v3,v0.1.2-pilot-per,PER,PEN,debt_consistent,0.1,mid,r2,2034,0.014246289877231953,0.15161254787624978,0.7039909016249873,3.345040769625682,20.33419302368067,,,,,False,frontier_exceeds_one;ai_rent_capture_impossible,False,1e-09
pilot_per_tierA_baseline_pilot_v3,deterministic-engine-v1,baseline-pilot-v3,v0.1.2-pilot-per,PER,PEN,baseline,0.25,mid,r2,2034,0.007975395247500495,0.08487613295909048,0.3941100272062152,1.9246718639017526,10.004830543054931,,,,,False,frontier_exceeds_one;ai_rent_capture_impossible,False,1e-09
pilot_per_tierA_baseline_pilot_v3,deterministic-engine-v1,baseline-pilot-v3,v0.1.2-pilot-per,PER,PEN,debt_consistent,0.25,mid,r2,2034,0.015082366666537922,0.16051028429318573,0.7453062516426718,3.528783270505731,21.711371357603486,,,,,False,frontier_exceeds_one;ai_rent_capture_impossible,False,1e-09
pilot_per_tierA_baseline_pilot_v3,deterministic-engine-v1,baseline-pilot-v3,v0.1.2-pilot-per,PER,PEN,baseline,0.5,mid,r2,2034,0.009368856563010446,0.09970569365398371,0.4629689439023561,2.2469572186384212,12.300127766259628,,,,,False,frontier_exceeds_one;ai_rent_capture_impossible,False,1e-09
pilot_per_tierA_baseline_pilot_v3,deterministic-engine-v1,baseline-pilot-v3,v0.1.2-pilot-per,PER,PEN,debt_consistent,0.5,mid,r2,2034,0.016475827982047872,0.17533984498807895,0.8141651683388127,3.832221896881241,24.00666858080818,,,,,False,frontier_exceeds_one;ai_rent_capture_impossible,False,1e-09
pilot_per_tierA_baseline_pilot_v3,deterministic-engine-v1,baseline-pilot-v3,v0.1.2-pilot-per,PER,GMI,baseline,0.0,mid,r2,2034,0.04541518137612546,0.4833196165480694,2.244224619880683,9.4625569367188,71.67531696553719,,,,,False,frontier_exceeds_one;ai_rent_capture_impossible,False,1e-09
pilot_per_tierA_baseline_pilot_v3,deterministic-engine-v1,baseline-pilot-v3,v0.1.2-pilot-per,PER,GMI,debt_consistent,0.0,mid,r2,2034,0.05252215279516289,0.5589537678821647,2.595420844317139,10.68282181426006,83.38185778008574,,,,,False,frontier_exceeds_one;ai_rent_capture_impossible,False,1e-09
pilot_per_tierA_baseline_pilot_v3,deterministic-engine-v1,baseline-pilot-v3,v0.1.2-pilot-per,PER,GMI,baseline,0.05,mid,r2,2034,0.04750558740859928,0.5055662356615658,2.34752357281828,9.827185382398229,75.11861539679043,,,,,False,frontier_exceeds_one;ai_rent_capture_impossible,False,1e-09
pilot_per_tierA_baseline_pilot_v3,deterministic-engine-v1,baseline-pilot-v3,v0.1.2-pilot-per,PER,GMI,debt_consistent,0.05,mid,r2,2034,0.05461255882763671,0.581200386995661,2.698719797254737,11.031602498954305,86.82515621133899,,,,,False,frontier_exceeds_one;ai_rent_capture_impossible,False,1e-09
pilot_per_tierA_baseline_pilot_v3,deterministic-engine-v1,baseline-pilot-v3,v0.1.2-pilot-per,PER,GMI,baseline,0.1,mid,r2,2034,0.04959599344107309,0.527812854775062,2.4508225257558776,10.186996619901405,78.56191382804369,,,,,False,frontier_exceeds_one;ai_rent_capture_impossible,False,1e-09
pilot_per_tierA_baseline_pilot_v3,deterministic-engine-v1,baseline-pilot-v3,v0.1.2-pilot-per,PER,GMI,debt_consistent,0.1,mid,r2,2034,0.05670296486011052,0.6034470061091572,2.802018750192334,11.375994381911093,90.26845464259223,,,,,False,frontier_exceeds_one;ai_rent_capture_impossible,False,1e-09
pilot_per_tierA_baseline_pilot_v3,deterministic-engine-v1,baseline-pilot-v3,v0.1.2-pilot-per,PER,GMI,baseline,0.25,mid,r2,2034,0.05586721153849453,0.5945527121155509,2.760719384568669,11.238824133534209,88.89180912180339,,,,,False,frontier_exceeds_one;ai_rent_capture_impossible,False,1e-09
pilot_per_tierA_baseline_pilot_v3,deterministic-engine-v1,baseline-pilot-v3,v0.1.2-pilot-per,PER,GMI,debt_consistent,0.25,mid,r2,2034,0.06297418295753196,0.6701868634496463,3.111915609005126,12.383964596284965,100.59834993635197,,,,,False,frontier_exceeds_one;ai_rent_capture_impossible,False,1e-09
pilot_per_tierA_baseline_pilot_v3,deterministic-engine-v1,baseline-pilot-v3,v0.1.2-pilot-per,PER,GMI,baseline,0.5,mid,r2,2034,0.0663192417008636,0.7057858076830326,3.277214149256656,12.906878172692345,106.10830127806963,,,,,False,frontier_exceeds_one;ai_rent_capture_impossible,False,1e-09
pilot_per_tierA_baseline_pilot_v3,deterministic-engine-v1,baseline-pilot-v3,v0.1.2-pilot-per,PER,GMI,debt_consistent,0.5,mid,r2,2034,0.07342621311990102,0.7814199590171278,3.628410373693112,13.986034655735827,117.81484209261816,,,,,False,frontier_exceeds_one;ai_rent_capture_impossible,False,1e-09
pilot_per_tierA_baseline_pilot_v3,deterministic-engine-v1,baseline-pilot-v3,v0.1.2-pilot-per,PER,MUT,baseline,0.0,mid,r2,2034,0.054343595520221465,0.5783380128144632,2.685428777422696,10.986974922844391,86.38212221693763,,,,,False,frontier_exceeds_one;ai_rent_capture_impossible,False,1e-09
pilot_per_tierA_baseline_pilot_v3,deterministic-engine-v1,baseline-pilot-v3,v0.1.2-pilot-per,PER,MUT,debt_consistent,0.0,mid,r2,2034,0.06145056693925889,0.6539721641485584,3.0366250018591523,12.142453940482163,98.08866303148618,,,,,False,frontier_exceeds_one;ai_rent_capture_impossible,False,1e-09
pilot_per_tierA_baseline_pilot_v3,deterministic-engine-v1,baseline-pilot-v3,v0.1.2-pilot-per,PER,MUT,baseline,0.05,mid,r2,2034,0.05701333502529658,0.6067500423336156,2.8173559203825906,11.426760389659815,90.77969364893411,,,,,False,frontier_exceeds_one;ai_rent_capture_impossible,False,1e-09
pilot_per_tierA_baseline_pilot_v3,deterministic-engine-v1,baseline-pilot-v3,v0.1.2-pilot-per,PER,MUT,debt_consistent,0.05,mid,r2,2034,0.064120306444334,0.6823841936677109,3.1685521448190466,12.56425154716426,102.48623446348265,,,,,False,frontier_exceeds_one;ai_rent_capture_impossible,False,1e-09
pilot_per_tierA_baseline_pilot_v3,deterministic-engine-v1,baseline-pilot-v3,v0.1.2-pilot-per,PER,MUT,baseline,0.1,mid,r2,2034,0.059683074530371694,0.635162071852768,2.949283063342485,11.859601713605938,95.1772650809306,,,,,False,frontier_exceeds_one;ai_rent_capture_impossible,False,1e-09
pilot_per_tierA_baseline_pilot_v3,deterministic-engine-v1,baseline-pilot-v3,v0.1.2-pilot-per,PER,MUT,debt_consistent,0.1,mid,r2,2034,0.06679004594940913,0.7107962231868633,3.3004792877789417,12.979686224030845,106.88380589547916,,,,,False,frontier_exceeds_one;ai_rent_capture_impossible,False,1e-09
pilot_per_tierA_baseline_pilot_v3,deterministic-engine-v1,baseline-pilot-v3,v0.1.2-pilot-per,PER,MUT,baseline,0.25,mid,r2,2034,0.06769229304559703,0.7203981604102251,3.3450644922221677,13.118680561413166,108.36997937692003,,,,,False,frontier_exceeds_one;ai_rent_capture_impossible,False,1e-09
pilot_per_tierA_baseline_pilot_v3,deterministic-engine-v1,baseline-pilot-v3,v0.1.2-pilot-per,PER,MUT,debt_consistent,0.25,mid,r2,2034,0.07479926446463445,0.7960323117443202,3.696260716658624,14.189759415680644,120.07652019146857,,,,,False,frontier_exceeds_one;ai_rent_capture_impossible,False,1e-09
pilot_per_tierA_baseline_pilot_v3,deterministic-engine-v1,baseline-pilot-v3,v0.1.2-pilot-per,PER,MUT,baseline,0.5,mid,r2,2034,0.0810409905709726,0.862458308005987,4.0047002070216395,15.097465404990075,130.35783653690243,,,,,False,frontier_exceeds_one;ai_rent_capture_impossible,False,1e-09
pilot_per_tierA_baseline_pilot_v3,deterministic-engine-v1,baseline-pilot-v3,v0.1.2-pilot-per,PER,MUT,debt_consistent,0.5,mid,r2,2034,0.08814796199001002,0.9380924593400822,4.355896431458096,16.09618402741954,142.064377351451,,,,,False,frontier_exceeds_one;ai_rent_capture_impossible,False,1e-09
pilot_per_tierA_baseline_pilot_v3,deterministic-engine-v1,baseline-pilot-v3,v0.1.2-pilot-per,PER,PBI,baseline,0.0,mid,r2,2034,0.0805433201502137,0.857161976038568,3.98010745682202,15.026169470022358,129.5380781969151,,,,,False,frontier_exceeds_one;ai_rent_capture_impossible,False,1e-09
pilot_per_tierA_baseline_pilot_v3,deterministic-engine-v1,baseline-pilot-v3,v0.1.2-pilot-per,PER,PBI,debt_consistent,0.0,mid,r2,2034,0.08765029156925114,0.9327961273726634,4.331303681258477,16.027400587456498,141.24461901146367,,,,,False,frontier_exceeds_one;ai_rent_capture_impossible,False,1e-09
pilot_per_tierA_baseline_pilot_v3,deterministic-engine-v1,baseline-pilot-v3,v0.1.2-pilot-per,PER,PBI,baseline,0.05,mid,r2,2034,0.08452804588678843,0.8995684149581967,4.177015612432608,15.59196122855437,136.1016833839347,,,,,False,frontier_exceeds_one;ai_rent_capture_impossible,False,1e-09
pilot_per_tierA_baseline_pilot_v3,deterministic-engine-v1,baseline-pilot-v3,v0.1.2-pilot-per,PER,PBI,debt_consistent,0.05,mid,r2,2034,0.09163501730582585,0.9752025662922919,4.5282118368690645,16.573441867633242,147.80822419848326,,,,,False,frontier_exceeds_one;ai_rent_capture_impossible,False,1e-09
pilot_per_tierA_baseline_pilot_v3,deterministic-engine-v1,baseline-pilot-v3,v0.1.2-pilot-per,PER,PBI,baseline,0.1,mid,r2,2034,0.08851277162336316,0.9419748538778253,4.373923768043196,16.146497294986446,142.6652885709543,,,,,False,frontier_exceeds_one;ai_rent_capture_impossible,False,1e-09
pilot_per_tierA_baseline_pilot_v3,deterministic-engine-v1,baseline-pilot-v3,v0.1.2-pilot-per,PER,PBI,debt_consistent,0.1,mid,r2,2034,0.09561974304240059,1.0176090052119207,4.7251199924796525,17.109032408766993,154.37182938550285,,,,,False,frontier_exceeds_one;ai_rent_capture_impossible,False,1e-09
pilot_per_tierA_baseline_pilot_v3,deterministic-engine-v1,baseline-pilot-v3,v0.1.2-pilot-per,PER,PBI,baseline,0.25,mid,r2,2034,0.10046694883308732,1.069194170636711,4.964648234874959,17.747056775570506,162.35610413201306,,,,,False,frontier_exceeds_one;ai_rent_capture_impossible,False,1e-09
pilot_per_tierA_baseline_pilot_v3,deterministic-engine-v1,baseline-pilot-v3,v0.1.2-pilot-per,PER,PBI,debt_consistent,0.25,mid,r2,2034,0.10757392025212476,1.1448283219708064,5.315844459311416,18.65711403336855,174.06264494656162,,,,,False,frontier_exceeds_one;ai_rent_capture_impossible,False,1e-09
pilot_per_tierA_baseline_pilot_v3,deterministic-engine-v1,baseline-pilot-v3,v0.1.2-pilot-per,PER,PBI,baseline,0.5,mid,r2,2034,0.12039057751596095,1.2812263652348541,5.949189012927898,20.22765295019249,195.17413006711104,,,,,False,frontier_exceeds_one;ai_rent_capture_impossible,False,1e-09
pilot_per_tierA_baseline_pilot_v3,deterministic-engine-v1,baseline-pilot-v3,v0.1.2-pilot-per,PER,PBI,debt_consistent,0.5,mid,r2,2034,0.12749754893499837,1.3568605165689493,6.300385237364355,21.062455814892175,206.8806708816596,,,,,False,frontier_exceeds_one;ai_rent_capture_impossible,False,1e-09
pilot_per_tierA_baseline_pilot_v3,deterministic-engine-v1,baseline-pilot-v3,v0.1.2-pilot-per,PER,UBI,baseline,0.0,mid,r2,2034,0.21456522690847207,2.283456325652124,10.602898638899138,29.704857493913533,350.29778426615235,,,,,False,frontier_exceeds_one;ai_rent_capture_impossible,False,1e-09
pilot_per_tierA_baseline_pilot_v3,deterministic-engine-v1,baseline-pilot-v3,v0.1.2-pilot-per,PER,UBI,debt_consistent,0.0,mid,r2,2034,0.2216721983275095,2.359090476986219,10.954094863335595,30.309043819014537,362.00432508070094,,,,,False,frontier_exceeds_one;ai_rent_capture_impossible,False,1e-09
pilot_per_tierA_baseline_pilot_v3,deterministic-engine-v1,baseline-pilot-v3,v0.1.2-pilot-per,PER,UBI,baseline,0.05,mid,r2,2034,0.22524418492877255,2.397104443728734,11.130607210738717,30.60810030180573,367.88806999413833,,,,,False,frontier_exceeds_one;ai_rent_capture_impossible,False,1e-09
pilot_per_tierA_baseline_pilot_v3,deterministic-engine-v1,baseline-pilot-v3,v0.1.2-pilot-per,PER,UBI,debt_consistent,0.05,mid,r2,2034,0.23235115634780998,2.472738595062829,11.481803435175173,31.194263940851602,379.59461080868687,,,,,False,frontier_exceeds_one;ai_rent_capture_impossible,False,1e-09
pilot_per_tierA_baseline_pilot_v3,deterministic-engine-v1,baseline-pilot-v3,v0.1.2-pilot-per,PER,UBI,baseline,0.1,mid,r2,2034,0.235923142949073,2.5107525618053432,11.658315782578294,31.484545599027065,385.4783557221242,,,,,False,frontier_exceeds_one;ai_rent_capture_impossible,False,1e-09
pilot_per_tierA_baseline_pilot_v3,deterministic-engine-v1,baseline-pilot-v3,v0.1.2-pilot-per,PER,UBI,debt_consistent,0.1,mid,r2,2034,0.24303011436811042,2.5863867131394382,12.00951200701475,32.05378514939605,397.1848965366728,,,,,False,frontier_exceeds_one;ai_rent_capture_impossible,False,1e-09
pilot_per_tierA_baseline_pilot_v3,deterministic-engine-v1,baseline-pilot-v3,v0.1.2-pilot-per,PER,UBI,baseline,0.25,mid,r2,2034,0.26796001700997435,2.8516969160351717,13.241441498097027,33.96863456915139,438.249212906082,,,,,False,frontier_exceeds_one;ai_rent_capture_impossible,False,1e-09
pilot_per_tierA_baseline_pilot_v3,deterministic-engine-v1,baseline-pilot-v3,v0.1.2-pilot-per,PER,UBI,debt_consistent,0.25,mid,r2,2034,0.2750669884290118,2.927331067369267,13.592637722533484,34.4927596049471,449.9557537206306,,,,,False,frontier_exceeds_one;ai_rent_capture_impossible,False,1e-09
pilot_per_tierA_baseline_pilot_v3,deterministic-engine-v1,baseline-pilot-v3,v0.1.2-pilot-per,PER,UBI,baseline,0.5,mid,r2,2034,0.3213548071114766,3.4199375064182194,15.879984357294916,37.6996188705538,526.2006415460116,,,,,False,frontier_exceeds_one;ai_rent_capture_impossible,False,1e-09
pilot_per_tierA_baseline_pilot_v3,deterministic-engine-v1,baseline-pilot-v3,v0.1.2-pilot-per,PER,UBI,debt_consistent,0.5,mid,r2,2034,0.32846177853051406,3.495571657752315,16.231180581731373,38.16320814186202,537.9071823605602,,,,,False,frontier_exceeds_one;ai_rent_capture_impossible,False,1e-09
pilot_per_tierA_baseline_pilot_v3,deterministic-engine-v1,baseline-pilot-v3,v0.1.2-pilot-per,PER,PEN,baseline,0.0,mid,r3,2034,0.006593933931990544,0.07900849692447148,0.3258440993438197,1.7960569144850098,8.129518589492063,,,,,False,frontier_exceeds_one;ai_rent_capture_impossible,False,1e-09
pilot_per_tierA_baseline_pilot_v3,deterministic-engine-v1,baseline-pilot-v3,v0.1.2-pilot-per,PER,PEN,debt_consistent,0.0,mid,r3,2034,0.01370090535102797,0.16416420750554775,0.6770403237802762,3.603871498062423,19.836059404040615,,,,,False,frontier_exceeds_one;ai_rent_capture_impossible,False,1e-09
pilot_per_tierA_baseline_pilot_v3,deterministic-engine-v1,baseline-pilot-v3,v0.1.2-pilot-per,PER,PEN,baseline,0.05,mid,r3,2034,0.006872626195092535,0.08234778679896383,0.3396158826830479,1.8693290341613067,8.588578034133002,,,,,False,frontier_exceeds_one;ai_rent_capture_impossible,False,1e-09
pilot_per_tierA_baseline_pilot_v3,deterministic-engine-v1,baseline-pilot-v3,v0.1.2-pilot-per,PER,PEN,debt_consistent,0.05,mid,r3,2034,0.013979597614129962,0.16750349738004014,0.6908121071195046,3.672308732101301,20.29511884868156,,,,,False,frontier_exceeds_one;ai_rent_capture_impossible,False,1e-09
pilot_per_tierA_baseline_pilot_v3,deterministic-engine-v1,baseline-pilot-v3,v0.1.2-pilot-per,PER,PEN,baseline,0.1,mid,r3,2034,0.007151318458194525,0.0856870766734562,0.35338766602227606,1.9423979804904898,9.047637478773941,,,,,False,frontier_exceeds_one;ai_rent_capture_impossible,False,1e-09
pilot_per_tierA_baseline_pilot_v3,deterministic-engine-v1,baseline-pilot-v3,v0.1.2-pilot-per,PER,PEN,debt_consistent,0.1,mid,r3,2034,0.01425828987723195,0.17084278725453247,0.7045838904587327,3.7405700227764576,20.754178293322497,,,,,False,frontier_exceeds_one;ai_rent_capture_impossible,False,1e-09
pilot_per_tierA_baseline_pilot_v3,deterministic-engine-v1,baseline-pilot-v3,v0.1.2-pilot-per,PER,PEN,baseline,0.25,mid,r3,2034,0.007987395247500497,0.09570494629693327,0.3947030160399607,2.1603975837499747,10.424815812696764,,,,,False,frontier_exceeds_one;ai_rent_capture_impossible,False,1e-09
pilot_per_tierA_baseline_pilot_v3,deterministic-engine-v1,baseline-pilot-v3,v0.1.2-pilot-per,PER,PEN,debt_consistent,0.25,mid,r3,2034,0.015094366666537923,0.18086065687800956,0.7458992404764174,3.944307717442126,22.13135662724532,,,,,False,frontier_exceeds_one;ai_rent_capture_impossible,False,1e-09
pilot_per_tierA_baseline_pilot_v3,deterministic-engine-v1,baseline-pilot-v3,v0.1.2-pilot-per,PER,PEN,baseline,0.5,mid,r3,2034,0.009380856563010447,0.11240139566939504,0.46356193273610163,2.5197754132292247,12.720113035901461,,,,,False,frontier_exceeds_one;ai_rent_capture_impossible,False,1e-09
pilot_per_tierA_baseline_pilot_v3,deterministic-engine-v1,baseline-pilot-v3,v0.1.2-pilot-per,PER,PEN,debt_consistent,0.5,mid,r3,2034,0.016487827982047874,0.19755710625047132,0.8147581571725583,4.280439025026738,24.426653850450016,,,,,False,frontier_exceeds_one;ai_rent_capture_impossible,False,1e-09
pilot_per_tierA_baseline_pilot_v3,deterministic-engine-v1,baseline-pilot-v3,v0.1.2-pilot-per,PER,GMI,baseline,0.0,mid,r3,2034,0.045445181376125465,0.544524029209337,2.2457070919650466,10.454190649236343,72.12495167686629,,,,,False,frontier_exceeds_one;ai_rent_capture_impossible,False,1e-09
pilot_per_tierA_baseline_pilot_v3,deterministic-engine-v1,baseline-pilot-v3,v0.1.2-pilot-per,PER,GMI,debt_consistent,0.0,mid,r3,2034,0.05255215279516289,0.6296797397904133,2.596903316401503,11.77661132030041,83.83149249141483,,,,,False,frontier_exceeds_one;ai_rent_capture_impossible,False,1e-09
pilot_per_tierA_baseline_pilot_v3,deterministic-engine-v1,baseline-pilot-v3,v0.1.2-pilot-per,PER,GMI,baseline,0.05,mid,r3,2034,0.047535587408599284,0.5695712681248392,2.349006044902644,10.849837053483524,75.56825010811954,,,,,False,frontier_exceeds_one;ai_rent_capture_impossible,False,1e-09
pilot_per_tierA_baseline_pilot_v3,deterministic-engine-v1,baseline-pilot-v3,v0.1.2-pilot-per,PER,GMI,debt_consistent,0.05,mid,r3,2034,0.05464255882763671,0.6547269787059155,2.700202269339101,12.15374375453045,87.2747909226681,,,,,False,frontier_exceeds_one;ai_rent_capture_impossible,False,1e-09
pilot_per_tierA_baseline_pilot_v3,deterministic-engine-v1,baseline-pilot-v3,v0.1.2-pilot-per,PER,GMI,baseline,0.1,mid,r3,2034,0.049625993441073095,0.5946185070403414,2.4523049978402414,11.239841366458664,79.01154853937278,,,,,False,frontier_exceeds_one;ai_rent_capture_impossible,False,1e-09
pilot_per_tierA_baseline_pilot_v3,deterministic-engine-v1,baseline-pilot-v3,v0.1.2-pilot-per,PER,GMI,debt_consistent,0.1,mid,r3,2034,0.05673296486011052,0.6797742176214177,2.8035012222766977,12.52577303175993,90.71808935392133,,,,,False,frontier_exceeds_one;ai_rent_capture_impossible,False,1e-09
pilot_per_tierA_baseline_pilot_v3,deterministic-engine-v1,baseline-pilot-v3,v0.1.2-pilot-per,PER,GMI,baseline,0.25,mid,r3,2034,0.05589721153849453,0.6697602237868479,2.7622018566530326,12.377637074230623,89.3414438331325,,,,,False,frontier_exceeds_one;ai_rent_capture_impossible,False,1e-09
pilot_per_tierA_baseline_pilot_v3,deterministic-engine-v1,baseline-pilot-v3,v0.1.2-pilot-per,PER,GMI,debt_consistent,0.25,mid,r3,2034,0.06300418295753196,0.7549159343679243,3.11339808108949,13.612648090694737,101.04798464768108,,,,,False,frontier_exceeds_one;ai_rent_capture_impossible,False,1e-09
pilot_per_tierA_baseline_pilot_v3,deterministic-engine-v1,baseline-pilot-v3,v0.1.2-pilot-per,PER,GMI,baseline,0.5,mid,r3,2034,0.0663492417008636,0.7949964183643589,3.27869662134102,14.175366256043853,106.55793598939874,,,,,False,frontier_exceeds_one;ai_rent_capture_impossible,False,1e-09
pilot_per_tierA_baseline_pilot_v3,deterministic-engine-v1,baseline-pilot-v3,v0.1.2-pilot-per,PER,GMI,debt_consistent,0.5,mid,r3,2034,0.07345621311990103,0.8801521289454352,3.6298928457774764,15.334332808000529,118.26447680394729,,,,,False,frontier_exceeds_one;ai_rent_capture_impossible,False,1e-09
pilot_per_tierA_baseline_pilot_v3,deterministic-engine-v1,baseline-pilot-v3,v0.1.2-pilot-per,PER,MUT,baseline,0.0,mid,r3,2034,0.054351095520221465,0.6512346662161296,2.685799395443787,12.101470050846464,86.79469512615763,,,,,False,frontier_exceeds_one;ai_rent_capture_impossible,False,1e-09
pilot_per_tierA_baseline_pilot_v3,deterministic-engine-v1,baseline-pilot-v3,v0.1.2-pilot-per,PER,MUT,debt_consistent,0.0,mid,r3,2034,0.06145806693925889,0.7363903767972059,3.0369956198802432,13.348636082312412,98.50123594070618,,,,,False,frontier_exceeds_one;ai_rent_capture_impossible,False,1e-09
pilot_per_tierA_baseline_pilot_v3,deterministic-engine-v1,baseline-pilot-v3,v0.1.2-pilot-per,PER,MUT,baseline,0.05,mid,r3,2034,0.05702083502529658,0.6832234770916114,2.8177265384036816,12.576613571082664,91.19226655815413,,,,,False,frontier_exceeds_one;ai_rent_capture_impossible,False,1e-09
pilot_per_tierA_baseline_pilot_v3,deterministic-engine-v1,baseline-pilot-v3,v0.1.2-pilot-per,PER,MUT,debt_consistent,0.05,mid,r3,2034,0.06412780644433401,0.7683791876726876,3.168922762840138,13.80294676813387,102.89880737270268,,,,,False,frontier_exceeds_one;ai_rent_capture_impossible,False,1e-09
pilot_per_tierA_baseline_pilot_v3,deterministic-engine-v1,baseline-pilot-v3,v0.1.2-pilot-per,PER,MUT,baseline,0.1,mid,r3,2034,0.059690574530371694,0.715212287967093,2.949653681363576,13.043698624480463,95.5898379901506,,,,,False,frontier_exceeds_one;ai_rent_capture_impossible,False,1e-09
pilot_per_tierA_baseline_pilot_v3,deterministic-engine-v1,baseline-pilot-v3,v0.1.2-pilot-per,PER,MUT,debt_consistent,0.1,mid,r3,2034,0.06679754594940912,0.8003679985481693,3.3008499058000322,14.249920398811705,107.29637880469915,,,,,False,frontier_exceeds_one;ai_rent_capture_impossible,False,1e-09
pilot_per_tierA_baseline_pilot_v3,deterministic-engine-v1,baseline-pilot-v3,v0.1.2-pilot-per,PER,MUT,baseline,0.25,mid,r3,2034,0.06769979304559703,0.8111787205935382,3.345435110243259,14.399361466896536,108.78255228614005,,,,,False,frontier_exceeds_one;ai_rent_capture_impossible,False,1e-09
pilot_per_tierA_baseline_pilot_v3,deterministic-engine-v1,baseline-pilot-v3,v0.1.2-pilot-per,PER,MUT,debt_consistent,0.25,mid,r3,2034,0.07480676446463447,0.8963344311746146,3.696631334679716,15.549215530448944,120.4890931006886,,,,,False,frontier_exceeds_one;ai_rent_capture_impossible,False,1e-09
pilot_per_tierA_baseline_pilot_v3,deterministic-engine-v1,baseline-pilot-v3,v0.1.2-pilot-per,PER,MUT,baseline,0.5,mid,r3,2034,0.0810484905709726,0.9711227749709469,4.005070825042731,16.52137007243438,130.77040944612244,,,,,False,frontier_exceeds_one;ai_rent_capture_impossible,False,1e-09
pilot_per_tierA_baseline_pilot_v3,deterministic-engine-v1,baseline-pilot-v3,v0.1.2-pilot-per,PER,MUT,debt_consistent,0.5,mid,r3,2034,0.08815546199001004,1.0562784855520233,4.356267049479188,17.588665817814785,142.47695026067098,,,,,False,frontier_exceeds_one;ai_rent_capture_impossible,False,1e-09
pilot_per_tierA_baseline_pilot_v3,deterministic-engine-v1,baseline-pilot-v3,v0.1.2-pilot-per,PER,PBI,baseline,0.0,mid,r3,2034,0.08055082015021371,0.96515968945728,3.980478074843111,16.445086371027422,129.9506511061351,,,,,False,frontier_exceeds_one;ai_rent_capture_impossible,False,1e-09
pilot_per_tierA_baseline_pilot_v3,deterministic-engine-v1,baseline-pilot-v3,v0.1.2-pilot-per,PER,PBI,debt_consistent,0.0,mid,r3,2034,0.08765779156925113,1.050315400038356,4.331674299279568,17.51523543643169,141.65719192068366,,,,,False,frontier_exceeds_one;ai_rent_capture_impossible,False,1e-09
pilot_per_tierA_baseline_pilot_v3,deterministic-engine-v1,baseline-pilot-v3,v0.1.2-pilot-per,PER,PBI,baseline,0.05,mid,r3,2034,0.08453554588678844,1.0129046614800719,4.177386230453699,17.050119166698092,136.5142562931547,,,,,False,frontier_exceeds_one;ai_rent_capture_impossible,False,1e-09
pilot_per_tierA_baseline_pilot_v3,deterministic-engine-v1,baseline-pilot-v3,v0.1.2-pilot-per,PER,PBI,debt_consistent,0.05,mid,r3,2034,0.09164251730582587,1.0980603720611484,4.528582454890156,18.097864071488267,148.22079710770325,,,,,False,frontier_exceeds_one;ai_rent_capture_impossible,False,1e-09
pilot_per_tierA_baseline_pilot_v3,deterministic-engine-v1,baseline-pilot-v3,v0.1.2-pilot-per,PER,PBI,baseline,0.1,mid,r3,2034,0.08852027162336316,1.0606496335028637,4.374294386064287,17.642371193138782,143.0778614801743,,,,,False,frontier_exceeds_one;ai_rent_capture_impossible,False,1e-09
pilot_per_tierA_baseline_pilot_v3,deterministic-engine-v1,baseline-pilot-v3,v0.1.2-pilot-per,PER,PBI,debt_consistent,0.1,mid,r3,2034,0.09562724304240058,1.14580534408394,4.725490610500743,18.668679766663658,154.78440229472284,,,,,False,frontier_exceeds_one;ai_rent_capture_impossible,False,1e-09
pilot_per_tierA_baseline_pilot_v3,deterministic-engine-v1,baseline-pilot-v3,v0.1.2-pilot-per,PER,PBI,baseline,0.25,mid,r3,2034,0.10047444883308733,1.2038845495712391,4.96501885289605,19.34783388092187,162.76867704123308,,,,,False,frontier_exceeds_one;ai_rent_capture_impossible,False,1e-09
pilot_per_tierA_baseline_pilot_v3,deterministic-engine-v1,baseline-pilot-v3,v0.1.2-pilot-per,PER,PBI,debt_consistent,0.25,mid,r3,2034,0.10758142025212475,1.2890402601523154,5.316215077332506,20.315042320673115,174.4752178557816,,,,,False,frontier_exceeds_one;ai_rent_capture_impossible,False,1e-09
pilot_per_tierA_baseline_pilot_v3,deterministic-engine-v1,baseline-pilot-v3,v0.1.2-pilot-per,PER,PBI,baseline,0.5,mid,r3,2034,0.12039807751596096,1.4426094096851987,5.94955963094899,21.980222219774216,195.58670297633105,,,,,False,frontier_exceeds_one;ai_rent_capture_impossible,False,1e-09
pilot_per_tierA_baseline_pilot_v3,deterministic-engine-v1,baseline-pilot-v3,v0.1.2-pilot-per,PER,PBI,debt_consistent,0.5,mid,r3,2034,0.1275050489349984,1.527765120266275,6.300755855385447,22.863379341287455,207.29324379087961,,,,,False,frontier_exceeds_one;ai_rent_capture_impossible,False,1e-09
pilot_per_tierA_baseline_pilot_v3,deterministic-engine-v1,baseline-pilot-v3,v0.1.2-pilot-per,PER,UBI,baseline,0.0,mid,r3,2034,0.21456972690847206,2.570973834949399,10.603121009711792,31.938666739924454,350.70541560175786,,,,,False,frontier_exceeds_one;ai_rent_capture_impossible,False,1e-09
pilot_per_tierA_baseline_pilot_v3,deterministic-engine-v1,baseline-pilot-v3,v0.1.2-pilot-per,PER,UBI,debt_consistent,0.0,mid,r3,2034,0.2216766983275095,2.6561295455304754,10.954317234148249,32.56919010984724,362.4119564163064,,,,,False,frontier_exceeds_one;ai_rent_capture_impossible,False,1e-09
pilot_per_tierA_baseline_pilot_v3,deterministic-engine-v1,baseline-pilot-v3,v0.1.2-pilot-per,PER,UBI,baseline,0.05,mid,r3,2034,0.22524868492877254,2.698929078451326,11.130829581551371,32.88111767986808,368.2957013297438,,,,,False,frontier_exceeds_one;ai_rent_capture_impossible,False,1e-09
pilot_per_tierA_baseline_pilot_v3,deterministic-engine-v1,baseline-pilot-v3,v0.1.2-pilot-per,PER,UBI,debt_consistent,0.05,mid,r3,2034,0.23235565634780997,2.7840847890324025,11.482025805987828,33.49219895759477,380.0022421442924,,,,,False,frontier_exceeds_one;ai_rent_capture_impossible,False,1e-09
pilot_per_tierA_baseline_pilot_v3,deterministic-engine-v1,baseline-pilot-v3,v0.1.2-pilot-per,PER,UBI,baseline,0.1,mid,r3,2034,0.23592764294907298,2.826884321953253,11.658538153390948,33.79467086584387,385.8859870577297,,,,,False,frontier_exceeds_one;ai_rent_capture_impossible,False,1e-09
pilot_per_tierA_baseline_pilot_v3,deterministic-engine-v1,baseline-pilot-v3,v0.1.2-pilot-per,PER,UBI,debt_consistent,0.1,mid,r3,2034,0.2430346143681104,2.912040032534329,12.009734377827405,34.3875337862399,397.59252787227825,,,,,False,frontier_exceeds_one;ai_rent_capture_impossible,False,1e-09
pilot_per_tierA_baseline_pilot_v3,deterministic-engine-v1,baseline-pilot-v3,v0.1.2-pilot-per,PER,UBI,baseline,0.25,mid,r3,2034,0.2679645170099743,3.210750052459033,13.24166386890968,36.37921868889642,438.6568442416874,,,,,False,frontier_exceeds_one;ai_rent_capture_impossible,False,1e-09
pilot_per_tierA_baseline_pilot_v3,deterministic-engine-v1,baseline-pilot-v3,v0.1.2-pilot-per,PER,UBI,debt_consistent,0.25,mid,r3,2034,0.27507148842901175,3.2959057630401096,13.592860093346136,36.923697861733686,450.363385056236,,,,,False,frontier_exceeds_one;ai_rent_capture_impossible,False,1e-09
pilot_per_tierA_baseline_pilot_v3,deterministic-engine-v1,baseline-pilot-v3,v0.1.2-pilot-per,PER,UBI,baseline,0.5,mid,r3,2034,0.3213593071114766,3.8505262699686678,15.880206728107568,40.249246238210326,526.608272881617,,,,,False,frontier_exceeds_one;ai_rent_capture_impossible,False,1e-09
pilot_per_tierA_baseline_pilot_v3,deterministic-engine-v1,baseline-pilot-v3,v0.1.2-pilot-per,PER,UBI,debt_consistent,0.5,mid,r3,2034,0.328466278530514,3.9356819805497443,16.231402952544027,40.72920973367033,538.3148136961656,,,,,False,frontier_exceeds_one;ai_rent_capture_impossible,False,1e-09
pilot_per_tierA_baseline_pilot_v3,deterministic-engine-v1,baseline-pilot-v3,v0.1.2-pilot-per,PER,PEN,baseline,0.0,mid,r4,2034,0.0065619339319905445,0.062754835358362,0.32426279578716505,1.4364714929477067,7.403273365706228,,,,,False,frontier_exceeds_one;ai_rent_capture_impossible,False,1e-09
pilot_per_tierA_baseline_pilot_v3,deterministic-engine-v1,baseline-pilot-v3,v0.1.2-pilot-per,PER,PEN,debt_consistent,0.0,mid,r4,2034,0.013668905351027971,0.13072211846738077,0.6754590202236217,2.9085707590766496,19.109814180254784,,,,,False,frontier_exceeds_one;ai_rent_capture_impossible,False,1e-09
pilot_per_tierA_baseline_pilot_v3,deterministic-engine-v1,baseline-pilot-v3,v0.1.2-pilot-per,PER,PEN,baseline,0.05,mid,r4,2034,0.006840626195092535,0.06542009948139003,0.3380345791263933,1.4957738454520904,7.86233281034717,,,,,False,frontier_exceeds_one;ai_rent_capture_impossible,False,1e-09
pilot_per_tierA_baseline_pilot_v3,deterministic-engine-v1,baseline-pilot-v3,v0.1.2-pilot-per,PER,PEN,debt_consistent,0.05,mid,r4,2034,0.013947597614129961,0.1333873825904088,0.6892308035628499,2.9646588691522147,19.568873624895726,,,,,False,frontier_exceeds_one;ai_rent_capture_impossible,False,1e-09
pilot_per_tierA_baseline_pilot_v3,deterministic-engine-v1,baseline-pilot-v3,v0.1.2-pilot-per,PER,PEN,baseline,0.1,mid,r4,2034,0.007119318458194525,0.06808536360441808,0.35180636246562147,1.5549428317950653,8.32139225498811,,,,,False,frontier_exceeds_one;ai_rent_capture_impossible,False,1e-09
pilot_per_tierA_baseline_pilot_v3,deterministic-engine-v1,baseline-pilot-v3,v0.1.2-pilot-per,PER,PEN,debt_consistent,0.1,mid,r4,2034,0.014226289877231952,0.13605264671343684,0.7030025869020781,3.0206283979081663,20.027933069536665,,,,,False,frontier_exceeds_one;ai_rent_capture_impossible,False,1e-09
pilot_per_tierA_baseline_pilot_v3,deterministic-engine-v1,baseline-pilot-v3,v0.1.2-pilot-per,PER,PEN,baseline,0.25,mid,r4,2034,0.007955395247500496,0.07608115597350219,0.3931217124833061,1.7316558871976477,9.69857058891093,,,,,False,frontier_exceeds_one;ai_rent_capture_impossible,False,1e-09
pilot_per_tierA_baseline_pilot_v3,deterministic-engine-v1,baseline-pilot-v3,v0.1.2-pilot-per,PER,PEN,debt_consistent,0.25,mid,r4,2034,0.015062366666537923,0.14404843908252096,0.7443179369197627,3.18783075863408,21.405111403459482,,,,,False,frontier_exceeds_one;ai_rent_capture_impossible,False,1e-09
pilot_per_tierA_baseline_pilot_v3,deterministic-engine-v1,baseline-pilot-v3,v0.1.2-pilot-per,PER,PEN,baseline,0.5,mid,r4,2034,0.009348856563010446,0.08940747658864237,0.461980629179447,2.0235683881646405,11.993867812115626,,,,,False,frontier_exceeds_one;ai_rent_capture_impossible,False,1e-09
pilot_per_tierA_baseline_pilot_v3,deterministic-engine-v1,baseline-pilot-v3,v0.1.2-pilot-per,PER,PEN,debt_consistent,0.5,mid,r4,2034,0.016455827982047873,0.15737475969766115,0.8131768536159036,3.464178319653433,23.70040862666418,,,,,False,frontier_exceeds_one;ai_rent_capture_impossible,False,1e-09
pilot_per_tierA_baseline_pilot_v3,deterministic-engine-v1,baseline-pilot-v3,v0.1.2-pilot-per,PER,GMI,baseline,0.0,mid,r4,2034,0.04536518137612546,0.4338483925267728,2.24175383307341,8.63373540483085,71.31964127524772,,,,,False,frontier_exceeds_one;ai_rent_capture_impossible,False,1e-09
pilot_per_tierA_baseline_pilot_v3,deterministic-engine-v1,baseline-pilot-v3,v0.1.2-pilot-per,PER,GMI,debt_consistent,0.0,mid,r4,2034,0.05247215279516289,0.5018156756357915,2.5929500575098663,9.766053938442003,83.02618208979627,,,,,False,frontier_exceeds_one;ai_rent_capture_impossible,False,1e-09
pilot_per_tierA_baseline_pilot_v3,deterministic-engine-v1,baseline-pilot-v3,v0.1.2-pilot-per,PER,GMI,baseline,0.05,mid,r4,2034,0.04745558740859928,0.4538399205975571,2.3450527860110073,8.97171828755709,74.76293970650097,,,,,False,frontier_exceeds_one;ai_rent_capture_impossible,False,1e-09
pilot_per_tierA_baseline_pilot_v3,deterministic-engine-v1,baseline-pilot-v3,v0.1.2-pilot-per,PER,GMI,debt_consistent,0.05,mid,r4,2034,0.054562558827636706,0.5218072037065759,2.696249010447464,10.09032978923345,86.46948052104953,,,,,False,frontier_exceeds_one;ai_rent_capture_impossible,False,1e-09
pilot_per_tierA_baseline_pilot_v3,deterministic-engine-v1,baseline-pilot-v3,v0.1.2-pilot-per,PER,GMI,baseline,0.1,mid,r4,2034,0.04954599344107309,0.4738314486683414,2.4483517389486047,9.305543962325112,78.20623813775421,,,,,False,frontier_exceeds_one;ai_rent_capture_impossible,False,1e-09
pilot_per_tierA_baseline_pilot_v3,deterministic-engine-v1,baseline-pilot-v3,v0.1.2-pilot-per,PER,GMI,debt_consistent,0.1,mid,r4,2034,0.05665296486011052,0.5417987317773602,2.799547963385061,10.410794133480636,89.91277895230276,,,,,False,frontier_exceeds_one;ai_rent_capture_impossible,False,1e-09
pilot_per_tierA_baseline_pilot_v3,deterministic-engine-v1,baseline-pilot-v3,v0.1.2-pilot-per,PER,GMI,baseline,0.25,mid,r4,2034,0.055817211538494525,0.5338060328806942,2.758248597761396,10.283122362749372,88.53613343151392,,,,,False,frontier_exceeds_one;ai_rent_capture_impossible,False,1e-09
pilot_per_tierA_baseline_pilot_v3,deterministic-engine-v1,baseline-pilot-v3,v0.1.2-pilot-per,PER,GMI,debt_consistent,0.25,mid,r4,2034,0.06292418295753195,0.601773315989713,3.109444822197853,11.35023466694393,100.24267424606248,,,,,False,frontier_exceeds_one;ai_rent_capture_impossible,False,1e-09
pilot_per_tierA_baseline_pilot_v3,deterministic-engine-v1,baseline-pilot-v3,v0.1.2-pilot-per,PER,GMI,baseline,0.5,mid,r4,2034,0.06626924170086361,0.6337636732346158,3.2747433624493834,11.838456867684998,105.75262558778017,,,,,False,frontier_exceeds_one;ai_rent_capture_impossible,False,1e-09
pilot_per_tierA_baseline_pilot_v3,deterministic-engine-v1,baseline-pilot-v3,v0.1.2-pilot-per,PER,GMI,debt_consistent,0.5,mid,r4,2034,0.07337621311990103,0.7017309563436345,3.6259395868858397,12.847814700171991,117.45916640232872,,,,,False,frontier_exceeds_one;ai_rent_capture_impossible,False,1e-09
pilot_per_tierA_baseline_pilot_v3,deterministic-engine-v1,baseline-pilot-v3,v0.1.2-pilot-per,PER,MUT,baseline,0.0,mid,r4,2034,0.054331095520221466,0.5195936121192648,2.684811080720878,10.054613252977573,86.08821619682999,,,,,False,frontier_exceeds_one;ai_rent_capture_impossible,False,1e-09
pilot_per_tierA_baseline_pilot_v3,deterministic-engine-v1,baseline-pilot-v3,v0.1.2-pilot-per,PER,MUT,debt_consistent,0.0,mid,r4,2034,0.06143806693925889,0.5875608952282836,3.036007305157334,11.13051013296681,97.79475701137854,,,,,False,frontier_exceeds_one;ai_rent_capture_impossible,False,1e-09
pilot_per_tierA_baseline_pilot_v3,deterministic-engine-v1,baseline-pilot-v3,v0.1.2-pilot-per,PER,MUT,baseline,0.05,mid,r4,2034,0.057000835025296584,0.5451255764497684,2.816738223680772,10.46376015488709,90.48578762882646,,,,,False,frontier_exceeds_one;ai_rent_capture_impossible,False,1e-09
pilot_per_tierA_baseline_pilot_v3,deterministic-engine-v1,baseline-pilot-v3,v0.1.2-pilot-per,PER,MUT,debt_consistent,0.05,mid,r4,2034,0.064107806444334,0.6130928595587871,3.1679344481172285,11.523983504037218,102.192328443375,,,,,False,frontier_exceeds_one;ai_rent_capture_impossible,False,1e-09
pilot_per_tierA_baseline_pilot_v3,deterministic-engine-v1,baseline-pilot-v3,v0.1.2-pilot-per,PER,MUT,baseline,0.1,mid,r4,2034,0.059670574530371695,0.570657540780272,2.9486653666406664,10.866866940391242,94.88335906082294,,,,,False,frontier_exceeds_one;ai_rent_capture_impossible,False,1e-09
pilot_per_tierA_baseline_pilot_v3,deterministic-engine-v1,baseline-pilot-v3,v0.1.2-pilot-per,PER,MUT,debt_consistent,0.1,mid,r4,2034,0.06677754594940913,0.6386248238892908,3.2998615910771236,11.911891182715802,106.58989987537151,,,,,False,frontier_exceeds_one;ai_rent_capture_impossible,False,1e-09
pilot_per_tierA_baseline_pilot_v3,deterministic-engine-v1,baseline-pilot-v3,v0.1.2-pilot-per,PER,MUT,baseline,0.25,mid,r4,2034,0.06767979304559703,0.6472534337717826,3.3444467955203496,12.041756575016528,108.07607335681237,,,,,False,frontier_exceeds_one;ai_rent_capture_impossible,False,1e-09
pilot_per_tierA_baseline_pilot_v3,deterministic-engine-v1,baseline-pilot-v3,v0.1.2-pilot-per,PER,MUT,debt_consistent,0.25,mid,r4,2034,0.07478676446463445,0.7152207168808014,3.6956430199568056,13.04382066263338,119.7826141713609,,,,,False,frontier_exceeds_one;ai_rent_capture_impossible,False,1e-09
pilot_per_tierA_baseline_pilot_v3,deterministic-engine-v1,baseline-pilot-v3,v0.1.2-pilot-per,PER,MUT,baseline,0.5,mid,r4,2034,0.0810284905709726,0.7749132554243005,4.004082510319821,13.89483413829885,130.06393051679478,,,,,False,frontier_exceeds_one;ai_rent_capture_impossible,False,1e-09
pilot_per_tierA_baseline_pilot_v3,deterministic-engine-v1,baseline-pilot-v3,v0.1.2-pilot-per,PER,MUT,debt_consistent,0.5,mid,r4,2034,0.08813546199001002,0.8428805385333191,4.355278734756278,14.833005647541011,141.77047133134334,,,,,False,frontier_exceeds_one;ai_rent_capture_impossible,False,1e-09
pilot_per_tierA_baseline_pilot_v3,deterministic-engine-v1,baseline-pilot-v3,v0.1.2-pilot-per,PER,PBI,baseline,0.0,mid,r4,2034,0.0805308201502137,0.7701538010254694,3.979489760120202,13.827933008771588,129.24417217680747,,,,,False,frontier_exceeds_one;ai_rent_capture_impossible,False,1e-09
pilot_per_tierA_baseline_pilot_v3,deterministic-engine-v1,baseline-pilot-v3,v0.1.2-pilot-per,PER,PBI,debt_consistent,0.0,mid,r4,2034,0.08763779156925114,0.8381210841344883,4.330685984556658,14.768332196629233,140.95071299135603,,,,,False,frontier_exceeds_one;ai_rent_capture_impossible,False,1e-09
pilot_per_tierA_baseline_pilot_v3,deterministic-engine-v1,baseline-pilot-v3,v0.1.2-pilot-per,PER,PBI,baseline,0.05,mid,r4,2034,0.08451554588678843,0.808261592133802,4.17639791573079,14.359116050655116,135.80777736382706,,,,,False,frontier_exceeds_one;ai_rent_capture_impossible,False,1e-09
pilot_per_tierA_baseline_pilot_v3,deterministic-engine-v1,baseline-pilot-v3,v0.1.2-pilot-per,PER,PBI,debt_consistent,0.05,mid,r4,2034,0.09162251730582585,0.8762288752428207,4.527594140167246,15.281985792948744,147.51431817837562,,,,,False,frontier_exceeds_one;ai_rent_capture_impossible,False,1e-09
pilot_per_tierA_baseline_pilot_v3,deterministic-engine-v1,baseline-pilot-v3,v0.1.2-pilot-per,PER,PBI,baseline,0.1,mid,r4,2034,0.08850027162336316,0.8463693832421345,4.373306071341378,14.880318109403028,142.37138255084665,,,,,False,frontier_exceeds_one;ai_rent_capture_impossible,False,1e-09
pilot_per_tierA_baseline_pilot_v3,deterministic-engine-v1,baseline-pilot-v3,v0.1.2-pilot-per,PER,PBI,debt_consistent,0.1,mid,r4,2034,0.09560724304240059,0.9143366663511533,4.724502295777834,15.786334303944555,154.0779233653952,,,,,False,frontier_exceeds_one;ai_rent_capture_impossible,False,1e-09
pilot_per_tierA_baseline_pilot_v3,deterministic-engine-v1,baseline-pilot-v3,v0.1.2-pilot-per,PER,PBI,baseline,0.25,mid,r4,2034,0.10045444883308732,0.9606927565671318,4.964030538173141,16.3878058342859,162.06219811190545,,,,,False,frontier_exceeds_one;ai_rent_capture_impossible,False,1e-09
pilot_per_tierA_baseline_pilot_v3,deterministic-engine-v1,baseline-pilot-v3,v0.1.2-pilot-per,PER,PBI,debt_consistent,0.25,mid,r4,2034,0.10756142025212476,1.0286600396761507,5.315226762609598,17.246941419056753,173.768738926454,,,,,False,frontier_exceeds_one;ai_rent_capture_impossible,False,1e-09
pilot_per_tierA_baseline_pilot_v3,deterministic-engine-v1,baseline-pilot-v3,v0.1.2-pilot-per,PER,PBI,baseline,0.5,mid,r4,2034,0.12037807751596095,1.1512317121087945,5.94857131622608,18.732829568534132,194.88022404700342,,,,,False,frontier_exceeds_one;ai_rent_capture_impossible,False,1e-09
pilot_per_tierA_baseline_pilot_v3,deterministic-engine-v1,baseline-pilot-v3,v0.1.2-pilot-per,PER,PBI,debt_consistent,0.5,mid,r4,2034,0.12748504893499837,1.219198995217813,6.299767540662537,19.524229665507825,206.58676486155198,,,,,False,frontier_exceeds_one;ai_rent_capture_impossible,False,1e-09
pilot_per_tierA_baseline_pilot_v3,deterministic-engine-v1,baseline-pilot-v3,v0.1.2-pilot-per,PER,UBI,baseline,0.0,mid,r4,2034,0.21455772690847208,2.0519156344082745,10.602528020878047,27.774063655854782,350.012114202069,,,,,False,frontier_exceeds_one;ai_rent_capture_impossible,False,1e-09
pilot_per_tierA_baseline_pilot_v3,deterministic-engine-v1,baseline-pilot-v3,v0.1.2-pilot-per,PER,UBI,debt_consistent,0.0,mid,r4,2034,0.2216646983275095,2.1198829175172933,10.953724245314504,28.354136346452766,361.71865501661756,,,,,False,frontier_exceeds_one;ai_rent_capture_impossible,False,1e-09
pilot_per_tierA_baseline_pilot_v3,deterministic-engine-v1,baseline-pilot-v3,v0.1.2-pilot-per,PER,UBI,baseline,0.05,mid,r4,2034,0.22523668492877255,2.154043491730289,11.130236592717626,28.641400489336945,367.60239993005496,,,,,False,frontier_exceeds_one;ai_rent_capture_impossible,False,1e-09
pilot_per_tierA_baseline_pilot_v3,deterministic-engine-v1,baseline-pilot-v3,v0.1.2-pilot-per,PER,UBI,debt_consistent,0.05,mid,r4,2034,0.23234365634780998,2.222010774839308,11.481432817154083,29.20472057547974,379.3089407446035,,,,,False,frontier_exceeds_one;ai_rent_capture_impossible,False,1e-09
pilot_per_tierA_baseline_pilot_v3,deterministic-engine-v1,baseline-pilot-v3,v0.1.2-pilot-per,PER,UBI,baseline,0.1,mid,r4,2034,0.235915642949073,2.256171349052303,11.657945164557203,29.483819929949245,385.19268565804083,,,,,False,frontier_exceeds_one;ai_rent_capture_impossible,False,1e-09
pilot_per_tierA_baseline_pilot_v3,deterministic-engine-v1,baseline-pilot-v3,v0.1.2-pilot-per,PER,UBI,debt_consistent,0.1,mid,r4,2034,0.24302261436811043,2.324138632161322,12.00914138899366,30.031377092436696,396.8992264725894,,,,,False,frontier_exceeds_one;ai_rent_capture_impossible,False,1e-09
pilot_per_tierA_baseline_pilot_v3,deterministic-engine-v1,baseline-pilot-v3,v0.1.2-pilot-per,PER,UBI,baseline,0.25,mid,r4,2034,0.2679525170099743,2.5625549210183456,13.241070880075933,31.875597102629335,437.9635428419985,,,,,False,frontier_exceeds_one;ai_rent_capture_impossible,False,1e-09
pilot_per_tierA_baseline_pilot_v3,deterministic-engine-v1,baseline-pilot-v3,v0.1.2-pilot-per,PER,UBI,debt_consistent,0.25,mid,r4,2034,0.27505948842901173,2.6305222041273644,13.592267104512391,32.380986099275255,449.67008365654715,,,,,False,frontier_exceeds_one;ai_rent_capture_impossible,False,1e-09
pilot_per_tierA_baseline_pilot_v3,deterministic-engine-v1,baseline-pilot-v3,v0.1.2-pilot-per,PER,UBI,baseline,0.5,mid,r4,2034,0.3213473071114766,3.0731942076284167,15.879613739273822,35.47839915410128,525.9149714819281,,,,,False,frontier_exceeds_one;ai_rent_capture_impossible,False,1e-09
pilot_per_tierA_baseline_pilot_v3,deterministic-engine-v1,baseline-pilot-v3,v0.1.2-pilot-per,PER,UBI,debt_consistent,0.5,mid,r4,2034,0.328454278530514,3.1411614907374354,16.23080996371028,35.92686595216728,537.6215122964767,,,,,False,frontier_exceeds_one;ai_rent_capture_impossible,False,1e-09
pilot_per_tierA_baseline_pilot_v3,deterministic-engine-v1,baseline-pilot-v3,v0.1.2-pilot-per,PER,PEN,baseline,0.0,high,r0,2034,0.006601933931990545,0.07921612550385476,0.36509607420609436,2.0131588738386914,4.695921518781762,,,,,False,frontier_exceeds_one;ai_rent_capture_impossible,False,1e-09
pilot_per_tierA_baseline_pilot_v3,deterministic-engine-v1,baseline-pilot-v3,v0.1.2-pilot-per,PER,PEN,debt_consistent,0.0,high,r0,2034,0.013708905351027971,0.16449215911496842,0.758121419705598,4.036786003769805,11.24634394377349,,,,,False,frontier_exceeds_one;ai_rent_capture_impossible,False,1e-09
pilot_per_tierA_baseline_pilot_v3,deterministic-engine-v1,baseline-pilot-v3,v0.1.2-pilot-per,PER,PEN,baseline,0.05,high,r0,2034,0.006880626195092535,0.08256013371694274,0.38050814167273594,2.095181243860768,4.952789309892455,,,,,False,frontier_exceeds_one;ai_rent_capture_impossible,False,1e-09
pilot_per_tierA_baseline_pilot_v3,deterministic-engine-v1,baseline-pilot-v3,v0.1.2-pilot-per,PER,PEN,debt_consistent,0.05,high,r0,2034,0.013987597614129961,0.1678361673280564,0.7735334871722396,4.113389964125401,11.503211734884182,,,,,False,frontier_exceeds_one;ai_rent_capture_impossible,False,1e-09
pilot_per_tierA_baseline_pilot_v3,deterministic-engine-v1,baseline-pilot-v3,v0.1.2-pilot-per,PER,PEN,baseline,0.1,high,r0,2034,0.007159318458194525,0.08590414193003071,0.39592020913937753,2.176975901010405,5.209657101003148,,,,,False,frontier_exceeds_one;ai_rent_capture_impossible,False,1e-09
pilot_per_tierA_baseline_pilot_v3,deterministic-engine-v1,baseline-pilot-v3,v0.1.2-pilot-per,PER,PEN,debt_consistent,0.1,high,r0,2034,0.014266289877231952,0.17118017554114437,0.7889455546388812,4.189796763704262,11.760079525994875,,,,,False,frontier_exceeds_one;ai_rent_capture_impossible,False,1e-09
pilot_per_tierA_baseline_pilot_v3,deterministic-engine-v1,baseline-pilot-v3,v0.1.2-pilot-per,PER,PEN,baseline,0.25,high,r0,2034,0.007995395247500496,0.09593616656929464,0.4421564115393023,2.4210068412757657,5.9802604743352274,,,,,False,frontier_exceeds_one;ai_rent_capture_impossible,False,1e-09
pilot_per_tierA_baseline_pilot_v3,deterministic-engine-v1,baseline-pilot-v3,v0.1.2-pilot-per,PER,PEN,debt_consistent,0.25,high,r0,2034,0.015102366666537923,0.18121220018040832,0.8351817570388059,4.417844836042573,12.530682899326955,,,,,False,frontier_exceeds_one;ai_rent_capture_impossible,False,1e-09
pilot_per_tierA_baseline_pilot_v3,deterministic-engine-v1,baseline-pilot-v3,v0.1.2-pilot-per,PER,PEN,baseline,0.5,high,r0,2034,0.009388856563010447,0.1126562076347345,0.5192167488725101,2.8232927064281053,7.264599429888691,,,,,False,frontier_exceeds_one;ai_rent_capture_impossible,False,1e-09
pilot_per_tierA_baseline_pilot_v3,deterministic-engine-v1,baseline-pilot-v3,v0.1.2-pilot-per,PER,PEN,debt_consistent,0.5,high,r0,2034,0.01649582798204787,0.19793224124584816,0.9122420943720136,4.794079733318187,13.815021854880417,,,,,False,frontier_exceeds_one;ai_rent_capture_impossible,False,1e-09
pilot_per_tierA_baseline_pilot_v3,deterministic-engine-v1,baseline-pilot-v3,v0.1.2-pilot-per,PER,GMI,baseline,0.0,high,r0,2034,0.045465181376125464,0.5455334074906087,2.5142873897992253,11.706125459707781,40.515776778667274,,,,,False,frontier_exceeds_one;ai_rent_capture_impossible,False,1e-09
pilot_per_tierA_baseline_pilot_v3,deterministic-engine-v1,baseline-pilot-v3,v0.1.2-pilot-per,PER,GMI,debt_consistent,0.0,high,r0,2034,0.05257215279516289,0.6308094411017224,2.9073127352987287,13.185833206944105,47.066199203659,,,,,False,frontier_exceeds_one;ai_rent_capture_impossible,False,1e-09
pilot_per_tierA_baseline_pilot_v3,deterministic-engine-v1,baseline-pilot-v3,v0.1.2-pilot-per,PER,GMI,baseline,0.05,high,r0,2034,0.04755558740859928,0.570616037569661,2.629889733569245,12.148835115333357,42.4424825081676,,,,,False,frontier_exceeds_one;ai_rent_capture_impossible,False,1e-09
pilot_per_tierA_baseline_pilot_v3,deterministic-engine-v1,baseline-pilot-v3,v0.1.2-pilot-per,PER,GMI,debt_consistent,0.05,high,r0,2034,0.05466255882763671,0.6558920711807745,3.0229150790687487,13.607811775937787,48.99290493315933,,,,,False,frontier_exceeds_one;ai_rent_capture_impossible,False,1e-09
pilot_per_tierA_baseline_pilot_v3,deterministic-engine-v1,baseline-pilot-v3,v0.1.2-pilot-per,PER,GMI,baseline,0.1,high,r0,2034,0.049645993441073094,0.5956986676487129,2.745492077339264,12.585226855333712,44.36918823766792,,,,,False,frontier_exceeds_one;ai_rent_capture_impossible,False,1e-09
pilot_per_tierA_baseline_pilot_v3,deterministic-engine-v1,baseline-pilot-v3,v0.1.2-pilot-per,PER,GMI,debt_consistent,0.1,high,r0,2034,0.05675296486011052,0.6809747012598266,3.138517422838768,14.024076335941265,50.91961066265965,,,,,False,frontier_exceeds_one;ai_rent_capture_impossible,False,1e-09
pilot_per_tierA_baseline_pilot_v3,deterministic-engine-v1,baseline-pilot-v3,v0.1.2-pilot-per,PER,GMI,baseline,0.25,high,r0,2034,0.05591721153849453,0.6709465578858692,3.092299108649322,13.858327088061845,50.149305426168894,,,,,False,frontier_exceeds_one;ai_rent_capture_impossible,False,1e-09
pilot_per_tierA_baseline_pilot_v3,deterministic-engine-v1,baseline-pilot-v3,v0.1.2-pilot-per,PER,GMI,debt_consistent,0.25,high,r0,2034,0.06302418295753195,0.7562225914969829,3.4853244541488255,15.240161519592295,56.69972785116062,,,,,False,frontier_exceeds_one;ai_rent_capture_impossible,False,1e-09
pilot_per_tierA_baseline_pilot_v3,deterministic-engine-v1,baseline-pilot-v3,v0.1.2-pilot-per,PER,GMI,baseline,0.5,high,r0,2034,0.0663692417008636,0.7963597082811297,3.670310827499419,15.869764232011695,59.78283407367051,,,,,False,frontier_exceeds_one;ai_rent_capture_impossible,False,1e-09
pilot_per_tierA_baseline_pilot_v3,deterministic-engine-v1,baseline-pilot-v3,v0.1.2-pilot-per,PER,GMI,debt_consistent,0.5,high,r0,2034,0.07347621311990102,0.8816357418922433,4.063336172998922,17.166459201875128,66.33325649866222,,,,,False,frontier_exceeds_one;ai_rent_capture_impossible,False,1e-09
pilot_per_tierA_baseline_pilot_v3,deterministic-engine-v1,baseline-pilot-v3,v0.1.2-pilot-per,PER,MUT,baseline,0.0,high,r0,2034,0.05435609552022147,0.6522148402250245,3.0059672344556194,13.54630912597865,48.71044085627385,,,,,False,frontier_exceeds_one;ai_rent_capture_impossible,False,1e-09
pilot_per_tierA_baseline_pilot_v3,deterministic-engine-v1,baseline-pilot-v3,v0.1.2-pilot-per,PER,MUT,debt_consistent,0.0,high,r0,2034,0.0614630669392589,0.7374908738361382,3.3989925799551233,14.941886449090553,55.26086328126558,,,,,False,frontier_exceeds_one;ai_rent_capture_impossible,False,1e-09
pilot_per_tierA_baseline_pilot_v3,deterministic-engine-v1,baseline-pilot-v3,v0.1.2-pilot-per,PER,MUT,baseline,0.05,high,r0,2034,0.05702583502529659,0.6842488505430988,3.1536075202410854,14.078000127042413,51.17111228603161,,,,,False,frontier_exceeds_one;ai_rent_capture_impossible,False,1e-09
pilot_per_tierA_baseline_pilot_v3,deterministic-engine-v1,baseline-pilot-v3,v0.1.2-pilot-per,PER,MUT,debt_consistent,0.05,high,r0,2034,0.06413280644433401,0.7695248841542125,3.546632865740589,15.450247237017019,57.72153471102334,,,,,False,frontier_exceeds_one;ai_rent_capture_impossible,False,1e-09
pilot_per_tierA_baseline_pilot_v3,deterministic-engine-v1,baseline-pilot-v3,v0.1.2-pilot-per,PER,MUT,baseline,0.1,high,r0,2034,0.0596955745303717,0.716282860861173,3.3012478060265504,14.60066642876558,53.63178371578936,,,,,False,frontier_exceeds_one;ai_rent_capture_impossible,False,1e-09
pilot_per_tierA_baseline_pilot_v3,deterministic-engine-v1,baseline-pilot-v3,v0.1.2-pilot-per,PER,MUT,debt_consistent,0.1,high,r0,2034,0.06680254594940913,0.8015588944722867,3.694273151526054,15.95039184074709,60.18220614078108,,,,,False,frontier_exceeds_one;ai_rent_capture_impossible,False,1e-09
pilot_per_tierA_baseline_pilot_v3,deterministic-engine-v1,baseline-pilot-v3,v0.1.2-pilot-per,PER,MUT,baseline,0.25,high,r0,2034,0.06770479304559703,0.8123848918153954,3.7441686633829456,16.117608724005,61.01379800506262,,,,,False,frontier_exceeds_one;ai_rent_capture_impossible,False,1e-09
pilot_per_tierA_baseline_pilot_v3,deterministic-engine-v1,baseline-pilot-v3,v0.1.2-pilot-per,PER,MUT,debt_consistent,0.25,high,r0,2034,0.07481176446463444,0.897660925426509,4.137194008882449,17.404214225826188,67.56422043005433,,,,,False,frontier_exceeds_one;ai_rent_capture_impossible,False,1e-09
pilot_per_tierA_baseline_pilot_v3,deterministic-engine-v1,baseline-pilot-v3,v0.1.2-pilot-per,PER,MUT,baseline,0.5,high,r0,2034,0.0810534905709726,0.9725549434057664,4.482370092310273,18.491956905152932,73.3171551538514,,,,,False,frontier_exceeds_one;ai_rent_capture_impossible,False,1e-09
pilot_per_tierA_baseline_pilot_v3,deterministic-engine-v1,baseline-pilot-v3,v0.1.2-pilot-per,PER,MUT,debt_consistent,0.5,high,r0,2034,0.08816046199001001,1.0578309770168801,4.875395437809776,19.686123159168496,79.86757757884313,,,,,False,frontier_exceeds_one;ai_rent_capture_impossible,False,1e-09
pilot_per_tierA_baseline_pilot_v3,deterministic-engine-v1,baseline-pilot-v3,v0.1.2-pilot-per,PER,PBI,baseline,0.0,high,r0,2034,0.08055582015021372,0.966583432191551,4.4548482299682215,18.406604104820545,72.85845744815055,,,,,False,frontier_exceeds_one;ai_rent_capture_impossible,False,1e-09
pilot_per_tierA_baseline_pilot_v3,deterministic-engine-v1,baseline-pilot-v3,v0.1.2-pilot-per,PER,PBI,debt_consistent,0.0,high,r0,2034,0.08766279156925114,1.0518594658026645,4.847873575467725,19.603965006542197,79.40887987314227,,,,,False,frontier_exceeds_one;ai_rent_capture_impossible,False,1e-09
pilot_per_tierA_baseline_pilot_v3,deterministic-engine-v1,baseline-pilot-v3,v0.1.2-pilot-per,PER,PBI,baseline,0.05,high,r0,2034,0.08454054588678844,1.0143958667446138,4.675209072442266,19.08356274680269,76.5311381560513,,,,,False,frontier_exceeds_one;ai_rent_capture_impossible,False,1e-09
pilot_per_tierA_baseline_pilot_v3,deterministic-engine-v1,baseline-pilot-v3,v0.1.2-pilot-per,PER,PBI,debt_consistent,0.05,high,r0,2034,0.09164751730582588,1.0996719003557276,5.06823441794177,20.255839721668213,83.08156058104304,,,,,False,frontier_exceeds_one;ai_rent_capture_impossible,False,1e-09
pilot_per_tierA_baseline_pilot_v3,deterministic-engine-v1,baseline-pilot-v3,v0.1.2-pilot-per,PER,PBI,baseline,0.1,high,r0,2034,0.08852527162336317,1.0622083012976768,4.895569914916312,19.746211746134765,80.20381886395205,,,,,False,frontier_exceeds_one;ai_rent_capture_impossible,False,1e-09
pilot_per_tierA_baseline_pilot_v3,deterministic-engine-v1,baseline-pilot-v3,v0.1.2-pilot-per,PER,PBI,debt_consistent,0.1,high,r0,2034,0.09563224304240059,1.1474843349087904,5.288595260415814,20.894489083669153,86.75424128894376,,,,,False,frontier_exceeds_one;ai_rent_capture_impossible,False,1e-09
pilot_per_tierA_baseline_pilot_v3,deterministic-engine-v1,baseline-pilot-v3,v0.1.2-pilot-per,PER,PBI,baseline,0.25,high,r0,2034,0.10047944883308733,1.2056456049568656,5.556652442338446,21.65434082222733,91.22186098765428,,,,,False,frontier_exceeds_one;ai_rent_capture_impossible,False,1e-09
pilot_per_tierA_baseline_pilot_v3,deterministic-engine-v1,baseline-pilot-v3,v0.1.2-pilot-per,PER,PBI,debt_consistent,0.25,high,r0,2034,0.10758642025212475,1.2909216385679791,5.949677787837948,22.736454492191996,97.77228341264599,,,,,False,frontier_exceeds_one;ai_rent_capture_impossible,False,1e-09
pilot_per_tierA_baseline_pilot_v3,deterministic-engine-v1,baseline-pilot-v3,v0.1.2-pilot-per,PER,PBI,baseline,0.5,high,r0,2034,0.12040307751596097,1.4447077777221804,6.65845665470867,24.599408761044863,109.58526452715802,,,,,False,frontier_exceeds_one;ai_rent_capture_impossible,False,1e-09
pilot_per_tierA_baseline_pilot_v3,deterministic-engine-v1,baseline-pilot-v3,v0.1.2-pilot-per,PER,PBI,debt_consistent,0.5,high,r0,2034,0.1275100489349984,1.5299838113332942,7.051482000208174,25.587434305867404,116.13568695214975,,,,,False,frontier_exceeds_one;ai_rent_capture_impossible,False,1e-09
pilot_per_tierA_baseline_pilot_v3,deterministic-engine-v1,baseline-pilot-v3,v0.1.2-pilot-per,PER,UBI,baseline,0.0,high,r0,2034,0.21457272690847207,2.5746425577089855,11.866168464118422,35.73930138692742,196.3804613506539,,,,,False,frontier_exceeds_one;ai_rent_capture_impossible,False,1e-09
pilot_per_tierA_baseline_pilot_v3,deterministic-engine-v1,baseline-pilot-v3,v0.1.2-pilot-per,PER,UBI,debt_consistent,0.0,high,r0,2034,0.2216796983275095,2.6599185913200993,12.259193809617926,36.44459113144749,202.93088377564564,,,,,False,frontier_exceeds_one;ai_rent_capture_impossible,False,1e-09
pilot_per_tierA_baseline_pilot_v3,deterministic-engine-v1,baseline-pilot-v3,v0.1.2-pilot-per,PER,UBI,baseline,0.05,high,r0,2034,0.22525168492877254,2.7027785989812827,12.456729607260286,36.79350444758078,206.22314706968496,,,,,False,frontier_exceeds_one;ai_rent_capture_impossible,False,1e-09
pilot_per_tierA_baseline_pilot_v3,deterministic-engine-v1,baseline-pilot-v3,v0.1.2-pilot-per,PER,UBI,debt_consistent,0.05,high,r0,2034,0.23235865634780997,2.7880546325923965,12.849754952759788,37.47703867942323,212.77356949467668,,,,,False,frontier_exceeds_one;ai_rent_capture_impossible,False,1e-09
pilot_per_tierA_baseline_pilot_v3,deterministic-engine-v1,baseline-pilot-v3,v0.1.2-pilot-per,PER,UBI,baseline,0.1,high,r0,2034,0.23593064294907298,2.8309146402535794,13.047290750402146,37.81537133113795,216.06583278871597,,,,,False,frontier_exceeds_one;ai_rent_capture_impossible,False,1e-09
pilot_per_tierA_baseline_pilot_v3,deterministic-engine-v1,baseline-pilot-v3,v0.1.2-pilot-per,PER,UBI,debt_consistent,0.1,high,r0,2034,0.24303761436811042,2.916190673864693,13.44031609590165,38.478519885486236,222.6162552137077,,,,,False,frontier_exceeds_one;ai_rent_capture_impossible,False,1e-09
pilot_per_tierA_baseline_pilot_v3,deterministic-engine-v1,baseline-pilot-v3,v0.1.2-pilot-per,PER,UBI,baseline,0.25,high,r0,2034,0.26796751700997434,3.2153227640704696,14.81897417982773,40.70629170623613,245.59388994580902,,,,,False,frontier_exceeds_one;ai_rent_capture_impossible,False,1e-09
pilot_per_tierA_baseline_pilot_v3,deterministic-engine-v1,baseline-pilot-v3,v0.1.2-pilot-per,PER,UBI,debt_consistent,0.25,high,r0,2034,0.2750744884290118,3.3005987976815834,15.211999525327235,41.31530288975763,252.14431237080078,,,,,False,frontier_exceeds_one;ai_rent_capture_impossible,False,1e-09
pilot_per_tierA_baseline_pilot_v3,deterministic-engine-v1,baseline-pilot-v3,v0.1.2-pilot-per,PER,UBI,baseline,0.5,high,r0,2034,0.3213623071114766,3.8560029704319536,17.77177989553704,45.03492388910697,294.8073185409642,,,,,False,frontier_exceeds_one;ai_rent_capture_impossible,False,1e-09
pilot_per_tierA_baseline_pilot_v3,deterministic-engine-v1,baseline-pilot-v3,v0.1.2-pilot-per,PER,UBI,debt_consistent,0.5,high,r0,2034,0.32846927853051405,3.9412790040430674,18.164805241036543,45.57175252459429,301.35774096595594,,,,,False,frontier_exceeds_one;ai_rent_capture_impossible,False,1e-09
pilot_per_tierA_baseline_pilot_v3,deterministic-engine-v1,baseline-pilot-v3,v0.1.2-pilot-per,PER,PEN,baseline,0.0,high,r1,2034,0.0065819339319905445,0.07487684686334582,0.36399004655429684,1.9063826906414363,4.601443105050894,,,,,False,frontier_exceeds_one;ai_rent_capture_impossible,False,1e-09
pilot_per_tierA_baseline_pilot_v3,deterministic-engine-v1,baseline-pilot-v3,v0.1.2-pilot-per,PER,PEN,debt_consistent,0.0,high,r1,2034,0.013688905351027972,0.1557265813189006,0.7570153920538004,3.8350420029921723,11.15186553004262,,,,,False,frontier_exceeds_one;ai_rent_capture_impossible,False,1e-09
pilot_per_tierA_baseline_pilot_v3,deterministic-engine-v1,baseline-pilot-v3,v0.1.2-pilot-per,PER,PEN,baseline,0.05,high,r1,2034,0.006860626195092535,0.07804728250154983,0.37940211402093843,1.984435350611484,4.858310896161587,,,,,False,frontier_exceeds_one;ai_rent_capture_impossible,False,1e-09
pilot_per_tierA_baseline_pilot_v3,deterministic-engine-v1,baseline-pilot-v3,v0.1.2-pilot-per,PER,PEN,debt_consistent,0.05,high,r1,2034,0.01396759761412996,0.15889701695710456,0.772427459520442,3.9081695803033503,11.408733321153314,,,,,False,frontier_exceeds_one;ai_rent_capture_impossible,False,1e-09
pilot_per_tierA_baseline_pilot_v3,deterministic-engine-v1,baseline-pilot-v3,v0.1.2-pilot-per,PER,PEN,baseline,0.1,high,r1,2034,0.007139318458194525,0.08121771813975383,0.39481418148758,2.06228169233687,5.11517868727228,,,,,False,frontier_exceeds_one;ai_rent_capture_impossible,False,1e-09
pilot_per_tierA_baseline_pilot_v3,deterministic-engine-v1,baseline-pilot-v3,v0.1.2-pilot-per,PER,PEN,debt_consistent,0.1,high,r1,2034,0.014246289877231953,0.1620674525953086,0.7878395269870836,3.9811173268320954,11.665601112264007,,,,,False,frontier_exceeds_one;ai_rent_capture_impossible,False,1e-09
pilot_per_tierA_baseline_pilot_v3,deterministic-engine-v1,baseline-pilot-v3,v0.1.2-pilot-per,PER,PEN,baseline,0.25,high,r1,2034,0.007975395247500495,0.09072902505436582,0.4410503838875047,2.2945942391154057,5.88578206060436,,,,,False,frontier_exceeds_one;ai_rent_capture_impossible,False,1e-09
pilot_per_tierA_baseline_pilot_v3,deterministic-engine-v1,baseline-pilot-v3,v0.1.2-pilot-per,PER,PEN,debt_consistent,0.25,high,r1,2034,0.015082366666537922,0.17157875950992058,0.8340757293870084,4.198890855618882,12.436204485596086,,,,,False,frontier_exceeds_one;ai_rent_capture_impossible,False,1e-09
pilot_per_tierA_baseline_pilot_v3,deterministic-engine-v1,baseline-pilot-v3,v0.1.2-pilot-per,PER,PEN,baseline,0.5,high,r1,2034,0.009368856563010446,0.10658120324538581,0.5181107212207126,2.6777607102659484,7.1701210161578235,,,,,False,frontier_exceeds_one;ai_rent_capture_impossible,False,1e-09
pilot_per_tierA_baseline_pilot_v3,deterministic-engine-v1,baseline-pilot-v3,v0.1.2-pilot-per,PER,PEN,debt_consistent,0.5,high,r1,2034,0.016475827982047872,0.18743093770094058,0.9111360667202162,4.558335595417981,13.72054344114955,,,,,False,frontier_exceeds_one;ai_rent_capture_impossible,False,1e-09
pilot_per_tierA_baseline_pilot_v3,deterministic-engine-v1,baseline-pilot-v3,v0.1.2-pilot-per,PER,GMI,baseline,0.0,high,r1,2034,0.04541518137612546,0.5166483918416984,2.5115223206697315,11.18822046648028,40.393647673641475,,,,,False,frontier_exceeds_one;ai_rent_capture_impossible,False,1e-09
pilot_per_tierA_baseline_pilot_v3,deterministic-engine-v1,baseline-pilot-v3,v0.1.2-pilot-per,PER,GMI,debt_consistent,0.0,high,r1,2034,0.05252215279516289,0.5974981262972532,2.904547666169235,12.616296275293973,46.9440700986332,,,,,False,frontier_exceeds_one;ai_rent_capture_impossible,False,1e-09
pilot_per_tierA_baseline_pilot_v3,deterministic-engine-v1,baseline-pilot-v3,v0.1.2-pilot-per,PER,GMI,baseline,0.05,high,r1,2034,0.04750558740859928,0.5404290942907155,2.627124664439751,11.615242926359574,42.3203534031418,,,,,False,frontier_exceeds_one;ai_rent_capture_impossible,False,1e-09
pilot_per_tierA_baseline_pilot_v3,deterministic-engine-v1,baseline-pilot-v3,v0.1.2-pilot-per,PER,GMI,debt_consistent,0.05,high,r1,2034,0.05461255882763671,0.6212788287462703,3.0201500099392544,13.023961805276048,48.870775828133524,,,,,False,frontier_exceeds_one;ai_rent_capture_impossible,False,1e-09
pilot_per_tierA_baseline_pilot_v3,deterministic-engine-v1,baseline-pilot-v3,v0.1.2-pilot-per,PER,GMI,baseline,0.1,high,r1,2034,0.04959599344107309,0.5642097967397326,2.74272700820977,12.036373050318643,44.247059132642114,,,,,False,frontier_exceeds_one;ai_rent_capture_impossible,False,1e-09
pilot_per_tierA_baseline_pilot_v3,deterministic-engine-v1,baseline-pilot-v3,v0.1.2-pilot-per,PER,GMI,debt_consistent,0.1,high,r1,2034,0.05670296486011052,0.6450595311952874,3.135752353709274,13.426280799481573,50.79748155763385,,,,,False,frontier_exceeds_one;ai_rent_capture_impossible,False,1e-09
pilot_per_tierA_baseline_pilot_v3,deterministic-engine-v1,baseline-pilot-v3,v0.1.2-pilot-per,PER,GMI,baseline,0.25,high,r1,2034,0.05586721153849453,0.6355519040867836,3.089534039519828,13.266063939450556,50.02717632114308,,,,,False,frontier_exceeds_one;ai_rent_capture_impossible,False,1e-09
pilot_per_tierA_baseline_pilot_v3,deterministic-engine-v1,baseline-pilot-v3,v0.1.2-pilot-per,PER,GMI,debt_consistent,0.25,high,r1,2034,0.06297418295753196,0.7164016385423385,3.482559385019332,14.602588009756316,56.57759874613482,,,,,False,frontier_exceeds_one;ai_rent_capture_impossible,False,1e-09
pilot_per_tierA_baseline_pilot_v3,deterministic-engine-v1,baseline-pilot-v3,v0.1.2-pilot-per,PER,GMI,baseline,0.5,high,r1,2034,0.0663192417008636,0.7544554163318691,3.6675457583699256,15.212144490357884,59.66070496864471,,,,,False,frontier_exceeds_one;ai_rent_capture_impossible,False,1e-09
pilot_per_tierA_baseline_pilot_v3,deterministic-engine-v1,baseline-pilot-v3,v0.1.2-pilot-per,PER,GMI,debt_consistent,0.5,high,r1,2034,0.07342621311990102,0.8353051507874238,4.060571103869429,16.468685922059976,66.21112739363643,,,,,False,frontier_exceeds_one;ai_rent_capture_impossible,False,1e-09
pilot_per_tierA_baseline_pilot_v3,deterministic-engine-v1,baseline-pilot-v3,v0.1.2-pilot-per,PER,MUT,baseline,0.0,high,r1,2034,0.054343595520221465,0.6182190708408761,3.0052759671732456,12.971812131659545,48.62287511536671,,,,,False,frontier_exceeds_one;ai_rent_capture_impossible,False,1e-09
pilot_per_tierA_baseline_pilot_v3,deterministic-engine-v1,baseline-pilot-v3,v0.1.2-pilot-per,PER,MUT,debt_consistent,0.0,high,r1,2034,0.06145056693925889,0.6990688052964309,3.3983013126727495,14.320904372903195,55.17329754035844,,,,,False,frontier_exceeds_one;ai_rent_capture_impossible,False,1e-09
pilot_per_tierA_baseline_pilot_v3,deterministic-engine-v1,baseline-pilot-v3,v0.1.2-pilot-per,PER,MUT,baseline,0.05,high,r1,2034,0.05701333502529658,0.648590338336428,3.1529162529587116,13.485567707731573,51.08354654512448,,,,,False,frontier_exceeds_one;ai_rent_capture_impossible,False,1e-09
pilot_per_tierA_baseline_pilot_v3,deterministic-engine-v1,baseline-pilot-v3,v0.1.2-pilot-per,PER,MUT,debt_consistent,0.05,high,r1,2034,0.064120306444334,0.7294400727919826,3.5459415984582145,14.812799171892467,57.63396897011619,,,,,False,frontier_exceeds_one;ai_rent_capture_impossible,False,1e-09
pilot_per_tierA_baseline_pilot_v3,deterministic-engine-v1,baseline-pilot-v3,v0.1.2-pilot-per,PER,MUT,baseline,0.1,high,r1,2034,0.059683074530371694,0.6789616058319797,3.3005565387441766,13.990874597967311,53.54421797488223,,,,,False,frontier_exceeds_one;ai_rent_capture_impossible,False,1e-09
pilot_per_tierA_baseline_pilot_v3,deterministic-engine-v1,baseline-pilot-v3,v0.1.2-pilot-per,PER,MUT,debt_consistent,0.1,high,r1,2034,0.06679004594940913,0.7598113402875346,3.6935818842436805,15.296980022624837,60.09464039987396,,,,,False,frontier_exceeds_one;ai_rent_capture_impossible,False,1e-09
pilot_per_tierA_baseline_pilot_v3,deterministic-engine-v1,baseline-pilot-v3,v0.1.2-pilot-per,PER,MUT,baseline,0.25,high,r1,2034,0.06769229304559703,0.7700754083186351,3.7434773961005723,15.45891110728358,60.92623226415549,,,,,False,frontier_exceeds_one;ai_rent_capture_impossible,False,1e-09
pilot_per_tierA_baseline_pilot_v3,deterministic-engine-v1,baseline-pilot-v3,v0.1.2-pilot-per,PER,MUT,debt_consistent,0.25,high,r1,2034,0.07479926446463445,0.8509251427741898,4.136502741600076,16.705688550708345,67.47665468914721,,,,,False,frontier_exceeds_one;ai_rent_capture_impossible,False,1e-09
pilot_per_tierA_baseline_pilot_v3,deterministic-engine-v1,baseline-pilot-v3,v0.1.2-pilot-per,PER,MUT,baseline,0.5,high,r1,2034,0.0810409905709726,0.9219317457963941,4.4816788250279,17.76088576725869,73.22958941294428,,,,,False,frontier_exceeds_one;ai_rent_capture_impossible,False,1e-09
pilot_per_tierA_baseline_pilot_v3,deterministic-engine-v1,baseline-pilot-v3,v0.1.2-pilot-per,PER,MUT,debt_consistent,0.5,high,r1,2034,0.08814796199001002,1.0027814802519488,4.874704170527402,18.920459444087644,79.78001183793599,,,,,False,frontier_exceeds_one;ai_rent_capture_impossible,False,1e-09
pilot_per_tierA_baseline_pilot_v3,deterministic-engine-v1,baseline-pilot-v3,v0.1.2-pilot-per,PER,PBI,baseline,0.0,high,r1,2034,0.0805433201502137,0.9162701891371174,4.454156962685848,17.678050468981024,72.77089170724341,,,,,False,frontier_exceeds_one;ai_rent_capture_impossible,False,1e-09
pilot_per_tierA_baseline_pilot_v3,deterministic-engine-v1,baseline-pilot-v3,v0.1.2-pilot-per,PER,PBI,debt_consistent,0.0,high,r1,2034,0.08765029156925114,0.9971199235926723,4.847182308185351,18.84064415343641,79.32131413223513,,,,,False,frontier_exceeds_one;ai_rent_capture_impossible,False,1e-09
pilot_per_tierA_baseline_pilot_v3,deterministic-engine-v1,baseline-pilot-v3,v0.1.2-pilot-per,PER,PBI,baseline,0.05,high,r1,2034,0.08452804588678843,0.9616008931297213,4.674517805159892,18.335208317042145,76.44357241514416,,,,,False,frontier_exceeds_one;ai_rent_capture_impossible,False,1e-09
pilot_per_tierA_baseline_pilot_v3,deterministic-engine-v1,baseline-pilot-v3,v0.1.2-pilot-per,PER,PBI,debt_consistent,0.05,high,r1,2034,0.09163501730582585,1.042450627585276,5.067543150659396,19.474077210698148,82.99399484013588,,,,,False,frontier_exceeds_one;ai_rent_capture_impossible,False,1e-09
pilot_per_tierA_baseline_pilot_v3,deterministic-engine-v1,baseline-pilot-v3,v0.1.2-pilot-per,PER,PBI,baseline,0.1,high,r1,2034,0.08851277162336316,1.0069315971223252,4.894878647633937,18.978837932201444,80.1162531230449,,,,,False,frontier_exceeds_one;ai_rent_capture_impossible,False,1e-09
pilot_per_tierA_baseline_pilot_v3,deterministic-engine-v1,baseline-pilot-v3,v0.1.2-pilot-per,PER,PBI,debt_consistent,0.1,high,r1,2034,0.09561974304240059,1.0877813315778802,5.287903993133441,20.094981595296055,86.66667554803664,,,,,False,frontier_exceeds_one;ai_rent_capture_impossible,False,1e-09
pilot_per_tierA_baseline_pilot_v3,deterministic-engine-v1,baseline-pilot-v3,v0.1.2-pilot-per,PER,PBI,baseline,0.25,high,r1,2034,0.10046694883308732,1.1429237091001367,5.555961175056071,20.834126170195525,91.13429524674713,,,,,False,frontier_exceeds_one;ai_rent_capture_impossible,False,1e-09
pilot_per_tierA_baseline_pilot_v3,deterministic-engine-v1,baseline-pilot-v3,v0.1.2-pilot-per,PER,PBI,debt_consistent,0.25,high,r1,2034,0.10757392025212476,1.2237734435556915,5.948986520555575,21.88748810485177,97.68471767173887,,,,,False,frontier_exceeds_one;ai_rent_capture_impossible,False,1e-09
pilot_per_tierA_baseline_pilot_v3,deterministic-engine-v1,baseline-pilot-v3,v0.1.2-pilot-per,PER,PBI,baseline,0.5,high,r1,2034,0.12039057751596095,1.369577229063156,6.657765387426296,23.702883685433225,109.49769878625088,,,,,False,frontier_exceeds_one;ai_rent_capture_impossible,False,1e-09
pilot_per_tierA_baseline_pilot_v3,deterministic-engine-v1,baseline-pilot-v3,v0.1.2-pilot-per,PER,PBI,debt_consistent,0.5,high,r1,2034,0.12749754893499837,1.4504269635187108,7.050790732925799,24.6666352670705,116.0481212112426,,,,,False,frontier_exceeds_one;ai_rent_capture_impossible,False,1e-09
pilot_per_tierA_baseline_pilot_v3,deterministic-engine-v1,baseline-pilot-v3,v0.1.2-pilot-per,PER,UBI,baseline,0.0,high,r1,2034,0.21456522690847207,2.4409190070016327,11.865753703748998,34.60222135921263,196.2975040582959,,,,,False,frontier_exceeds_one;ai_rent_capture_impossible,False,1e-09
pilot_per_tierA_baseline_pilot_v3,deterministic-engine-v1,baseline-pilot-v3,v0.1.2-pilot-per,PER,UBI,debt_consistent,0.0,high,r1,2034,0.2216721983275095,2.5217687414571874,12.258779049248503,35.29435572272137,202.84792648328767,,,,,False,frontier_exceeds_one;ai_rent_capture_impossible,False,1e-09
pilot_per_tierA_baseline_pilot_v3,deterministic-engine-v1,baseline-pilot-v3,v0.1.2-pilot-per,PER,UBI,baseline,0.05,high,r1,2034,0.22524418492877255,2.56240407698384,12.456314846890862,35.63684110600924,206.14018977732698,,,,,False,frontier_exceeds_one;ai_rent_capture_impossible,False,1e-09
pilot_per_tierA_baseline_pilot_v3,deterministic-engine-v1,baseline-pilot-v3,v0.1.2-pilot-per,PER,UBI,debt_consistent,0.05,high,r1,2034,0.23235115634780998,2.643253811439395,12.849340192390365,36.30793340864528,212.69061220231868,,,,,False,frontier_exceeds_one;ai_rent_capture_impossible,False,1e-09
pilot_per_tierA_baseline_pilot_v3,deterministic-engine-v1,baseline-pilot-v3,v0.1.2-pilot-per,PER,UBI,baseline,0.1,high,r1,2034,0.235923142949073,2.6838891469660475,13.046875990032722,36.640180210824575,215.982875496358,,,,,False,frontier_exceeds_one;ai_rent_capture_impossible,False,1e-09
pilot_per_tierA_baseline_pilot_v3,deterministic-engine-v1,baseline-pilot-v3,v0.1.2-pilot-per,PER,UBI,debt_consistent,0.1,high,r1,2034,0.24303011436811042,2.7647388814216023,13.439901335532227,37.291536894833804,222.5332979213497,,,,,False,frontier_exceeds_one;ai_rent_capture_impossible,False,1e-09
pilot_per_tierA_baseline_pilot_v3,deterministic-engine-v1,baseline-pilot-v3,v0.1.2-pilot-per,PER,UBI,baseline,0.25,high,r1,2034,0.26796001700997435,3.048344356912669,14.818559419458307,39.480971269195074,245.51093265345105,,,,,False,frontier_exceeds_one;ai_rent_capture_impossible,False,1e-09
pilot_per_tierA_baseline_pilot_v3,deterministic-engine-v1,baseline-pilot-v3,v0.1.2-pilot-per,PER,UBI,debt_consistent,0.25,high,r1,2034,0.2750669884290118,3.129194091368224,15.211584764957811,40.07983045157762,252.0613550784428,,,,,False,frontier_exceeds_one;ai_rent_capture_impossible,False,1e-09
pilot_per_tierA_baseline_pilot_v3,deterministic-engine-v1,baseline-pilot-v3,v0.1.2-pilot-per,PER,UBI,baseline,0.5,high,r1,2034,0.3213548071114766,3.655769706823705,17.771365135167617,43.74028060892042,294.7243612486062,,,,,False,frontier_exceeds_one;ai_rent_capture_impossible,False,1e-09
pilot_per_tierA_baseline_pilot_v3,deterministic-engine-v1,baseline-pilot-v3,v0.1.2-pilot-per,PER,UBI,debt_consistent,0.5,high,r1,2034,0.32846177853051406,3.7366194412792604,18.16439048066712,44.268949371941446,301.27478367359794,,,,,False,frontier_exceeds_one;ai_rent_capture_impossible,False,1e-09
pilot_per_tierA_baseline_pilot_v3,deterministic-engine-v1,baseline-pilot-v3,v0.1.2-pilot-per,PER,PEN,baseline,0.0,high,r2,2034,0.0065819339319905445,0.07157429219989256,0.36399004655429684,1.8248567623133864,4.5338429528957835,,,,,False,frontier_exceeds_one;ai_rent_capture_impossible,False,1e-09
pilot_per_tierA_baseline_pilot_v3,deterministic-engine-v1,baseline-pilot-v3,v0.1.2-pilot-per,PER,PEN,debt_consistent,0.0,high,r2,2034,0.013688905351027972,0.14885802890379976,0.7570153920538004,3.675994345977281,11.084265377887512,,,,,False,frontier_exceeds_one;ai_rent_capture_impossible,False,1e-09
pilot_per_tierA_baseline_pilot_v3,deterministic-engine-v1,baseline-pilot-v3,v0.1.2-pilot-per,PER,PEN,baseline,0.05,high,r2,2034,0.006860626195092535,0.07460489106023066,0.37940211402093843,1.899677790720288,4.790710744006477,,,,,False,frontier_exceeds_one;ai_rent_capture_impossible,False,1e-09
pilot_per_tierA_baseline_pilot_v3,deterministic-engine-v1,baseline-pilot-v3,v0.1.2-pilot-per,PER,PEN,debt_consistent,0.05,high,r2,2034,0.01396759761412996,0.15188862776413783,0.772427459520442,3.746275858909059,11.341133168998205,,,,,False,frontier_exceeds_one;ai_rent_capture_impossible,False,1e-09
pilot_per_tierA_baseline_pilot_v3,deterministic-engine-v1,baseline-pilot-v3,v0.1.2-pilot-per,PER,PEN,baseline,0.1,high,r2,2034,0.007139318458194525,0.07763548992056876,0.39481418148758,1.974309150449191,5.04757853511717,,,,,False,frontier_exceeds_one;ai_rent_capture_impossible,False,1e-09
pilot_per_tierA_baseline_pilot_v3,deterministic-engine-v1,baseline-pilot-v3,v0.1.2-pilot-per,PER,PEN,debt_consistent,0.1,high,r2,2034,0.014246289877231953,0.15491922662447596,0.7878395269870836,3.816391149947886,11.598000960108898,,,,,False,frontier_exceeds_one;ai_rent_capture_impossible,False,1e-09
pilot_per_tierA_baseline_pilot_v3,deterministic-engine-v1,baseline-pilot-v3,v0.1.2-pilot-per,PER,PEN,baseline,0.25,high,r2,2034,0.007975395247500495,0.08672728650158304,0.4410503838875047,2.197075298343183,5.818181908449249,,,,,False,frontier_exceeds_one;ai_rent_capture_impossible,False,1e-09
pilot_per_tierA_baseline_pilot_v3,deterministic-engine-v1,baseline-pilot-v3,v0.1.2-pilot-per,PER,PEN,debt_consistent,0.25,high,r2,2034,0.015082366666537922,0.16401102320549024,0.8340757293870084,4.025747938041679,12.368604333440977,,,,,False,frontier_exceeds_one;ai_rent_capture_impossible,False,1e-09
pilot_per_tierA_baseline_pilot_v3,deterministic-engine-v1,baseline-pilot-v3,v0.1.2-pilot-per,PER,PEN,baseline,0.5,high,r2,2034,0.009368856563010446,0.1018802808032735,0.5181107212207126,2.564651713204317,7.102520864002713,,,,,False,frontier_exceeds_one;ai_rent_capture_impossible,False,1e-09
pilot_per_tierA_baseline_pilot_v3,deterministic-engine-v1,baseline-pilot-v3,v0.1.2-pilot-per,PER,PEN,debt_consistent,0.5,high,r2,2034,0.016475827982047872,0.1791640175071807,0.9111360667202162,4.371427519984897,13.652943288994441,,,,,False,frontier_exceeds_one;ai_rent_capture_impossible,False,1e-09
pilot_per_tierA_baseline_pilot_v3,deterministic-engine-v1,baseline-pilot-v3,v0.1.2-pilot-per,PER,GMI,baseline,0.0,high,r2,2034,0.04541518137612546,0.49386084632771005,2.5115223206697315,10.773339965143704,40.326047521486366,,,,,False,frontier_exceeds_one;ai_rent_capture_impossible,False,1e-09
pilot_per_tierA_baseline_pilot_v3,deterministic-engine-v1,baseline-pilot-v3,v0.1.2-pilot-per,PER,GMI,debt_consistent,0.0,high,r2,2034,0.05252215279516289,0.5711445830316172,2.904547666169235,12.15809532714101,46.87646994647809,,,,,False,frontier_exceeds_one;ai_rent_capture_impossible,False,1e-09
pilot_per_tierA_baseline_pilot_v3,deterministic-engine-v1,baseline-pilot-v3,v0.1.2-pilot-per,PER,GMI,baseline,0.05,high,r2,2034,0.04750558740859928,0.5165926655362706,2.627124664439751,11.18721274998205,42.25275325098669,,,,,False,frontier_exceeds_one;ai_rent_capture_impossible,False,1e-09
pilot_per_tierA_baseline_pilot_v3,deterministic-engine-v1,baseline-pilot-v3,v0.1.2-pilot-per,PER,GMI,debt_consistent,0.05,high,r2,2034,0.05461255882763671,0.5938764022401778,3.0201500099392544,12.553731502542703,48.803175675978416,,,,,False,frontier_exceeds_one;ai_rent_capture_impossible,False,1e-09
pilot_per_tierA_baseline_pilot_v3,deterministic-engine-v1,baseline-pilot-v3,v0.1.2-pilot-per,PER,GMI,baseline,0.1,high,r2,2034,0.04959599344107309,0.5393244847448311,2.74272700820977,11.59553963464058,44.179458980487006,,,,,False,frontier_exceeds_one;ai_rent_capture_impossible,False,1e-09
pilot_per_tierA_baseline_pilot_v3,deterministic-engine-v1,baseline-pilot-v3,v0.1.2-pilot-per,PER,GMI,debt_consistent,0.1,high,r2,2034,0.05670296486011052,0.6166082214487383,3.135752353709274,12.944321587871158,50.72988140547874,,,,,False,frontier_exceeds_one;ai_rent_capture_impossible,False,1e-09
pilot_per_tierA_baseline_pilot_v3,deterministic-engine-v1,baseline-pilot-v3,v0.1.2-pilot-per,PER,GMI,baseline,0.25,high,r2,2034,0.05586721153849453,0.6075199423705125,3.089534039519828,12.788758726884977,49.95957616898797,,,,,False,frontier_exceeds_one;ai_rent_capture_impossible,False,1e-09
pilot_per_tierA_baseline_pilot_v3,deterministic-engine-v1,baseline-pilot-v3,v0.1.2-pilot-per,PER,GMI,debt_consistent,0.25,high,r2,2034,0.06297418295753196,0.6848036790744197,3.482559385019332,14.087128558024292,56.50999859397971,,,,,False,frontier_exceeds_one;ai_rent_capture_impossible,False,1e-09
pilot_per_tierA_baseline_pilot_v3,deterministic-engine-v1,baseline-pilot-v3,v0.1.2-pilot-per,PER,GMI,baseline,0.5,high,r2,2034,0.0663192417008636,0.7211790384133151,3.6675457583699256,14.67977757133095,59.5931048164896,,,,,False,frontier_exceeds_one;ai_rent_capture_impossible,False,1e-09
pilot_per_tierA_baseline_pilot_v3,deterministic-engine-v1,baseline-pilot-v3,v0.1.2-pilot-per,PER,GMI,debt_consistent,0.5,high,r2,2034,0.07342621311990102,0.7984627751172223,4.060571103869429,15.902403301139977,66.14352724148132,,,,,False,frontier_exceeds_one;ai_rent_capture_impossible,False,1e-09
pilot_per_tierA_baseline_pilot_v3,deterministic-engine-v1,baseline-pilot-v3,v0.1.2-pilot-per,PER,MUT,baseline,0.0,high,r2,2034,0.054343595520221465,0.59095159950668,3.0052759671732456,12.503112492103924,48.5552749632116,,,,,False,frontier_exceeds_one;ai_rent_capture_impossible,False,1e-09
pilot_per_tierA_baseline_pilot_v3,deterministic-engine-v1,baseline-pilot-v3,v0.1.2-pilot-per,PER,MUT,debt_consistent,0.0,high,r2,2034,0.06145056693925889,0.6682353362105872,3.3983013126727495,13.81336117758864,55.10569738820333,,,,,False,frontier_exceeds_one;ai_rent_capture_impossible,False,1e-09
pilot_per_tierA_baseline_pilot_v3,deterministic-engine-v1,baseline-pilot-v3,v0.1.2-pilot-per,PER,MUT,baseline,0.05,high,r2,2034,0.05701333502529658,0.6199832970910485,3.1529162529587116,13.001891941071829,51.01594639296937,,,,,False,frontier_exceeds_one;ai_rent_capture_impossible,False,1e-09
pilot_per_tierA_baseline_pilot_v3,deterministic-engine-v1,baseline-pilot-v3,v0.1.2-pilot-per,PER,MUT,debt_consistent,0.05,high,r2,2034,0.064120306444334,0.6972670337949556,3.5459415984582145,14.291474761046056,57.566368817961084,,,,,False,frontier_exceeds_one;ai_rent_capture_impossible,False,1e-09
pilot_per_tierA_baseline_pilot_v3,deterministic-engine-v1,baseline-pilot-v3,v0.1.2-pilot-per,PER,MUT,baseline,0.1,high,r2,2034,0.059683074530371694,0.6490149946754169,3.3005565387441766,13.492690547182509,53.47661782272712,,,,,False,frontier_exceeds_one;ai_rent_capture_impossible,False,1e-09
pilot_per_tierA_baseline_pilot_v3,deterministic-engine-v1,baseline-pilot-v3,v0.1.2-pilot-per,PER,MUT,debt_consistent,0.1,high,r2,2034,0.06679004594940913,0.7262987313793242,3.6935818842436805,14.762283890744266,60.02704024771885,,,,,False,frontier_exceeds_one;ai_rent_capture_impossible,False,1e-09
pilot_per_tierA_baseline_pilot_v3,deterministic-engine-v1,baseline-pilot-v3,v0.1.2-pilot-per,PER,MUT,baseline,0.25,high,r2,2034,0.06769229304559703,0.7361100874285222,3.7434773961005723,14.919785092061916,60.85863211200038,,,,,False,frontier_exceeds_one;ai_rent_capture_impossible,False,1e-09
pilot_per_tierA_baseline_pilot_v3,deterministic-engine-v1,baseline-pilot-v3,v0.1.2-pilot-per,PER,MUT,debt_consistent,0.25,high,r2,2034,0.07479926446463445,0.8133938241324293,4.136502741600076,16.13314672797763,67.4090545369921,,,,,False,frontier_exceeds_one;ai_rent_capture_impossible,False,1e-09
pilot_per_tierA_baseline_pilot_v3,deterministic-engine-v1,baseline-pilot-v3,v0.1.2-pilot-per,PER,MUT,baseline,0.5,high,r2,2034,0.0810409905709726,0.8812685753503645,4.4816788250279,17.160990470468658,73.16198926078917,,,,,False,frontier_exceeds_one;ai_rent_capture_impossible,False,1e-09
pilot_per_tierA_baseline_pilot_v3,deterministic-engine-v1,baseline-pilot-v3,v0.1.2-pilot-per,PER,MUT,debt_consistent,0.5,high,r2,2034,0.08814796199001002,0.9585523120542717,4.874704170527402,18.291444072185858,79.71241168578088,,,,,False,frontier_exceeds_one;ai_rent_capture_impossible,False,1e-09
pilot_per_tierA_baseline_pilot_v3,deterministic-engine-v1,baseline-pilot-v3,v0.1.2-pilot-per,PER,PBI,baseline,0.0,high,r2,2034,0.0805433201502137,0.8758567300655749,4.454156962685848,17.080272567838207,72.7032915550883,,,,,False,frontier_exceeds_one;ai_rent_capture_impossible,False,1e-09
pilot_per_tierA_baseline_pilot_v3,deterministic-engine-v1,baseline-pilot-v3,v0.1.2-pilot-per,PER,PBI,debt_consistent,0.0,high,r2,2034,0.08765029156925114,0.9531404667694822,4.847182308185351,18.21360248259975,79.25371398008002,,,,,False,frontier_exceeds_one;ai_rent_capture_impossible,False,1e-09
pilot_per_tierA_baseline_pilot_v3,deterministic-engine-v1,baseline-pilot-v3,v0.1.2-pilot-per,PER,PBI,baseline,0.05,high,r2,2034,0.08452804588678843,0.919188055957474,4.674517805159892,17.72076979135502,76.37597226298905,,,,,False,frontier_exceeds_one;ai_rent_capture_impossible,False,1e-09
pilot_per_tierA_baseline_pilot_v3,deterministic-engine-v1,baseline-pilot-v3,v0.1.2-pilot-per,PER,PBI,debt_consistent,0.05,high,r2,2034,0.09163501730582585,0.9964717926613812,5.067543150659396,18.831493969885166,82.92639468798077,,,,,False,frontier_exceeds_one;ai_rent_capture_impossible,False,1e-09
pilot_per_tierA_baseline_pilot_v3,deterministic-engine-v1,baseline-pilot-v3,v0.1.2-pilot-per,PER,PBI,baseline,0.1,high,r2,2034,0.08851277162336316,0.9625193818493731,4.894878647633937,18.348381784585577,80.04865297088979,,,,,False,frontier_exceeds_one;ai_rent_capture_impossible,False,1e-09
pilot_per_tierA_baseline_pilot_v3,deterministic-engine-v1,baseline-pilot-v3,v0.1.2-pilot-per,PER,PBI,debt_consistent,0.1,high,r2,2034,0.09561974304240059,1.0398031185532806,5.287903993133441,19.43743160899496,86.59907539588153,,,,,False,frontier_exceeds_one;ai_rent_capture_impossible,False,1e-09
pilot_per_tierA_baseline_pilot_v3,deterministic-engine-v1,baseline-pilot-v3,v0.1.2-pilot-per,PER,PBI,baseline,0.25,high,r2,2034,0.10046694883308732,1.0925133595250704,5.555961175056071,20.15909599818628,91.06669509459202,,,,,False,frontier_exceeds_one;ai_rent_capture_impossible,False,1e-09
pilot_per_tierA_baseline_pilot_v3,deterministic-engine-v1,baseline-pilot-v3,v0.1.2-pilot-per,PER,PBI,debt_consistent,0.25,high,r2,2034,0.10757392025212476,1.1697970962289779,5.948986520555575,21.18816048333964,97.61711751958376,,,,,False,frontier_exceeds_one;ai_rent_capture_impossible,False,1e-09
pilot_per_tierA_baseline_pilot_v3,deterministic-engine-v1,baseline-pilot-v3,v0.1.2-pilot-per,PER,PBI,baseline,0.5,high,r2,2034,0.12039057751596095,1.3091699889845663,6.657765387426296,22.963299944337763,109.43009863409577,,,,,False,frontier_exceeds_one;ai_rent_capture_impossible,False,1e-09
pilot_per_tierA_baseline_pilot_v3,deterministic-engine-v1,baseline-pilot-v3,v0.1.2-pilot-per,PER,PBI,debt_consistent,0.5,high,r2,2034,0.12749754893499837,1.3864537256884735,7.050790732925799,23.906474416214472,115.9805210590875,,,,,False,frontier_exceeds_one;ai_rent_capture_impossible,False,1e-09
pilot_per_tierA_baseline_pilot_v3,deterministic-engine-v1,baseline-pilot-v3,v0.1.2-pilot-per,PER,UBI,baseline,0.0,high,r2,2034,0.21456522690847207,2.3332586448552783,11.865753703748998,33.65748521734203,196.22990390614083,,,,,False,frontier_exceeds_one;ai_rent_capture_impossible,False,1e-09
pilot_per_tierA_baseline_pilot_v3,deterministic-engine-v1,baseline-pilot-v3,v0.1.2-pilot-per,PER,UBI,debt_consistent,0.0,high,r2,2034,0.2216721983275095,2.4105423815591855,12.258779049248503,34.33838696108693,202.78032633113256,,,,,False,frontier_exceeds_one;ai_rent_capture_impossible,False,1e-09
pilot_per_tierA_baseline_pilot_v3,deterministic-engine-v1,baseline-pilot-v3,v0.1.2-pilot-per,PER,UBI,baseline,0.05,high,r2,2034,0.22524418492877255,2.449385435192752,12.456314846890862,34.67538245424701,206.07258962517187,,,,,False,frontier_exceeds_one;ai_rent_capture_impossible,False,1e-09
pilot_per_tierA_baseline_pilot_v3,deterministic-engine-v1,baseline-pilot-v3,v0.1.2-pilot-per,PER,UBI,debt_consistent,0.05,high,r2,2034,0.23235115634780998,2.5266691718966596,12.849340192390365,35.33584587694362,212.6230120501636,,,,,False,frontier_exceeds_one;ai_rent_capture_impossible,False,1e-09
pilot_per_tierA_baseline_pilot_v3,deterministic-engine-v1,baseline-pilot-v3,v0.1.2-pilot-per,PER,UBI,baseline,0.1,high,r2,2034,0.235923142949073,2.565512225530226,13.046875990032722,35.66289243053769,215.91527534420288,,,,,False,frontier_exceeds_one;ai_rent_capture_impossible,False,1e-09
pilot_per_tierA_baseline_pilot_v3,deterministic-engine-v1,baseline-pilot-v3,v0.1.2-pilot-per,PER,UBI,debt_consistent,0.1,high,r2,2034,0.24303011436811042,2.6427959622341333,13.439901335532227,36.30417093127973,222.46569776919463,,,,,False,frontier_exceeds_one;ai_rent_capture_impossible,False,1e-09
pilot_per_tierA_baseline_pilot_v3,deterministic-engine-v1,baseline-pilot-v3,v0.1.2-pilot-per,PER,UBI,baseline,0.25,high,r2,2034,0.26796001700997435,2.9138925965426474,14.818559419458307,38.460820048919146,245.44333250129597,,,,,False,frontier_exceeds_one;ai_rent_capture_impossible,False,1e-09
pilot_per_tierA_baseline_pilot_v3,deterministic-engine-v1,baseline-pilot-v3,v0.1.2-pilot-per,PER,UBI,debt_consistent,0.25,high,r2,2034,0.2750669884290118,2.9911763332465546,15.211584764957811,39.050992861560566,251.9937549262877,,,,,False,frontier_exceeds_one;ai_rent_capture_impossible,False,1e-09
pilot_per_tierA_baseline_pilot_v3,deterministic-engine-v1,baseline-pilot-v3,v0.1.2-pilot-per,PER,UBI,baseline,0.5,high,r2,2034,0.3213548071114766,3.494526548230017,17.771365135167617,42.66078110279536,294.6567610964511,,,,,False,frontier_exceeds_one;ai_rent_capture_impossible,False,1e-09
pilot_per_tierA_baseline_pilot_v3,deterministic-engine-v1,baseline-pilot-v3,v0.1.2-pilot-per,PER,UBI,debt_consistent,0.5,high,r2,2034,0.32846177853051406,3.571810284933924,18.16439048066712,43.182459427475,301.2071835214428,,,,,False,frontier_exceeds_one;ai_rent_capture_impossible,False,1e-09
pilot_per_tierA_baseline_pilot_v3,deterministic-engine-v1,baseline-pilot-v3,v0.1.2-pilot-per,PER,PEN,baseline,0.0,high,r3,2034,0.006593933931990544,0.07928292168849338,0.36465366314537534,2.014799498867291,4.741399991175616,,,,,False,frontier_exceeds_one;ai_rent_capture_impossible,False,1e-09
pilot_per_tierA_baseline_pilot_v3,deterministic-engine-v1,baseline-pilot-v3,v0.1.2-pilot-per,PER,PEN,debt_consistent,0.0,high,r3,2034,0.01370090535102797,0.16473440850492405,0.7576790086448789,4.042342058088665,11.291822416167344,,,,,False,frontier_exceeds_one;ai_rent_capture_impossible,False,1e-09
pilot_per_tierA_baseline_pilot_v3,deterministic-engine-v1,baseline-pilot-v3,v0.1.2-pilot-per,PER,PEN,baseline,0.05,high,r3,2034,0.006872626195092535,0.08263381011088224,0.3800657306120169,2.096985821573531,4.998267782286309,,,,,False,frontier_exceeds_one;ai_rent_capture_impossible,False,1e-09
pilot_per_tierA_baseline_pilot_v3,deterministic-engine-v1,baseline-pilot-v3,v0.1.2-pilot-per,PER,PEN,debt_consistent,0.05,high,r3,2034,0.013979597614129962,0.16808529692731292,0.7730910761115206,4.119089077129606,11.548690207278039,,,,,False,frontier_exceeds_one;ai_rent_capture_impossible,False,1e-09
pilot_per_tierA_baseline_pilot_v3,deterministic-engine-v1,baseline-pilot-v3,v0.1.2-pilot-per,PER,PEN,baseline,0.1,high,r3,2034,0.007151318458194525,0.08598469853327108,0.3954777980786585,2.178943522976599,5.255135573397002,,,,,False,frontier_exceeds_one;ai_rent_capture_impossible,False,1e-09
pilot_per_tierA_baseline_pilot_v3,deterministic-engine-v1,baseline-pilot-v3,v0.1.2-pilot-per,PER,PEN,debt_consistent,0.1,high,r3,2034,0.01425828987723195,0.17143618534970176,0.7885031435781621,4.195638203467514,11.80555799838873,,,,,False,frontier_exceeds_one;ai_rent_capture_impossible,False,1e-09
pilot_per_tierA_baseline_pilot_v3,deterministic-engine-v1,baseline-pilot-v3,v0.1.2-pilot-per,PER,PEN,baseline,0.25,high,r3,2034,0.007987395247500497,0.09603736380043763,0.44171400047858334,2.423458224481731,6.025738946729083,,,,,False,frontier_exceeds_one;ai_rent_capture_impossible,False,1e-09
pilot_per_tierA_baseline_pilot_v3,deterministic-engine-v1,baseline-pilot-v3,v0.1.2-pilot-per,PER,PEN,debt_consistent,0.25,high,r3,2034,0.015094366666537923,0.1814888506168683,0.834739345978087,4.424108923543312,12.576161371720811,,,,,False,frontier_exceeds_one;ai_rent_capture_impossible,False,1e-09
pilot_per_tierA_baseline_pilot_v3,deterministic-engine-v1,baseline-pilot-v3,v0.1.2-pilot-per,PER,PEN,baseline,0.5,high,r3,2034,0.009380856563010447,0.11279180591238186,0.5187743378117912,2.82653291388079,7.310077902282547,,,,,False,frontier_exceeds_one;ai_rent_capture_impossible,False,1e-09
pilot_per_tierA_baseline_pilot_v3,deterministic-engine-v1,baseline-pilot-v3,v0.1.2-pilot-per,PER,PEN,debt_consistent,0.5,high,r3,2034,0.016487827982047874,0.19824329272881255,0.9117996833112948,4.801034136461628,13.860500327274275,,,,,False,frontier_exceeds_one;ai_rent_capture_impossible,False,1e-09
pilot_per_tierA_baseline_pilot_v3,deterministic-engine-v1,baseline-pilot-v3,v0.1.2-pilot-per,PER,GMI,baseline,0.0,high,r3,2034,0.045445181376125465,0.5464153558898442,2.513181362147428,11.721801215091244,40.55019497454316,,,,,False,frontier_exceeds_one;ai_rent_capture_impossible,False,1e-09
pilot_per_tierA_baseline_pilot_v3,deterministic-engine-v1,baseline-pilot-v3,v0.1.2-pilot-per,PER,GMI,debt_consistent,0.0,high,r3,2034,0.05255215279516289,0.6318668427062749,2.9062067076469313,13.203739996996738,47.10061739953488,,,,,False,frontier_exceeds_one;ai_rent_capture_impossible,False,1e-09
pilot_per_tierA_baseline_pilot_v3,deterministic-engine-v1,baseline-pilot-v3,v0.1.2-pilot-per,PER,GMI,baseline,0.05,high,r3,2034,0.047535587408599284,0.571549592823235,2.6287837059174475,12.16518927459993,42.47690070404349,,,,,False,frontier_exceeds_one;ai_rent_capture_impossible,False,1e-09
pilot_per_tierA_baseline_pilot_v3,deterministic-engine-v1,baseline-pilot-v3,v0.1.2-pilot-per,PER,GMI,debt_consistent,0.05,high,r3,2034,0.05464255882763671,0.6570010796396658,3.021809051416951,13.626336107155952,49.02732312903521,,,,,False,frontier_exceeds_one;ai_rent_capture_impossible,False,1e-09
pilot_per_tierA_baseline_pilot_v3,deterministic-engine-v1,baseline-pilot-v3,v0.1.2-pilot-per,PER,GMI,baseline,0.1,high,r3,2034,0.049625993441073095,0.5966838297566258,2.7443860496874666,12.602240549951604,44.40360643354381,,,,,False,frontier_exceeds_one;ai_rent_capture_impossible,False,1e-09
pilot_per_tierA_baseline_pilot_v3,deterministic-engine-v1,baseline-pilot-v3,v0.1.2-pilot-per,PER,GMI,debt_consistent,0.1,high,r3,2034,0.05673296486011052,0.6821353165730565,3.1374113951869704,14.043201963533235,50.95402885853554,,,,,False,frontier_exceeds_one;ai_rent_capture_impossible,False,1e-09
pilot_per_tierA_baseline_pilot_v3,deterministic-engine-v1,baseline-pilot-v3,v0.1.2-pilot-per,PER,GMI,baseline,0.25,high,r3,2034,0.05589721153849453,0.6720865405567982,3.0911930809975243,13.877214219662003,50.183723622044766,,,,,False,frontier_exceeds_one;ai_rent_capture_impossible,False,1e-09
pilot_per_tierA_baseline_pilot_v3,deterministic-engine-v1,baseline-pilot-v3,v0.1.2-pilot-per,PER,GMI,debt_consistent,0.25,high,r3,2034,0.06300418295753196,0.757538027373229,3.4842184264970286,15.261000146388872,56.7341460470365,,,,,False,frontier_exceeds_one;ai_rent_capture_impossible,False,1e-09
pilot_per_tierA_baseline_pilot_v3,deterministic-engine-v1,baseline-pilot-v3,v0.1.2-pilot-per,PER,GMI,baseline,0.5,high,r3,2034,0.0663492417008636,0.7977577252237522,3.669204799847622,15.89146493324587,59.817252269546394,,,,,False,frontier_exceeds_one;ai_rent_capture_impossible,False,1e-09
pilot_per_tierA_baseline_pilot_v3,deterministic-engine-v1,baseline-pilot-v3,v0.1.2-pilot-per,PER,GMI,debt_consistent,0.5,high,r3,2034,0.07345621311990103,0.8832092120401829,4.062230145347125,17.18988425015492,66.36767469453811,,,,,False,frontier_exceeds_one;ai_rent_capture_impossible,False,1e-09
pilot_per_tierA_baseline_pilot_v3,deterministic-engine-v1,baseline-pilot-v3,v0.1.2-pilot-per,PER,MUT,baseline,0.0,high,r3,2034,0.054351095520221465,0.6534966370997181,3.0056907275426696,13.567761488479995,48.75868439779719,,,,,False,frontier_exceeds_one;ai_rent_capture_impossible,False,1e-09
pilot_per_tierA_baseline_pilot_v3,deterministic-engine-v1,baseline-pilot-v3,v0.1.2-pilot-per,PER,MUT,debt_consistent,0.0,high,r3,2034,0.06145806693925889,0.7389481239161487,3.3987160730421735,14.96519457250581,55.30910682278892,,,,,False,frontier_exceeds_one;ai_rent_capture_impossible,False,1e-09
pilot_per_tierA_baseline_pilot_v3,deterministic-engine-v1,baseline-pilot-v3,v0.1.2-pilot-per,PER,MUT,baseline,0.05,high,r3,2034,0.05702083502529658,0.6855965565548788,3.1533310133281356,14.100168843898068,51.219355827554956,,,,,False,frontier_exceeds_one;ai_rent_capture_impossible,False,1e-09
pilot_per_tierA_baseline_pilot_v3,deterministic-engine-v1,baseline-pilot-v3,v0.1.2-pilot-per,PER,MUT,debt_consistent,0.05,high,r3,2034,0.06412780644433401,0.7710480433713095,3.546356358827639,15.474212019260174,57.76977825254668,,,,,False,frontier_exceeds_one;ai_rent_capture_impossible,False,1e-09
pilot_per_tierA_baseline_pilot_v3,deterministic-engine-v1,baseline-pilot-v3,v0.1.2-pilot-per,PER,MUT,baseline,0.1,high,r3,2034,0.059690574530371694,0.7176964760100394,3.3009712991136007,14.623528083044723,53.68002725731271,,,,,False,frontier_exceeds_one;ai_rent_capture_impossible,False,1e-09
pilot_per_tierA_baseline_pilot_v3,deterministic-engine-v1,baseline-pilot-v3,v0.1.2-pilot-per,PER,MUT,debt_consistent,0.1,high,r3,2034,0.06679754594940912,0.8031479628264702,3.6939966446131045,15.97499291074437,60.23044968230444,,,,,False,frontier_exceeds_one;ai_rent_capture_impossible,False,1e-09
pilot_per_tierA_baseline_pilot_v3,deterministic-engine-v1,baseline-pilot-v3,v0.1.2-pilot-per,PER,MUT,baseline,0.25,high,r3,2034,0.06769979304559703,0.8139962343755214,3.7438921564699967,16.142420402935443,61.062041546585974,,,,,False,frontier_exceeds_one;ai_rent_capture_impossible,False,1e-09
pilot_per_tierA_baseline_pilot_v3,deterministic-engine-v1,baseline-pilot-v3,v0.1.2-pilot-per,PER,MUT,debt_consistent,0.25,high,r3,2034,0.07480676446463447,0.8994477211919522,4.136917501969501,17.43061165125768,67.61246397157771,,,,,False,frontier_exceeds_one;ai_rent_capture_impossible,False,1e-09
pilot_per_tierA_baseline_pilot_v3,deterministic-engine-v1,baseline-pilot-v3,v0.1.2-pilot-per,PER,MUT,baseline,0.5,high,r3,2034,0.0810484905709726,0.9744958316513247,4.482093585397324,18.519648595656193,73.36539869537476,,,,,False,frontier_exceeds_one;ai_rent_capture_impossible,False,1e-09
pilot_per_tierA_baseline_pilot_v3,deterministic-engine-v1,baseline-pilot-v3,v0.1.2-pilot-per,PER,MUT,debt_consistent,0.5,high,r3,2034,0.08815546199001004,1.0599473184677555,4.875118930896828,19.71518903794277,79.91582112036649,,,,,False,frontier_exceeds_one;ai_rent_capture_impossible,False,1e-09
pilot_per_tierA_baseline_pilot_v3,deterministic-engine-v1,baseline-pilot-v3,v0.1.2-pilot-per,PER,PBI,baseline,0.0,high,r3,2034,0.08055082015021371,0.9685120342092117,4.454571723055272,18.434195728117114,72.9067009896739,,,,,False,frontier_exceeds_one;ai_rent_capture_impossible,False,1e-09
pilot_per_tierA_baseline_pilot_v3,deterministic-engine-v1,baseline-pilot-v3,v0.1.2-pilot-per,PER,PBI,debt_consistent,0.0,high,r3,2034,0.08765779156925113,1.0539635210256424,4.847597068554775,19.63293786322576,79.4571234146656,,,,,False,frontier_exceeds_one;ai_rent_capture_impossible,False,1e-09
pilot_per_tierA_baseline_pilot_v3,deterministic-engine-v1,baseline-pilot-v3,v0.1.2-pilot-per,PER,PBI,baseline,0.05,high,r3,2034,0.08453554588678844,1.016422841593903,4.674932565529317,19.111941205451522,76.57938169757465,,,,,False,frontier_exceeds_one;ai_rent_capture_impossible,False,1e-09
pilot_per_tierA_baseline_pilot_v3,deterministic-engine-v1,baseline-pilot-v3,v0.1.2-pilot-per,PER,PBI,debt_consistent,0.05,high,r3,2034,0.09164251730582587,1.1018743284103336,5.067957911028821,20.28554460725365,83.12980412256638,,,,,False,frontier_exceeds_one;ai_rent_capture_impossible,False,1e-09
pilot_per_tierA_baseline_pilot_v3,deterministic-engine-v1,baseline-pilot-v3,v0.1.2-pilot-per,PER,PBI,baseline,0.1,high,r3,2034,0.08852027162336316,1.0643336489785942,4.895293408003361,19.775345519094692,80.25206240547539,,,,,False,frontier_exceeds_one;ai_rent_capture_impossible,False,1e-09
pilot_per_tierA_baseline_pilot_v3,deterministic-engine-v1,baseline-pilot-v3,v0.1.2-pilot-per,PER,PBI,debt_consistent,0.1,high,r3,2034,0.09562724304240058,1.1497851357950246,5.288318753502865,20.924897940466966,86.80248483046711,,,,,False,frontier_exceeds_one;ai_rent_capture_impossible,False,1e-09
pilot_per_tierA_baseline_pilot_v3,deterministic-engine-v1,baseline-pilot-v3,v0.1.2-pilot-per,PER,PBI,baseline,0.25,high,r3,2034,0.10047444883308733,1.2080660711326674,5.556375935425495,21.685570668238014,91.27010452917762,,,,,False,frontier_exceeds_one;ai_rent_capture_impossible,False,1e-09
pilot_per_tierA_baseline_pilot_v3,deterministic-engine-v1,baseline-pilot-v3,v0.1.2-pilot-per,PER,PBI,debt_consistent,0.25,high,r3,2034,0.10758142025212475,1.293517557949098,5.949401280924999,22.768823396327193,97.82052695416934,,,,,False,frontier_exceeds_one;ai_rent_capture_impossible,False,1e-09
pilot_per_tierA_baseline_pilot_v3,deterministic-engine-v1,baseline-pilot-v3,v0.1.2-pilot-per,PER,PBI,baseline,0.5,high,r3,2034,0.12039807751596096,1.447620108056123,6.65818014779572,24.63365958538268,109.63350806868137,,,,,False,frontier_exceeds_one;ai_rent_capture_impossible,False,1e-09
pilot_per_tierA_baseline_pilot_v3,deterministic-engine-v1,baseline-pilot-v3,v0.1.2-pilot-per,PER,PBI,debt_consistent,0.5,high,r3,2034,0.1275050489349984,1.533071594872554,7.051205493295224,25.622644614584676,116.18393049367309,,,,,False,frontier_exceeds_one;ai_rent_capture_impossible,False,1e-09
pilot_per_tierA_baseline_pilot_v3,deterministic-engine-v1,baseline-pilot-v3,v0.1.2-pilot-per,PER,UBI,baseline,0.0,high,r3,2034,0.21456972690847206,2.579903746483306,11.866002559970653,35.7832509350372,196.4305482715969,,,,,False,frontier_exceeds_one;ai_rent_capture_impossible,False,1e-09
pilot_per_tierA_baseline_pilot_v3,deterministic-engine-v1,baseline-pilot-v3,v0.1.2-pilot-per,PER,UBI,debt_consistent,0.0,high,r3,2034,0.2216766983275095,2.665355233299737,12.259027905470157,36.48905258700953,202.98097069658863,,,,,False,frontier_exceeds_one;ai_rent_capture_impossible,False,1e-09
pilot_per_tierA_baseline_pilot_v3,deterministic-engine-v1,baseline-pilot-v3,v0.1.2-pilot-per,PER,UBI,baseline,0.05,high,r3,2034,0.22524868492877254,2.7083034243039488,12.456563703112515,36.83821597574885,206.27323399062794,,,,,False,frontier_exceeds_one;ai_rent_capture_impossible,False,1e-09
pilot_per_tierA_baseline_pilot_v3,deterministic-engine-v1,baseline-pilot-v3,v0.1.2-pilot-per,PER,UBI,debt_consistent,0.05,high,r3,2034,0.23235565634780997,2.7937549111203794,12.84958904861202,37.5222341501715,212.82365641561967,,,,,False,frontier_exceeds_one;ai_rent_capture_impossible,False,1e-09
pilot_per_tierA_baseline_pilot_v3,deterministic-engine-v1,baseline-pilot-v3,v0.1.2-pilot-per,PER,UBI,baseline,0.1,high,r3,2034,0.23592764294907298,2.8367031021245914,13.047124846254377,37.86080347075935,216.11591970965898,,,,,False,frontier_exceeds_one;ai_rent_capture_impossible,False,1e-09
pilot_per_tierA_baseline_pilot_v3,deterministic-engine-v1,baseline-pilot-v3,v0.1.2-pilot-per,PER,UBI,debt_consistent,0.1,high,r3,2034,0.2430346143681104,2.922154588941022,13.44015019175388,38.52441050526031,222.66634213465068,,,,,False,frontier_exceeds_one;ai_rent_capture_impossible,False,1e-09
pilot_per_tierA_baseline_pilot_v3,deterministic-engine-v1,baseline-pilot-v3,v0.1.2-pilot-per,PER,UBI,baseline,0.25,high,r3,2034,0.2679645170099743,3.221902135586519,14.81880827567996,40.75367215541778,245.643976866752,,,,,False,frontier_exceeds_one;ai_rent_capture_impossible,False,1e-09
pilot_per_tierA_baseline_pilot_v3,deterministic-engine-v1,baseline-pilot-v3,v0.1.2-pilot-per,PER,UBI,debt_consistent,0.25,high,r3,2034,0.27507148842901175,3.3073536224029496,15.211833621179464,41.36307766356345,252.19439929174376,,,,,False,frontier_exceeds_one;ai_rent_capture_impossible,False,1e-09
pilot_per_tierA_baseline_pilot_v3,deterministic-engine-v1,baseline-pilot-v3,v0.1.2-pilot-per,PER,UBI,baseline,0.5,high,r3,2034,0.3213593071114766,3.863900524689732,17.771613991389266,45.08499546884712,294.85740546190715,,,,,False,frontier_exceeds_one;ai_rent_capture_impossible,False,1e-09
pilot_per_tierA_baseline_pilot_v3,deterministic-engine-v1,baseline-pilot-v3,v0.1.2-pilot-per,PER,UBI,debt_consistent,0.5,high,r3,2034,0.328466278530514,3.949352011506163,18.164639336888772,45.62214064836285,301.40782788689893,,,,,False,frontier_exceeds_one;ai_rent_capture_impossible,False,1e-09
pilot_per_tierA_baseline_pilot_v3,deterministic-engine-v1,baseline-pilot-v3,v0.1.2-pilot-per,PER,PEN,baseline,0.0,high,r4,2034,0.0065619339319905445,0.06267836260832281,0.36288401890249933,1.6041241051823165,4.383197444885841,,,,,False,frontier_exceeds_one;ai_rent_capture_impossible,False,1e-09
pilot_per_tierA_baseline_pilot_v3,deterministic-engine-v1,baseline-pilot-v3,v0.1.2-pilot-per,PER,PEN,debt_consistent,0.0,high,r4,2034,0.013668905351027971,0.13056282110275438,0.7559093644020028,3.2481383655058402,10.933619869877568,,,,,False,frontier_exceeds_one;ai_rent_capture_impossible,False,1e-09
pilot_per_tierA_baseline_pilot_v3,deterministic-engine-v1,baseline-pilot-v3,v0.1.2-pilot-per,PER,PEN,baseline,0.05,high,r4,2034,0.006840626195092535,0.06534037885290603,0.3782960863691409,1.6703499249111777,4.640065235996534,,,,,False,frontier_exceeds_one;ai_rent_capture_impossible,False,1e-09
pilot_per_tierA_baseline_pilot_v3,deterministic-engine-v1,baseline-pilot-v3,v0.1.2-pilot-per,PER,PEN,debt_consistent,0.05,high,r4,2034,0.013947597614129961,0.1332248373473376,0.7713214318686444,3.310778561015353,11.19048766098826,,,,,False,frontier_exceeds_one;ai_rent_capture_impossible,False,1e-09
pilot_per_tierA_baseline_pilot_v3,deterministic-engine-v1,baseline-pilot-v3,v0.1.2-pilot-per,PER,PEN,baseline,0.1,high,r4,2034,0.007119318458194525,0.06800239509748925,0.3937081538357825,1.7364269783354407,4.896933027107227,,,,,False,frontier_exceeds_one;ai_rent_capture_impossible,False,1e-09
pilot_per_tierA_baseline_pilot_v3,deterministic-engine-v1,baseline-pilot-v3,v0.1.2-pilot-per,PER,PEN,debt_consistent,0.1,high,r4,2034,0.014226289877231952,0.13588685359192082,0.786733499335286,3.3732864650656618,11.447355452098954,,,,,False,frontier_exceeds_one;ai_rent_capture_impossible,False,1e-09
pilot_per_tierA_baseline_pilot_v3,deterministic-engine-v1,baseline-pilot-v3,v0.1.2-pilot-per,PER,PEN,baseline,0.25,high,r4,2034,0.007955395247500496,0.0759884438312389,0.43994435623570727,1.9337725528596585,5.667536400439307,,,,,False,frontier_exceeds_one;ai_rent_capture_impossible,False,1e-09
pilot_per_tierA_baseline_pilot_v3,deterministic-engine-v1,baseline-pilot-v3,v0.1.2-pilot-per,PER,PEN,debt_consistent,0.25,high,r4,2034,0.015062366666537923,0.14387290232567046,0.8329697017352108,3.56002229299214,12.217958825431033,,,,,False,frontier_exceeds_one;ai_rent_capture_impossible,False,1e-09
pilot_per_tierA_baseline_pilot_v3,deterministic-engine-v1,baseline-pilot-v3,v0.1.2-pilot-per,PER,PEN,baseline,0.5,high,r4,2034,0.009348856563010446,0.08929852505415496,0.5170046935689151,2.2597712150608986,6.951875355992771,,,,,False,frontier_exceeds_one;ai_rent_capture_impossible,False,1e-09
pilot_per_tierA_baseline_pilot_v3,deterministic-engine-v1,baseline-pilot-v3,v0.1.2-pilot-per,PER,PEN,debt_consistent,0.5,high,r4,2034,0.016455827982047873,0.15718298354858654,0.9100300390684187,3.8686569900584793,13.502297780984499,,,,,False,frontier_exceeds_one;ai_rent_capture_impossible,False,1e-09
pilot_per_tierA_baseline_pilot_v3,deterministic-engine-v1,baseline-pilot-v3,v0.1.2-pilot-per,PER,GMI,baseline,0.0,high,r4,2034,0.04536518137612546,0.43331970689661947,2.5087572515402377,9.642780691139688,40.147751322181485,,,,,False,frontier_exceeds_one;ai_rent_capture_impossible,False,1e-09
pilot_per_tierA_baseline_pilot_v3,deterministic-engine-v1,baseline-pilot-v3,v0.1.2-pilot-per,PER,GMI,debt_consistent,0.0,high,r4,2034,0.05247215279516289,0.5012041653910511,2.901782597039741,10.907654145242555,46.69817374717321,,,,,False,frontier_exceeds_one;ai_rent_capture_impossible,False,1e-09
pilot_per_tierA_baseline_pilot_v3,deterministic-engine-v1,baseline-pilot-v3,v0.1.2-pilot-per,PER,GMI,baseline,0.05,high,r4,2034,0.04745558740859928,0.45328687338442253,2.624359595310257,10.02032495396924,42.07445705168181,,,,,False,frontier_exceeds_one;ai_rent_capture_impossible,False,1e-09
pilot_per_tierA_baseline_pilot_v3,deterministic-engine-v1,baseline-pilot-v3,v0.1.2-pilot-per,PER,GMI,debt_consistent,0.05,high,r4,2034,0.054562558827636706,0.5211713318788541,3.0173849408097606,11.26989932465033,48.624879476673534,,,,,False,frontier_exceeds_one;ai_rent_capture_impossible,False,1e-09
pilot_per_tierA_baseline_pilot_v3,deterministic-engine-v1,baseline-pilot-v3,v0.1.2-pilot-per,PER,GMI,baseline,0.1,high,r4,2034,0.04954599344107309,0.47325403987222553,2.7399619390802763,10.393229271911549,44.001162781182124,,,,,False,frontier_exceeds_one;ai_rent_capture_impossible,False,1e-09
pilot_per_tierA_baseline_pilot_v3,deterministic-engine-v1,baseline-pilot-v3,v0.1.2-pilot-per,PER,GMI,debt_consistent,0.1,high,r4,2034,0.05665296486011052,0.5411384983666571,3.13298728457978,11.627890100800439,50.55158520617386,,,,,False,frontier_exceeds_one;ai_rent_capture_impossible,False,1e-09
pilot_per_tierA_baseline_pilot_v3,deterministic-engine-v1,baseline-pilot-v3,v0.1.2-pilot-per,PER,GMI,baseline,0.25,high,r4,2034,0.055817211538494525,0.5331555393356345,3.086768970390334,11.48526754206571,49.781279969683084,,,,,False,frontier_exceeds_one;ai_rent_capture_impossible,False,1e-09
pilot_per_tierA_baseline_pilot_v3,deterministic-engine-v1,baseline-pilot-v3,v0.1.2-pilot-per,PER,GMI,debt_consistent,0.25,high,r4,2034,0.06292418295753195,0.6010399978300661,3.479794315889838,12.677358261867552,56.33170239467482,,,,,False,frontier_exceeds_one;ai_rent_capture_impossible,False,1e-09
pilot_per_tierA_baseline_pilot_v3,deterministic-engine-v1,baseline-pilot-v3,v0.1.2-pilot-per,PER,GMI,baseline,0.5,high,r4,2034,0.06626924170086361,0.6329913717746498,3.664780689240432,13.222772116631921,59.414808617184725,,,,,False,frontier_exceeds_one;ai_rent_capture_impossible,False,1e-09
pilot_per_tierA_baseline_pilot_v3,deterministic-engine-v1,baseline-pilot-v3,v0.1.2-pilot-per,PER,GMI,debt_consistent,0.5,high,r4,2034,0.07337621311990103,0.7008758302690813,4.057806034739936,14.35039159629816,65.96523104217646,,,,,False,frontier_exceeds_one;ai_rent_capture_impossible,False,1e-09
pilot_per_tierA_baseline_pilot_v3,deterministic-engine-v1,baseline-pilot-v3,v0.1.2-pilot-per,PER,MUT,baseline,0.0,high,r4,2034,0.054331095520221466,0.5189604377639399,3.0045846998908723,11.230000583515407,48.41154212802539,,,,,False,frontier_exceeds_one;ai_rent_capture_impossible,False,1e-09
pilot_per_tierA_baseline_pilot_v3,deterministic-engine-v1,baseline-pilot-v3,v0.1.2-pilot-per,PER,MUT,debt_consistent,0.0,high,r4,2034,0.06143806693925889,0.5868448962583714,3.397610045390376,12.43189701207567,54.961964553017125,,,,,False,frontier_exceeds_one;ai_rent_capture_impossible,False,1e-09
pilot_per_tierA_baseline_pilot_v3,deterministic-engine-v1,baseline-pilot-v3,v0.1.2-pilot-per,PER,MUT,baseline,0.05,high,r4,2034,0.057000835025296584,0.5444612889616449,3.1522249856763382,11.68705877402307,50.87221355778316,,,,,False,frontier_exceeds_one;ai_rent_capture_impossible,False,1e-09
pilot_per_tierA_baseline_pilot_v3,deterministic-engine-v1,baseline-pilot-v3,v0.1.2-pilot-per,PER,MUT,debt_consistent,0.05,high,r4,2034,0.064107806444334,0.6123457474560764,3.545250331175841,12.871459662954154,57.42263598277487,,,,,False,frontier_exceeds_one;ai_rent_capture_impossible,False,1e-09
pilot_per_tierA_baseline_pilot_v3,deterministic-engine-v1,baseline-pilot-v3,v0.1.2-pilot-per,PER,MUT,baseline,0.1,high,r4,2034,0.059670574530371695,0.5699621401593499,3.2998652714618033,12.137374832758143,53.33288498754091,,,,,False,frontier_exceeds_one;ai_rent_capture_impossible,False,1e-09
pilot_per_tierA_baseline_pilot_v3,deterministic-engine-v1,baseline-pilot-v3,v0.1.2-pilot-per,PER,MUT,debt_consistent,0.1,high,r4,2034,0.06677754594940913,0.6378465986537815,3.692890616961307,13.304809353642687,59.883307412532645,,,,,False,frontier_exceeds_one;ai_rent_capture_impossible,False,1e-09
pilot_per_tierA_baseline_pilot_v3,deterministic-engine-v1,baseline-pilot-v3,v0.1.2-pilot-per,PER,MUT,baseline,0.25,high,r4,2034,0.06767979304559703,0.6464646937524648,3.742786128818199,13.449889038438954,60.714899276814165,,,,,False,frontier_exceeds_one;ai_rent_capture_impossible,False,1e-09
pilot_per_tierA_baseline_pilot_v3,deterministic-engine-v1,baseline-pilot-v3,v0.1.2-pilot-per,PER,MUT,debt_consistent,0.25,high,r4,2034,0.07478676446463445,0.7143491522468963,4.135811474317702,14.569366114352192,67.26532170180589,,,,,False,frontier_exceeds_one;ai_rent_capture_impossible,False,1e-09
pilot_per_tierA_baseline_pilot_v3,deterministic-engine-v1,baseline-pilot-v3,v0.1.2-pilot-per,PER,MUT,baseline,0.5,high,r4,2034,0.0810284905709726,0.77396894974099,4.480987557745526,15.520116553132462,73.01825642560296,,,,,False,frontier_exceeds_one;ai_rent_capture_impossible,False,1e-09
pilot_per_tierA_baseline_pilot_v3,deterministic-engine-v1,baseline-pilot-v3,v0.1.2-pilot-per,PER,MUT,debt_consistent,0.5,high,r4,2034,0.08813546199001002,0.8418534082354214,4.8740129032450294,16.568262997717742,79.56867885059468,,,,,False,frontier_exceeds_one;ai_rent_capture_impossible,False,1e-09
pilot_per_tierA_baseline_pilot_v3,deterministic-engine-v1,baseline-pilot-v3,v0.1.2-pilot-per,PER,PBI,baseline,0.0,high,r4,2034,0.0805308201502137,0.7692152951911185,4.453465695403474,15.445374017079848,72.55955871990209,,,,,False,frontier_exceeds_one;ai_rent_capture_impossible,False,1e-09
pilot_per_tierA_baseline_pilot_v3,deterministic-engine-v1,baseline-pilot-v3,v0.1.2-pilot-per,PER,PBI,debt_consistent,0.0,high,r4,2034,0.08763779156925114,0.8370997536855501,4.846491040902978,16.496007592133417,79.10998114489382,,,,,False,frontier_exceeds_one;ai_rent_capture_impossible,False,1e-09
pilot_per_tierA_baseline_pilot_v3,deterministic-engine-v1,baseline-pilot-v3,v0.1.2-pilot-per,PER,PBI,baseline,0.05,high,r4,2034,0.08451554588678843,0.8072766483227225,4.673826537877519,16.038819826916406,76.23223942780284,,,,,False,frontier_exceeds_one;ai_rent_capture_impossible,False,1e-09
pilot_per_tierA_baseline_pilot_v3,deterministic-engine-v1,baseline-pilot-v3,v0.1.2-pilot-per,PER,PBI,debt_consistent,0.05,high,r4,2034,0.09162251730582585,0.875161106817154,5.066851883377022,17.06988212094012,82.78266185279456,,,,,False,frontier_exceeds_one;ai_rent_capture_impossible,False,1e-09
pilot_per_tierA_baseline_pilot_v3,deterministic-engine-v1,baseline-pilot-v3,v0.1.2-pilot-per,PER,PBI,baseline,0.1,high,r4,2034,0.08850027162336316,0.8453380014543265,4.894187380351564,16.62112217920352,79.90492013570359,,,,,False,frontier_exceeds_one;ai_rent_capture_impossible,False,1e-09
pilot_per_tierA_baseline_pilot_v3,deterministic-engine-v1,baseline-pilot-v3,v0.1.2-pilot-per,PER,PBI,debt_consistent,0.1,high,r4,2034,0.09560724304240059,0.9132224599487582,5.2872127258510675,17.633367328650973,86.45534256069531,,,,,False,frontier_exceeds_one;ai_rent_capture_impossible,False,1e-09
pilot_per_tierA_baseline_pilot_v3,deterministic-engine-v1,baseline-pilot-v3,v0.1.2-pilot-per,PER,PBI,baseline,0.25,high,r4,2034,0.10045444883308732,0.9595220608491384,5.555269907773698,18.30537205426641,90.92296225940582,,,,,False,frontier_exceeds_one;ai_rent_capture_impossible,False,1e-09
pilot_per_tierA_baseline_pilot_v3,deterministic-engine-v1,baseline-pilot-v3,v0.1.2-pilot-per,PER,PBI,debt_consistent,0.25,high,r4,2034,0.10756142025212476,1.02740651934357,5.948295253273201,19.265272042971276,97.47338468439754,,,,,False,frontier_exceeds_one;ai_rent_capture_impossible,False,1e-09
pilot_per_tierA_baseline_pilot_v3,deterministic-engine-v1,baseline-pilot-v3,v0.1.2-pilot-per,PER,PBI,baseline,0.5,high,r4,2034,0.12037807751596095,1.1498288265071583,6.657074120143922,20.925475101439673,109.28636579890956,,,,,False,frontier_exceeds_one;ai_rent_capture_impossible,False,1e-09
pilot_per_tierA_baseline_pilot_v3,deterministic-engine-v1,baseline-pilot-v3,v0.1.2-pilot-per,PER,PBI,debt_consistent,0.5,high,r4,2034,0.12748504893499837,1.21771328500159,7.0500994656434255,21.80973763240949,115.83678822390128,,,,,False,frontier_exceeds_one;ai_rent_capture_impossible,False,1e-09
pilot_per_tierA_baseline_pilot_v3,deterministic-engine-v1,baseline-pilot-v3,v0.1.2-pilot-per,PER,UBI,baseline,0.0,high,r4,2034,0.21455772690847208,2.0494151795745466,11.865338943379575,31.02833225591126,196.09077951950377,,,,,False,frontier_exceeds_one;ai_rent_capture_impossible,False,1e-09
pilot_per_tierA_baseline_pilot_v3,deterministic-engine-v1,baseline-pilot-v3,v0.1.2-pilot-per,PER,UBI,debt_consistent,0.0,high,r4,2034,0.2216646983275095,2.117299638068978,12.25836428887908,31.676565397022504,202.6412019444955,,,,,False,frontier_exceeds_one;ai_rent_capture_impossible,False,1e-09
pilot_per_tierA_baseline_pilot_v3,deterministic-engine-v1,baseline-pilot-v3,v0.1.2-pilot-per,PER,UBI,baseline,0.05,high,r4,2034,0.22523668492877255,2.151418584365367,12.455900086521437,31.9975858876434,205.9334652385348,,,,,False,frontier_exceeds_one;ai_rent_capture_impossible,False,1e-09
pilot_per_tierA_baseline_pilot_v3,deterministic-engine-v1,baseline-pilot-v3,v0.1.2-pilot-per,PER,UBI,debt_consistent,0.05,high,r4,2034,0.23234365634780998,2.2193030428597984,12.848925432020941,32.62710511287861,212.48388766352653,,,,,False,frontier_exceeds_one;ai_rent_capture_impossible,False,1e-09
pilot_per_tierA_baseline_pilot_v3,deterministic-engine-v1,baseline-pilot-v3,v0.1.2-pilot-per,PER,UBI,baseline,0.1,high,r4,2034,0.235915642949073,2.2534219891561866,13.046461229663299,32.9390048137782,215.77615095756582,,,,,False,frontier_exceeds_one;ai_rent_capture_impossible,False,1e-09
pilot_per_tierA_baseline_pilot_v3,deterministic-engine-v1,baseline-pilot-v3,v0.1.2-pilot-per,PER,UBI,debt_consistent,0.1,high,r4,2034,0.24302261436811043,2.3213064476506187,13.439486575162803,33.55091526026991,222.32657338255757,,,,,False,frontier_exceeds_one;ai_rent_capture_impossible,False,1e-09
pilot_per_tierA_baseline_pilot_v3,deterministic-engine-v1,baseline-pilot-v3,v0.1.2-pilot-per,PER,UBI,baseline,0.25,high,r4,2034,0.2679525170099743,2.5594322035286465,14.81814465908888,35.61191284986849,245.30420811465885,,,,,False,frontier_exceeds_one;ai_rent_capture_impossible,False,1e-09
pilot_per_tierA_baseline_pilot_v3,deterministic-engine-v1,baseline-pilot-v3,v0.1.2-pilot-per,PER,UBI,debt_consistent,0.25,high,r4,2034,0.27505948842901173,2.627316662023078,15.211170004588384,36.176715246511755,251.85463053965057,,,,,False,frontier_exceeds_one;ai_rent_capture_impossible,False,1e-09
pilot_per_tierA_baseline_pilot_v3,deterministic-engine-v1,baseline-pilot-v3,v0.1.2-pilot-per,PER,UBI,baseline,0.5,high,r4,2034,0.3213473071114766,3.0694492274827465,17.77095037479819,39.63832740323796,294.51763670981404,,,,,False,frontier_exceeds_one;ai_rent_capture_impossible,False,1e-09
pilot_per_tierA_baseline_pilot_v3,deterministic-engine-v1,baseline-pilot-v3,v0.1.2-pilot-per,PER,UBI,debt_consistent,0.5,high,r4,2034,0.328454278530514,3.1373336859771785,18.163975720297692,40.13953486421497,301.06805913480576,,,,,False,frontier_exceeds_one;ai_rent_capture_impossible,False,1e-09
pilot_per_tierA_baseline_pilot_v3,deterministic-engine-v1,baseline-pilot-v3,v0.1.2-pilot-per,PER,PEN,baseline,0.0,stress,r0,2034,0.006601933931990545,0.08356178077120258,0.09034070076733879,0.5371763659965165,0.11334079904781344,0.1259904430765968,0.1617298034308223,,0.1252236481878698,True,,False,1e-09
pilot_per_tierA_baseline_pilot_v3,deterministic-engine-v1,baseline-pilot-v3,v0.1.2-pilot-per,PER,PEN,debt_consistent,0.0,stress,r0,2034,0.013708905351027971,0.17351590539325104,0.18759232202609705,1.0752747551937407,1.085857011635396,,,,,False,frontier_exceeds_one;ai_rent_capture_impossible,False,1e-09
pilot_per_tierA_baseline_pilot_v3,deterministic-engine-v1,baseline-pilot-v3,v0.1.2-pilot-per,PER,PEN,baseline,0.05,stress,r0,2034,0.006880626195092535,0.08708923530677641,0.09415431880811766,0.5590220920653717,0.15147697945560215,0.13111418437054753,0.17880894107732476,,0.13031620569908087,True,,False,1e-09
pilot_per_tierA_baseline_pilot_v3,deterministic-engine-v1,baseline-pilot-v3,v0.1.2-pilot-per,PER,PEN,debt_consistent,0.05,stress,r0,2034,0.013987597614129961,0.17704335992882486,0.19140594006687592,1.0956097167481136,1.1239931920431847,,,,,False,frontier_exceeds_one;ai_rent_capture_impossible,False,1e-09
pilot_per_tierA_baseline_pilot_v3,deterministic-engine-v1,baseline-pilot-v3,v0.1.2-pilot-per,PER,PEN,baseline,0.1,stress,r0,2034,0.007159318458194525,0.09061668984235023,0.09796793684889654,0.5808041133089452,0.189613159863391,0.1362229842044209,0.1958382738569026,,0.1353939126859621,True,,False,1e-09
pilot_per_tierA_baseline_pilot_v3,deterministic-engine-v1,baseline-pilot-v3,v0.1.2-pilot-per,PER,PEN,debt_consistent,0.1,stress,r0,2034,0.014266289877231952,0.1805708144643987,0.19521955810765482,1.1158899048376856,1.1621293724509736,,,,,False,frontier_exceeds_one;ai_rent_capture_impossible,False,1e-09
pilot_per_tierA_baseline_pilot_v3,deterministic-engine-v1,baseline-pilot-v3,v0.1.2-pilot-per,PER,PEN,baseline,0.25,stress,r0,2034,0.007995395247500496,0.10119905344907174,0.10940879097123317,0.6457718390577744,0.30402170108675725,0.15146064754159497,0.24663048498081622,,0.15053883754246233,True,,False,1e-09
pilot_per_tierA_baseline_pilot_v3,deterministic-engine-v1,baseline-pilot-v3,v0.1.2-pilot-per,PER,PEN,debt_consistent,0.25,stress,r0,2034,0.015102366666537923,0.1911531780711202,0.20666041222999143,1.176404920303435,1.2765379136743398,,,,,False,frontier_exceeds_one;ai_rent_capture_impossible,False,1e-09
pilot_per_tierA_baseline_pilot_v3,deterministic-engine-v1,baseline-pilot-v3,v0.1.2-pilot-per,PER,PEN,baseline,0.5,stress,r0,2034,0.009388856563010447,0.11883632612694087,0.1284768811751275,0.7528130645629232,0.4947026031257007,0.17656631560440825,0.3303160451901938,,0.17549170911273418,True,,False,1e-09
pilot_per_tierA_baseline_pilot_v3,deterministic-engine-v1,baseline-pilot-v3,v0.1.2-pilot-per,PER,PEN,debt_consistent,0.5,stress,r0,2034,0.01649582798204787,0.2087904507489893,0.22572850243388576,1.2761962741206048,1.467218815713283,,,,,False,frontier_exceeds_one;ai_rent_capture_impossible,False,1e-09
pilot_per_tierA_baseline_pilot_v3,deterministic-engine-v1,baseline-pilot-v3,v0.1.2-pilot-per,PER,GMI,baseline,0.0,stress,r0,2034,0.045465181376125464,0.5754603966067378,0.6221444183393893,3.1002435965220694,5.431377974768319,,,,,False,frontier_exceeds_one;ai_rent_capture_impossible,False,1e-09
pilot_per_tierA_baseline_pilot_v3,deterministic-engine-v1,baseline-pilot-v3,v0.1.2-pilot-per,PER,GMI,debt_consistent,0.0,stress,r0,2034,0.05257215279516289,0.6654145212287862,0.7193960395981476,3.4887124132886904,6.403894187355901,,,,,False,frontier_exceeds_one;ai_rent_capture_impossible,False,1e-09
pilot_per_tierA_baseline_pilot_v3,deterministic-engine-v1,baseline-pilot-v3,v0.1.2-pilot-per,PER,GMI,baseline,0.05,stress,r0,2034,0.04755558740859928,0.6019190150067115,0.6507494828261552,3.216535455595399,5.717428619635978,,,,,False,frontier_exceeds_one;ai_rent_capture_impossible,False,1e-09
pilot_per_tierA_baseline_pilot_v3,deterministic-engine-v1,baseline-pilot-v3,v0.1.2-pilot-per,PER,GMI,debt_consistent,0.05,stress,r0,2034,0.05466255882763671,0.6918731396287601,0.7480011040849134,3.5993801144359177,6.68994483222356,,,,,False,frontier_exceeds_one;ai_rent_capture_impossible,False,1e-09
pilot_per_tierA_baseline_pilot_v3,deterministic-engine-v1,baseline-pilot-v3,v0.1.2-pilot-per,PER,GMI,baseline,0.1,stress,r0,2034,0.049645993441073094,0.6283776334066853,0.6793545473129209,3.3311112923755912,6.003479264503635,,,,,False,frontier_exceeds_one;ai_rent_capture_impossible,False,1e-09
pilot_per_tierA_baseline_pilot_v3,deterministic-engine-v1,baseline-pilot-v3,v0.1.2-pilot-per,PER,GMI,debt_consistent,0.1,stress,r0,2034,0.05675296486011052,0.7183317580287337,0.7766061685716792,3.7085010106831424,6.9759954770912165,,,,,False,frontier_exceeds_one;ai_rent_capture_impossible,False,1e-09
pilot_per_tierA_baseline_pilot_v3,deterministic-engine-v1,baseline-pilot-v3,v0.1.2-pilot-per,PER,GMI,baseline,0.25,stress,r0,2034,0.05591721153849453,0.7077534886066065,0.7651697407732181,3.6650566717924677,6.861631199106606,,,,,False,frontier_exceeds_one;ai_rent_capture_impossible,False,1e-09
pilot_per_tierA_baseline_pilot_v3,deterministic-engine-v1,baseline-pilot-v3,v0.1.2-pilot-per,PER,GMI,debt_consistent,0.25,stress,r0,2034,0.06302418295753195,0.797707613228655,0.8624213620319764,4.027022613563243,7.83414741169419,,,,,False,frontier_exceeds_one;ai_rent_capture_impossible,False,1e-09
pilot_per_tierA_baseline_pilot_v3,deterministic-engine-v1,baseline-pilot-v3,v0.1.2-pilot-per,PER,GMI,baseline,0.5,stress,r0,2034,0.0663692417008636,0.8400465806064754,0.908195063207047,4.1917791870206775,8.291884423444895,,,,,False,frontier_exceeds_one;ai_rent_capture_impossible,False,1e-09
pilot_per_tierA_baseline_pilot_v3,deterministic-engine-v1,baseline-pilot-v3,v0.1.2-pilot-per,PER,GMI,debt_consistent,0.5,stress,r0,2034,0.07347621311990102,0.9300007052285237,1.0054466844658052,4.530791274847434,9.264400636032477,,,,,False,frontier_exceeds_one;ai_rent_capture_impossible,False,1e-09
pilot_per_tierA_baseline_pilot_v3,deterministic-engine-v1,baseline-pilot-v3,v0.1.2-pilot-per,PER,MUT,baseline,0.0,stress,r0,2034,0.05435609552022147,0.6879941823455676,0.7438074677600764,3.5832535739930074,6.64800846897519,,,,,False,frontier_exceeds_one;ai_rent_capture_impossible,False,1e-09
pilot_per_tierA_baseline_pilot_v3,deterministic-engine-v1,baseline-pilot-v3,v0.1.2-pilot-per,PER,MUT,debt_consistent,0.0,stress,r0,2034,0.0614630669392589,0.7779483069676161,0.8410590890188347,3.948933397872371,7.620524681562772,,,,,False,frontier_exceeds_one;ai_rent_capture_impossible,False,1e-09
pilot_per_tierA_baseline_pilot_v3,deterministic-engine-v1,baseline-pilot-v3,v0.1.2-pilot-per,PER,MUT,baseline,0.05,stress,r0,2034,0.05702583502529659,0.72178552129828,0.780340117168462,3.722633299504702,7.013334963059045,,,,,False,frontier_exceeds_one;ai_rent_capture_impossible,False,1e-09
pilot_per_tierA_baseline_pilot_v3,deterministic-engine-v1,baseline-pilot-v3,v0.1.2-pilot-per,PER,MUT,debt_consistent,0.05,stress,r0,2034,0.06413280644433401,0.8117396459203284,0.8775917384272203,4.0820098084564815,7.985851175646627,,,,,False,frontier_exceeds_one;ai_rent_capture_impossible,False,1e-09
pilot_per_tierA_baseline_pilot_v3,deterministic-engine-v1,baseline-pilot-v3,v0.1.2-pilot-per,PER,MUT,baseline,0.1,stress,r0,2034,0.0596955745303717,0.7555768602509924,0.8168727665768474,3.8595725257910507,7.378661457142899,,,,,False,frontier_exceeds_one;ai_rent_capture_impossible,False,1e-09
pilot_per_tierA_baseline_pilot_v3,deterministic-engine-v1,baseline-pilot-v3,v0.1.2-pilot-per,PER,MUT,debt_consistent,0.1,stress,r0,2034,0.06680254594940913,0.8455309848730408,0.9141243878356056,4.212870832898828,8.35117766973048,,,,,False,frontier_exceeds_one;ai_rent_capture_impossible,False,1e-09
pilot_per_tierA_baseline_pilot_v3,deterministic-engine-v1,baseline-pilot-v3,v0.1.2-pilot-per,PER,MUT,baseline,0.25,stress,r0,2034,0.06770479304559703,0.8569508771091292,0.9264707148020034,4.256608465744818,8.47464093939446,,,,,False,frontier_exceeds_one;ai_rent_capture_impossible,False,1e-09
pilot_per_tierA_baseline_pilot_v3,deterministic-engine-v1,baseline-pilot-v3,v0.1.2-pilot-per,PER,MUT,debt_consistent,0.25,stress,r0,2034,0.07481176446463444,0.9469050017311775,1.0237223360607615,4.592906559157672,9.447157151982038,,,,,False,frontier_exceeds_one;ai_rent_capture_impossible,False,1e-09
pilot_per_tierA_baseline_pilot_v3,deterministic-engine-v1,baseline-pilot-v3,v0.1.2-pilot-per,PER,MUT,baseline,0.5,stress,r0,2034,0.0810534905709726,1.0259075718726909,1.1091339618439304,4.8769191817375255,10.301273409813728,,,,,False,frontier_exceeds_one;ai_rent_capture_impossible,False,1e-09
pilot_per_tierA_baseline_pilot_v3,deterministic-engine-v1,baseline-pilot-v3,v0.1.2-pilot-per,PER,MUT,debt_consistent,0.5,stress,r0,2034,0.08816046199001001,1.1158616964947394,1.2063855831026886,5.188411903745709,11.27378962240131,,,,,False,frontier_exceeds_one;ai_rent_capture_impossible,False,1e-09
pilot_per_tierA_baseline_pilot_v3,deterministic-engine-v1,baseline-pilot-v3,v0.1.2-pilot-per,PER,PBI,baseline,0.0,stress,r0,2034,0.08055582015021372,1.0196084742106781,1.1023238521055287,4.854643149198569,10.233172312429712,,,,,False,frontier_exceeds_one;ai_rent_capture_impossible,False,1e-09
pilot_per_tierA_baseline_pilot_v3,deterministic-engine-v1,baseline-pilot-v3,v0.1.2-pilot-per,PER,PBI,debt_consistent,0.0,stress,r0,2034,0.08766279156925114,1.1095625988327265,1.199575473364287,5.1669913318667815,11.205688525017294,,,,,False,frontier_exceeds_one;ai_rent_capture_impossible,False,1e-09
pilot_per_tierA_baseline_pilot_v3,deterministic-engine-v1,baseline-pilot-v3,v0.1.2-pilot-per,PER,PBI,baseline,0.05,stress,r0,2034,0.08454054588678844,1.0700438135920027,1.1568507406076185,5.031276116212897,10.77844119745061,,,,,False,frontier_exceeds_one;ai_rent_capture_impossible,False,1e-09
pilot_per_tierA_baseline_pilot_v3,deterministic-engine-v1,baseline-pilot-v3,v0.1.2-pilot-per,PER,PBI,debt_consistent,0.05,stress,r0,2034,0.09164751730582588,1.1599979382140513,1.254102361866377,5.336910783993866,11.750957410038193,,,,,False,frontier_exceeds_one;ai_rent_capture_impossible,False,1e-09
pilot_per_tierA_baseline_pilot_v3,deterministic-engine-v1,baseline-pilot-v3,v0.1.2-pilot-per,PER,PBI,baseline,0.1,stress,r0,2034,0.08852527162336317,1.1204791529733273,1.2113776291097083,5.204077498538333,11.323710082471507,,,,,False,frontier_exceeds_one;ai_rent_capture_impossible,False,1e-09
pilot_per_tierA_baseline_pilot_v3,deterministic-engine-v1,baseline-pilot-v3,v0.1.2-pilot-per,PER,PBI,debt_consistent,0.1,stress,r0,2034,0.09563224304240059,1.2104332775953757,1.3086292503684664,5.503296219788858,12.296226295059089,,,,,False,frontier_exceeds_one;ai_rent_capture_impossible,False,1e-09
pilot_per_tierA_baseline_pilot_v3,deterministic-engine-v1,baseline-pilot-v3,v0.1.2-pilot-per,PER,PBI,baseline,0.25,stress,r0,2034,0.10047944883308733,1.271785171117301,1.374958294615977,5.701149467224842,12.959516737534194,,,,,False,frontier_exceeds_one;ai_rent_capture_impossible,False,1e-09
pilot_per_tierA_baseline_pilot_v3,deterministic-engine-v1,baseline-pilot-v3,v0.1.2-pilot-per,PER,PBI,debt_consistent,0.25,stress,r0,2034,0.10758642025212475,1.3617392957393493,1.4722099158747353,5.98271737982396,13.932032950121776,,,,,False,frontier_exceeds_one;ai_rent_capture_impossible,False,1e-09
pilot_per_tierA_baseline_pilot_v3,deterministic-engine-v1,baseline-pilot-v3,v0.1.2-pilot-per,PER,PBI,baseline,0.5,stress,r0,2034,0.12040307751596097,1.523961868023924,1.6475927371264254,6.466944748489387,15.685861162638679,,,,,False,frontier_exceeds_one;ai_rent_capture_impossible,False,1e-09
pilot_per_tierA_baseline_pilot_v3,deterministic-engine-v1,baseline-pilot-v3,v0.1.2-pilot-per,PER,PBI,debt_consistent,0.5,stress,r0,2034,0.1275100489349984,1.6139159926459725,1.7448443583851838,6.723504995990303,16.658377375226262,,,,,False,frontier_exceeds_one;ai_rent_capture_impossible,False,1e-09
pilot_per_tierA_baseline_pilot_v3,deterministic-engine-v1,baseline-pilot-v3,v0.1.2-pilot-per,PER,UBI,baseline,0.0,stress,r0,2034,0.21457272690847207,2.7158828534351565,2.9362078921358616,9.351071306237234,28.57201271273304,,,,,False,frontier_exceeds_one;ai_rent_capture_impossible,False,1e-09
pilot_per_tierA_baseline_pilot_v3,deterministic-engine-v1,baseline-pilot-v3,v0.1.2-pilot-per,PER,UBI,debt_consistent,0.0,stress,r0,2034,0.2216796983275095,2.8058369780572052,3.03345951339462,9.533120636185206,29.544528925320623,,,,,False,frontier_exceeds_one;ai_rent_capture_impossible,False,1e-09
pilot_per_tierA_baseline_pilot_v3,deterministic-engine-v1,baseline-pilot-v3,v0.1.2-pilot-per,PER,UBI,baseline,0.05,stress,r0,2034,0.22525168492877254,2.851048209246006,3.0823384897694037,9.62316146102794,30.033318689068462,,,,,False,frontier_exceeds_one;ai_rent_capture_impossible,False,1e-09
pilot_per_tierA_baseline_pilot_v3,deterministic-engine-v1,baseline-pilot-v3,v0.1.2-pilot-per,PER,UBI,debt_consistent,0.05,stress,r0,2034,0.23235865634780997,2.9410023338680547,3.179590111028162,9.799516035910743,31.005834901656044,,,,,False,frontier_exceeds_one;ai_rent_capture_impossible,False,1e-09
pilot_per_tierA_baseline_pilot_v3,deterministic-engine-v1,baseline-pilot-v3,v0.1.2-pilot-per,PER,UBI,baseline,0.1,stress,r0,2034,0.23593064294907298,2.9862135650568553,3.228469087402945,9.886788548437488,31.494624665403872,,,,,False,frontier_exceeds_one;ai_rent_capture_impossible,False,1e-09
pilot_per_tierA_baseline_pilot_v3,deterministic-engine-v1,baseline-pilot-v3,v0.1.2-pilot-per,PER,UBI,debt_consistent,0.1,stress,r0,2034,0.24303761436811042,3.076167689678904,3.3257207086617036,10.057811827616336,32.46714087799146,,,,,False,frontier_exceeds_one;ai_rent_capture_impossible,False,1e-09
pilot_per_tierA_baseline_pilot_v3,deterministic-engine-v1,baseline-pilot-v3,v0.1.2-pilot-per,PER,UBI,baseline,0.25,stress,r0,2034,0.26796751700997434,3.3917096324894036,3.66686088030357,10.632017791798182,35.87854259441012,,,,,False,frontier_exceeds_one;ai_rent_capture_impossible,False,1e-09
pilot_per_tierA_baseline_pilot_v3,deterministic-engine-v1,baseline-pilot-v3,v0.1.2-pilot-per,PER,UBI,debt_consistent,0.25,stress,r0,2034,0.2750744884290118,3.481663757111452,3.7641125015623285,10.788905767057981,36.851058806997706,,,,,False,frontier_exceeds_one;ai_rent_capture_impossible,False,1e-09
pilot_per_tierA_baseline_pilot_v3,deterministic-engine-v1,baseline-pilot-v3,v0.1.2-pilot-per,PER,UBI,baseline,0.5,stress,r0,2034,0.3213623071114766,4.06753641154365,4.397513868471278,11.746398134300186,43.1850724760872,,,,,False,frontier_exceeds_one;ai_rent_capture_impossible,False,1e-09
pilot_per_tierA_baseline_pilot_v3,deterministic-engine-v1,baseline-pilot-v3,v0.1.2-pilot-per,PER,UBI,debt_consistent,0.5,stress,r0,2034,0.32846927853051405,4.1574905361656995,4.494765489730037,11.884490090980638,44.15758868867479,,,,,False,frontier_exceeds_one;ai_rent_capture_impossible,False,1e-09
pilot_per_tierA_baseline_pilot_v3,deterministic-engine-v1,baseline-pilot-v3,v0.1.2-pilot-per,PER,PEN,baseline,0.0,stress,r1,2034,0.0065819339319905445,0.0789703787043198,0.09006702126161219,0.5086454770596693,0.06720150701011687,0.11929875000408967,0.13942415985579854,,0.11857268166476519,True,,False,1e-09
pilot_per_tierA_baseline_pilot_v3,deterministic-engine-v1,baseline-pilot-v3,v0.1.2-pilot-per,PER,PEN,debt_consistent,0.0,stress,r1,2034,0.013688905351027972,0.1642401839319802,0.18731864252037048,1.021538659674736,1.0397177195976997,,,,,False,frontier_exceeds_one;ai_rent_capture_impossible,False,1e-09
pilot_per_tierA_baseline_pilot_v3,deterministic-engine-v1,baseline-pilot-v3,v0.1.2-pilot-per,PER,PEN,baseline,0.05,stress,r1,2034,0.006860626195092535,0.08231414267802961,0.09388063930239107,0.5294343477922567,0.10533768741790572,0.12417461428488463,0.15567704079178177,,0.12341887077585945,True,,False,1e-09
pilot_per_tierA_baseline_pilot_v3,deterministic-engine-v1,baseline-pilot-v3,v0.1.2-pilot-per,PER,PEN,debt_consistent,0.05,stress,r1,2034,0.01396759761412996,0.16758394790568998,0.19113226056114932,1.0409540172152967,1.077853900005488,,,,,False,frontier_exceeds_one;ai_rent_capture_impossible,False,1e-09
pilot_per_tierA_baseline_pilot_v3,deterministic-engine-v1,baseline-pilot-v3,v0.1.2-pilot-per,PER,PEN,baseline,0.1,stress,r1,2034,0.007139318458194525,0.0856579066517394,0.09769425734316994,0.5501654949726541,0.14347386782569443,0.12903693996563226,0.1718847930609405,,0.128251603684658,True,,False,1e-09
pilot_per_tierA_baseline_pilot_v3,deterministic-engine-v1,baseline-pilot-v3,v0.1.2-pilot-per,PER,PEN,debt_consistent,0.1,stress,r1,2034,0.014246289877231953,0.1709277118793998,0.19494587860192822,1.0603193970064813,1.1159900804132772,,,,,False,frontier_exceeds_one;ai_rent_capture_impossible,False,1e-09
pilot_per_tierA_baseline_pilot_v3,deterministic-engine-v1,baseline-pilot-v3,v0.1.2-pilot-per,PER,PEN,baseline,0.25,stress,r1,2034,0.007975395247500495,0.09568919857286882,0.10913511146550656,0.6120159534913001,0.25788240904906057,0.14354347306793908,0.22023990340196323,,0.14266984806381974,True,,False,1e-09
pilot_per_tierA_baseline_pilot_v3,deterministic-engine-v1,baseline-pilot-v3,v0.1.2-pilot-per,PER,PEN,debt_consistent,0.25,stress,r1,2034,0.015082366666537922,0.1809590038005292,0.20638673272426483,1.1181183669303798,1.2303986216366432,,,,,False,frontier_exceeds_one;ai_rent_capture_impossible,False,1e-09
pilot_per_tierA_baseline_pilot_v3,deterministic-engine-v1,baseline-pilot-v3,v0.1.2-pilot-per,PER,PEN,baseline,0.5,stress,r1,2034,0.009368856563010446,0.11240801844141783,0.1282032016694009,0.7139764825632213,0.4485633110880041,0.16745750419294095,0.2999533404853028,,0.16643833515990816,True,,False,1e-09
pilot_per_tierA_baseline_pilot_v3,deterministic-engine-v1,baseline-pilot-v3,v0.1.2-pilot-per,PER,PEN,debt_consistent,0.5,stress,r1,2034,0.016475827982047872,0.1976778236690782,0.2254548229281592,1.2134752717469413,1.4210795236755869,,,,,False,frontier_exceeds_one;ai_rent_capture_impossible,False,1e-09
pilot_per_tierA_baseline_pilot_v3,deterministic-engine-v1,baseline-pilot-v3,v0.1.2-pilot-per,PER,GMI,baseline,0.0,stress,r1,2034,0.04541518137612546,0.544893660321711,0.6214602195750728,2.963686838533405,5.381133490144722,,,,,False,frontier_exceeds_one;ai_rent_capture_impossible,False,1e-09
pilot_per_tierA_baseline_pilot_v3,deterministic-engine-v1,baseline-pilot-v3,v0.1.2-pilot-per,PER,GMI,debt_consistent,0.0,stress,r1,2034,0.05252215279516289,0.6301634655493714,0.7187118408338311,3.3387841215088008,6.353649702732305,,,,,False,frontier_exceeds_one;ai_rent_capture_impossible,False,1e-09
pilot_per_tierA_baseline_pilot_v3,deterministic-engine-v1,baseline-pilot-v3,v0.1.2-pilot-per,PER,GMI,baseline,0.05,stress,r1,2034,0.04750558740859928,0.5699744584178303,0.6500652840618386,3.075911787554232,5.667184135012381,,,,,False,frontier_exceeds_one;ai_rent_capture_impossible,False,1e-09
pilot_per_tierA_baseline_pilot_v3,deterministic-engine-v1,baseline-pilot-v3,v0.1.2-pilot-per,PER,GMI,debt_consistent,0.05,stress,r1,2034,0.05461255882763671,0.6552442636454908,0.7473169053205969,3.445752141140779,6.639700347599963,,,,,False,frontier_exceeds_one;ai_rent_capture_impossible,False,1e-09
pilot_per_tierA_baseline_pilot_v3,deterministic-engine-v1,baseline-pilot-v3,v0.1.2-pilot-per,PER,GMI,baseline,0.1,stress,r1,2034,0.04959599344107309,0.5950552565139497,0.6786703485486044,3.1865346390969997,5.953234779880039,,,,,False,frontier_exceeds_one;ai_rent_capture_impossible,False,1e-09
pilot_per_tierA_baseline_pilot_v3,deterministic-engine-v1,baseline-pilot-v3,v0.1.2-pilot-per,PER,GMI,debt_consistent,0.1,stress,r1,2034,0.05670296486011052,0.6803250617416101,0.7759219698073627,3.551271249574714,6.925750992467622,,,,,False,frontier_exceeds_one;ai_rent_capture_impossible,False,1e-09
pilot_per_tierA_baseline_pilot_v3,deterministic-engine-v1,baseline-pilot-v3,v0.1.2-pilot-per,PER,GMI,baseline,0.25,stress,r1,2034,0.05586721153849453,0.6702976508023076,0.7644855420089016,3.5092554450672986,6.81138671448301,,,,,False,frontier_exceeds_one;ai_rent_capture_impossible,False,1e-09
pilot_per_tierA_baseline_pilot_v3,deterministic-engine-v1,baseline-pilot-v3,v0.1.2-pilot-per,PER,GMI,debt_consistent,0.25,stress,r1,2034,0.06297418295753196,0.7555674560299681,0.86173716326766,3.8595347464174954,7.783902927070595,,,,,False,frontier_exceeds_one;ai_rent_capture_impossible,False,1e-09
pilot_per_tierA_baseline_pilot_v3,deterministic-engine-v1,baseline-pilot-v3,v0.1.2-pilot-per,PER,GMI,baseline,0.5,stress,r1,2034,0.0663192417008636,0.7957016412829044,0.9075108644427307,4.0191302948156835,8.2416399388213,,,,,False,frontier_exceeds_one;ai_rent_capture_impossible,False,1e-09
pilot_per_tierA_baseline_pilot_v3,deterministic-engine-v1,baseline-pilot-v3,v0.1.2-pilot-per,PER,GMI,debt_consistent,0.5,stress,r1,2034,0.07342621311990102,0.8809714465105647,1.0047624857014887,4.347821499679729,9.214156151408881,,,,,False,frontier_exceeds_one;ai_rent_capture_impossible,False,1e-09
pilot_per_tierA_baseline_pilot_v3,deterministic-engine-v1,baseline-pilot-v3,v0.1.2-pilot-per,PER,MUT,baseline,0.0,stress,r1,2034,0.054343595520221465,0.6520172281778581,0.7436364180689973,3.432071138939234,6.602895475083967,,,,,False,frontier_exceeds_one;ai_rent_capture_impossible,False,1e-09
pilot_per_tierA_baseline_pilot_v3,deterministic-engine-v1,baseline-pilot-v3,v0.1.2-pilot-per,PER,MUT,debt_consistent,0.0,stress,r1,2034,0.06145056693925889,0.7372870334055186,0.8408880393277556,3.785750624169884,7.57541168767155,,,,,False,frontier_exceeds_one;ai_rent_capture_impossible,False,1e-09
pilot_per_tierA_baseline_pilot_v3,deterministic-engine-v1,baseline-pilot-v3,v0.1.2-pilot-per,PER,MUT,baseline,0.05,stress,r1,2034,0.05701333502529658,0.6840488987987002,0.7801690674773828,3.56681703687812,6.968221969167822,,,,,False,frontier_exceeds_one;ai_rent_capture_impossible,False,1e-09
pilot_per_tierA_baseline_pilot_v3,deterministic-engine-v1,baseline-pilot-v3,v0.1.2-pilot-per,PER,MUT,debt_consistent,0.05,stress,r1,2034,0.064120306444334,0.7693187040263606,0.877420688736141,3.91458371030147,7.940738181755404,,,,,False,frontier_exceeds_one;ai_rent_capture_impossible,False,1e-09
pilot_per_tierA_baseline_pilot_v3,deterministic-engine-v1,baseline-pilot-v3,v0.1.2-pilot-per,PER,MUT,baseline,0.1,stress,r1,2034,0.059683074530371694,0.7160805694195423,0.8167017168857682,3.699275711024406,7.3335484632516765,,,,,False,frontier_exceeds_one;ai_rent_capture_impossible,False,1e-09
pilot_per_tierA_baseline_pilot_v3,deterministic-engine-v1,baseline-pilot-v3,v0.1.2-pilot-per,PER,MUT,debt_consistent,0.1,stress,r1,2034,0.06679004594940913,0.8013503746472028,0.9139533381445265,4.0413344917912895,8.30606467583926,,,,,False,frontier_exceeds_one;ai_rent_capture_impossible,False,1e-09
pilot_per_tierA_baseline_pilot_v3,deterministic-engine-v1,baseline-pilot-v3,v0.1.2-pilot-per,PER,MUT,baseline,0.25,stress,r1,2034,0.06769229304559703,0.8121755812820685,0.9262996651109243,4.083711957601759,8.429527945503237,,,,,False,frontier_exceeds_one;ai_rent_capture_impossible,False,1e-09
pilot_per_tierA_baseline_pilot_v3,deterministic-engine-v1,baseline-pilot-v3,v0.1.2-pilot-per,PER,MUT,debt_consistent,0.25,stress,r1,2034,0.07479926446463445,0.8974453865097287,1.0235512863696825,4.409773693386102,9.402044158090819,,,,,False,frontier_exceeds_one;ai_rent_capture_impossible,False,1e-09
pilot_per_tierA_baseline_pilot_v3,deterministic-engine-v1,baseline-pilot-v3,v0.1.2-pilot-per,PER,MUT,baseline,0.5,stress,r1,2034,0.0810409905709726,0.9723339343862788,1.1089629121528515,4.685437613848676,10.25616041592251,,,,,False,frontier_exceeds_one;ai_rent_capture_impossible,False,1e-09
pilot_per_tierA_baseline_pilot_v3,deterministic-engine-v1,baseline-pilot-v3,v0.1.2-pilot-per,PER,MUT,debt_consistent,0.5,stress,r1,2034,0.08814796199001002,1.057603739613939,1.2062145334116097,4.98807176599267,11.228676628510092,,,,,False,frontier_exceeds_one;ai_rent_capture_impossible,False,1e-09
pilot_per_tierA_baseline_pilot_v3,deterministic-engine-v1,baseline-pilot-v3,v0.1.2-pilot-per,PER,PBI,baseline,0.0,stress,r1,2034,0.0805433201502137,0.9663628593187746,1.1021528024144496,4.663806879780793,10.18805931853849,,,,,False,frontier_exceeds_one;ai_rent_capture_impossible,False,1e-09
pilot_per_tierA_baseline_pilot_v3,deterministic-engine-v1,baseline-pilot-v3,v0.1.2-pilot-per,PER,PBI,debt_consistent,0.0,stress,r1,2034,0.08765029156925114,1.0516326645464351,1.199404423673208,4.967250673411264,11.160575531126074,,,,,False,frontier_exceeds_one;ai_rent_capture_impossible,False,1e-09
pilot_per_tierA_baseline_pilot_v3,deterministic-engine-v1,baseline-pilot-v3,v0.1.2-pilot-per,PER,PBI,baseline,0.05,stress,r1,2034,0.08452804588678843,1.014171801751442,1.156679690916539,4.835366652127073,10.733328203559386,,,,,False,frontier_exceeds_one;ai_rent_capture_impossible,False,1e-09
pilot_per_tierA_baseline_pilot_v3,deterministic-engine-v1,baseline-pilot-v3,v0.1.2-pilot-per,PER,PBI,debt_consistent,0.05,stress,r1,2034,0.09163501730582585,1.0994416069791024,1.2539313121752973,5.132453258773321,11.705844416146968,,,,,False,frontier_exceeds_one;ai_rent_capture_impossible,False,1e-09
pilot_per_tierA_baseline_pilot_v3,deterministic-engine-v1,baseline-pilot-v3,v0.1.2-pilot-per,PER,PBI,baseline,0.1,stress,r1,2034,0.08851277162336316,1.0619807441841094,1.2112065794186289,5.003299833888315,11.278597088580284,,,,,False,frontier_exceeds_one;ai_rent_capture_impossible,False,1e-09
pilot_per_tierA_baseline_pilot_v3,deterministic-engine-v1,baseline-pilot-v3,v0.1.2-pilot-per,PER,PBI,debt_consistent,0.1,stress,r1,2034,0.09561974304240059,1.14725054941177,1.3084582006773873,5.294304062346504,12.251113301167868,,,,,False,frontier_exceeds_one;ai_rent_capture_impossible,False,1e-09
pilot_per_tierA_baseline_pilot_v3,deterministic-engine-v1,baseline-pilot-v3,v0.1.2-pilot-per,PER,PBI,baseline,0.25,stress,r1,2034,0.10046694883308732,1.2054075714821113,1.3747872449248977,5.486870632182827,12.914403743642971,,,,,False,frontier_exceeds_one;ai_rent_capture_impossible,False,1e-09
pilot_per_tierA_baseline_pilot_v3,deterministic-engine-v1,baseline-pilot-v3,v0.1.2-pilot-per,PER,PBI,debt_consistent,0.25,stress,r1,2034,0.10757392025212476,1.2906773767097717,1.472038866183656,5.761106639348435,13.886919956230557,,,,,False,frontier_exceeds_one;ai_rent_capture_impossible,False,1e-09
pilot_per_tierA_baseline_pilot_v3,deterministic-engine-v1,baseline-pilot-v3,v0.1.2-pilot-per,PER,PBI,baseline,0.5,stress,r1,2034,0.12039057751596095,1.444452283645448,1.6474216874353462,6.233227421490694,15.640748168747457,,,,,False,frontier_exceeds_one;ai_rent_capture_impossible,False,1e-09
pilot_per_tierA_baseline_pilot_v3,deterministic-engine-v1,baseline-pilot-v3,v0.1.2-pilot-per,PER,PBI,debt_consistent,0.5,stress,r1,2034,0.12749754893499837,1.5297220888731082,1.7446733086941044,6.483618286411431,16.61326438133504,,,,,False,frontier_exceeds_one;ai_rent_capture_impossible,False,1e-09
pilot_per_tierA_baseline_pilot_v3,deterministic-engine-v1,baseline-pilot-v3,v0.1.2-pilot-per,PER,UBI,baseline,0.0,stress,r1,2034,0.21456522690847207,2.574364525809812,2.936105262321214,9.05647517817146,28.527583917606133,,,,,False,frontier_exceeds_one;ai_rent_capture_impossible,False,1e-09
pilot_per_tierA_baseline_pilot_v3,deterministic-engine-v1,baseline-pilot-v3,v0.1.2-pilot-per,PER,UBI,debt_consistent,0.0,stress,r1,2034,0.2216721983275095,2.659634331037472,3.0333568835799727,9.235209359002743,29.50010013019372,,,,,False,frontier_exceeds_one;ai_rent_capture_impossible,False,1e-09
pilot_per_tierA_baseline_pilot_v3,deterministic-engine-v1,baseline-pilot-v3,v0.1.2-pilot-per,PER,UBI,baseline,0.05,stress,r1,2034,0.22524418492877255,2.7024912082931802,3.082235859954756,9.323630793782424,29.988889893941554,,,,,False,frontier_exceeds_one;ai_rent_capture_impossible,False,1e-09
pilot_per_tierA_baseline_pilot_v3,deterministic-engine-v1,baseline-pilot-v3,v0.1.2-pilot-per,PER,UBI,debt_consistent,0.05,stress,r1,2034,0.23235115634780998,2.7877610135208406,3.1794874812135143,9.496851678274064,30.961406106529136,,,,,False,frontier_exceeds_one;ai_rent_capture_impossible,False,1e-09
pilot_per_tierA_baseline_pilot_v3,deterministic-engine-v1,baseline-pilot-v3,v0.1.2-pilot-per,PER,UBI,baseline,0.1,stress,r1,2034,0.235923142949073,2.8306178907765487,3.2283664575882978,9.58259175451774,31.45019587027697,,,,,False,frontier_exceeds_one;ai_rent_capture_impossible,False,1e-09
pilot_per_tierA_baseline_pilot_v3,deterministic-engine-v1,baseline-pilot-v3,v0.1.2-pilot-per,PER,UBI,debt_consistent,0.1,stress,r1,2034,0.24303011436811042,2.915887696004209,3.325618078847056,9.750646488725298,32.42271208286455,,,,,False,frontier_exceeds_one;ai_rent_capture_impossible,False,1e-09
pilot_per_tierA_baseline_pilot_v3,deterministic-engine-v1,baseline-pilot-v3,v0.1.2-pilot-per,PER,UBI,baseline,0.25,stress,r1,2034,0.26796001700997435,3.214997938226653,3.6667582504889227,10.315207068932335,35.834113799283216,,,,,False,frontier_exceeds_one;ai_rent_capture_impossible,False,1e-09
pilot_per_tierA_baseline_pilot_v3,deterministic-engine-v1,baseline-pilot-v3,v0.1.2-pilot-per,PER,UBI,debt_consistent,0.25,stress,r1,2034,0.2750669884290118,3.3002677434543135,3.764009871747681,10.469542286148856,36.8066300118708,,,,,False,frontier_exceeds_one;ai_rent_capture_impossible,False,1e-09
pilot_per_tierA_baseline_pilot_v3,deterministic-engine-v1,baseline-pilot-v3,v0.1.2-pilot-per,PER,UBI,baseline,0.5,stress,r1,2034,0.3213548071114766,3.8556313506434945,4.397411238656631,11.412165986459252,43.14064368096031,,,,,False,frontier_exceeds_one;ai_rent_capture_impossible,False,1e-09
pilot_per_tierA_baseline_pilot_v3,deterministic-engine-v1,baseline-pilot-v3,v0.1.2-pilot-per,PER,UBI,debt_consistent,0.5,stress,r1,2034,0.32846177853051406,3.9409011558711553,4.4946628599153895,11.548208685644747,44.11315989354789,,,,,False,frontier_exceeds_one;ai_rent_capture_impossible,False,1e-09
pilot_per_tierA_baseline_pilot_v3,deterministic-engine-v1,baseline-pilot-v3,v0.1.2-pilot-per,PER,PEN,baseline,0.0,stress,r2,2034,0.0065819339319905445,0.07546576078609665,0.09006702126161219,0.486794217356567,0.028495352993801598,0.1141737108402394,0.12234069597629765,,0.11347883418266642,True,,False,1e-09
pilot_per_tierA_baseline_pilot_v3,deterministic-engine-v1,baseline-pilot-v3,v0.1.2-pilot-per,PER,PEN,debt_consistent,0.0,stress,r2,2034,0.013688905351027972,0.15695138652535465,0.18731864252037048,0.9790421804981269,1.0010115655813845,0.22962655537660445,0.5071835110975145,,0.2282290170868076,False,ai_rent_capture_impossible,False,1e-09
pilot_per_tierA_baseline_pilot_v3,deterministic-engine-v1,baseline-pilot-v3,v0.1.2-pilot-per,PER,PEN,baseline,0.05,stress,r2,2034,0.006860626195092535,0.07866113221909889,0.09388063930239107,0.5067198997337241,0.06663153340159045,0.11884712115785476,0.13791873036834884,,0.11812380149279232,True,,False,1e-09
pilot_per_tierA_baseline_pilot_v3,deterministic-engine-v1,baseline-pilot-v3,v0.1.2-pilot-per,PER,PEN,debt_consistent,0.05,stress,r2,2034,0.01396759761412996,0.16014675795835687,0.19113226056114932,0.9977019955190727,1.039147745989173,0.23400306657421618,0.5217718817562202,,0.23257889224514358,False,ai_rent_capture_impossible,False,1e-09
pilot_per_tierA_baseline_pilot_v3,deterministic-engine-v1,baseline-pilot-v3,v0.1.2-pilot-per,PER,PEN,baseline,0.1,stress,r2,2034,0.007139318458194525,0.08185650365210113,0.09769425734316994,0.5265925285986754,0.10476771380937916,0.12350808819615675,0.1534552871626888,,0.12275640125508627,True,,False,1e-09
pilot_per_tierA_baseline_pilot_v3,deterministic-engine-v1,baseline-pilot-v3,v0.1.2-pilot-per,PER,PEN,debt_consistent,0.1,stress,r2,2034,0.014246289877231953,0.16334212939135914,0.19494587860192822,1.0163156127829023,1.0772839263969618,,,,,False,frontier_exceeds_one;ai_rent_capture_impossible,False,1e-09
pilot_per_tierA_baseline_pilot_v3,deterministic-engine-v1,baseline-pilot-v3,v0.1.2-pilot-per,PER,PEN,baseline,0.25,stress,r2,2034,0.007975395247500495,0.09144261795110785,0.10913511146550656,0.5858950548029283,0.2191762550327453,0.13741702403974576,0.19981840664131886,,0.13658068543329968,True,,False,1e-09
pilot_per_tierA_baseline_pilot_v3,deterministic-engine-v1,baseline-pilot-v3,v0.1.2-pilot-per,PER,PEN,debt_consistent,0.25,stress,r2,2034,0.015082366666537922,0.17292824369036583,0.20638673272426483,1.071881676479195,1.191692467620328,,,,,False,frontier_exceeds_one;ai_rent_capture_impossible,False,1e-09
pilot_per_tierA_baseline_pilot_v3,deterministic-engine-v1,baseline-pilot-v3,v0.1.2-pilot-per,PER,PEN,baseline,0.5,stress,r2,2034,0.009368856563010446,0.10741947511611905,0.1282032016694009,0.6836987877534328,0.40985715707168885,0.1603561116965971,0.2762820321641567,,0.1593801626990912,True,,False,1e-09
pilot_per_tierA_baseline_pilot_v3,deterministic-engine-v1,baseline-pilot-v3,v0.1.2-pilot-per,PER,PEN,debt_consistent,0.5,stress,r2,2034,0.016475827982047872,0.18890510085537704,0.2254548229281592,1.163589931259875,1.3823733696592715,,,,,False,frontier_exceeds_one;ai_rent_capture_impossible,False,1e-09
pilot_per_tierA_baseline_pilot_v3,deterministic-engine-v1,baseline-pilot-v3,v0.1.2-pilot-per,PER,GMI,baseline,0.0,stress,r2,2034,0.04541518137612546,0.5207118833463246,0.6214602195750728,2.85392104923482,5.342427336128408,,,,,False,frontier_exceeds_one;ai_rent_capture_impossible,False,1e-09
pilot_per_tierA_baseline_pilot_v3,deterministic-engine-v1,baseline-pilot-v3,v0.1.2-pilot-per,PER,GMI,debt_consistent,0.0,stress,r2,2034,0.05252215279516289,0.6021975090855826,0.7187118408338311,3.2177502820267607,6.31494354871599,,,,,False,frontier_exceeds_one;ai_rent_capture_impossible,False,1e-09
pilot_per_tierA_baseline_pilot_v3,deterministic-engine-v1,baseline-pilot-v3,v0.1.2-pilot-per,PER,GMI,baseline,0.05,stress,r2,2034,0.04750558740859928,0.5446796234091261,0.6500652840618386,2.962722086362469,5.628477980996066,,,,,False,frontier_exceeds_one;ai_rent_capture_impossible,False,1e-09
pilot_per_tierA_baseline_pilot_v3,deterministic-engine-v1,baseline-pilot-v3,v0.1.2-pilot-per,PER,GMI,debt_consistent,0.05,stress,r2,2034,0.05461255882763671,0.6261652491483841,0.7473169053205969,3.3215952721707294,6.600994193583649,,,,,False,frontier_exceeds_one;ai_rent_capture_impossible,False,1e-09
pilot_per_tierA_baseline_pilot_v3,deterministic-engine-v1,baseline-pilot-v3,v0.1.2-pilot-per,PER,GMI,baseline,0.1,stress,r2,2034,0.04959599344107309,0.5686473634719276,0.6786703485486044,3.070014223541767,5.914528625863724,,,,,False,frontier_exceeds_one;ai_rent_capture_impossible,False,1e-09
pilot_per_tierA_baseline_pilot_v3,deterministic-engine-v1,baseline-pilot-v3,v0.1.2-pilot-per,PER,GMI,debt_consistent,0.1,stress,r2,2034,0.05670296486011052,0.6501329892111856,0.7759219698073627,3.424071790487952,6.887044838451307,,,,,False,frontier_exceeds_one;ai_rent_capture_impossible,False,1e-09
pilot_per_tierA_baseline_pilot_v3,deterministic-engine-v1,baseline-pilot-v3,v0.1.2-pilot-per,PER,GMI,baseline,0.25,stress,r2,2034,0.05586721153849453,0.6405505836603319,0.7644855420089016,3.3832629906114167,6.7726805604666955,,,,,False,frontier_exceeds_one;ai_rent_capture_impossible,False,1e-09
pilot_per_tierA_baseline_pilot_v3,deterministic-engine-v1,baseline-pilot-v3,v0.1.2-pilot-per,PER,GMI,debt_consistent,0.25,stress,r2,2034,0.06297418295753196,0.7220362093995899,0.86173716326766,3.72365808474753,7.74519677305428,,,,,False,frontier_exceeds_one;ai_rent_capture_impossible,False,1e-09
pilot_per_tierA_baseline_pilot_v3,deterministic-engine-v1,baseline-pilot-v3,v0.1.2-pilot-per,PER,GMI,baseline,0.5,stress,r2,2034,0.0663192417008636,0.7603892839743394,0.9075108644427307,3.8788815182027734,8.202933784804985,,,,,False,frontier_exceeds_one;ai_rent_capture_impossible,False,1e-09
pilot_per_tierA_baseline_pilot_v3,deterministic-engine-v1,baseline-pilot-v3,v0.1.2-pilot-per,PER,GMI,debt_consistent,0.5,stress,r2,2034,0.07342621311990102,0.8418749097135972,1.0047624857014887,4.198816762559685,9.175449997392567,,,,,False,frontier_exceeds_one;ai_rent_capture_impossible,False,1e-09
pilot_per_tierA_baseline_pilot_v3,deterministic-engine-v1,baseline-pilot-v3,v0.1.2-pilot-per,PER,MUT,baseline,0.0,stress,r2,2034,0.054343595520221465,0.623081425939679,0.7436364180689973,3.3083115156661287,6.564189321067652,,,,,False,frontier_exceeds_one;ai_rent_capture_impossible,False,1e-09
pilot_per_tierA_baseline_pilot_v3,deterministic-engine-v1,baseline-pilot-v3,v0.1.2-pilot-per,PER,MUT,debt_consistent,0.0,stress,r2,2034,0.06145056693925889,0.704567051678937,0.8408880393277556,3.6519226923218717,7.536705533655235,,,,,False,frontier_exceeds_one;ai_rent_capture_impossible,False,1e-09
pilot_per_tierA_baseline_pilot_v3,deterministic-engine-v1,baseline-pilot-v3,v0.1.2-pilot-per,PER,MUT,baseline,0.05,stress,r2,2034,0.05701333502529658,0.6536915665051981,0.7801690674773828,3.439172487888187,6.9295158151515075,,,,,False,frontier_exceeds_one;ai_rent_capture_impossible,False,1e-09
pilot_per_tierA_baseline_pilot_v3,deterministic-engine-v1,baseline-pilot-v3,v0.1.2-pilot-per,PER,MUT,debt_consistent,0.05,stress,r2,2034,0.064120306444334,0.7351771922444561,0.877420688736141,3.7771898795551193,7.902032027739089,,,,,False,frontier_exceeds_one;ai_rent_capture_impossible,False,1e-09
pilot_per_tierA_baseline_pilot_v3,deterministic-engine-v1,baseline-pilot-v3,v0.1.2-pilot-per,PER,MUT,baseline,0.1,stress,r2,2034,0.059683074530371694,0.6843017070707172,0.8167017168857682,3.567871305927129,7.294842309235362,,,,,False,frontier_exceeds_one;ai_rent_capture_impossible,False,1e-09
pilot_per_tierA_baseline_pilot_v3,deterministic-engine-v1,baseline-pilot-v3,v0.1.2-pilot-per,PER,MUT,debt_consistent,0.1,stress,r2,2034,0.06679004594940913,0.7657873328099754,0.9139533381445265,3.900483777828548,8.267358521822944,,,,,False,frontier_exceeds_one;ai_rent_capture_impossible,False,1e-09
pilot_per_tierA_baseline_pilot_v3,deterministic-engine-v1,baseline-pilot-v3,v0.1.2-pilot-per,PER,MUT,baseline,0.25,stress,r2,2034,0.06769229304559703,0.7761321287672746,0.9262996651109243,3.9417166804463646,8.390821791486923,,,,,False,frontier_exceeds_one;ai_rent_capture_impossible,False,1e-09
pilot_per_tierA_baseline_pilot_v3,deterministic-engine-v1,baseline-pilot-v3,v0.1.2-pilot-per,PER,MUT,debt_consistent,0.25,stress,r2,2034,0.07479926446463445,0.8576177545065324,1.0235512863696825,4.2591550860106375,9.363338004074505,,,,,False,frontier_exceeds_one;ai_rent_capture_impossible,False,1e-09
pilot_per_tierA_baseline_pilot_v3,deterministic-engine-v1,baseline-pilot-v3,v0.1.2-pilot-per,PER,MUT,baseline,0.5,stress,r2,2034,0.0810409905709726,0.9291828315948701,1.1089629121528515,4.527773574865431,10.217454261906193,,,,,False,frontier_exceeds_one;ai_rent_capture_impossible,False,1e-09
pilot_per_tierA_baseline_pilot_v3,deterministic-engine-v1,baseline-pilot-v3,v0.1.2-pilot-per,PER,MUT,debt_consistent,0.5,stress,r2,2034,0.08814796199001002,1.010668457334128,1.2062145334116097,4.822920219787616,11.189970474493775,,,,,False,frontier_exceeds_one;ai_rent_capture_impossible,False,1e-09
pilot_per_tierA_baseline_pilot_v3,deterministic-engine-v1,baseline-pilot-v3,v0.1.2-pilot-per,PER,PBI,baseline,0.0,stress,r2,2034,0.0805433201502137,0.923476746223705,1.1021528024144496,4.5066877934118565,10.149353164522173,,,,,False,frontier_exceeds_one;ai_rent_capture_impossible,False,1e-09
pilot_per_tierA_baseline_pilot_v3,deterministic-engine-v1,baseline-pilot-v3,v0.1.2-pilot-per,PER,PBI,debt_consistent,0.0,stress,r2,2034,0.08765029156925114,1.0049623719629632,1.199404423673208,4.802606200981121,11.121869377109759,,,,,False,frontier_exceeds_one;ai_rent_capture_impossible,False,1e-09
pilot_per_tierA_baseline_pilot_v3,deterministic-engine-v1,baseline-pilot-v3,v0.1.2-pilot-per,PER,PBI,baseline,0.05,stress,r2,2034,0.08452804588678843,0.969163980757159,1.156679690916539,4.673961534158519,10.694622049543069,,,,,False,frontier_exceeds_one;ai_rent_capture_impossible,False,1e-09
pilot_per_tierA_baseline_pilot_v3,deterministic-engine-v1,baseline-pilot-v3,v0.1.2-pilot-per,PER,PBI,debt_consistent,0.05,stress,r2,2034,0.09163501730582585,1.050649606496417,1.2539313121752973,4.96381753018572,11.667138262130651,,,,,False,frontier_exceeds_one;ai_rent_capture_impossible,False,1e-09
pilot_per_tierA_baseline_pilot_v3,deterministic-engine-v1,baseline-pilot-v3,v0.1.2-pilot-per,PER,PBI,baseline,0.1,stress,r2,2034,0.08851277162336316,1.014851215290613,1.2112065794186289,4.837778168217874,11.239890934563967,,,,,False,frontier_exceeds_one;ai_rent_capture_impossible,False,1e-09
pilot_per_tierA_baseline_pilot_v3,deterministic-engine-v1,baseline-pilot-v3,v0.1.2-pilot-per,PER,PBI,debt_consistent,0.1,stress,r2,2034,0.09561974304240059,1.096336841029871,1.3084582006773873,5.121828150153736,12.21240714715155,,,,,False,frontier_exceeds_one;ai_rent_capture_impossible,False,1e-09
pilot_per_tierA_baseline_pilot_v3,deterministic-engine-v1,baseline-pilot-v3,v0.1.2-pilot-per,PER,PBI,baseline,0.25,stress,r2,2034,0.10046694883308732,1.151912918890975,1.3747872449248977,5.3099138504192025,12.875697589626656,,,,,False,frontier_exceeds_one;ai_rent_capture_impossible,False,1e-09
pilot_per_tierA_baseline_pilot_v3,deterministic-engine-v1,baseline-pilot-v3,v0.1.2-pilot-per,PER,PBI,debt_consistent,0.25,stress,r2,2034,0.10757392025212476,1.233398544630233,1.472038866183656,5.577928840015059,13.84821380221424,,,,,False,frontier_exceeds_one;ai_rent_capture_impossible,False,1e-09
pilot_per_tierA_baseline_pilot_v3,deterministic-engine-v1,baseline-pilot-v3,v0.1.2-pilot-per,PER,PBI,baseline,0.5,stress,r2,2034,0.12039057751596095,1.3803490915582448,1.6474216874353462,6.0397609332709905,15.60204201473114,,,,,False,frontier_exceeds_one;ai_rent_capture_impossible,False,1e-09
pilot_per_tierA_baseline_pilot_v3,deterministic-engine-v1,baseline-pilot-v3,v0.1.2-pilot-per,PER,PBI,debt_consistent,0.5,stress,r2,2034,0.12749754893499837,1.4618347172975028,1.7446733086941044,6.284901199676763,16.57455822731872,,,,,False,frontier_exceeds_one;ai_rent_capture_impossible,False,1e-09
pilot_per_tierA_baseline_pilot_v3,deterministic-engine-v1,baseline-pilot-v3,v0.1.2-pilot-per,PER,UBI,baseline,0.0,stress,r2,2034,0.21456522690847207,2.460117080207812,2.936105262321214,8.810887824749376,28.48887776358982,,,,,False,frontier_exceeds_one;ai_rent_capture_impossible,False,1e-09
pilot_per_tierA_baseline_pilot_v3,deterministic-engine-v1,baseline-pilot-v3,v0.1.2-pilot-per,PER,UBI,debt_consistent,0.0,stress,r2,2034,0.2216721983275095,2.54160270594707,3.0333568835799727,8.986781107220812,29.461393976177405,,,,,False,frontier_exceeds_one;ai_rent_capture_impossible,False,1e-09
pilot_per_tierA_baseline_pilot_v3,deterministic-engine-v1,baseline-pilot-v3,v0.1.2-pilot-per,PER,UBI,baseline,0.05,stress,r2,2034,0.22524418492877255,2.5825576424698884,3.082235859954756,9.073814470682326,29.95018373992524,,,,,False,frontier_exceeds_one;ai_rent_capture_impossible,False,1e-09
pilot_per_tierA_baseline_pilot_v3,deterministic-engine-v1,baseline-pilot-v3,v0.1.2-pilot-per,PER,UBI,debt_consistent,0.05,stress,r2,2034,0.23235115634780998,2.664043268209147,3.1794874812135143,9.244348668739438,30.922699952512822,,,,,False,frontier_exceeds_one;ai_rent_capture_impossible,False,1e-09
pilot_per_tierA_baseline_pilot_v3,deterministic-engine-v1,baseline-pilot-v3,v0.1.2-pilot-per,PER,UBI,baseline,0.1,stress,r2,2034,0.235923142949073,2.704998204731965,3.2283664575882978,9.328774611058693,31.411489716260654,,,,,False,frontier_exceeds_one;ai_rent_capture_impossible,False,1e-09
pilot_per_tierA_baseline_pilot_v3,deterministic-engine-v1,baseline-pilot-v3,v0.1.2-pilot-per,PER,UBI,debt_consistent,0.1,stress,r2,2034,0.24303011436811042,2.786483830471223,3.325618078847056,9.494283155145787,32.38400592884824,,,,,False,frontier_exceeds_one;ai_rent_capture_impossible,False,1e-09
pilot_per_tierA_baseline_pilot_v3,deterministic-engine-v1,baseline-pilot-v3,v0.1.2-pilot-per,PER,UBI,baseline,0.25,stress,r2,2034,0.26796001700997435,3.0723198915181946,3.6667582504889227,10.050566154451381,35.795407645266906,,,,,False,frontier_exceeds_one;ai_rent_capture_impossible,False,1e-09
pilot_per_tierA_baseline_pilot_v3,deterministic-engine-v1,baseline-pilot-v3,v0.1.2-pilot-per,PER,UBI,debt_consistent,0.25,stress,r2,2034,0.2750669884290118,3.1538055172574526,3.764009871747681,10.20270954627857,36.767923857854484,,,,,False,frontier_exceeds_one;ai_rent_capture_impossible,False,1e-09
pilot_per_tierA_baseline_pilot_v3,deterministic-engine-v1,baseline-pilot-v3,v0.1.2-pilot-per,PER,UBI,baseline,0.5,stress,r2,2034,0.3213548071114766,3.684522702828577,4.397411238656631,11.132559225044709,43.10193752694399,,,,,False,frontier_exceeds_one;ai_rent_capture_impossible,False,1e-09
pilot_per_tierA_baseline_pilot_v3,deterministic-engine-v1,baseline-pilot-v3,v0.1.2-pilot-per,PER,UBI,debt_consistent,0.5,stress,r2,2034,0.32846177853051406,3.766008328567835,4.4946628599153895,11.266840468107834,44.07445373953157,,,,,False,frontier_exceeds_one;ai_rent_capture_impossible,False,1e-09
pilot_per_tierA_baseline_pilot_v3,deterministic-engine-v1,baseline-pilot-v3,v0.1.2-pilot-per,PER,PEN,baseline,0.0,stress,r3,2034,0.006593933931990544,0.08144592222581386,0.09023122896504815,0.5240420039382111,0.14270344100751883,0.12290988292328683,0.15146126958645575,,0.12216183674044218,True,,False,1e-09
pilot_per_tierA_baseline_pilot_v3,deterministic-engine-v1,baseline-pilot-v3,v0.1.2-pilot-per,PER,PEN,debt_consistent,0.0,stress,r3,2034,0.01370090535102797,0.16922870067431867,0.1874828502238064,1.0504858171718565,1.1152196535951013,,,,,False,frontier_exceeds_one;ai_rent_capture_impossible,False,1e-09
pilot_per_tierA_baseline_pilot_v3,deterministic-engine-v1,baseline-pilot-v3,v0.1.2-pilot-per,PER,PEN,baseline,0.05,stress,r3,2034,0.006872626195092535,0.08488822974961531,0.09404484700582702,0.5453986383776032,0.18083962141530754,0.1279189116656608,0.16815803206103566,,0.12714037985618556,True,,False,1e-09
pilot_per_tierA_baseline_pilot_v3,deterministic-engine-v1,baseline-pilot-v3,v0.1.2-pilot-per,PER,PEN,debt_consistent,0.05,stress,r3,2034,0.013979597614129962,0.17267100819812015,0.1912964682645853,1.0703959522838493,1.1533558340028902,,,,,False,frontier_exceeds_one;ai_rent_capture_impossible,False,1e-09
pilot_per_tierA_baseline_pilot_v3,deterministic-engine-v1,baseline-pilot-v3,v0.1.2-pilot-per,PER,PEN,baseline,0.1,stress,r3,2034,0.007151318458194525,0.08833053727341676,0.09785846504660589,0.566694372283801,0.21897580182309626,0.13291365667236185,0.1848071820833725,,0.13210472616900387,True,,False,1e-09
pilot_per_tierA_baseline_pilot_v3,deterministic-engine-v1,baseline-pilot-v3,v0.1.2-pilot-per,PER,PEN,debt_consistent,0.1,stress,r3,2034,0.01425828987723195,0.17611331572192157,0.19511008630536417,1.0902535561690516,1.1914920144106789,,,,,False,frontier_exceeds_one;ai_rent_capture_impossible,False,1e-09
pilot_per_tierA_baseline_pilot_v3,deterministic-engine-v1,baseline-pilot-v3,v0.1.2-pilot-per,PER,PEN,baseline,0.25,stress,r3,2034,0.007987395247500497,0.09865745984482115,0.10929931916894253,0.6302198088194733,0.33338434304646264,0.1478130425462015,0.23447180166283801,,0.14691343236457932,True,,False,1e-09
pilot_per_tierA_baseline_pilot_v3,deterministic-engine-v1,baseline-pilot-v3,v0.1.2-pilot-per,PER,PEN,debt_consistent,0.25,stress,r3,2034,0.015094366666537923,0.18644023829332595,0.2065509404277008,1.1495140855965962,1.3059005556340453,,,,,False,frontier_exceeds_one;ai_rent_capture_impossible,False,1e-09
pilot_per_tierA_baseline_pilot_v3,deterministic-engine-v1,baseline-pilot-v3,v0.1.2-pilot-per,PER,PEN,baseline,0.5,stress,r3,2034,0.009380856563010447,0.1158689974638284,0.1283674093728369,0.7349109896662979,0.5240652450854062,0.17236752632607846,0.3163200809290945,,0.17131847423403418,True,,False,1e-09
pilot_per_tierA_baseline_pilot_v3,deterministic-engine-v1,baseline-pilot-v3,v0.1.2-pilot-per,PER,PEN,debt_consistent,0.5,stress,r3,2034,0.016487827982047874,0.20365177591233322,0.22561903063159516,1.2472577614294367,1.496581457672989,,,,,False,frontier_exceeds_one;ai_rent_capture_impossible,False,1e-09
pilot_per_tierA_baseline_pilot_v3,deterministic-engine-v1,baseline-pilot-v3,v0.1.2-pilot-per,PER,GMI,baseline,0.0,stress,r3,2034,0.045445181376125465,0.561322686286088,0.6218707388336627,3.0373825956184666,5.459098539693664,,,,,False,frontier_exceeds_one;ai_rent_capture_impossible,False,1e-09
pilot_per_tierA_baseline_pilot_v3,deterministic-engine-v1,baseline-pilot-v3,v0.1.2-pilot-per,PER,GMI,debt_consistent,0.0,stress,r3,2034,0.05255215279516289,0.6491054647345929,0.719122360092421,3.419706073385842,6.431614752281247,,,,,False,frontier_exceeds_one;ai_rent_capture_impossible,False,1e-09
pilot_per_tierA_baseline_pilot_v3,deterministic-engine-v1,baseline-pilot-v3,v0.1.2-pilot-per,PER,GMI,baseline,0.05,stress,r3,2034,0.047535587408599284,0.5871426366976686,0.6504758033204285,3.1518048347909446,5.745149184561322,,,,,False,frontier_exceeds_one;ai_rent_capture_impossible,False,1e-09
pilot_per_tierA_baseline_pilot_v3,deterministic-engine-v1,baseline-pilot-v3,v0.1.2-pilot-per,PER,GMI,debt_consistent,0.05,stress,r3,2034,0.05464255882763671,0.6749254151461734,0.7477274245791868,3.5286743455065004,6.717665397148905,,,,,False,frontier_exceeds_one;ai_rent_capture_impossible,False,1e-09
pilot_per_tierA_baseline_pilot_v3,deterministic-engine-v1,baseline-pilot-v3,v0.1.2-pilot-per,PER,GMI,baseline,0.1,stress,r3,2034,0.049625993441073095,0.6129625871092491,0.6790808678071943,3.2645638738035747,6.03119982942898,,,,,False,frontier_exceeds_one;ai_rent_capture_impossible,False,1e-09
pilot_per_tierA_baseline_pilot_v3,deterministic-engine-v1,baseline-pilot-v3,v0.1.2-pilot-per,PER,GMI,debt_consistent,0.1,stress,r3,2034,0.05673296486011052,0.700745365557754,0.7763324890659525,3.63614114280689,7.003716042016562,,,,,False,frontier_exceeds_one;ai_rent_capture_impossible,False,1e-09
pilot_per_tierA_baseline_pilot_v3,deterministic-engine-v1,baseline-pilot-v3,v0.1.2-pilot-per,PER,GMI,baseline,0.25,stress,r3,2034,0.05589721153849453,0.6904224383439908,0.7648960612674915,3.593352806871121,6.889351764031952,,,,,False,frontier_exceeds_one;ai_rent_capture_impossible,False,1e-09
pilot_per_tierA_baseline_pilot_v3,deterministic-engine-v1,baseline-pilot-v3,v0.1.2-pilot-per,PER,GMI,debt_consistent,0.25,stress,r3,2034,0.06300418295753196,0.7782052167924957,0.86214768252625,3.9499537122328676,7.8618679766195365,,,,,False,frontier_exceeds_one;ai_rent_capture_impossible,False,1e-09
pilot_per_tierA_baseline_pilot_v3,deterministic-engine-v1,baseline-pilot-v3,v0.1.2-pilot-per,PER,GMI,baseline,0.5,stress,r3,2034,0.0663492417008636,0.8195221904018938,0.9079213837013206,4.112342161932292,8.319604988370243,,,,,False,frontier_exceeds_one;ai_rent_capture_impossible,False,1e-09
pilot_per_tierA_baseline_pilot_v3,deterministic-engine-v1,baseline-pilot-v3,v0.1.2-pilot-per,PER,GMI,debt_consistent,0.5,stress,r3,2034,0.07345621311990103,0.9073049688503985,1.0051730049600787,4.446620642693425,9.292121200957823,,,,,False,frontier_exceeds_one;ai_rent_capture_impossible,False,1e-09
pilot_per_tierA_baseline_pilot_v3,deterministic-engine-v1,baseline-pilot-v3,v0.1.2-pilot-per,PER,MUT,baseline,0.0,stress,r3,2034,0.054351095520221465,0.6713253642338868,0.7437390478836448,3.5135720874766987,6.6777816301934845,,,,,False,frontier_exceeds_one;ai_rent_capture_impossible,False,1e-09
pilot_per_tierA_baseline_pilot_v3,deterministic-engine-v1,baseline-pilot-v3,v0.1.2-pilot-per,PER,MUT,debt_consistent,0.0,stress,r3,2034,0.06145806693925889,0.7591081426823916,0.8409906691424031,3.8737458117108594,7.650297842781067,,,,,False,frontier_exceeds_one;ai_rent_capture_impossible,False,1e-09
pilot_per_tierA_baseline_pilot_v3,deterministic-engine-v1,baseline-pilot-v3,v0.1.2-pilot-per,PER,MUT,baseline,0.05,stress,r3,2034,0.05702083502529658,0.7043010352576168,0.7802716972920303,3.650825216380843,7.04310812427734,,,,,False,frontier_exceeds_one;ai_rent_capture_impossible,False,1e-09
pilot_per_tierA_baseline_pilot_v3,deterministic-engine-v1,baseline-pilot-v3,v0.1.2-pilot-per,PER,MUT,debt_consistent,0.05,stress,r3,2034,0.06412780644433401,0.7920838137061217,0.8775233185507885,4.00487619126915,8.01562433686492,,,,,False,frontier_exceeds_one;ai_rent_capture_impossible,False,1e-09
pilot_per_tierA_baseline_pilot_v3,deterministic-engine-v1,baseline-pilot-v3,v0.1.2-pilot-per,PER,MUT,baseline,0.1,stress,r3,2034,0.059690574530371694,0.7372767062813468,0.8168043467004156,3.7857087443426627,7.408434618361192,,,,,False,frontier_exceeds_one;ai_rent_capture_impossible,False,1e-09
pilot_per_tierA_baseline_pilot_v3,deterministic-engine-v1,baseline-pilot-v3,v0.1.2-pilot-per,PER,MUT,debt_consistent,0.1,stress,r3,2034,0.06679754594940912,0.8250594847298516,0.9140559679591739,4.133852672200608,8.380950830948775,,,,,False,frontier_exceeds_one;ai_rent_capture_impossible,False,1e-09
pilot_per_tierA_baseline_pilot_v3,deterministic-engine-v1,baseline-pilot-v3,v0.1.2-pilot-per,PER,MUT,baseline,0.25,stress,r3,2034,0.06769979304559703,0.8362037193525367,0.9264022949255719,4.176966767244496,8.504414100612756,,,,,False,frontier_exceeds_one;ai_rent_capture_impossible,False,1e-09
pilot_per_tierA_baseline_pilot_v3,deterministic-engine-v1,baseline-pilot-v3,v0.1.2-pilot-per,PER,MUT,debt_consistent,0.25,stress,r3,2034,0.07480676446463447,0.9239864978010416,1.0236539161843303,4.508573774293293,9.47693031320034,,,,,False,frontier_exceeds_one;ai_rent_capture_impossible,False,1e-09
pilot_per_tierA_baseline_pilot_v3,deterministic-engine-v1,baseline-pilot-v3,v0.1.2-pilot-per,PER,MUT,baseline,0.5,stress,r3,2034,0.0810484905709726,1.0010820744711866,1.109065541967499,4.788762357224905,10.331046571032028,,,,,False,frontier_exceeds_one;ai_rent_capture_impossible,False,1e-09
pilot_per_tierA_baseline_pilot_v3,deterministic-engine-v1,baseline-pilot-v3,v0.1.2-pilot-per,PER,MUT,debt_consistent,0.5,stress,r3,2034,0.08815546199001004,1.0888648529196916,1.2063171632262573,5.096199392728543,11.30356278361961,,,,,False,frontier_exceeds_one;ai_rent_capture_impossible,False,1e-09
pilot_per_tierA_baseline_pilot_v3,deterministic-engine-v1,baseline-pilot-v3,v0.1.2-pilot-per,PER,PBI,baseline,0.0,stress,r3,2034,0.08055082015021371,0.9949350267753385,1.1022554322290972,4.766781834894889,10.262945473648008,,,,,False,frontier_exceeds_one;ai_rent_capture_impossible,False,1e-09
pilot_per_tierA_baseline_pilot_v3,deterministic-engine-v1,baseline-pilot-v3,v0.1.2-pilot-per,PER,PBI,debt_consistent,0.0,stress,r3,2034,0.08765779156925113,1.0827178052238433,1.1995070534878554,5.075053217793301,11.23546168623559,,,,,False,frontier_exceeds_one;ai_rent_capture_impossible,False,1e-09
pilot_per_tierA_baseline_pilot_v3,deterministic-engine-v1,baseline-pilot-v3,v0.1.2-pilot-per,PER,PBI,baseline,0.05,stress,r3,2034,0.08453554588678844,1.0441529391444262,1.1567823207311867,4.941091843719013,10.808214358668904,,,,,False,frontier_exceeds_one;ai_rent_capture_impossible,False,1e-09
pilot_per_tierA_baseline_pilot_v3,deterministic-engine-v1,baseline-pilot-v3,v0.1.2-pilot-per,PER,PBI,debt_consistent,0.05,stress,r3,2034,0.09164251730582587,1.131935717592931,1.2540339419899451,5.242813873775547,11.780730571256488,,,,,False,frontier_exceeds_one;ai_rent_capture_impossible,False,1e-09
pilot_per_tierA_baseline_pilot_v3,deterministic-engine-v1,baseline-pilot-v3,v0.1.2-pilot-per,PER,PBI,baseline,0.1,stress,r3,2034,0.08852027162336316,1.0933708515135139,1.2113092092332765,5.111664725802833,11.353483243689801,,,,,False,frontier_exceeds_one;ai_rent_capture_impossible,False,1e-09
pilot_per_tierA_baseline_pilot_v3,deterministic-engine-v1,baseline-pilot-v3,v0.1.2-pilot-per,PER,PBI,debt_consistent,0.1,stress,r3,2034,0.09562724304240058,1.1811536299620184,1.3085608304920346,5.407124418260277,12.325999456277383,,,,,False,frontier_exceeds_one;ai_rent_capture_impossible,False,1e-09
pilot_per_tierA_baseline_pilot_v3,deterministic-engine-v1,baseline-pilot-v3,v0.1.2-pilot-per,PER,PBI,baseline,0.25,stress,r3,2034,0.10047444883308733,1.2410245886207765,1.3748898747395453,5.602559273553035,12.989289898752489,,,,,False,frontier_exceeds_one;ai_rent_capture_impossible,False,1e-09
pilot_per_tierA_baseline_pilot_v3,deterministic-engine-v1,baseline-pilot-v3,v0.1.2-pilot-per,PER,PBI,debt_consistent,0.25,stress,r3,2034,0.10758142025212475,1.3288073670692813,1.4721414959983035,5.88077426720232,13.96180611134007,,,,,False,frontier_exceeds_one;ai_rent_capture_impossible,False,1e-09
pilot_per_tierA_baseline_pilot_v3,deterministic-engine-v1,baseline-pilot-v3,v0.1.2-pilot-per,PER,PBI,baseline,0.5,stress,r3,2034,0.12039807751596096,1.4871141504662146,1.6475243172499938,6.3594678489779595,15.715634323856975,,,,,False,frontier_exceeds_one;ai_rent_capture_impossible,False,1e-09
pilot_per_tierA_baseline_pilot_v3,deterministic-engine-v1,baseline-pilot-v3,v0.1.2-pilot-per,PER,PBI,debt_consistent,0.5,stress,r3,2034,0.1275050489349984,1.5748969289147194,1.744775938508752,6.613209349900904,16.688150536444557,,,,,False,frontier_exceeds_one;ai_rent_capture_impossible,False,1e-09
pilot_per_tierA_baseline_pilot_v3,deterministic-engine-v1,baseline-pilot-v3,v0.1.2-pilot-per,PER,UBI,baseline,0.0,stress,r3,2034,0.21456972690847206,2.6502888063553915,2.9361668402100025,9.215804160092771,28.60205955345706,,,,,False,frontier_exceeds_one;ai_rent_capture_impossible,False,1e-09
pilot_per_tierA_baseline_pilot_v3,deterministic-engine-v1,baseline-pilot-v3,v0.1.2-pilot-per,PER,UBI,debt_consistent,0.0,stress,r3,2034,0.2216766983275095,2.7380715848038966,3.033418461468761,9.396342426937537,29.574575766044646,,,,,False,frontier_exceeds_one;ai_rent_capture_impossible,False,1e-09
pilot_per_tierA_baseline_pilot_v3,deterministic-engine-v1,baseline-pilot-v3,v0.1.2-pilot-per,PER,UBI,baseline,0.05,stress,r3,2034,0.22524868492877254,2.782191490450312,3.0822974378435446,9.48564517887598,30.06336552979248,,,,,False,frontier_exceeds_one;ai_rent_capture_impossible,False,1e-09
pilot_per_tierA_baseline_pilot_v3,deterministic-engine-v1,baseline-pilot-v3,v0.1.2-pilot-per,PER,UBI,debt_consistent,0.05,stress,r3,2034,0.23235565634780997,2.8699742688988166,3.179549059102303,9.66057160247145,31.035881742380063,,,,,False,frontier_exceeds_one;ai_rent_capture_impossible,False,1e-09
pilot_per_tierA_baseline_pilot_v3,deterministic-engine-v1,baseline-pilot-v3,v0.1.2-pilot-per,PER,UBI,baseline,0.1,stress,r3,2034,0.23592764294907298,2.9140941745452316,3.2284280354770862,9.747145766595652,31.5246715061279,,,,,False,frontier_exceeds_one;ai_rent_capture_impossible,False,1e-09
pilot_per_tierA_baseline_pilot_v3,deterministic-engine-v1,baseline-pilot-v3,v0.1.2-pilot-per,PER,UBI,debt_consistent,0.1,stress,r3,2034,0.2430346143681104,3.0018769529937366,3.3256796567358444,9.916816329278172,32.49718771871548,,,,,False,frontier_exceeds_one;ai_rent_capture_impossible,False,1e-09
pilot_per_tierA_baseline_pilot_v3,deterministic-engine-v1,baseline-pilot-v3,v0.1.2-pilot-per,PER,UBI,baseline,0.25,stress,r3,2034,0.2679645170099743,3.309802226829991,3.6668198283777107,10.486627760545536,35.90858943513414,,,,,False,frontier_exceeds_one;ai_rent_capture_impossible,False,1e-09
pilot_per_tierA_baseline_pilot_v3,deterministic-engine-v1,baseline-pilot-v3,v0.1.2-pilot-per,PER,UBI,debt_consistent,0.25,stress,r3,2034,0.27507148842901175,3.397585005278496,3.764071449636469,10.64235284220053,36.881105647721725,,,,,False,frontier_exceeds_one;ai_rent_capture_impossible,False,1e-09
pilot_per_tierA_baseline_pilot_v3,deterministic-engine-v1,baseline-pilot-v3,v0.1.2-pilot-per,PER,UBI,baseline,0.5,stress,r3,2034,0.3213593071114766,3.9693156473045907,4.397472816545419,11.593073079233667,43.21511931681123,,,,,False,frontier_exceeds_one;ai_rent_capture_impossible,False,1e-09
pilot_per_tierA_baseline_pilot_v3,deterministic-engine-v1,baseline-pilot-v3,v0.1.2-pilot-per,PER,UBI,debt_consistent,0.5,stress,r3,2034,0.328466278530514,4.057098425753096,4.4947244378041775,11.730231815524663,44.18763552939881,,,,,False,frontier_exceeds_one;ai_rent_capture_impossible,False,1e-09
pilot_per_tierA_baseline_pilot_v3,deterministic-engine-v1,baseline-pilot-v3,v0.1.2-pilot-per,PER,PEN,baseline,0.0,stress,r4,2034,0.0065619339319905445,0.06392101015676091,0.0897933417558856,0.4143567058271929,0.0,0.09718406866106612,0.06570855537905337,,0.09659259326443614,True,requirement_already_covered,False,1e-09
pilot_per_tierA_baseline_pilot_v3,deterministic-engine-v1,baseline-pilot-v3,v0.1.2-pilot-per,PER,PEN,debt_consistent,0.0,stress,r4,2034,0.013668905351027971,0.13315133112134503,0.18704496301464388,0.838580581501915,0.9238804448507195,0.19668240452884295,0.3973696749383095,,0.19548536879833664,True,,False,1e-09
pilot_per_tierA_baseline_pilot_v3,deterministic-engine-v1,baseline-pilot-v3,v0.1.2-pilot-per,PER,PEN,baseline,0.05,stress,r4,2034,0.006840626195092535,0.0666358029548879,0.09360695979666447,0.43145405648137575,0.0,0.1011941162689085,0.07907538073852796,,0.10057823517999144,True,requirement_already_covered,False,1e-09
pilot_per_tierA_baseline_pilot_v3,deterministic-engine-v1,baseline-pilot-v3,v0.1.2-pilot-per,PER,PEN,debt_consistent,0.05,stress,r4,2034,0.013947597614129961,0.135866123919472,0.19085858105542275,0.8547360125292095,0.9620166252585083,0.20047153237999432,0.4100001011088141,,0.19925143550472985,True,,False,1e-09
pilot_per_tierA_baseline_pilot_v3,deterministic-engine-v1,baseline-pilot-v3,v0.1.2-pilot-per,PER,PEN,baseline,0.1,stress,r4,2034,0.007119318458194525,0.06935059575301487,0.09742057783744336,0.4485122874621616,0.027636593078714383,0.10519498866850381,0.09241162207051234,,0.10455475772885844,True,requirement_already_covered,False,1e-09
pilot_per_tierA_baseline_pilot_v3,deterministic-engine-v1,baseline-pilot-v3,v0.1.2-pilot-per,PER,PEN,debt_consistent,0.1,stress,r4,2034,0.014226289877231952,0.13858091671759898,0.19467219909620162,0.8708567295942808,1.000152805666297,0.20425251834741245,0.42260338766687444,,0.2030094098799958,False,ai_rent_capture_impossible,False,1e-09
pilot_per_tierA_baseline_pilot_v3,deterministic-engine-v1,baseline-pilot-v3,v0.1.2-pilot-per,PER,PEN,baseline,0.25,stress,r4,2034,0.007955395247500496,0.07749497414739583,0.10886143195977999,0.4994541402865182,0.14204513430208066,0.11714299506956527,0.13223831007405054,,0.11643004694643859,True,,False,1e-09
pilot_per_tierA_baseline_pilot_v3,deterministic-engine-v1,baseline-pilot-v3,v0.1.2-pilot-per,PER,PEN,debt_consistent,0.25,stress,r4,2034,0.015062366666537923,0.14672529511197993,0.20611305321853826,0.9190121625749341,1.1145613468896634,0.21554699213662723,0.4602516336309237,,0.21423514397362567,False,ai_rent_capture_impossible,False,1e-09
pilot_per_tierA_baseline_pilot_v3,deterministic-engine-v1,baseline-pilot-v3,v0.1.2-pilot-per,PER,PEN,baseline,0.5,stress,r4,2034,0.009348856563010446,0.09106893813803073,0.12792952216367434,0.5835921579781227,0.3327260363410242,0.1368768979061591,0.19801798619602995,,0.13604384658043922,True,,False,1e-09
pilot_per_tierA_baseline_pilot_v3,deterministic-engine-v1,baseline-pilot-v3,v0.1.2-pilot-per,PER,PEN,debt_consistent,0.5,stress,r4,2034,0.016455827982047873,0.16029925910261483,0.22518114342243262,0.998591390178726,1.3052422489286069,0.2342116670176128,0.5224672165675425,,0.2327862231180188,False,ai_rent_capture_impossible,False,1e-09
pilot_per_tierA_baseline_pilot_v3,deterministic-engine-v1,baseline-pilot-v3,v0.1.2-pilot-per,PER,GMI,baseline,0.0,stress,r4,2034,0.04536518137612546,0.4419106089090071,0.6207760208107563,2.484987722513548,5.261191022811844,,,,,False,frontier_exceeds_one;ai_rent_capture_impossible,False,1e-09
pilot_per_tierA_baseline_pilot_v3,deterministic-engine-v1,baseline-pilot-v3,v0.1.2-pilot-per,PER,GMI,debt_consistent,0.0,stress,r4,2034,0.05247215279516289,0.5111409298735912,0.7180276420695146,2.8100422359918866,6.233707235399427,,,,,False,frontier_exceeds_one;ai_rent_capture_impossible,False,1e-09
pilot_per_tierA_baseline_pilot_v3,deterministic-engine-v1,baseline-pilot-v3,v0.1.2-pilot-per,PER,GMI,baseline,0.05,stress,r4,2034,0.04745558740859928,0.46227364008524136,0.6493810852975221,2.582030339389191,5.5472416676795016,,,,,False,frontier_exceeds_one;ai_rent_capture_impossible,False,1e-09
pilot_per_tierA_baseline_pilot_v3,deterministic-engine-v1,baseline-pilot-v3,v0.1.2-pilot-per,PER,GMI,debt_consistent,0.05,stress,r4,2034,0.054562558827636706,0.5315039610498254,0.7466327065562804,2.9031010611753696,6.519757880267085,,,,,False,frontier_exceeds_one;ai_rent_capture_impossible,False,1e-09
pilot_per_tierA_baseline_pilot_v3,deterministic-engine-v1,baseline-pilot-v3,v0.1.2-pilot-per,PER,GMI,baseline,0.1,stress,r4,2034,0.04954599344107309,0.48263667126147564,0.677986149784288,2.6778642512074726,5.83329231254716,,,,,False,frontier_exceeds_one;ai_rent_capture_impossible,False,1e-09
pilot_per_tierA_baseline_pilot_v3,deterministic-engine-v1,baseline-pilot-v3,v0.1.2-pilot-per,PER,GMI,debt_consistent,0.1,stress,r4,2034,0.05665296486011052,0.5518669922260597,0.7752377710430461,2.9950528881389764,6.805808525134742,,,,,False,frontier_exceeds_one;ai_rent_capture_impossible,False,1e-09
pilot_per_tierA_baseline_pilot_v3,deterministic-engine-v1,baseline-pilot-v3,v0.1.2-pilot-per,PER,GMI,baseline,0.25,stress,r4,2034,0.055817211538494525,0.5437257647901783,0.7638013432445852,2.9584211909090743,6.691444247150132,,,,,False,frontier_exceeds_one;ai_rent_capture_impossible,False,1e-09
pilot_per_tierA_baseline_pilot_v3,deterministic-engine-v1,baseline-pilot-v3,v0.1.2-pilot-per,PER,GMI,debt_consistent,0.25,stress,r4,2034,0.06292418295753195,0.6129560857547625,0.8610529645033435,3.2645356866312305,7.663960459737715,,,,,False,frontier_exceeds_one;ai_rent_capture_impossible,False,1e-09
pilot_per_tierA_baseline_pilot_v3,deterministic-engine-v1,baseline-pilot-v3,v0.1.2-pilot-per,PER,GMI,baseline,0.5,stress,r4,2034,0.06626924170086361,0.6455409206713498,0.9068266656784143,3.4045421374195786,8.121697471488423,,,,,False,frontier_exceeds_one;ai_rent_capture_impossible,False,1e-09
pilot_per_tierA_baseline_pilot_v3,deterministic-engine-v1,baseline-pilot-v3,v0.1.2-pilot-per,PER,GMI,debt_consistent,0.5,stress,r4,2034,0.07337621311990103,0.7147712416359339,1.0040782869371725,3.693905116376663,9.094213684076005,,,,,False,frontier_exceeds_one;ai_rent_capture_impossible,False,1e-09
pilot_per_tierA_baseline_pilot_v3,deterministic-engine-v1,baseline-pilot-v3,v0.1.2-pilot-per,PER,MUT,baseline,0.0,stress,r4,2034,0.054331095520221466,0.5292492342303314,0.7434653683779182,2.8928519960085906,6.488084498483462,,,,,False,frontier_exceeds_one;ai_rent_capture_impossible,False,1e-09
pilot_per_tierA_baseline_pilot_v3,deterministic-engine-v1,baseline-pilot-v3,v0.1.2-pilot-per,PER,MUT,debt_consistent,0.0,stress,r4,2034,0.06143806693925889,0.5984795551949156,0.8407169896366765,3.2015164057589702,7.460600711071046,,,,,False,frontier_exceeds_one;ai_rent_capture_impossible,False,1e-09
pilot_per_tierA_baseline_pilot_v3,deterministic-engine-v1,baseline-pilot-v3,v0.1.2-pilot-per,PER,MUT,baseline,0.05,stress,r4,2034,0.057000835025296584,0.5552556597427635,0.7799980177863036,3.010249343071145,6.853410992567317,,,,,False,frontier_exceeds_one;ai_rent_capture_impossible,False,1e-09
pilot_per_tierA_baseline_pilot_v3,deterministic-engine-v1,baseline-pilot-v3,v0.1.2-pilot-per,PER,MUT,debt_consistent,0.05,stress,r4,2034,0.064107806444334,0.6244859807073475,0.8772496390450618,3.314364535288638,7.8259272051548985,,,,,False,frontier_exceeds_one;ai_rent_capture_impossible,False,1e-09
pilot_per_tierA_baseline_pilot_v3,deterministic-engine-v1,baseline-pilot-v3,v0.1.2-pilot-per,PER,MUT,baseline,0.1,stress,r4,2034,0.059670574530371695,0.5812620852551955,0.816530667194689,3.1258930319682023,7.218737486651171,,,,,False,frontier_exceeds_one;ai_rent_capture_impossible,False,1e-09
pilot_per_tierA_baseline_pilot_v3,deterministic-engine-v1,baseline-pilot-v3,v0.1.2-pilot-per,PER,MUT,debt_consistent,0.1,stress,r4,2034,0.06677754594940913,0.6504924062197797,0.9137822884534474,3.4255982937988483,8.191253699238755,,,,,False,frontier_exceeds_one;ai_rent_capture_impossible,False,1e-09
pilot_per_tierA_baseline_pilot_v3,deterministic-engine-v1,baseline-pilot-v3,v0.1.2-pilot-per,PER,MUT,baseline,0.25,stress,r4,2034,0.06767979304559703,0.6592813617924914,0.9261286154198451,3.462833640364142,8.314716968902731,,,,,False,frontier_exceeds_one;ai_rent_capture_impossible,False,1e-09
pilot_per_tierA_baseline_pilot_v3,deterministic-engine-v1,baseline-pilot-v3,v0.1.2-pilot-per,PER,MUT,debt_consistent,0.25,stress,r4,2034,0.07478676446463445,0.7285116827570755,1.0233802366786033,3.75008268585698,9.287233181490313,,,,,False,frontier_exceeds_one;ai_rent_capture_impossible,False,1e-09
pilot_per_tierA_baseline_pilot_v3,deterministic-engine-v1,baseline-pilot-v3,v0.1.2-pilot-per,PER,MUT,baseline,0.5,stress,r4,2034,0.0810284905709726,0.7893134893546515,1.1087918624617723,3.993943699007041,10.141349439322003,,,,,False,frontier_exceeds_one;ai_rent_capture_impossible,False,1e-09
pilot_per_tierA_baseline_pilot_v3,deterministic-engine-v1,baseline-pilot-v3,v0.1.2-pilot-per,PER,MUT,debt_consistent,0.5,stress,r4,2034,0.08813546199001002,0.8585438103192355,1.2060434837205305,4.262690072662998,11.113865651909585,,,,,False,frontier_exceeds_one;ai_rent_capture_impossible,False,1e-09
pilot_per_tierA_baseline_pilot_v3,deterministic-engine-v1,baseline-pilot-v3,v0.1.2-pilot-per,PER,PBI,baseline,0.0,stress,r4,2034,0.0805308201502137,0.7844655898863314,1.1019817527233704,3.974775794456742,10.073248341937985,,,,,False,frontier_exceeds_one;ai_rent_capture_impossible,False,1e-09
pilot_per_tierA_baseline_pilot_v3,deterministic-engine-v1,baseline-pilot-v3,v0.1.2-pilot-per,PER,PBI,debt_consistent,0.0,stress,r4,2034,0.08763779156925114,0.8536959108509156,1.1992333739821288,4.2441668246659345,11.045764554525567,,,,,False,frontier_exceeds_one;ai_rent_capture_impossible,False,1e-09
pilot_per_tierA_baseline_pilot_v3,deterministic-engine-v1,baseline-pilot-v3,v0.1.2-pilot-per,PER,PBI,baseline,0.05,stress,r4,2034,0.08451554588678843,0.8232815391048622,1.1565086412254602,4.126952366090876,10.618517226958883,,,,,False,frontier_exceeds_one;ai_rent_capture_impossible,False,1e-09
pilot_per_tierA_baseline_pilot_v3,deterministic-engine-v1,baseline-pilot-v3,v0.1.2-pilot-per,PER,PBI,debt_consistent,0.05,stress,r4,2034,0.09162251730582585,0.8925118600694463,1.2537602624842183,4.3912715293463735,11.591033439546464,,,,,False,frontier_exceeds_one;ai_rent_capture_impossible,False,1e-09
pilot_per_tierA_baseline_pilot_v3,deterministic-engine-v1,baseline-pilot-v3,v0.1.2-pilot-per,PER,PBI,baseline,0.1,stress,r4,2034,0.08850027162336316,0.8620974883233932,1.2110355297275497,4.2762406532080615,11.163786111979777,,,,,False,frontier_exceeds_one;ai_rent_capture_impossible,False,1e-09
pilot_per_tierA_baseline_pilot_v3,deterministic-engine-v1,baseline-pilot-v3,v0.1.2-pilot-per,PER,PBI,debt_consistent,0.1,stress,r4,2034,0.09560724304240059,0.9313278092879773,1.308287150986308,4.535685429090508,12.136302324567362,,,,,False,frontier_exceeds_one;ai_rent_capture_impossible,False,1e-09
pilot_per_tierA_baseline_pilot_v3,deterministic-engine-v1,baseline-pilot-v3,v0.1.2-pilot-per,PER,PBI,baseline,0.25,stress,r4,2034,0.10045444883308732,0.9785453359789856,1.3746161952338187,4.707876498656443,12.79959276704247,,,,,False,frontier_exceeds_one;ai_rent_capture_impossible,False,1e-09
pilot_per_tierA_baseline_pilot_v3,deterministic-engine-v1,baseline-pilot-v3,v0.1.2-pilot-per,PER,PBI,debt_consistent,0.25,stress,r4,2034,0.10756142025212476,1.0477756569435699,1.471867816492577,4.953772306302602,13.772108979630051,,,,,False,frontier_exceeds_one;ai_rent_capture_impossible,False,1e-09
pilot_per_tierA_baseline_pilot_v3,deterministic-engine-v1,baseline-pilot-v3,v0.1.2-pilot-per,PER,PBI,baseline,0.5,stress,r4,2034,0.12037807751596095,1.1726250820716402,1.647250637744267,5.378893072039957,15.525937192146952,,,,,False,frontier_exceeds_one;ai_rent_capture_impossible,False,1e-09
pilot_per_tierA_baseline_pilot_v3,deterministic-engine-v1,baseline-pilot-v3,v0.1.2-pilot-per,PER,PBI,debt_consistent,0.5,stress,r4,2034,0.12748504893499837,1.241855403036224,1.7445022590030252,5.605238061666232,16.498453404734533,,,,,False,frontier_exceeds_one;ai_rent_capture_impossible,False,1e-09
pilot_per_tierA_baseline_pilot_v3,deterministic-engine-v1,baseline-pilot-v3,v0.1.2-pilot-per,PER,UBI,baseline,0.0,stress,r4,2034,0.21455772690847208,2.0900464379969224,2.936002632506567,7.961924232538098,28.413457139769946,,,,,False,frontier_exceeds_one;ai_rent_capture_impossible,False,1e-09
pilot_per_tierA_baseline_pilot_v3,deterministic-engine-v1,baseline-pilot-v3,v0.1.2-pilot-per,PER,UBI,debt_consistent,0.0,stress,r4,2034,0.2216646983275095,2.1592767589615067,3.033254253765325,8.127462187517876,29.385973352357528,,,,,False,frontier_exceeds_one;ai_rent_capture_impossible,False,1e-09
pilot_per_tierA_baseline_pilot_v3,deterministic-engine-v1,baseline-pilot-v3,v0.1.2-pilot-per,PER,UBI,baseline,0.05,stress,r4,2034,0.22523668492877255,2.1940721400466505,3.0821332301401085,8.209432881488885,29.874763116105363,,,,,False,frontier_exceeds_one;ai_rent_capture_impossible,False,1e-09
pilot_per_tierA_baseline_pilot_v3,deterministic-engine-v1,baseline-pilot-v3,v0.1.2-pilot-per,PER,UBI,debt_consistent,0.05,stress,r4,2034,0.23234365634780998,2.263302461011235,3.179384851398867,8.370162504720819,30.84727932869295,,,,,False,frontier_exceeds_one;ai_rent_capture_impossible,False,1e-09
pilot_per_tierA_baseline_pilot_v3,deterministic-engine-v1,baseline-pilot-v3,v0.1.2-pilot-per,PER,UBI,baseline,0.1,stress,r4,2034,0.235915642949073,2.2980978420963787,3.22826382777365,8.449790161218662,31.33606909244078,,,,,False,frontier_exceeds_one;ai_rent_capture_impossible,False,1e-09
pilot_per_tierA_baseline_pilot_v3,deterministic-engine-v1,baseline-pilot-v3,v0.1.2-pilot-per,PER,UBI,debt_consistent,0.1,stress,r4,2034,0.24302261436811043,2.3673281630609626,3.325515449032409,8.605997097633319,32.308585305028366,,,,,False,frontier_exceeds_one;ai_rent_capture_impossible,False,1e-09
pilot_per_tierA_baseline_pilot_v3,deterministic-engine-v1,baseline-pilot-v3,v0.1.2-pilot-per,PER,UBI,baseline,0.25,stress,r4,2034,0.2679525170099743,2.6101749482455623,3.6666556206742746,9.131999913943423,35.719987021447025,,,,,False,frontier_exceeds_one;ai_rent_capture_impossible,False,1e-09
pilot_per_tierA_baseline_pilot_v3,deterministic-engine-v1,baseline-pilot-v3,v0.1.2-pilot-per,PER,UBI,debt_consistent,0.25,stress,r4,2034,0.27505948842901173,2.679405269210146,3.763907241933033,9.276115508887496,36.692503234034604,,,,,False,frontier_exceeds_one;ai_rent_capture_impossible,False,1e-09
pilot_per_tierA_baseline_pilot_v3,deterministic-engine-v1,baseline-pilot-v3,v0.1.2-pilot-per,PER,UBI,baseline,0.5,stress,r4,2034,0.3213473071114766,3.130303458494202,4.397308608841983,10.159106039538683,43.026516903124104,,,,,False,frontier_exceeds_one;ai_rent_capture_impossible,False,1e-09
pilot_per_tierA_baseline_pilot_v3,deterministic-engine-v1,baseline-pilot-v3,v0.1.2-pilot-per,PER,UBI,debt_consistent,0.5,stress,r4,2034,0.328454278530514,3.1995337794587866,4.494560230100741,10.286916902766803,43.99903311571169,,,,,False,frontier_exceeds_one;ai_rent_capture_impossible,False,1e-09
