run_id,model_version,parameter_set_id,dataset_version,country_id,policy_id,requirement_basis,xi,scenario_id,regime_id,endpoint_year,required_revenue_gdp,g_ai_required,mfc_required_gross,t_required_H,tau_ai_required,q_prod_required,q_use_required,aipi_required,exposure_required,existence_condition_pass,impossibility_reason,floor_driven_flag,epsilon_used
pilot_per_tierA_baseline_pilot_v2,deterministic-engine-v1,baseline-pilot-v2,v0.1.2-pilot-per,PER,PEN,baseline,0.0,low,r0,2034,0.006601933931990545,0.040140058192838945,16.456998449376822,7.886583879258316,,,,,,False,frontier_exceeds_one;ai_rent_capture_impossible,False,1e-09
pilot_per_tierA_baseline_pilot_v2,deterministic-engine-v1,baseline-pilot-v2,v0.1.2-pilot-per,PER,PEN,debt_guardrail,0.0,low,r0,2034,0.013708905351027971,0.0833507672477526,34.17293120903714,16.0760255789758,,,,,,False,frontier_exceeds_one;ai_rent_capture_impossible,False,1e-09
pilot_per_tierA_baseline_pilot_v2,deterministic-engine-v1,baseline-pilot-v2,v0.1.2-pilot-per,PER,PEN,baseline,0.05,low,r0,2034,0.006880626195092535,0.04183451981182019,17.15170975502903,8.213443242161238,,,,,,False,frontier_exceeds_one;ai_rent_capture_impossible,False,1e-09
pilot_per_tierA_baseline_pilot_v2,deterministic-engine-v1,baseline-pilot-v2,v0.1.2-pilot-per,PER,PEN,debt_guardrail,0.05,low,r0,2034,0.013987597614129961,0.08504522886673384,34.86764251468935,16.39113694359032,,,,,,False,frontier_exceeds_one;ai_rent_capture_impossible,False,1e-09
pilot_per_tierA_baseline_pilot_v2,deterministic-engine-v1,baseline-pilot-v2,v0.1.2-pilot-per,PER,PEN,baseline,0.1,low,r0,2034,0.007159318458194525,0.043528981430801424,17.84642106068124,8.539824504899814,,,,,,False,frontier_exceeds_one;ai_rent_capture_impossible,False,1e-09
pilot_per_tierA_baseline_pilot_v2,deterministic-engine-v1,baseline-pilot-v2,v0.1.2-pilot-per,PER,PEN,debt_guardrail,0.1,low,r0,2034,0.014266289877231952,0.08673969048571507,35.562353820341556,16.70580573454312,,,,,,False,frontier_exceeds_one;ai_rent_capture_impossible,False,1e-09
pilot_per_tierA_baseline_pilot_v2,deterministic-engine-v1,baseline-pilot-v2,v0.1.2-pilot-per,PER,PEN,baseline,0.25,low,r0,2034,0.007995395247500496,0.048612366287745144,19.93055497763787,9.516114397052515,,,,,,False,frontier_exceeds_one;ai_rent_capture_impossible,False,1e-09
pilot_per_tierA_baseline_pilot_v2,deterministic-engine-v1,baseline-pilot-v2,v0.1.2-pilot-per,PER,PEN,debt_guardrail,0.25,low,r0,2034,0.015102366666537923,0.0918230753426588,37.64648773729818,17.647169738016444,,,,,,False,frontier_exceeds_one;ai_rent_capture_impossible,False,1e-09
pilot_per_tierA_baseline_pilot_v2,deterministic-engine-v1,baseline-pilot-v2,v0.1.2-pilot-per,PER,PEN,baseline,0.5,low,r0,2034,0.009388856563010447,0.05708467438265133,23.404111505898907,11.13383843170535,,,,,,False,frontier_exceeds_one;ai_rent_capture_impossible,False,1e-09
pilot_per_tierA_baseline_pilot_v2,deterministic-engine-v1,baseline-pilot-v2,v0.1.2-pilot-per,PER,PEN,debt_guardrail,0.5,low,r0,2034,0.01649582798204787,0.10029538343756497,41.12004426555922,19.20737940324269,,,,,,False,frontier_exceeds_one;ai_rent_capture_impossible,False,1e-09
pilot_per_tierA_baseline_pilot_v2,deterministic-engine-v1,baseline-pilot-v2,v0.1.2-pilot-per,PER,GMI,baseline,0.0,low,r0,2034,0.045465181376125464,0.2764303679778581,113.33352122503555,49.41404639001645,,,,,,False,frontier_exceeds_one;ai_rent_capture_impossible,False,1e-09
pilot_per_tierA_baseline_pilot_v2,deterministic-engine-v1,baseline-pilot-v2,v0.1.2-pilot-per,PER,GMI,debt_guardrail,0.0,low,r0,2034,0.05257215279516289,0.3196410770327717,131.04945398469587,56.24840405635199,,,,,,False,frontier_exceeds_one;ai_rent_capture_impossible,False,1e-09
pilot_per_tierA_baseline_pilot_v2,deterministic-engine-v1,baseline-pilot-v2,v0.1.2-pilot-per,PER,GMI,baseline,0.05,low,r0,2034,0.04755558740859928,0.28914013160993085,118.54438961441627,51.44561711253137,,,,,,False,frontier_exceeds_one;ai_rent_capture_impossible,False,1e-09
pilot_per_tierA_baseline_pilot_v2,deterministic-engine-v1,baseline-pilot-v2,v0.1.2-pilot-per,PER,GMI,debt_guardrail,0.05,low,r0,2034,0.05466255882763671,0.3323508406648445,136.2603223740766,58.22029245563717,,,,,,False,frontier_exceeds_one;ai_rent_capture_impossible,False,1e-09
pilot_per_tierA_baseline_pilot_v2,deterministic-engine-v1,baseline-pilot-v2,v0.1.2-pilot-per,PER,GMI,baseline,0.1,low,r0,2034,0.049645993441073094,0.3018498952420036,123.755258003797,53.4592406395712,,,,,,False,frontier_exceeds_one;ai_rent_capture_impossible,False,1e-09
pilot_per_tierA_baseline_pilot_v2,deterministic-engine-v1,baseline-pilot-v2,v0.1.2-pilot-per,PER,GMI,debt_guardrail,0.1,low,r0,2034,0.05675296486011052,0.34506060429691726,141.47119076345732,60.17532346783035,,,,,,False,frontier_exceeds_one;ai_rent_capture_impossible,False,1e-09
pilot_per_tierA_baseline_pilot_v2,deterministic-engine-v1,baseline-pilot-v2,v0.1.2-pilot-per,PER,GMI,baseline,0.25,low,r0,2034,0.05591721153849453,0.3399791861382218,139.38786317193916,59.39569674483402,,,,,,False,frontier_exceeds_one;ai_rent_capture_impossible,False,1e-09
pilot_per_tierA_baseline_pilot_v2,deterministic-engine-v1,baseline-pilot-v2,v0.1.2-pilot-per,PER,GMI,debt_guardrail,0.25,low,r0,2034,0.06302418295753195,0.38318989519313545,157.10379593159945,65.94224548833843,,,,,,False,frontier_exceeds_one;ai_rent_capture_impossible,False,1e-09
pilot_per_tierA_baseline_pilot_v2,deterministic-engine-v1,baseline-pilot-v2,v0.1.2-pilot-per,PER,GMI,baseline,0.5,low,r0,2034,0.0663692417008636,0.40352800429858554,165.44220511884276,68.96004546614836,,,,,,False,frontier_exceeds_one;ai_rent_capture_impossible,False,1e-09
pilot_per_tierA_baseline_pilot_v2,deterministic-engine-v1,baseline-pilot-v2,v0.1.2-pilot-per,PER,GMI,debt_guardrail,0.5,low,r0,2034,0.07347621311990102,0.4467387133534992,183.15813787850306,75.24323098773452,,,,,,False,frontier_exceeds_one;ai_rent_capture_impossible,False,1e-09
pilot_per_tierA_baseline_pilot_v2,deterministic-engine-v1,baseline-pilot-v2,v0.1.2-pilot-per,PER,MUT,baseline,0.0,low,r0,2034,0.05435609552022147,0.33048752983496643,135.49638468144312,57.93226622902575,,,,,,False,frontier_exceeds_one;ai_rent_capture_impossible,False,1e-09
pilot_per_tierA_baseline_pilot_v2,deterministic-engine-v1,baseline-pilot-v2,v0.1.2-pilot-per,PER,MUT,debt_guardrail,0.0,low,r0,2034,0.0614630669392589,0.3736982388898801,153.21231744110344,64.52016809334049,,,,,,False,frontier_exceeds_one;ai_rent_capture_impossible,False,1e-09
pilot_per_tierA_baseline_pilot_v2,deterministic-engine-v1,baseline-pilot-v2,v0.1.2-pilot-per,PER,MUT,baseline,0.05,low,r0,2034,0.05702583502529659,0.3467196672961066,142.15138901015416,60.42929455102763,,,,,,False,frontier_exceeds_one;ai_rent_capture_impossible,False,1e-09
pilot_per_tierA_baseline_pilot_v2,deterministic-engine-v1,baseline-pilot-v2,v0.1.2-pilot-per,PER,MUT,debt_guardrail,0.05,low,r0,2034,0.06413280644433401,0.3899303763510203,159.86732176981445,66.94680758356402,,,,,,False,frontier_exceeds_one;ai_rent_capture_impossible,False,1e-09
pilot_per_tierA_baseline_pilot_v2,deterministic-engine-v1,baseline-pilot-v2,v0.1.2-pilot-per,PER,MUT,baseline,0.1,low,r0,2034,0.0596955745303717,0.36295180475724675,148.80639333886515,62.89938109734621,,,,,,False,frontier_exceeds_one;ai_rent_capture_impossible,False,1e-09
pilot_per_tierA_baseline_pilot_v2,deterministic-engine-v1,baseline-pilot-v2,v0.1.2-pilot-per,PER,MUT,debt_guardrail,0.1,low,r0,2034,0.06680254594940913,0.4061625138121604,166.52232609852547,69.34807451080846,,,,,,False,frontier_exceeds_one;ai_rent_capture_impossible,False,1e-09
pilot_per_tierA_baseline_pilot_v2,deterministic-engine-v1,baseline-pilot-v2,v0.1.2-pilot-per,PER,MUT,baseline,0.25,low,r0,2034,0.06770479304559703,0.4116482171406672,168.77140632499817,70.1539522157268,,,,,,False,frontier_exceeds_one;ai_rent_capture_impossible,False,1e-09
pilot_per_tierA_baseline_pilot_v2,deterministic-engine-v1,baseline-pilot-v2,v0.1.2-pilot-per,PER,MUT,debt_guardrail,0.25,low,r0,2034,0.07481176446463444,0.45485892619558077,186.48733908465846,76.40508591374304,,,,,,False,frontier_exceeds_one;ai_rent_capture_impossible,False,1e-09
pilot_per_tierA_baseline_pilot_v2,deterministic-engine-v1,baseline-pilot-v2,v0.1.2-pilot-per,PER,MUT,baseline,0.5,low,r0,2034,0.0810534905709726,0.492808904446368,202.04642796855322,81.75883918838134,,,,,,False,frontier_exceeds_one;ai_rent_capture_impossible,False,1e-09
pilot_per_tierA_baseline_pilot_v2,deterministic-engine-v1,baseline-pilot-v2,v0.1.2-pilot-per,PER,MUT,debt_guardrail,0.5,low,r0,2034,0.08816046199001001,0.5360196135012816,219.7623607282135,87.70759800637717,,,,,,False,frontier_exceeds_one;ai_rent_capture_impossible,False,1e-09
pilot_per_tierA_baseline_pilot_v2,deterministic-engine-v1,baseline-pilot-v2,v0.1.2-pilot-per,PER,PBI,baseline,0.0,low,r0,2034,0.08055582015021372,0.4897830456819661,200.80585794360294,81.33649033949428,,,,,,False,frontier_exceeds_one;ai_rent_capture_impossible,False,1e-09
pilot_per_tierA_baseline_pilot_v2,deterministic-engine-v1,baseline-pilot-v2,v0.1.2-pilot-per,PER,PBI,debt_guardrail,0.0,low,r0,2034,0.08766279156925114,0.5329937547368797,218.52179070326324,87.2959681544095,,,,,,False,frontier_exceeds_one;ai_rent_capture_impossible,False,1e-09
pilot_per_tierA_baseline_pilot_v2,deterministic-engine-v1,baseline-pilot-v2,v0.1.2-pilot-per,PER,PBI,baseline,0.05,low,r0,2034,0.08454054588678844,0.5140103591625763,210.73879970635554,84.69670675535835,,,,,,False,frontier_exceeds_one;ai_rent_capture_impossible,False,1e-09
pilot_per_tierA_baseline_pilot_v2,deterministic-engine-v1,baseline-pilot-v2,v0.1.2-pilot-per,PER,PBI,debt_guardrail,0.05,low,r0,2034,0.09164751730582588,0.55722106821749,228.45473246601586,90.57148663670021,,,,,,False,frontier_exceeds_one;ai_rent_capture_impossible,False,1e-09
pilot_per_tierA_baseline_pilot_v2,deterministic-engine-v1,baseline-pilot-v2,v0.1.2-pilot-per,PER,PBI,baseline,0.1,low,r0,2034,0.08852527162336317,0.5382376726431866,220.6717414691081,88.00887362591273,,,,,,False,frontier_exceeds_one;ai_rent_capture_impossible,False,1e-09
pilot_per_tierA_baseline_pilot_v2,deterministic-engine-v1,baseline-pilot-v2,v0.1.2-pilot-per,PER,PBI,debt_guardrail,0.1,low,r0,2034,0.09563224304240059,0.5814483816981001,238.3876742287684,93.80145748927104,,,,,,False,frontier_exceeds_one;ai_rent_capture_impossible,False,1e-09
pilot_per_tierA_baseline_pilot_v2,deterministic-engine-v1,baseline-pilot-v2,v0.1.2-pilot-per,PER,PBI,baseline,0.25,low,r0,2034,0.10047944883308733,0.6109196130850171,250.4705667573658,97.67104051906693,,,,,,False,frontier_exceeds_one;ai_rent_capture_impossible,False,1e-09
pilot_per_tierA_baseline_pilot_v2,deterministic-engine-v1,baseline-pilot-v2,v0.1.2-pilot-per,PER,PBI,debt_guardrail,0.25,low,r0,2034,0.10758642025212475,0.6541303221399307,268.1864995170261,103.2309691887943,,,,,,False,frontier_exceeds_one;ai_rent_capture_impossible,False,1e-09
pilot_per_tierA_baseline_pilot_v2,deterministic-engine-v1,baseline-pilot-v2,v0.1.2-pilot-per,PER,PBI,baseline,0.5,low,r0,2034,0.12040307751596097,0.7320561804880682,300.13527557112866,112.93527254239599,,,,,,False,frontier_exceeds_one;ai_rent_capture_impossible,False,1e-09
pilot_per_tierA_baseline_pilot_v2,deterministic-engine-v1,baseline-pilot-v2,v0.1.2-pilot-per,PER,PBI,debt_guardrail,0.5,low,r0,2034,0.1275100489349984,0.775266889542982,317.851208330789,118.14828758602816,,,,,,False,frontier_exceeds_one;ai_rent_capture_impossible,False,1e-09
pilot_per_tierA_baseline_pilot_v2,deterministic-engine-v1,baseline-pilot-v2,v0.1.2-pilot-per,PER,UBI,baseline,0.0,low,r0,2034,0.21457272690847207,1.3046119263579665,534.8770633556741,174.1513633267596,,,,,,False,frontier_exceeds_one;ai_rent_capture_impossible,False,1e-09
pilot_per_tierA_baseline_pilot_v2,deterministic-engine-v1,baseline-pilot-v2,v0.1.2-pilot-per,PER,UBI,debt_guardrail,0.0,low,r0,2034,0.2216796983275095,1.3478226354128802,552.5929961153345,178.19383342371663,,,,,,False,frontier_exceeds_one;ai_rent_capture_impossible,False,1e-09
pilot_per_tierA_baseline_pilot_v2,deterministic-engine-v1,baseline-pilot-v2,v0.1.2-pilot-per,PER,UBI,baseline,0.05,low,r0,2034,0.22525168492877254,1.3695404762025272,561.4970806705182,180.2003690922461,,,,,,False,frontier_exceeds_one;ai_rent_capture_impossible,False,1e-09
pilot_per_tierA_baseline_pilot_v2,deterministic-engine-v1,baseline-pilot-v2,v0.1.2-pilot-per,PER,UBI,debt_guardrail,0.05,low,r0,2034,0.23235865634780997,1.412751185257441,579.2130134301785,184.14390715240566,,,,,,False,frontier_exceeds_one;ai_rent_capture_impossible,False,1e-09
pilot_per_tierA_baseline_pilot_v2,deterministic-engine-v1,baseline-pilot-v2,v0.1.2-pilot-per,PER,UBI,baseline,0.1,low,r0,2034,0.23593064294907298,1.4344690260470878,588.1170979853622,186.1019971377998,,,,,,False,frontier_exceeds_one;ai_rent_capture_impossible,False,1e-09
pilot_per_tierA_baseline_pilot_v2,deterministic-engine-v1,baseline-pilot-v2,v0.1.2-pilot-per,PER,UBI,debt_guardrail,0.1,low,r0,2034,0.24303761436811042,1.4776797351020015,605.8330307450226,189.95157938772115,,,,,,False,frontier_exceeds_one;ai_rent_capture_impossible,False,1e-09
pilot_per_tierA_baseline_pilot_v2,deterministic-engine-v1,baseline-pilot-v2,v0.1.2-pilot-per,PER,UBI,baseline,0.25,low,r0,2034,0.26796751700997434,1.6292546755807698,667.9771499298944,202.99373029480142,,,,,,False,frontier_exceeds_one;ai_rent_capture_impossible,False,1e-09
pilot_per_tierA_baseline_pilot_v2,deterministic-engine-v1,baseline-pilot-v2,v0.1.2-pilot-per,PER,UBI,debt_guardrail,0.25,low,r0,2034,0.2750744884290118,1.6724653846356836,685.6930826895547,206.5877586035586,,,,,,False,frontier_exceeds_one;ai_rent_capture_impossible,False,1e-09
pilot_per_tierA_baseline_pilot_v2,deterministic-engine-v1,baseline-pilot-v2,v0.1.2-pilot-per,PER,UBI,baseline,0.5,low,r0,2034,0.3213623071114766,1.9538974248035732,801.0772365041147,228.79198179551963,,,,,,False,frontier_exceeds_one;ai_rent_capture_impossible,False,1e-09
pilot_per_tierA_baseline_pilot_v2,deterministic-engine-v1,baseline-pilot-v2,v0.1.2-pilot-per,PER,UBI,debt_guardrail,0.5,low,r0,2034,0.32846927853051405,1.9971081338584868,818.793169263775,232.0310760828759,,,,,,False,frontier_exceeds_one;ai_rent_capture_impossible,False,1e-09
pilot_per_tierA_baseline_pilot_v2,deterministic-engine-v1,baseline-pilot-v2,v0.1.2-pilot-per,PER,PEN,baseline,0.0,low,r1,2034,0.0065819339319905445,0.038344578127230015,16.407143365642547,7.539714841898912,,,,,,False,frontier_exceeds_one;ai_rent_capture_impossible,False,1e-09
pilot_per_tierA_baseline_pilot_v2,deterministic-engine-v1,baseline-pilot-v2,v0.1.2-pilot-per,PER,PEN,debt_guardrail,0.0,low,r1,2034,0.013688905351027972,0.07974788354492147,34.123076125302866,15.404536606053485,,,,,,False,frontier_exceeds_one;ai_rent_capture_impossible,False,1e-09
pilot_per_tierA_baseline_pilot_v2,deterministic-engine-v1,baseline-pilot-v2,v0.1.2-pilot-per,PER,PEN,baseline,0.05,low,r1,2034,0.006860626195092535,0.039968164350730286,17.101854671294756,7.853399020478301,,,,,,False,frontier_exceeds_one;ai_rent_capture_impossible,False,1e-09
pilot_per_tierA_baseline_pilot_v2,deterministic-engine-v1,baseline-pilot-v2,v0.1.2-pilot-per,PER,PEN,debt_guardrail,0.05,low,r1,2034,0.01396759761412996,0.08137146976842173,34.81778743095507,15.707382396872703,,,,,,False,frontier_exceeds_one;ai_rent_capture_impossible,False,1e-09
pilot_per_tierA_baseline_pilot_v2,deterministic-engine-v1,baseline-pilot-v2,v0.1.2-pilot-per,PER,PEN,baseline,0.1,low,r1,2034,0.007139318458194525,0.041591750574230556,17.796565976946965,8.166642760206077,,,,,,False,frontier_exceeds_one;ai_rent_capture_impossible,False,1e-09
pilot_per_tierA_baseline_pilot_v2,deterministic-engine-v1,baseline-pilot-v2,v0.1.2-pilot-per,PER,PEN,debt_guardrail,0.1,low,r1,2034,0.014246289877231953,0.08299505599192201,35.512498736607284,16.009819236624686,,,,,,False,frontier_exceeds_one;ai_rent_capture_impossible,False,1e-09
pilot_per_tierA_baseline_pilot_v2,deterministic-engine-v1,baseline-pilot-v2,v0.1.2-pilot-per,PER,PEN,baseline,0.25,low,r1,2034,0.007975395247500495,0.04646250924473136,19.88069989390359,9.103744351977141,,,,,,False,frontier_exceeds_one;ai_rent_capture_impossible,False,1e-09
pilot_per_tierA_baseline_pilot_v2,deterministic-engine-v1,baseline-pilot-v2,v0.1.2-pilot-per,PER,PEN,debt_guardrail,0.25,low,r1,2034,0.015082366666537922,0.08786581466242281,37.59663265356391,16.91468766501289,,,,,,False,frontier_exceeds_one;ai_rent_capture_impossible,False,1e-09
pilot_per_tierA_baseline_pilot_v2,deterministic-engine-v1,baseline-pilot-v2,v0.1.2-pilot-per,PER,PEN,baseline,0.5,low,r1,2034,0.009368856563010446,0.0545804403622327,23.35425642216463,10.656892074338684,,,,,,False,frontier_exceeds_one;ai_rent_capture_impossible,False,1e-09
pilot_per_tierA_baseline_pilot_v2,deterministic-engine-v1,baseline-pilot-v2,v0.1.2-pilot-per,PER,PEN,debt_guardrail,0.5,low,r1,2034,0.016475827982047872,0.09598374577992416,41.070189181824944,18.414730352176697,,,,,,False,frontier_exceeds_one;ai_rent_capture_impossible,False,1e-09
pilot_per_tierA_baseline_pilot_v2,deterministic-engine-v1,baseline-pilot-v2,v0.1.2-pilot-per,PER,GMI,baseline,0.0,low,r1,2034,0.04541518137612546,0.26457664091327526,113.20888351569985,47.502832328851675,,,,,,False,frontier_exceeds_one;ai_rent_capture_impossible,False,1e-09
pilot_per_tierA_baseline_pilot_v2,deterministic-engine-v1,baseline-pilot-v2,v0.1.2-pilot-per,PER,GMI,debt_guardrail,0.0,low,r1,2034,0.05252215279516289,0.30597994633096676,130.92481627536017,54.10976175878687,,,,,,False,frontier_exceeds_one;ai_rent_capture_impossible,False,1e-09
pilot_per_tierA_baseline_pilot_v2,deterministic-engine-v1,baseline-pilot-v2,v0.1.2-pilot-per,PER,GMI,baseline,0.05,low,r1,2034,0.04750558740859928,0.27675478464094777,118.41975190508059,49.46612819984398,,,,,,False,frontier_exceeds_one;ai_rent_capture_impossible,False,1e-09
pilot_per_tierA_baseline_pilot_v2,deterministic-engine-v1,baseline-pilot-v2,v0.1.2-pilot-per,PER,GMI,debt_guardrail,0.05,low,r1,2034,0.05461255882763671,0.3181580900586392,136.13568466474092,56.017209921033604,,,,,,False,frontier_exceeds_one;ai_rent_capture_impossible,False,1e-09
pilot_per_tierA_baseline_pilot_v2,deterministic-engine-v1,baseline-pilot-v2,v0.1.2-pilot-per,PER,GMI,baseline,0.1,low,r1,2034,0.04959599344107309,0.28893292836862017,123.63062029446131,51.41264188211936,,,,,,False,frontier_exceeds_one;ai_rent_capture_impossible,False,1e-09
pilot_per_tierA_baseline_pilot_v2,deterministic-engine-v1,baseline-pilot-v2,v0.1.2-pilot-per,PER,GMI,debt_guardrail,0.1,low,r1,2034,0.05670296486011052,0.3303362337863116,141.3465530541216,57.90886330738292,,,,,,False,frontier_exceeds_one;ai_rent_capture_impossible,False,1e-09
pilot_per_tierA_baseline_pilot_v2,deterministic-engine-v1,baseline-pilot-v2,v0.1.2-pilot-per,PER,GMI,baseline,0.25,low,r1,2034,0.05586721153849453,0.32546735955163747,139.26322546260346,57.15444953934908,,,,,,False,frontier_exceeds_one;ai_rent_capture_impossible,False,1e-09
pilot_per_tierA_baseline_pilot_v2,deterministic-engine-v1,baseline-pilot-v2,v0.1.2-pilot-per,PER,GMI,debt_guardrail,0.25,low,r1,2034,0.06297418295753196,0.36687066496932896,156.97915822226378,63.49175518834815,,,,,,False,frontier_exceeds_one;ai_rent_capture_impossible,False,1e-09
pilot_per_tierA_baseline_pilot_v2,deterministic-engine-v1,baseline-pilot-v2,v0.1.2-pilot-per,PER,GMI,baseline,0.5,low,r1,2034,0.0663192417008636,0.38635807818999973,165.3175674095071,66.41496051680005,,,,,,False,frontier_exceeds_one;ai_rent_capture_impossible,False,1e-09
pilot_per_tierA_baseline_pilot_v2,deterministic-engine-v1,baseline-pilot-v2,v0.1.2-pilot-per,PER,GMI,debt_guardrail,0.5,low,r1,2034,0.07342621311990102,0.42776138360769117,183.03350016916738,72.50486560719159,,,,,,False,frontier_exceeds_one;ai_rent_capture_impossible,False,1e-09
pilot_per_tierA_baseline_pilot_v2,deterministic-engine-v1,baseline-pilot-v2,v0.1.2-pilot-per,PER,MUT,baseline,0.0,low,r1,2034,0.054343595520221465,0.31659118211621584,135.46522525410919,55.772678228651095,,,,,,False,frontier_exceeds_one;ai_rent_capture_impossible,False,1e-09
pilot_per_tierA_baseline_pilot_v2,deterministic-engine-v1,baseline-pilot-v2,v0.1.2-pilot-per,PER,MUT,debt_guardrail,0.0,low,r1,2034,0.06145056693925889,0.3579944875339073,153.1811580137695,62.14783410559762,,,,,,False,frontier_exceeds_one;ai_rent_capture_impossible,False,1e-09
pilot_per_tierA_baseline_pilot_v2,deterministic-engine-v1,baseline-pilot-v2,v0.1.2-pilot-per,PER,MUT,baseline,0.05,low,r1,2034,0.05701333502529658,0.33214436695360083,142.1202295828202,58.188394099139195,,,,,,False,frontier_exceeds_one;ai_rent_capture_impossible,False,1e-09
pilot_per_tierA_baseline_pilot_v2,deterministic-engine-v1,baseline-pilot-v2,v0.1.2-pilot-per,PER,MUT,debt_guardrail,0.05,low,r1,2034,0.064120306444334,0.37354767237129227,159.83616234248052,64.49753845471484,,,,,,False,frontier_exceeds_one;ai_rent_capture_impossible,False,1e-09
pilot_per_tierA_baseline_pilot_v2,deterministic-engine-v1,baseline-pilot-v2,v0.1.2-pilot-per,PER,MUT,baseline,0.1,low,r1,2034,0.059683074530371694,0.3476975517909858,148.77523391153122,60.57885825343102,,,,,,False,frontier_exceeds_one;ai_rent_capture_impossible,False,1e-09
pilot_per_tierA_baseline_pilot_v2,deterministic-engine-v1,baseline-pilot-v2,v0.1.2-pilot-per,PER,MUT,debt_guardrail,0.1,low,r1,2034,0.06679004594940913,0.3891008572086773,166.49116667119156,66.82341776370907,,,,,,False,frontier_exceeds_one;ai_rent_capture_impossible,False,1e-09
pilot_per_tierA_baseline_pilot_v2,deterministic-engine-v1,baseline-pilot-v2,v0.1.2-pilot-per,PER,MUT,baseline,0.25,low,r1,2034,0.06769229304559703,0.3943571063031407,168.74024689766424,67.60415909572471,,,,,,False,frontier_exceeds_one;ai_rent_capture_impossible,False,1e-09
pilot_per_tierA_baseline_pilot_v2,deterministic-engine-v1,baseline-pilot-v2,v0.1.2-pilot-per,PER,MUT,debt_guardrail,0.25,low,r1,2034,0.07479926446463445,0.43576041172083213,186.45617965732453,73.66306874452644,,,,,,False,frontier_exceeds_one;ai_rent_capture_impossible,False,1e-09
pilot_per_tierA_baseline_pilot_v2,deterministic-engine-v1,baseline-pilot-v2,v0.1.2-pilot-per,PER,MUT,baseline,0.5,low,r1,2034,0.0810409905709726,0.47212303049006565,202.0152685412193,78.85599559948567,,,,,,False,frontier_exceeds_one;ai_rent_capture_impossible,False,1e-09
pilot_per_tierA_baseline_pilot_v2,deterministic-engine-v1,baseline-pilot-v2,v0.1.2-pilot-per,PER,MUT,debt_guardrail,0.5,low,r1,2034,0.08814796199001002,0.5135263359077571,219.7312013008796,84.6300502181272,,,,,,False,frontier_exceeds_one;ai_rent_capture_impossible,False,1e-09
pilot_per_tierA_baseline_pilot_v2,deterministic-engine-v1,baseline-pilot-v2,v0.1.2-pilot-per,PER,PBI,baseline,0.0,low,r1,2034,0.0805433201502137,0.4692237363726254,200.774698516269,78.44620897294494,,,,,,False,frontier_exceeds_one;ai_rent_capture_impossible,False,1e-09
pilot_per_tierA_baseline_pilot_v2,deterministic-engine-v1,baseline-pilot-v2,v0.1.2-pilot-per,PER,PBI,debt_guardrail,0.0,low,r1,2034,0.08765029156925114,0.5106270417903169,218.49063127592933,84.23037617163627,,,,,,False,frontier_exceeds_one;ai_rent_capture_impossible,False,1e-09
pilot_per_tierA_baseline_pilot_v2,deterministic-engine-v1,baseline-pilot-v2,v0.1.2-pilot-per,PER,PBI,baseline,0.05,low,r1,2034,0.08452804588678843,0.49243767757903084,210.70764027902158,81.70706489201253,,,,,,False,frontier_exceeds_one;ai_rent_capture_impossible,False,1e-09
pilot_per_tierA_baseline_pilot_v2,deterministic-engine-v1,baseline-pilot-v2,v0.1.2-pilot-per,PER,PBI,debt_guardrail,0.05,low,r1,2034,0.09163501730582585,0.5338409829967222,228.42357303868187,87.41129650962684,,,,,,False,frontier_exceeds_one;ai_rent_capture_impossible,False,1e-09
pilot_per_tierA_baseline_pilot_v2,deterministic-engine-v1,baseline-pilot-v2,v0.1.2-pilot-per,PER,PBI,baseline,0.1,low,r1,2034,0.08851277162336316,0.5156516187854363,220.64058204177414,84.92258767881513,,,,,,False,frontier_exceeds_one;ai_rent_capture_impossible,False,1e-09
pilot_per_tierA_baseline_pilot_v2,deterministic-engine-v1,baseline-pilot-v2,v0.1.2-pilot-per,PER,PBI,debt_guardrail,0.1,low,r1,2034,0.09561974304240059,0.5570549242031279,238.35651480143449,90.54918070830651,,,,,,False,frontier_exceeds_one;ai_rent_capture_impossible,False,1e-09
pilot_per_tierA_baseline_pilot_v2,deterministic-engine-v1,baseline-pilot-v2,v0.1.2-pilot-per,PER,PBI,baseline,0.25,low,r1,2034,0.10046694883308732,0.5852934424046528,250.43940733003183,94.30997859539953,,,,,,False,frontier_exceeds_one;ai_rent_capture_impossible,False,1e-09
pilot_per_tierA_baseline_pilot_v2,deterministic-engine-v1,baseline-pilot-v2,v0.1.2-pilot-per,PER,PBI,debt_guardrail,0.25,low,r1,2034,0.10757392025212476,0.6266967478223442,268.1553400896922,99.71647332911392,,,,,,False,frontier_exceeds_one;ai_rent_capture_impossible,False,1e-09
pilot_per_tierA_baseline_pilot_v2,deterministic-engine-v1,baseline-pilot-v2,v0.1.2-pilot-per,PER,PBI,baseline,0.5,low,r1,2034,0.12039057751596095,0.7013631484366801,300.1041161437947,109.1608326525271,,,,,,False,frontier_exceeds_one;ai_rent_capture_impossible,False,1e-09
pilot_per_tierA_baseline_pilot_v2,deterministic-engine-v1,baseline-pilot-v2,v0.1.2-pilot-per,PER,PBI,debt_guardrail,0.5,low,r1,2034,0.12749754893499837,0.7427664538543716,317.820048903455,114.23819732828304,,,,,,False,frontier_exceeds_one;ai_rent_capture_impossible,False,1e-09
pilot_per_tierA_baseline_pilot_v2,deterministic-engine-v1,baseline-pilot-v2,v0.1.2-pilot-per,PER,UBI,baseline,0.0,low,r1,2034,0.21456522690847207,1.2499993454189176,534.8583676992738,168.94347929543358,,,,,,False,frontier_exceeds_one;ai_rent_capture_impossible,False,1e-09
pilot_per_tierA_baseline_pilot_v2,deterministic-engine-v1,baseline-pilot-v2,v0.1.2-pilot-per,PER,UBI,debt_guardrail,0.0,low,r1,2034,0.2216721983275095,1.291402650836609,552.5743004589341,172.90198561149634,,,,,,False,frontier_exceeds_one;ai_rent_capture_impossible,False,1e-09
pilot_per_tierA_baseline_pilot_v2,deterministic-engine-v1,baseline-pilot-v2,v0.1.2-pilot-per,PER,UBI,baseline,0.05,low,r1,2034,0.22524418492877255,1.3122120847684575,561.4783850141179,174.8672940229527,,,,,,False,frontier_exceeds_one;ai_rent_capture_impossible,False,1e-09
pilot_per_tierA_baseline_pilot_v2,deterministic-engine-v1,baseline-pilot-v2,v0.1.2-pilot-per,PER,UBI,debt_guardrail,0.05,low,r1,2034,0.23235115634780998,1.3536153901861492,579.1943177737783,178.73066082987523,,,,,,False,frontier_exceeds_one;ai_rent_capture_impossible,False,1e-09
pilot_per_tierA_baseline_pilot_v2,deterministic-engine-v1,baseline-pilot-v2,v0.1.2-pilot-per,PER,UBI,baseline,0.1,low,r1,2034,0.235923142949073,1.3744248241179975,588.0984023289619,180.64935877452052,,,,,,False,frontier_exceeds_one;ai_rent_capture_impossible,False,1e-09
pilot_per_tierA_baseline_pilot_v2,deterministic-engine-v1,baseline-pilot-v2,v0.1.2-pilot-per,PER,UBI,debt_guardrail,0.1,low,r1,2034,0.24303011436811042,1.415828129535689,605.8143350886222,184.42228792826165,,,,,,False,frontier_exceeds_one;ai_rent_capture_impossible,False,1e-09
pilot_per_tierA_baseline_pilot_v2,deterministic-engine-v1,baseline-pilot-v2,v0.1.2-pilot-per,PER,UBI,baseline,0.25,low,r1,2034,0.26796001700997435,1.5610630421666174,667.958454273494,197.2123052072567,,,,,,False,frontier_exceeds_one;ai_rent_capture_impossible,False,1e-09
pilot_per_tierA_baseline_pilot_v2,deterministic-engine-v1,baseline-pilot-v2,v0.1.2-pilot-per,PER,UBI,debt_guardrail,0.25,low,r1,2034,0.2750669884290118,1.6024663475843088,685.6743870331544,200.73883840328034,,,,,,False,frontier_exceeds_one;ai_rent_capture_impossible,False,1e-09
pilot_per_tierA_baseline_pilot_v2,deterministic-engine-v1,baseline-pilot-v2,v0.1.2-pilot-per,PER,UBI,baseline,0.5,low,r1,2034,0.3213548071114766,1.872126738914317,801.0585408477143,222.54393945960967,,,,,,False,frontier_exceeds_one;ai_rent_capture_impossible,False,1e-09
pilot_per_tierA_baseline_pilot_v2,deterministic-engine-v1,baseline-pilot-v2,v0.1.2-pilot-per,PER,UBI,debt_guardrail,0.5,low,r1,2034,0.32846177853051406,1.9135300443320087,818.7744736073746,225.72726420023858,,,,,,False,frontier_exceeds_one;ai_rent_capture_impossible,False,1e-09
pilot_per_tierA_baseline_pilot_v2,deterministic-engine-v1,baseline-pilot-v2,v0.1.2-pilot-per,PER,PEN,baseline,0.0,low,r2,2034,0.0065819339319905445,0.03690576322019918,16.407143365642547,7.2613601568417785,,,,,,False,frontier_exceeds_one;ai_rent_capture_impossible,False,1e-09
pilot_per_tierA_baseline_pilot_v2,deterministic-engine-v1,baseline-pilot-v2,v0.1.2-pilot-per,PER,PEN,debt_guardrail,0.0,low,r2,2034,0.013688905351027972,0.07675548020518806,34.123076125302866,14.84529144505439,,,,,,False,frontier_exceeds_one;ai_rent_capture_impossible,False,1e-09
pilot_per_tierA_baseline_pilot_v2,deterministic-engine-v1,baseline-pilot-v2,v0.1.2-pilot-per,PER,PEN,baseline,0.05,low,r2,2034,0.006860626195092535,0.03846842713928731,17.101854671294756,7.56365857614133,,,,,,False,frontier_exceeds_one;ai_rent_capture_impossible,False,1e-09
pilot_per_tierA_baseline_pilot_v2,deterministic-engine-v1,baseline-pilot-v2,v0.1.2-pilot-per,PER,PEN,debt_guardrail,0.05,low,r2,2034,0.01396759761412996,0.07831814412427618,34.81778743095507,15.137509295008014,,,,,,False,frontier_exceeds_one;ai_rent_capture_impossible,False,1e-09
pilot_per_tierA_baseline_pilot_v2,deterministic-engine-v1,baseline-pilot-v2,v0.1.2-pilot-per,PER,PEN,baseline,0.1,low,r2,2034,0.007139318458194525,0.04003109105837544,17.796565976946965,7.865547869645861,,,,,,False,frontier_exceeds_one;ai_rent_capture_impossible,False,1e-09
pilot_per_tierA_baseline_pilot_v2,deterministic-engine-v1,baseline-pilot-v2,v0.1.2-pilot-per,PER,PEN,debt_guardrail,0.1,low,r2,2034,0.014246289877231953,0.07988080804336432,35.512498736607284,15.429346267776735,,,,,,False,frontier_exceeds_one;ai_rent_capture_impossible,False,1e-09
pilot_per_tierA_baseline_pilot_v2,deterministic-engine-v1,baseline-pilot-v2,v0.1.2-pilot-per,PER,PEN,baseline,0.25,low,r2,2034,0.007975395247500495,0.04471908281563984,19.88069989390359,8.768772641813161,,,,,,False,frontier_exceeds_one;ai_rent_capture_impossible,False,1e-09
pilot_per_tierA_baseline_pilot_v2,deterministic-engine-v1,baseline-pilot-v2,v0.1.2-pilot-per,PER,PEN,debt_guardrail,0.25,low,r2,2034,0.015082366666537922,0.08456879980062872,37.59663265356391,16.30258236624284,,,,,,False,frontier_exceeds_one;ai_rent_capture_impossible,False,1e-09
pilot_per_tierA_baseline_pilot_v2,deterministic-engine-v1,baseline-pilot-v2,v0.1.2-pilot-per,PER,PEN,baseline,0.5,low,r2,2034,0.009368856563010446,0.052532402411080495,23.35425642216463,10.266072691976344,,,,,,False,frontier_exceeds_one;ai_rent_capture_impossible,False,1e-09
pilot_per_tierA_baseline_pilot_v2,deterministic-engine-v1,baseline-pilot-v2,v0.1.2-pilot-per,PER,PEN,debt_guardrail,0.5,low,r2,2034,0.016475827982047872,0.09238211939606937,41.070189181824944,17.750455139019028,,,,,,False,frontier_exceeds_one;ai_rent_capture_impossible,False,1e-09
pilot_per_tierA_baseline_pilot_v2,deterministic-engine-v1,baseline-pilot-v2,v0.1.2-pilot-per,PER,GMI,baseline,0.0,low,r2,2034,0.04541518137612546,0.2546488536330227,113.20888351569985,45.88969612353616,,,,,,False,frontier_exceeds_one;ai_rent_capture_impossible,False,1e-09
pilot_per_tierA_baseline_pilot_v2,deterministic-engine-v1,baseline-pilot-v2,v0.1.2-pilot-per,PER,GMI,debt_guardrail,0.0,low,r2,2034,0.05252215279516289,0.2944985706180116,130.92481627536017,52.29673009002277,,,,,,False,frontier_exceeds_one;ai_rent_capture_impossible,False,1e-09
pilot_per_tierA_baseline_pilot_v2,deterministic-engine-v1,baseline-pilot-v2,v0.1.2-pilot-per,PER,GMI,baseline,0.05,low,r2,2034,0.04750558740859928,0.2663700332841261,118.41975190508059,47.793019144251424,,,,,,False,frontier_exceeds_one;ai_rent_capture_impossible,False,1e-09
pilot_per_tierA_baseline_pilot_v2,deterministic-engine-v1,baseline-pilot-v2,v0.1.2-pilot-per,PER,GMI,debt_guardrail,0.05,low,r2,2034,0.05461255882763671,0.306219750269115,136.13568466474092,54.14747619036772,,,,,,False,frontier_exceeds_one;ai_rent_capture_impossible,False,1e-09
pilot_per_tierA_baseline_pilot_v2,deterministic-engine-v1,baseline-pilot-v2,v0.1.2-pilot-per,PER,GMI,baseline,0.1,low,r2,2034,0.04959599344107309,0.27809121293522954,123.63062029446131,49.68055271336272,,,,,,False,frontier_exceeds_one;ai_rent_capture_impossible,False,1e-09
pilot_per_tierA_baseline_pilot_v2,deterministic-engine-v1,baseline-pilot-v2,v0.1.2-pilot-per,PER,GMI,debt_guardrail,0.1,low,r2,2034,0.05670296486011052,0.3179409299202184,141.3465530541216,55.9833355254637,,,,,,False,frontier_exceeds_one;ai_rent_capture_impossible,False,1e-09
pilot_per_tierA_baseline_pilot_v2,deterministic-engine-v1,baseline-pilot-v2,v0.1.2-pilot-per,PER,GMI,baseline,0.25,low,r2,2034,0.05586721153849453,0.3132547518885397,139.26322546260346,55.25112100818972,,,,,,False,frontier_exceeds_one;ai_rent_capture_impossible,False,1e-09
pilot_per_tierA_baseline_pilot_v2,deterministic-engine-v1,baseline-pilot-v2,v0.1.2-pilot-per,PER,GMI,debt_guardrail,0.25,low,r2,2034,0.06297418295753196,0.3531044688735286,156.97915822226378,61.404066809928814,,,,,,False,frontier_exceeds_one;ai_rent_capture_impossible,False,1e-09
pilot_per_tierA_baseline_pilot_v2,deterministic-engine-v1,baseline-pilot-v2,v0.1.2-pilot-per,PER,GMI,baseline,0.5,low,r2,2034,0.0663192417008636,0.3718606501440567,165.3175674095071,64.2438319560061,,,,,,False,frontier_exceeds_one;ai_rent_capture_impossible,False,1e-09
pilot_per_tierA_baseline_pilot_v2,deterministic-engine-v1,baseline-pilot-v2,v0.1.2-pilot-per,PER,GMI,debt_guardrail,0.5,low,r2,2034,0.07342621311990102,0.4117103671290456,183.03350016916738,70.16306620698715,,,,,,False,frontier_exceeds_one;ai_rent_capture_impossible,False,1e-09
pilot_per_tierA_baseline_pilot_v2,deterministic-engine-v1,baseline-pilot-v2,v0.1.2-pilot-per,PER,MUT,baseline,0.0,low,r2,2034,0.054343595520221465,0.3047116378752571,135.46522525410919,53.910188707848306,,,,,,False,frontier_exceeds_one;ai_rent_capture_impossible,False,1e-09
pilot_per_tierA_baseline_pilot_v2,deterministic-engine-v1,baseline-pilot-v2,v0.1.2-pilot-per,PER,MUT,debt_guardrail,0.0,low,r2,2034,0.06145056693925889,0.344561354860246,153.1811580137695,60.09884266082506,,,,,,False,frontier_exceeds_one;ai_rent_capture_impossible,False,1e-09
pilot_per_tierA_baseline_pilot_v2,deterministic-engine-v1,baseline-pilot-v2,v0.1.2-pilot-per,PER,MUT,baseline,0.05,low,r2,2034,0.05701333502529658,0.31968121597372895,142.1202295828202,56.254658370880485,,,,,,False,frontier_exceeds_one;ai_rent_capture_impossible,False,1e-09
pilot_per_tierA_baseline_pilot_v2,deterministic-engine-v1,baseline-pilot-v2,v0.1.2-pilot-per,PER,MUT,debt_guardrail,0.05,low,r2,2034,0.064120306444334,0.3595309329587178,159.83616234248052,62.38102839776459,,,,,,False,frontier_exceeds_one;ai_rent_capture_impossible,False,1e-09
pilot_per_tierA_baseline_pilot_v2,deterministic-engine-v1,baseline-pilot-v2,v0.1.2-pilot-per,PER,MUT,baseline,0.1,low,r2,2034,0.059683074530371694,0.3346507940722007,148.77523391153122,58.57531437552345,,,,,,False,frontier_exceeds_one;ai_rent_capture_impossible,False,1e-09
pilot_per_tierA_baseline_pilot_v2,deterministic-engine-v1,baseline-pilot-v2,v0.1.2-pilot-per,PER,MUT,debt_guardrail,0.1,low,r2,2034,0.06679004594940913,0.3745005110571896,166.49116667119156,64.64070926378841,,,,,,False,frontier_exceeds_one;ai_rent_capture_impossible,False,1e-09
pilot_per_tierA_baseline_pilot_v2,deterministic-engine-v1,baseline-pilot-v2,v0.1.2-pilot-per,PER,MUT,baseline,0.25,low,r2,2034,0.06769229304559703,0.379559528367616,168.74024689766424,65.39936983108694,,,,,,False,frontier_exceeds_one;ai_rent_capture_impossible,False,1e-09
pilot_per_tierA_baseline_pilot_v2,deterministic-engine-v1,baseline-pilot-v2,v0.1.2-pilot-per,PER,MUT,debt_guardrail,0.25,low,r2,2034,0.07479926446463445,0.4194092453526048,186.45617965732453,71.28928549470922,,,,,,False,frontier_exceeds_one;ai_rent_capture_impossible,False,1e-09
pilot_per_tierA_baseline_pilot_v2,deterministic-engine-v1,baseline-pilot-v2,v0.1.2-pilot-per,PER,MUT,baseline,0.5,low,r2,2034,0.0810409905709726,0.4544074188599749,202.0152685412193,76.34063684139122,,,,,,False,frontier_exceeds_one;ai_rent_capture_impossible,False,1e-09
pilot_per_tierA_baseline_pilot_v2,deterministic-engine-v1,baseline-pilot-v2,v0.1.2-pilot-per,PER,MUT,debt_guardrail,0.5,low,r2,2034,0.08814796199001002,0.4942571358449637,219.7312013008796,81.96071051540402,,,,,,False,frontier_exceeds_one;ai_rent_capture_impossible,False,1e-09
pilot_per_tierA_baseline_pilot_v2,deterministic-engine-v1,baseline-pilot-v2,v0.1.2-pilot-per,PER,PBI,baseline,0.0,low,r2,2034,0.0805433201502137,0.4516169158102626,200.774698516269,75.94191476219108,,,,,,False,frontier_exceeds_one;ai_rent_capture_impossible,False,1e-09
pilot_per_tierA_baseline_pilot_v2,deterministic-engine-v1,baseline-pilot-v2,v0.1.2-pilot-per,PER,PBI,debt_guardrail,0.0,low,r2,2034,0.08765029156925114,0.4914666327952515,218.49063127592933,81.57158031433741,,,,,,False,frontier_exceeds_one;ai_rent_capture_impossible,False,1e-09
pilot_per_tierA_baseline_pilot_v2,deterministic-engine-v1,baseline-pilot-v2,v0.1.2-pilot-per,PER,PBI,baseline,0.05,low,r2,2034,0.08452804588678843,0.47395979345853245,210.70764027902158,79.1152282485295,,,,,,False,frontier_exceeds_one;ai_rent_capture_impossible,False,1e-09
pilot_per_tierA_baseline_pilot_v2,deterministic-engine-v1,baseline-pilot-v2,v0.1.2-pilot-per,PER,PBI,debt_guardrail,0.05,low,r2,2034,0.09163501730582585,0.5138095104435213,228.42357303868187,84.6690495033191,,,,,,False,frontier_exceeds_one;ai_rent_capture_impossible,False,1e-09
pilot_per_tierA_baseline_pilot_v2,deterministic-engine-v1,baseline-pilot-v2,v0.1.2-pilot-per,PER,PBI,baseline,0.1,low,r2,2034,0.08851277162336316,0.4963026711068023,220.64058204177414,82.24554120231326,,,,,,False,frontier_exceeds_one;ai_rent_capture_impossible,False,1e-09
pilot_per_tierA_baseline_pilot_v2,deterministic-engine-v1,baseline-pilot-v2,v0.1.2-pilot-per,PER,PBI,debt_guardrail,0.1,low,r2,2034,0.09561974304240059,0.5361523880917912,238.35651480143449,87.72564359233071,,,,,,False,frontier_exceeds_one;ai_rent_capture_impossible,False,1e-09
pilot_per_tierA_baseline_pilot_v2,deterministic-engine-v1,baseline-pilot-v2,v0.1.2-pilot-per,PER,PBI,baseline,0.25,low,r2,2034,0.10046694883308732,0.5633313040516119,250.43940733003183,91.39034183613134,,,,,,False,frontier_exceeds_one;ai_rent_capture_impossible,False,1e-09
pilot_per_tierA_baseline_pilot_v2,deterministic-engine-v1,baseline-pilot-v2,v0.1.2-pilot-per,PER,PBI,debt_guardrail,0.25,low,r2,2034,0.10757392025212476,0.6031810210366008,268.1553400896922,96.66116896639919,,,,,,False,frontier_exceeds_one;ai_rent_capture_impossible,False,1e-09
pilot_per_tierA_baseline_pilot_v2,deterministic-engine-v1,baseline-pilot-v2,v0.1.2-pilot-per,PER,PBI,baseline,0.5,low,r2,2034,0.12039057751596095,0.6750456922929613,300.1041161437947,105.87535215350974,,,,,,False,frontier_exceeds_one;ai_rent_capture_impossible,False,1e-09
pilot_per_tierA_baseline_pilot_v2,deterministic-engine-v1,baseline-pilot-v2,v0.1.2-pilot-per,PER,PBI,debt_guardrail,0.5,low,r2,2034,0.12749754893499837,0.7148954092779501,317.820048903455,110.83243755033867,,,,,,False,frontier_exceeds_one;ai_rent_capture_impossible,False,1e-09
pilot_per_tierA_baseline_pilot_v2,deterministic-engine-v1,baseline-pilot-v2,v0.1.2-pilot-per,PER,UBI,baseline,0.0,low,r2,2034,0.21456522690847207,1.2030952515467692,534.8583676992738,164.37905776049521,,,,,,False,frontier_exceeds_one;ai_rent_capture_impossible,False,1e-09
pilot_per_tierA_baseline_pilot_v2,deterministic-engine-v1,baseline-pilot-v2,v0.1.2-pilot-per,PER,UBI,debt_guardrail,0.0,low,r2,2034,0.2216721983275095,1.2429449685317582,552.5743004589341,168.2624935470581,,,,,,False,frontier_exceeds_one;ai_rent_capture_impossible,False,1e-09
pilot_per_tierA_baseline_pilot_v2,deterministic-engine-v1,baseline-pilot-v2,v0.1.2-pilot-per,PER,UBI,baseline,0.05,low,r2,2034,0.22524418492877255,1.2629735639406563,561.4783850141179,170.19092820936353,,,,,,False,frontier_exceeds_one;ai_rent_capture_impossible,False,1e-09
pilot_per_tierA_baseline_pilot_v2,deterministic-engine-v1,baseline-pilot-v2,v0.1.2-pilot-per,PER,UBI,debt_guardrail,0.05,low,r2,2034,0.23235115634780998,1.3028232809256453,579.1943177737783,173.98256507074413,,,,,,False,frontier_exceeds_one;ai_rent_capture_impossible,False,1e-09
pilot_per_tierA_baseline_pilot_v2,deterministic-engine-v1,baseline-pilot-v2,v0.1.2-pilot-per,PER,UBI,baseline,0.1,low,r2,2034,0.235923142949073,1.3228518763345434,588.0984023289619,175.86600679937297,,,,,,False,frontier_exceeds_one;ai_rent_capture_impossible,False,1e-09
pilot_per_tierA_baseline_pilot_v2,deterministic-engine-v1,baseline-pilot-v2,v0.1.2-pilot-per,PER,UBI,debt_guardrail,0.1,low,r2,2034,0.24303011436811042,1.3627015933195323,605.8143350886222,179.57030872817927,,,,,,False,frontier_exceeds_one;ai_rent_capture_impossible,False,1e-09
pilot_per_tierA_baseline_pilot_v2,deterministic-engine-v1,baseline-pilot-v2,v0.1.2-pilot-per,PER,UBI,baseline,0.25,low,r2,2034,0.26796001700997435,1.5024868135162048,667.958454273494,192.13439073189093,,,,,,False,frontier_exceeds_one;ai_rent_capture_impossible,False,1e-09
pilot_per_tierA_baseline_pilot_v2,deterministic-engine-v1,baseline-pilot-v2,v0.1.2-pilot-per,PER,UBI,debt_guardrail,0.25,low,r2,2034,0.2750669884290118,1.5423365305011936,685.6743870331544,195.60039098129312,,,,,,False,frontier_exceeds_one;ai_rent_capture_impossible,False,1e-09
pilot_per_tierA_baseline_pilot_v2,deterministic-engine-v1,baseline-pilot-v2,v0.1.2-pilot-per,PER,UBI,baseline,0.5,low,r2,2034,0.3213548071114766,1.8018783754856402,801.0585408477143,217.04712059846491,,,,,,False,frontier_exceeds_one;ai_rent_capture_impossible,False,1e-09
pilot_per_tierA_baseline_pilot_v2,deterministic-engine-v1,baseline-pilot-v2,v0.1.2-pilot-per,PER,UBI,debt_guardrail,0.5,low,r2,2034,0.32846177853051406,1.8417280924706292,818.7744736073746,220.1803150884885,,,,,,False,frontier_exceeds_one;ai_rent_capture_impossible,False,1e-09
pilot_per_tierA_baseline_pilot_v2,deterministic-engine-v1,baseline-pilot-v2,v0.1.2-pilot-per,PER,PEN,baseline,0.0,low,r3,2034,0.006593933931990544,0.04206510550637595,16.437056415883113,8.257885921817664,,,,,,False,frontier_exceeds_one;ai_rent_capture_impossible,False,1e-09
pilot_per_tierA_baseline_pilot_v2,deterministic-engine-v1,baseline-pilot-v2,v0.1.2-pilot-per,PER,PEN,debt_guardrail,0.0,low,r3,2034,0.01370090535102797,0.08740306394757623,34.152989175543425,16.82887676760244,,,,,,False,frontier_exceeds_one;ai_rent_capture_impossible,False,1e-09
pilot_per_tierA_baseline_pilot_v2,deterministic-engine-v1,baseline-pilot-v2,v0.1.2-pilot-per,PER,PEN,baseline,0.05,low,r3,2034,0.006872626195092535,0.04384298492890406,17.131767721535322,8.60025436919282,,,,,,False,frontier_exceeds_one;ai_rent_capture_impossible,False,1e-09
pilot_per_tierA_baseline_pilot_v2,deterministic-engine-v1,baseline-pilot-v2,v0.1.2-pilot-per,PER,PEN,debt_guardrail,0.05,low,r3,2034,0.013979597614129962,0.08918094337010435,34.84770048119564,17.1583813716959,,,,,,False,frontier_exceeds_one;ai_rent_capture_impossible,False,1e-09
pilot_per_tierA_baseline_pilot_v2,deterministic-engine-v1,baseline-pilot-v2,v0.1.2-pilot-per,PER,PEN,baseline,0.1,low,r3,2034,0.007151318458194525,0.04562086435143218,17.82647902718753,8.94209840670089,,,,,,False,frontier_exceeds_one;ai_rent_capture_impossible,False,1e-09
pilot_per_tierA_baseline_pilot_v2,deterministic-engine-v1,baseline-pilot-v2,v0.1.2-pilot-per,PER,PEN,debt_guardrail,0.1,low,r3,2034,0.01425828987723195,0.09095882279263247,35.54241178684784,17.487402262991097,,,,,,False,frontier_exceeds_one;ai_rent_capture_impossible,False,1e-09
pilot_per_tierA_baseline_pilot_v2,deterministic-engine-v1,baseline-pilot-v2,v0.1.2-pilot-per,PER,PEN,baseline,0.25,low,r3,2034,0.007987395247500497,0.05095450261901654,19.91061294414416,9.964500947033482,,,,,,False,frontier_exceeds_one;ai_rent_capture_impossible,False,1e-09
pilot_per_tierA_baseline_pilot_v2,deterministic-engine-v1,baseline-pilot-v2,v0.1.2-pilot-per,PER,PEN,debt_guardrail,0.25,low,r3,2034,0.015094366666537923,0.09629246106021683,37.626545703804474,18.47157759123989,,,,,,False,frontier_exceeds_one;ai_rent_capture_impossible,False,1e-09
pilot_per_tierA_baseline_pilot_v2,deterministic-engine-v1,baseline-pilot-v2,v0.1.2-pilot-per,PER,PEN,baseline,0.5,low,r3,2034,0.009380856563010447,0.059843899731657116,23.3841694724052,11.658173359737797,,,,,,False,frontier_exceeds_one;ai_rent_capture_impossible,False,1e-09
pilot_per_tierA_baseline_pilot_v2,deterministic-engine-v1,baseline-pilot-v2,v0.1.2-pilot-per,PER,PEN,debt_guardrail,0.5,low,r3,2034,0.016487827982047874,0.1051818581728574,41.10010223206552,20.102333858632797,,,,,,False,frontier_exceeds_one;ai_rent_capture_impossible,False,1e-09
pilot_per_tierA_baseline_pilot_v2,deterministic-engine-v1,baseline-pilot-v2,v0.1.2-pilot-per,PER,GMI,baseline,0.0,low,r3,2034,0.045445181376125465,0.28991135929777617,113.28366614130128,51.568311756282974,,,,,,False,frontier_exceeds_one;ai_rent_capture_impossible,False,1e-09
pilot_per_tierA_baseline_pilot_v2,deterministic-engine-v1,baseline-pilot-v2,v0.1.2-pilot-per,PER,GMI,debt_guardrail,0.0,low,r3,2034,0.05255215279516289,0.3352493177389765,130.9995989009616,58.66761248673604,,,,,,False,frontier_exceeds_one;ai_rent_capture_impossible,False,1e-09
pilot_per_tierA_baseline_pilot_v2,deterministic-engine-v1,baseline-pilot-v2,v0.1.2-pilot-per,PER,GMI,baseline,0.05,low,r3,2034,0.047535587408599284,0.3032468205283729,118.494534530682,53.679476857242975,,,,,,False,frontier_exceeds_one;ai_rent_capture_impossible,False,1e-09
pilot_per_tierA_baseline_pilot_v2,deterministic-engine-v1,baseline-pilot-v2,v0.1.2-pilot-per,PER,GMI,debt_guardrail,0.05,low,r3,2034,0.05464255882763671,0.3485847789695732,136.21046729034234,60.7144717810755,,,,,,False,frontier_exceeds_one;ai_rent_capture_impossible,False,1e-09
pilot_per_tierA_baseline_pilot_v2,deterministic-engine-v1,baseline-pilot-v2,v0.1.2-pilot-per,PER,GMI,baseline,0.1,low,r3,2034,0.049625993441073095,0.3165822817589695,123.70540292006272,55.771288490730356,,,,,,False,frontier_exceeds_one;ai_rent_capture_impossible,False,1e-09
pilot_per_tierA_baseline_pilot_v2,deterministic-engine-v1,baseline-pilot-v2,v0.1.2-pilot-per,PER,GMI,debt_guardrail,0.1,low,r3,2034,0.05673296486011052,0.36192024020016983,141.42133567972303,62.743195163184744,,,,,,False,frontier_exceeds_one;ai_rent_capture_impossible,False,1e-09
pilot_per_tierA_baseline_pilot_v2,deterministic-engine-v1,baseline-pilot-v2,v0.1.2-pilot-per,PER,GMI,baseline,0.25,low,r3,2034,0.05589721153849453,0.35658866545075946,139.33800808820487,61.93425707137628,,,,,,False,frontier_exceeds_one;ai_rent_capture_impossible,False,1e-09
pilot_per_tierA_baseline_pilot_v2,deterministic-engine-v1,baseline-pilot-v2,v0.1.2-pilot-per,PER,GMI,debt_guardrail,0.25,low,r3,2034,0.06300418295753196,0.4019266238919598,157.05394084786522,68.72386247516894,,,,,,False,frontier_exceeds_one;ai_rent_capture_impossible,False,1e-09
pilot_per_tierA_baseline_pilot_v2,deterministic-engine-v1,baseline-pilot-v2,v0.1.2-pilot-per,PER,GMI,baseline,0.5,low,r3,2034,0.0663492417008636,0.42326597160374285,165.3923500351085,71.85139575754765,,,,,,False,frontier_exceeds_one;ai_rent_capture_impossible,False,1e-09
pilot_per_tierA_baseline_pilot_v2,deterministic-engine-v1,baseline-pilot-v2,v0.1.2-pilot-per,PER,GMI,debt_guardrail,0.5,low,r3,2034,0.07345621311990103,0.4686039300449431,183.1082827947688,78.35851104785237,,,,,,False,frontier_exceeds_one;ai_rent_capture_impossible,False,1e-09
pilot_per_tierA_baseline_pilot_v2,deterministic-engine-v1,baseline-pilot-v2,v0.1.2-pilot-per,PER,MUT,baseline,0.0,low,r3,2034,0.054351095520221465,0.34672542840523435,135.48392091050954,60.43017597686972,,,,,,False,frontier_exceeds_one;ai_rent_capture_impossible,False,1e-09
pilot_per_tierA_baseline_pilot_v2,deterministic-engine-v1,baseline-pilot-v2,v0.1.2-pilot-per,PER,MUT,debt_guardrail,0.0,low,r3,2034,0.06145806693925889,0.39206338684643466,153.19985367016986,67.26378587494105,,,,,,False,frontier_exceeds_one;ai_rent_capture_impossible,False,1e-09
pilot_per_tierA_baseline_pilot_v2,deterministic-engine-v1,baseline-pilot-v2,v0.1.2-pilot-per,PER,MUT,baseline,0.05,low,r3,2034,0.05702083502529658,0.36375666880190954,142.13892523922055,63.021169151687594,,,,,,False,frontier_exceeds_one;ai_rent_capture_impossible,False,1e-09
pilot_per_tierA_baseline_pilot_v2,deterministic-engine-v1,baseline-pilot-v2,v0.1.2-pilot-per,PER,MUT,debt_guardrail,0.05,low,r3,2034,0.06412780644433401,0.40909462724310985,159.85485799888087,69.77916816644894,,,,,,False,frontier_exceeds_one;ai_rent_capture_impossible,False,1e-09
pilot_per_tierA_baseline_pilot_v2,deterministic-engine-v1,baseline-pilot-v2,v0.1.2-pilot-per,PER,MUT,baseline,0.1,low,r3,2034,0.059690574530371694,0.3807879091985847,148.79392956793157,65.5832024916957,,,,,,False,frontier_exceeds_one;ai_rent_capture_impossible,False,1e-09
pilot_per_tierA_baseline_pilot_v2,deterministic-engine-v1,baseline-pilot-v2,v0.1.2-pilot-per,PER,MUT,debt_guardrail,0.1,low,r3,2034,0.06679754594940912,0.426125867639785,166.5098623275919,72.26733548577698,,,,,,False,frontier_exceeds_one;ai_rent_capture_impossible,False,1e-09
pilot_per_tierA_baseline_pilot_v2,deterministic-engine-v1,baseline-pilot-v2,v0.1.2-pilot-per,PER,MUT,baseline,0.25,low,r3,2034,0.06769979304559703,0.4318816303886102,168.75894255406462,73.10217567998396,,,,,,False,frontier_exceeds_one;ai_rent_capture_impossible,False,1e-09
pilot_per_tierA_baseline_pilot_v2,deterministic-engine-v1,baseline-pilot-v2,v0.1.2-pilot-per,PER,MUT,debt_guardrail,0.25,low,r3,2034,0.07480676446463447,0.4772195888298106,186.47487531372494,79.57458640710101,,,,,,False,frontier_exceeds_one;ai_rent_capture_impossible,False,1e-09
pilot_per_tierA_baseline_pilot_v2,deterministic-engine-v1,baseline-pilot-v2,v0.1.2-pilot-per,PER,MUT,baseline,0.5,low,r3,2034,0.0810484905709726,0.5170378323719861,202.03396419761967,85.11319607283245,,,,,,False,frontier_exceeds_one;ai_rent_capture_impossible,False,1e-09
pilot_per_tierA_baseline_pilot_v2,deterministic-engine-v1,baseline-pilot-v2,v0.1.2-pilot-per,PER,MUT,debt_guardrail,0.5,low,r3,2034,0.08815546199001004,0.5623757908131864,219.74989695728001,91.2624801989031,,,,,,False,frontier_exceeds_one;ai_rent_capture_impossible,False,1e-09
pilot_per_tierA_baseline_pilot_v2,deterministic-engine-v1,baseline-pilot-v2,v0.1.2-pilot-per,PER,PBI,baseline,0.0,low,r3,2034,0.08055082015021371,0.5138630115484014,200.79339417266937,84.67641703027206,,,,,,False,frontier_exceeds_one;ai_rent_capture_impossible,False,1e-09
pilot_per_tierA_baseline_pilot_v2,deterministic-engine-v1,baseline-pilot-v2,v0.1.2-pilot-per,PER,PBI,debt_guardrail,0.0,low,r3,2034,0.08765779156925113,0.5592009699896017,218.50932693232966,90.83713677473094,,,,,,False,frontier_exceeds_one;ai_rent_capture_impossible,False,1e-09
pilot_per_tierA_baseline_pilot_v2,deterministic-engine-v1,baseline-pilot-v2,v0.1.2-pilot-per,PER,PBI,baseline,0.05,low,r3,2034,0.08453554588678844,0.539283027922813,210.72633593542196,88.15072712027343,,,,,,False,frontier_exceeds_one;ai_rent_capture_impossible,False,1e-09
pilot_per_tierA_baseline_pilot_v2,deterministic-engine-v1,baseline-pilot-v2,v0.1.2-pilot-per,PER,PBI,debt_guardrail,0.05,low,r3,2034,0.09164251730582587,0.5846209863640133,228.44226869508228,94.22112436457668,,,,,,False,frontier_exceeds_one;ai_rent_capture_impossible,False,1e-09
pilot_per_tierA_baseline_pilot_v2,deterministic-engine-v1,baseline-pilot-v2,v0.1.2-pilot-per,PER,PBI,baseline,0.1,low,r3,2034,0.08852027162336316,0.5647030442972245,220.65927769817452,91.57377782033191,,,,,,False,frontier_exceeds_one;ai_rent_capture_impossible,False,1e-09
pilot_per_tierA_baseline_pilot_v2,deterministic-engine-v1,baseline-pilot-v2,v0.1.2-pilot-per,PER,PBI,debt_guardrail,0.1,low,r3,2034,0.09562724304240058,0.6100410027384248,238.3752104578348,97.55660352512282,,,,,,False,frontier_exceeds_one;ai_rent_capture_impossible,False,1e-09
pilot_per_tierA_baseline_pilot_v2,deterministic-engine-v1,baseline-pilot-v2,v0.1.2-pilot-per,PER,PBI,baseline,0.25,low,r3,2034,0.10047444883308733,0.640963093420459,250.4581029864322,101.55072504849468,,,,,,False,frontier_exceeds_one;ai_rent_capture_impossible,False,1e-09
pilot_per_tierA_baseline_pilot_v2,deterministic-engine-v1,baseline-pilot-v2,v0.1.2-pilot-per,PER,PBI,debt_guardrail,0.25,low,r3,2034,0.10758142025212475,0.6863010518616592,268.1740357460925,107.2861207045313,,,,,,False,frontier_exceeds_one;ai_rent_capture_impossible,False,1e-09
pilot_per_tierA_baseline_pilot_v2,deterministic-engine-v1,baseline-pilot-v2,v0.1.2-pilot-per,PER,PBI,baseline,0.5,low,r3,2034,0.12039807751596096,0.7680631752925167,300.12281180019505,117.287207526009,,,,,,False,frontier_exceeds_one;ai_rent_capture_impossible,False,1e-09
pilot_per_tierA_baseline_pilot_v2,deterministic-engine-v1,baseline-pilot-v2,v0.1.2-pilot-per,PER,PBI,debt_guardrail,0.5,low,r3,2034,0.1275050489349984,0.813401133733717,317.8387445598554,122.6548579412838,,,,,,False,frontier_exceeds_one;ai_rent_capture_impossible,False,1e-09
pilot_per_tierA_baseline_pilot_v2,deterministic-engine-v1,baseline-pilot-v2,v0.1.2-pilot-per,PER,UBI,baseline,0.0,low,r3,2034,0.21456972690847206,1.3688184161339416,534.869585093114,180.13392365461408,,,,,,False,frontier_exceeds_one;ai_rent_capture_impossible,False,1e-09
pilot_per_tierA_baseline_pilot_v2,deterministic-engine-v1,baseline-pilot-v2,v0.1.2-pilot-per,PER,UBI,debt_guardrail,0.0,low,r3,2034,0.2216766983275095,1.414156374575142,552.5855178527743,184.27107864199618,,,,,,False,frontier_exceeds_one;ai_rent_capture_impossible,False,1e-09
pilot_per_tierA_baseline_pilot_v2,deterministic-engine-v1,baseline-pilot-v2,v0.1.2-pilot-per,PER,UBI,baseline,0.05,low,r3,2034,0.22524868492877254,1.4369433777206424,561.489602407958,186.32408715653668,,,,,,False,frontier_exceeds_one;ai_rent_capture_impossible,False,1e-09
pilot_per_tierA_baseline_pilot_v2,deterministic-engine-v1,baseline-pilot-v2,v0.1.2-pilot-per,PER,UBI,debt_guardrail,0.05,low,r3,2034,0.23235565634780997,1.4822813361618428,579.2055351676185,190.35796247149605,,,,,,False,frontier_exceeds_one;ai_rent_capture_impossible,False,1e-09
pilot_per_tierA_baseline_pilot_v2,deterministic-engine-v1,baseline-pilot-v2,v0.1.2-pilot-per,PER,UBI,baseline,0.1,low,r3,2034,0.23592764294907298,1.5050683393073432,588.1096197228021,192.3604229390231,,,,,,False,frontier_exceeds_one;ai_rent_capture_impossible,False,1e-09
pilot_per_tierA_baseline_pilot_v2,deterministic-engine-v1,baseline-pilot-v2,v0.1.2-pilot-per,PER,UBI,debt_guardrail,0.1,low,r3,2034,0.2430346143681104,1.5504062977485433,605.8255524824624,196.29631486262585,,,,,,False,frontier_exceeds_one;ai_rent_capture_impossible,False,1e-09
pilot_per_tierA_baseline_pilot_v2,deterministic-engine-v1,baseline-pilot-v2,v0.1.2-pilot-per,PER,UBI,baseline,0.25,low,r3,2034,0.2679645170099743,1.709443224067445,667.9696716673342,209.62208070508214,,,,,,False,frontier_exceeds_one;ai_rent_capture_impossible,False,1e-09
pilot_per_tierA_baseline_pilot_v2,deterministic-engine-v1,baseline-pilot-v2,v0.1.2-pilot-per,PER,UBI,debt_guardrail,0.25,low,r3,2034,0.27507148842901175,1.7547811825086455,685.6856044269945,213.29196015913473,,,,,,False,frontier_exceeds_one;ai_rent_capture_impossible,False,1e-09
pilot_per_tierA_baseline_pilot_v2,deterministic-engine-v1,baseline-pilot-v2,v0.1.2-pilot-per,PER,UBI,baseline,0.5,low,r3,2034,0.3213593071114766,2.0500680320009486,801.0697582415544,235.94413392837922,,,,,,False,frontier_exceeds_one;ai_rent_capture_impossible,False,1e-09
pilot_per_tierA_baseline_pilot_v2,deterministic-engine-v1,baseline-pilot-v2,v0.1.2-pilot-per,PER,UBI,debt_guardrail,0.5,low,r3,2034,0.328466278530514,2.0954059904421487,818.7856910012148,239.24574445159556,,,,,,False,frontier_exceeds_one;ai_rent_capture_impossible,False,1e-09
pilot_per_tierA_baseline_pilot_v2,deterministic-engine-v1,baseline-pilot-v2,v0.1.2-pilot-per,PER,PEN,baseline,0.0,low,r4,2034,0.0065619339319905445,0.034275385626117295,16.357288281908275,6.751584595308413,,,,,,False,frontier_exceeds_one;ai_rent_capture_impossible,False,1e-09
pilot_per_tierA_baseline_pilot_v2,deterministic-engine-v1,baseline-pilot-v2,v0.1.2-pilot-per,PER,PEN,debt_guardrail,0.0,low,r4,2034,0.013668905351027971,0.07139770178259956,34.07322104156859,13.84048181609218,,,,,,False,frontier_exceeds_one;ai_rent_capture_impossible,False,1e-09
pilot_per_tierA_baseline_pilot_v2,deterministic-engine-v1,baseline-pilot-v2,v0.1.2-pilot-per,PER,PEN,baseline,0.05,low,r4,2034,0.006840626195092535,0.03573109744641878,17.051999587560484,7.033850177706189,,,,,,False,frontier_exceeds_one;ai_rent_capture_impossible,False,1e-09
pilot_per_tierA_baseline_pilot_v2,deterministic-engine-v1,baseline-pilot-v2,v0.1.2-pilot-per,PER,PEN,debt_guardrail,0.05,low,r4,2034,0.013947597614129961,0.07285341360290105,34.7679323472208,14.113935876916228,,,,,,False,frontier_exceeds_one;ai_rent_capture_impossible,False,1e-09
pilot_per_tierA_baseline_pilot_v2,deterministic-engine-v1,baseline-pilot-v2,v0.1.2-pilot-per,PER,PEN,baseline,0.1,low,r4,2034,0.007119318458194525,0.03718680926672027,17.746710893212693,7.3157589358347215,,,,,,False,frontier_exceeds_one;ai_rent_capture_impossible,False,1e-09
pilot_per_tierA_baseline_pilot_v2,deterministic-engine-v1,baseline-pilot-v2,v0.1.2-pilot-per,PER,PEN,debt_guardrail,0.1,low,r4,2034,0.014226289877231952,0.07430912542320255,35.462643652873005,14.387056206430135,,,,,,False,frontier_exceeds_one;ai_rent_capture_impossible,False,1e-09
pilot_per_tierA_baseline_pilot_v2,deterministic-engine-v1,baseline-pilot-v2,v0.1.2-pilot-per,PER,PEN,baseline,0.25,low,r4,2034,0.007955395247500496,0.041553944727624734,19.830844810169317,8.15935375469402,,,,,,False,frontier_exceeds_one;ai_rent_capture_impossible,False,1e-09
pilot_per_tierA_baseline_pilot_v2,deterministic-engine-v1,baseline-pilot-v2,v0.1.2-pilot-per,PER,PEN,debt_guardrail,0.25,low,r4,2034,0.015062366666537923,0.07867626088410701,37.546777569829636,15.204423377108599,,,,,,False,frontier_exceeds_one;ai_rent_capture_impossible,False,1e-09
pilot_per_tierA_baseline_pilot_v2,deterministic-engine-v1,baseline-pilot-v2,v0.1.2-pilot-per,PER,PEN,baseline,0.5,low,r4,2034,0.009348856563010446,0.04883250382913217,23.30440133843036,9.558296633893347,,,,,,False,frontier_exceeds_one;ai_rent_capture_impossible,False,1e-09
pilot_per_tierA_baseline_pilot_v2,deterministic-engine-v1,baseline-pilot-v2,v0.1.2-pilot-per,PER,PEN,debt_guardrail,0.5,low,r4,2034,0.016455827982047873,0.08595481998561444,41.02033409809067,16.560106854423264,,,,,,False,frontier_exceeds_one;ai_rent_capture_impossible,False,1e-09
pilot_per_tierA_baseline_pilot_v2,deterministic-engine-v1,baseline-pilot-v2,v0.1.2-pilot-per,PER,GMI,baseline,0.0,low,r4,2034,0.04536518137612546,0.23695896694189622,113.08424580636417,42.98663242412622,,,,,,False,frontier_exceeds_one;ai_rent_capture_impossible,False,1e-09
pilot_per_tierA_baseline_pilot_v2,deterministic-engine-v1,baseline-pilot-v2,v0.1.2-pilot-per,PER,GMI,debt_guardrail,0.0,low,r4,2034,0.05247215279516289,0.2740812830983785,130.80017856602447,49.03656875487712,,,,,,False,frontier_exceeds_one;ai_rent_capture_impossible,False,1e-09
pilot_per_tierA_baseline_pilot_v2,deterministic-engine-v1,baseline-pilot-v2,v0.1.2-pilot-per,PER,GMI,baseline,0.05,low,r4,2034,0.04745558740859928,0.24787792370384998,118.2951141957449,44.782905790155475,,,,,,False,frontier_exceeds_one;ai_rent_capture_impossible,False,1e-09
pilot_per_tierA_baseline_pilot_v2,deterministic-engine-v1,baseline-pilot-v2,v0.1.2-pilot-per,PER,GMI,debt_guardrail,0.05,low,r4,2034,0.054562558827636706,0.28500023986033224,136.01104695540522,50.78587031031372,,,,,,False,frontier_exceeds_one;ai_rent_capture_impossible,False,1e-09
pilot_per_tierA_baseline_pilot_v2,deterministic-engine-v1,baseline-pilot-v2,v0.1.2-pilot-per,PER,GMI,baseline,0.1,low,r4,2034,0.04954599344107309,0.25879688046580374,123.50598258512562,46.56508876427947,,,,,,False,frontier_exceeds_one;ai_rent_capture_impossible,False,1e-09
pilot_per_tierA_baseline_pilot_v2,deterministic-engine-v1,baseline-pilot-v2,v0.1.2-pilot-per,PER,GMI,debt_guardrail,0.1,low,r4,2034,0.05665296486011052,0.295919196622286,141.22191534478594,52.5218448442102,,,,,,False,frontier_exceeds_one;ai_rent_capture_impossible,False,1e-09
pilot_per_tierA_baseline_pilot_v2,deterministic-engine-v1,baseline-pilot-v2,v0.1.2-pilot-per,PER,GMI,baseline,0.25,low,r4,2034,0.055817211538494525,0.2915537507516649,139.13858775326776,51.82938002231812,,,,,,False,frontier_exceeds_one;ai_rent_capture_impossible,False,1e-09
pilot_per_tierA_baseline_pilot_v2,deterministic-engine-v1,baseline-pilot-v2,v0.1.2-pilot-per,PER,GMI,debt_guardrail,0.25,low,r4,2034,0.06292418295753195,0.32867606690814716,156.85452051292808,57.65190629549068,,,,,,False,frontier_exceeds_one;ai_rent_capture_impossible,False,1e-09
pilot_per_tierA_baseline_pilot_v2,deterministic-engine-v1,baseline-pilot-v2,v0.1.2-pilot-per,PER,GMI,baseline,0.5,low,r4,2034,0.06626924170086361,0.3461485345614337,165.19292970017142,60.341896758860685,,,,,,False,frontier_exceeds_one;ai_rent_capture_impossible,False,1e-09
pilot_per_tierA_baseline_pilot_v2,deterministic-engine-v1,baseline-pilot-v2,v0.1.2-pilot-per,PER,GMI,debt_guardrail,0.5,low,r4,2034,0.07337621311990103,0.3832708507179159,182.9088624598317,65.9543367445307,,,,,,False,frontier_exceeds_one;ai_rent_capture_impossible,False,1e-09
pilot_per_tierA_baseline_pilot_v2,deterministic-engine-v1,baseline-pilot-v2,v0.1.2-pilot-per,PER,MUT,baseline,0.0,low,r4,2034,0.054331095520221466,0.2837912221831995,135.43406582677528,50.592836356693006,,,,,,False,frontier_exceeds_one;ai_rent_capture_impossible,False,1e-09
pilot_per_tierA_baseline_pilot_v2,deterministic-engine-v1,baseline-pilot-v2,v0.1.2-pilot-per,PER,MUT,debt_guardrail,0.0,low,r4,2034,0.06143806693925889,0.3209135383396818,153.1499985864356,56.44659142272745,,,,,,False,frontier_exceeds_one;ai_rent_capture_impossible,False,1e-09
pilot_per_tierA_baseline_pilot_v2,deterministic-engine-v1,baseline-pilot-v2,v0.1.2-pilot-per,PER,MUT,baseline,0.05,low,r4,2034,0.057000835025296584,0.29773624997624387,142.0890701554863,52.80945464314573,,,,,,False,frontier_exceeds_one;ai_rent_capture_impossible,False,1e-09
pilot_per_tierA_baseline_pilot_v2,deterministic-engine-v1,baseline-pilot-v2,v0.1.2-pilot-per,PER,MUT,debt_guardrail,0.05,low,r4,2034,0.064107806444334,0.33485856613272613,159.8050029151466,58.6073590479297,,,,,,False,frontier_exceeds_one;ai_rent_capture_impossible,False,1e-09
pilot_per_tierA_baseline_pilot_v2,deterministic-engine-v1,baseline-pilot-v2,v0.1.2-pilot-per,PER,MUT,baseline,0.1,low,r4,2034,0.059670574530371695,0.3116812777692882,148.7440744841973,55.00473854734784,,,,,,False,frontier_exceeds_one;ai_rent_capture_impossible,False,1e-09
pilot_per_tierA_baseline_pilot_v2,deterministic-engine-v1,baseline-pilot-v2,v0.1.2-pilot-per,PER,MUT,debt_guardrail,0.1,low,r4,2034,0.06677754594940913,0.34880359392577054,166.46000724385763,60.747905513517196,,,,,,False,frontier_exceeds_one;ai_rent_capture_impossible,False,1e-09
pilot_per_tierA_baseline_pilot_v2,deterministic-engine-v1,baseline-pilot-v2,v0.1.2-pilot-per,PER,MUT,baseline,0.25,low,r4,2034,0.06767979304559703,0.3535163611484213,168.70908747033033,61.46680846395169,,,,,,False,frontier_exceeds_one;ai_rent_capture_impossible,False,1e-09
pilot_per_tierA_baseline_pilot_v2,deterministic-engine-v1,baseline-pilot-v2,v0.1.2-pilot-per,PER,MUT,debt_guardrail,0.25,low,r4,2034,0.07478676446463445,0.39063867730490354,186.42502022999062,67.05211392142668,,,,,,False,frontier_exceeds_one;ai_rent_capture_impossible,False,1e-09
pilot_per_tierA_baseline_pilot_v2,deterministic-engine-v1,baseline-pilot-v2,v0.1.2-pilot-per,PER,MUT,baseline,0.5,low,r4,2034,0.0810284905709726,0.42324150011364314,201.98410911388538,71.84783340980508,,,,,,False,frontier_exceeds_one;ai_rent_capture_impossible,False,1e-09
pilot_per_tierA_baseline_pilot_v2,deterministic-engine-v1,baseline-pilot-v2,v0.1.2-pilot-per,PER,MUT,debt_guardrail,0.5,low,r4,2034,0.08813546199001002,0.46036381627012535,219.70004187354567,77.18942076905184,,,,,,False,frontier_exceeds_one;ai_rent_capture_impossible,False,1e-09
pilot_per_tierA_baseline_pilot_v2,deterministic-engine-v1,baseline-pilot-v2,v0.1.2-pilot-per,PER,PBI,baseline,0.0,low,r4,2034,0.0805308201502137,0.4206419851287294,200.74353908893508,71.46910420053253,,,,,,False,frontier_exceeds_one;ai_rent_capture_impossible,False,1e-09
pilot_per_tierA_baseline_pilot_v2,deterministic-engine-v1,baseline-pilot-v2,v0.1.2-pilot-per,PER,PBI,debt_guardrail,0.0,low,r4,2034,0.08763779156925114,0.4577643012852117,218.4594718485954,76.81937495527171,,,,,,False,frontier_exceeds_one;ai_rent_capture_impossible,False,1e-09
pilot_per_tierA_baseline_pilot_v2,deterministic-engine-v1,baseline-pilot-v2,v0.1.2-pilot-per,PER,PBI,baseline,0.05,low,r4,2034,0.08451554588678843,0.4414556679013602,210.67648085168764,74.48416771933773,,,,,,False,frontier_exceeds_one;ai_rent_capture_impossible,False,1e-09
pilot_per_tierA_baseline_pilot_v2,deterministic-engine-v1,baseline-pilot-v2,v0.1.2-pilot-per,PER,PBI,debt_guardrail,0.05,low,r4,2034,0.09162251730582585,0.47857798405784246,228.39241361134796,79.76573713044112,,,,,,False,frontier_exceeds_one;ai_rent_capture_impossible,False,1e-09
pilot_per_tierA_baseline_pilot_v2,deterministic-engine-v1,baseline-pilot-v2,v0.1.2-pilot-per,PER,PBI,baseline,0.1,low,r4,2034,0.08850027162336316,0.462269350673991,220.60942261444023,77.46030078165643,,,,,,False,frontier_exceeds_one;ai_rent_capture_impossible,False,1e-09
pilot_per_tierA_baseline_pilot_v2,deterministic-engine-v1,baseline-pilot-v2,v0.1.2-pilot-per,PER,PBI,debt_guardrail,0.1,low,r4,2034,0.09560724304240059,0.4993916668304733,238.32535537410055,82.67500512018589,,,,,,False,frontier_exceeds_one;ai_rent_capture_impossible,False,1e-09
pilot_per_tierA_baseline_pilot_v2,deterministic-engine-v1,baseline-pilot-v2,v0.1.2-pilot-per,PER,PBI,baseline,0.25,low,r4,2034,0.10045444883308732,0.5247103989918833,250.40824790269792,86.16536993641749,,,,,,False,frontier_exceeds_one;ai_rent_capture_impossible,False,1e-09
pilot_per_tierA_baseline_pilot_v2,deterministic-engine-v1,baseline-pilot-v2,v0.1.2-pilot-per,PER,PBI,debt_guardrail,0.25,low,r4,2034,0.10756142025212476,0.5618327151483656,268.12418066235824,91.18977736685245,,,,,,False,frontier_exceeds_one;ai_rent_capture_impossible,False,1e-09
pilot_per_tierA_baseline_pilot_v2,deterministic-engine-v1,baseline-pilot-v2,v0.1.2-pilot-per,PER,PBI,baseline,0.5,low,r4,2034,0.12037807751596095,0.6287788128550372,300.0729567164608,99.98506858487524,,,,,,False,frontier_exceeds_one;ai_rent_capture_impossible,False,1e-09
pilot_per_tierA_baseline_pilot_v2,deterministic-engine-v1,baseline-pilot-v2,v0.1.2-pilot-per,PER,PBI,debt_guardrail,0.5,low,r4,2034,0.12748504893499837,0.6659011290115195,317.7888894761211,104.72285919119084,,,,,,False,frontier_exceeds_one;ai_rent_capture_impossible,False,1e-09
pilot_per_tierA_baseline_pilot_v2,deterministic-engine-v1,baseline-pilot-v2,v0.1.2-pilot-per,PER,UBI,baseline,0.0,low,r4,2034,0.21455772690847208,1.120713634893336,534.8396720428734,156.14616610291364,,,,,,False,frontier_exceeds_one;ai_rent_capture_impossible,False,1e-09
pilot_per_tierA_baseline_pilot_v2,deterministic-engine-v1,baseline-pilot-v2,v0.1.2-pilot-per,PER,UBI,debt_guardrail,0.0,low,r4,2034,0.2216646983275095,1.1578359510498182,552.5556048025338,159.8910164090753,,,,,,False,frontier_exceeds_one;ai_rent_capture_impossible,False,1e-09
pilot_per_tierA_baseline_pilot_v2,deterministic-engine-v1,baseline-pilot-v2,v0.1.2-pilot-per,PER,UBI,baseline,0.05,low,r4,2034,0.22523668492877255,1.1764937460655136,561.4596893577176,161.75134582621502,,,,,,False,frontier_exceeds_one;ai_rent_capture_impossible,False,1e-09
pilot_per_tierA_baseline_pilot_v2,deterministic-engine-v1,baseline-pilot-v2,v0.1.2-pilot-per,PER,UBI,debt_guardrail,0.05,low,r4,2034,0.23234365634780998,1.2136160622219958,579.1756221173779,165.41043557949877,,,,,,False,frontier_exceeds_one;ai_rent_capture_impossible,False,1e-09
pilot_per_tierA_baseline_pilot_v2,deterministic-engine-v1,baseline-pilot-v2,v0.1.2-pilot-per,PER,UBI,baseline,0.1,low,r4,2034,0.235915642949073,1.232273857237691,588.0797066725615,167.2286983823612,,,,,,False,frontier_exceeds_one;ai_rent_capture_impossible,False,1e-09
pilot_per_tierA_baseline_pilot_v2,deterministic-engine-v1,baseline-pilot-v2,v0.1.2-pilot-per,PER,UBI,debt_guardrail,0.1,low,r4,2034,0.24302261436811043,1.2693961733941732,605.795639432222,170.80607102550366,,,,,,False,frontier_exceeds_one;ai_rent_capture_impossible,False,1e-09
pilot_per_tierA_baseline_pilot_v2,deterministic-engine-v1,baseline-pilot-v2,v0.1.2-pilot-per,PER,UBI,baseline,0.25,low,r4,2034,0.2679525170099743,1.399614190754223,667.9397586170936,182.9517563423925,,,,,,False,frontier_exceeds_one;ai_rent_capture_impossible,False,1e-09
pilot_per_tierA_baseline_pilot_v2,deterministic-engine-v1,baseline-pilot-v2,v0.1.2-pilot-per,PER,UBI,debt_guardrail,0.25,low,r4,2034,0.27505948842901173,1.4367365069107054,685.6556913767539,186.30552686017418,,,,,,False,frontier_exceeds_one;ai_rent_capture_impossible,False,1e-09
pilot_per_tierA_baseline_pilot_v2,deterministic-engine-v1,baseline-pilot-v2,v0.1.2-pilot-per,PER,UBI,baseline,0.5,low,r4,2034,0.3213473071114766,1.6785147466151105,801.0398451913138,207.08673122641324,,,,,,False,frontier_exceeds_one;ai_rent_capture_impossible,False,1e-09
pilot_per_tierA_baseline_pilot_v2,deterministic-engine-v1,baseline-pilot-v2,v0.1.2-pilot-per,PER,UBI,debt_guardrail,0.5,low,r4,2034,0.328454278530514,1.7156370627715927,818.7557779509742,210.12668563809106,,,,,,False,frontier_exceeds_one;ai_rent_capture_impossible,False,1e-09
pilot_per_tierA_baseline_pilot_v2,deterministic-engine-v1,baseline-pilot-v2,v0.1.2-pilot-per,PER,PEN,baseline,0.0,mid,r0,2034,0.006601933931990545,0.06506431931680659,1.9334979393858496,1.487865433658892,61.067671009358556,,,,,False,frontier_exceeds_one;ai_rent_capture_impossible,False,1e-09
pilot_per_tierA_baseline_pilot_v2,deterministic-engine-v1,baseline-pilot-v2,v0.1.2-pilot-per,PER,PEN,debt_guardrail,0.0,mid,r0,2034,0.013708905351027971,0.1351059559867828,4.014905408097045,3.00076180039171,130.4479199663984,,,,,False,frontier_exceeds_one;ai_rent_capture_impossible,False,1e-09
pilot_per_tierA_baseline_pilot_v2,deterministic-engine-v1,baseline-pilot-v2,v0.1.2-pilot-per,PER,PEN,baseline,0.05,mid,r0,2034,0.006880626195092535,0.06781092699031357,2.0151181012931665,1.5488564670505303,63.78834307293579,,,,,False,frontier_exceeds_one;ai_rent_capture_impossible,False,1e-09
pilot_per_tierA_baseline_pilot_v2,deterministic-engine-v1,baseline-pilot-v2,v0.1.2-pilot-per,PER,PEN,debt_guardrail,0.05,mid,r0,2034,0.013987597614129961,0.13785256366028978,4.096525570004362,3.0583591522899813,133.16859202997563,,,,,False,frontier_exceeds_one;ai_rent_capture_impossible,False,1e-09
pilot_per_tierA_baseline_pilot_v2,deterministic-engine-v1,baseline-pilot-v2,v0.1.2-pilot-per,PER,PEN,baseline,0.1,mid,r0,2034,0.007159318458194525,0.07055753466382056,2.0967382632004834,1.6097064712976754,66.50901513651301,,,,,False,frontier_exceeds_one;ai_rent_capture_impossible,False,1e-09
pilot_per_tierA_baseline_pilot_v2,deterministic-engine-v1,baseline-pilot-v2,v0.1.2-pilot-per,PER,PEN,debt_guardrail,0.1,mid,r0,2034,0.014266289877231952,0.14059917133379676,4.178145731911679,3.115831511498486,135.88926409355287,,,,,False,frontier_exceeds_one;ai_rent_capture_impossible,False,1e-09
pilot_per_tierA_baseline_pilot_v2,deterministic-engine-v1,baseline-pilot-v2,v0.1.2-pilot-per,PER,PEN,baseline,0.25,mid,r0,2034,0.007995395247500496,0.07879735768434151,2.3415987489224337,1.7914171504828322,74.67103132724469,,,,,False,frontier_exceeds_one;ai_rent_capture_impossible,False,1e-09
pilot_per_tierA_baseline_pilot_v2,deterministic-engine-v1,baseline-pilot-v2,v0.1.2-pilot-per,PER,PEN,debt_guardrail,0.25,mid,r0,2034,0.015102366666537923,0.14883899435431772,4.423006217633629,3.2875043257229204,144.05128028428456,,,,,False,frontier_exceeds_one;ai_rent_capture_impossible,False,1e-09
pilot_per_tierA_baseline_pilot_v2,deterministic-engine-v1,baseline-pilot-v2,v0.1.2-pilot-per,PER,PEN,baseline,0.5,mid,r0,2034,0.009388856563010447,0.09253039605187642,2.749699558459018,2.0915108003112994,88.27439164513082,,,,,False,frontier_exceeds_one;ai_rent_capture_impossible,False,1e-09
pilot_per_tierA_baseline_pilot_v2,deterministic-engine-v1,baseline-pilot-v2,v0.1.2-pilot-per,PER,PEN,debt_guardrail,0.5,mid,r0,2034,0.01649582798204787,0.1625720327218526,4.831107027170213,3.5711783736931975,157.65464060217067,,,,,False,frontier_exceeds_one;ai_rent_capture_impossible,False,1e-09
pilot_per_tierA_baseline_pilot_v2,deterministic-engine-v1,baseline-pilot-v2,v0.1.2-pilot-per,PER,GMI,baseline,0.0,mid,r0,2034,0.045465181376125464,0.4480749291535006,13.315315695387117,8.874684938022272,440.4615962094008,,,,,False,frontier_exceeds_one;ai_rent_capture_impossible,False,1e-09
pilot_per_tierA_baseline_pilot_v2,deterministic-engine-v1,baseline-pilot-v2,v0.1.2-pilot-per,PER,GMI,debt_guardrail,0.0,mid,r0,2034,0.05257215279516289,0.5181165658234769,15.396723164098313,10.03075489775274,509.8418451664407,,,,,False,frontier_exceeds_one;ai_rent_capture_impossible,False,1e-09
pilot_per_tierA_baseline_pilot_v2,deterministic-engine-v1,baseline-pilot-v2,v0.1.2-pilot-per,PER,GMI,baseline,0.05,mid,r0,2034,0.04755558740859928,0.46867659633159775,13.927529600873633,9.219858176872354,460.86872639228466,,,,,False,frontier_exceeds_one;ai_rent_capture_impossible,False,1e-09
pilot_per_tierA_baseline_pilot_v2,deterministic-engine-v1,baseline-pilot-v2,v0.1.2-pilot-per,PER,GMI,debt_guardrail,0.05,mid,r0,2034,0.05466255882763671,0.538718233001574,16.008937069584828,10.36165833861456,530.2489753493245,,,,,False,frontier_exceeds_one;ai_rent_capture_impossible,False,1e-09
pilot_per_tierA_baseline_pilot_v2,deterministic-engine-v1,baseline-pilot-v2,v0.1.2-pilot-per,PER,GMI,baseline,0.1,mid,r0,2034,0.049645993441073094,0.48927826350969483,14.539743506360146,9.56070091791623,481.27585657516846,,,,,False,frontier_exceeds_one;ai_rent_capture_impossible,False,1e-09
pilot_per_tierA_baseline_pilot_v2,deterministic-engine-v1,baseline-pilot-v2,v0.1.2-pilot-per,PER,GMI,debt_guardrail,0.1,mid,r0,2034,0.05675296486011052,0.559319900179671,16.62115097507134,10.688598161651525,550.6561055322084,,,,,False,frontier_exceeds_one;ai_rent_capture_impossible,False,1e-09
pilot_per_tierA_baseline_pilot_v2,deterministic-engine-v1,baseline-pilot-v2,v0.1.2-pilot-per,PER,GMI,baseline,0.25,mid,r0,2034,0.05591721153849453,0.551083265043986,16.376385222819685,10.558355355284997,542.4972471238198,,,,,False,frontier_exceeds_one;ai_rent_capture_impossible,False,1e-09
pilot_per_tierA_baseline_pilot_v2,deterministic-engine-v1,baseline-pilot-v2,v0.1.2-pilot-per,PER,GMI,debt_guardrail,0.25,mid,r0,2034,0.06302418295753195,0.6211249017139622,18.45779269153088,11.646606656374654,611.8774960808596,,,,,False,frontier_exceeds_one;ai_rent_capture_impossible,False,1e-09
pilot_per_tierA_baseline_pilot_v2,deterministic-engine-v1,baseline-pilot-v2,v0.1.2-pilot-per,PER,GMI,baseline,0.5,mid,r0,2034,0.0663692417008636,0.6540916009344714,19.437454750252254,12.144240673607067,644.5328980382387,,,,,False,frontier_exceeds_one;ai_rent_capture_impossible,False,1e-09
pilot_per_tierA_baseline_pilot_v2,deterministic-engine-v1,baseline-pilot-v2,v0.1.2-pilot-per,PER,GMI,debt_guardrail,0.5,mid,r0,2034,0.07347621311990102,0.7241332376044475,21.51886221896345,13.172559702088707,713.9131469952786,,,,,False,frontier_exceeds_one;ai_rent_capture_impossible,False,1e-09
pilot_per_tierA_baseline_pilot_v2,deterministic-engine-v1,baseline-pilot-v2,v0.1.2-pilot-per,PER,MUT,baseline,0.0,mid,r0,2034,0.05435609552022147,0.5356979321779125,15.919183645892799,10.313396707355608,527.2571945595902,,,,,False,frontier_exceeds_one;ai_rent_capture_impossible,False,1e-09
pilot_per_tierA_baseline_pilot_v2,deterministic-engine-v1,baseline-pilot-v2,v0.1.2-pilot-per,PER,MUT,debt_guardrail,0.0,mid,r0,2034,0.0614630669392589,0.6057395688478887,18.000591114603996,11.411239899172863,596.6374435166301,,,,,False,frontier_exceeds_one;ai_rent_capture_impossible,False,1e-09
pilot_per_tierA_baseline_pilot_v2,deterministic-engine-v1,baseline-pilot-v2,v0.1.2-pilot-per,PER,MUT,baseline,0.05,mid,r0,2034,0.05702583502529659,0.5620091290848054,16.70106602837877,10.730987860601516,553.3199406424559,,,,,False,frontier_exceeds_one;ai_rent_capture_impossible,False,1e-09
pilot_per_tierA_baseline_pilot_v2,deterministic-engine-v1,baseline-pilot-v2,v0.1.2-pilot-per,PER,MUT,debt_guardrail,0.05,mid,r0,2034,0.06413280644433401,0.6320507657547816,18.782473497089963,11.812534202440668,622.7001895994957,,,,,False,frontier_exceeds_one;ai_rent_capture_impossible,False,1e-09
pilot_per_tierA_baseline_pilot_v2,deterministic-engine-v1,baseline-pilot-v2,v0.1.2-pilot-per,PER,MUT,baseline,0.1,mid,r0,2034,0.0596955745303717,0.5883203259916981,17.482948410864736,11.142295644378304,579.3826867253215,,,,,False,frontier_exceeds_one;ai_rent_capture_impossible,False,1e-09
pilot_per_tierA_baseline_pilot_v2,deterministic-engine-v1,baseline-pilot-v2,v0.1.2-pilot-per,PER,MUT,debt_guardrail,0.1,mid,r0,2034,0.06680254594940913,0.6583619626616743,19.564355879575935,12.208047642909403,648.7629356823614,,,,,False,frontier_exceeds_one;ai_rent_capture_impossible,False,1e-09
pilot_per_tierA_baseline_pilot_v2,deterministic-engine-v1,baseline-pilot-v2,v0.1.2-pilot-per,PER,MUT,baseline,0.25,mid,r0,2034,0.06770479304559703,0.6672539167123764,19.82859555832264,12.34043645461522,657.5709249739183,,,,,False,frontier_exceeds_one;ai_rent_capture_impossible,False,1e-09
pilot_per_tierA_baseline_pilot_v2,deterministic-engine-v1,baseline-pilot-v2,v0.1.2-pilot-per,PER,MUT,debt_guardrail,0.25,mid,r0,2034,0.07481176446463444,0.7372955533823526,21.910003027033834,13.361594736217485,726.9511739309581,,,,,False,frontier_exceeds_one;ai_rent_capture_impossible,False,1e-09
pilot_per_tierA_baseline_pilot_v2,deterministic-engine-v1,baseline-pilot-v2,v0.1.2-pilot-per,PER,MUT,baseline,0.5,mid,r0,2034,0.0810534905709726,0.7988099012468406,23.73800747075249,14.228315627058654,787.8846553882466,,,,,False,frontier_exceeds_one;ai_rent_capture_impossible,False,1e-09
pilot_per_tierA_baseline_pilot_v2,deterministic-engine-v1,baseline-pilot-v2,v0.1.2-pilot-per,PER,MUT,debt_guardrail,0.5,mid,r0,2034,0.08816046199001001,0.8688515379168167,25.81941493946368,15.18328442864678,857.2649043452864,,,,,False,frontier_exceeds_one;ai_rent_capture_impossible,False,1e-09
pilot_per_tierA_baseline_pilot_v2,deterministic-engine-v1,baseline-pilot-v2,v0.1.2-pilot-per,PER,PBI,baseline,0.0,mid,r0,2034,0.08055582015021372,0.7939051888543277,23.59225552246838,14.160196144196414,783.0262571121096,,,,,False,frontier_exceeds_one;ai_rent_capture_impossible,False,1e-09
pilot_per_tierA_baseline_pilot_v2,deterministic-engine-v1,baseline-pilot-v2,v0.1.2-pilot-per,PER,PBI,debt_guardrail,0.0,mid,r0,2034,0.08766279156925114,0.8639468255243038,25.673662991179572,15.11747005573086,852.4065060691494,,,,,False,frontier_exceeds_one;ai_rent_capture_impossible,False,1e-09
pilot_per_tierA_baseline_pilot_v2,deterministic-engine-v1,baseline-pilot-v2,v0.1.2-pilot-per,PER,PBI,baseline,0.05,mid,r0,2034,0.08454054588678844,0.8331760253069768,24.759255840867816,14.700976834733442,821.9262677254242,,,,,False,frontier_exceeds_one;ai_rent_capture_impossible,False,1e-09
pilot_per_tierA_baseline_pilot_v2,deterministic-engine-v1,baseline-pilot-v2,v0.1.2-pilot-per,PER,PBI,debt_guardrail,0.05,mid,r0,2034,0.09164751730582588,0.9032176619769531,26.84066330957901,15.640117154317515,891.306516682464,,,,,False,frontier_exceeds_one;ai_rent_capture_impossible,False,1e-09
pilot_per_tierA_baseline_pilot_v2,deterministic-engine-v1,baseline-pilot-v2,v0.1.2-pilot-per,PER,PBI,baseline,0.1,mid,r0,2034,0.08852527162336317,0.8724468617596259,25.926256159267247,15.231429970831954,860.8262783387386,,,,,False,frontier_exceeds_one;ai_rent_capture_impossible,False,1e-09
pilot_per_tierA_baseline_pilot_v2,deterministic-engine-v1,baseline-pilot-v2,v0.1.2-pilot-per,PER,PBI,debt_guardrail,0.1,mid,r0,2034,0.09563224304240059,0.942488498429602,28.00766362797844,16.153147006866092,930.2065272957784,,,,,False,frontier_exceeds_one;ai_rent_capture_impossible,False,1e-09
pilot_per_tierA_baseline_pilot_v2,deterministic-engine-v1,baseline-pilot-v2,v0.1.2-pilot-per,PER,PBI,baseline,0.25,mid,r0,2034,0.10047944883308733,0.9902593711175731,29.427257114465547,16.76478296673488,977.5263101786819,,,,,False,frontier_exceeds_one;ai_rent_capture_impossible,False,1e-09
pilot_per_tierA_baseline_pilot_v2,deterministic-engine-v1,baseline-pilot-v2,v0.1.2-pilot-per,PER,PBI,debt_guardrail,0.25,mid,r0,2034,0.10758642025212475,1.0603010077875492,31.508664583176742,17.638091626298426,1046.9065591357216,,,,,False,frontier_exceeds_one;ai_rent_capture_impossible,False,1e-09
pilot_per_tierA_baseline_pilot_v2,deterministic-engine-v1,baseline-pilot-v2,v0.1.2-pilot-per,PER,PBI,baseline,0.5,mid,r0,2034,0.12040307751596097,1.1866135533808186,35.26225870646272,19.147573538103924,1172.026363245254,,,,,False,frontier_exceeds_one;ai_rent_capture_impossible,False,1e-09
pilot_per_tierA_baseline_pilot_v2,deterministic-engine-v1,baseline-pilot-v2,v0.1.2-pilot-per,PER,PBI,debt_guardrail,0.5,mid,r0,2034,0.1275100489349984,1.256655190050795,37.343666175173915,19.9510863169645,1241.4066122022941,,,,,False,frontier_exceeds_one;ai_rent_capture_impossible,False,1e-09
pilot_per_tierA_baseline_pilot_v2,deterministic-engine-v1,baseline-pilot-v2,v0.1.2-pilot-per,PER,UBI,baseline,0.0,mid,r0,2034,0.21457272690847207,2.1146876906175556,62.84157484757567,28.31020072447099,2091.3369012823528,,,,,False,frontier_exceeds_one;ai_rent_capture_impossible,False,1e-09
pilot_per_tierA_baseline_pilot_v2,deterministic-engine-v1,baseline-pilot-v2,v0.1.2-pilot-per,PER,UBI,debt_guardrail,0.0,mid,r0,2034,0.2216796983275095,2.184729327287532,64.92298231628686,28.897067239936415,2160.7171502393926,,,,,False,frontier_exceeds_one;ai_rent_capture_impossible,False,1e-09
pilot_per_tierA_baseline_pilot_v2,deterministic-engine-v1,baseline-pilot-v2,v0.1.2-pilot-per,PER,UBI,baseline,0.05,mid,r0,2034,0.22525168492877254,2.219932478245127,65.96910437751956,29.187654628206452,2195.5878856138156,,,,,False,frontier_exceeds_one;ai_rent_capture_impossible,False,1e-09
pilot_per_tierA_baseline_pilot_v2,deterministic-engine-v1,baseline-pilot-v2,v0.1.2-pilot-per,PER,UBI,debt_guardrail,0.05,mid,r0,2034,0.23235865634780997,2.2899741149151036,68.05051184623075,29.757413897353096,2264.9681345708555,,,,,False,frontier_exceeds_one;ai_rent_capture_impossible,False,1e-09
pilot_per_tierA_baseline_pilot_v2,deterministic-engine-v1,baseline-pilot-v2,v0.1.2-pilot-per,PER,UBI,baseline,0.1,mid,r0,2034,0.23593064294907298,2.325177265872698,69.09663390746343,30.039666074773447,2299.838869945278,,,,,False,frontier_exceeds_one;ai_rent_capture_impossible,False,1e-09
pilot_per_tierA_baseline_pilot_v2,deterministic-engine-v1,baseline-pilot-v2,v0.1.2-pilot-per,PER,UBI,debt_guardrail,0.1,mid,r0,2034,0.24303761436811042,2.3952189025426747,71.17804137617462,30.5933378809662,2369.219118902318,,,,,False,frontier_exceeds_one;ai_rent_capture_impossible,False,1e-09
pilot_per_tierA_baseline_pilot_v2,deterministic-engine-v1,baseline-pilot-v2,v0.1.2-pilot-per,PER,UBI,baseline,0.25,mid,r0,2034,0.26796751700997434,2.640911628755412,78.47922249729505,32.45748791880149,2612.5918229396657,,,,,False,frontier_exceeds_one;ai_rent_capture_impossible,False,1e-09
pilot_per_tierA_baseline_pilot_v2,deterministic-engine-v1,baseline-pilot-v2,v0.1.2-pilot-per,PER,UBI,debt_guardrail,0.25,mid,r0,2034,0.2750744884290118,2.7109532654253883,80.56062996600626,32.96816670901947,2681.972071896706,,,,,False,frontier_exceeds_one;ai_rent_capture_impossible,False,1e-09
pilot_per_tierA_baseline_pilot_v2,deterministic-engine-v1,baseline-pilot-v2,v0.1.2-pilot-per,PER,UBI,baseline,0.5,mid,r0,2034,0.3213623071114766,3.1671355668932684,94.11687014701444,36.09650216605586,3133.8467445969786,,,,,False,frontier_exceeds_one;ai_rent_capture_impossible,False,1e-09
pilot_per_tierA_baseline_pilot_v2,deterministic-engine-v1,baseline-pilot-v2,v0.1.2-pilot-per,PER,UBI,debt_guardrail,0.5,mid,r0,2034,0.32846927853051405,3.237177203563245,96.19827761572564,36.54924435157697,3203.2269935540185,,,,,False,frontier_exceeds_one;ai_rent_capture_impossible,False,1e-09
pilot_per_tierA_baseline_pilot_v2,deterministic-engine-v1,baseline-pilot-v2,v0.1.2-pilot-per,PER,PEN,baseline,0.0,mid,r1,2034,0.0065819339319905445,0.06151225245393005,1.927640571047106,1.4087781569930329,60.6879524251821,,,,,False,frontier_exceeds_one;ai_rent_capture_impossible,False,1e-09
pilot_per_tierA_baseline_pilot_v2,deterministic-engine-v1,baseline-pilot-v2,v0.1.2-pilot-per,PER,PEN,debt_guardrail,0.0,mid,r1,2034,0.013688905351027972,0.12793130567260702,4.009048039758302,2.8497129185836747,130.068201382222,,,,,False,frontier_exceeds_one;ai_rent_capture_impossible,False,1e-09
pilot_per_tierA_baseline_pilot_v2,deterministic-engine-v1,baseline-pilot-v2,v0.1.2-pilot-per,PER,PEN,baseline,0.05,mid,r1,2034,0.006860626195092535,0.06411680440203844,2.0092607329544228,1.4667921215727555,63.40862448875933,,,,,False,frontier_exceeds_one;ai_rent_capture_impossible,False,1e-09
pilot_per_tierA_baseline_pilot_v2,deterministic-engine-v1,baseline-pilot-v2,v0.1.2-pilot-per,PER,PEN,debt_guardrail,0.05,mid,r1,2034,0.01396759761412996,0.1305358576207154,4.090668201665618,2.904646618661684,132.7888734457992,,,,,False,frontier_exceeds_one;ai_rent_capture_impossible,False,1e-09
pilot_per_tierA_baseline_pilot_v2,deterministic-engine-v1,baseline-pilot-v2,v0.1.2-pilot-per,PER,PEN,baseline,0.1,mid,r1,2034,0.007139318458194525,0.06672135635014684,2.0908808948617397,1.52467843017691,66.12929655233656,,,,,False,frontier_exceeds_one;ai_rent_capture_impossible,False,1e-09
pilot_per_tierA_baseline_pilot_v2,deterministic-engine-v1,baseline-pilot-v2,v0.1.2-pilot-per,PER,PEN,debt_guardrail,0.1,mid,r1,2034,0.014246289877231953,0.1331404095688238,4.172288363572936,2.9594665349389593,135.50954550937644,,,,,False,frontier_exceeds_one;ai_rent_capture_impossible,False,1e-09
pilot_per_tierA_baseline_pilot_v2,deterministic-engine-v1,baseline-pilot-v2,v0.1.2-pilot-per,PER,PEN,baseline,0.25,mid,r1,2034,0.007975395247500495,0.07453501219447202,2.3357413805836904,1.697577314929795,74.29131274306825,,,,,False,frontier_exceeds_one;ai_rent_capture_impossible,False,1e-09
pilot_per_tierA_baseline_pilot_v2,deterministic-engine-v1,baseline-pilot-v2,v0.1.2-pilot-per,PER,PEN,debt_guardrail,0.25,mid,r1,2034,0.015082366666537922,0.14095406541314898,4.417148849294886,3.123248528542479,143.6715617001081,,,,,False,frontier_exceeds_one;ai_rent_capture_impossible,False,1e-09
pilot_per_tierA_baseline_pilot_v2,deterministic-engine-v1,baseline-pilot-v2,v0.1.2-pilot-per,PER,PEN,baseline,0.5,mid,r1,2034,0.009368856563010446,0.08755777193501398,2.743842190120274,1.9832434047078153,87.89467306095437,,,,,False,frontier_exceeds_one;ai_rent_capture_impossible,False,1e-09
pilot_per_tierA_baseline_pilot_v2,deterministic-engine-v1,baseline-pilot-v2,v0.1.2-pilot-per,PER,PEN,debt_guardrail,0.5,mid,r1,2034,0.016475827982047872,0.15397682515369093,4.82524965883147,3.393988531547352,157.27492201799421,,,,,False,frontier_exceeds_one;ai_rent_capture_impossible,False,1e-09
pilot_per_tierA_baseline_pilot_v2,deterministic-engine-v1,baseline-pilot-v2,v0.1.2-pilot-per,PER,GMI,baseline,0.0,mid,r1,2034,0.04541518137612546,0.4244330208894089,13.30067227454026,8.473084791001268,439.7890092082872,,,,,False,frontier_exceeds_one;ai_rent_capture_impossible,False,1e-09
pilot_per_tierA_baseline_pilot_v2,deterministic-engine-v1,baseline-pilot-v2,v0.1.2-pilot-per,PER,GMI,debt_guardrail,0.0,mid,r1,2034,0.05252215279516289,0.4908520741080858,15.382079743251454,9.58656391396418,509.16925816532705,,,,,False,frontier_exceeds_one;ai_rent_capture_impossible,False,1e-09
pilot_per_tierA_baseline_pilot_v2,deterministic-engine-v1,baseline-pilot-v2,v0.1.2-pilot-per,PER,GMI,baseline,0.05,mid,r1,2034,0.04750558740859928,0.44396916101621503,13.912886180026774,8.805366572006442,460.196139391171,,,,,False,frontier_exceeds_one;ai_rent_capture_impossible,False,1e-09
pilot_per_tierA_baseline_pilot_v2,deterministic-engine-v1,baseline-pilot-v2,v0.1.2-pilot-per,PER,GMI,debt_guardrail,0.05,mid,r1,2034,0.05461255882763671,0.510388214234892,15.994293648737969,9.905579117740684,529.5763883482109,,,,,False,frontier_exceeds_one;ai_rent_capture_impossible,False,1e-09
pilot_per_tierA_baseline_pilot_v2,deterministic-engine-v1,baseline-pilot-v2,v0.1.2-pilot-per,PER,GMI,baseline,0.1,mid,r1,2034,0.04959599344107309,0.4635053011430212,14.525100085513287,9.133626672532468,480.6032695740548,,,,,False,frontier_exceeds_one;ai_rent_capture_impossible,False,1e-09
pilot_per_tierA_baseline_pilot_v2,deterministic-engine-v1,baseline-pilot-v2,v0.1.2-pilot-per,PER,GMI,debt_guardrail,0.1,mid,r1,2034,0.05670296486011052,0.5299243543616982,16.606507554224482,10.220902028577557,549.9835185310947,,,,,False,frontier_exceeds_one;ai_rent_capture_impossible,False,1e-09
pilot_per_tierA_baseline_pilot_v2,deterministic-engine-v1,baseline-pilot-v2,v0.1.2-pilot-per,PER,GMI,baseline,0.25,mid,r1,2034,0.05586721153849453,0.5221137215234396,16.361741801972826,10.095271800844582,541.8246601227061,,,,,False,frontier_exceeds_one;ai_rent_capture_impossible,False,1e-09
pilot_per_tierA_baseline_pilot_v2,deterministic-engine-v1,baseline-pilot-v2,v0.1.2-pilot-per,PER,GMI,debt_guardrail,0.25,mid,r1,2034,0.06297418295753196,0.5885327747421166,18.443149270684025,11.14559170224437,611.204909079746,,,,,False,frontier_exceeds_one;ai_rent_capture_impossible,False,1e-09
pilot_per_tierA_baseline_pilot_v2,deterministic-engine-v1,baseline-pilot-v2,v0.1.2-pilot-per,PER,GMI,baseline,0.5,mid,r1,2034,0.0663192417008636,0.6197944221574705,19.4228113294054,11.626332401846783,643.8603110371251,,,,,False,frontier_exceeds_one;ai_rent_capture_impossible,False,1e-09
pilot_per_tierA_baseline_pilot_v2,deterministic-engine-v1,baseline-pilot-v2,v0.1.2-pilot-per,PER,GMI,debt_guardrail,0.5,mid,r1,2034,0.07342621311990102,0.6862134753761474,21.504218798116593,12.620608994490993,713.240559994165,,,,,False,frontier_exceeds_one;ai_rent_capture_impossible,False,1e-09
pilot_per_tierA_baseline_pilot_v2,deterministic-engine-v1,baseline-pilot-v2,v0.1.2-pilot-per,PER,MUT,baseline,0.0,mid,r1,2034,0.054343595520221465,0.50787458540824,15.915522790681083,9.864741729943724,526.950693079648,,,,,False,frontier_exceeds_one;ai_rent_capture_impossible,False,1e-09
pilot_per_tierA_baseline_pilot_v2,deterministic-engine-v1,baseline-pilot-v2,v0.1.2-pilot-per,PER,MUT,debt_guardrail,0.0,mid,r1,2034,0.06145056693925889,0.574293638626917,17.99693025939228,10.923794330775326,596.3309420366879,,,,,False,frontier_exceeds_one;ai_rent_capture_impossible,False,1e-09
pilot_per_tierA_baseline_pilot_v2,deterministic-engine-v1,baseline-pilot-v2,v0.1.2-pilot-per,PER,MUT,baseline,0.05,mid,r1,2034,0.05701333502529658,0.5328249559405596,16.697405173167052,10.267409845096173,553.0134391625137,,,,,False,frontier_exceeds_one;ai_rent_capture_impossible,False,1e-09
pilot_per_tierA_baseline_pilot_v2,deterministic-engine-v1,baseline-pilot-v2,v0.1.2-pilot-per,PER,MUT,debt_guardrail,0.05,mid,r1,2034,0.064120306444334,0.5992440091592364,18.778812641878247,11.31126017721488,622.3936881195534,,,,,False,frontier_exceeds_one;ai_rent_capture_impossible,False,1e-09
pilot_per_tierA_baseline_pilot_v2,deterministic-engine-v1,baseline-pilot-v2,v0.1.2-pilot-per,PER,MUT,baseline,0.1,mid,r1,2034,0.059683074530371694,0.557775326472879,17.47928755565302,10.664221643601365,579.0761852453792,,,,,False,frontier_exceeds_one;ai_rent_capture_impossible,False,1e-09
pilot_per_tierA_baseline_pilot_v2,deterministic-engine-v1,baseline-pilot-v2,v0.1.2-pilot-per,PER,MUT,debt_guardrail,0.1,mid,r1,2034,0.06679004594940913,0.624194379691556,19.560695024364218,11.6933232331317,648.4564342024191,,,,,False,frontier_exceeds_one;ai_rent_capture_impossible,False,1e-09
pilot_per_tierA_baseline_pilot_v2,deterministic-engine-v1,baseline-pilot-v2,v0.1.2-pilot-per,PER,MUT,baseline,0.25,mid,r1,2034,0.06769229304559703,0.6326264380698374,19.824934703110927,11.821248997769393,657.2644234939761,,,,,False,frontier_exceeds_one;ai_rent_capture_impossible,False,1e-09
pilot_per_tierA_baseline_pilot_v2,deterministic-engine-v1,baseline-pilot-v2,v0.1.2-pilot-per,PER,MUT,debt_guardrail,0.25,mid,r1,2034,0.07479926446463445,0.6990454912885143,21.90634217182212,12.808628119206917,726.6446724510159,,,,,False,frontier_exceeds_one;ai_rent_capture_impossible,False,1e-09
pilot_per_tierA_baseline_pilot_v2,deterministic-engine-v1,baseline-pilot-v2,v0.1.2-pilot-per,PER,MUT,baseline,0.5,mid,r1,2034,0.0810409905709726,0.7573782907314348,23.734346615540773,13.64755064668426,787.5781539083043,,,,,False,frontier_exceeds_one;ai_rent_capture_impossible,False,1e-09
pilot_per_tierA_baseline_pilot_v2,deterministic-engine-v1,baseline-pilot-v2,v0.1.2-pilot-per,PER,MUT,debt_guardrail,0.5,mid,r1,2034,0.08814796199001002,0.8237973439501117,25.815754084251967,14.572781847626594,856.9584028653442,,,,,False,frontier_exceeds_one;ai_rent_capture_impossible,False,1e-09
pilot_per_tierA_baseline_pilot_v2,deterministic-engine-v1,baseline-pilot-v2,v0.1.2-pilot-per,PER,PBI,baseline,0.0,mid,r1,2034,0.0805433201502137,0.7527272521648237,23.58859466725666,13.581587697219213,782.7197556321673,,,,,False,frontier_exceeds_one;ai_rent_capture_impossible,False,1e-09
pilot_per_tierA_baseline_pilot_v2,deterministic-engine-v1,baseline-pilot-v2,v0.1.2-pilot-per,PER,PBI,debt_guardrail,0.0,mid,r1,2034,0.08765029156925114,0.8191463053835008,25.67000213596786,14.50898767629745,852.1000045892072,,,,,False,frontier_exceeds_one;ai_rent_capture_impossible,False,1e-09
pilot_per_tierA_baseline_pilot_v2,deterministic-engine-v1,baseline-pilot-v2,v0.1.2-pilot-per,PER,PBI,baseline,0.05,mid,r1,2034,0.08452804588678843,0.7899669841342587,24.755594985656096,14.105378641855275,821.6197662454817,,,,,False,frontier_exceeds_one;ai_rent_capture_impossible,False,1e-09
pilot_per_tierA_baseline_pilot_v2,deterministic-engine-v1,baseline-pilot-v2,v0.1.2-pilot-per,PER,PBI,debt_guardrail,0.05,mid,r1,2034,0.09163501730582585,0.8563860373529356,26.83700245436729,15.015708900330496,891.0000152025216,,,,,False,frontier_exceeds_one;ai_rent_capture_impossible,False,1e-09
pilot_per_tierA_baseline_pilot_v2,deterministic-engine-v1,baseline-pilot-v2,v0.1.2-pilot-per,PER,PBI,baseline,0.1,mid,r1,2034,0.08851277162336316,0.8272067161036936,25.92259530405553,14.619452245071761,860.5197768587963,,,,,False,frontier_exceeds_one;ai_rent_capture_impossible,False,1e-09
pilot_per_tierA_baseline_pilot_v2,deterministic-engine-v1,baseline-pilot-v2,v0.1.2-pilot-per,PER,PBI,debt_guardrail,0.1,mid,r1,2034,0.09561974304240059,0.8936257693223706,28.00400277276673,15.513362841257498,929.9000258158362,,,,,False,frontier_exceeds_one;ai_rent_capture_impossible,False,1e-09
pilot_per_tierA_baseline_pilot_v2,deterministic-engine-v1,baseline-pilot-v2,v0.1.2-pilot-per,PER,PBI,baseline,0.25,mid,r1,2034,0.10046694883308732,0.9389259120119983,29.42359625925383,16.106992664676028,977.2198086987396,,,,,False,frontier_exceeds_one;ai_rent_capture_impossible,False,1e-09
pilot_per_tierA_baseline_pilot_v2,deterministic-engine-v1,baseline-pilot-v2,v0.1.2-pilot-per,PER,PBI,debt_guardrail,0.25,mid,r1,2034,0.10757392025212476,1.0053449652306754,31.505003727965025,16.95518782298047,1046.6000576557794,,,,,False,frontier_exceeds_one;ai_rent_capture_impossible,False,1e-09
pilot_per_tierA_baseline_pilot_v2,deterministic-engine-v1,baseline-pilot-v2,v0.1.2-pilot-per,PER,PBI,baseline,0.5,mid,r1,2034,0.12039057751596095,1.1251245718591731,35.258597851251004,18.422848273419813,1171.719861765312,,,,,False,frontier_exceeds_one;ai_rent_capture_impossible,False,1e-09
pilot_per_tierA_baseline_pilot_v2,deterministic-engine-v1,baseline-pilot-v2,v0.1.2-pilot-per,PER,PBI,debt_guardrail,0.5,mid,r1,2034,0.12749754893499837,1.19154362507785,37.340005319962195,19.20488338445744,1241.1001107223517,,,,,False,frontier_exceeds_one;ai_rent_capture_impossible,False,1e-09
pilot_per_tierA_baseline_pilot_v2,deterministic-engine-v1,baseline-pilot-v2,v0.1.2-pilot-per,PER,UBI,baseline,0.0,mid,r1,2034,0.21456522690847207,2.0052450452715482,62.83937833444865,27.36897832879196,2091.0792112052336,,,,,False,frontier_exceeds_one;ai_rent_capture_impossible,False,1e-09
pilot_per_tierA_baseline_pilot_v2,deterministic-engine-v1,baseline-pilot-v2,v0.1.2-pilot-per,PER,UBI,debt_guardrail,0.0,mid,r1,2034,0.2216721983275095,2.071664098490225,64.92078580315984,27.94379726207688,2160.459460162274,,,,,False,frontier_exceeds_one;ai_rent_capture_impossible,False,1e-09
pilot_per_tierA_baseline_pilot_v2,deterministic-engine-v1,baseline-pilot-v2,v0.1.2-pilot-per,PER,UBI,baseline,0.05,mid,r1,2034,0.22524418492877255,2.1050465274008263,65.96690786439252,28.228491111295156,2195.3301955366965,,,,,False,frontier_exceeds_one;ai_rent_capture_impossible,False,1e-09
pilot_per_tierA_baseline_pilot_v2,deterministic-engine-v1,baseline-pilot-v2,v0.1.2-pilot-per,PER,UBI,debt_guardrail,0.05,mid,r1,2034,0.23235115634780998,2.1714655806195036,68.04831533310373,28.786830252062998,2264.7104444937368,,,,,False,frontier_exceeds_one;ai_rent_capture_impossible,False,1e-09
pilot_per_tierA_baseline_pilot_v2,deterministic-engine-v1,baseline-pilot-v2,v0.1.2-pilot-per,PER,UBI,baseline,0.1,mid,r1,2034,0.235923142949073,2.2048480095301044,69.0944373943364,29.063490454578154,2299.581179868159,,,,,False,frontier_exceeds_one;ai_rent_capture_impossible,False,1e-09
pilot_per_tierA_baseline_pilot_v2,deterministic-engine-v1,baseline-pilot-v2,v0.1.2-pilot-per,PER,UBI,debt_guardrail,0.1,mid,r1,2034,0.24303011436811042,2.271267062748781,71.1758448630476,29.606316484624394,2368.9614288251987,,,,,False,frontier_exceeds_one;ai_rent_capture_impossible,False,1e-09
pilot_per_tierA_baseline_pilot_v2,deterministic-engine-v1,baseline-pilot-v2,v0.1.2-pilot-per,PER,UBI,baseline,0.25,mid,r1,2034,0.26796001700997435,2.504252455917938,78.47702598416802,31.435110726762588,2612.3341328625465,,,,,False,frontier_exceeds_one;ai_rent_capture_impossible,False,1e-09
pilot_per_tierA_baseline_pilot_v2,deterministic-engine-v1,baseline-pilot-v2,v0.1.2-pilot-per,PER,UBI,debt_guardrail,0.25,mid,r1,2034,0.2750669884290118,2.570671509136615,80.55843345287923,31.936404207331858,2681.7143818195864,,,,,False,frontier_exceeds_one;ai_rent_capture_impossible,False,1e-09
pilot_per_tierA_baseline_pilot_v2,deterministic-engine-v1,baseline-pilot-v2,v0.1.2-pilot-per,PER,UBI,baseline,0.5,mid,r1,2034,0.3213548071114766,3.0032598665643278,94.11467363388742,35.0098672392503,3133.5890545198595,,,,,False,frontier_exceeds_one;ai_rent_capture_impossible,False,1e-09
pilot_per_tierA_baseline_pilot_v2,deterministic-engine-v1,baseline-pilot-v2,v0.1.2-pilot-per,PER,UBI,debt_guardrail,0.5,mid,r1,2034,0.32846177853051406,3.069678919783005,96.19608110259861,35.45502159948613,3202.9693034768993,,,,,False,frontier_exceeds_one;ai_rent_capture_impossible,False,1e-09
pilot_per_tierA_baseline_pilot_v2,deterministic-engine-v1,baseline-pilot-v2,v0.1.2-pilot-per,PER,PEN,baseline,0.0,mid,r2,2034,0.0065819339319905445,0.0588163971209508,1.927640571047106,1.3485954129177098,60.52447085549853,,,,,False,frontier_exceeds_one;ai_rent_capture_impossible,False,1e-09
pilot_per_tierA_baseline_pilot_v2,deterministic-engine-v1,baseline-pilot-v2,v0.1.2-pilot-per,PER,PEN,debt_guardrail,0.0,mid,r2,2034,0.013688905351027972,0.12232454801224009,4.009048039758302,2.7310699760269297,129.90471981253842,,,,,False,frontier_exceeds_one;ai_rent_capture_impossible,False,1e-09
pilot_per_tierA_baseline_pilot_v2,deterministic-engine-v1,baseline-pilot-v2,v0.1.2-pilot-per,PER,PEN,baseline,0.05,mid,r2,2034,0.006860626195092535,0.06130680115577008,2.0092607329544228,1.404196471461986,63.24514291907575,,,,,False,frontier_exceeds_one;ai_rent_capture_impossible,False,1e-09
pilot_per_tierA_baseline_pilot_v2,deterministic-engine-v1,baseline-pilot-v2,v0.1.2-pilot-per,PER,PEN,debt_guardrail,0.05,mid,r2,2034,0.01396759761412996,0.12481495204705935,4.090668201665618,2.7838343754116135,132.62539187611563,,,,,False,frontier_exceeds_one;ai_rent_capture_impossible,False,1e-09
pilot_per_tierA_baseline_pilot_v2,deterministic-engine-v1,baseline-pilot-v2,v0.1.2-pilot-per,PER,PEN,baseline,0.1,mid,r2,2034,0.007139318458194525,0.06379720519058936,2.0908808948617397,1.4596802304146794,65.96581498265299,,,,,False,frontier_exceeds_one;ai_rent_capture_impossible,False,1e-09
pilot_per_tierA_baseline_pilot_v2,deterministic-engine-v1,baseline-pilot-v2,v0.1.2-pilot-per,PER,PEN,debt_guardrail,0.1,mid,r2,2034,0.014246289877231953,0.12730535608187865,4.172288363572936,2.8364937383243323,135.34606393969287,,,,,False,frontier_exceeds_one;ai_rent_capture_impossible,False,1e-09
pilot_per_tierA_baseline_pilot_v2,deterministic-engine-v1,baseline-pilot-v2,v0.1.2-pilot-per,PER,PEN,baseline,0.25,mid,r2,2034,0.007975395247500495,0.07126841729504718,2.3357413805836904,1.625432904122843,74.12783117338468,,,,,False,frontier_exceeds_one;ai_rent_capture_impossible,False,1e-09
pilot_per_tierA_baseline_pilot_v2,deterministic-engine-v1,baseline-pilot-v2,v0.1.2-pilot-per,PER,PEN,debt_guardrail,0.25,mid,r2,2034,0.015082366666537922,0.13477656818633646,4.417148849294886,2.9938459986338803,143.50808013042453,,,,,False,frontier_exceeds_one;ai_rent_capture_impossible,False,1e-09
pilot_per_tierA_baseline_pilot_v2,deterministic-engine-v1,baseline-pilot-v2,v0.1.2-pilot-per,PER,PEN,baseline,0.5,mid,r2,2034,0.009368856563010446,0.08372043746914355,2.743842190120274,1.8993893281693284,87.7311914912708,,,,,False,frontier_exceeds_one;ai_rent_capture_impossible,False,1e-09
pilot_per_tierA_baseline_pilot_v2,deterministic-engine-v1,baseline-pilot-v2,v0.1.2-pilot-per,PER,PEN,debt_guardrail,0.5,mid,r2,2034,0.016475827982047872,0.14722858836043284,4.82524965883147,3.254039597296289,157.11144044831065,,,,,False,frontier_exceeds_one;ai_rent_capture_impossible,False,1e-09
pilot_per_tierA_baseline_pilot_v2,deterministic-engine-v1,baseline-pilot-v2,v0.1.2-pilot-per,PER,GMI,baseline,0.0,mid,r2,2034,0.04541518137612546,0.40583168575354844,13.30067227454026,8.152868679228712,439.62552763860367,,,,,False,frontier_exceeds_one;ai_rent_capture_impossible,False,1e-09
pilot_per_tierA_baseline_pilot_v2,deterministic-engine-v1,baseline-pilot-v2,v0.1.2-pilot-per,PER,GMI,debt_guardrail,0.0,mid,r2,2034,0.05252215279516289,0.4693398366448377,15.382079743251454,9.230897951043522,509.0057765956435,,,,,False,frontier_exceeds_one;ai_rent_capture_impossible,False,1e-09
pilot_per_tierA_baseline_pilot_v2,deterministic-engine-v1,baseline-pilot-v2,v0.1.2-pilot-per,PER,GMI,baseline,0.05,mid,r2,2034,0.04750558740859928,0.4245116288554428,13.912886180026774,8.474429997679657,460.0326578214875,,,,,False,frontier_exceeds_one;ai_rent_capture_impossible,False,1e-09
pilot_per_tierA_baseline_pilot_v2,deterministic-engine-v1,baseline-pilot-v2,v0.1.2-pilot-per,PER,GMI,debt_guardrail,0.05,mid,r2,2034,0.05461255882763671,0.48801977974673205,15.994293648737969,9.540002096194511,529.4129067785274,,,,,False,frontier_exceeds_one;ai_rent_capture_impossible,False,1e-09
pilot_per_tierA_baseline_pilot_v2,deterministic-engine-v1,baseline-pilot-v2,v0.1.2-pilot-per,PER,GMI,baseline,0.1,mid,r2,2034,0.04959599344107309,0.4431915719573371,14.525100085513287,8.792218431090188,480.4397880043713,,,,,False,frontier_exceeds_one;ai_rent_capture_impossible,False,1e-09
pilot_per_tierA_baseline_pilot_v2,deterministic-engine-v1,baseline-pilot-v2,v0.1.2-pilot-per,PER,GMI,debt_guardrail,0.1,mid,r2,2034,0.05670296486011052,0.5066997228486264,16.606507554224482,9.845633442987129,549.8200369614111,,,,,False,frontier_exceeds_one;ai_rent_capture_impossible,False,1e-09
pilot_per_tierA_baseline_pilot_v2,deterministic-engine-v1,baseline-pilot-v2,v0.1.2-pilot-per,PER,GMI,baseline,0.25,mid,r2,2034,0.05586721153849453,0.49923140126302,16.361741801972826,9.723852111586313,541.6611785530225,,,,,False,frontier_exceeds_one;ai_rent_capture_impossible,False,1e-09
pilot_per_tierA_baseline_pilot_v2,deterministic-engine-v1,baseline-pilot-v2,v0.1.2-pilot-per,PER,GMI,debt_guardrail,0.25,mid,r2,2034,0.06297418295753196,0.5627395521543094,18.443149270684025,10.742490009095985,611.0414275100625,,,,,False,frontier_exceeds_one;ai_rent_capture_impossible,False,1e-09
pilot_per_tierA_baseline_pilot_v2,deterministic-engine-v1,baseline-pilot-v2,v0.1.2-pilot-per,PER,GMI,baseline,0.5,mid,r2,2034,0.0663192417008636,0.5926311167724918,19.4228113294054,11.209098327016127,643.6968294674416,,,,,False,frontier_exceeds_one;ai_rent_capture_impossible,False,1e-09
pilot_per_tierA_baseline_pilot_v2,deterministic-engine-v1,baseline-pilot-v2,v0.1.2-pilot-per,PER,GMI,debt_guardrail,0.5,mid,r2,2034,0.07342621311990102,0.656139267663781,21.504218798116593,12.174855015746385,713.0770784244814,,,,,False,frontier_exceeds_one;ai_rent_capture_impossible,False,1e-09
pilot_per_tierA_baseline_pilot_v2,deterministic-engine-v1,baseline-pilot-v2,v0.1.2-pilot-per,PER,MUT,baseline,0.0,mid,r2,2034,0.054343595520221465,0.4856163140080362,15.915522790681083,9.500427449626361,526.7872115099644,,,,,False,frontier_exceeds_one;ai_rent_capture_impossible,False,1e-09
pilot_per_tierA_baseline_pilot_v2,deterministic-engine-v1,baseline-pilot-v2,v0.1.2-pilot-per,PER,MUT,debt_guardrail,0.0,mid,r2,2034,0.06145056693925889,0.5491244648993254,17.99693025939228,10.527289985500696,596.1674604670043,,,,,False,frontier_exceeds_one;ai_rent_capture_impossible,False,1e-09
pilot_per_tierA_baseline_pilot_v2,deterministic-engine-v1,baseline-pilot-v2,v0.1.2-pilot-per,PER,MUT,baseline,0.05,mid,r2,2034,0.05701333502529658,0.5094732017499192,16.697405173167052,9.89072055558444,552.84995759283,,,,,False,frontier_exceeds_one;ai_rent_capture_impossible,False,1e-09
pilot_per_tierA_baseline_pilot_v2,deterministic-engine-v1,baseline-pilot-v2,v0.1.2-pilot-per,PER,MUT,debt_guardrail,0.05,mid,r2,2034,0.064120306444334,0.5729813526412083,18.778812641878247,10.903262609651073,622.2302065498699,,,,,False,frontier_exceeds_one;ai_rent_capture_impossible,False,1e-09
pilot_per_tierA_baseline_pilot_v2,deterministic-engine-v1,baseline-pilot-v2,v0.1.2-pilot-per,PER,MUT,baseline,0.1,mid,r2,2034,0.059683074530371694,0.533330089491802,17.47928755565302,10.2755009826451,578.9127036756956,,,,,False,frontier_exceeds_one;ai_rent_capture_impossible,False,1e-09
pilot_per_tierA_baseline_pilot_v2,deterministic-engine-v1,baseline-pilot-v2,v0.1.2-pilot-per,PER,MUT,debt_guardrail,0.1,mid,r2,2034,0.06679004594940913,0.5968382403830914,19.560695024364218,11.274137792453523,648.2929526327356,,,,,False,frontier_exceeds_one;ai_rent_capture_impossible,False,1e-09
pilot_per_tierA_baseline_pilot_v2,deterministic-engine-v1,baseline-pilot-v2,v0.1.2-pilot-per,PER,MUT,baseline,0.25,mid,r2,2034,0.06769229304559703,0.6049007527174507,19.824934703110927,11.398349322160252,657.1009419242926,,,,,False,frontier_exceeds_one;ai_rent_capture_impossible,False,1e-09
pilot_per_tierA_baseline_pilot_v2,deterministic-engine-v1,baseline-pilot-v2,v0.1.2-pilot-per,PER,MUT,debt_guardrail,0.25,mid,r2,2034,0.07479926446463445,0.66840890360874,21.90634217182212,12.357585944567635,726.4811908813324,,,,,False,frontier_exceeds_one;ai_rent_capture_impossible,False,1e-09
pilot_per_tierA_baseline_pilot_v2,deterministic-engine-v1,baseline-pilot-v2,v0.1.2-pilot-per,PER,MUT,baseline,0.5,mid,r2,2034,0.0810409905709726,0.7241851914268654,23.734346615540773,13.173308404005171,787.4146723386208,,,,,False,frontier_exceeds_one;ai_rent_capture_impossible,False,1e-09
pilot_per_tierA_baseline_pilot_v2,deterministic-engine-v1,baseline-pilot-v2,v0.1.2-pilot-per,PER,MUT,debt_guardrail,0.5,mid,r2,2034,0.08814796199001002,0.7876933423181546,25.815754084251967,14.073681436784714,856.7949212956606,,,,,False,frontier_exceeds_one;ai_rent_capture_impossible,False,1e-09
pilot_per_tierA_baseline_pilot_v2,deterministic-engine-v1,baseline-pilot-v2,v0.1.2-pilot-per,PER,PBI,baseline,0.0,mid,r2,2034,0.0805433201502137,0.7197379907400828,23.58859466725666,13.109146552129312,782.5562740624837,,,,,False,frontier_exceeds_one;ai_rent_capture_impossible,False,1e-09
pilot_per_tierA_baseline_pilot_v2,deterministic-engine-v1,baseline-pilot-v2,v0.1.2-pilot-per,PER,PBI,debt_guardrail,0.0,mid,r2,2034,0.08765029156925114,0.7832461416313722,25.67000213596786,14.01157726923876,851.9365230195236,,,,,False,frontier_exceeds_one;ai_rent_capture_impossible,False,1e-09
pilot_per_tierA_baseline_pilot_v2,deterministic-engine-v1,baseline-pilot-v2,v0.1.2-pilot-per,PER,PBI,baseline,0.05,mid,r2,2034,0.08452804588678843,0.7553456424974705,24.755594985656096,13.61874214199294,821.4562846757982,,,,,False,frontier_exceeds_one;ai_rent_capture_impossible,False,1e-09
pilot_per_tierA_baseline_pilot_v2,deterministic-engine-v1,baseline-pilot-v2,v0.1.2-pilot-per,PER,PBI,debt_guardrail,0.05,mid,r2,2034,0.09163501730582585,0.8188537933887597,26.83700245436729,14.504970644121116,890.836533632838,,,,,False,frontier_exceeds_one;ai_rent_capture_impossible,False,1e-09
pilot_per_tierA_baseline_pilot_v2,deterministic-engine-v1,baseline-pilot-v2,v0.1.2-pilot-per,PER,PBI,baseline,0.1,mid,r2,2034,0.08851277162336316,0.790953294254858,25.92259530405553,14.119117681530785,860.3562952891127,,,,,False,frontier_exceeds_one;ai_rent_capture_impossible,False,1e-09
pilot_per_tierA_baseline_pilot_v2,deterministic-engine-v1,baseline-pilot-v2,v0.1.2-pilot-per,PER,PBI,debt_guardrail,0.1,mid,r2,2034,0.09561974304240059,0.8544614451461474,28.00400277276673,14.989746130229317,929.7365442461527,,,,,False,frontier_exceeds_one;ai_rent_capture_impossible,False,1e-09
pilot_per_tierA_baseline_pilot_v2,deterministic-engine-v1,baseline-pilot-v2,v0.1.2-pilot-per,PER,PBI,baseline,0.25,mid,r2,2034,0.10046694883308732,0.8977762495270208,29.42359625925383,15.568281093558072,977.0563271290561,,,,,False,frontier_exceeds_one;ai_rent_capture_impossible,False,1e-09
pilot_per_tierA_baseline_pilot_v2,deterministic-engine-v1,baseline-pilot-v2,v0.1.2-pilot-per,PER,PBI,debt_guardrail,0.25,mid,r2,2034,0.10757392025212476,0.9612844004183102,31.505003727965025,16.395399367035946,1046.4365760860958,,,,,False,frontier_exceeds_one;ai_rent_capture_impossible,False,1e-09
pilot_per_tierA_baseline_pilot_v2,deterministic-engine-v1,baseline-pilot-v2,v0.1.2-pilot-per,PER,PBI,baseline,0.5,mid,r2,2034,0.12039057751596095,1.075814508313959,35.258597851251004,17.82790037166999,1171.5563801956284,,,,,False,frontier_exceeds_one;ai_rent_capture_impossible,False,1e-09
pilot_per_tierA_baseline_pilot_v2,deterministic-engine-v1,baseline-pilot-v2,v0.1.2-pilot-per,PER,PBI,debt_guardrail,0.5,mid,r2,2034,0.12749754893499837,1.1393226592052481,37.340005319962195,18.591850649818294,1240.936629152668,,,,,False,frontier_exceeds_one;ai_rent_capture_impossible,False,1e-09
pilot_per_tierA_baseline_pilot_v2,deterministic-engine-v1,baseline-pilot-v2,v0.1.2-pilot-per,PER,UBI,baseline,0.0,mid,r2,2034,0.21456522690847207,1.9173625448985654,62.83937833444865,26.590572529449066,2090.9157296355497,,,,,False,frontier_exceeds_one;ai_rent_capture_impossible,False,1e-09
pilot_per_tierA_baseline_pilot_v2,deterministic-engine-v1,baseline-pilot-v2,v0.1.2-pilot-per,PER,UBI,debt_guardrail,0.0,mid,r2,2034,0.2216721983275095,1.9808706957898548,64.92078580315984,27.155161170499934,2160.29597859259,,,,,False,frontier_exceeds_one;ai_rent_capture_impossible,False,1e-09
pilot_per_tierA_baseline_pilot_v2,deterministic-engine-v1,baseline-pilot-v2,v0.1.2-pilot-per,PER,UBI,baseline,0.05,mid,r2,2034,0.22524418492877255,2.012790095866097,65.96690786439252,27.43484886056338,2195.1667139670126,,,,,False,frontier_exceeds_one;ai_rent_capture_impossible,False,1e-09
pilot_per_tierA_baseline_pilot_v2,deterministic-engine-v1,baseline-pilot-v2,v0.1.2-pilot-per,PER,UBI,debt_guardrail,0.05,mid,r2,2034,0.23235115634780998,2.0762982467573865,68.04831533310373,27.98348441842373,2264.546962924053,,,,,False,frontier_exceeds_one;ai_rent_capture_impossible,False,1e-09
pilot_per_tierA_baseline_pilot_v2,deterministic-engine-v1,baseline-pilot-v2,v0.1.2-pilot-per,PER,UBI,baseline,0.1,mid,r2,2034,0.235923142949073,2.1082176468336287,69.0944373943364,28.25539176662265,2299.417698298475,,,,,False,frontier_exceeds_one;ai_rent_capture_impossible,False,1e-09
pilot_per_tierA_baseline_pilot_v2,deterministic-engine-v1,baseline-pilot-v2,v0.1.2-pilot-per,PER,UBI,debt_guardrail,0.1,mid,r2,2034,0.24303011436811042,2.171725797724918,71.1758448630476,28.788996942541118,2368.7979472555153,,,,,False,frontier_exceeds_one;ai_rent_capture_impossible,False,1e-09
pilot_per_tierA_baseline_pilot_v2,deterministic-engine-v1,baseline-pilot-v2,v0.1.2-pilot-per,PER,UBI,baseline,0.25,mid,r2,2034,0.26796001700997435,2.394500299736224,78.47702598416802,30.587709799904825,2612.1706512928627,,,,,False,frontier_exceeds_one;ai_rent_capture_impossible,False,1e-09
pilot_per_tierA_baseline_pilot_v2,deterministic-engine-v1,baseline-pilot-v2,v0.1.2-pilot-per,PER,UBI,debt_guardrail,0.25,mid,r2,2034,0.2750669884290118,2.4580084506275135,80.55843345287923,31.08101253892972,2681.550900249903,,,,,False,frontier_exceeds_one;ai_rent_capture_impossible,False,1e-09
pilot_per_tierA_baseline_pilot_v2,deterministic-engine-v1,baseline-pilot-v2,v0.1.2-pilot-per,PER,UBI,baseline,0.5,mid,r2,2034,0.3213548071114766,2.8716380545738827,94.11467363388742,34.10771449736999,3133.425572950176,,,,,False,frontier_exceeds_one;ai_rent_capture_impossible,False,1e-09
pilot_per_tierA_baseline_pilot_v2,deterministic-engine-v1,baseline-pilot-v2,v0.1.2-pilot-per,PER,UBI,debt_guardrail,0.5,mid,r2,2034,0.32846177853051406,2.935146205465172,96.19608110259861,34.54639745749972,3202.8058219072154,,,,,False,frontier_exceeds_one;ai_rent_capture_impossible,False,1e-09
pilot_per_tierA_baseline_pilot_v2,deterministic-engine-v1,baseline-pilot-v2,v0.1.2-pilot-per,PER,PEN,baseline,0.0,mid,r3,2034,0.006593933931990544,0.06651083518832697,1.9311549920503521,1.520004313927516,61.11714147770942,,,,,False,frontier_exceeds_one;ai_rent_capture_impossible,False,1e-09
pilot_per_tierA_baseline_pilot_v2,deterministic-engine-v1,baseline-pilot-v2,v0.1.2-pilot-per,PER,PEN,debt_guardrail,0.0,mid,r3,2034,0.01370090535102797,0.13819651017613427,4.012562460761547,3.0655630165976766,130.49739043474926,,,,,False,frontier_exceeds_one;ai_rent_capture_impossible,False,1e-09
pilot_per_tierA_baseline_pilot_v2,deterministic-engine-v1,baseline-pilot-v2,v0.1.2-pilot-per,PER,PEN,baseline,0.05,mid,r3,2034,0.006872626195092535,0.0693219120614983,2.012775153957669,1.5823491497766906,63.837813541286636,,,,,False,frontier_exceeds_one;ai_rent_capture_impossible,False,1e-09
pilot_per_tierA_baseline_pilot_v2,deterministic-engine-v1,baseline-pilot-v2,v0.1.2-pilot-per,PER,PEN,debt_guardrail,0.05,mid,r3,2034,0.013979597614129962,0.14100758704930563,4.094182622668865,3.124366909952862,133.21806249832653,,,,,False,frontier_exceeds_one;ai_rent_capture_impossible,False,1e-09
pilot_per_tierA_baseline_pilot_v2,deterministic-engine-v1,baseline-pilot-v2,v0.1.2-pilot-per,PER,PEN,baseline,0.1,mid,r3,2034,0.007151318458194525,0.07213298893466963,2.0943953158649857,1.6445466545649976,66.55848560486388,,,,,False,frontier_exceeds_one;ai_rent_capture_impossible,False,1e-09
pilot_per_tierA_baseline_pilot_v2,deterministic-engine-v1,baseline-pilot-v2,v0.1.2-pilot-per,PER,PEN,debt_guardrail,0.1,mid,r3,2034,0.01425828987723195,0.14381866392247694,4.175802784576181,3.1830405610182577,135.93873456190371,,,,,False,frontier_exceeds_one;ai_rent_capture_impossible,False,1e-09
pilot_per_tierA_baseline_pilot_v2,deterministic-engine-v1,baseline-pilot-v2,v0.1.2-pilot-per,PER,PEN,baseline,0.25,mid,r3,2034,0.007987395247500497,0.08056621955418365,2.339255801586937,1.8302624858125496,74.72050179559558,,,,,False,frontier_exceeds_one;ai_rent_capture_impossible,False,1e-09
pilot_per_tierA_baseline_pilot_v2,deterministic-engine-v1,baseline-pilot-v2,v0.1.2-pilot-per,PER,PEN,debt_guardrail,0.25,mid,r3,2034,0.015094366666537923,0.15225189454199095,4.4206632702981326,3.3582861138829467,144.10075075263543,,,,,False,frontier_exceeds_one;ai_rent_capture_impossible,False,1e-09
pilot_per_tierA_baseline_pilot_v2,deterministic-engine-v1,baseline-pilot-v2,v0.1.2-pilot-per,PER,PEN,baseline,0.5,mid,r3,2034,0.009380856563010447,0.09462160392004029,2.7473566111235206,2.136909594079471,88.32386211348171,,,,,False,frontier_exceeds_one;ai_rent_capture_impossible,False,1e-09
pilot_per_tierA_baseline_pilot_v2,deterministic-engine-v1,baseline-pilot-v2,v0.1.2-pilot-per,PER,PEN,debt_guardrail,0.5,mid,r3,2034,0.016487827982047874,0.1663072789078476,4.828764079834716,3.647813050612338,157.70411107052155,,,,,False,frontier_exceeds_one;ai_rent_capture_impossible,False,1e-09
pilot_per_tierA_baseline_pilot_v2,deterministic-engine-v1,baseline-pilot-v2,v0.1.2-pilot-per,PER,GMI,baseline,0.0,mid,r3,2034,0.045445181376125465,0.45839054497451726,13.309458327048375,9.048067786358194,440.3939193109769,,,,,False,frontier_exceeds_one;ai_rent_capture_impossible,False,1e-09
pilot_per_tierA_baseline_pilot_v2,deterministic-engine-v1,baseline-pilot-v2,v0.1.2-pilot-per,PER,GMI,debt_guardrail,0.0,mid,r3,2034,0.05255215279516289,0.5300762199623246,15.39086579575957,10.223338987009157,509.7741682680167,,,,,False,frontier_exceeds_one;ai_rent_capture_impossible,False,1e-09
pilot_per_tierA_baseline_pilot_v2,deterministic-engine-v1,baseline-pilot-v2,v0.1.2-pilot-per,PER,GMI,baseline,0.05,mid,r3,2034,0.047535587408599284,0.47947578066789026,13.92167223253489,9.399057245186752,460.8010494938607,,,,,False,frontier_exceeds_one;ai_rent_capture_impossible,False,1e-09
pilot_per_tierA_baseline_pilot_v2,deterministic-engine-v1,baseline-pilot-v2,v0.1.2-pilot-per,PER,GMI,debt_guardrail,0.05,mid,r3,2034,0.05464255882763671,0.5511614556556976,16.003079701246087,10.559594677481758,530.1812984509006,,,,,False,frontier_exceeds_one;ai_rent_capture_impossible,False,1e-09
pilot_per_tierA_baseline_pilot_v2,deterministic-engine-v1,baseline-pilot-v2,v0.1.2-pilot-per,PER,GMI,baseline,0.1,mid,r3,2034,0.049625993441073095,0.5005610163612633,14.533886138021403,9.745573218119866,481.20817967674446,,,,,False,frontier_exceeds_one;ai_rent_capture_impossible,False,1e-09
pilot_per_tierA_baseline_pilot_v2,deterministic-engine-v1,baseline-pilot-v2,v0.1.2-pilot-per,PER,GMI,debt_guardrail,0.1,mid,r3,2034,0.05673296486011052,0.5722466913490706,16.6152936067326,10.891761538089238,550.5884286337844,,,,,False,frontier_exceeds_one;ai_rent_capture_impossible,False,1e-09
pilot_per_tierA_baseline_pilot_v2,deterministic-engine-v1,baseline-pilot-v2,v0.1.2-pilot-per,PER,GMI,baseline,0.25,mid,r3,2034,0.05589721153849453,0.5638167234413821,16.370527854480944,10.759443659524665,542.4295702253959,,,,,False,frontier_exceeds_one;ai_rent_capture_impossible,False,1e-09
pilot_per_tierA_baseline_pilot_v2,deterministic-engine-v1,baseline-pilot-v2,v0.1.2-pilot-per,PER,GMI,debt_guardrail,0.25,mid,r3,2034,0.06300418295753196,0.6355023984291895,18.45193532319214,11.864745246699343,611.8098191824357,,,,,False,frontier_exceeds_one;ai_rent_capture_impossible,False,1e-09
pilot_per_tierA_baseline_pilot_v2,deterministic-engine-v1,baseline-pilot-v2,v0.1.2-pilot-per,PER,GMI,baseline,0.5,mid,r3,2034,0.0663492417008636,0.6692429019082471,19.431597381913512,12.369962685884424,644.4652211398148,,,,,False,frontier_exceeds_one;ai_rent_capture_impossible,False,1e-09
pilot_per_tierA_baseline_pilot_v2,deterministic-engine-v1,baseline-pilot-v2,v0.1.2-pilot-per,PER,GMI,debt_guardrail,0.5,mid,r3,2034,0.07345621311990103,0.7409285768960544,21.513004850624707,13.413544622649033,713.8454700968547,,,,,False,frontier_exceeds_one;ai_rent_capture_impossible,False,1e-09
pilot_per_tierA_baseline_pilot_v2,deterministic-engine-v1,baseline-pilot-v2,v0.1.2-pilot-per,PER,MUT,baseline,0.0,mid,r3,2034,0.054351095520221465,0.5482215614737297,15.917719303808111,10.51295858529964,527.3359518696348,,,,,False,frontier_exceeds_one;ai_rent_capture_impossible,False,1e-09
pilot_per_tierA_baseline_pilot_v2,deterministic-engine-v1,baseline-pilot-v2,v0.1.2-pilot-per,PER,MUT,debt_guardrail,0.0,mid,r3,2034,0.06145806693925889,0.619907236461537,17.999126772519308,11.628052082155682,596.7162008266746,,,,,False,frontier_exceeds_one;ai_rent_capture_impossible,False,1e-09
pilot_per_tierA_baseline_pilot_v2,deterministic-engine-v1,baseline-pilot-v2,v0.1.2-pilot-per,PER,MUT,baseline,0.05,mid,r3,2034,0.05702083502529658,0.5751503426913197,16.69960168629408,10.937189814569003,553.3986979525004,,,,,False,frontier_exceeds_one;ai_rent_capture_impossible,False,1e-09
pilot_per_tierA_baseline_pilot_v2,deterministic-engine-v1,baseline-pilot-v2,v0.1.2-pilot-per,PER,MUT,debt_guardrail,0.05,mid,r3,2034,0.06412780644433401,0.646836017679127,18.78100915500528,12.035488338040679,622.7789469095403,,,,,False,frontier_exceeds_one;ai_rent_capture_impossible,False,1e-09
pilot_per_tierA_baseline_pilot_v2,deterministic-engine-v1,baseline-pilot-v2,v0.1.2-pilot-per,PER,MUT,baseline,0.1,mid,r3,2034,0.059690574530371694,0.6020791239089097,17.481484068780052,11.354943155724289,579.4614440353661,,,,,False,frontier_exceeds_one;ai_rent_capture_impossible,False,1e-09
pilot_per_tierA_baseline_pilot_v2,deterministic-engine-v1,baseline-pilot-v2,v0.1.2-pilot-per,PER,MUT,debt_guardrail,0.1,mid,r3,2034,0.06679754594940912,0.673764798896717,19.562891537491247,12.436972022397384,648.8416929924059,,,,,False,frontier_exceeds_one;ai_rent_capture_impossible,False,1e-09
pilot_per_tierA_baseline_pilot_v2,deterministic-engine-v1,baseline-pilot-v2,v0.1.2-pilot-per,PER,MUT,baseline,0.25,mid,r3,2034,0.06769979304559703,0.6828654675616798,19.82713121623796,12.57134103420388,657.649682283963,,,,,False,frontier_exceeds_one;ai_rent_capture_impossible,False,1e-09
pilot_per_tierA_baseline_pilot_v2,deterministic-engine-v1,baseline-pilot-v2,v0.1.2-pilot-per,PER,MUT,debt_guardrail,0.25,mid,r3,2034,0.07480676446463447,0.7545511425494872,21.908538684949157,13.607473617977032,727.0299312410029,,,,,False,frontier_exceeds_one;ai_rent_capture_impossible,False,1e-09
pilot_per_tierA_baseline_pilot_v2,deterministic-engine-v1,baseline-pilot-v2,v0.1.2-pilot-per,PER,MUT,baseline,0.5,mid,r3,2034,0.0810484905709726,0.8175093736496298,23.736543128667805,14.486500408395873,787.9634126982912,,,,,False,frontier_exceeds_one;ai_rent_capture_impossible,False,1e-09
pilot_per_tierA_baseline_pilot_v2,deterministic-engine-v1,baseline-pilot-v2,v0.1.2-pilot-per,PER,MUT,debt_guardrail,0.5,mid,r3,2034,0.08815546199001004,0.8891950486374373,25.817950597379003,15.454616825802589,857.3436616553312,,,,,False,frontier_exceeds_one;ai_rent_capture_impossible,False,1e-09
pilot_per_tierA_baseline_pilot_v2,deterministic-engine-v1,baseline-pilot-v2,v0.1.2-pilot-per,PER,PBI,baseline,0.0,mid,r3,2034,0.08055082015021371,0.8124895363757663,23.590791180383693,14.41742680755309,783.1050144221541,,,,,False,frontier_exceeds_one;ai_rent_capture_impossible,False,1e-09
pilot_per_tierA_baseline_pilot_v2,deterministic-engine-v1,baseline-pilot-v2,v0.1.2-pilot-per,PER,PBI,debt_guardrail,0.0,mid,r3,2034,0.08765779156925113,0.8841752113635736,25.672198649094888,15.387909820508304,852.485263379194,,,,,False,frontier_exceeds_one;ai_rent_capture_impossible,False,1e-09
pilot_per_tierA_baseline_pilot_v2,deterministic-engine-v1,baseline-pilot-v2,v0.1.2-pilot-per,PER,PBI,baseline,0.05,mid,r3,2034,0.08453554588678844,0.8526821496881659,24.757791498783128,14.965721832743975,822.0050250354686,,,,,False,frontier_exceeds_one;ai_rent_capture_impossible,False,1e-09
pilot_per_tierA_baseline_pilot_v2,deterministic-engine-v1,baseline-pilot-v2,v0.1.2-pilot-per,PER,PBI,debt_guardrail,0.05,mid,r3,2034,0.09164251730582587,0.9243678246759732,26.839198967494326,15.917591699799274,891.3852739925086,,,,,False,frontier_exceeds_one;ai_rent_capture_impossible,False,1e-09
pilot_per_tierA_baseline_pilot_v2,deterministic-engine-v1,baseline-pilot-v2,v0.1.2-pilot-per,PER,PBI,baseline,0.1,mid,r3,2034,0.08852027162336316,0.8928747630005655,25.924791817182562,15.503414115859853,860.9050356487832,,,,,False,frontier_exceeds_one;ai_rent_capture_impossible,False,1e-09
pilot_per_tierA_baseline_pilot_v2,deterministic-engine-v1,baseline-pilot-v2,v0.1.2-pilot-per,PER,PBI,debt_guardrail,0.1,mid,r3,2034,0.09562724304240058,0.9645604379883727,28.006199285893754,16.43740883758141,930.2852846058229,,,,,False,frontier_exceeds_one;ai_rent_capture_impossible,False,1e-09
pilot_per_tierA_baseline_pilot_v2,deterministic-engine-v1,baseline-pilot-v2,v0.1.2-pilot-per,PER,PBI,baseline,0.25,mid,r3,2034,0.10047444883308733,1.013452602937764,29.42579277238086,17.056987496677046,977.6050674887264,,,,,False,frontier_exceeds_one;ai_rent_capture_impossible,False,1e-09
pilot_per_tierA_baseline_pilot_v2,deterministic-engine-v1,baseline-pilot-v2,v0.1.2-pilot-per,PER,PBI,debt_guardrail,0.25,mid,r3,2034,0.10758142025212475,1.0851382779255712,31.507200241092054,17.94136401169269,1046.985316445766,,,,,False,frontier_exceeds_one;ai_rent_capture_impossible,False,1e-09
pilot_per_tierA_baseline_pilot_v2,deterministic-engine-v1,baseline-pilot-v2,v0.1.2-pilot-per,PER,PBI,baseline,0.5,mid,r3,2034,0.12039807751596096,1.2144156694997619,35.26079436437803,19.46925203544854,1172.1051205552988,,,,,False,frontier_exceeds_one;ai_rent_capture_impossible,False,1e-09
pilot_per_tierA_baseline_pilot_v2,deterministic-engine-v1,baseline-pilot-v2,v0.1.2-pilot-per,PER,PBI,debt_guardrail,0.5,mid,r3,2034,0.1275050489349984,1.2861013444875693,37.34220183308923,20.282205495973457,1241.4853695123386,,,,,False,frontier_exceeds_one;ai_rent_capture_impossible,False,1e-09
pilot_per_tierA_baseline_pilot_v2,deterministic-engine-v1,baseline-pilot-v2,v0.1.2-pilot-per,PER,UBI,baseline,0.0,mid,r3,2034,0.21456972690847206,2.164294014772694,62.84069624232486,28.7270533513804,2091.4351831535264,,,,,False,frontier_exceeds_one;ai_rent_capture_impossible,False,1e-09
pilot_per_tierA_baseline_pilot_v2,deterministic-engine-v1,baseline-pilot-v2,v0.1.2-pilot-per,PER,UBI,debt_guardrail,0.0,mid,r3,2034,0.2216766983275095,2.2359796897605015,64.92210371103606,29.319170011764527,2160.8154321105662,,,,,False,frontier_exceeds_one;ai_rent_capture_impossible,False,1e-09
pilot_per_tierA_baseline_pilot_v2,deterministic-engine-v1,baseline-pilot-v2,v0.1.2-pilot-per,PER,UBI,baseline,0.05,mid,r3,2034,0.22524868492877254,2.272009139643054,65.96822577226874,29.612325056343415,2195.6861674849893,,,,,False,frontier_exceeds_one;ai_rent_capture_impossible,False,1e-09
pilot_per_tierA_baseline_pilot_v2,deterministic-engine-v1,baseline-pilot-v2,v0.1.2-pilot-per,PER,UBI,debt_guardrail,0.05,mid,r3,2034,0.23235565634780997,2.3436948146308616,68.04963324097994,30.187058569231986,2265.066416442029,,,,,False,frontier_exceeds_one;ai_rent_capture_impossible,False,1e-09
pilot_per_tierA_baseline_pilot_v2,deterministic-engine-v1,baseline-pilot-v2,v0.1.2-pilot-per,PER,UBI,baseline,0.1,mid,r3,2034,0.23592764294907298,2.3797242645134142,69.09575530221261,30.471745865332785,2299.937151816451,,,,,False,frontier_exceeds_one;ai_rent_capture_impossible,False,1e-09
pilot_per_tierA_baseline_pilot_v2,deterministic-engine-v1,baseline-pilot-v2,v0.1.2-pilot-per,PER,UBI,debt_guardrail,0.1,mid,r3,2034,0.2430346143681104,2.4514099395012217,71.17716277092381,31.03013960441599,2369.3174007734915,,,,,False,frontier_exceeds_one;ai_rent_capture_impossible,False,1e-09
pilot_per_tierA_baseline_pilot_v2,deterministic-engine-v1,baseline-pilot-v2,v0.1.2-pilot-per,PER,UBI,baseline,0.25,mid,r3,2034,0.2679645170099743,2.7028696391244944,78.47834389204424,32.90967336444476,2612.690104810839,,,,,False,frontier_exceeds_one;ai_rent_capture_impossible,False,1e-09
pilot_per_tierA_baseline_pilot_v2,deterministic-engine-v1,baseline-pilot-v2,v0.1.2-pilot-per,PER,UBI,debt_guardrail,0.25,mid,r3,2034,0.27507148842901175,2.7745553141123014,80.55975136075543,33.42443356892545,2682.0703537678787,,,,,False,frontier_exceeds_one;ai_rent_capture_impossible,False,1e-09
pilot_per_tierA_baseline_pilot_v2,deterministic-engine-v1,baseline-pilot-v2,v0.1.2-pilot-per,PER,UBI,baseline,0.5,mid,r3,2034,0.3213593071114766,3.2414452634762947,94.11599154176362,36.576614417081174,3133.945026468152,,,,,False,frontier_exceeds_one;ai_rent_capture_impossible,False,1e-09
pilot_per_tierA_baseline_pilot_v2,deterministic-engine-v1,baseline-pilot-v2,v0.1.2-pilot-per,PER,UBI,debt_guardrail,0.5,mid,r3,2034,0.328466278530514,3.313130938464102,96.19739901047483,37.032651844853106,3203.325275425192,,,,,False,frontier_exceeds_one;ai_rent_capture_impossible,False,1e-09
pilot_per_tierA_baseline_pilot_v2,deterministic-engine-v1,baseline-pilot-v2,v0.1.2-pilot-per,PER,PEN,baseline,0.0,mid,r4,2034,0.0065619339319905445,0.05290745940852719,1.9217832027083628,1.216199361304657,60.00521906527339,,,,,False,frontier_exceeds_one;ai_rent_capture_impossible,False,1e-09
pilot_per_tierA_baseline_pilot_v2,deterministic-engine-v1,baseline-pilot-v2,v0.1.2-pilot-per,PER,PEN,debt_guardrail,0.0,mid,r4,2034,0.013668905351027971,0.11020943863711467,4.003190671419558,2.472873221381614,129.38546802231323,,,,,False,frontier_exceeds_one;ai_rent_capture_impossible,False,1e-09
pilot_per_tierA_baseline_pilot_v2,deterministic-engine-v1,baseline-pilot-v2,v0.1.2-pilot-per,PER,PEN,baseline,0.05,mid,r4,2034,0.006840626195092535,0.05515449507672483,2.0034033646156795,1.2666252010859111,62.72589112885061,,,,,False,frontier_exceeds_one;ai_rent_capture_impossible,False,1e-09
pilot_per_tierA_baseline_pilot_v2,deterministic-engine-v1,baseline-pilot-v2,v0.1.2-pilot-per,PER,PEN,debt_guardrail,0.05,mid,r4,2034,0.013947597614129961,0.1124564743053123,4.084810833326875,2.520952881456563,132.10614008589047,,,,,False,frontier_exceeds_one;ai_rent_capture_impossible,False,1e-09
pilot_per_tierA_baseline_pilot_v2,deterministic-engine-v1,baseline-pilot-v2,v0.1.2-pilot-per,PER,PEN,baseline,0.1,mid,r4,2034,0.007119318458194525,0.05740153074492247,2.0850235265229964,1.3169544860569529,65.44656319242785,,,,,False,frontier_exceeds_one;ai_rent_capture_impossible,False,1e-09
pilot_per_tierA_baseline_pilot_v2,deterministic-engine-v1,baseline-pilot-v2,v0.1.2-pilot-per,PER,PEN,debt_guardrail,0.1,mid,r4,2034,0.014226289877231952,0.11470350997350995,4.166430995234192,2.568945216938048,134.82681214946768,,,,,False,frontier_exceeds_one;ai_rent_capture_impossible,False,1e-09
pilot_per_tierA_baseline_pilot_v2,deterministic-engine-v1,baseline-pilot-v2,v0.1.2-pilot-per,PER,PEN,baseline,0.25,mid,r4,2034,0.007955395247500496,0.06414263774951538,2.329884012244947,1.4673668949442937,73.60857938315954,,,,,False,frontier_exceeds_one;ai_rent_capture_impossible,False,1e-09
pilot_per_tierA_baseline_pilot_v2,deterministic-engine-v1,baseline-pilot-v2,v0.1.2-pilot-per,PER,PEN,debt_guardrail,0.25,mid,r4,2034,0.015062366666537923,0.12144461697810287,4.411291480956143,2.7124016076444266,142.98882834019938,,,,,False,frontier_exceeds_one;ai_rent_capture_impossible,False,1e-09
pilot_per_tierA_baseline_pilot_v2,deterministic-engine-v1,baseline-pilot-v2,v0.1.2-pilot-per,PER,PEN,baseline,0.5,mid,r4,2034,0.009348856563010446,0.07537781609050356,2.737984821781531,1.7161590324501266,87.21193970104567,,,,,False,frontier_exceeds_one;ai_rent_capture_impossible,False,1e-09
pilot_per_tierA_baseline_pilot_v2,deterministic-engine-v1,baseline-pilot-v2,v0.1.2-pilot-per,PER,PEN,debt_guardrail,0.5,mid,r4,2034,0.016455827982047873,0.13267979531909105,4.819392290492726,2.9497799087640058,156.59218865808552,,,,,False,frontier_exceeds_one;ai_rent_capture_impossible,False,1e-09
pilot_per_tierA_baseline_pilot_v2,deterministic-engine-v1,baseline-pilot-v2,v0.1.2-pilot-per,PER,GMI,baseline,0.0,mid,r4,2034,0.04536518137612546,0.3657696827023296,13.2860288536934,7.450057116549229,438.81340743144136,,,,,False,frontier_exceeds_one;ai_rent_capture_impossible,False,1e-09
pilot_per_tierA_baseline_pilot_v2,deterministic-engine-v1,baseline-pilot-v2,v0.1.2-pilot-per,PER,GMI,debt_guardrail,0.0,mid,r4,2034,0.05247215279516289,0.42307166193091705,15.367436322404595,8.449777449171188,508.19365638848114,,,,,False,frontier_exceeds_one;ai_rent_capture_impossible,False,1e-09
pilot_per_tierA_baseline_pilot_v2,deterministic-engine-v1,baseline-pilot-v2,v0.1.2-pilot-per,PER,GMI,baseline,0.05,mid,r4,2034,0.04745558740859928,0.3826241761270903,13.898242759179915,7.7479686743141585,459.22053761432517,,,,,False,frontier_exceeds_one;ai_rent_capture_impossible,False,1e-09
pilot_per_tierA_baseline_pilot_v2,deterministic-engine-v1,baseline-pilot-v2,v0.1.2-pilot-per,PER,GMI,debt_guardrail,0.05,mid,r4,2034,0.054562558827636706,0.4399261553556778,15.97965022789111,8.736934275262477,528.600786571365,,,,,False,frontier_exceeds_one;ai_rent_capture_impossible,False,1e-09
pilot_per_tierA_baseline_pilot_v2,deterministic-engine-v1,baseline-pilot-v2,v0.1.2-pilot-per,PER,GMI,baseline,0.1,mid,r4,2034,0.04954599344107309,0.399478669551851,14.510456664666428,8.04262953318236,479.6276677972089,,,,,False,frontier_exceeds_one;ai_rent_capture_impossible,False,1e-09
pilot_per_tierA_baseline_pilot_v2,deterministic-engine-v1,baseline-pilot-v2,v0.1.2-pilot-per,PER,GMI,debt_guardrail,0.1,mid,r4,2034,0.05665296486011052,0.45678064878043845,16.591864133377623,9.02108179853747,549.0079167542488,,,,,False,frontier_exceeds_one;ai_rent_capture_impossible,False,1e-09
pilot_per_tierA_baseline_pilot_v2,deterministic-engine-v1,baseline-pilot-v2,v0.1.2-pilot-per,PER,GMI,baseline,0.25,mid,r4,2034,0.055817211538494525,0.450042149826133,16.347098381125967,8.907835192683494,540.8490583458603,,,,,False,frontier_exceeds_one;ai_rent_capture_impossible,False,1e-09
pilot_per_tierA_baseline_pilot_v2,deterministic-engine-v1,baseline-pilot-v2,v0.1.2-pilot-per,PER,GMI,debt_guardrail,0.25,mid,r4,2034,0.06292418295753195,0.5073441290547205,18.428505849837162,9.856115902074542,610.2293073029001,,,,,False,frontier_exceeds_one;ai_rent_capture_impossible,False,1e-09
pilot_per_tierA_baseline_pilot_v2,deterministic-engine-v1,baseline-pilot-v2,v0.1.2-pilot-per,PER,GMI,baseline,0.5,mid,r4,2034,0.06626924170086361,0.5343146169499365,19.408167908558543,10.29126407279257,642.8847092602795,,,,,False,frontier_exceeds_one;ai_rent_capture_impossible,False,1e-09
pilot_per_tierA_baseline_pilot_v2,deterministic-engine-v1,baseline-pilot-v2,v0.1.2-pilot-per,PER,GMI,debt_guardrail,0.5,mid,r4,2034,0.07337621311990103,0.591616596178524,21.489575377269734,11.193391343610552,712.2649582173192,,,,,False,frontier_exceeds_one;ai_rent_capture_impossible,False,1e-09
pilot_per_tierA_baseline_pilot_v2,deterministic-engine-v1,baseline-pilot-v2,v0.1.2-pilot-per,PER,MUT,baseline,0.0,mid,r4,2034,0.054331095520221466,0.4380599165808658,15.911861935469368,8.705287788225139,526.3411768239736,,,,,False,frontier_exceeds_one;ai_rent_capture_impossible,False,1e-09
pilot_per_tierA_baseline_pilot_v2,deterministic-engine-v1,baseline-pilot-v2,v0.1.2-pilot-per,PER,MUT,debt_guardrail,0.0,mid,r4,2034,0.06143806693925889,0.4953618958094533,17.993269404180563,9.660539581008553,595.7214257810134,,,,,False,frontier_exceeds_one;ai_rent_capture_impossible,False,1e-09
pilot_per_tierA_baseline_pilot_v2,deterministic-engine-v1,baseline-pilot-v2,v0.1.2-pilot-per,PER,MUT,baseline,0.05,mid,r4,2034,0.057000835025296584,0.4595854509675334,16.69374431795534,9.068080145248603,552.4039229068393,,,,,False,frontier_exceeds_one;ai_rent_capture_impossible,False,1e-09
pilot_per_tierA_baseline_pilot_v2,deterministic-engine-v1,baseline-pilot-v2,v0.1.2-pilot-per,PER,MUT,debt_guardrail,0.05,mid,r4,2034,0.064107806444334,0.5168874301961208,18.775151786666534,10.010885049379079,621.7841718638791,,,,,False,frontier_exceeds_one;ai_rent_capture_impossible,False,1e-09
pilot_per_tierA_baseline_pilot_v2,deterministic-engine-v1,baseline-pilot-v2,v0.1.2-pilot-per,PER,MUT,baseline,0.1,mid,r4,2034,0.059670574530371695,0.48111098535420094,17.475626700441307,9.426088749359367,578.4666689897049,,,,,False,frontier_exceeds_one;ai_rent_capture_impossible,False,1e-09
pilot_per_tierA_baseline_pilot_v2,deterministic-engine-v1,baseline-pilot-v2,v0.1.2-pilot-per,PER,MUT,debt_guardrail,0.1,mid,r4,2034,0.06677754594940913,0.5384129645827884,19.557034169152505,10.356784304861385,647.8469179467448,,,,,False,frontier_exceeds_one;ai_rent_capture_impossible,False,1e-09
pilot_per_tierA_baseline_pilot_v2,deterministic-engine-v1,baseline-pilot-v2,v0.1.2-pilot-per,PER,MUT,baseline,0.25,mid,r4,2034,0.06767979304559703,0.5456875885142035,19.821273847899214,10.472697699662103,656.6549072383018,,,,,False,frontier_exceeds_one;ai_rent_capture_impossible,False,1e-09
pilot_per_tierA_baseline_pilot_v2,deterministic-engine-v1,baseline-pilot-v2,v0.1.2-pilot-per,PER,MUT,debt_guardrail,0.25,mid,r4,2034,0.07478676446463445,0.6029895677427909,21.902681316610405,11.368956365626817,726.0351561953415,,,,,False,frontier_exceeds_one;ai_rent_capture_impossible,False,1e-09
pilot_per_tierA_baseline_pilot_v2,deterministic-engine-v1,baseline-pilot-v2,v0.1.2-pilot-per,PER,MUT,baseline,0.5,mid,r4,2034,0.0810284905709726,0.6533152604475412,23.73068576032906,12.13262481150147,786.96863765263,,,,,False,frontier_exceeds_one;ai_rent_capture_impossible,False,1e-09
pilot_per_tierA_baseline_pilot_v2,deterministic-engine-v1,baseline-pilot-v2,v0.1.2-pilot-per,PER,MUT,debt_guardrail,0.5,mid,r4,2034,0.08813546199001002,0.7106172396761287,25.812093229040254,12.977088661058545,856.3488866096699,,,,,False,frontier_exceeds_one;ai_rent_capture_impossible,False,1e-09
pilot_per_tierA_baseline_pilot_v2,deterministic-engine-v1,baseline-pilot-v2,v0.1.2-pilot-per,PER,PBI,baseline,0.0,mid,r4,2034,0.0805308201502137,0.649302651076886,23.584933812044948,12.072508457518316,782.1102393764929,,,,,False,frontier_exceeds_one;ai_rent_capture_impossible,False,1e-09
pilot_per_tierA_baseline_pilot_v2,deterministic-engine-v1,baseline-pilot-v2,v0.1.2-pilot-per,PER,PBI,debt_guardrail,0.0,mid,r4,2034,0.08763779156925114,0.7066046303054736,25.666341280756146,12.918789908740386,851.4904883335329,,,,,False,frontier_exceeds_one;ai_rent_capture_impossible,False,1e-09
pilot_per_tierA_baseline_pilot_v2,deterministic-engine-v1,baseline-pilot-v2,v0.1.2-pilot-per,PER,PBI,baseline,0.05,mid,r4,2034,0.08451554588678843,0.6814306361110158,24.751934130444383,12.550199612708964,821.0102499898074,,,,,False,frontier_exceeds_one;ai_rent_capture_impossible,False,1e-09
pilot_per_tierA_baseline_pilot_v2,deterministic-engine-v1,baseline-pilot-v2,v0.1.2-pilot-per,PER,PBI,debt_guardrail,0.05,mid,r4,2034,0.09162251730582585,0.7387326153396032,26.833341599155574,13.382155470541479,890.3904989468472,,,,,False,frontier_exceeds_one;ai_rent_capture_impossible,False,1e-09
pilot_per_tierA_baseline_pilot_v2,deterministic-engine-v1,baseline-pilot-v2,v0.1.2-pilot-per,PER,PBI,baseline,0.1,mid,r4,2034,0.08850027162336316,0.7135586211451457,25.918934448843817,13.019745537814847,859.910260603122,,,,,False,frontier_exceeds_one;ai_rent_capture_impossible,False,1e-09
pilot_per_tierA_baseline_pilot_v2,deterministic-engine-v1,baseline-pilot-v2,v0.1.2-pilot-per,PER,PBI,debt_guardrail,0.1,mid,r4,2034,0.09560724304240059,0.7708606003737332,28.000341917555012,13.837878340819056,929.2905095601618,,,,,False,frontier_exceeds_one;ai_rent_capture_impossible,False,1e-09
pilot_per_tierA_baseline_pilot_v2,deterministic-engine-v1,baseline-pilot-v2,v0.1.2-pilot-per,PER,PBI,baseline,0.25,mid,r4,2034,0.10045444883308732,0.8099425762475351,29.419935404042114,14.382314445671899,976.6102924430652,,,,,False,frontier_exceeds_one;ai_rent_capture_impossible,False,1e-09
pilot_per_tierA_baseline_pilot_v2,deterministic-engine-v1,baseline-pilot-v2,v0.1.2-pilot-per,PER,PBI,debt_guardrail,0.25,mid,r4,2034,0.10756142025212476,0.8672445554761226,31.501342872753312,15.16173811457112,1045.990541400105,,,,,False,frontier_exceeds_one;ai_rent_capture_impossible,False,1e-09
pilot_per_tierA_baseline_pilot_v2,deterministic-engine-v1,baseline-pilot-v2,v0.1.2-pilot-per,PER,PBI,baseline,0.5,mid,r4,2034,0.12037807751596095,0.9705825014181843,35.254936996039284,16.514467101524673,1171.1103455096375,,,,,False,frontier_exceeds_one;ai_rent_capture_impossible,False,1e-09
pilot_per_tierA_baseline_pilot_v2,deterministic-engine-v1,baseline-pilot-v2,v0.1.2-pilot-per,PER,PBI,debt_guardrail,0.5,mid,r4,2034,0.12748504893499837,1.0278844806467717,37.33634446475048,17.237285084435012,1240.4905944666773,,,,,False,frontier_exceeds_one;ai_rent_capture_impossible,False,1e-09
pilot_per_tierA_baseline_pilot_v2,deterministic-engine-v1,baseline-pilot-v2,v0.1.2-pilot-per,PER,UBI,baseline,0.0,mid,r4,2034,0.21455772690847208,1.7299327217932443,62.837181821321614,24.857340444612866,2090.518506352382,,,,,False,frontier_exceeds_one;ai_rent_capture_impossible,False,1e-09
pilot_per_tierA_baseline_pilot_v2,deterministic-engine-v1,baseline-pilot-v2,v0.1.2-pilot-per,PER,UBI,debt_guardrail,0.0,mid,r4,2034,0.2216646983275095,1.787234701021832,64.91858929003281,25.39831457117662,2159.898755309422,,,,,False,frontier_exceeds_one;ai_rent_capture_impossible,False,1e-09
pilot_per_tierA_baseline_pilot_v2,deterministic-engine-v1,baseline-pilot-v2,v0.1.2-pilot-per,PER,UBI,baseline,0.05,mid,r4,2034,0.22523668492877255,1.8160348593399147,65.96471135126549,25.666440520286944,2194.7694906838447,,,,,False,frontier_exceeds_one;ai_rent_capture_impossible,False,1e-09
pilot_per_tierA_baseline_pilot_v2,deterministic-engine-v1,baseline-pilot-v2,v0.1.2-pilot-per,PER,UBI,debt_guardrail,0.05,mid,r4,2034,0.23234365634780998,1.8733368385685023,68.0461188199767,26.192654483412802,2264.149739640885,,,,,False,frontier_exceeds_one;ai_rent_capture_impossible,False,1e-09
pilot_per_tierA_baseline_pilot_v2,deterministic-engine-v1,baseline-pilot-v2,v0.1.2-pilot-per,PER,UBI,baseline,0.1,mid,r4,2034,0.235915642949073,1.9021369968865849,69.09224088120938,26.453574357573828,2299.0204750153075,,,,,False,frontier_exceeds_one;ai_rent_capture_impossible,False,1e-09
pilot_per_tierA_baseline_pilot_v2,deterministic-engine-v1,baseline-pilot-v2,v0.1.2-pilot-per,PER,UBI,debt_guardrail,0.1,mid,r4,2034,0.24302261436811043,1.9594389761151723,71.17364834992057,26.965853365371483,2368.4007239723474,,,,,False,frontier_exceeds_one;ai_rent_capture_impossible,False,1e-09
pilot_per_tierA_baseline_pilot_v2,deterministic-engine-v1,baseline-pilot-v2,v0.1.2-pilot-per,PER,UBI,baseline,0.25,mid,r4,2034,0.2679525170099743,2.1604434095265947,78.47482947104099,28.694907209296574,2611.7734280096947,,,,,False,frontier_exceeds_one;ai_rent_capture_impossible,False,1e-09
pilot_per_tierA_baseline_pilot_v2,deterministic-engine-v1,baseline-pilot-v2,v0.1.2-pilot-per,PER,UBI,debt_guardrail,0.25,mid,r4,2034,0.27505948842901173,2.2177453887551826,80.55623693975218,29.16968461829304,2681.153676966734,,,,,False,frontier_exceeds_one;ai_rent_capture_impossible,False,1e-09
pilot_per_tierA_baseline_pilot_v2,deterministic-engine-v1,baseline-pilot-v2,v0.1.2-pilot-per,PER,UBI,baseline,0.5,mid,r4,2034,0.3213473071114766,2.590954097259946,94.11247712076037,32.087813307488794,3133.028349667007,,,,,False,frontier_exceeds_one;ai_rent_capture_impossible,False,1e-09
pilot_per_tierA_baseline_pilot_v2,deterministic-engine-v1,baseline-pilot-v2,v0.1.2-pilot-per,PER,UBI,debt_guardrail,0.5,mid,r4,2034,0.328454278530514,2.6482560764885332,96.19388458947157,32.51144981324845,3202.408598624047,,,,,False,frontier_exceeds_one;ai_rent_capture_impossible,False,1e-09
pilot_per_tierA_baseline_pilot_v2,deterministic-engine-v1,baseline-pilot-v2,v0.1.2-pilot-per,PER,PEN,baseline,0.0,high,r0,2034,0.006601933931990545,0.0657630142791187,2.1620730361369533,1.6808505749629974,34.36138775526293,,,,,False,frontier_exceeds_one;ai_rent_capture_impossible,False,1e-09
pilot_per_tierA_baseline_pilot_v2,deterministic-engine-v1,baseline-pilot-v2,v0.1.2-pilot-per,PER,PEN,debt_guardrail,0.0,high,r0,2034,0.013708905351027971,0.13655679496915488,4.489541234393198,3.388996869070494,73.15252439286702,,,,,False,frontier_exceeds_one;ai_rent_capture_impossible,False,1e-09
pilot_per_tierA_baseline_pilot_v2,deterministic-engine-v1,baseline-pilot-v2,v0.1.2-pilot-per,PER,PEN,baseline,0.05,high,r0,2034,0.006880626195092535,0.06853911647381761,2.2533422056924146,1.749731615944776,35.882540581187286,,,,,False,frontier_exceeds_one;ai_rent_capture_impossible,False,1e-09
pilot_per_tierA_baseline_pilot_v2,deterministic-engine-v1,baseline-pilot-v2,v0.1.2-pilot-per,PER,PEN,debt_guardrail,0.05,high,r0,2034,0.013987597614129961,0.13933289716385377,4.58081040394866,3.4540089244802306,74.67367721879138,,,,,False,frontier_exceeds_one;ai_rent_capture_impossible,False,1e-09
pilot_per_tierA_baseline_pilot_v2,deterministic-engine-v1,baseline-pilot-v2,v0.1.2-pilot-per,PER,PEN,baseline,0.1,high,r0,2034,0.007159318458194525,0.0713152186685165,2.3446113752478763,1.8184517849856898,37.40369340711165,,,,,False,frontier_exceeds_one;ai_rent_capture_impossible,False,1e-09
pilot_per_tierA_baseline_pilot_v2,deterministic-engine-v1,baseline-pilot-v2,v0.1.2-pilot-per,PER,PEN,debt_guardrail,0.1,high,r0,2034,0.014266289877231952,0.14210899935855267,4.672079573504122,3.5188785681684793,76.19483004471574,,,,,False,frontier_exceeds_one;ai_rent_capture_impossible,False,1e-09
pilot_per_tierA_baseline_pilot_v2,deterministic-engine-v1,baseline-pilot-v2,v0.1.2-pilot-per,PER,PEN,baseline,0.25,high,r0,2034,0.007995395247500496,0.0796435252526132,2.61841888391426,2.0236549421872825,41.967151884884714,,,,,False,frontier_exceeds_one;ai_rent_capture_impossible,False,1e-09
pilot_per_tierA_baseline_pilot_v2,deterministic-engine-v1,baseline-pilot-v2,v0.1.2-pilot-per,PER,PEN,debt_guardrail,0.25,high,r0,2034,0.015102366666537923,0.15043730594264937,4.945887082170505,3.7126395756888644,80.7582885224888,,,,,False,frontier_exceeds_one;ai_rent_capture_impossible,False,1e-09
pilot_per_tierA_baseline_pilot_v2,deterministic-engine-v1,baseline-pilot-v2,v0.1.2-pilot-per,PER,PEN,baseline,0.5,high,r0,2034,0.009388856563010447,0.09352403622610769,3.074764731691567,2.362515453815167,49.5729160145065,,,,,False,frontier_exceeds_one;ai_rent_capture_impossible,False,1e-09
pilot_per_tierA_baseline_pilot_v2,deterministic-engine-v1,baseline-pilot-v2,v0.1.2-pilot-per,PER,PEN,debt_guardrail,0.5,high,r0,2034,0.01649582798204787,0.16431781691614386,5.402232929947811,4.032786775226807,88.36405265211056,,,,,False,frontier_exceeds_one;ai_rent_capture_impossible,False,1e-09
pilot_per_tierA_baseline_pilot_v2,deterministic-engine-v1,baseline-pilot-v2,v0.1.2-pilot-per,PER,GMI,baseline,0.0,high,r0,2034,0.045465181376125464,0.452886593964955,14.88943145281655,10.01280234937876,246.48402803325624,,,,,False,frontier_exceeds_one;ai_rent_capture_impossible,False,1e-09
pilot_per_tierA_baseline_pilot_v2,deterministic-engine-v1,baseline-pilot-v2,v0.1.2-pilot-per,PER,GMI,debt_guardrail,0.0,high,r0,2034,0.05257215279516289,0.5236803746549912,17.216899651072794,11.315115410980917,285.2751646708603,,,,,False,frontier_exceeds_one;ai_rent_capture_impossible,False,1e-09
pilot_per_tierA_baseline_pilot_v2,deterministic-engine-v1,baseline-pilot-v2,v0.1.2-pilot-per,PER,GMI,baseline,0.05,high,r0,2034,0.04755558740859928,0.47370949270627616,15.57402032691741,10.401682069655623,257.89384260160386,,,,,False,frontier_exceeds_one;ai_rent_capture_impossible,False,1e-09
pilot_per_tierA_baseline_pilot_v2,deterministic-engine-v1,baseline-pilot-v2,v0.1.2-pilot-per,PER,GMI,debt_guardrail,0.05,high,r0,2034,0.05466255882763671,0.5445032733963123,17.901488525173654,11.68780565436265,296.68497923920796,,,,,False,frontier_exceeds_one;ai_rent_capture_impossible,False,1e-09
pilot_per_tierA_baseline_pilot_v2,deterministic-engine-v1,baseline-pilot-v2,v0.1.2-pilot-per,PER,GMI,baseline,0.1,high,r0,2034,0.049645993441073094,0.4945323914475973,16.258609201018267,10.785647627808551,269.3036571699515,,,,,False,frontier_exceeds_one;ai_rent_capture_impossible,False,1e-09
pilot_per_tierA_baseline_pilot_v2,deterministic-engine-v1,baseline-pilot-v2,v0.1.2-pilot-per,PER,GMI,debt_guardrail,0.1,high,r0,2034,0.05675296486011052,0.5653261721376335,18.58607739927451,12.056000897654762,308.09479380755556,,,,,False,frontier_exceeds_one;ai_rent_capture_impossible,False,1e-09
pilot_per_tierA_baseline_pilot_v2,deterministic-engine-v1,baseline-pilot-v2,v0.1.2-pilot-per,PER,GMI,baseline,0.25,high,r0,2034,0.05591721153849453,0.5570010876715606,18.312375823320842,11.909326841912497,303.53310087499443,,,,,False,frontier_exceeds_one;ai_rent_capture_impossible,False,1e-09
pilot_per_tierA_baseline_pilot_v2,deterministic-engine-v1,baseline-pilot-v2,v0.1.2-pilot-per,PER,GMI,debt_guardrail,0.25,high,r0,2034,0.06302418295753195,0.6277948683615968,20.639844021577087,13.134724868747355,342.32423751259853,,,,,False,frontier_exceeds_one;ai_rent_capture_impossible,False,1e-09
pilot_per_tierA_baseline_pilot_v2,deterministic-engine-v1,baseline-pilot-v2,v0.1.2-pilot-per,PER,GMI,baseline,0.5,high,r0,2034,0.0663692417008636,0.6611155813781664,21.735320193825135,13.694965365487631,360.58217371673265,,,,,False,frontier_exceeds_one;ai_rent_capture_impossible,False,1e-09
pilot_per_tierA_baseline_pilot_v2,deterministic-engine-v1,baseline-pilot-v2,v0.1.2-pilot-per,PER,GMI,debt_guardrail,0.5,high,r0,2034,0.07347621311990102,0.7319093620682026,24.062788392081377,14.85244938117871,399.3733103543367,,,,,False,frontier_exceeds_one;ai_rent_capture_impossible,False,1e-09
pilot_per_tierA_baseline_pilot_v2,deterministic-engine-v1,baseline-pilot-v2,v0.1.2-pilot-per,PER,MUT,baseline,0.0,high,r0,2034,0.05435609552022147,0.5414505389901233,17.80112459236949,11.633451466100391,295.0122470258052,,,,,False,frontier_exceeds_one;ai_rent_capture_impossible,False,1e-09
pilot_per_tierA_baseline_pilot_v2,deterministic-engine-v1,baseline-pilot-v2,v0.1.2-pilot-per,PER,MUT,debt_guardrail,0.0,high,r0,2034,0.0614630669392589,0.6122443196801595,20.128592790625735,12.869723764992829,333.8033836634093,,,,,False,frontier_exceeds_one;ai_rent_capture_impossible,False,1e-09
pilot_per_tierA_baseline_pilot_v2,deterministic-engine-v1,baseline-pilot-v2,v0.1.2-pilot-per,PER,MUT,baseline,0.05,high,r0,2034,0.05702583502529659,0.5680442794004952,18.67543988496318,12.103737385821988,309.58416856903335,,,,,False,frontier_exceeds_one;ai_rent_capture_impossible,False,1e-09
pilot_per_tierA_baseline_pilot_v2,deterministic-engine-v1,baseline-pilot-v2,v0.1.2-pilot-per,PER,MUT,debt_guardrail,0.05,high,r0,2034,0.06413280644433401,0.6388380600905313,21.002908083219424,13.321534849663406,348.37530520663745,,,,,False,frontier_exceeds_one;ai_rent_capture_impossible,False,1e-09
pilot_per_tierA_baseline_pilot_v2,deterministic-engine-v1,baseline-pilot-v2,v0.1.2-pilot-per,PER,MUT,baseline,0.1,high,r0,2034,0.0596955745303717,0.5946380198108671,19.549755177556868,12.566898955209679,324.15609011226155,,,,,False,frontier_exceeds_one;ai_rent_capture_impossible,False,1e-09
pilot_per_tierA_baseline_pilot_v2,deterministic-engine-v1,baseline-pilot-v2,v0.1.2-pilot-per,PER,MUT,debt_guardrail,0.1,high,r0,2034,0.06680254594940913,0.6654318005009032,21.877223375813113,13.766795007456667,362.9472267498656,,,,,False,frontier_exceeds_one;ai_rent_capture_impossible,False,1e-09
pilot_per_tierA_baseline_pilot_v2,deterministic-engine-v1,baseline-pilot-v2,v0.1.2-pilot-per,PER,MUT,baseline,0.25,high,r0,2034,0.06770479304559703,0.6744192410419824,22.17270105533793,13.91582610157573,367.8718547419459,,,,,False,frontier_exceeds_one;ai_rent_capture_impossible,False,1e-09
pilot_per_tierA_baseline_pilot_v2,deterministic-engine-v1,baseline-pilot-v2,v0.1.2-pilot-per,PER,MUT,debt_guardrail,0.25,high,r0,2034,0.07481176446463444,0.7452130217320185,24.500169253594173,15.065199254499882,406.66299137954996,,,,,False,frontier_exceeds_one;ai_rent_capture_impossible,False,1e-09
pilot_per_tierA_baseline_pilot_v2,deterministic-engine-v1,baseline-pilot-v2,v0.1.2-pilot-per,PER,MUT,baseline,0.5,high,r0,2034,0.0810534905709726,0.8073879430938415,26.544277518306377,16.040538557906025,440.7314624580867,,,,,False,frontier_exceeds_one;ai_rent_capture_impossible,False,1e-09
pilot_per_tierA_baseline_pilot_v2,deterministic-engine-v1,baseline-pilot-v2,v0.1.2-pilot-per,PER,MUT,debt_guardrail,0.5,high,r0,2034,0.08816046199001001,0.8781817237838777,28.87174571656262,17.114975593170108,479.52259909569074,,,,,False,frontier_exceeds_one;ai_rent_capture_impossible,False,1e-09
pilot_per_tierA_baseline_pilot_v2,deterministic-engine-v1,baseline-pilot-v2,v0.1.2-pilot-per,PER,PBI,baseline,0.0,high,r0,2034,0.08055582015021372,0.8024305613139253,26.381295003078257,15.963888917686154,438.01508720428467,,,,,False,frontier_exceeds_one;ai_rent_capture_impossible,False,1e-09
pilot_per_tierA_baseline_pilot_v2,deterministic-engine-v1,baseline-pilot-v2,v0.1.2-pilot-per,PER,PBI,debt_guardrail,0.0,high,r0,2034,0.08766279156925114,0.8732243420039614,28.7087632013345,17.040934595013173,476.8062238418887,,,,,False,frontier_exceeds_one;ai_rent_capture_impossible,False,1e-09
pilot_per_tierA_baseline_pilot_v2,deterministic-engine-v1,baseline-pilot-v2,v0.1.2-pilot-per,PER,PBI,baseline,0.05,high,r0,2034,0.08454054588678844,0.8421231087117339,27.68625627051881,16.57235740364669,459.76444166162725,,,,,False,frontier_exceeds_one;ai_rent_capture_impossible,False,1e-09
pilot_per_tierA_baseline_pilot_v2,deterministic-engine-v1,baseline-pilot-v2,v0.1.2-pilot-per,PER,PBI,debt_guardrail,0.05,high,r0,2034,0.09164751730582588,0.9129168894017701,30.013724468775056,17.628883787721218,498.55557829923134,,,,,False,frontier_exceeds_one;ai_rent_capture_impossible,False,1e-09
pilot_per_tierA_baseline_pilot_v2,deterministic-engine-v1,baseline-pilot-v2,v0.1.2-pilot-per,PER,PBI,baseline,0.1,high,r0,2034,0.08852527162336317,0.8818156561095425,28.99121753795936,17.169138568569476,481.51379611896976,,,,,False,frontier_exceeds_one;ai_rent_capture_impossible,False,1e-09
pilot_per_tierA_baseline_pilot_v2,deterministic-engine-v1,baseline-pilot-v2,v0.1.2-pilot-per,PER,PBI,debt_guardrail,0.1,high,r0,2034,0.09563224304240059,0.9526094367995785,31.318685736215606,18.205953927529258,520.3049327565739,,,,,False,frontier_exceeds_one;ai_rent_capture_impossible,False,1e-09
pilot_per_tierA_baseline_pilot_v2,deterministic-engine-v1,baseline-pilot-v2,v0.1.2-pilot-per,PER,PBI,baseline,0.25,high,r0,2034,0.10047944883308733,1.0008932983029681,32.90610134028102,18.893862893971708,546.7618594909973,,,,,False,frontier_exceeds_one;ai_rent_capture_impossible,False,1e-09
pilot_per_tierA_baseline_pilot_v2,deterministic-engine-v1,baseline-pilot-v2,v0.1.2-pilot-per,PER,PBI,debt_guardrail,0.25,high,r0,2034,0.10758642025212475,1.0716870789930042,35.23356953853726,19.875936784138,585.5529961286013,,,,,False,frontier_exceeds_one;ai_rent_capture_impossible,False,1e-09
pilot_per_tierA_baseline_pilot_v2,deterministic-engine-v1,baseline-pilot-v2,v0.1.2-pilot-per,PER,PBI,baseline,0.5,high,r0,2034,0.12040307751596097,1.199356035292011,39.43090767748378,21.57304577862353,655.50863177771,,,,,False,frontier_exceeds_one;ai_rent_capture_impossible,False,1e-09
pilot_per_tierA_baseline_pilot_v2,deterministic-engine-v1,baseline-pilot-v2,v0.1.2-pilot-per,PER,PBI,debt_guardrail,0.5,high,r0,2034,0.1275100489349984,1.2701498159820472,41.75837587574003,22.476252070338973,694.2997684153141,,,,,False,frontier_exceeds_one;ai_rent_capture_impossible,False,1e-09
pilot_per_tierA_baseline_pilot_v2,deterministic-engine-v1,baseline-pilot-v2,v0.1.2-pilot-per,PER,UBI,baseline,0.0,high,r0,2034,0.21457272690847207,2.1373963218890775,70.27060735812435,31.86603277528089,1169.5036264550529,,,,,False,frontier_exceeds_one;ai_rent_capture_impossible,False,1e-09
pilot_per_tierA_baseline_pilot_v2,deterministic-engine-v1,baseline-pilot-v2,v0.1.2-pilot-per,PER,UBI,debt_guardrail,0.0,high,r0,2034,0.2216796983275095,2.2081901025791137,72.59807555638059,32.524873257738335,1208.294763092657,,,,,False,frontier_exceeds_one;ai_rent_capture_impossible,False,1e-09
pilot_per_tierA_baseline_pilot_v2,deterministic-engine-v1,baseline-pilot-v2,v0.1.2-pilot-per,PER,UBI,baseline,0.05,high,r0,2034,0.22525168492877254,2.243771283530565,73.76786852849911,32.85108222123778,1227.7913126279655,,,,,False,frontier_exceeds_one;ai_rent_capture_impossible,False,1e-09
pilot_per_tierA_baseline_pilot_v2,deterministic-engine-v1,baseline-pilot-v2,v0.1.2-pilot-per,PER,UBI,debt_guardrail,0.05,high,r0,2034,0.23235865634780997,2.3145650642206013,76.09533672675535,33.490654398699014,1266.5824492655695,,,,,False,frontier_exceeds_one;ai_rent_capture_impossible,False,1e-09
pilot_per_tierA_baseline_pilot_v2,deterministic-engine-v1,baseline-pilot-v2,v0.1.2-pilot-per,PER,UBI,baseline,0.1,high,r0,2034,0.23593064294907298,2.3501462451720525,77.26512969887386,33.807476178595984,1286.078998800878,,,,,False,frontier_exceeds_one;ai_rent_capture_impossible,False,1e-09
pilot_per_tierA_baseline_pilot_v2,deterministic-engine-v1,baseline-pilot-v2,v0.1.2-pilot-per,PER,UBI,debt_guardrail,0.1,high,r0,2034,0.24303761436811042,2.420940025862089,79.5925978971301,34.42893230767638,1324.870135438482,,,,,False,frontier_exceeds_one;ai_rent_capture_impossible,False,1e-09
pilot_per_tierA_baseline_pilot_v2,deterministic-engine-v1,baseline-pilot-v2,v0.1.2-pilot-per,PER,UBI,baseline,0.25,high,r0,2034,0.26796751700997434,2.6692711300965146,87.75691320999813,36.52104046481268,1460.942057319616,,,,,False,frontier_exceeds_one;ai_rent_capture_impossible,False,1e-09
pilot_per_tierA_baseline_pilot_v2,deterministic-engine-v1,baseline-pilot-v2,v0.1.2-pilot-per,PER,UBI,debt_guardrail,0.25,high,r0,2034,0.2750744884290118,2.7400649107865505,90.08438140825437,37.09409953975719,1499.73319395722,,,,,False,frontier_exceeds_one;ai_rent_capture_impossible,False,1e-09
pilot_per_tierA_baseline_pilot_v2,deterministic-engine-v1,baseline-pilot-v2,v0.1.2-pilot-per,PER,UBI,baseline,0.5,high,r0,2034,0.3213623071114766,3.2011459383039513,105.24321906187191,40.60397258943296,1752.3804881841788,,,,,False,frontier_exceeds_one;ai_rent_capture_impossible,False,1e-09
pilot_per_tierA_baseline_pilot_v2,deterministic-engine-v1,baseline-pilot-v2,v0.1.2-pilot-per,PER,UBI,debt_guardrail,0.5,high,r0,2034,0.32846927853051405,3.2719397189939876,107.57068726012817,41.11185206308438,1791.171624821783,,,,,False,frontier_exceeds_one;ai_rent_capture_impossible,False,1e-09
pilot_per_tierA_baseline_pilot_v2,deterministic-engine-v1,baseline-pilot-v2,v0.1.2-pilot-per,PER,PEN,baseline,0.0,high,r1,2034,0.0065819339319905445,0.062194671607137306,2.155523218891251,1.592074781289528,34.16158799308917,,,,,False,frontier_exceeds_one;ai_rent_capture_impossible,False,1e-09
pilot_per_tierA_baseline_pilot_v2,deterministic-engine-v1,baseline-pilot-v2,v0.1.2-pilot-per,PER,PEN,debt_guardrail,0.0,high,r1,2034,0.013688905351027972,0.12935058020415152,4.482991417147496,3.219568993034875,72.95272463069327,,,,,False,frontier_exceeds_one;ai_rent_capture_impossible,False,1e-09
pilot_per_tierA_baseline_pilot_v2,deterministic-engine-v1,baseline-pilot-v2,v0.1.2-pilot-per,PER,PEN,baseline,0.05,high,r1,2034,0.006860626195092535,0.0648281185487471,2.2467923884467123,1.6576174596649569,35.682740819013524,,,,,False,frontier_exceeds_one;ai_rent_capture_impossible,False,1e-09
pilot_per_tierA_baseline_pilot_v2,deterministic-engine-v1,baseline-pilot-v2,v0.1.2-pilot-per,PER,PEN,debt_guardrail,0.05,high,r1,2034,0.01396759761412996,0.1319840271457613,4.574260586702957,3.2815974168258357,74.47387745661761,,,,,False,frontier_exceeds_one;ai_rent_capture_impossible,False,1e-09
pilot_per_tierA_baseline_pilot_v2,deterministic-engine-v1,baseline-pilot-v2,v0.1.2-pilot-per,PER,PEN,baseline,0.1,high,r1,2034,0.007139318458194525,0.06746156549035688,2.338061558002174,1.7230144146862763,37.203893644937885,,,,,False,frontier_exceeds_one;ai_rent_capture_impossible,False,1e-09
pilot_per_tierA_baseline_pilot_v2,deterministic-engine-v1,baseline-pilot-v2,v0.1.2-pilot-per,PER,PEN,debt_guardrail,0.1,high,r1,2034,0.014246289877231953,0.1346174740873711,4.665529756258419,3.343496103715305,75.99503028254198,,,,,False,frontier_exceeds_one;ai_rent_capture_impossible,False,1e-09
pilot_per_tierA_baseline_pilot_v2,deterministic-engine-v1,baseline-pilot-v2,v0.1.2-pilot-per,PER,PEN,baseline,0.25,high,r1,2034,0.007975395247500495,0.07536190631518624,2.611869066668558,1.9183377383292222,41.76735212271095,,,,,False,frontier_exceeds_one;ai_rent_capture_impossible,False,1e-09
pilot_per_tierA_baseline_pilot_v2,deterministic-engine-v1,baseline-pilot-v2,v0.1.2-pilot-per,PER,PEN,debt_guardrail,0.25,high,r1,2034,0.015082366666537922,0.14251781491220045,4.939337264924803,3.528419439145297,80.55848876031504,,,,,False,frontier_exceeds_one;ai_rent_capture_impossible,False,1e-09
pilot_per_tierA_baseline_pilot_v2,deterministic-engine-v1,baseline-pilot-v2,v0.1.2-pilot-per,PER,PEN,baseline,0.5,high,r1,2034,0.009368856563010446,0.08852914102323518,3.068214914445864,2.2410248799993395,49.37311625233273,,,,,False,frontier_exceeds_one;ai_rent_capture_impossible,False,1e-09
pilot_per_tierA_baseline_pilot_v2,deterministic-engine-v1,baseline-pilot-v2,v0.1.2-pilot-per,PER,PEN,debt_guardrail,0.5,high,r1,2034,0.016475827982047872,0.1556850496202494,5.395683112702109,3.83408285752104,88.16425288993682,,,,,False,frontier_exceeds_one;ai_rent_capture_impossible,False,1e-09
pilot_per_tierA_baseline_pilot_v2,deterministic-engine-v1,baseline-pilot-v2,v0.1.2-pilot-per,PER,GMI,baseline,0.0,high,r1,2034,0.04541518137612546,0.4291416961720361,14.873056909702294,9.563183363021473,246.1204828399399,,,,,False,frontier_exceeds_one;ai_rent_capture_impossible,False,1e-09
pilot_per_tierA_baseline_pilot_v2,deterministic-engine-v1,baseline-pilot-v2,v0.1.2-pilot-per,PER,GMI,debt_guardrail,0.0,high,r1,2034,0.05252215279516289,0.4962976047690503,17.200525107958537,10.817975642560407,284.911619477544,,,,,False,frontier_exceeds_one;ai_rent_capture_impossible,False,1e-09
pilot_per_tierA_baseline_pilot_v2,deterministic-engine-v1,baseline-pilot-v2,v0.1.2-pilot-per,PER,GMI,baseline,0.05,high,r1,2034,0.04750558740859928,0.4488945709438995,15.557645783803153,9.937676493835964,257.53029740828754,,,,,False,frontier_exceeds_one;ai_rent_capture_impossible,False,1e-09
pilot_per_tierA_baseline_pilot_v2,deterministic-engine-v1,baseline-pilot-v2,v0.1.2-pilot-per,PER,GMI,debt_guardrail,0.05,high,r1,2034,0.05461255882763671,0.5160504795409138,17.885113982059398,11.177406488435363,296.32143404589164,,,,,False,frontier_exceeds_one;ai_rent_capture_impossible,False,1e-09
pilot_per_tierA_baseline_pilot_v2,deterministic-engine-v1,baseline-pilot-v2,v0.1.2-pilot-per,PER,GMI,baseline,0.1,high,r1,2034,0.04959599344107309,0.4686474457157629,16.24223465790401,10.307602554740615,268.9401119766352,,,,,False,frontier_exceeds_one;ai_rent_capture_impossible,False,1e-09
pilot_per_tierA_baseline_pilot_v2,deterministic-engine-v1,baseline-pilot-v2,v0.1.2-pilot-per,PER,GMI,debt_guardrail,0.1,high,r1,2034,0.05670296486011052,0.5358033543127771,18.569702856160255,11.532647002807533,307.73124861423923,,,,,False,frontier_exceeds_one;ai_rent_capture_impossible,False,1e-09
pilot_per_tierA_baseline_pilot_v2,deterministic-engine-v1,baseline-pilot-v2,v0.1.2-pilot-per,PER,GMI,baseline,0.25,high,r1,2034,0.05586721153849453,0.527906070031353,18.296001280206585,11.39111647376342,303.1695556816781,,,,,False,frontier_exceeds_one;ai_rent_capture_impossible,False,1e-09
pilot_per_tierA_baseline_pilot_v2,deterministic-engine-v1,baseline-pilot-v2,v0.1.2-pilot-per,PER,GMI,debt_guardrail,0.25,high,r1,2034,0.06297418295753196,0.5950619786283673,20.62346947846283,12.574226241679018,341.9606923192822,,,,,False,frontier_exceeds_one;ai_rent_capture_impossible,False,1e-09
pilot_per_tierA_baseline_pilot_v2,deterministic-engine-v1,baseline-pilot-v2,v0.1.2-pilot-per,PER,GMI,baseline,0.5,high,r1,2034,0.0663192417008636,0.6266704438906701,21.718945650710882,13.115639833239493,360.2186285234164,,,,,False,frontier_exceeds_one;ai_rent_capture_impossible,False,1e-09
pilot_per_tierA_baseline_pilot_v2,deterministic-engine-v1,baseline-pilot-v2,v0.1.2-pilot-per,PER,GMI,debt_guardrail,0.5,high,r1,2034,0.07342621311990102,0.6938263524876842,24.046413848967124,14.235197474198877,399.0097651610204,,,,,False,frontier_exceeds_one;ai_rent_capture_impossible,False,1e-09
pilot_per_tierA_baseline_pilot_v2,deterministic-engine-v1,baseline-pilot-v2,v0.1.2-pilot-per,PER,MUT,baseline,0.0,high,r1,2034,0.054343595520221465,0.5135089644251578,17.797030956590923,11.13139719066271,294.85338362141704,,,,,False,frontier_exceeds_one;ai_rent_capture_impossible,False,1e-09
pilot_per_tierA_baseline_pilot_v2,deterministic-engine-v1,baseline-pilot-v2,v0.1.2-pilot-per,PER,MUT,debt_guardrail,0.0,high,r1,2034,0.06145056693925889,0.5806648730221721,20.124499154847168,12.324414263542517,333.64452025902114,,,,,False,frontier_exceeds_one;ai_rent_capture_impossible,False,1e-09
pilot_per_tierA_baseline_pilot_v2,deterministic-engine-v1,baseline-pilot-v2,v0.1.2-pilot-per,PER,MUT,baseline,0.05,high,r1,2034,0.05701333502529658,0.5387361352704496,18.671346249184616,11.585039852846188,309.4253051646453,,,,,False,frontier_exceeds_one;ai_rent_capture_impossible,False,1e-09
pilot_per_tierA_baseline_pilot_v2,deterministic-engine-v1,baseline-pilot-v2,v0.1.2-pilot-per,PER,MUT,debt_guardrail,0.05,high,r1,2034,0.064120306444334,0.6058920438674638,20.998814447440857,12.760810649417285,348.2164418022493,,,,,False,frontier_exceeds_one;ai_rent_capture_impossible,False,1e-09
pilot_per_tierA_baseline_pilot_v2,deterministic-engine-v1,baseline-pilot-v2,v0.1.2-pilot-per,PER,MUT,baseline,0.1,high,r1,2034,0.059683074530371694,0.5639633061157413,19.5456615417783,12.03203761155424,323.9972267078734,,,,,False,frontier_exceeds_one;ai_rent_capture_impossible,False,1e-09
pilot_per_tierA_baseline_pilot_v2,deterministic-engine-v1,baseline-pilot-v2,v0.1.2-pilot-per,PER,MUT,debt_guardrail,0.1,high,r1,2034,0.06679004594940913,0.6311192147127556,21.87312974003455,13.191080215331626,362.7883633454775,,,,,False,frontier_exceeds_one;ai_rent_capture_impossible,False,1e-09
pilot_per_tierA_baseline_pilot_v2,deterministic-engine-v1,baseline-pilot-v2,v0.1.2-pilot-per,PER,MUT,baseline,0.25,high,r1,2034,0.06769229304559703,0.6396448186516163,22.16860741955937,13.335137774970756,367.7129913375578,,,,,False,frontier_exceeds_one;ai_rent_capture_impossible,False,1e-09
pilot_per_tierA_baseline_pilot_v2,deterministic-engine-v1,baseline-pilot-v2,v0.1.2-pilot-per,PER,MUT,debt_guardrail,0.25,high,r1,2034,0.07479926446463445,0.7068007272486304,24.49607561781561,14.446877306686748,406.50412797516185,,,,,False,frontier_exceeds_one;ai_rent_capture_impossible,False,1e-09
pilot_per_tierA_baseline_pilot_v2,deterministic-engine-v1,baseline-pilot-v2,v0.1.2-pilot-per,PER,MUT,baseline,0.5,high,r1,2034,0.0810409905709726,0.7657806728780747,26.540183882527813,15.391258299139572,440.5725990536986,,,,,False,frontier_exceeds_one;ai_rent_capture_impossible,False,1e-09
pilot_per_tierA_baseline_pilot_v2,deterministic-engine-v1,baseline-pilot-v2,v0.1.2-pilot-per,PER,MUT,debt_guardrail,0.5,high,r1,2034,0.08814796199001002,0.8329365814750889,28.867652080784058,16.43258915155484,479.3637356913026,,,,,False,frontier_exceeds_one;ai_rent_capture_impossible,False,1e-09
pilot_per_tierA_baseline_pilot_v2,deterministic-engine-v1,baseline-pilot-v2,v0.1.2-pilot-per,PER,PBI,baseline,0.0,high,r1,2034,0.0805433201502137,0.7610780355214088,26.377201367299687,15.317009949400887,437.85622379989644,,,,,False,frontier_exceeds_one;ai_rent_capture_impossible,False,1e-09
pilot_per_tierA_baseline_pilot_v2,deterministic-engine-v1,baseline-pilot-v2,v0.1.2-pilot-per,PER,PBI,debt_guardrail,0.0,high,r1,2034,0.08765029156925114,0.8282339441184231,28.704669565555935,16.36079681581448,476.6473604375006,,,,,False,frontier_exceeds_one;ai_rent_capture_impossible,False,1e-09
pilot_per_tierA_baseline_pilot_v2,deterministic-engine-v1,baseline-pilot-v2,v0.1.2-pilot-per,PER,PBI,baseline,0.05,high,r1,2034,0.08452804588678843,0.7987309064240227,27.68216263474024,15.906562162442766,459.605578257239,,,,,False,frontier_exceeds_one;ai_rent_capture_impossible,False,1e-09
pilot_per_tierA_baseline_pilot_v2,deterministic-engine-v1,baseline-pilot-v2,v0.1.2-pilot-per,PER,PBI,debt_guardrail,0.05,high,r1,2034,0.09163501730582585,0.8658868150210368,30.009630832996486,16.931020598155737,498.3967148948431,,,,,False,frontier_exceeds_one;ai_rent_capture_impossible,False,1e-09
pilot_per_tierA_baseline_pilot_v2,deterministic-engine-v1,baseline-pilot-v2,v0.1.2-pilot-per,PER,PBI,baseline,0.1,high,r1,2034,0.08851277162336316,0.8363837773266365,28.987123902180794,16.485110195685248,481.3549327145816,,,,,False,frontier_exceeds_one;ai_rent_capture_impossible,False,1e-09
pilot_per_tierA_baseline_pilot_v2,deterministic-engine-v1,baseline-pilot-v2,v0.1.2-pilot-per,PER,PBI,debt_guardrail,0.1,high,r1,2034,0.09561974304240059,0.9035396859236509,31.314592100437043,17.490980650683806,520.1460693521857,,,,,False,frontier_exceeds_one;ai_rent_capture_impossible,False,1e-09
pilot_per_tierA_baseline_pilot_v2,deterministic-engine-v1,baseline-pilot-v2,v0.1.2-pilot-per,PER,PBI,baseline,0.25,high,r1,2034,0.10046694883308732,0.949342390034478,32.90200770450245,18.158856620427517,546.6029960866092,,,,,False,frontier_exceeds_one;ai_rent_capture_impossible,False,1e-09
pilot_per_tierA_baseline_pilot_v2,deterministic-engine-v1,baseline-pilot-v2,v0.1.2-pilot-per,PER,PBI,debt_guardrail,0.25,high,r1,2034,0.10757392025212476,1.016498298631492,35.2294759027587,19.112997138409355,585.3941327242133,,,,,False,frontier_exceeds_one;ai_rent_capture_impossible,False,1e-09
pilot_per_tierA_baseline_pilot_v2,deterministic-engine-v1,baseline-pilot-v2,v0.1.2-pilot-per,PER,PBI,baseline,0.5,high,r1,2034,0.12039057751596095,1.137606744547547,39.426814041705214,20.763606467117768,655.3497683733218,,,,,False,frontier_exceeds_one;ai_rent_capture_impossible,False,1e-09
pilot_per_tierA_baseline_pilot_v2,deterministic-engine-v1,baseline-pilot-v2,v0.1.2-pilot-per,PER,PBI,debt_guardrail,0.5,high,r1,2034,0.12749754893499837,1.2047626531445612,41.75428223996146,21.642940937889225,694.140905010926,,,,,False,frontier_exceeds_one;ai_rent_capture_impossible,False,1e-09
pilot_per_tierA_baseline_pilot_v2,deterministic-engine-v1,baseline-pilot-v2,v0.1.2-pilot-per,PER,UBI,baseline,0.0,high,r1,2034,0.21456522690847207,2.0274913063199813,70.26815117665721,30.816203792093958,1169.3720539558553,,,,,False,frontier_exceeds_one;ai_rent_capture_impossible,False,1e-09
pilot_per_tierA_baseline_pilot_v2,deterministic-engine-v1,baseline-pilot-v2,v0.1.2-pilot-per,PER,UBI,debt_guardrail,0.0,high,r1,2034,0.2216721983275095,2.094647214916996,72.59561937491345,31.46168059304383,1208.1631905934594,,,,,False,frontier_exceeds_one;ai_rent_capture_impossible,False,1e-09
pilot_per_tierA_baseline_pilot_v2,deterministic-engine-v1,baseline-pilot-v2,v0.1.2-pilot-per,PER,UBI,baseline,0.05,high,r1,2034,0.22524418492877255,2.1283999897011485,73.76541234703197,31.781352659299955,1227.659740128768,,,,,False,frontier_exceeds_one;ai_rent_capture_impossible,False,1e-09
pilot_per_tierA_baseline_pilot_v2,deterministic-engine-v1,baseline-pilot-v2,v0.1.2-pilot-per,PER,UBI,debt_guardrail,0.05,high,r1,2034,0.23235115634780998,2.1955558982981627,76.09288054528822,32.408258895967776,1266.4508767663722,,,,,False,frontier_exceeds_one;ai_rent_capture_impossible,False,1e-09
pilot_per_tierA_baseline_pilot_v2,deterministic-engine-v1,baseline-pilot-v2,v0.1.2-pilot-per,PER,UBI,baseline,0.1,high,r1,2034,0.235923142949073,2.229308673082315,77.26267351740672,32.718879077302496,1285.9474263016805,,,,,False,frontier_exceeds_one;ai_rent_capture_impossible,False,1e-09
pilot_per_tierA_baseline_pilot_v2,deterministic-engine-v1,baseline-pilot-v2,v0.1.2-pilot-per,PER,UBI,debt_guardrail,0.1,high,r1,2034,0.24303011436811042,2.2964645816793294,79.59014171566297,33.32830778374519,1324.7385629392845,,,,,False,frontier_exceeds_one;ai_rent_capture_impossible,False,1e-09
pilot_per_tierA_baseline_pilot_v2,deterministic-engine-v1,baseline-pilot-v2,v0.1.2-pilot-per,PER,UBI,baseline,0.25,high,r1,2034,0.26796001700997435,2.532034723225815,87.754457028531,35.38121457420158,1460.8104848204184,,,,,False,frontier_exceeds_one;ai_rent_capture_impossible,False,1e-09
pilot_per_tierA_baseline_pilot_v2,deterministic-engine-v1,baseline-pilot-v2,v0.1.2-pilot-per,PER,UBI,debt_guardrail,0.25,high,r1,2034,0.2750669884290118,2.5991906318228297,90.08192522678725,35.94386909512471,1499.6016214580227,,,,,False,frontier_exceeds_one;ai_rent_capture_impossible,False,1e-09
pilot_per_tierA_baseline_pilot_v2,deterministic-engine-v1,baseline-pilot-v2,v0.1.2-pilot-per,PER,UBI,baseline,0.5,high,r1,2034,0.3213548071114766,3.036578140131649,105.24076288040479,39.39292252139821,1752.2489156849815,,,,,False,frontier_exceeds_one;ai_rent_capture_impossible,False,1e-09
pilot_per_tierA_baseline_pilot_v2,deterministic-engine-v1,baseline-pilot-v2,v0.1.2-pilot-per,PER,UBI,debt_guardrail,0.5,high,r1,2034,0.32846177853051406,3.1037340487286635,107.56823107866103,39.89239325966859,1791.0400523225856,,,,,False,frontier_exceeds_one;ai_rent_capture_impossible,False,1e-09
pilot_per_tierA_baseline_pilot_v2,deterministic-engine-v1,baseline-pilot-v2,v0.1.2-pilot-per,PER,PEN,baseline,0.0,high,r2,2034,0.0065819339319905445,0.05947623129754294,2.155523218891251,1.5242631585235065,34.08097121284654,,,,,False,frontier_exceeds_one;ai_rent_capture_impossible,False,1e-09
pilot_per_tierA_baseline_pilot_v2,deterministic-engine-v1,baseline-pilot-v2,v0.1.2-pilot-per,PER,PEN,debt_guardrail,0.0,high,r2,2034,0.013688905351027972,0.12369685099857707,4.482991417147496,3.085959648674362,72.87210785045062,,,,,False,frontier_exceeds_one;ai_rent_capture_impossible,False,1e-09
pilot_per_tierA_baseline_pilot_v2,deterministic-engine-v1,baseline-pilot-v2,v0.1.2-pilot-per,PER,PEN,baseline,0.05,high,r2,2034,0.006860626195092535,0.06199457403272698,2.2467923884467123,1.5870886662854589,35.60212403877089,,,,,False,frontier_exceeds_one;ai_rent_capture_impossible,False,1e-09
pilot_per_tierA_baseline_pilot_v2,deterministic-engine-v1,baseline-pilot-v2,v0.1.2-pilot-per,PER,PEN,debt_guardrail,0.05,high,r2,2034,0.01396759761412996,0.12621519373376108,4.574260586702957,3.145547860778708,74.39326067637496,,,,,False,frontier_exceeds_one;ai_rent_capture_impossible,False,1e-09
pilot_per_tierA_baseline_pilot_v2,deterministic-engine-v1,baseline-pilot-v2,v0.1.2-pilot-per,PER,PEN,baseline,0.1,high,r2,2034,0.007139318458194525,0.064512916767911,2.338061558002174,1.6497802346655028,37.12327686469525,,,,,False,frontier_exceeds_one;ai_rent_capture_impossible,False,1e-09
pilot_per_tierA_baseline_pilot_v2,deterministic-engine-v1,baseline-pilot-v2,v0.1.2-pilot-per,PER,PEN,debt_guardrail,0.1,high,r2,2034,0.014246289877231953,0.12873353646894514,4.665529756258419,3.20501627203121,75.91441350229933,,,,,False,frontier_exceeds_one;ai_rent_capture_impossible,False,1e-09
pilot_per_tierA_baseline_pilot_v2,deterministic-engine-v1,baseline-pilot-v2,v0.1.2-pilot-per,PER,PEN,baseline,0.25,high,r2,2034,0.007975395247500495,0.0720679449734631,2.611869066668558,1.8370572970049217,41.68673534246832,,,,,False,frontier_exceeds_one;ai_rent_capture_impossible,False,1e-09
pilot_per_tierA_baseline_pilot_v2,deterministic-engine-v1,baseline-pilot-v2,v0.1.2-pilot-per,PER,PEN,debt_guardrail,0.25,high,r2,2034,0.015082366666537922,0.13628856467449724,4.939337264924803,3.3827077577752442,80.47787198007241,,,,,False,frontier_exceeds_one;ai_rent_capture_impossible,False,1e-09
pilot_per_tierA_baseline_pilot_v2,deterministic-engine-v1,baseline-pilot-v2,v0.1.2-pilot-per,PER,PEN,baseline,0.5,high,r2,2034,0.009368856563010446,0.08465965864938325,3.068214914445864,2.14656227802931,49.292499472090086,,,,,False,frontier_exceeds_one;ai_rent_capture_impossible,False,1e-09
pilot_per_tierA_baseline_pilot_v2,deterministic-engine-v1,baseline-pilot-v2,v0.1.2-pilot-per,PER,PEN,debt_guardrail,0.5,high,r2,2034,0.016475827982047872,0.14888027835041737,5.395683112702109,3.676510932482221,88.08363610969417,,,,,False,frontier_exceeds_one;ai_rent_capture_impossible,False,1e-09
pilot_per_tierA_baseline_pilot_v2,deterministic-engine-v1,baseline-pilot-v2,v0.1.2-pilot-per,PER,GMI,baseline,0.0,high,r2,2034,0.04541518137612546,0.41038452525600083,14.873056909702294,9.203230366896582,246.03986605969726,,,,,False,frontier_exceeds_one;ai_rent_capture_impossible,False,1e-09
pilot_per_tierA_baseline_pilot_v2,deterministic-engine-v1,baseline-pilot-v2,v0.1.2-pilot-per,PER,GMI,debt_guardrail,0.0,high,r2,2034,0.05252215279516289,0.474605144957035,17.200525107958537,10.41829771977125,284.8310026973013,,,,,False,frontier_exceeds_one;ai_rent_capture_impossible,False,1e-09
pilot_per_tierA_baseline_pilot_v2,deterministic-engine-v1,baseline-pilot-v2,v0.1.2-pilot-per,PER,GMI,baseline,0.05,high,r2,2034,0.04750558740859928,0.4292740300699137,15.557645783803153,9.565707730653376,257.4496806280449,,,,,False,frontier_exceeds_one;ai_rent_capture_impossible,False,1e-09
pilot_per_tierA_baseline_pilot_v2,deterministic-engine-v1,baseline-pilot-v2,v0.1.2-pilot-per,PER,GMI,debt_guardrail,0.05,high,r2,2034,0.05461255882763671,0.4934946497709478,17.885113982059398,10.766626443500805,296.240817265649,,,,,False,frontier_exceeds_one;ai_rent_capture_impossible,False,1e-09
pilot_per_tierA_baseline_pilot_v2,deterministic-engine-v1,baseline-pilot-v2,v0.1.2-pilot-per,PER,GMI,baseline,0.1,high,r2,2034,0.04959599344107309,0.44816353488382654,16.24223465790401,9.923898954049042,268.8594951963925,,,,,False,frontier_exceeds_one;ai_rent_capture_impossible,False,1e-09
pilot_per_tierA_baseline_pilot_v2,deterministic-engine-v1,baseline-pilot-v2,v0.1.2-pilot-per,PER,GMI,debt_guardrail,0.1,high,r2,2034,0.05670296486011052,0.5123841545848606,18.569702856160255,11.111012447216298,307.6506318339966,,,,,False,frontier_exceeds_one;ai_rent_capture_impossible,False,1e-09
pilot_per_tierA_baseline_pilot_v2,deterministic-engine-v1,baseline-pilot-v2,v0.1.2-pilot-per,PER,GMI,baseline,0.25,high,r2,2034,0.05586721153849453,0.5048320493255649,18.296001280206585,10.973792460559016,303.0889389014355,,,,,False,frontier_exceeds_one;ai_rent_capture_impossible,False,1e-09
pilot_per_tierA_baseline_pilot_v2,deterministic-engine-v1,baseline-pilot-v2,v0.1.2-pilot-per,PER,GMI,debt_guardrail,0.25,high,r2,2034,0.06297418295753196,0.5690526690265991,20.62346947846283,12.121428190473958,341.8800755390395,,,,,False,frontier_exceeds_one;ai_rent_capture_impossible,False,1e-09
pilot_per_tierA_baseline_pilot_v2,deterministic-engine-v1,baseline-pilot-v2,v0.1.2-pilot-per,PER,GMI,baseline,0.5,high,r2,2034,0.0663192417008636,0.5992795733951292,21.718945650710882,12.647023697394896,360.13801174317376,,,,,False,frontier_exceeds_one;ai_rent_capture_impossible,False,1e-09
pilot_per_tierA_baseline_pilot_v2,deterministic-engine-v1,baseline-pilot-v2,v0.1.2-pilot-per,PER,GMI,debt_guardrail,0.5,high,r2,2034,0.07342621311990102,0.6635001930961633,24.046413848967124,13.734670326467215,398.92914838077775,,,,,False,frontier_exceeds_one;ai_rent_capture_impossible,False,1e-09
pilot_per_tierA_baseline_pilot_v2,deterministic-engine-v1,baseline-pilot-v2,v0.1.2-pilot-per,PER,MUT,baseline,0.0,high,r2,2034,0.054343595520221465,0.4910642206527474,17.797030956590923,10.722031536953834,294.7727668411744,,,,,False,frontier_exceeds_one;ai_rent_capture_impossible,False,1e-09
pilot_per_tierA_baseline_pilot_v2,deterministic-engine-v1,baseline-pilot-v2,v0.1.2-pilot-per,PER,MUT,debt_guardrail,0.0,high,r2,2034,0.06145056693925889,0.5552848403537816,20.124499154847168,11.879001708503582,333.5639034787785,,,,,False,frontier_exceeds_one;ai_rent_capture_impossible,False,1e-09
pilot_per_tierA_baseline_pilot_v2,deterministic-engine-v1,baseline-pilot-v2,v0.1.2-pilot-per,PER,MUT,baseline,0.05,high,r2,2034,0.05701333502529658,0.5151887478735813,18.671346249184616,11.161814258780147,309.3446883844026,,,,,False,frontier_exceeds_one;ai_rent_capture_impossible,False,1e-09
pilot_per_tierA_baseline_pilot_v2,deterministic-engine-v1,baseline-pilot-v2,v0.1.2-pilot-per,PER,MUT,debt_guardrail,0.05,high,r2,2034,0.064120306444334,0.5794093675746153,20.998814447440857,12.30253234409482,348.13582502200666,,,,,False,frontier_exceeds_one;ai_rent_capture_impossible,False,1e-09
pilot_per_tierA_baseline_pilot_v2,deterministic-engine-v1,baseline-pilot-v2,v0.1.2-pilot-per,PER,MUT,baseline,0.1,high,r2,2034,0.059683074530371694,0.539313275094415,19.5456615417783,11.595339619124346,323.9166099276307,,,,,False,frontier_exceeds_one;ai_rent_capture_impossible,False,1e-09
pilot_per_tierA_baseline_pilot_v2,deterministic-engine-v1,baseline-pilot-v2,v0.1.2-pilot-per,PER,MUT,debt_guardrail,0.1,high,r2,2034,0.06679004594940913,0.6035338947954492,21.87312974003455,12.7202802343427,362.70774656523486,,,,,False,frontier_exceeds_one;ai_rent_capture_impossible,False,1e-09
pilot_per_tierA_baseline_pilot_v2,deterministic-engine-v1,baseline-pilot-v2,v0.1.2-pilot-per,PER,MUT,baseline,0.25,high,r2,2034,0.06769229304559703,0.6116868567569161,22.16860741955937,12.860181243278456,367.6323745573152,,,,,False,frontier_exceeds_one;ai_rent_capture_impossible,False,1e-09
pilot_per_tierA_baseline_pilot_v2,deterministic-engine-v1,baseline-pilot-v2,v0.1.2-pilot-per,PER,MUT,debt_guardrail,0.25,high,r2,2034,0.07479926446463445,0.6759074764579502,24.49607561781561,13.940434738931073,406.42351119491923,,,,,False,frontier_exceeds_one;ai_rent_capture_impossible,False,1e-09
pilot_per_tierA_baseline_pilot_v2,deterministic-engine-v1,baseline-pilot-v2,v0.1.2-pilot-per,PER,MUT,baseline,0.5,high,r2,2034,0.0810409905709726,0.7323094928610849,26.540183882527813,14.858869625250277,440.49198227345596,,,,,False,frontier_exceeds_one;ai_rent_capture_impossible,False,1e-09
pilot_per_tierA_baseline_pilot_v2,deterministic-engine-v1,baseline-pilot-v2,v0.1.2-pilot-per,PER,MUT,debt_guardrail,0.5,high,r2,2034,0.08814796199001002,0.796530112562119,28.867652080784058,15.872410143690027,479.28311891106,,,,,False,frontier_exceeds_one;ai_rent_capture_impossible,False,1e-09
pilot_per_tierA_baseline_pilot_v2,deterministic-engine-v1,baseline-pilot-v2,v0.1.2-pilot-per,PER,PBI,baseline,0.0,high,r2,2034,0.0805433201502137,0.7278124010700026,26.377201367299687,14.786635227913024,437.7756070196538,,,,,False,frontier_exceeds_one;ai_rent_capture_impossible,False,1e-09
pilot_per_tierA_baseline_pilot_v2,deterministic-engine-v1,baseline-pilot-v2,v0.1.2-pilot-per,PER,PBI,debt_guardrail,0.0,high,r2,2034,0.08765029156925114,0.7920330207710368,28.704669565555935,15.802506829650989,476.566743657258,,,,,False,frontier_exceeds_one;ai_rent_capture_impossible,False,1e-09
pilot_per_tierA_baseline_pilot_v2,deterministic-engine-v1,baseline-pilot-v2,v0.1.2-pilot-per,PER,PBI,baseline,0.05,high,r2,2034,0.08452804588678843,0.763819518737031,27.68216263474024,15.360315959007039,459.5249614769964,,,,,False,frontier_exceeds_one;ai_rent_capture_impossible,False,1e-09
pilot_per_tierA_baseline_pilot_v2,deterministic-engine-v1,baseline-pilot-v2,v0.1.2-pilot-per,PER,PBI,debt_guardrail,0.05,high,r2,2034,0.09163501730582585,0.828040138438065,30.009630832996486,16.357834536650714,498.3160981146005,,,,,False,frontier_exceeds_one;ai_rent_capture_impossible,False,1e-09
pilot_per_tierA_baseline_pilot_v2,deterministic-engine-v1,baseline-pilot-v2,v0.1.2-pilot-per,PER,PBI,baseline,0.1,high,r2,2034,0.08851277162336316,0.7998266364040594,28.987123902180794,15.923551729055953,481.274315934339,,,,,False,frontier_exceeds_one;ai_rent_capture_impossible,False,1e-09
pilot_per_tierA_baseline_pilot_v2,deterministic-engine-v1,baseline-pilot-v2,v0.1.2-pilot-per,PER,PBI,debt_guardrail,0.1,high,r2,2034,0.09561974304240059,0.8640472561050936,31.314592100437043,16.90340356362218,520.0654525719431,,,,,False,frontier_exceeds_one;ai_rent_capture_impossible,False,1e-09
pilot_per_tierA_baseline_pilot_v2,deterministic-engine-v1,baseline-pilot-v2,v0.1.2-pilot-per,PER,PBI,baseline,0.25,high,r2,2034,0.10046694883308732,0.9078479894051446,32.90200770450245,17.55441521836908,546.5223793063666,,,,,False,frontier_exceeds_one;ai_rent_capture_impossible,False,1e-09
pilot_per_tierA_baseline_pilot_v2,deterministic-engine-v1,baseline-pilot-v2,v0.1.2-pilot-per,PER,PBI,debt_guardrail,0.25,high,r2,2034,0.10757392025212476,0.9720686091061788,35.2294759027587,18.485014271550472,585.3135159439707,,,,,False,frontier_exceeds_one;ai_rent_capture_impossible,False,1e-09
pilot_per_tierA_baseline_pilot_v2,deterministic-engine-v1,baseline-pilot-v2,v0.1.2-pilot-per,PER,PBI,baseline,0.5,high,r2,2034,0.12039057751596095,1.0878835777402867,39.426814041705214,20.09636831374024,655.2691515930793,,,,,False,frontier_exceeds_one;ai_rent_capture_impossible,False,1e-09
pilot_per_tierA_baseline_pilot_v2,deterministic-engine-v1,baseline-pilot-v2,v0.1.2-pilot-per,PER,PBI,debt_guardrail,0.5,high,r2,2034,0.12749754893499837,1.1521041974413206,41.75428223996146,20.955518517462888,694.0602882306835,,,,,False,frontier_exceeds_one;ai_rent_capture_impossible,False,1e-09
pilot_per_tierA_baseline_pilot_v2,deterministic-engine-v1,baseline-pilot-v2,v0.1.2-pilot-per,PER,UBI,baseline,0.0,high,r2,2034,0.21456522690847207,1.938872555677364,70.26815117665721,29.94442054111231,1169.2914371756126,,,,,False,frontier_exceeds_one;ai_rent_capture_impossible,False,1e-09
pilot_per_tierA_baseline_pilot_v2,deterministic-engine-v1,baseline-pilot-v2,v0.1.2-pilot-per,PER,UBI,debt_guardrail,0.0,high,r2,2034,0.2216721983275095,2.0030931753783983,72.59561937491345,30.578503634503015,1208.0825738132164,,,,,False,frontier_exceeds_one;ai_rent_capture_impossible,False,1e-09
pilot_per_tierA_baseline_pilot_v2,deterministic-engine-v1,baseline-pilot-v2,v0.1.2-pilot-per,PER,UBI,baseline,0.05,high,r2,2034,0.22524418492877255,2.0353706645606993,73.76541234703197,30.89260064941746,1227.5791233485252,,,,,False,frontier_exceeds_one;ai_rent_capture_impossible,False,1e-09
pilot_per_tierA_baseline_pilot_v2,deterministic-engine-v1,baseline-pilot-v2,v0.1.2-pilot-per,PER,UBI,debt_guardrail,0.05,high,r2,2034,0.23235115634780998,2.0995912842617335,76.09288054528822,31.508701375594363,1266.3702599861294,,,,,False,frontier_exceeds_one;ai_rent_capture_impossible,False,1e-09
pilot_per_tierA_baseline_pilot_v2,deterministic-engine-v1,baseline-pilot-v2,v0.1.2-pilot-per,PER,UBI,baseline,0.1,high,r2,2034,0.235923142949073,2.1318687734440345,77.26267351740672,31.814029339937605,1285.8668095214377,,,,,False,frontier_exceeds_one;ai_rent_capture_impossible,False,1e-09
pilot_per_tierA_baseline_pilot_v2,deterministic-engine-v1,baseline-pilot-v2,v0.1.2-pilot-per,PER,UBI,debt_guardrail,0.1,high,r2,2034,0.24303011436811042,2.1960893931450687,79.59014171566297,32.41319146511303,1324.6579461590418,,,,,False,frontier_exceeds_one;ai_rent_capture_impossible,False,1e-09
pilot_per_tierA_baseline_pilot_v2,deterministic-engine-v1,baseline-pilot-v2,v0.1.2-pilot-per,PER,UBI,baseline,0.25,high,r2,2034,0.26796001700997435,2.421363100094039,87.754457028531,34.432611299707204,1460.7298680401755,,,,,False,frontier_exceeds_one;ai_rent_capture_impossible,False,1e-09
pilot_per_tierA_baseline_pilot_v2,deterministic-engine-v1,baseline-pilot-v2,v0.1.2-pilot-per,PER,UBI,debt_guardrail,0.25,high,r2,2034,0.2750669884290118,2.4855837197950734,90.08192522678725,34.98637188779663,1499.5210046777797,,,,,False,frontier_exceeds_one;ai_rent_capture_impossible,False,1e-09
pilot_per_tierA_baseline_pilot_v2,deterministic-engine-v1,baseline-pilot-v2,v0.1.2-pilot-per,PER,UBI,baseline,0.5,high,r2,2034,0.3213548071114766,2.903853644510715,105.24076288040479,38.38339000209392,1752.1682989047388,,,,,False,frontier_exceeds_one;ai_rent_capture_impossible,False,1e-09
pilot_per_tierA_baseline_pilot_v2,deterministic-engine-v1,baseline-pilot-v2,v0.1.2-pilot-per,PER,UBI,debt_guardrail,0.5,high,r2,2034,0.32846177853051406,2.9680742642117486,107.56823107866103,38.875660811657106,1790.9594355423428,,,,,False,frontier_exceeds_one;ai_rent_capture_impossible,False,1e-09
pilot_per_tierA_baseline_pilot_v2,deterministic-engine-v1,baseline-pilot-v2,v0.1.2-pilot-per,PER,PEN,baseline,0.0,high,r3,2034,0.006593933931990544,0.06624826767368161,2.1594531092386724,1.6929023881484757,34.38199047302052,,,,,False,frontier_exceeds_one;ai_rent_capture_impossible,False,1e-09
pilot_per_tierA_baseline_pilot_v2,deterministic-engine-v1,baseline-pilot-v2,v0.1.2-pilot-per,PER,PEN,debt_guardrail,0.0,high,r3,2034,0.01370090535102797,0.1376509462224286,4.486921307494917,3.414637258783726,73.17312711062462,,,,,False,frontier_exceeds_one;ai_rent_capture_impossible,False,1e-09
pilot_per_tierA_baseline_pilot_v2,deterministic-engine-v1,baseline-pilot-v2,v0.1.2-pilot-per,PER,PEN,baseline,0.05,high,r3,2034,0.006872626195092535,0.06904824714496383,2.2507222787941337,1.7623467576345084,35.903143298944876,,,,,False,frontier_exceeds_one;ai_rent_capture_impossible,False,1e-09
pilot_per_tierA_baseline_pilot_v2,deterministic-engine-v1,baseline-pilot-v2,v0.1.2-pilot-per,PER,PEN,debt_guardrail,0.05,high,r3,2034,0.013979597614129962,0.14045092569371084,4.578190477050379,3.4801511746355898,74.69427993654898,,,,,False,frontier_exceeds_one;ai_rent_capture_impossible,False,1e-09
pilot_per_tierA_baseline_pilot_v2,deterministic-engine-v1,baseline-pilot-v2,v0.1.2-pilot-per,PER,PEN,baseline,0.1,high,r3,2034,0.007151318458194525,0.07184822661624604,2.341991448349595,1.8316276239999283,37.42429612486923,,,,,False,frontier_exceeds_one;ai_rent_capture_impossible,False,1e-09
pilot_per_tierA_baseline_pilot_v2,deterministic-engine-v1,baseline-pilot-v2,v0.1.2-pilot-per,PER,PEN,debt_guardrail,0.1,high,r3,2034,0.01425828987723195,0.14325090516499303,4.66945964660584,3.545520488182069,76.21543276247333,,,,,False,frontier_exceeds_one;ai_rent_capture_impossible,False,1e-09
pilot_per_tierA_baseline_pilot_v2,deterministic-engine-v1,baseline-pilot-v2,v0.1.2-pilot-per,PER,PEN,baseline,0.25,high,r3,2034,0.007987395247500497,0.0802481650300927,2.6157989570159796,2.038497279570355,41.98775460264231,,,,,False,frontier_exceeds_one;ai_rent_capture_impossible,False,1e-09
pilot_per_tierA_baseline_pilot_v2,deterministic-engine-v1,baseline-pilot-v2,v0.1.2-pilot-per,PER,PEN,debt_guardrail,0.25,high,r3,2034,0.015094366666537923,0.1516508435788397,4.943267155272225,3.7407675127213995,80.77889124024641,,,,,False,frontier_exceeds_one;ai_rent_capture_impossible,False,1e-09
pilot_per_tierA_baseline_pilot_v2,deterministic-engine-v1,baseline-pilot-v2,v0.1.2-pilot-per,PER,PEN,baseline,0.5,high,r3,2034,0.009380856563010447,0.09424806238650377,3.072144804793286,2.380084442036376,49.59351873226409,,,,,False,frontier_exceeds_one;ai_rent_capture_impossible,False,1e-09
pilot_per_tierA_baseline_pilot_v2,deterministic-engine-v1,baseline-pilot-v2,v0.1.2-pilot-per,PER,PEN,debt_guardrail,0.5,high,r3,2034,0.016487827982047874,0.16565074093525078,5.399613003049531,4.063348983519514,88.38465536986817,,,,,False,frontier_exceeds_one;ai_rent_capture_impossible,False,1e-09
pilot_per_tierA_baseline_pilot_v2,deterministic-engine-v1,baseline-pilot-v2,v0.1.2-pilot-per,PER,GMI,baseline,0.0,high,r3,2034,0.045445181376125465,0.45658093807678257,14.882881635570847,10.082160855858922,246.43913257855678,,,,,False,frontier_exceeds_one;ai_rent_capture_impossible,False,1e-09
pilot_per_tierA_baseline_pilot_v2,deterministic-engine-v1,baseline-pilot-v2,v0.1.2-pilot-per,PER,GMI,debt_guardrail,0.0,high,r3,2034,0.05255215279516289,0.5279836166255296,17.21034983382709,11.392509416215049,285.2302692161609,,,,,False,frontier_exceeds_one;ai_rent_capture_impossible,False,1e-09
pilot_per_tierA_baseline_pilot_v2,deterministic-engine-v1,baseline-pilot-v2,v0.1.2-pilot-per,PER,GMI,baseline,0.05,high,r3,2034,0.047535587408599284,0.4775829347322448,15.567470509671708,10.473474822350035,257.84894714690444,,,,,False,frontier_exceeds_one;ai_rent_capture_impossible,False,1e-09
pilot_per_tierA_baseline_pilot_v2,deterministic-engine-v1,baseline-pilot-v2,v0.1.2-pilot-per,PER,GMI,debt_guardrail,0.05,high,r3,2034,0.05464255882763671,0.5489856132809918,17.894938707927952,11.767439133795445,296.64008378450853,,,,,False,frontier_exceeds_one;ai_rent_capture_impossible,False,1e-09
pilot_per_tierA_baseline_pilot_v2,deterministic-engine-v1,baseline-pilot-v2,v0.1.2-pilot-per,PER,GMI,baseline,0.1,high,r3,2034,0.049625993441073095,0.49858493138770693,16.252059383772565,10.859814594158285,269.2587617152521,,,,,False,frontier_exceeds_one;ai_rent_capture_impossible,False,1e-09
pilot_per_tierA_baseline_pilot_v2,deterministic-engine-v1,baseline-pilot-v2,v0.1.2-pilot-per,PER,GMI,debt_guardrail,0.1,high,r3,2034,0.05673296486011052,0.5699876099364539,18.57952758202881,12.137821299453012,308.0498983528562,,,,,False,frontier_exceeds_one;ai_rent_capture_impossible,False,1e-09
pilot_per_tierA_baseline_pilot_v2,deterministic-engine-v1,baseline-pilot-v2,v0.1.2-pilot-per,PER,GMI,baseline,0.25,high,r3,2034,0.05589721153849453,0.5615909213540934,18.30582600607514,11.990279080414384,303.488205420295,,,,,False,frontier_exceeds_one;ai_rent_capture_impossible,False,1e-09
pilot_per_tierA_baseline_pilot_v2,deterministic-engine-v1,baseline-pilot-v2,v0.1.2-pilot-per,PER,GMI,debt_guardrail,0.25,high,r3,2034,0.06300418295753196,0.6329935999028404,20.633294204331385,13.222809814931466,342.2793420578991,,,,,False,frontier_exceeds_one;ai_rent_capture_impossible,False,1e-09
pilot_per_tierA_baseline_pilot_v2,deterministic-engine-v1,baseline-pilot-v2,v0.1.2-pilot-per,PER,GMI,baseline,0.5,high,r3,2034,0.0663492417008636,0.6666009046314044,21.728770376579433,13.786222163625439,360.5372782620332,,,,,False,frontier_exceeds_one;ai_rent_capture_impossible,False,1e-09
pilot_per_tierA_baseline_pilot_v2,deterministic-engine-v1,baseline-pilot-v2,v0.1.2-pilot-per,PER,GMI,debt_guardrail,0.5,high,r3,2034,0.07345621311990103,0.7380035831801514,24.056238574835678,14.950089032326995,399.3284148996373,,,,,False,frontier_exceeds_one;ai_rent_capture_impossible,False,1e-09
pilot_per_tierA_baseline_pilot_v2,deterministic-engine-v1,baseline-pilot-v2,v0.1.2-pilot-per,PER,MUT,baseline,0.0,high,r3,2034,0.054351095520221465,0.5460573250382139,17.799487138058062,11.715438543323064,295.04922428667703,,,,,False,frontier_exceeds_one;ai_rent_capture_impossible,False,1e-09
pilot_per_tierA_baseline_pilot_v2,deterministic-engine-v1,baseline-pilot-v2,v0.1.2-pilot-per,PER,MUT,debt_guardrail,0.0,high,r3,2034,0.06145806693925889,0.617460003586961,20.126955336314307,12.958861059649173,333.84036092428113,,,,,False,frontier_exceeds_one;ai_rent_capture_impossible,False,1e-09
pilot_per_tierA_baseline_pilot_v2,deterministic-engine-v1,baseline-pilot-v2,v0.1.2-pilot-per,PER,MUT,baseline,0.05,high,r3,2034,0.05702083502529658,0.5728797984168374,18.673802430651754,12.188476914705248,309.62114582990523,,,,,False,frontier_exceeds_one;ai_rent_capture_impossible,False,1e-09
pilot_per_tierA_baseline_pilot_v2,deterministic-engine-v1,baseline-pilot-v2,v0.1.2-pilot-per,PER,MUT,debt_guardrail,0.05,high,r3,2034,0.06412780644433401,0.6442824769655845,21.001270628908,13.413217660165637,348.4122824675093,,,,,False,frontier_exceeds_one;ai_rent_capture_impossible,False,1e-09
pilot_per_tierA_baseline_pilot_v2,deterministic-engine-v1,baseline-pilot-v2,v0.1.2-pilot-per,PER,MUT,baseline,0.1,high,r3,2034,0.059690574530371694,0.5997022717954609,19.54811772324544,12.654310120058549,324.1930673731333,,,,,False,frontier_exceeds_one;ai_rent_capture_impossible,False,1e-09
pilot_per_tierA_baseline_pilot_v2,deterministic-engine-v1,baseline-pilot-v2,v0.1.2-pilot-per,PER,MUT,debt_guardrail,0.1,high,r3,2034,0.06679754594940912,0.6711049503442079,21.875585921501685,13.860952013826576,362.9842040107374,,,,,False,frontier_exceeds_one;ai_rent_capture_impossible,False,1e-09
pilot_per_tierA_baseline_pilot_v2,deterministic-engine-v1,baseline-pilot-v2,v0.1.2-pilot-per,PER,MUT,baseline,0.25,high,r3,2034,0.06769979304559703,0.6801696919313314,22.171063601026507,14.01080371111934,367.9088320028178,,,,,False,frontier_exceeds_one;ai_rent_capture_impossible,False,1e-09
pilot_per_tierA_baseline_pilot_v2,deterministic-engine-v1,baseline-pilot-v2,v0.1.2-pilot-per,PER,MUT,debt_guardrail,0.25,high,r3,2034,0.07480676446463447,0.7515723704800784,24.498531799282755,15.166381734930502,406.6999686404219,,,,,False,frontier_exceeds_one;ai_rent_capture_impossible,False,1e-09
pilot_per_tierA_baseline_pilot_v2,deterministic-engine-v1,baseline-pilot-v2,v0.1.2-pilot-per,PER,MUT,baseline,0.5,high,r3,2034,0.0810484905709726,0.8142820588244487,26.542640063994956,16.146819496461248,440.7684397189586,,,,,False,frontier_exceeds_one;ai_rent_capture_impossible,False,1e-09
pilot_per_tierA_baseline_pilot_v2,deterministic-engine-v1,baseline-pilot-v2,v0.1.2-pilot-per,PER,MUT,debt_guardrail,0.5,high,r3,2034,0.08815546199001004,0.8856847373731958,28.870108262251204,17.22670301829239,479.55957635656273,,,,,False,frontier_exceeds_one;ai_rent_capture_impossible,False,1e-09
pilot_per_tierA_baseline_pilot_v2,deterministic-engine-v1,baseline-pilot-v2,v0.1.2-pilot-per,PER,PBI,baseline,0.0,high,r3,2034,0.08055082015021371,0.8092820385652594,26.37965754876683,16.06977457838805,438.0520644651565,,,,,False,frontier_exceeds_one;ai_rent_capture_impossible,False,1e-09
pilot_per_tierA_baseline_pilot_v2,deterministic-engine-v1,baseline-pilot-v2,v0.1.2-pilot-per,PER,PBI,debt_guardrail,0.0,high,r3,2034,0.08765779156925113,0.8806847171140063,28.70712574702307,17.152292264125393,476.84320110276053,,,,,False,frontier_exceeds_one;ai_rent_capture_impossible,False,1e-09
pilot_per_tierA_baseline_pilot_v2,deterministic-engine-v1,baseline-pilot-v2,v0.1.2-pilot-per,PER,PBI,baseline,0.05,high,r3,2034,0.08453554588678844,0.849315981872168,27.684618816207383,16.68135604558672,459.80141892249907,,,,,False,frontier_exceeds_one;ai_rent_capture_impossible,False,1e-09
pilot_per_tierA_baseline_pilot_v2,deterministic-engine-v1,baseline-pilot-v2,v0.1.2-pilot-per,PER,PBI,debt_guardrail,0.05,high,r3,2034,0.09164251730582587,0.9207186604209151,30.012087014463628,17.7431553913738,498.59255556010316,,,,,False,frontier_exceeds_one;ai_rent_capture_impossible,False,1e-09
pilot_per_tierA_baseline_pilot_v2,deterministic-engine-v1,baseline-pilot-v2,v0.1.2-pilot-per,PER,PBI,baseline,0.1,high,r3,2034,0.08852027162336316,0.8893499251790766,28.989580083647937,17.281135965775835,481.55077337984164,,,,,False,frontier_exceeds_one;ai_rent_capture_impossible,False,1e-09
pilot_per_tierA_baseline_pilot_v2,deterministic-engine-v1,baseline-pilot-v2,v0.1.2-pilot-per,PER,PBI,debt_guardrail,0.1,high,r3,2034,0.09562724304240058,0.9607526037278236,31.317048281904178,18.323036754360718,520.3419100174457,,,,,False,frontier_exceeds_one;ai_rent_capture_impossible,False,1e-09
pilot_per_tierA_baseline_pilot_v2,deterministic-engine-v1,baseline-pilot-v2,v0.1.2-pilot-per,PER,PBI,baseline,0.25,high,r3,2034,0.10047444883308733,1.0094517550998023,32.90446388596959,19.014235263701277,546.7988367518692,,,,,False,frontier_exceeds_one;ai_rent_capture_impossible,False,1e-09
pilot_per_tierA_baseline_pilot_v2,deterministic-engine-v1,baseline-pilot-v2,v0.1.2-pilot-per,PER,PBI,debt_guardrail,0.25,high,r3,2034,0.10758142025212475,1.0808544336485493,35.23193208422583,20.00089257946233,585.5899733894732,,,,,False,frontier_exceeds_one;ai_rent_capture_impossible,False,1e-09
pilot_per_tierA_baseline_pilot_v2,deterministic-engine-v1,baseline-pilot-v2,v0.1.2-pilot-per,PER,PBI,baseline,0.5,high,r3,2034,0.12039807751596096,1.2096214716343456,39.42927022317236,21.705622825650124,655.545609038582,,,,,False,frontier_exceeds_one;ai_rent_capture_impossible,False,1e-09
pilot_per_tierA_baseline_pilot_v2,deterministic-engine-v1,baseline-pilot-v2,v0.1.2-pilot-per,PER,PBI,debt_guardrail,0.5,high,r3,2034,0.1275050489349984,1.2810241501830926,41.7567384214286,22.612737609912188,694.3367456761861,,,,,False,frontier_exceeds_one;ai_rent_capture_impossible,False,1e-09
pilot_per_tierA_baseline_pilot_v2,deterministic-engine-v1,baseline-pilot-v2,v0.1.2-pilot-per,PER,UBI,baseline,0.0,high,r3,2034,0.21456972690847206,2.155749943738078,70.2696248855375,32.03811505076584,1169.5515200780007,,,,,False,frontier_exceeds_one;ai_rent_capture_impossible,False,1e-09
pilot_per_tierA_baseline_pilot_v2,deterministic-engine-v1,baseline-pilot-v2,v0.1.2-pilot-per,PER,UBI,debt_guardrail,0.0,high,r3,2034,0.2216766983275095,2.227152622286825,72.59709308379374,32.699124931420094,1208.3426567156048,,,,,False,frontier_exceeds_one;ai_rent_capture_impossible,False,1e-09
pilot_per_tierA_baseline_pilot_v2,deterministic-engine-v1,baseline-pilot-v2,v0.1.2-pilot-per,PER,UBI,baseline,0.05,high,r3,2034,0.22524868492877254,2.263039837252572,73.76688605591225,33.026394838947944,1227.8392062509135,,,,,False,frontier_exceeds_one;ai_rent_capture_impossible,False,1e-09
pilot_per_tierA_baseline_pilot_v2,deterministic-engine-v1,baseline-pilot-v2,v0.1.2-pilot-per,PER,UBI,debt_guardrail,0.05,high,r3,2034,0.23235565634780997,2.334442515801319,76.0943542541685,33.668022295544915,1266.6303428885174,,,,,False,frontier_exceeds_one;ai_rent_capture_impossible,False,1e-09
pilot_per_tierA_baseline_pilot_v2,deterministic-engine-v1,baseline-pilot-v2,v0.1.2-pilot-per,PER,UBI,baseline,0.1,high,r3,2034,0.23592764294907298,2.370329730767066,77.26414722628701,33.98585020142697,1286.1268924238261,,,,,False,frontier_exceeds_one;ai_rent_capture_impossible,False,1e-09
pilot_per_tierA_baseline_pilot_v2,deterministic-engine-v1,baseline-pilot-v2,v0.1.2-pilot-per,PER,UBI,debt_guardrail,0.1,high,r3,2034,0.2430346143681104,2.4417324093158133,79.59161542454325,34.60925725761237,1324.9180290614302,,,,,False,frontier_exceeds_one;ai_rent_capture_impossible,False,1e-09
pilot_per_tierA_baseline_pilot_v2,deterministic-engine-v1,baseline-pilot-v2,v0.1.2-pilot-per,PER,UBI,baseline,0.25,high,r3,2034,0.2679645170099743,2.6921994113105474,87.75593073741126,36.70772095428984,1460.9899509425636,,,,,False,frontier_exceeds_one;ai_rent_capture_impossible,False,1e-09
pilot_per_tierA_baseline_pilot_v2,deterministic-engine-v1,baseline-pilot-v2,v0.1.2-pilot-per,PER,UBI,debt_guardrail,0.25,high,r3,2034,0.27507148842901175,2.7636020898592943,90.08339893566752,37.28246608958451,1499.7810875801679,,,,,False,frontier_exceeds_one;ai_rent_capture_impossible,False,1e-09
pilot_per_tierA_baseline_pilot_v2,deterministic-engine-v1,baseline-pilot-v2,v0.1.2-pilot-per,PER,UBI,baseline,0.5,high,r3,2034,0.3213593071114766,3.2286488788830168,105.24223658928506,40.80218894900916,1752.428381807127,,,,,False,frontier_exceeds_one;ai_rent_capture_impossible,False,1e-09
pilot_per_tierA_baseline_pilot_v2,deterministic-engine-v1,baseline-pilot-v2,v0.1.2-pilot-per,PER,UBI,debt_guardrail,0.5,high,r3,2034,0.328466278530514,3.300051557431764,107.5697047875413,41.31142947305551,1791.219518444731,,,,,False,frontier_exceeds_one;ai_rent_capture_impossible,False,1e-09
pilot_per_tierA_baseline_pilot_v2,deterministic-engine-v1,baseline-pilot-v2,v0.1.2-pilot-per,PER,PEN,baseline,0.0,high,r4,2034,0.0065619339319905445,0.052516155663648076,2.1489734016455486,1.3499273738143984,33.813710576814465,,,,,False,frontier_exceeds_one;ai_rent_capture_impossible,False,1e-09
pilot_per_tierA_baseline_pilot_v2,deterministic-engine-v1,baseline-pilot-v2,v0.1.2-pilot-per,PER,PEN,debt_guardrail,0.0,high,r4,2034,0.013668905351027971,0.1093943292642239,4.4764415999017935,2.7452407412679656,72.60484721441856,,,,,False,frontier_exceeds_one;ai_rent_capture_impossible,False,1e-09
pilot_per_tierA_baseline_pilot_v2,deterministic-engine-v1,baseline-pilot-v2,v0.1.2-pilot-per,PER,PEN,baseline,0.05,high,r4,2034,0.006840626195092535,0.05474657224860731,2.24024257120101,1.4059074723411606,35.334863402738826,,,,,False,frontier_exceeds_one;ai_rent_capture_impossible,False,1e-09
pilot_per_tierA_baseline_pilot_v2,deterministic-engine-v1,baseline-pilot-v2,v0.1.2-pilot-per,PER,PEN,debt_guardrail,0.05,high,r4,2034,0.013947597614129961,0.11162474584918314,4.567710769457255,2.798633628016283,74.12600004034292,,,,,False,frontier_exceeds_one;ai_rent_capture_impossible,False,1e-09
pilot_per_tierA_baseline_pilot_v2,deterministic-engine-v1,baseline-pilot-v2,v0.1.2-pilot-per,PER,PEN,baseline,0.1,high,r4,2034,0.007119318458194525,0.05697698883356655,2.3315117407564716,1.4617811317430898,36.85601622866319,,,,,False,frontier_exceeds_one;ai_rent_capture_impossible,False,1e-09
pilot_per_tierA_baseline_pilot_v2,deterministic-engine-v1,baseline-pilot-v2,v0.1.2-pilot-per,PER,PEN,debt_guardrail,0.1,high,r4,2034,0.014226289877231952,0.11385516243414237,4.658979939012717,2.8519301846565486,75.64715286626728,,,,,False,frontier_exceeds_one;ai_rent_capture_impossible,False,1e-09
pilot_per_tierA_baseline_pilot_v2,deterministic-engine-v1,baseline-pilot-v2,v0.1.2-pilot-per,PER,PEN,baseline,0.25,high,r4,2034,0.007955395247500496,0.06366823858844425,2.6053192494228554,1.6287677256907198,41.41947470643625,,,,,False,frontier_exceeds_one;ai_rent_capture_impossible,False,1e-09
pilot_per_tierA_baseline_pilot_v2,deterministic-engine-v1,baseline-pilot-v2,v0.1.2-pilot-per,PER,PEN,debt_guardrail,0.25,high,r4,2034,0.015062366666537923,0.12054641218902008,4.932787447679101,3.0112455250398504,80.21061134404034,,,,,False,frontier_exceeds_one;ai_rent_capture_impossible,False,1e-09
pilot_per_tierA_baseline_pilot_v2,deterministic-engine-v1,baseline-pilot-v2,v0.1.2-pilot-per,PER,PEN,baseline,0.5,high,r4,2034,0.009348856563010446,0.07482032151324043,3.0616650972001622,1.9049892192520463,49.02523883605803,,,,,False,frontier_exceeds_one;ai_rent_capture_impossible,False,1e-09
pilot_per_tierA_baseline_pilot_v2,deterministic-engine-v1,baseline-pilot-v2,v0.1.2-pilot-per,PER,PEN,debt_guardrail,0.5,high,r4,2034,0.016455827982047873,0.13169849511381626,5.389133295456407,3.2748782531080924,87.81637547366212,,,,,False,frontier_exceeds_one;ai_rent_capture_impossible,False,1e-09
pilot_per_tierA_baseline_pilot_v2,deterministic-engine-v1,baseline-pilot-v2,v0.1.2-pilot-per,PER,GMI,baseline,0.0,high,r4,2034,0.04536518137612546,0.3630644489185732,14.856682366588037,8.27563694248291,245.60885999252264,,,,,False,frontier_exceeds_one;ai_rent_capture_impossible,False,1e-09
pilot_per_tierA_baseline_pilot_v2,deterministic-engine-v1,baseline-pilot-v2,v0.1.2-pilot-per,PER,GMI,debt_guardrail,0.0,high,r4,2034,0.05247215279516289,0.41994262251914904,17.18415056484428,9.38718648441141,284.3999966301267,,,,,False,frontier_exceeds_one;ai_rent_capture_impossible,False,1e-09
pilot_per_tierA_baseline_pilot_v2,deterministic-engine-v1,baseline-pilot-v2,v0.1.2-pilot-per,PER,GMI,baseline,0.05,high,r4,2034,0.04745558740859928,0.3797942864541856,15.541271240688896,8.60685010141767,257.0186745608703,,,,,False,frontier_exceeds_one;ai_rent_capture_impossible,False,1e-09
pilot_per_tierA_baseline_pilot_v2,deterministic-engine-v1,baseline-pilot-v2,v0.1.2-pilot-per,PER,GMI,debt_guardrail,0.05,high,r4,2034,0.054562558827636706,0.4366724600547614,17.86873943894514,9.706504754399463,295.80981119847434,,,,,False,frontier_exceeds_one;ai_rent_capture_impossible,False,1e-09
pilot_per_tierA_baseline_pilot_v2,deterministic-engine-v1,baseline-pilot-v2,v0.1.2-pilot-per,PER,GMI,baseline,0.1,high,r4,2034,0.04954599344107309,0.3965241239897979,16.225860114789754,8.934468455002447,268.4284891292179,,,,,False,frontier_exceeds_one;ai_rent_capture_impossible,False,1e-09
pilot_per_tierA_baseline_pilot_v2,deterministic-engine-v1,baseline-pilot-v2,v0.1.2-pilot-per,PER,GMI,debt_guardrail,0.1,high,r4,2034,0.05665296486011052,0.45340229759037376,18.553328313046,10.022493818935006,307.219625766822,,,,,False,frontier_exceeds_one;ai_rent_capture_impossible,False,1e-09
pilot_per_tierA_baseline_pilot_v2,deterministic-engine-v1,baseline-pilot-v2,v0.1.2-pilot-per,PER,GMI,baseline,0.25,high,r4,2034,0.055817211538494525,0.44671363659663493,18.27962673709233,9.896554781136055,302.6579328342608,,,,,False,frontier_exceeds_one;ai_rent_capture_impossible,False,1e-09
pilot_per_tierA_baseline_pilot_v2,deterministic-engine-v1,baseline-pilot-v2,v0.1.2-pilot-per,PER,GMI,debt_guardrail,0.25,high,r4,2034,0.06292418295753195,0.5035918101972108,20.607094935348574,10.951198379678237,341.4490694718649,,,,,False,frontier_exceeds_one;ai_rent_capture_impossible,False,1e-09
pilot_per_tierA_baseline_pilot_v2,deterministic-engine-v1,baseline-pilot-v2,v0.1.2-pilot-per,PER,GMI,baseline,0.5,high,r4,2034,0.06626924170086361,0.5303628242746968,21.702571107596626,11.435215403060559,359.7070056759991,,,,,False,frontier_exceeds_one;ai_rent_capture_impossible,False,1e-09
pilot_per_tierA_baseline_pilot_v2,deterministic-engine-v1,baseline-pilot-v2,v0.1.2-pilot-per,PER,GMI,debt_guardrail,0.5,high,r4,2034,0.07337621311990103,0.5872409978752726,24.03003930585287,12.438773143372627,398.4981423136032,,,,,False,frontier_exceeds_one;ai_rent_capture_impossible,False,1e-09
pilot_per_tierA_baseline_pilot_v2,deterministic-engine-v1,baseline-pilot-v2,v0.1.2-pilot-per,PER,MUT,baseline,0.0,high,r4,2034,0.054331095520221466,0.43482002398810415,17.79293732081236,9.671313016435237,294.546442562928,,,,,False,frontier_exceeds_one;ai_rent_capture_impossible,False,1e-09
pilot_per_tierA_baseline_pilot_v2,deterministic-engine-v1,baseline-pilot-v2,v0.1.2-pilot-per,PER,MUT,debt_guardrail,0.0,high,r4,2034,0.06143806693925889,0.49169819758867994,20.120405519068605,10.733670412359004,333.3375792005321,,,,,False,frontier_exceeds_one;ai_rent_capture_impossible,False,1e-09
pilot_per_tierA_baseline_pilot_v2,deterministic-engine-v1,baseline-pilot-v2,v0.1.2-pilot-per,PER,MUT,baseline,0.05,high,r4,2034,0.057000835025296584,0.4561863554512106,18.667252613406053,10.074760423366843,309.1183641061562,,,,,False,frontier_exceeds_one;ai_rent_capture_impossible,False,1e-09
pilot_per_tierA_baseline_pilot_v2,deterministic-engine-v1,baseline-pilot-v2,v0.1.2-pilot-per,PER,MUT,debt_guardrail,0.05,high,r4,2034,0.064107806444334,0.5130645290517863,20.994720811662294,11.123344391462524,347.90950074376025,,,,,False,frontier_exceeds_one;ai_rent_capture_impossible,False,1e-09
pilot_per_tierA_baseline_pilot_v2,deterministic-engine-v1,baseline-pilot-v2,v0.1.2-pilot-per,PER,MUT,baseline,0.1,high,r4,2034,0.059670574530371695,0.47755268691431707,19.541567905999738,10.47291484723697,323.6902856493843,,,,,False,frontier_exceeds_one;ai_rent_capture_impossible,False,1e-09
pilot_per_tierA_baseline_pilot_v2,deterministic-engine-v1,baseline-pilot-v2,v0.1.2-pilot-per,PER,MUT,debt_guardrail,0.1,high,r4,2034,0.06677754594940913,0.534430860514893,21.869036104255986,11.508097064220156,362.48142228698845,,,,,False,frontier_exceeds_one;ai_rent_capture_impossible,False,1e-09
pilot_per_tierA_baseline_pilot_v2,deterministic-engine-v1,baseline-pilot-v2,v0.1.2-pilot-per,PER,MUT,baseline,0.25,high,r4,2034,0.06767979304559703,0.5416516813036364,22.164513783780805,11.637035801662375,367.4060502790688,,,,,False,frontier_exceeds_one;ai_rent_capture_impossible,False,1e-09
pilot_per_tierA_baseline_pilot_v2,deterministic-engine-v1,baseline-pilot-v2,v0.1.2-pilot-per,PER,MUT,debt_guardrail,0.25,high,r4,2034,0.07478676446463445,0.5985298549042122,24.491981982037046,12.634095878497869,406.19718691667276,,,,,False,frontier_exceeds_one;ai_rent_capture_impossible,False,1e-09
pilot_per_tierA_baseline_pilot_v2,deterministic-engine-v1,baseline-pilot-v2,v0.1.2-pilot-per,PER,MUT,baseline,0.5,high,r4,2034,0.0810284905709726,0.6484833386191686,26.53609024674925,13.483772721198878,440.2656579952095,,,,,False,frontier_exceeds_one;ai_rent_capture_impossible,False,1e-09
pilot_per_tierA_baseline_pilot_v2,deterministic-engine-v1,baseline-pilot-v2,v0.1.2-pilot-per,PER,MUT,debt_guardrail,0.5,high,r4,2034,0.08813546199001002,0.7053615122197444,28.863558445005495,14.423467741164586,479.0567946328136,,,,,False,frontier_exceeds_one;ai_rent_capture_impossible,False,1e-09
pilot_per_tierA_baseline_pilot_v2,deterministic-engine-v1,baseline-pilot-v2,v0.1.2-pilot-per,PER,PBI,baseline,0.0,high,r4,2034,0.0805308201502137,0.6445004065206983,26.373107731521124,13.416881857047914,437.5492827414074,,,,,False,frontier_exceeds_one;ai_rent_capture_impossible,False,1e-09
pilot_per_tierA_baseline_pilot_v2,deterministic-engine-v1,baseline-pilot-v2,v0.1.2-pilot-per,PER,PBI,debt_guardrail,0.0,high,r4,2034,0.08763779156925114,0.7013785801212742,28.700575929777372,14.3585905077924,476.34041937901156,,,,,False,frontier_exceeds_one;ai_rent_capture_impossible,False,1e-09
pilot_per_tierA_baseline_pilot_v2,deterministic-engine-v1,baseline-pilot-v2,v0.1.2-pilot-per,PER,PBI,baseline,0.05,high,r4,2034,0.08451554588678843,0.6763907728711903,27.678068998961677,13.948422030542678,459.29863719875,,,,,False,frontier_exceeds_one;ai_rent_capture_impossible,False,1e-09
pilot_per_tierA_baseline_pilot_v2,deterministic-engine-v1,baseline-pilot-v2,v0.1.2-pilot-per,PER,PBI,debt_guardrail,0.05,high,r4,2034,0.09162251730582585,0.733268946471766,30.005537197217922,14.874258971903807,498.089773836354,,,,,False,frontier_exceeds_one;ai_rent_capture_impossible,False,1e-09
pilot_per_tierA_baseline_pilot_v2,deterministic-engine-v1,baseline-pilot-v2,v0.1.2-pilot-per,PER,PBI,baseline,0.1,high,r4,2034,0.08850027162336316,0.7082811392216823,28.98303026640223,14.470938433172437,481.04799165609256,,,,,False,frontier_exceeds_one;ai_rent_capture_impossible,False,1e-09
pilot_per_tierA_baseline_pilot_v2,deterministic-engine-v1,baseline-pilot-v2,v0.1.2-pilot-per,PER,PBI,debt_guardrail,0.1,high,r4,2034,0.09560724304240059,0.7651593128222581,31.31049846465848,15.381458066532854,519.8391282936967,,,,,False,frontier_exceeds_one;ai_rent_capture_impossible,False,1e-09
pilot_per_tierA_baseline_pilot_v2,deterministic-engine-v1,baseline-pilot-v2,v0.1.2-pilot-per,PER,PBI,baseline,0.25,high,r4,2034,0.10045444883308732,0.8039522382731582,32.897914068723885,15.987436818464417,546.29605502812,,,,,False,frontier_exceeds_one;ai_rent_capture_impossible,False,1e-09
pilot_per_tierA_baseline_pilot_v2,deterministic-engine-v1,baseline-pilot-v2,v0.1.2-pilot-per,PER,PBI,debt_guardrail,0.25,high,r4,2034,0.10756142025212476,0.8608304118737341,35.225382266980134,16.855050537146337,585.0871916657242,,,,,False,frontier_exceeds_one;ai_rent_capture_impossible,False,1e-09
pilot_per_tierA_baseline_pilot_v2,deterministic-engine-v1,baseline-pilot-v2,v0.1.2-pilot-per,PER,PBI,baseline,0.5,high,r4,2034,0.12037807751596095,0.9634040700256183,39.422720405926654,18.361065220993797,655.0428273148328,,,,,False,frontier_exceeds_one;ai_rent_capture_impossible,False,1e-09
pilot_per_tierA_baseline_pilot_v2,deterministic-engine-v1,baseline-pilot-v2,v0.1.2-pilot-per,PER,PBI,debt_guardrail,0.5,high,r4,2034,0.12748504893499837,1.020282243626194,41.750188604182895,19.1659034699016,693.8339639524369,,,,,False,frontier_exceeds_one;ai_rent_capture_impossible,False,1e-09
pilot_per_tierA_baseline_pilot_v2,deterministic-engine-v1,baseline-pilot-v2,v0.1.2-pilot-per,PER,UBI,baseline,0.0,high,r4,2034,0.21455772690847208,1.7171381336577665,70.26569499519007,27.654825783987413,1169.0924038025566,,,,,False,frontier_exceeds_one;ai_rent_capture_impossible,False,1e-09
pilot_per_tierA_baseline_pilot_v2,deterministic-engine-v1,baseline-pilot-v2,v0.1.2-pilot-per,PER,UBI,debt_guardrail,0.0,high,r4,2034,0.2216646983275095,1.7740163072583424,72.59316319344632,28.257740634699736,1207.8835404401607,,,,,False,frontier_exceeds_one;ai_rent_capture_impossible,False,1e-09
pilot_per_tierA_baseline_pilot_v2,deterministic-engine-v1,baseline-pilot-v2,v0.1.2-pilot-per,PER,UBI,baseline,0.05,high,r4,2034,0.22523668492877255,1.8026034595101925,73.76295616556483,28.556577772415785,1227.3800899754692,,,,,False,frontier_exceeds_one;ai_rent_capture_impossible,False,1e-09
pilot_per_tierA_baseline_pilot_v2,deterministic-engine-v1,baseline-pilot-v2,v0.1.2-pilot-per,PER,UBI,debt_guardrail,0.05,high,r4,2034,0.23234365634780998,1.8594816331107682,76.09042436382109,29.14308549059361,1266.1712266130735,,,,,False,frontier_exceeds_one;ai_rent_capture_impossible,False,1e-09
pilot_per_tierA_baseline_pilot_v2,deterministic-engine-v1,baseline-pilot-v2,v0.1.2-pilot-per,PER,UBI,baseline,0.1,high,r4,2034,0.235915642949073,1.8880687853626181,77.26021733593959,29.43391187035759,1285.6677761483818,,,,,False,frontier_exceeds_one;ai_rent_capture_impossible,False,1e-09
pilot_per_tierA_baseline_pilot_v2,deterministic-engine-v1,baseline-pilot-v2,v0.1.2-pilot-per,PER,UBI,debt_guardrail,0.1,high,r4,2034,0.24302261436811043,1.944946958963194,79.58768553419584,30.004927412391435,1324.458912785986,,,,,False,frontier_exceeds_one;ai_rent_capture_impossible,False,1e-09
pilot_per_tierA_baseline_pilot_v2,deterministic-engine-v1,baseline-pilot-v2,v0.1.2-pilot-per,PER,UBI,baseline,0.25,high,r4,2034,0.2679525170099743,2.144464762919895,87.75200084706384,31.932412989805776,1460.5308346671195,,,,,False,frontier_exceeds_one;ai_rent_capture_impossible,False,1e-09
pilot_per_tierA_baseline_pilot_v2,deterministic-engine-v1,baseline-pilot-v2,v0.1.2-pilot-per,PER,UBI,debt_guardrail,0.25,high,r4,2034,0.27505948842901173,2.201342936520471,90.07946904532008,32.461724966750694,1499.3219713047235,,,,,False,frontier_exceeds_one;ai_rent_capture_impossible,False,1e-09
pilot_per_tierA_baseline_pilot_v2,deterministic-engine-v1,baseline-pilot-v2,v0.1.2-pilot-per,PER,UBI,baseline,0.5,high,r4,2034,0.3213473071114766,2.5717913921820243,105.23830669893762,35.71545973427163,1751.9692655316824,,,,,False,frontier_exceeds_one;ai_rent_capture_impossible,False,1e-09
pilot_per_tierA_baseline_pilot_v2,deterministic-engine-v1,baseline-pilot-v2,v0.1.2-pilot-per,PER,UBI,debt_guardrail,0.5,high,r4,2034,0.328454278530514,2.6286695657826002,107.56577489719388,36.18787448230668,1790.7604021692866,,,,,False,frontier_exceeds_one;ai_rent_capture_impossible,False,1e-09
pilot_per_tierA_baseline_pilot_v2,deterministic-engine-v1,baseline-pilot-v2,v0.1.2-pilot-per,PER,PEN,baseline,0.0,stress,r0,2034,0.006601933931990545,0.07263829613083927,0.5457013162111509,0.4691182434236564,4.548135299654652,0.6472232472788382,1.8991724841049604,,0.643284159022718,False,adoption_ceiling;use_ceiling;ai_rent_capture_impossible,False,1e-09
pilot_per_tierA_baseline_pilot_v2,deterministic-engine-v1,baseline-pilot-v2,v0.1.2-pilot-per,PER,PEN,debt_guardrail,0.0,stress,r0,2034,0.013708905351027971,0.15083330684246588,1.1331479186151856,0.9431850132995955,10.422601323694996,1.3012737750539198,4.079340910021899,,1.2933540467949578,False,adoption_ceiling;use_ceiling;exposure_ceiling_impossible;ai_rent_capture_impossible,False,1e-09
pilot_per_tierA_baseline_pilot_v2,deterministic-engine-v1,baseline-pilot-v2,v0.1.2-pilot-per,PER,PEN,baseline,0.05,stress,r0,2034,0.006880626195092535,0.07570462962419378,0.5687374047814536,0.488285595950684,4.778496185357678,0.6736676594017005,1.9873205245145014,,0.6695676268755619,False,adoption_ceiling;use_ceiling;ai_rent_capture_impossible,False,1e-09
pilot_per_tierA_baseline_pilot_v2,deterministic-engine-v1,baseline-pilot-v2,v0.1.2-pilot-per,PER,PEN,debt_guardrail,0.05,stress,r0,2034,0.013987597614129961,0.15389964033582035,1.1561840071854883,0.9611777321431765,10.652962209398025,1.3260975931393606,4.162086970306701,,1.3180267837649529,False,adoption_ceiling;use_ceiling;exposure_ceiling_impossible;ai_rent_capture_impossible,False,1e-09
pilot_per_tierA_baseline_pilot_v2,deterministic-engine-v1,baseline-pilot-v2,v0.1.2-pilot-per,PER,PEN,baseline,0.1,stress,r0,2034,0.007159318458194525,0.07877096311754828,0.5917734933517562,0.507403837919262,5.008857071060704,0.7000443156962399,2.075242712162966,,0.6957837512712214,False,adoption_ceiling;use_ceiling;ai_rent_capture_impossible,False,1e-09
pilot_per_tierA_baseline_pilot_v2,deterministic-engine-v1,baseline-pilot-v2,v0.1.2-pilot-per,PER,PEN,debt_guardrail,0.1,stress,r0,2034,0.014266289877231952,0.15696597382917485,1.179220095755791,0.9791274704178167,10.883323095101051,1.350862112692219,4.244635368816229,,1.3426405831012573,False,adoption_ceiling;use_ceiling;exposure_ceiling_impossible;ai_rent_capture_impossible,False,1e-09
pilot_per_tierA_baseline_pilot_v2,deterministic-engine-v1,baseline-pilot-v2,v0.1.2-pilot-per,PER,PEN,baseline,0.25,stress,r0,2034,0.007995395247500496,0.08796996359761176,0.6608817590626641,0.5644665385184378,5.699939728169783,0.7787713892114947,2.3376662905471486,,0.774031681165558,False,adoption_ceiling;use_ceiling;ai_rent_capture_impossible,False,1e-09
pilot_per_tierA_baseline_pilot_v2,deterministic-engine-v1,baseline-pilot-v2,v0.1.2-pilot-per,PER,PEN,debt_guardrail,0.25,stress,r0,2034,0.015102366666537923,0.16616497430923835,1.248328361466699,1.0327209553305194,11.57440575221013,,,,,False,frontier_exceeds_one;ai_rent_capture_impossible,False,1e-09
pilot_per_tierA_baseline_pilot_v2,deterministic-engine-v1,baseline-pilot-v2,v0.1.2-pilot-per,PER,PEN,baseline,0.5,stress,r0,2034,0.009388856563010447,0.10330163106438423,0.7760622019141772,0.6586131295888703,6.851744156684913,0.9086615892648658,2.770633624058386,,0.903131351887704,False,adoption_ceiling;use_ceiling;ai_rent_capture_impossible,False,1e-09
pilot_per_tierA_baseline_pilot_v2,deterministic-engine-v1,baseline-pilot-v2,v0.1.2-pilot-per,PER,PEN,debt_guardrail,0.5,stress,r0,2034,0.01649582798204787,0.18149664177601077,1.3635088043182118,1.1212036739222109,12.726210180725259,,,,,False,frontier_exceeds_one;ai_rent_capture_impossible,False,1e-09
pilot_per_tierA_baseline_pilot_v2,deterministic-engine-v1,baseline-pilot-v2,v0.1.2-pilot-per,PER,GMI,baseline,0.0,stress,r0,2034,0.045465181376125464,0.5002342256771997,3.7580517427640787,2.759733602773628,36.67163956518392,,,,,False,frontier_exceeds_one;ai_rent_capture_impossible,False,1e-09
pilot_per_tierA_baseline_pilot_v2,deterministic-engine-v1,baseline-pilot-v2,v0.1.2-pilot-per,PER,GMI,debt_guardrail,0.0,stress,r0,2034,0.05257215279516289,0.5784292363888263,4.345498345168114,3.1133795246979217,42.546105589224275,,,,,False,frontier_exceeds_one;ai_rent_capture_impossible,False,1e-09
pilot_per_tierA_baseline_pilot_v2,deterministic-engine-v1,baseline-pilot-v2,v0.1.2-pilot-per,PER,GMI,baseline,0.05,stress,r0,2034,0.04755558740859928,0.5232340820806012,3.9308401007040303,2.8654428903090223,38.39952314458344,,,,,False,frontier_exceeds_one;ai_rent_capture_impossible,False,1e-09
pilot_per_tierA_baseline_pilot_v2,deterministic-engine-v1,baseline-pilot-v2,v0.1.2-pilot-per,PER,GMI,debt_guardrail,0.05,stress,r0,2034,0.05466255882763671,0.6014290927922278,4.518286703108065,3.2143978914824256,44.273989168623785,,,,,False,frontier_exceeds_one;ai_rent_capture_impossible,False,1e-09
pilot_per_tierA_baseline_pilot_v2,deterministic-engine-v1,baseline-pilot-v2,v0.1.2-pilot-per,PER,GMI,baseline,0.1,stress,r0,2034,0.049645993441073094,0.5462339384840025,4.103628458643981,2.9697252883640086,40.12740672398295,,,,,False,frontier_exceeds_one;ai_rent_capture_impossible,False,1e-09
pilot_per_tierA_baseline_pilot_v2,deterministic-engine-v1,baseline-pilot-v2,v0.1.2-pilot-per,PER,GMI,debt_guardrail,0.1,stress,r0,2034,0.05675296486011052,0.6244289491956291,4.691075061048015,3.314118846061216,46.00187274802329,,,,,False,frontier_exceeds_one;ai_rent_capture_impossible,False,1e-09
pilot_per_tierA_baseline_pilot_v2,deterministic-engine-v1,baseline-pilot-v2,v0.1.2-pilot-per,PER,GMI,baseline,0.25,stress,r0,2034,0.05591721153849453,0.6152335076942066,4.621993532463833,3.274403391888565,45.311057462181466,,,,,False,frontier_exceeds_one;ai_rent_capture_impossible,False,1e-09
pilot_per_tierA_baseline_pilot_v2,deterministic-engine-v1,baseline-pilot-v2,v0.1.2-pilot-per,PER,GMI,debt_guardrail,0.25,stress,r0,2034,0.06302418295753195,0.6934285184058332,5.209440134867868,3.605837166607178,51.18552348622182,,,,,False,frontier_exceeds_one;ai_rent_capture_impossible,False,1e-09
pilot_per_tierA_baseline_pilot_v2,deterministic-engine-v1,baseline-pilot-v2,v0.1.2-pilot-per,PER,GMI,baseline,0.5,stress,r0,2034,0.0663692417008636,0.7302327897112136,5.485935322163588,3.757091055451421,53.950475359179016,,,,,False,frontier_exceeds_one;ai_rent_capture_impossible,False,1e-09
pilot_per_tierA_baseline_pilot_v2,deterministic-engine-v1,baseline-pilot-v2,v0.1.2-pilot-per,PER,GMI,debt_guardrail,0.5,stress,r0,2034,0.07347621311990102,0.8084278004228401,6.073381924567622,4.069066356505188,59.82494138321936,,,,,False,frontier_exceeds_one;ai_rent_capture_impossible,False,1e-09
pilot_per_tierA_baseline_pilot_v2,deterministic-engine-v1,baseline-pilot-v2,v0.1.2-pilot-per,PER,MUT,baseline,0.0,stress,r0,2034,0.05435609552022147,0.5980572062046634,4.492955121188326,3.1996701346813192,44.0206733494264,,,,,False,frontier_exceeds_one;ai_rent_capture_impossible,False,1e-09
pilot_per_tierA_baseline_pilot_v2,deterministic-engine-v1,baseline-pilot-v2,v0.1.2-pilot-per,PER,MUT,debt_guardrail,0.0,stress,r0,2034,0.0614630669392589,0.67625221691629,5.080401723592361,3.534232928507557,49.895139373466755,,,,,False,frontier_exceeds_one;ai_rent_capture_impossible,False,1e-09
pilot_per_tierA_baseline_pilot_v2,deterministic-engine-v1,baseline-pilot-v2,v0.1.2-pilot-per,PER,MUT,baseline,0.05,stress,r0,2034,0.05702583502529659,0.6274312245998122,4.713629907829389,3.327041975493701,46.227421215837026,,,,,False,frontier_exceeds_one;ai_rent_capture_impossible,False,1e-09
pilot_per_tierA_baseline_pilot_v2,deterministic-engine-v1,baseline-pilot-v2,v0.1.2-pilot-per,PER,MUT,debt_guardrail,0.05,stress,r0,2034,0.06413280644433401,0.7056262353114388,5.301076510233423,3.6562909265182184,52.101887239877364,,,,,False,frontier_exceeds_one;ai_rent_capture_impossible,False,1e-09
pilot_per_tierA_baseline_pilot_v2,deterministic-engine-v1,baseline-pilot-v2,v0.1.2-pilot-per,PER,MUT,baseline,0.1,stress,r0,2034,0.0596955745303717,0.6568052429949608,4.934304694470449,3.452361293816749,48.43416908224763,,,,,False,frontier_exceeds_one;ai_rent_capture_impossible,False,1e-09
pilot_per_tierA_baseline_pilot_v2,deterministic-engine-v1,baseline-pilot-v2,v0.1.2-pilot-per,PER,MUT,debt_guardrail,0.1,stress,r0,2034,0.06680254594940913,0.7350002537065874,5.521751296874484,3.7764715203570076,54.30863510628798,,,,,False,frontier_exceeds_one;ai_rent_capture_impossible,False,1e-09
pilot_per_tierA_baseline_pilot_v2,deterministic-engine-v1,baseline-pilot-v2,v0.1.2-pilot-per,PER,MUT,baseline,0.25,stress,r0,2034,0.06770479304559703,0.7449272981804066,5.596329054393632,3.8166731380800982,55.054412681479455,,,,,False,frontier_exceeds_one;ai_rent_capture_impossible,False,1e-09
pilot_per_tierA_baseline_pilot_v2,deterministic-engine-v1,baseline-pilot-v2,v0.1.2-pilot-per,PER,MUT,debt_guardrail,0.25,stress,r0,2034,0.07481176446463444,0.8231223088920331,6.183775656797666,4.126334089329532,60.9288787055198,,,,,False,frontier_exceeds_one;ai_rent_capture_impossible,False,1e-09
pilot_per_tierA_baseline_pilot_v2,deterministic-engine-v1,baseline-pilot-v2,v0.1.2-pilot-per,PER,MUT,baseline,0.5,stress,r0,2034,0.0810534905709726,0.8917973901561499,6.699702987598938,4.388588461040028,66.08815201353252,,,,,False,frontier_exceeds_one;ai_rent_capture_impossible,False,1e-09
pilot_per_tierA_baseline_pilot_v2,deterministic-engine-v1,baseline-pilot-v2,v0.1.2-pilot-per,PER,MUT,debt_guardrail,0.5,stress,r0,2034,0.08816046199001001,0.9699924008677764,7.287149590002972,4.676962240358778,71.96261803757285,,,,,False,frontier_exceeds_one;ai_rent_capture_impossible,False,1e-09
pilot_per_tierA_baseline_pilot_v2,deterministic-engine-v1,baseline-pilot-v2,v0.1.2-pilot-per,PER,PBI,baseline,0.0,stress,r0,2034,0.08055582015021372,0.8863217323002793,6.658566646877396,4.367995242971629,65.67678860631709,,,,,False,frontier_exceeds_one;ai_rent_capture_impossible,False,1e-09
pilot_per_tierA_baseline_pilot_v2,deterministic-engine-v1,baseline-pilot-v2,v0.1.2-pilot-per,PER,PBI,debt_guardrail,0.0,stress,r0,2034,0.08766279156925114,0.9645167430119058,7.24601324928143,4.6571071998565925,71.55125463035743,,,,,False,frontier_exceeds_one;ai_rent_capture_impossible,False,1e-09
pilot_per_tierA_baseline_pilot_v2,deterministic-engine-v1,baseline-pilot-v2,v0.1.2-pilot-per,PER,PBI,baseline,0.05,stress,r0,2034,0.08454054588678844,0.9301639898925514,6.9879352987890115,4.5313936067736815,68.97047512543325,,,,,False,frontier_exceeds_one;ai_rent_capture_impossible,False,1e-09
pilot_per_tierA_baseline_pilot_v2,deterministic-engine-v1,baseline-pilot-v2,v0.1.2-pilot-per,PER,PBI,debt_guardrail,0.05,stress,r0,2034,0.09164751730582588,1.008359000604178,7.5753819011930466,4.8147046681128325,74.8449411494736,,,,,False,frontier_exceeds_one;ai_rent_capture_impossible,False,1e-09
pilot_per_tierA_baseline_pilot_v2,deterministic-engine-v1,baseline-pilot-v2,v0.1.2-pilot-per,PER,PBI,baseline,0.1,stress,r0,2034,0.08852527162336317,0.9740062474848237,7.317303950700627,4.69148514735333,72.2641616445494,,,,,False,frontier_exceeds_one;ai_rent_capture_impossible,False,1e-09
pilot_per_tierA_baseline_pilot_v2,deterministic-engine-v1,baseline-pilot-v2,v0.1.2-pilot-per,PER,PBI,debt_guardrail,0.1,stress,r0,2034,0.09563224304240059,1.0522012581964502,7.904750553104661,4.96923570281974,78.13862766858975,,,,,False,frontier_exceeds_one;ai_rent_capture_impossible,False,1e-09
pilot_per_tierA_baseline_pilot_v2,deterministic-engine-v1,baseline-pilot-v2,v0.1.2-pilot-per,PER,PBI,baseline,0.25,stress,r0,2034,0.10047944883308733,1.10553302026164,8.305409906435472,5.153258225285921,82.14522120189785,,,,,False,frontier_exceeds_one;ai_rent_capture_impossible,False,1e-09
pilot_per_tierA_baseline_pilot_v2,deterministic-engine-v1,baseline-pilot-v2,v0.1.2-pilot-per,PER,PBI,debt_guardrail,0.25,stress,r0,2034,0.10758642025212475,1.1837280309732665,8.892856508839506,5.415626724647554,88.0196872259382,,,,,False,frontier_exceeds_one;ai_rent_capture_impossible,False,1e-09
pilot_per_tierA_baseline_pilot_v2,deterministic-engine-v1,baseline-pilot-v2,v0.1.2-pilot-per,PER,PBI,baseline,0.5,stress,r0,2034,0.12040307751596097,1.3247443082230008,9.952253165993548,5.868107002177585,98.61365379747862,,,,,False,frontier_exceeds_one;ai_rent_capture_impossible,False,1e-09
pilot_per_tierA_baseline_pilot_v2,deterministic-engine-v1,baseline-pilot-v2,v0.1.2-pilot-per,PER,PBI,debt_guardrail,0.5,stress,r0,2034,0.1275100489349984,1.4029393189346273,10.539699768397584,6.108468598211387,104.48811982151898,,,,,False,frontier_exceeds_one;ai_rent_capture_impossible,False,1e-09
pilot_per_tierA_baseline_pilot_v2,deterministic-engine-v1,baseline-pilot-v2,v0.1.2-pilot-per,PER,UBI,baseline,0.0,stress,r0,2034,0.21457272690847207,2.3608532650189544,17.7361089497702,8.591510684674605,176.45221163524513,,,,,False,frontier_exceeds_one;ai_rent_capture_impossible,False,1e-09
pilot_per_tierA_baseline_pilot_v2,deterministic-engine-v1,baseline-pilot-v2,v0.1.2-pilot-per,PER,UBI,debt_guardrail,0.0,stress,r0,2034,0.2216796983275095,2.439048275730581,18.323555552174234,8.764802793584119,182.32667765928548,,,,,False,frontier_exceeds_one;ai_rent_capture_impossible,False,1e-09
pilot_per_tierA_baseline_pilot_v2,deterministic-engine-v1,baseline-pilot-v2,v0.1.2-pilot-per,PER,UBI,baseline,0.05,stress,r0,2034,0.22525168492877254,2.478349338599549,18.618808096334444,8.850564924304855,185.2792031008876,,,,,False,frontier_exceeds_one;ai_rent_capture_impossible,False,1e-09
pilot_per_tierA_baseline_pilot_v2,deterministic-engine-v1,baseline-pilot-v2,v0.1.2-pilot-per,PER,UBI,debt_guardrail,0.05,stress,r0,2034,0.23235865634780997,2.5565443493111757,19.20625469873848,9.018638054616549,191.15366912492794,,,,,False,frontier_exceeds_one;ai_rent_capture_impossible,False,1e-09
pilot_per_tierA_baseline_pilot_v2,deterministic-engine-v1,baseline-pilot-v2,v0.1.2-pilot-per,PER,UBI,baseline,0.1,stress,r0,2034,0.23593064294907298,2.5958454121801435,19.50150724289869,9.101859971407903,194.10619456653004,,,,,False,frontier_exceeds_one;ai_rent_capture_impossible,False,1e-09
pilot_per_tierA_baseline_pilot_v2,deterministic-engine-v1,baseline-pilot-v2,v0.1.2-pilot-per,PER,UBI,debt_guardrail,0.1,stress,r0,2034,0.24303761436811042,2.6740404228917702,20.088953845302726,9.265035214779395,199.9806605905704,,,,,False,frontier_exceeds_one;ai_rent_capture_impossible,False,1e-09
pilot_per_tierA_baseline_pilot_v2,deterministic-engine-v1,baseline-pilot-v2,v0.1.2-pilot-per,PER,UBI,baseline,0.25,stress,r0,2034,0.26796751700997434,2.9483336329219276,22.149604682591423,9.813728859759513,220.58716896345737,,,,,False,frontier_exceeds_one;ai_rent_capture_impossible,False,1e-09
pilot_per_tierA_baseline_pilot_v2,deterministic-engine-v1,baseline-pilot-v2,v0.1.2-pilot-per,PER,UBI,debt_guardrail,0.25,stress,r0,2034,0.2750744884290118,3.0265286436335543,22.73705128499546,9.963861737196824,226.46163498749775,,,,,False,frontier_exceeds_one;ai_rent_capture_impossible,False,1e-09
pilot_per_tierA_baseline_pilot_v2,deterministic-engine-v1,baseline-pilot-v2,v0.1.2-pilot-per,PER,UBI,baseline,0.5,stress,r0,2034,0.3213623071114766,3.535814000824901,26.563100415412652,10.881987410860946,264.72212629166967,,,,,False,frontier_exceeds_one;ai_rent_capture_impossible,False,1e-09
pilot_per_tierA_baseline_pilot_v2,deterministic-engine-v1,baseline-pilot-v2,v0.1.2-pilot-per,PER,UBI,debt_guardrail,0.5,stress,r0,2034,0.32846927853051405,3.6140090115365275,27.150547017816685,11.014651199723717,270.59659231571,,,,,False,frontier_exceeds_one;ai_rent_capture_impossible,False,1e-09
pilot_per_tierA_baseline_pilot_v2,deterministic-engine-v1,baseline-pilot-v2,v0.1.2-pilot-per,PER,PEN,baseline,0.0,stress,r1,2034,0.0065819339319905445,0.06856457974558963,0.5440481602667484,0.443577417406189,4.480520357894606,0.6119856145274271,1.7817137082669232,,0.6082609872717634,False,use_ceiling;ai_rent_capture_impossible,False,1e-09
pilot_per_tierA_baseline_pilot_v2,deterministic-engine-v1,baseline-pilot-v2,v0.1.2-pilot-per,PER,PEN,debt_guardrail,0.0,stress,r1,2034,0.013688905351027972,0.14259852077952068,1.1314947626707832,0.894650307446767,10.354986381934953,1.23431242700002,3.8561364165088996,,1.2268002345649558,False,adoption_ceiling;use_ceiling;exposure_ceiling_impossible;ai_rent_capture_impossible,False,1e-09
pilot_per_tierA_baseline_pilot_v2,deterministic-engine-v1,baseline-pilot-v2,v0.1.2-pilot-per,PER,PEN,baseline,0.05,stress,r1,2034,0.006860626195092535,0.07146774135361816,0.567084248837051,0.4617882112328935,4.7108812435976315,0.6371103017453821,1.8654626656601068,,0.6332327622440257,False,use_ceiling;ai_rent_capture_impossible,False,1e-09
pilot_per_tierA_baseline_pilot_v2,deterministic-engine-v1,baseline-pilot-v2,v0.1.2-pilot-per,PER,PEN,debt_guardrail,0.05,stress,r1,2034,0.01396759761412996,0.1455016823875492,1.1545308512410857,0.911796970458969,10.585347267637978,1.257968976468035,3.934991581402283,,1.250312807072258,False,adoption_ceiling;use_ceiling;exposure_ceiling_impossible;ai_rent_capture_impossible,False,1e-09
pilot_per_tierA_baseline_pilot_v2,deterministic-engine-v1,baseline-pilot-v2,v0.1.2-pilot-per,PER,PEN,baseline,0.1,stress,r1,2034,0.007139318458194525,0.0743709029616467,0.5901203374073537,0.47995465084963385,4.941242129300659,0.662173795274432,1.949007644090273,,0.6581437159604526,False,adoption_ceiling;use_ceiling;ai_rent_capture_impossible,False,1e-09
pilot_per_tierA_baseline_pilot_v2,deterministic-engine-v1,baseline-pilot-v2,v0.1.2-pilot-per,PER,PEN,debt_guardrail,0.1,stress,r1,2034,0.014246289877231953,0.14840484399557777,1.1775669398113884,0.9289045671005437,10.815708153341005,1.281571627662746,4.013667085384653,,1.27377180933844,False,adoption_ceiling;use_ceiling;exposure_ceiling_impossible;ai_rent_capture_impossible,False,1e-09
pilot_per_tierA_baseline_pilot_v2,deterministic-engine-v1,baseline-pilot-v2,v0.1.2-pilot-per,PER,PEN,baseline,0.25,stress,r1,2034,0.007975395247500495,0.0830803877857323,0.6592286031182615,0.5341901100426943,5.632324786409737,0.7370002394874028,2.198429124800176,,0.7325147563101808,False,adoption_ceiling;use_ceiling;ai_rent_capture_impossible,False,1e-09
pilot_per_tierA_baseline_pilot_v2,deterministic-engine-v1,baseline-pilot-v2,v0.1.2-pilot-per,PER,PEN,debt_guardrail,0.25,stress,r1,2034,0.015082366666537922,0.15711432881966336,1.2466752055222963,0.9799948262728516,11.506790810450084,1.352058768080874,4.248624220111746,,1.343829955483314,False,adoption_ceiling;use_ceiling;exposure_ceiling_impossible;ai_rent_capture_impossible,False,1e-09
pilot_per_tierA_baseline_pilot_v2,deterministic-engine-v1,baseline-pilot-v2,v0.1.2-pilot-per,PER,PEN,baseline,0.5,stress,r1,2034,0.009368856563010446,0.09759619582587498,0.7744090459697746,0.6237163415561023,6.784129214924867,0.8605159184842287,2.6101480547895957,,0.8552787021733824,False,adoption_ceiling;use_ceiling;ai_rent_capture_impossible,False,1e-09
pilot_per_tierA_baseline_pilot_v2,deterministic-engine-v1,baseline-pilot-v2,v0.1.2-pilot-per,PER,PEN,debt_guardrail,0.5,stress,r1,2034,0.016475827982047872,0.17163013685980602,1.3618556483738093,1.0643811583702196,12.658595238965216,,,,,False,frontier_exceeds_one;ai_rent_capture_impossible,False,1e-09
pilot_per_tierA_baseline_pilot_v2,deterministic-engine-v1,baseline-pilot-v2,v0.1.2-pilot-per,PER,GMI,baseline,0.0,stress,r1,2034,0.04541518137612546,0.4730939048156104,3.7539188529030723,2.6331018925973138,36.57922728425785,,,,,False,frontier_exceeds_one;ai_rent_capture_impossible,False,1e-09
pilot_per_tierA_baseline_pilot_v2,deterministic-engine-v1,baseline-pilot-v2,v0.1.2-pilot-per,PER,GMI,debt_guardrail,0.0,stress,r1,2034,0.05252215279516289,0.5471278458495414,4.341365455307107,2.9737500542089057,42.45369330829819,,,,,False,frontier_exceeds_one;ai_rent_capture_impossible,False,1e-09
pilot_per_tierA_baseline_pilot_v2,deterministic-engine-v1,baseline-pilot-v2,v0.1.2-pilot-per,PER,GMI,baseline,0.05,stress,r1,2034,0.04750558740859928,0.4948698467492705,3.926707210843024,2.7348688093148787,38.307110863657364,,,,,False,frontier_exceeds_one;ai_rent_capture_impossible,False,1e-09
pilot_per_tierA_baseline_pilot_v2,deterministic-engine-v1,baseline-pilot-v2,v0.1.2-pilot-per,PER,GMI,debt_guardrail,0.05,stress,r1,2034,0.05461255882763671,0.5689037877832015,4.5141538132470584,3.0711541142203846,44.18157688769771,,,,,False,frontier_exceeds_one;ai_rent_capture_impossible,False,1e-09
pilot_per_tierA_baseline_pilot_v2,deterministic-engine-v1,baseline-pilot-v2,v0.1.2-pilot-per,PER,GMI,baseline,0.1,stress,r1,2034,0.04959599344107309,0.5166457886829304,4.099495568782975,2.835310160985131,40.03499444305687,,,,,False,frontier_exceeds_one;ai_rent_capture_impossible,False,1e-09
pilot_per_tierA_baseline_pilot_v2,deterministic-engine-v1,baseline-pilot-v2,v0.1.2-pilot-per,PER,GMI,debt_guardrail,0.1,stress,r1,2034,0.05670296486011052,0.5906797297168614,4.686942171187009,3.1673489395978085,45.90946046709721,,,,,False,frontier_exceeds_one;ai_rent_capture_impossible,False,1e-09
pilot_per_tierA_baseline_pilot_v2,deterministic-engine-v1,baseline-pilot-v2,v0.1.2-pilot-per,PER,GMI,baseline,0.25,stress,r1,2034,0.05586721153849453,0.5819736144839103,4.617860642602826,3.129032890566539,45.21864518125538,,,,,False,frontier_exceeds_one;ai_rent_capture_impossible,False,1e-09
pilot_per_tierA_baseline_pilot_v2,deterministic-engine-v1,baseline-pilot-v2,v0.1.2-pilot-per,PER,GMI,debt_guardrail,0.25,stress,r1,2034,0.06297418295753196,0.6560075555178414,5.205307245006862,3.4489846028769406,51.09311120529574,,,,,False,frontier_exceeds_one;ai_rent_capture_impossible,False,1e-09
pilot_per_tierA_baseline_pilot_v2,deterministic-engine-v1,baseline-pilot-v2,v0.1.2-pilot-per,PER,GMI,baseline,0.5,stress,r1,2034,0.0663192417008636,0.6908533241522102,5.481802432302582,3.5951435174407993,53.85806307825295,,,,,False,frontier_exceeds_one;ai_rent_capture_impossible,False,1e-09
pilot_per_tierA_baseline_pilot_v2,deterministic-engine-v1,baseline-pilot-v2,v0.1.2-pilot-per,PER,GMI,debt_guardrail,0.5,stress,r1,2034,0.07342621311990102,0.7648872651861413,6.069249034706616,3.896885961723909,59.732529102293284,,,,,False,frontier_exceeds_one;ai_rent_capture_impossible,False,1e-09
pilot_per_tierA_baseline_pilot_v2,deterministic-engine-v1,baseline-pilot-v2,v0.1.2-pilot-per,PER,MUT,baseline,0.0,stress,r1,2034,0.054343595520221465,0.5661019735549732,4.491921898723074,3.0586900217213864,43.959257742457865,,,,,False,frontier_exceeds_one;ai_rent_capture_impossible,False,1e-09
pilot_per_tierA_baseline_pilot_v2,deterministic-engine-v1,baseline-pilot-v2,v0.1.2-pilot-per,PER,MUT,debt_guardrail,0.0,stress,r1,2034,0.06145056693925889,0.6401359145889042,5.079368501127109,3.3814921921943464,49.83372376649822,,,,,False,frontier_exceeds_one;ai_rent_capture_impossible,False,1e-09
pilot_per_tierA_baseline_pilot_v2,deterministic-engine-v1,baseline-pilot-v2,v0.1.2-pilot-per,PER,MUT,baseline,0.05,stress,r1,2034,0.05701333502529658,0.593912882793364,4.712596685364137,3.181530160979209,46.16600560886849,,,,,False,frontier_exceeds_one;ai_rent_capture_impossible,False,1e-09
pilot_per_tierA_baseline_pilot_v2,deterministic-engine-v1,baseline-pilot-v2,v0.1.2-pilot-per,PER,MUT,debt_guardrail,0.05,stress,r1,2034,0.064120306444334,0.667946823827295,5.300043287768171,3.4993724144924747,52.040471632908826,,,,,False,frontier_exceeds_one;ai_rent_capture_impossible,False,1e-09
pilot_per_tierA_baseline_pilot_v2,deterministic-engine-v1,baseline-pilot-v2,v0.1.2-pilot-per,PER,MUT,baseline,0.1,stress,r1,2034,0.059683074530371694,0.6217237920317548,4.933271472005197,3.3024562222034493,48.37275347527909,,,,,False,frontier_exceeds_one;ai_rent_capture_impossible,False,1e-09
pilot_per_tierA_baseline_pilot_v2,deterministic-engine-v1,baseline-pilot-v2,v0.1.2-pilot-per,PER,MUT,debt_guardrail,0.1,stress,r1,2034,0.06679004594940913,0.6957577330656859,5.520718074409232,3.6154967727266945,54.24721949931944,,,,,False,frontier_exceeds_one;ai_rent_capture_impossible,False,1e-09
pilot_per_tierA_baseline_pilot_v2,deterministic-engine-v1,baseline-pilot-v2,v0.1.2-pilot-per,PER,MUT,baseline,0.25,stress,r1,2034,0.06769229304559703,0.7051565197469271,5.5952958319283805,3.6543540495364697,54.992997074510924,,,,,False,frontier_exceeds_one;ai_rent_capture_impossible,False,1e-09
pilot_per_tierA_baseline_pilot_v2,deterministic-engine-v1,baseline-pilot-v2,v0.1.2-pilot-per,PER,MUT,debt_guardrail,0.25,stress,r1,2034,0.07479926446463445,0.779190460780858,6.182742434332415,3.953865367597716,60.86746309855127,,,,,False,frontier_exceeds_one;ai_rent_capture_impossible,False,1e-09
pilot_per_tierA_baseline_pilot_v2,deterministic-engine-v1,baseline-pilot-v2,v0.1.2-pilot-per,PER,MUT,baseline,0.5,stress,r1,2034,0.0810409905709726,0.844211065938881,6.698669765133687,4.207799914680045,66.02673640656398,,,,,False,frontier_exceeds_one;ai_rent_capture_impossible,False,1e-09
pilot_per_tierA_baseline_pilot_v2,deterministic-engine-v1,baseline-pilot-v2,v0.1.2-pilot-per,PER,MUT,debt_guardrail,0.5,stress,r1,2034,0.08814796199001002,0.918245006972812,7.286116367537721,4.487305340337425,71.90120243060433,,,,,False,frontier_exceeds_one;ai_rent_capture_impossible,False,1e-09
pilot_per_tierA_baseline_pilot_v2,deterministic-engine-v1,baseline-pilot-v2,v0.1.2-pilot-per,PER,PBI,baseline,0.0,stress,r1,2034,0.0805433201502137,0.8390267897666003,6.657533424412144,4.187851089608727,65.61537299934855,,,,,False,frontier_exceeds_one;ai_rent_capture_impossible,False,1e-09
pilot_per_tierA_baseline_pilot_v2,deterministic-engine-v1,baseline-pilot-v2,v0.1.2-pilot-per,PER,PBI,debt_guardrail,0.0,stress,r1,2034,0.08765029156925114,0.9130607308005314,7.244980026816179,4.468051739515787,71.48983902338891,,,,,False,frontier_exceeds_one;ai_rent_capture_impossible,False,1e-09
pilot_per_tierA_baseline_pilot_v2,deterministic-engine-v1,baseline-pilot-v2,v0.1.2-pilot-per,PER,PBI,baseline,0.05,stress,r1,2034,0.08452804588678843,0.8805360252515962,6.986902076323759,4.346177432226427,68.9090595184647,,,,,False,frontier_exceeds_one;ai_rent_capture_impossible,False,1e-09
pilot_per_tierA_baseline_pilot_v2,deterministic-engine-v1,baseline-pilot-v2,v0.1.2-pilot-per,PER,PBI,debt_guardrail,0.05,stress,r1,2034,0.09163501730582585,0.9545699662855273,7.574348678727793,4.620911871667814,74.78352554250505,,,,,False,frontier_exceeds_one;ai_rent_capture_impossible,False,1e-09
pilot_per_tierA_baseline_pilot_v2,deterministic-engine-v1,baseline-pilot-v2,v0.1.2-pilot-per,PER,PBI,baseline,0.1,stress,r1,2034,0.08851277162336316,0.9220452607365923,7.316270728235374,4.501389171482091,72.20274603758085,,,,,False,frontier_exceeds_one;ai_rent_capture_impossible,False,1e-09
pilot_per_tierA_baseline_pilot_v2,deterministic-engine-v1,baseline-pilot-v2,v0.1.2-pilot-per,PER,PBI,debt_guardrail,0.1,stress,r1,2034,0.09561974304240059,0.9960792017705234,7.9037173306394095,4.770877771735298,78.07721206162121,,,,,False,frontier_exceeds_one;ai_rent_capture_impossible,False,1e-09
pilot_per_tierA_baseline_pilot_v2,deterministic-engine-v1,baseline-pilot-v2,v0.1.2-pilot-per,PER,PBI,baseline,0.25,stress,r1,2034,0.10046694883308732,1.0465729671915802,8.304376683970219,4.949564816995092,82.0838055949293,,,,,False,frontier_exceeds_one;ai_rent_capture_impossible,False,1e-09
pilot_per_tierA_baseline_pilot_v2,deterministic-engine-v1,baseline-pilot-v2,v0.1.2-pilot-per,PER,PBI,debt_guardrail,0.25,stress,r1,2034,0.10757392025212476,1.1206069082255112,8.891823286374255,5.204510495774162,87.95827161896966,,,,,False,frontier_exceeds_one;ai_rent_capture_impossible,False,1e-09
pilot_per_tierA_baseline_pilot_v2,deterministic-engine-v1,baseline-pilot-v2,v0.1.2-pilot-per,PER,PBI,baseline,0.5,stress,r1,2034,0.12039057751596095,1.2541191446165603,9.951219943528296,5.644676361910364,98.55223819051007,,,,,False,frontier_exceeds_one;ai_rent_capture_impossible,False,1e-09
pilot_per_tierA_baseline_pilot_v2,deterministic-engine-v1,baseline-pilot-v2,v0.1.2-pilot-per,PER,PBI,debt_guardrail,0.5,stress,r1,2034,0.12749754893499837,1.328153085650491,10.53866654593233,5.878735779802536,104.42670421455041,,,,,False,frontier_exceeds_one;ai_rent_capture_impossible,False,1e-09
pilot_per_tierA_baseline_pilot_v2,deterministic-engine-v1,baseline-pilot-v2,v0.1.2-pilot-per,PER,UBI,baseline,0.0,stress,r1,2034,0.21456522690847207,2.2351446798171235,17.735489016291048,8.305163327518608,176.3949289181376,,,,,False,frontier_exceeds_one;ai_rent_capture_impossible,False,1e-09
pilot_per_tierA_baseline_pilot_v2,deterministic-engine-v1,baseline-pilot-v2,v0.1.2-pilot-per,PER,UBI,debt_guardrail,0.0,stress,r1,2034,0.2216721983275095,2.3091786208510547,18.322935618695084,8.474989325487192,182.26939494217794,,,,,False,frontier_exceeds_one;ai_rent_capture_impossible,False,1e-09
pilot_per_tierA_baseline_pilot_v2,deterministic-engine-v1,baseline-pilot-v2,v0.1.2-pilot-per,PER,UBI,baseline,0.05,stress,r1,2034,0.22524418492877255,2.3463883167706867,18.618188162855294,8.559057027605418,185.22192038378003,,,,,False,frontier_exceeds_one;ai_rent_capture_impossible,False,1e-09
pilot_per_tierA_baseline_pilot_v2,deterministic-engine-v1,baseline-pilot-v2,v0.1.2-pilot-per,PER,UBI,debt_guardrail,0.05,stress,r1,2034,0.23235115634780998,2.420422257804618,19.20563476525933,8.723848906276759,191.0963864078204,,,,,False,frontier_exceeds_one;ai_rent_capture_impossible,False,1e-09
pilot_per_tierA_baseline_pilot_v2,deterministic-engine-v1,baseline-pilot-v2,v0.1.2-pilot-per,PER,UBI,baseline,0.1,stress,r1,2034,0.235923142949073,2.45763195372425,19.50088730941954,8.80546512038136,194.0489118494225,,,,,False,frontier_exceeds_one;ai_rent_capture_impossible,False,1e-09
pilot_per_tierA_baseline_pilot_v2,deterministic-engine-v1,baseline-pilot-v2,v0.1.2-pilot-per,PER,UBI,debt_guardrail,0.1,stress,r1,2034,0.24303011436811042,2.531665894758181,20.088333911823575,8.965527880074193,199.92337787346287,,,,,False,frontier_exceeds_one;ai_rent_capture_impossible,False,1e-09
pilot_per_tierA_baseline_pilot_v2,deterministic-engine-v1,baseline-pilot-v2,v0.1.2-pilot-per,PER,UBI,baseline,0.25,stress,r1,2034,0.26796001700997435,2.791362864584939,22.148984749112273,9.504091108903005,220.52988624634983,,,,,False,frontier_exceeds_one;ai_rent_capture_impossible,False,1e-09
pilot_per_tierA_baseline_pilot_v2,deterministic-engine-v1,baseline-pilot-v2,v0.1.2-pilot-per,PER,UBI,debt_guardrail,0.25,stress,r1,2034,0.2750669884290118,2.8653968056188703,22.73643135151631,9.651538693938944,226.4043522703902,,,,,False,frontier_exceeds_one;ai_rent_capture_impossible,False,1e-09
pilot_per_tierA_baseline_pilot_v2,deterministic-engine-v1,baseline-pilot-v2,v0.1.2-pilot-per,PER,UBI,baseline,0.5,stress,r1,2034,0.3213548071114766,3.347581049352755,26.562480481933502,10.553993414724125,264.6648435745621,,,,,False,frontier_exceeds_one;ai_rent_capture_impossible,False,1e-09
pilot_per_tierA_baseline_pilot_v2,deterministic-engine-v1,baseline-pilot-v2,v0.1.2-pilot-per,PER,UBI,debt_guardrail,0.5,stress,r1,2034,0.32846177853051406,3.421614990386686,27.149927084337534,10.684493749852145,270.5393095986024,,,,,False,frontier_exceeds_one;ai_rent_capture_impossible,False,1e-09
pilot_per_tierA_baseline_pilot_v2,deterministic-engine-v1,baseline-pilot-v2,v0.1.2-pilot-per,PER,PEN,baseline,0.0,stress,r2,2034,0.0065819339319905445,0.06547937385588362,0.5440481602667484,0.4241758363086221,4.435289655280051,0.5852180468283548,1.692488482603349,,0.5816563306112681,False,use_ceiling;ai_rent_capture_impossible,False,1e-09
pilot_per_tierA_baseline_pilot_v2,deterministic-engine-v1,baseline-pilot-v2,v0.1.2-pilot-per,PER,PEN,debt_guardrail,0.0,stress,r2,2034,0.013688905351027972,0.13618200371189235,1.1314947626707832,0.8566135205865744,10.309755679320398,1.1818346282981882,3.681210420836127,,1.17464182284609,False,adoption_ceiling;use_ceiling;exposure_ceiling_impossible;ai_rent_capture_impossible,False,1e-09
pilot_per_tierA_baseline_pilot_v2,deterministic-engine-v1,baseline-pilot-v2,v0.1.2-pilot-per,PER,PEN,baseline,0.05,stress,r2,2034,0.006860626195092535,0.0682519016683709,0.567084248837051,0.44161341204008636,4.665650540983076,0.6092759566735584,1.7726815154206943,,0.6055678207622007,False,use_ceiling;ai_rent_capture_impossible,False,1e-09
pilot_per_tierA_baseline_pilot_v2,deterministic-engine-v1,baseline-pilot-v2,v0.1.2-pilot-per,PER,PEN,debt_guardrail,0.05,stress,r2,2034,0.01396759761412996,0.1389545315243796,1.1545308512410857,0.873072583835812,10.540116565023423,1.2045425245037467,3.756903408187988,,1.197211515723041,False,adoption_ceiling;use_ceiling;exposure_ceiling_impossible;ai_rent_capture_impossible,False,1e-09
pilot_per_tierA_baseline_pilot_v2,deterministic-engine-v1,baseline-pilot-v2,v0.1.2-pilot-per,PER,PEN,baseline,0.1,stress,r2,2034,0.007139318458194525,0.07102442948085817,0.5901203374073537,0.45901030369761864,4.896011426686104,0.6332777363663906,1.8526874477301352,,0.6294235223764636,False,use_ceiling;ai_rent_capture_impossible,False,1e-09
pilot_per_tierA_baseline_pilot_v2,deterministic-engine-v1,baseline-pilot-v2,v0.1.2-pilot-per,PER,PEN,debt_guardrail,0.1,stress,r2,2034,0.014246289877231953,0.14172705933686688,1.1775669398113884,0.8894956272168207,10.77047745072645,1.227200725570725,3.832430745077916,,1.2197318159127482,False,adoption_ceiling;use_ceiling;exposure_ceiling_impossible;ai_rent_capture_impossible,False,1e-09
pilot_per_tierA_baseline_pilot_v2,deterministic-engine-v1,baseline-pilot-v2,v0.1.2-pilot-per,PER,PEN,baseline,0.25,stress,r2,2034,0.007975395247500495,0.07934201291831999,0.6592286031182615,0.5109588654771213,5.587094083795181,0.7049490417775077,2.0915917991005255,,0.7006586265259659,False,adoption_ceiling;use_ceiling;ai_rent_capture_impossible,False,1e-09
pilot_per_tierA_baseline_pilot_v2,deterministic-engine-v1,baseline-pilot-v2,v0.1.2-pilot-per,PER,PEN,debt_guardrail,0.25,stress,r2,2034,0.015082366666537922,0.1500446427743287,1.2466752055222963,0.9385502924419037,11.461560107835528,1.2948794402983814,4.058026460836771,,1.2869986288258732,False,adoption_ceiling;use_ceiling;exposure_ceiling_impossible;ai_rent_capture_impossible,False,1e-09
pilot_per_tierA_baseline_pilot_v2,deterministic-engine-v1,baseline-pilot-v2,v0.1.2-pilot-per,PER,PEN,baseline,0.5,stress,r2,2034,0.009368856563010446,0.09320465198075635,0.7744090459697746,0.5967444846343559,6.738898512310311,0.8233039509393218,2.486108162973239,,0.8182932116976062,False,adoption_ceiling;use_ceiling;ai_rent_capture_impossible,False,1e-09
pilot_per_tierA_baseline_pilot_v2,deterministic-engine-v1,baseline-pilot-v2,v0.1.2-pilot-per,PER,PEN,debt_guardrail,0.5,stress,r2,2034,0.016475827982047872,0.16390728183676503,1.3618556483738093,1.0196029383636869,12.613364536350659,,,,,False,frontier_exceeds_one;ai_rent_capture_impossible,False,1e-09
pilot_per_tierA_baseline_pilot_v2,deterministic-engine-v1,baseline-pilot-v2,v0.1.2-pilot-per,PER,GMI,baseline,0.0,stress,r2,2034,0.04541518137612546,0.4518060604659917,3.7539188529030723,2.532298751745382,36.53399658164329,,,,,False,frontier_exceeds_one;ai_rent_capture_impossible,False,1e-09
pilot_per_tierA_baseline_pilot_v2,deterministic-engine-v1,baseline-pilot-v2,v0.1.2-pilot-per,PER,GMI,debt_guardrail,0.0,stress,r2,2034,0.05252215279516289,0.5225086903220004,4.341365455307107,2.862130935051392,42.40846260568363,,,,,False,frontier_exceeds_one;ai_rent_capture_impossible,False,1e-09
pilot_per_tierA_baseline_pilot_v2,deterministic-engine-v1,baseline-pilot-v2,v0.1.2-pilot-per,PER,GMI,baseline,0.05,stress,r2,2034,0.04750558740859928,0.47260214859529814,3.926707210843024,2.6307881424309496,38.261880161042804,,,,,False,frontier_exceeds_one;ai_rent_capture_impossible,False,1e-09
pilot_per_tierA_baseline_pilot_v2,deterministic-engine-v1,baseline-pilot-v2,v0.1.2-pilot-per,PER,GMI,debt_guardrail,0.05,stress,r2,2034,0.05461255882763671,0.5433047784513069,4.5141538132470584,2.9565222261349358,44.13634618508315,,,,,False,frontier_exceeds_one;ai_rent_capture_impossible,False,1e-09
pilot_per_tierA_baseline_pilot_v2,deterministic-engine-v1,baseline-pilot-v2,v0.1.2-pilot-per,PER,GMI,baseline,0.1,stress,r2,2034,0.04959599344107309,0.4933982367246045,4.099495568782975,2.7280336143937056,39.989763740442314,,,,,False,frontier_exceeds_one;ai_rent_capture_impossible,False,1e-09
pilot_per_tierA_baseline_pilot_v2,deterministic-engine-v1,baseline-pilot-v2,v0.1.2-pilot-per,PER,GMI,debt_guardrail,0.1,stress,r2,2034,0.05670296486011052,0.5641008665806132,4.686942171187009,3.0497756475295046,45.86422976448265,,,,,False,frontier_exceeds_one;ai_rent_capture_impossible,False,1e-09
pilot_per_tierA_baseline_pilot_v2,deterministic-engine-v1,baseline-pilot-v2,v0.1.2-pilot-per,PER,GMI,baseline,0.25,stress,r2,2034,0.05586721153849453,0.5557865011125235,4.617860642602826,3.0126271971219616,45.17341447864082,,,,,False,frontier_exceeds_one;ai_rent_capture_impossible,False,1e-09
pilot_per_tierA_baseline_pilot_v2,deterministic-engine-v1,baseline-pilot-v2,v0.1.2-pilot-per,PER,GMI,debt_guardrail,0.25,stress,r2,2034,0.06297418295753196,0.6264891309685322,5.205307245006862,3.322989096955534,51.04788050268118,,,,,False,frontier_exceeds_one;ai_rent_capture_impossible,False,1e-09
pilot_per_tierA_baseline_pilot_v2,deterministic-engine-v1,baseline-pilot-v2,v0.1.2-pilot-per,PER,GMI,baseline,0.5,stress,r2,2034,0.0663192417008636,0.6597669417590553,5.481802432302582,3.4648856731008375,53.812832375638386,,,,,False,frontier_exceeds_one;ai_rent_capture_impossible,False,1e-09
pilot_per_tierA_baseline_pilot_v2,deterministic-engine-v1,baseline-pilot-v2,v0.1.2-pilot-per,PER,GMI,debt_guardrail,0.5,stress,r2,2034,0.07342621311990102,0.730469571615064,6.069249034706616,3.758054743385629,59.687298399678724,,,,,False,frontier_exceeds_one;ai_rent_capture_impossible,False,1e-09
pilot_per_tierA_baseline_pilot_v2,deterministic-engine-v1,baseline-pilot-v2,v0.1.2-pilot-per,PER,MUT,baseline,0.0,stress,r2,2034,0.054343595520221465,0.5406290376824487,4.491921898723074,2.944441714671228,43.914027039843305,,,,,False,frontier_exceeds_one;ai_rent_capture_impossible,False,1e-09
pilot_per_tierA_baseline_pilot_v2,deterministic-engine-v1,baseline-pilot-v2,v0.1.2-pilot-per,PER,MUT,debt_guardrail,0.0,stress,r2,2034,0.06145056693925889,0.6113316675384575,5.079368501127109,3.257489677443214,49.78849306388366,,,,,False,frontier_exceeds_one;ai_rent_capture_impossible,False,1e-09
pilot_per_tierA_baseline_pilot_v2,deterministic-engine-v1,baseline-pilot-v2,v0.1.2-pilot-per,PER,MUT,baseline,0.05,stress,r2,2034,0.05701333502529658,0.5671885372090214,4.712596685364137,3.06352606666679,46.12077490625393,,,,,False,frontier_exceeds_one;ai_rent_capture_impossible,False,1e-09
pilot_per_tierA_baseline_pilot_v2,deterministic-engine-v1,baseline-pilot-v2,v0.1.2-pilot-per,PER,MUT,debt_guardrail,0.05,stress,r2,2034,0.064120306444334,0.63789116706503,5.300043287768171,3.3718992459072243,51.995240930294266,,,,,False,frontier_exceeds_one;ai_rent_capture_impossible,False,1e-09
pilot_per_tierA_baseline_pilot_v2,deterministic-engine-v1,baseline-pilot-v2,v0.1.2-pilot-per,PER,MUT,baseline,0.1,stress,r2,2034,0.059683074530371694,0.593748036735594,4.933271472005197,3.180807741584785,48.32752277266453,,,,,False,frontier_exceeds_one;ai_rent_capture_impossible,False,1e-09
pilot_per_tierA_baseline_pilot_v2,deterministic-engine-v1,baseline-pilot-v2,v0.1.2-pilot-per,PER,MUT,debt_guardrail,0.1,stress,r2,2034,0.06679004594940913,0.6644506665916027,5.520718074409232,3.4846511298275433,54.20198879670488,,,,,False,frontier_exceeds_one;ai_rent_capture_impossible,False,1e-09
pilot_per_tierA_baseline_pilot_v2,deterministic-engine-v1,baseline-pilot-v2,v0.1.2-pilot-per,PER,MUT,baseline,0.25,stress,r2,2034,0.06769229304559703,0.6734265353153117,5.5952958319283805,3.5223900791153087,54.947766371896364,,,,,False,frontier_exceeds_one;ai_rent_capture_impossible,False,1e-09
pilot_per_tierA_baseline_pilot_v2,deterministic-engine-v1,baseline-pilot-v2,v0.1.2-pilot-per,PER,MUT,debt_guardrail,0.25,stress,r2,2034,0.07479926446463445,0.7441291651713203,6.182742434332415,3.8134485531628077,60.82223239593671,,,,,False,frontier_exceeds_one;ai_rent_capture_impossible,False,1e-09
pilot_per_tierA_baseline_pilot_v2,deterministic-engine-v1,baseline-pilot-v2,v0.1.2-pilot-per,PER,MUT,baseline,0.5,stress,r2,2034,0.0810409905709726,0.8062240329481748,6.698669765133687,4.060441701591134,65.98150570394942,,,,,False,frontier_exceeds_one;ai_rent_capture_impossible,False,1e-09
pilot_per_tierA_baseline_pilot_v2,deterministic-engine-v1,baseline-pilot-v2,v0.1.2-pilot-per,PER,MUT,debt_guardrail,0.5,stress,r2,2034,0.08814796199001002,0.8769266628041834,7.286116367537721,4.332535963310431,71.85597172798977,,,,,False,frontier_exceeds_one;ai_rent_capture_impossible,False,1e-09
pilot_per_tierA_baseline_pilot_v2,deterministic-engine-v1,baseline-pilot-v2,v0.1.2-pilot-per,PER,PBI,baseline,0.0,stress,r2,2034,0.0805433201502137,0.8012730340662958,6.657533424412144,4.041030902682741,65.57014229673399,,,,,False,frontier_exceeds_one;ai_rent_capture_impossible,False,1e-09
pilot_per_tierA_baseline_pilot_v2,deterministic-engine-v1,baseline-pilot-v2,v0.1.2-pilot-per,PER,PBI,debt_guardrail,0.0,stress,r2,2034,0.08765029156925114,0.8719756639223046,7.244980026816179,4.3137853676742965,71.44460832077435,,,,,False,frontier_exceeds_one;ai_rent_capture_impossible,False,1e-09
pilot_per_tierA_baseline_pilot_v2,deterministic-engine-v1,baseline-pilot-v2,v0.1.2-pilot-per,PER,PBI,baseline,0.05,stress,r2,2034,0.08452804588678843,0.8409144751555457,6.986902076323759,4.195120657312295,68.86382881585014,,,,,False,frontier_exceeds_one;ai_rent_capture_impossible,False,1e-09
pilot_per_tierA_baseline_pilot_v2,deterministic-engine-v1,baseline-pilot-v2,v0.1.2-pilot-per,PER,PBI,debt_guardrail,0.05,stress,r2,2034,0.09163501730582585,0.9116171050115544,7.574348678727793,4.462681977812691,74.73829483989049,,,,,False,frontier_exceeds_one;ai_rent_capture_impossible,False,1e-09
pilot_per_tierA_baseline_pilot_v2,deterministic-engine-v1,baseline-pilot-v2,v0.1.2-pilot-per,PER,PBI,baseline,0.1,stress,r2,2034,0.08851277162336316,0.8805559162447956,7.316270728235374,4.346252544282616,72.15751533496629,,,,,False,frontier_exceeds_one;ai_rent_capture_impossible,False,1e-09
pilot_per_tierA_baseline_pilot_v2,deterministic-engine-v1,baseline-pilot-v2,v0.1.2-pilot-per,PER,PBI,debt_guardrail,0.1,stress,r2,2034,0.09561974304240059,0.9512585461008043,7.9037173306394095,4.608825157177525,78.03198135900665,,,,,False,frontier_exceeds_one;ai_rent_capture_impossible,False,1e-09
pilot_per_tierA_baseline_pilot_v2,deterministic-engine-v1,baseline-pilot-v2,v0.1.2-pilot-per,PER,PBI,baseline,0.25,stress,r2,2034,0.10046694883308732,0.9994802395125449,8.304376683970219,4.783040400237257,82.03857489231476,,,,,False,frontier_exceeds_one;ai_rent_capture_impossible,False,1e-09
pilot_per_tierA_baseline_pilot_v2,deterministic-engine-v1,baseline-pilot-v2,v0.1.2-pilot-per,PER,PBI,debt_guardrail,0.25,stress,r2,2034,0.10757392025212476,1.0701828693685538,8.891823286374255,5.031757734605502,87.91304091635511,,,,,False,frontier_exceeds_one;ai_rent_capture_impossible,False,1e-09
pilot_per_tierA_baseline_pilot_v2,deterministic-engine-v1,baseline-pilot-v2,v0.1.2-pilot-per,PER,PBI,baseline,0.5,stress,r2,2034,0.12039057751596095,1.1976874449587942,9.951219943528296,5.461573092616876,98.50700748789552,,,,,False,frontier_exceeds_one;ai_rent_capture_impossible,False,1e-09
pilot_per_tierA_baseline_pilot_v2,deterministic-engine-v1,baseline-pilot-v2,v0.1.2-pilot-per,PER,PBI,debt_guardrail,0.5,stress,r2,2034,0.12749754893499837,1.2683900748148027,10.53866654593233,5.690327092955028,104.38147351193587,,,,,False,frontier_exceeds_one;ai_rent_capture_impossible,False,1e-09
pilot_per_tierA_baseline_pilot_v2,deterministic-engine-v1,baseline-pilot-v2,v0.1.2-pilot-per,PER,UBI,baseline,0.0,stress,r2,2034,0.21456522690847207,2.134569695530716,17.735489016291048,8.068762708678127,176.34969821552303,,,,,False,frontier_exceeds_one;ai_rent_capture_impossible,False,1e-09
pilot_per_tierA_baseline_pilot_v2,deterministic-engine-v1,baseline-pilot-v2,v0.1.2-pilot-per,PER,UBI,debt_guardrail,0.0,stress,r2,2034,0.2216721983275095,2.2052723253867246,18.322935618695084,8.235647249156969,182.22416423956338,,,,,False,frontier_exceeds_one;ai_rent_capture_impossible,False,1e-09
pilot_per_tierA_baseline_pilot_v2,deterministic-engine-v1,baseline-pilot-v2,v0.1.2-pilot-per,PER,UBI,baseline,0.05,stress,r2,2034,0.22524418492877255,2.2408076936370067,18.618188162855294,8.318276572405686,185.17668968116547,,,,,False,frontier_exceeds_one;ai_rent_capture_impossible,False,1e-09
pilot_per_tierA_baseline_pilot_v2,deterministic-engine-v1,baseline-pilot-v2,v0.1.2-pilot-per,PER,UBI,debt_guardrail,0.05,stress,r2,2034,0.23235115634780998,2.311510323493015,19.20563476525933,8.480282254280876,191.05115570520584,,,,,False,frontier_exceeds_one;ai_rent_capture_impossible,False,1e-09
pilot_per_tierA_baseline_pilot_v2,deterministic-engine-v1,baseline-pilot-v2,v0.1.2-pilot-per,PER,UBI,baseline,0.1,stress,r2,2034,0.235923142949073,2.347045691743297,19.50088730941954,8.560534654600016,194.00368114680793,,,,,False,frontier_exceeds_one;ai_rent_capture_impossible,False,1e-09
pilot_per_tierA_baseline_pilot_v2,deterministic-engine-v1,baseline-pilot-v2,v0.1.2-pilot-per,PER,UBI,debt_guardrail,0.1,stress,r2,2034,0.24303011436811042,2.417748321599306,20.088333911823575,8.717953131829605,199.8781471708483,,,,,False,frontier_exceeds_one;ai_rent_capture_impossible,False,1e-09
pilot_per_tierA_baseline_pilot_v2,deterministic-engine-v1,baseline-pilot-v2,v0.1.2-pilot-per,PER,UBI,baseline,0.25,stress,r2,2034,0.26796001700997435,2.6657596860621684,22.148984749112273,9.24790396419062,220.48465554373527,,,,,False,frontier_exceeds_one;ai_rent_capture_impossible,False,1e-09
pilot_per_tierA_baseline_pilot_v2,deterministic-engine-v1,baseline-pilot-v2,v0.1.2-pilot-per,PER,UBI,debt_guardrail,0.25,stress,r2,2034,0.2750669884290118,2.736462315918177,22.73643135151631,9.393067220696107,226.35912156777565,,,,,False,frontier_exceeds_one;ai_rent_capture_impossible,False,1e-09
pilot_per_tierA_baseline_pilot_v2,deterministic-engine-v1,baseline-pilot-v2,v0.1.2-pilot-per,PER,UBI,baseline,0.5,stress,r2,2034,0.3213548071114766,3.1969496765936207,26.562480481933502,10.282180399366629,264.61961287194754,,,,,False,frontier_exceeds_one;ai_rent_capture_impossible,False,1e-09
pilot_per_tierA_baseline_pilot_v2,deterministic-engine-v1,baseline-pilot-v2,v0.1.2-pilot-per,PER,UBI,debt_guardrail,0.5,stress,r2,2034,0.32846177853051406,3.2676523064496292,27.149927084337534,10.410837586857747,270.49407889598785,,,,,False,frontier_exceeds_one;ai_rent_capture_impossible,False,1e-09
pilot_per_tierA_baseline_pilot_v2,deterministic-engine-v1,baseline-pilot-v2,v0.1.2-pilot-per,PER,PEN,baseline,0.0,stress,r3,2034,0.006593933931990544,0.07128318696654687,0.5450400538333899,0.4606318711274919,4.575366990789922,0.6355149466091778,1.8601448152060926,,0.6316471166550263,False,use_ceiling;ai_rent_capture_impossible,False,1e-09
pilot_per_tierA_baseline_pilot_v2,deterministic-engine-v1,baseline-pilot-v2,v0.1.2-pilot-per,PER,PEN,debt_guardrail,0.0,stress,r3,2034,0.01370090535102797,0.14811252399877542,1.1324866562374245,0.9271837627177782,10.449833014830267,1.2791975042559527,4.005753340695342,,1.271412135167911,False,adoption_ceiling;use_ceiling;exposure_ceiling_impossible;ai_rent_capture_impossible,False,1e-09
pilot_per_tierA_baseline_pilot_v2,deterministic-engine-v1,baseline-pilot-v2,v0.1.2-pilot-per,PER,PEN,baseline,0.05,stress,r3,2034,0.006872626195092535,0.0742959670310314,0.5680761424036925,0.47948629746455174,4.805727876492948,0.6615276272699158,1.9468537507418857,,0.6575014806218362,False,adoption_ceiling;use_ceiling;ai_rent_capture_impossible,False,1e-09
pilot_per_tierA_baseline_pilot_v2,deterministic-engine-v1,baseline-pilot-v2,v0.1.2-pilot-per,PER,PEN,debt_guardrail,0.05,stress,r3,2034,0.013979597614129962,0.15112530406326,1.1555227448077274,0.9449002604134048,10.680193900533297,1.303640231324089,4.0872290975891294,,1.2957061004920931,False,adoption_ceiling;use_ceiling;exposure_ceiling_impossible;ai_rent_capture_impossible,False,1e-09
pilot_per_tierA_baseline_pilot_v2,deterministic-engine-v1,baseline-pilot-v2,v0.1.2-pilot-per,PER,PEN,baseline,0.1,stress,r3,2034,0.007151318458194525,0.07730874709551594,0.5911122309739952,0.49829319551257384,5.036088762195974,0.6874747350947061,2.0333441101578535,,0.6832906708378497,False,adoption_ceiling;use_ceiling;ai_rent_capture_impossible,False,1e-09
pilot_per_tierA_baseline_pilot_v2,deterministic-engine-v1,baseline-pilot-v2,v0.1.2-pilot-per,PER,PEN,debt_guardrail,0.1,stress,r3,2034,0.01425828987723195,0.15413808412774452,1.17855883337803,0.9625750755347354,10.910554786236322,1.3280254506497517,4.168513162008005,,1.319942908073703,False,adoption_ceiling;use_ceiling;exposure_ceiling_impossible;ai_rent_capture_impossible,False,1e-09
pilot_per_tierA_baseline_pilot_v2,deterministic-engine-v1,baseline-pilot-v2,v0.1.2-pilot-per,PER,PEN,baseline,0.25,stress,r3,2034,0.007987395247500497,0.08634708728896956,0.6602204966849031,0.5544312320056514,5.727171419305053,0.7649260873718606,2.291515284415035,,0.7602706437061421,False,adoption_ceiling;use_ceiling;ai_rent_capture_impossible,False,1e-09
pilot_per_tierA_baseline_pilot_v2,deterministic-engine-v1,baseline-pilot-v2,v0.1.2-pilot-per,PER,PEN,debt_guardrail,0.25,stress,r3,2034,0.015094366666537923,0.16317642432119814,1.2476670990889378,1.0153514826281973,11.6016374433454,,,,,False,frontier_exceeds_one;ai_rent_capture_impossible,False,1e-09
pilot_per_tierA_baseline_pilot_v2,deterministic-engine-v1,baseline-pilot-v2,v0.1.2-pilot-per,PER,PEN,baseline,0.5,stress,r3,2034,0.009380856563010447,0.10141098761139222,0.7754009395364162,0.6470672061279756,6.878975847820184,0.8927321510230226,2.717535496585575,,0.8872988623621991,False,adoption_ceiling;use_ceiling;ai_rent_capture_impossible,False,1e-09
pilot_per_tierA_baseline_pilot_v2,deterministic-engine-v1,baseline-pilot-v2,v0.1.2-pilot-per,PER,PEN,debt_guardrail,0.5,stress,r3,2034,0.016487827982047874,0.1782403246436208,1.3628475419404509,1.1024974800756997,12.753441871860531,,,,,False,frontier_exceeds_one;ai_rent_capture_impossible,False,1e-09
pilot_per_tierA_baseline_pilot_v2,deterministic-engine-v1,baseline-pilot-v2,v0.1.2-pilot-per,PER,GMI,baseline,0.0,stress,r3,2034,0.045445181376125465,0.4912814405140798,3.7563985868196763,2.718191081088168,36.68895232065278,,,,,False,frontier_exceeds_one;ai_rent_capture_impossible,False,1e-09
pilot_per_tierA_baseline_pilot_v2,deterministic-engine-v1,baseline-pilot-v2,v0.1.2-pilot-per,PER,GMI,debt_guardrail,0.0,stress,r3,2034,0.05255215279516289,0.5681107775463083,4.343845189223711,3.0676283793013734,42.56341834469314,,,,,False,frontier_exceeds_one;ai_rent_capture_impossible,False,1e-09
pilot_per_tierA_baseline_pilot_v2,deterministic-engine-v1,baseline-pilot-v2,v0.1.2-pilot-per,PER,GMI,baseline,0.05,stress,r3,2034,0.047535587408599284,0.5138796050673977,3.9291869447596275,2.8226234013991416,38.4168359000523,,,,,False,frontier_exceeds_one;ai_rent_capture_impossible,False,1e-09
pilot_per_tierA_baseline_pilot_v2,deterministic-engine-v1,baseline-pilot-v2,v0.1.2-pilot-per,PER,GMI,debt_guardrail,0.05,stress,r3,2034,0.05464255882763671,0.5907089420996262,4.5166335471636625,3.167477186729967,44.29130192409265,,,,,False,frontier_exceeds_one;ai_rent_capture_impossible,False,1e-09
pilot_per_tierA_baseline_pilot_v2,deterministic-engine-v1,baseline-pilot-v2,v0.1.2-pilot-per,PER,GMI,baseline,0.1,stress,r3,2034,0.049625993441073095,0.5364777696207155,4.101975302699579,2.9256620243431644,40.14471947945181,,,,,False,frontier_exceeds_one;ai_rent_capture_impossible,False,1e-09
pilot_per_tierA_baseline_pilot_v2,deterministic-engine-v1,baseline-pilot-v2,v0.1.2-pilot-per,PER,GMI,debt_guardrail,0.1,stress,r3,2034,0.05673296486011052,0.6133071066529441,4.689421905103613,3.266057421168884,46.01918550349215,,,,,False,frontier_exceeds_one;ai_rent_capture_impossible,False,1e-09
pilot_per_tierA_baseline_pilot_v2,deterministic-engine-v1,baseline-pilot-v2,v0.1.2-pilot-per,PER,GMI,baseline,0.25,stress,r3,2034,0.05589721153849453,0.6042722632806689,4.62034037651943,3.2267946454531446,45.32837021765033,,,,,False,frontier_exceeds_one;ai_rent_capture_impossible,False,1e-09
pilot_per_tierA_baseline_pilot_v2,deterministic-engine-v1,baseline-pilot-v2,v0.1.2-pilot-per,PER,GMI,debt_guardrail,0.25,stress,r3,2034,0.06300418295753196,0.6811016003128975,5.207786978923466,3.5545155980797634,51.20283624169069,,,,,False,frontier_exceeds_one;ai_rent_capture_impossible,False,1e-09
pilot_per_tierA_baseline_pilot_v2,deterministic-engine-v1,baseline-pilot-v2,v0.1.2-pilot-per,PER,GMI,baseline,0.5,stress,r3,2034,0.0663492417008636,0.717263086047258,5.484282166219186,3.70412298379898,53.96778811464789,,,,,False,frontier_exceeds_one;ai_rent_capture_impossible,False,1e-09
pilot_per_tierA_baseline_pilot_v2,deterministic-engine-v1,baseline-pilot-v2,v0.1.2-pilot-per,PER,GMI,debt_guardrail,0.5,stress,r3,2034,0.07345621311990103,0.7940924230794866,6.07172876862322,4.012793230469521,59.842254138688226,,,,,False,frontier_exceeds_one;ai_rent_capture_impossible,False,1e-09
pilot_per_tierA_baseline_pilot_v2,deterministic-engine-v1,baseline-pilot-v2,v0.1.2-pilot-per,PER,MUT,baseline,0.0,stress,r3,2034,0.054351095520221465,0.5875581016983338,4.4925418322022255,3.1536322518281334,44.05038477447828,,,,,False,frontier_exceeds_one;ai_rent_capture_impossible,False,1e-09
pilot_per_tierA_baseline_pilot_v2,deterministic-engine-v1,baseline-pilot-v2,v0.1.2-pilot-per,PER,MUT,debt_guardrail,0.0,stress,r3,2034,0.06145806693925889,0.6643874387305624,5.0799884346062605,3.4843846398866734,49.92485079851863,,,,,False,frontier_exceeds_one;ai_rent_capture_impossible,False,1e-09
pilot_per_tierA_baseline_pilot_v2,deterministic-engine-v1,baseline-pilot-v2,v0.1.2-pilot-per,PER,MUT,baseline,0.05,stress,r3,2034,0.05702083502529658,0.6164191036821369,4.713216618843287,3.2795354347145156,46.25713264088889,,,,,False,frontier_exceeds_one;ai_rent_capture_impossible,False,1e-09
pilot_per_tierA_baseline_pilot_v2,deterministic-engine-v1,baseline-pilot-v2,v0.1.2-pilot-per,PER,MUT,debt_guardrail,0.05,stress,r3,2034,0.06412780644433401,0.6932484407143655,5.300663221247322,3.605089859252987,52.13159866492924,,,,,False,frontier_exceeds_one;ai_rent_capture_impossible,False,1e-09
pilot_per_tierA_baseline_pilot_v2,deterministic-engine-v1,baseline-pilot-v2,v0.1.2-pilot-per,PER,MUT,baseline,0.1,stress,r3,2034,0.059690574530371694,0.64528010566594,4.933891405484348,3.403431443294802,48.46388050729951,,,,,False,frontier_exceeds_one;ai_rent_capture_impossible,False,1e-09
pilot_per_tierA_baseline_pilot_v2,deterministic-engine-v1,baseline-pilot-v2,v0.1.2-pilot-per,PER,MUT,debt_guardrail,0.1,stress,r3,2034,0.06679754594940912,0.7221094426981686,5.521338007888383,3.723957429035021,54.33834653133986,,,,,False,frontier_exceeds_one;ai_rent_capture_impossible,False,1e-09
pilot_per_tierA_baseline_pilot_v2,deterministic-engine-v1,baseline-pilot-v2,v0.1.2-pilot-per,PER,MUT,baseline,0.25,stress,r3,2034,0.06769979304559703,0.7318631116173493,5.595915765407532,3.7637239630015626,55.08412410653134,,,,,False,frontier_exceeds_one;ai_rent_capture_impossible,False,1e-09
pilot_per_tierA_baseline_pilot_v2,deterministic-engine-v1,baseline-pilot-v2,v0.1.2-pilot-per,PER,MUT,debt_guardrail,0.25,stress,r3,2034,0.07480676446463447,0.8086924486495779,6.183362367811568,4.070101446412234,60.9585901305717,,,,,False,frontier_exceeds_one;ai_rent_capture_impossible,False,1e-09
pilot_per_tierA_baseline_pilot_v2,deterministic-engine-v1,baseline-pilot-v2,v0.1.2-pilot-per,PER,MUT,baseline,0.5,stress,r3,2034,0.0810484905709726,0.8761681215363647,6.699289698612839,4.329666079093018,66.11786343858441,,,,,False,frontier_exceeds_one;ai_rent_capture_impossible,False,1e-09
pilot_per_tierA_baseline_pilot_v2,deterministic-engine-v1,baseline-pilot-v2,v0.1.2-pilot-per,PER,MUT,debt_guardrail,0.5,stress,r3,2034,0.08815546199001004,0.9529974585685934,7.286736301016874,4.615174503625334,71.99232946262477,,,,,False,frontier_exceeds_one;ai_rent_capture_impossible,False,1e-09
pilot_per_tierA_baseline_pilot_v2,deterministic-engine-v1,baseline-pilot-v2,v0.1.2-pilot-per,PER,PBI,baseline,0.0,stress,r3,2034,0.08055082015021371,0.870788095892103,6.658153357891295,4.309281132340621,65.70650003136898,,,,,False,frontier_exceeds_one;ai_rent_capture_impossible,False,1e-09
pilot_per_tierA_baseline_pilot_v2,deterministic-engine-v1,baseline-pilot-v2,v0.1.2-pilot-per,PER,PBI,debt_guardrail,0.0,stress,r3,2034,0.08765779156925113,0.9476174329243315,7.245599960295329,4.595513732330003,71.5809660554093,,,,,False,frontier_exceeds_one;ai_rent_capture_impossible,False,1e-09
pilot_per_tierA_baseline_pilot_v2,deterministic-engine-v1,baseline-pilot-v2,v0.1.2-pilot-per,PER,PBI,baseline,0.05,stress,r3,2034,0.08453554588678844,0.9138646496793081,6.98752200980291,4.471040444000381,69.00018655048513,,,,,False,frontier_exceeds_one;ai_rent_capture_impossible,False,1e-09
pilot_per_tierA_baseline_pilot_v2,deterministic-engine-v1,baseline-pilot-v2,v0.1.2-pilot-per,PER,PBI,debt_guardrail,0.05,stress,r3,2034,0.09164251730582587,0.9906939867115369,7.574968612206946,4.751581223099364,74.87465257452548,,,,,False,frontier_exceeds_one;ai_rent_capture_impossible,False,1e-09
pilot_per_tierA_baseline_pilot_v2,deterministic-engine-v1,baseline-pilot-v2,v0.1.2-pilot-per,PER,PBI,baseline,0.1,stress,r3,2034,0.08852027162336316,0.9569412034665132,7.316890661714526,4.629555591094518,72.29387306960128,,,,,False,frontier_exceeds_one;ai_rent_capture_impossible,False,1e-09
pilot_per_tierA_baseline_pilot_v2,deterministic-engine-v1,baseline-pilot-v2,v0.1.2-pilot-per,PER,PBI,debt_guardrail,0.1,stress,r3,2034,0.09562724304240058,1.0337705404987418,7.90433726411856,4.9046383569720895,78.16833909364162,,,,,False,frontier_exceeds_one;ai_rent_capture_impossible,False,1e-09
pilot_per_tierA_baseline_pilot_v2,deterministic-engine-v1,baseline-pilot-v2,v0.1.2-pilot-per,PER,PBI,baseline,0.25,stress,r3,2034,0.10047444883308733,1.0861708648281283,8.30499661744937,5.086938831991291,82.17493262694973,,,,,False,frontier_exceeds_one;ai_rent_capture_impossible,False,1e-09
pilot_per_tierA_baseline_pilot_v2,deterministic-engine-v1,baseline-pilot-v2,v0.1.2-pilot-per,PER,PBI,debt_guardrail,0.25,stress,r3,2034,0.10758142025212475,1.163000201860357,8.892443219853405,5.346912582024116,88.04939865099006,,,,,False,frontier_exceeds_one;ai_rent_capture_impossible,False,1e-09
pilot_per_tierA_baseline_pilot_v2,deterministic-engine-v1,baseline-pilot-v2,v0.1.2-pilot-per,PER,PBI,baseline,0.5,stress,r3,2034,0.12039807751596096,1.3015536337641538,9.951839877007448,5.795422471935704,98.64336522253049,,,,,False,frontier_exceeds_one;ai_rent_capture_impossible,False,1e-09
pilot_per_tierA_baseline_pilot_v2,deterministic-engine-v1,baseline-pilot-v2,v0.1.2-pilot-per,PER,PBI,debt_guardrail,0.5,stress,r3,2034,0.1275050489349984,1.3783829707963824,10.539286479411484,6.0337532943817855,104.51783124657085,,,,,False,frontier_exceeds_one;ai_rent_capture_impossible,False,1e-09
pilot_per_tierA_baseline_pilot_v2,deterministic-engine-v1,baseline-pilot-v2,v0.1.2-pilot-per,PER,UBI,baseline,0.0,stress,r3,2034,0.21456972690847206,2.3195885973883685,17.73586097637854,8.498593906803228,176.48357621624143,,,,,False,frontier_exceeds_one;ai_rent_capture_impossible,False,1e-09
pilot_per_tierA_baseline_pilot_v2,deterministic-engine-v1,baseline-pilot-v2,v0.1.2-pilot-per,PER,UBI,debt_guardrail,0.0,stress,r3,2034,0.2216766983275095,2.396417934420597,18.323307578782572,8.670772447529655,182.35804224028175,,,,,False,frontier_exceeds_one;ai_rent_capture_impossible,False,1e-09
pilot_per_tierA_baseline_pilot_v2,deterministic-engine-v1,baseline-pilot-v2,v0.1.2-pilot-per,PER,UBI,baseline,0.05,stress,r3,2034,0.22524868492877254,2.4350326053235807,18.618560122942785,8.755990262428064,185.31056768188387,,,,,False,frontier_exceeds_one;ai_rent_capture_impossible,False,1e-09
pilot_per_tierA_baseline_pilot_v2,deterministic-engine-v1,baseline-pilot-v2,v0.1.2-pilot-per,PER,UBI,debt_guardrail,0.05,stress,r3,2034,0.23235565634780997,2.5118619423558095,19.20600672534682,8.923009434622562,191.18503370592424,,,,,False,frontier_exceeds_one;ai_rent_capture_impossible,False,1e-09
pilot_per_tierA_baseline_pilot_v2,deterministic-engine-v1,baseline-pilot-v2,v0.1.2-pilot-per,PER,UBI,baseline,0.1,stress,r3,2034,0.23592764294907298,2.5504766132587933,19.501259269507027,9.0057156400052,194.1375591475263,,,,,False,frontier_exceeds_one;ai_rent_capture_impossible,False,1e-09
pilot_per_tierA_baseline_pilot_v2,deterministic-engine-v1,baseline-pilot-v2,v0.1.2-pilot-per,PER,UBI,debt_guardrail,0.1,stress,r3,2034,0.2430346143681104,2.6273059502910217,20.088705871911063,9.16789132311419,200.01202517156665,,,,,False,frontier_exceeds_one;ai_rent_capture_impossible,False,1e-09
pilot_per_tierA_baseline_pilot_v2,deterministic-engine-v1,baseline-pilot-v2,v0.1.2-pilot-per,PER,UBI,baseline,0.25,stress,r3,2034,0.2679645170099743,2.8968086370644297,22.14935670919976,9.713332422760368,220.61853354445364,,,,,False,frontier_exceeds_one;ai_rent_capture_impossible,False,1e-09
pilot_per_tierA_baseline_pilot_v2,deterministic-engine-v1,baseline-pilot-v2,v0.1.2-pilot-per,PER,UBI,debt_guardrail,0.25,stress,r3,2034,0.27507148842901175,2.9736379740966585,22.736803311603797,9.86260333202268,226.49299956849399,,,,,False,frontier_exceeds_one;ai_rent_capture_impossible,False,1e-09
pilot_per_tierA_baseline_pilot_v2,deterministic-engine-v1,baseline-pilot-v2,v0.1.2-pilot-per,PER,UBI,baseline,0.5,stress,r3,2034,0.3213593071114766,3.4740286767404918,26.562852442020986,10.775700104765262,264.7534908726659,,,,,False,frontier_exceeds_one;ai_rent_capture_impossible,False,1e-09
pilot_per_tierA_baseline_pilot_v2,deterministic-engine-v1,baseline-pilot-v2,v0.1.2-pilot-per,PER,UBI,debt_guardrail,0.5,stress,r3,2034,0.328466278530514,3.5508580137727206,27.150299044425022,10.907669799148008,270.6279568967062,,,,,False,frontier_exceeds_one;ai_rent_capture_impossible,False,1e-09
pilot_per_tierA_baseline_pilot_v2,deterministic-engine-v1,baseline-pilot-v2,v0.1.2-pilot-per,PER,PEN,baseline,0.0,stress,r4,2034,0.0065619339319905445,0.055949811733471945,0.5423950043223459,0.3639274395312295,4.331125018672952,0.5020957986265491,1.4154143219306634,,0.4990399756581749,False,use_ceiling;ai_rent_capture_impossible,False,1e-09
pilot_per_tierA_baseline_pilot_v2,deterministic-engine-v1,baseline-pilot-v2,v0.1.2-pilot-per,PER,PEN,debt_guardrail,0.0,stress,r4,2034,0.013668905351027971,0.11654684258009142,1.1298416067263806,0.7390042430924163,10.2055910427133,1.0195739196717843,3.1403413920814476,,1.0133686548457064,False,adoption_ceiling;use_ceiling;exposure_ceiling_impossible;ai_rent_capture_impossible,False,1e-09
pilot_per_tierA_baseline_pilot_v2,deterministic-engine-v1,baseline-pilot-v2,v0.1.2-pilot-per,PER,PEN,baseline,0.05,stress,r4,2034,0.006840626195092535,0.058326059317452356,0.5654310928926485,0.37899635836275486,4.561485904375978,0.5228857694514145,1.4847142246802147,,0.5197034159077882,False,use_ceiling;ai_rent_capture_impossible,False,1e-09
pilot_per_tierA_baseline_pilot_v2,deterministic-engine-v1,baseline-pilot-v2,v0.1.2-pilot-per,PER,PEN,debt_guardrail,0.05,stress,r4,2034,0.013947597614129961,0.11892309016407182,1.1528776952966833,0.7533358740198941,10.435951928416326,1.0393466845387407,3.2062506083046354,,1.0330210799904949,False,adoption_ceiling;use_ceiling;exposure_ceiling_impossible;ai_rent_capture_impossible,False,1e-09
pilot_per_tierA_baseline_pilot_v2,deterministic-engine-v1,baseline-pilot-v2,v0.1.2-pilot-per,PER,PEN,baseline,0.1,stress,r4,2034,0.007119318458194525,0.060702306901432766,0.5884671814629512,0.3940348572368975,4.7918467900790045,0.5436337711055952,1.5538742301941504,,0.5403251424167677,False,use_ceiling;ai_rent_capture_impossible,False,1e-09
pilot_per_tierA_baseline_pilot_v2,deterministic-engine-v1,baseline-pilot-v2,v0.1.2-pilot-per,PER,PEN,debt_guardrail,0.1,stress,r4,2034,0.014226289877231952,0.12129933774805222,1.1759137838669858,0.7676401387107321,10.666312814119351,1.05908169332859,3.2720339709374664,,1.0526359788467698,False,adoption_ceiling;use_ceiling;exposure_ceiling_impossible;ai_rent_capture_impossible,False,1e-09
pilot_per_tierA_baseline_pilot_v2,deterministic-engine-v1,baseline-pilot-v2,v0.1.2-pilot-per,PER,PEN,baseline,0.25,stress,r4,2034,0.007955395247500496,0.06783104965337398,0.6575754471738591,0.43896912345462735,5.482929447188083,0.6056277398931211,1.7605207928192368,,0.6019418075226806,False,use_ceiling;ai_rent_capture_impossible,False,1e-09
pilot_per_tierA_baseline_pilot_v2,deterministic-engine-v1,baseline-pilot-v2,v0.1.2-pilot-per,PER,PEN,debt_guardrail,0.25,stress,r4,2034,0.015062366666537923,0.12842808049999346,1.2450220495778936,0.8103898328396657,11.35739547122843,1.1180616973785877,3.4686339844374587,,1.1112570226123264,False,adoption_ceiling;use_ceiling;exposure_ceiling_impossible;ai_rent_capture_impossible,False,1e-09
pilot_per_tierA_baseline_pilot_v2,deterministic-engine-v1,baseline-pilot-v2,v0.1.2-pilot-per,PER,PEN,baseline,0.5,stress,r4,2034,0.009348856563010446,0.07971228757327602,0.772755890025372,0.5132630779229316,6.634733875703214,0.7081280694209818,2.102188557912106,,0.7038183061770902,False,adoption_ceiling;use_ceiling;ai_rent_capture_impossible,False,1e-09
pilot_per_tierA_baseline_pilot_v2,deterministic-engine-v1,baseline-pilot-v2,v0.1.2-pilot-per,PER,PEN,debt_guardrail,0.5,stress,r4,2034,0.016455827982047873,0.1403093184198955,1.3602024924294067,0.8811021415813305,12.50919989974356,1.2156205768266952,3.7938302492644835,,1.2082221455207294,False,adoption_ceiling;use_ceiling;exposure_ceiling_impossible;ai_rent_capture_impossible,False,1e-09
pilot_per_tierA_baseline_pilot_v2,deterministic-engine-v1,baseline-pilot-v2,v0.1.2-pilot-per,PER,GMI,baseline,0.0,stress,r4,2034,0.04536518137612546,0.3868026383007303,3.749785963042066,2.216040472949565,36.40503460587015,,,,,False,frontier_exceeds_one;ai_rent_capture_impossible,False,1e-09
pilot_per_tierA_baseline_pilot_v2,deterministic-engine-v1,baseline-pilot-v2,v0.1.2-pilot-per,PER,GMI,debt_guardrail,0.0,stress,r4,2034,0.05247215279516289,0.44739966914734974,4.337232565446101,2.511267362803132,42.2795006299105,,,,,False,frontier_exceeds_one;ai_rent_capture_impossible,False,1e-09
pilot_per_tierA_baseline_pilot_v2,deterministic-engine-v1,baseline-pilot-v2,v0.1.2-pilot-per,PER,GMI,baseline,0.05,stress,r4,2034,0.04745558740859928,0.4046263203395321,3.9225743209820174,2.3040630922601224,38.132918185269666,,,,,False,frontier_exceeds_one;ai_rent_capture_impossible,False,1e-09
pilot_per_tierA_baseline_pilot_v2,deterministic-engine-v1,baseline-pilot-v2,v0.1.2-pilot-per,PER,GMI,debt_guardrail,0.05,stress,r4,2034,0.054562558827636706,0.4652233511861516,4.510020923386052,2.595986582744886,44.00738420931001,,,,,False,frontier_exceeds_one;ai_rent_capture_impossible,False,1e-09
pilot_per_tierA_baseline_pilot_v2,deterministic-engine-v1,baseline-pilot-v2,v0.1.2-pilot-per,PER,GMI,baseline,0.1,stress,r4,2034,0.04954599344107309,0.4224500023783339,4.095362678921968,2.391086142775538,39.86080176466917,,,,,False,frontier_exceeds_one;ai_rent_capture_impossible,False,1e-09
pilot_per_tierA_baseline_pilot_v2,deterministic-engine-v1,baseline-pilot-v2,v0.1.2-pilot-per,PER,GMI,debt_guardrail,0.1,stress,r4,2034,0.05665296486011052,0.48304703322495335,4.682809281326002,2.6797833197687644,45.735267788709514,,,,,False,frontier_exceeds_one;ai_rent_capture_impossible,False,1e-09
pilot_per_tierA_baseline_pilot_v2,deterministic-engine-v1,baseline-pilot-v2,v0.1.2-pilot-per,PER,GMI,baseline,0.25,stress,r4,2034,0.055817211538494525,0.4759210484947392,4.61372775274182,2.6463903464953074,45.04445250286769,,,,,False,frontier_exceeds_one;ai_rent_capture_impossible,False,1e-09
pilot_per_tierA_baseline_pilot_v2,deterministic-engine-v1,baseline-pilot-v2,v0.1.2-pilot-per,PER,GMI,debt_guardrail,0.25,stress,r4,2034,0.06292418295753195,0.5365180793413586,5.201174355145855,2.9258445986872963,50.918918526908044,,,,,False,frontier_exceeds_one;ai_rent_capture_impossible,False,1e-09
pilot_per_tierA_baseline_pilot_v2,deterministic-engine-v1,baseline-pilot-v2,v0.1.2-pilot-per,PER,GMI,baseline,0.5,stress,r4,2034,0.06626924170086361,0.5650394586887484,5.477669542441577,3.0539580913005397,53.68387039986526,,,,,False,frontier_exceeds_one;ai_rent_capture_impossible,False,1e-09
pilot_per_tierA_baseline_pilot_v2,deterministic-engine-v1,baseline-pilot-v2,v0.1.2-pilot-per,PER,GMI,debt_guardrail,0.5,stress,r4,2034,0.07337621311990103,0.6256364895353678,6.065116144845611,3.3193192192097665,59.5583364239056,,,,,False,frontier_exceeds_one;ai_rent_capture_impossible,False,1e-09
pilot_per_tierA_baseline_pilot_v2,deterministic-engine-v1,baseline-pilot-v2,v0.1.2-pilot-per,PER,MUT,baseline,0.0,stress,r4,2034,0.054331095520221466,0.46324979756502255,4.490888676257823,2.5866517271902536,43.81606173802773,,,,,False,frontier_exceeds_one;ai_rent_capture_impossible,False,1e-09
pilot_per_tierA_baseline_pilot_v2,deterministic-engine-v1,baseline-pilot-v2,v0.1.2-pilot-per,PER,MUT,debt_guardrail,0.0,stress,r4,2034,0.06143806693925889,0.523846828411642,5.078335278661858,2.8682394292671463,49.69052776206807,,,,,False,frontier_exceeds_one;ai_rent_capture_impossible,False,1e-09
pilot_per_tierA_baseline_pilot_v2,deterministic-engine-v1,baseline-pilot-v2,v0.1.2-pilot-per,PER,MUT,baseline,0.05,stress,r4,2034,0.057000835025296584,0.48601312073079755,4.7115634628988845,2.69364011257123,46.022809604438336,,,,,False,frontier_exceeds_one;ai_rent_capture_impossible,False,1e-09
pilot_per_tierA_baseline_pilot_v2,deterministic-engine-v1,baseline-pilot-v2,v0.1.2-pilot-per,PER,MUT,debt_guardrail,0.05,stress,r4,2034,0.064107806444334,0.546610151577417,5.299010065302919,2.9714194210440903,51.89727562847868,,,,,False,frontier_exceeds_one;ai_rent_capture_impossible,False,1e-09
pilot_per_tierA_baseline_pilot_v2,deterministic-engine-v1,baseline-pilot-v2,v0.1.2-pilot-per,PER,MUT,baseline,0.1,stress,r4,2034,0.059670574530371695,0.5087764438965725,4.932238249539946,2.7991635359770854,48.22955747084895,,,,,False,frontier_exceeds_one;ai_rent_capture_impossible,False,1e-09
pilot_per_tierA_baseline_pilot_v2,deterministic-engine-v1,baseline-pilot-v2,v0.1.2-pilot-per,PER,MUT,debt_guardrail,0.1,stress,r4,2034,0.06677754594940913,0.569373474743192,5.519684851943981,3.0732415929720625,54.104023494889304,,,,,False,frontier_exceeds_one;ai_rent_capture_impossible,False,1e-09
pilot_per_tierA_baseline_pilot_v2,deterministic-engine-v1,baseline-pilot-v2,v0.1.2-pilot-per,PER,MUT,baseline,0.25,stress,r4,2034,0.06767979304559703,0.5770664133938973,5.594262609463129,3.107352341589303,54.84980107008079,,,,,False,frontier_exceeds_one;ai_rent_capture_impossible,False,1e-09
pilot_per_tierA_baseline_pilot_v2,deterministic-engine-v1,baseline-pilot-v2,v0.1.2-pilot-per,PER,MUT,debt_guardrail,0.25,stress,r4,2034,0.07478676446463445,0.6376634442405168,6.1817092118671635,3.3709254096510706,60.72426709412113,,,,,False,frontier_exceeds_one;ai_rent_capture_impossible,False,1e-09
pilot_per_tierA_baseline_pilot_v2,deterministic-engine-v1,baseline-pilot-v2,v0.1.2-pilot-per,PER,MUT,baseline,0.5,stress,r4,2034,0.0810284905709726,0.6908830292227722,6.697636542668436,3.595266953075313,65.88354040213385,,,,,False,frontier_exceeds_one;ai_rent_capture_impossible,False,1e-09
pilot_per_tierA_baseline_pilot_v2,deterministic-engine-v1,baseline-pilot-v2,v0.1.2-pilot-per,PER,MUT,debt_guardrail,0.5,stress,r4,2034,0.08813546199001002,0.7514800600693916,7.28508314507247,3.8430972704258837,71.75800642617419,,,,,False,frontier_exceeds_one;ai_rent_capture_impossible,False,1e-09
pilot_per_tierA_baseline_pilot_v2,deterministic-engine-v1,baseline-pilot-v2,v0.1.2-pilot-per,PER,PBI,baseline,0.0,stress,r4,2034,0.0805308201502137,0.6866396816616164,6.6565002019468915,3.5776144584733114,65.47217699491841,,,,,False,frontier_exceeds_one;ai_rent_capture_impossible,False,1e-09
pilot_per_tierA_baseline_pilot_v2,deterministic-engine-v1,baseline-pilot-v2,v0.1.2-pilot-per,PER,PBI,debt_guardrail,0.0,stress,r4,2034,0.08763779156925114,0.7472367125082359,7.2439468043509265,3.8259960692522124,71.34664301895876,,,,,False,frontier_exceeds_one;ai_rent_capture_impossible,False,1e-09
pilot_per_tierA_baseline_pilot_v2,deterministic-engine-v1,baseline-pilot-v2,v0.1.2-pilot-per,PER,PBI,baseline,0.05,stress,r4,2034,0.08451554588678843,0.7206151311375678,6.985868853858507,3.7178470962298817,68.76586351403456,,,,,False,frontier_exceeds_one;ai_rent_capture_impossible,False,1e-09
pilot_per_tierA_baseline_pilot_v2,deterministic-engine-v1,baseline-pilot-v2,v0.1.2-pilot-per,PER,PBI,debt_guardrail,0.05,stress,r4,2034,0.09162251730582585,0.7812121619841872,7.5733154562625415,3.961885906423253,74.64032953807491,,,,,False,frontier_exceeds_one;ai_rent_capture_impossible,False,1e-09
pilot_per_tierA_baseline_pilot_v2,deterministic-engine-v1,baseline-pilot-v2,v0.1.2-pilot-per,PER,PBI,baseline,0.1,stress,r4,2034,0.08850027162336316,0.7545905806135192,7.315237505770122,3.8556093734788734,72.05955003315071,,,,,False,frontier_exceeds_one;ai_rent_capture_impossible,False,1e-09
pilot_per_tierA_baseline_pilot_v2,deterministic-engine-v1,baseline-pilot-v2,v0.1.2-pilot-per,PER,PBI,debt_guardrail,0.1,stress,r4,2034,0.09560724304240059,0.8151876114601389,7.9026841081741575,4.095462643122021,77.93401605719107,,,,,False,frontier_exceeds_one;ai_rent_capture_impossible,False,1e-09
pilot_per_tierA_baseline_pilot_v2,deterministic-engine-v1,baseline-pilot-v2,v0.1.2-pilot-per,PER,PBI,baseline,0.25,stress,r4,2034,0.10045444883308732,0.8565169290413736,8.303343461504967,4.254950896039176,81.94060959049916,,,,,False,frontier_exceeds_one;ai_rent_capture_impossible,False,1e-09
pilot_per_tierA_baseline_pilot_v2,deterministic-engine-v1,baseline-pilot-v2,v0.1.2-pilot-per,PER,PBI,debt_guardrail,0.25,stress,r4,2034,0.10756142025212476,0.917113959887993,8.890790063909003,4.483108803722402,87.81507561453952,,,,,False,frontier_exceeds_one;ai_rent_capture_impossible,False,1e-09
pilot_per_tierA_baseline_pilot_v2,deterministic-engine-v1,baseline-pilot-v2,v0.1.2-pilot-per,PER,PBI,baseline,0.5,stress,r4,2034,0.12037807751596095,1.0263941764211308,9.950186721063044,4.8786374078056625,98.40904218607993,,,,,False,frontier_exceeds_one;ai_rent_capture_impossible,False,1e-09
pilot_per_tierA_baseline_pilot_v2,deterministic-engine-v1,baseline-pilot-v2,v0.1.2-pilot-per,PER,PBI,debt_guardrail,0.5,stress,r4,2034,0.12748504893499837,1.0869912072677503,10.537633323467078,5.0897598911611714,104.28350821012027,,,,,False,frontier_exceeds_one;ai_rent_capture_impossible,False,1e-09
pilot_per_tierA_baseline_pilot_v2,deterministic-engine-v1,baseline-pilot-v2,v0.1.2-pilot-per,PER,UBI,baseline,0.0,stress,r4,2034,0.21455772690847208,1.8294095233063676,17.734869082811898,7.30720031733512,176.25586580356844,,,,,False,frontier_exceeds_one;ai_rent_capture_impossible,False,1e-09
pilot_per_tierA_baseline_pilot_v2,deterministic-engine-v1,baseline-pilot-v2,v0.1.2-pilot-per,PER,UBI,debt_guardrail,0.0,stress,r4,2034,0.2216646983275095,1.8900065541529874,18.322315685215933,7.464122541139244,182.1303318276088,,,,,False,frontier_exceeds_one;ai_rent_capture_impossible,False,1e-09
pilot_per_tierA_baseline_pilot_v2,deterministic-engine-v1,baseline-pilot-v2,v0.1.2-pilot-per,PER,UBI,baseline,0.05,stress,r4,2034,0.22523668492877255,1.9204628159694677,18.617568229376143,7.541877060371628,185.0828572692109,,,,,False,frontier_exceeds_one;ai_rent_capture_impossible,False,1e-09
pilot_per_tierA_baseline_pilot_v2,deterministic-engine-v1,baseline-pilot-v2,v0.1.2-pilot-per,PER,UBI,debt_guardrail,0.05,stress,r4,2034,0.23234365634780998,1.9810598468160872,19.20501483178018,7.694434173231255,190.95732329325125,,,,,False,frontier_exceeds_one;ai_rent_capture_impossible,False,1e-09
pilot_per_tierA_baseline_pilot_v2,deterministic-engine-v1,baseline-pilot-v2,v0.1.2-pilot-per,PER,UBI,baseline,0.1,stress,r4,2034,0.235915642949073,2.0115161086325677,19.50026737594039,7.770058816447833,193.90984873485337,,,,,False,frontier_exceeds_one;ai_rent_capture_impossible,False,1e-09
pilot_per_tierA_baseline_pilot_v2,deterministic-engine-v1,baseline-pilot-v2,v0.1.2-pilot-per,PER,UBI,debt_guardrail,0.1,stress,r4,2034,0.24302261436811043,2.072113139479187,20.087713978344425,7.918499483577782,199.78431475889371,,,,,False,frontier_exceeds_one;ai_rent_capture_impossible,False,1e-09
pilot_per_tierA_baseline_pilot_v2,deterministic-engine-v1,baseline-pilot-v2,v0.1.2-pilot-per,PER,UBI,baseline,0.25,stress,r4,2034,0.2679525170099743,2.2846759866218664,22.14836481563312,8.419164831774683,220.39082313178065,,,,,False,frontier_exceeds_one;ai_rent_capture_impossible,False,1e-09
pilot_per_tierA_baseline_pilot_v2,deterministic-engine-v1,baseline-pilot-v2,v0.1.2-pilot-per,PER,UBI,debt_guardrail,0.25,stress,r4,2034,0.27505948842901173,2.3452730174684864,22.735811418037155,8.556549494859885,226.26528915582102,,,,,False,frontier_exceeds_one;ai_rent_capture_impossible,False,1e-09
pilot_per_tierA_baseline_pilot_v2,deterministic-engine-v1,baseline-pilot-v2,v0.1.2-pilot-per,PER,UBI,baseline,0.5,stress,r4,2034,0.3213473071114766,2.739942449937366,26.561860548454344,9.400148442658006,264.5257804599929,,,,,False,frontier_exceeds_one;ai_rent_capture_impossible,False,1e-09
pilot_per_tierA_baseline_pilot_v2,deterministic-engine-v1,baseline-pilot-v2,v0.1.2-pilot-per,PER,UBI,debt_guardrail,0.5,stress,r4,2034,0.328454278530514,2.8005394807839856,27.14930715085838,9.522507432367565,270.4002464840333,,,,,False,frontier_exceeds_one;ai_rent_capture_impossible,False,1e-09
